"Common Name","Botanical Name","State","County","Site","Site Latitude","Site Longitude","Location comments","Tree name","Tree id","Measurement number","Latitude","Longitude","Elevation","Ownership type","Height (ft)","Height measurement method","Girth (ft)","Girth (in)","Crown spread (ft)","Tree comments","Measurer(s)","Measured","Trip report url","Photos available"
"Sugar Maple","Acer saccharum","Delaware","New Castle","Brandywine Creek State Park","","","","","142915","1","","","","State","97.6'","Clinometer/laser rangefinder/sine","5.3'","64''","","","George Fieo","2011-01-09","","N"
"Sugar Maple","Acer saccharum","Georgia","Murray","Cohutta Wilderness","","","","","234938","1","","","","Public - federal","106.0'","Clinometer/laser rangefinder/sine","10.2'","122''","","Height is Not Less Then(NLT)","Jess Riddle","2005-06-09","http%3A%2F%2Fwww.nativetreesociety.org%2Ffieldtrips%2Fgeorgia%2Fcohutta_wilderness_area_ga.htm","N"
"Sugar Maple","Acer saccharum","Georgia","Murray","Cohutta Wilderness","","","","","234393","1","","","","Public - federal","108.3'","Clinometer/laser rangefinder/sine","9.4'","113''","","Height is Not Less Then(NLT)","Jess Riddle","2005-03-05","http%3A%2F%2Fwww.nativetreesociety.org%2Ffieldtrips%2Fgeorgia%2Fcohutta_wilderness_area_ga.htm","N"
"Sugar Maple","Acer saccharum","Georgia","Murray","Cohutta Wilderness","","","","","234394","1","","","","Public - federal","108.7'","Clinometer/laser rangefinder/sine","6.7'","80''","","","Jess Riddle","2005-03-05","http%3A%2F%2Fwww.nativetreesociety.org%2Ffieldtrips%2Fgeorgia%2Fcohutta_wilderness_area_ga.htm","N"
"Sugar Maple","Acer saccharum","Georgia","Murray","Cohutta Wilderness","","","","","234939","1","","","","Public - federal","110.9'","Clinometer/laser rangefinder/sine","8.8'","106''","","Height is Not Less Then(NLT)","Jess Riddle","2005-06-09","http%3A%2F%2Fwww.nativetreesociety.org%2Ffieldtrips%2Fgeorgia%2Fcohutta_wilderness_area_ga.htm","N"
"Sugar Maple","Acer saccharum","Georgia","Murray","Cohutta Wilderness","","","","","234940","1","","","","Public - federal","114.3'","Clinometer/laser rangefinder/sine","5.8'","70''","","","Jess Riddle","2005-06-09","http%3A%2F%2Fwww.nativetreesociety.org%2Ffieldtrips%2Fgeorgia%2Fcohutta_wilderness_area_ga.htm","N"
"Sugar Maple","Acer saccharum","Georgia","Murray","Cohutta Wilderness","","","","","234941","1","","","","Public - federal","116.5'","Clinometer/laser rangefinder/sine","5.8'","70''","","","Jess Riddle","2005-06-09","http%3A%2F%2Fwww.nativetreesociety.org%2Ffieldtrips%2Fgeorgia%2Fcohutta_wilderness_area_ga.htm","N"
"Sugar Maple","Acer saccharum","Georgia","Murray","Cohutta Wilderness","","","","","234395","1","","","","Public - federal","119.3'","Clinometer/laser rangefinder/sine","8.8'","105''","","","Jess Riddle","2005-03-05","http%3A%2F%2Fwww.nativetreesociety.org%2Ffieldtrips%2Fgeorgia%2Fcohutta_wilderness_area_ga.htm","N"
"Sugar Maple","Acer saccharum","Georgia","Murray","Cohutta Wilderness","","","","","235281","1","","","","Public - federal","121.2'","Clinometer/laser rangefinder/sine","9.3'","112''","","","Jess Riddle","2009-08-12","http%3A%2F%2Fwww.nativetreesociety.org%2Ffieldtrips%2Fgeorgia%2Fcohutta_wilderness_area_ga.htm","N"
"Sugar Maple","Acer saccharum","Georgia","Murray","North Prong Sumac Creek","","","","","234743","1","","","","Public - federal","103.4'","Clinometer/laser rangefinder/sine","5.8'","70''","","","Jess Riddle","2003-11-27","http%3A%2F%2Fwww.nativetreesociety.org%2Ffieldtrips%2Fgeorgia%2Fnorth_prong_sumac_creek.htm","N"
"Sugar Maple","Acer saccharum","Georgia","Murray","North Prong Sumac Creek","","","","","234742","1","","","","Public - federal","113.4'","Clinometer/laser rangefinder/sine","6.8'","82''","","","Jess Riddle","2003-11-27","http%3A%2F%2Fwww.nativetreesociety.org%2Ffieldtrips%2Fgeorgia%2Fnorth_prong_sumac_creek.htm","N"
"Sugar Maple","Acer saccharum","Georgia","Putnam","Rock Creek","","","","","234458","1","","","","Public - federal","108.6'","Clinometer/laser rangefinder/sine","5.1'","61''","","","Jess Riddle","2005-12-12","http%3A%2F%2Fwww.nativetreesociety.org%2Ffieldtrips%2Fgeorgia%2Frock_creek%2Frock_creek_ga.htm","N"
"Sugar Maple","Acer saccharum","Georgia","Putnam","Rock Creek","","","","","234459","1","","","","Public - federal","110.1'","Clinometer/laser rangefinder/sine","6.3'","76''","","","Jess Riddle","2005-12-12","http%3A%2F%2Fwww.nativetreesociety.org%2Ffieldtrips%2Fgeorgia%2Frock_creek%2Frock_creek_ga.htm","N"
"Sugar Maple","Acer saccharum","Georgia","Putnam","Rock Creek","","","","","234460","1","","","","Public - federal","122.8'","Clinometer/laser rangefinder/sine","9.9'","119''","","","Jess Riddle","2005-12-12","http%3A%2F%2Fwww.nativetreesociety.org%2Ffieldtrips%2Fgeorgia%2Frock_creek%2Frock_creek_ga.htm","N"
"Sugar Maple","Acer saccharum","Iowa","Clayton","Merritt Forest State Preserve","","","20 Acres","","233670","1","","","","Public - state","94.5'","Clinometer/laser rangefinder/sine","11.8'","141''","71.0'","","Mark Rouw","2012-01-08","http%3A%2F%2Fwww.ents-bbs.org%2Fviewtopic.php%3Ff%3D80%26t%3D3697%26sid%3Dcf2621e212ab00aef5417c991313897f%23p15194","N"
"Sugar Maple","Acer saccharum","Iowa","Clayton","Merritt Forest State Preserve","","","20 Acres","","233671","1","","","","Public - state","103.6'","Clinometer/laser rangefinder/sine","10.4'","125''","55.0'","","Mark Rouw","2012-01-08","http%3A%2F%2Fwww.ents-bbs.org%2Fviewtopic.php%3Ff%3D80%26t%3D3697%26sid%3Dcf2621e212ab00aef5417c991313897f%23p15194","N"
"Sugar Maple","Acer saccharum","Indiana","Lawrence","Donaldson Woods Nature Preserve","","","145 acres","","169932","1","","","","Public - state","99.4'","Clinometer/laser rangefinder/sine","5.3'","64''","","","Randy Brown","2008-04-23","http%3A%2F%2Fwww.ents-bbs.org%2Fviewtopic.php%3Ff%3D79%26t%3D6186%23p28117","N"
"Sugar Maple","Acer saccharum","Indiana","Monroe","Dunn's Woods","","","Originally a 20 acre tract reduced to 10 acres by campus buildings.","","169755","1","","","","Public-state","106.3'","Clinometer/laser rangefinder/sine","7.3'","88''","","","John Eichholz","2010-06-10","http%3A%2F%2Fwww.ents-bbs.org%2Fviewtopic.php%3Ff%3D79%26t%3D917%23p3154","N"
"Sugar Maple","Acer saccharum","Indiana","Orange","Pioneer Mother's Memorial Forest","","","Near Paoli, Indiana
88 Acres","","169849","1","","","","Public - federal","109.1'","Clinometer/laser rangefinder/sine","6.0'","72''","","","Randy Brown","2008-06-01","http%3A%2F%2Fwww.ents-bbs.org%2Fviewtopic.php%3Ff%3D79%26t%3D6897","N"
"Sugar Maple","Acer saccharum","Indiana","Orange","Pioneer Mother's Memorial Forest","","","Near Paoli, Indiana
88 Acres","","169625","1","","","","Public - federal","110.0'","Clinometer/laser rangefinder/sine","7.0'","84''","","","Don Bragg","2005-06-30","http%3A%2F%2Fwww.ents-bbs.org%2Fviewtopic.php%3Ff%3D79%26t%3D6897","N"
"Sugar Maple","Acer saccharum","Indiana","Orange","Pioneer Mother's Memorial Forest","","","Near Paoli, Indiana
88 Acres","","169867","1","","","","Public - federal","115.9'","Clinometer/laser rangefinder/sine","5.4'","65''","","2nd cove","Randy Brown","2008-06-01","http%3A%2F%2Fwww.ents-bbs.org%2Fviewtopic.php%3Ff%3D79%26t%3D6897","N"
"Sugar Maple","Acer saccharum","Kentucky","Franklin","Old State Capital Square","","","","","112332","1","","","","Public - state","68.8'","Clinometer/laser rangefinder/sine","8.0'","96''","","","Turner Sharp","2015-12-02","","N"
"Sugar Maple","Acer saccharum","Kentucky","Mccreary","Along The Cumberland River","","","","","76412","1","","","","Public - National Forest","","","10.6'","127''","","","Jim Scheef","2011-09-28","http%3A%2F%2Fwww.ents-bbs.org%2Fviewtopic.php%3Ff%3D82%26t%3D3049%23p12183","N"
"Sugar Maple","Acer saccharum","Massachusetts","Berkshire","Chickley River Valley","","","Trees were measured on the public lands of Savoy Mountain State Park, Kenneth M. Dubuque State Park and some private land.","","250151","1","","","","Public-Private","112.7'","Clinometer/laser rangefinder/sine","5.6'","67''","","","John Knuerr","2011-11-12","http%3A%2F%2Fwww.ents-bbs.org%2Fviewtopic.php%3Ff%3D86%26t%3D3262%26sid%3Df4a6e4470aee0238cfd4fb23a06e6032%23p13071","N"
"Sugar Maple","Acer saccharum","Massachusetts","Berkshire","Stafford Hill Wildlife Management Area","","","","","250158","1","","","","Public - state","","Clinometer/laser rangefinder/sine","14.1'","170''","","","Brian Hawth","2011-12-27","http%3A%2F%2Fwww.ents-bbs.org%2Fviewtopic.php%3Ff%3D86%26t%3D3456%26sid%3D1aab79c2b470771418baab32817731c3","N"
"Sugar Maple","Acer saccharum","Massachusetts","Hampshire","Herman Covey Wildlife Management Area","","","1474 acres","","250229","1","","","","Public - state","60.0'","Clinometer/laser rangefinder/sine","12.6'","151''","","","Sam Goodwin","2014-10-31","http%3A%2F%2Fwww.ents-bbs.org%2Fviewtopic.php%3Ff%3D86%26t%3D6702%26sid%3Dda554d1b3f9b89985fc2d3a27bfc32d5","N"
"Sugar Maple","Acer saccharum","Massachusetts","Hampshire","Herman Covey Wildlife Management Area","","","1474 acres","","250230","1","","","","Public - state","60.0'","Clinometer/laser rangefinder/sine","12.0'","144''","","","Sam Goodwin","2014-10-31","http%3A%2F%2Fwww.ents-bbs.org%2Fviewtopic.php%3Ff%3D86%26t%3D6702%26sid%3Dda554d1b3f9b89985fc2d3a27bfc32d5","N"
"Sugar Maple","Acer saccharum","Massachusetts","Hampshire","Herman Covey Wildlife Management Area","","","1474 acres","","250228","1","","","","Public - state","65.0'","Clinometer/laser rangefinder/sine","","","","Multi-stem tree","Sam Goodwin","2014-10-31","http%3A%2F%2Fwww.ents-bbs.org%2Fviewtopic.php%3Ff%3D86%26t%3D6702%26sid%3Dda554d1b3f9b89985fc2d3a27bfc32d5","N"
"Sugar Maple","Acer saccharum","Massachusetts","Worcester","Norhwoods Core Conservation Area-Bolton","","","","","250483","1","","","","Public - city","7.5'","Clinometer/laser rangefinder/sine","4.9'","59''","","","Jared Lockwood","2016-05-16","http%3A%2F%2Fwww.ents-bbs.org%2Fviewtopic.php%3Ff%3D86%26t%3D7692%26sid%3De52ef5bd464b38a87863ea9c1bde70dd","N"
"Sugar Maple","Acer saccharum","Massachusetts","Worcester","Norhwoods Core Conservation Area-Bolton","","","","","250482","1","","","","Public - city","90.6'","Clinometer/laser rangefinder/sine","8.5'","102''","","","Jared Lockwood","2016-05-16","http%3A%2F%2Fwww.ents-bbs.org%2Fviewtopic.php%3Ff%3D86%26t%3D7692%26sid%3De52ef5bd464b38a87863ea9c1bde70dd","N"
"Sugar Maple","Acer saccharum","Massachusetts","Worcester","Norhwoods Core Conservation Area-Bolton","","","","","250481","1","","","","Public - city","93.1'","Clinometer/laser rangefinder/sine","8.5'","102''","","","Jared Lockwood","2016-05-16","http%3A%2F%2Fwww.ents-bbs.org%2Fviewtopic.php%3Ff%3D86%26t%3D7692%26sid%3De52ef5bd464b38a87863ea9c1bde70dd","N"
"Sugar Maple","Acer saccharum","Massachusetts","Worcester","Norhwoods Core Conservation Area-Bolton","","","","","250480","1","","","","Public - city","94.4'","Clinometer/laser rangefinder/sine","8.5'","102''","","","Jared Lockwood","2016-05-16","http%3A%2F%2Fwww.ents-bbs.org%2Fviewtopic.php%3Ff%3D86%26t%3D7692%26sid%3De52ef5bd464b38a87863ea9c1bde70dd","N"
"Sugar Maple","Acer saccharum","Massachusetts","Worcester","Norhwoods Core Conservation Area-Bolton","","","","","250479","1","","","","Public - city","94.8'","Clinometer/laser rangefinder/sine","6.5'","78''","","","Jared Lockwood","2016-05-16","http%3A%2F%2Fwww.ents-bbs.org%2Fviewtopic.php%3Ff%3D86%26t%3D7692%26sid%3De52ef5bd464b38a87863ea9c1bde70dd","N"
"Sugar Maple","Acer saccharum","Maryland","Cecil","Conowingo-Funks Pond Recreational Area","","","","","232026","1","","","","Public - state","88.1'","Clinometer/laser rangefinder/sine","14.5'","174''","","Planted","George Fieo","2013-11-12","http%3A%2F%2Fwww.ents-bbs.org%2Fviewtopic.php%3Ff%3D85%26t%3D8744%26sid%3D97ab2f9c9694ae17b9e495f826350141%23p44617","N"
"Sugar Maple","Acer saccharum","Michigan","Cass","Fred Russ Forest Experimental Station","","","","","239976","1","","","","Public - state","98.0'","Clinometer/laser rangefinder/sine","9.2'","110''","","","Don Bragg","2006-12-28","http%3A%2F%2Fwww.nativetreesociety.org%2Ffieldtrips%2Fmichigan%2Fruss_forest.htm","N"
"Sugar Maple","Acer saccharum","Michigan","Gogebic","Clark Lake","","","","","239990","1","","","","Public - federal","","Clinometer/laser rangefinder/sine","6.8'","82''","","Birdseye
Trail back to car.","Don Bragg","2005-09-13","http%3A%2F%2Fwww.nativetreesociety.org%2Ffieldtrips%2Fmichigan%2Fkatherine%2Fkatherine_lake.htm","N"
"Sugar Maple","Acer saccharum","Michigan","Gogebic","Clark Lake","","","","","239977","1","","","","Public - federal","77.0'","Clinometer/laser rangefinder/sine","8.7'","104''","","At Canoe Landing on Katherine Lake.","Don Bragg","2005-09-13","http%3A%2F%2Fwww.nativetreesociety.org%2Ffieldtrips%2Fmichigan%2Fkatherine%2Fkatherine_lake.htm","N"
"Sugar Maple","Acer saccharum","Michigan","Kent","Blandford Nature Center","42 59.780","-085 44.351","","","104000","1","42 59.780","-085 44.351","","Private","89.9'","Clinometer/laser rangefinder/sine","9.3'","111''","","","Greg Schmidt, Bradley Schmidt","2015-11-01","http%3A%2F%2Fwww.ents-bbs.org%2Fviewtopic.php%3Ff%3D90%26t%3D7312","N"
"Sugar Maple","Acer saccharum","Michigan","Kent","Blandford Nature Center","","","","","104003","1","","","","Private","96.5'","Clinometer/laser rangefinder/sine","8.1'","98''","","","Greg Schmidt, Bradley Schmidt","2015-11-01","http%3A%2F%2Fwww.ents-bbs.org%2Fviewtopic.php%3Ff%3D90%26t%3D7312","N"
"Sugar Maple","Acer saccharum","Michigan","Kent","Blandford Nature Center","42 59.723","-085 44.268","","","104007","1","42 59.723","-085 44.268","","Private","106.3'","Clinometer/laser rangefinder/sine","10.8'","129''","","","Greg Schmidt, Bradley Schmidt","2015-11-01","http%3A%2F%2Fwww.ents-bbs.org%2Fviewtopic.php%3Ff%3D90%26t%3D7312","N"
"Sugar Maple","Acer saccharum","Minnesota","Cass","Stony Poinrt Campground","","","","","239737","1","","","","Public - federal","","","9.8'","117''","","","Jimmy Mcdonald","2010-09-29","http%3A%2F%2Fwww.ents-bbs.org%2Fviewtopic.php%3Ff%3D94%26t%3D1432%26sid%3Da8fd6a57f56df50ff5965e8cdf9bbcc8","N"
"Sugar Maple","Acer saccharum","Minnesota","Hennepin","Clifton E. French Regional Park","","","30 Acres","","239921","1","","","","Public - regional park","83.0'","Clinometer/laser rangefinder/sine","","","","","Tre Clim","2014-01-17","http%3A%2F%2Fwww.ents-bbs.org%2Fviewtopic.php%3Ff%3D94%26t%3D6302%26sid%3Da8fd6a57f56df50ff5965e8cdf9bbcc8%23p28584","N"
"Sugar Maple","Acer saccharum","Minnesota","Hennepin","Clifton E. French Regional Park","","","30 Acres","","239920","1","","","","Public - regional park","99.0'","Clinometer/laser rangefinder/sine","6.4'","77''","","","Tre Clim","2014-01-17","http%3A%2F%2Fwww.ents-bbs.org%2Fviewtopic.php%3Ff%3D94%26t%3D6302%26sid%3Da8fd6a57f56df50ff5965e8cdf9bbcc8%23p28584","N"
"Sugar Maple","Acer saccharum","Minnesota","Hennepin","Elm Creek Park Reserve","45 09.243","-093 27.018","","","112162","1","45 09.243","-093 27.018","","Park District - Public","91.0'","Clinometer/laser rangefinder/sine","10.3'","124''","57.0'","","Riley Smith, Joseph Ewing","2015-12-13","","N"
"Sugar Maple","Acer saccharum","Minnesota","Hennepin","Elm Creek Park Reserve","45 11.816","-093 28.239","","","112163","1","45 11.816","-093 28.239","","Park District - Public","102.0'","Clinometer/laser rangefinder/sine","10.2'","122''","52.0'","","Riley Smith, Joseph Ewing","2015-12-13","","N"
"Sugar Maple","Acer saccharum","Minnesota","Hennepin","Fish Lake Regional Park","45 04.816","-093 28.203","","","172288","1","45 04.816","-093 28.203","","Public","57.0'","","12.6'","151''","30.5'","","Riley Smith","2016-05-11","","N"
"Sugar Maple","Acer saccharum","Minnesota","Hennepin","Plymouth","","","","","239888","1","","","","Public - city","","","10.9'","131''","","","Tre Clim","2014-07-17","http%3A%2F%2Fwww.ents-bbs.org%2Fviewtopic.php%3Ff%3D94%26t%3D6445%26sid%3Da8fd6a57f56df50ff5965e8cdf9bbcc8%23p29317","N"
"Sugar Maple","Acer saccharum","Minnesota","Hennepin","Plymouth","","","","","239889","1","","","","Public - city","","","11.1'","133''","","Circumference taken at 4.2'. Stump","Tre Clim","2014-07-17","http%3A%2F%2Fwww.ents-bbs.org%2Fviewtopic.php%3Ff%3D94%26t%3D6445%26sid%3Da8fd6a57f56df50ff5965e8cdf9bbcc8%23p29317","N"
"Sugar Maple","Acer saccharum","Minnesota","Hennepin","Plymouth","","","","","239890","1","","","","Public - city","","","10.4'","125''","","","Tre Clim","2014-07-17","http%3A%2F%2Fwww.ents-bbs.org%2Fviewtopic.php%3Ff%3D94%26t%3D6445%26sid%3Da8fd6a57f56df50ff5965e8cdf9bbcc8%23p29317","N"
"Sugar Maple","Acer saccharum","Minnesota","Hennepin","Plymouth","","","","","239891","1","","","","Public - city","","","10.4'","125''","","","Tre Clim","2014-07-17","http%3A%2F%2Fwww.ents-bbs.org%2Fviewtopic.php%3Ff%3D94%26t%3D6445%26sid%3Da8fd6a57f56df50ff5965e8cdf9bbcc8%23p29317","N"
"Sugar Maple","Acer saccharum","Minnesota","Hennepin","Plymouth","","","","","239892","1","","","","Public - city","","","10.0'","120''","","","Tre Clim","2014-07-17","http%3A%2F%2Fwww.ents-bbs.org%2Fviewtopic.php%3Ff%3D94%26t%3D6445%26sid%3Da8fd6a57f56df50ff5965e8cdf9bbcc8%23p29317","N"
"Sugar Maple","Acer saccharum","Minnesota","Hennepin","Plymouth","","","","","239893","1","","","","Public - city","","","9.9'","119''","","","Tre Clim","2014-07-17","http%3A%2F%2Fwww.ents-bbs.org%2Fviewtopic.php%3Ff%3D94%26t%3D6445%26sid%3Da8fd6a57f56df50ff5965e8cdf9bbcc8%23p29317","N"
"Sugar Maple","Acer saccharum","Minnesota","Hennepin","Plymouth","","","","","239894","1","","","","Public - city","","","9.4'","113''","","","Tre Clim","2014-07-17","http%3A%2F%2Fwww.ents-bbs.org%2Fviewtopic.php%3Ff%3D94%26t%3D6445%26sid%3Da8fd6a57f56df50ff5965e8cdf9bbcc8%23p29317","N"
"Sugar Maple","Acer saccharum","Minnesota","Hennepin","Plymouth","","","","","239895","1","","","","Public - city","","","9.2'","110''","","","Tre Clim","2014-07-17","http%3A%2F%2Fwww.ents-bbs.org%2Fviewtopic.php%3Ff%3D94%26t%3D6445%26sid%3Da8fd6a57f56df50ff5965e8cdf9bbcc8%23p29317","N"
"Sugar Maple","Acer saccharum","Minnesota","Hennepin","Plymouth","","","","","239896","1","","","","Public - city","","","9.2'","110''","","","Tre Clim","2014-07-17","http%3A%2F%2Fwww.ents-bbs.org%2Fviewtopic.php%3Ff%3D94%26t%3D6445%26sid%3Da8fd6a57f56df50ff5965e8cdf9bbcc8%23p29317","N"
"Sugar Maple","Acer saccharum","Minnesota","Hennepin","Plymouth","","","","","239897","1","","","","Public - city","","","8.7'","104''","","","Tre Clim","2014-07-17","http%3A%2F%2Fwww.ents-bbs.org%2Fviewtopic.php%3Ff%3D94%26t%3D6445%26sid%3Da8fd6a57f56df50ff5965e8cdf9bbcc8%23p29317","N"
"Sugar Maple","Acer saccharum","Minnesota","Hennepin","Plymouth","","","","","239898","1","","","","Public - city","","","8.6'","103''","","","Tre Clim","2014-07-17","http%3A%2F%2Fwww.ents-bbs.org%2Fviewtopic.php%3Ff%3D94%26t%3D6445%26sid%3Da8fd6a57f56df50ff5965e8cdf9bbcc8%23p29317","N"
"Sugar Maple","Acer saccharum","Minnesota","Hennepin","Rice Lake","45 06.771","-093 28.246","","","172287","1","45 06.771","-093 28.246","","Public - City of Maple Grove","71.0'","Clinometer/laser rangefinder/sine","10.9'","131''","72.0'","","Riley Smith","2016-05-11","","N"
"Sugar Maple","Acer saccharum","Minnesota","Hennepin","Rice Lake","45 06.818","-093 28.326","","","172286","1","45 06.818","-093 28.326","","Public - City of Maple Grove","72.0'","Clinometer/laser rangefinder/sine","12.4'","149''","84.0'","","Riley Smith","2016-05-11","","N"
"Sugar Maple","Acer saccharum","Minnesota","Hennepin","St. Patrick Cemetery","45 05.005","-093 29.373","","","112158","1","45 05.005","-093 29.373","","Private","55.8'","Clinometer/laser rangefinder/sine","13.9'","167''","56.0'","This tree was planted in the year 1882 in memory of Annie Donahue. It now dominates the cemetery and has long been appreciated for its fall color. Though it lost a major limb in 2011, it's still standing strong, watching over the quiet cemetery as it has for over a century.","Riley Smith","2014-08-22","","N"
"Sugar Maple","Acer saccharum","Minnesota","Hennepin","Wolsfeld Woods SNA","44 59.848","-093 33.985","","","172271","1","44 59.848","-093 33.985","","State DNR","","","10.9'","131''","","This particular maple is well past its prime and the top is nearly gone","Riley Smith","2016-05-11","","N"
"Sugar Maple","Acer saccharum","Minnesota","Hennepin","Wolsfeld Woods SNA","","","","","239908","1","","","","State DNR","","Clinometer/laser rangefinder/sine","9.0'","108''","","","Tre Clim","2014-04-20","","N"
"Sugar Maple","Acer saccharum","Minnesota","Hennepin","Wolsfeld Woods SNA","","","","","239909","1","","","","State DNR","","Clinometer/laser rangefinder/sine","9.0'","108''","","","Tre Clim","2014-04-20","","N"
"Sugar Maple","Acer saccharum","Minnesota","Hennepin","Wolsfeld Woods SNA","","","","","239910","1","","","","State DNR","","Clinometer/laser rangefinder/sine","9.0'","108''","","","Tre Clim","2014-04-20","","N"
"Sugar Maple","Acer saccharum","Minnesota","Hennepin","Wolsfeld Woods SNA","","","","","239911","1","","","","State DNR","","Clinometer/laser rangefinder/sine","9.0'","108''","","","Tre Clim","2014-04-20","","N"
"Sugar Maple","Acer saccharum","Minnesota","Hennepin","Wolsfeld Woods SNA","","","","","239913","1","","","","State DNR","","Clinometer/laser rangefinder/sine","10.9'","131''","","","Tre Clim","2014-04-20","","N"
"Sugar Maple","Acer saccharum","Minnesota","Hennepin","Wolsfeld Woods SNA","45 00.070","-093 34.345","","","172270","1","45 00.070","-093 34.345","","State DNR","81.0'","Clinometer/laser rangefinder/sine","11.2'","134''","64.0'","","Riley Smith","2016-05-11","","N"
"Sugar Maple","Acer saccharum","Minnesota","Hennepin","Wolsfeld Woods SNA","","","","","239912","1","","","","State DNR","81.0'","Clinometer/laser rangefinder/sine","11.2'","134''","64.0'","","Tre Clim","2014-04-20","","N"
"Sugar Maple","Acer saccharum","Minnesota","Hennepin","Wolsfeld Woods SNA","","","","","239914","1","","","","State DNR","83.0'","Clinometer/laser rangefinder/sine","11.8'","142''","69.0'","","Tre Clim","2014-04-20","","N"
"Sugar Maple","Acer saccharum","Minnesota","Hennepin","Wolsfeld Woods SNA","44 59.870","-093 33.953","","","172269","1","44 59.870","-093 33.953","","State DNR","88.0'","Clinometer/laser rangefinder/sine","11.8'","142''","69.0'","This was the largest of the Sugar Maples that I found on the property. Unfortunately, it snapped off in strong winds a few months after I found it. When I returned to the site, I noticed that the wood was only about 4 inches thick (including the bark) around the outside and the rest was hollow.","Riley Smith","2016-05-11","","N"
"Sugar Maple","Acer saccharum","Minnesota","Otter Tail","Maplewood State Park","","","9200 Acres","","239730","1","","","","Public - state","","","10.0'","120''","","On a peninsular on Lake Winnibigoshish","Jimmy Mcdonald","2010-09-29","http%3A%2F%2Fwww.ents-bbs.org%2Fviewtopic.php%3Ff%3D94%26t%3D1434%26sid%3Da8fd6a57f56df50ff5965e8cdf9bbcc8%23p5089","N"
"Sugar Maple","Acer saccharum","New Brunswick","Carleton","Ayers Lake","","","","","240022","1","","","","Public - state","83.0'","Clinometer/laser rangefinder/sine","9.4'","113''","","","Owen Richards","2013-12-21","http%3A%2F%2Fwww.ents-bbs.org%2Fviewtopic.php%3Ff%3D100%26t%3D7326%26sid%3D559efe2c1931bbd06cbb8d41f0c94720","N"
"Sugar Maple","Acer saccharum","North Carolina","Buncombe","Elk Pen Trail","","","","","40055","1","","","","Public","114.5'","Clinometer/laser rangefinder/sine","","","","","Brian Beduhn","2013-02-10","http%3A%2F%2Fwww.ents-bbs.org%2Fviewtopic.php%3Ff%3D106%26t%3D5041","N"
"Sugar Maple","Acer saccharum","North Carolina","Buncombe","Elk Pen Trail","","","","","40056","1","","","","Public","123.2'","Clinometer/laser rangefinder/sine","","","","","Brian Beduhn","2013-02-10","http%3A%2F%2Fwww.ents-bbs.org%2Fviewtopic.php%3Ff%3D106%26t%3D5041","N"
"Sugar Maple","Acer saccharum","North Carolina","Buncombe","Elk Pen Trail","","","","","40057","1","","","","Public","126.9'","Clinometer/laser rangefinder/sine","","","","","Brian Beduhn","2013-02-10","http%3A%2F%2Fwww.ents-bbs.org%2Fviewtopic.php%3Ff%3D106%26t%3D5041","N"
"Sugar Maple","Acer saccharum","North Carolina","Buncombe","Entrance Along Bent Creek Floodplain","","","","","39494","1","","","","WNC Arboretum","99.7'","Clinometer/laser rangefinder/sine","","","","","Brian Beduhn","2012-12-25","http%3A%2F%2Fwww.ents-bbs.org%2Fviewtopic.php%3Ff%3D106%26t%3D4489%26start%3D20","N"
"Sugar Maple","Acer saccharum","North Carolina","Cocke","Kalanu Prong","","","Kalanu Prong into False Gap Prong, into Porters Creek into Little Pigeon River","","229606","1","","","","Public - national","","Clinometer/laser rangefinder/sine","12.4'","149''","","","Jess Riddle","2006-03-12","http%3A%2F%2Fnativetreesociety.org%2Ffieldtrips%2Fgsmnp%2Fkalanu_prong.htm","N"
"Sugar Maple","Acer saccharum","North Carolina","Graham","Grassy Branch Area","","","","","243454","1","","","","Public - national","121.8'","Clinometer/laser rangefinder/sine","11.3'","135''","","Drainage East of Obediah Gap.","Jess Riddle","2004-06-13","http%3A%2F%2Fnativetreesociety.org%2Ffieldtrips%2Fnorth_carolina%2Fjoyce_kilmer.htm","N"
"Sugar Maple","Acer saccharum","North Carolina","Graham","Santeetlah Creek","","","","","227023","1","","","","Public - national","120.1'","Clinometer/laser rangefinder/sine","7.7'","92''","","Indian Creek","Jess Riddle","2009-09-08","http%3A%2F%2Fnativetreesociety.org%2Ffieldtrips%2Fnorth_carolina%2Fsanteetlah_creek.htm","N"
"Sugar Maple","Acer saccharum","North Carolina","Haywood","Baxter Creek","","","Baxter Creek into Big Creek into Pigeon River.","","230523","1","","","","Public - federal","139.9'","Clinometer/laser rangefinder/sine","10.3'","123''","","","Jess Riddle","2004-10-17","http%3A%2F%2Fwww.nativetreesociety.org%2Ffieldtrips%2Fgsmnp%2Fbaxter_creek_trail.htm","N"
"Sugar Maple","Acer saccharum","North Carolina","Haywood","Pretty Hollow Creek","","","Trees were also measured on two tributaries -Onion Bed Branch and Cooks Creek","","230140","1","","","","Public - federal","126.2'","Clinometer/laser rangefinder/sine","9.3'","112''","","On Cooks Creek","Jess Riddle","2003-10-05","http%3A%2F%2Fwww.nativetreesociety.org%2Ffieldtrips%2Fgsmnp%2Fpretty_hollow_creek.htm","N"
"Sugar Maple","Acer saccharum","North Carolina","Haywood","Shining Rock Wilderness","","","18,483 Acres.","","227060","1","","","","Public - national","","Clinometer/laser rangefinder/sine","9.5'","114''","","","Jess Riddle","2004-04-20","http%3A%2F%2Fnativetreesociety.org%2Ffieldtrips%2Fnorth_carolina%2Fshining_rock_wilderness.htm","N"
"Sugar Maple","Acer saccharum","North Carolina","Madison","Shelton Laurel","","","","","226357","1","","","","Public - national","129.7'","Clinometer/laser rangefinder/sine","12.5'","150''","","","Michael Davie, Josh Kelley","2006-05-25","http%3A%2F%2Fnativetreesociety.org%2Ffieldtrips%2Fnorth_carolina%2Fshelton%2Fshelton_laurel.htm","N"
"Sugar Maple","Acer saccharum","North Carolina","Polk","Green River Game Lands","","","10,000+ acres.
Trees were measured per trip reports 9/2/1010.9/27/2010, 1/21/2011.","","252030","1","","","","Public - state","","Clinometer/laser rangefinder/sine","7.8'","93''","","On Bishop Branch Trail.","James Parton","2008-01-12","http%3A%2F%2Fwww.ents-bbs.org%2Fviewtopic.php%3Ff%3D106%26t%3D1302%26sid%3Da2220255d71bc8241b5bc342c81238c3%23p4603","N"
"Sugar Maple","Acer saccharum","North Carolina","Swain","Cliff Branch","","","","","229661","1","","","","Public - national","118.2'","Clinometer/laser rangefinder/sine","8.5'","102''","","","Jess Riddle","2006-05-23","http%3A%2F%2Fnativetreesociety.org%2Ffieldtrips%2Fgsmnp%2Fkanati_fork.htm","N"
"Sugar Maple","Acer saccharum","North Carolina","Swain","Cliff Branch","","","","","229662","1","","","","Public - national","123.8'","Clinometer/laser rangefinder/sine","7.5'","90''","","","Jess Riddle","2006-05-23","http%3A%2F%2Fnativetreesociety.org%2Ffieldtrips%2Fgsmnp%2Fkanati_fork.htm","N"
"Sugar Maple","Acer saccharum","North Carolina","Swain","Mingus Creek","","","Mingus Creek into Oconaluftee River,","","229296","1","","","","Public - national","126.1'","Clinometer/laser rangefinder/sine","4.5'","54''","","","Jess Riddle","2007-04-30","http%3A%2F%2Fnativetreesociety.org%2Ffieldtrips%2Fgsmnp%2Fmingus_creek.htm","N"
"Sugar Maple","Acer saccharum","New York","Albany","New York Single Tree Sites","42 26.653","-079 19.763","","","263312","1","42 26.653","-079 19.763","","Public-Private","87.3'","Clinometer/laser rangefinder/sine","12.5'","150''","","Approximate 553 cubic feet.
Measured by E. Danielson 7/18/2018 in Forest Hill Cemetery, 55 Lambert Avenue, Fredonia, Chautauqua County.","Various Various","2000-02-01","","N"
"Sugar Maple","Acer saccharum","New York","Cattaraugus","Big Basin","","","","","264924","1","","","","Public - state","99.0'","Clinometer/laser rangefinder/sine","11.0'","132''","","","Erik Danielson","2020-10-25","http%3A%2F%2Fwww.ents-bbs.org%2Fviewtopic.php%3Ff%3D105%26t%3D8543%26start%3D20%26sid%3Dbc15a04e1c5a2e8ee05f8b7d15e76b09","N"
"Sugar Maple","Acer saccharum","New York","Cattaraugus","Big Basin","","","","","264836","1","","","","Public - state","109.5'","Clinometer/laser rangefinder/sine","10.0'","120''","","","Erik Danielson","2019-04-06","http%3A%2F%2Fwww.ents-bbs.org%2Fviewtopic.php%3Ff%3D105%26t%3D8543%26start%3D20%26sid%3Dbc15a04e1c5a2e8ee05f8b7d15e76b09","N"
"Sugar Maple","Acer saccharum","New York","Cattaraugus","Big Basin","","","","","265052","1","","","","Public - state","110.4'","Clinometer/laser rangefinder/sine","5.0'","60''","","","Erik Danielson","2021-08-24","http%3A%2F%2Fwww.ents-bbs.org%2Fviewtopic.php%3Ff%3D105%26t%3D8543%26start%3D20%26sid%3Dbc15a04e1c5a2e8ee05f8b7d15e76b09","N"
"Sugar Maple","Acer saccharum","New York","Cattaraugus","Big Basin","","","","","264923","1","","","","Public - state","112.0'","Clinometer/laser rangefinder/sine","12.0'","144''","","","Erik Danielson","2020-10-25","http%3A%2F%2Fwww.ents-bbs.org%2Fviewtopic.php%3Ff%3D105%26t%3D8543%26start%3D20%26sid%3Dbc15a04e1c5a2e8ee05f8b7d15e76b09","N"
"Sugar Maple","Acer saccharum","New York","Cattaraugus","Big Basin","","","","","265051","1","","","","Public - state","113.3'","Clinometer/laser rangefinder/sine","7.8'","94''","","","Erik Danielson","2021-08-24","http%3A%2F%2Fwww.ents-bbs.org%2Fviewtopic.php%3Ff%3D105%26t%3D8543%26start%3D20%26sid%3Dbc15a04e1c5a2e8ee05f8b7d15e76b09","N"
"Sugar Maple","Acer saccharum","New York","Cattaraugus","Big Basin","","","","","264835","1","","","","Public - state","116.5'","Clinometer/laser rangefinder/sine","7.2'","86''","","","Erik Danielson","2019-04-06","http%3A%2F%2Fwww.ents-bbs.org%2Fviewtopic.php%3Ff%3D105%26t%3D8543%26start%3D20%26sid%3Dbc15a04e1c5a2e8ee05f8b7d15e76b09","N"
"Sugar Maple","Acer saccharum","New York","Cattaraugus","Big Basin","","","","","264834","1","","","","Public - state","119.0'","Clinometer/laser rangefinder/sine","6.6'","79''","","","Erik Danielson","2019-04-06","http%3A%2F%2Fwww.ents-bbs.org%2Fviewtopic.php%3Ff%3D105%26t%3D8543%26start%3D20%26sid%3Dbc15a04e1c5a2e8ee05f8b7d15e76b09","N"
"Sugar Maple","Acer saccharum","New York","Cattaraugus","Big Basin","","","","","264833","1","","","","Public - state","121.5'","Clinometer/laser rangefinder/sine","8.1'","97''","","","Erik Danielson","2019-04-06","http%3A%2F%2Fwww.ents-bbs.org%2Fviewtopic.php%3Ff%3D105%26t%3D8543%26start%3D20%26sid%3Dbc15a04e1c5a2e8ee05f8b7d15e76b09","N"
"Sugar Maple","Acer saccharum","New York","Cattaraugus","Trackless West","","","A White Pine on Pine Creek was measured on 12/31/2019","","266365","1","","","","Public - state","","Clinometer/laser rangefinder/sine","9.4'","113''","","","Erik Danielson","2019-03-27","http%3A%2F%2Fwww.ents-bbs.org%2Fviewtopic.php%3Ff%3D105%26t%3D8116%26sid%3D75c3cd14aea4e263f5660ee32feb86dd","N"
"Sugar Maple","Acer saccharum","New York","Cattaraugus","Trackless West","","","A White Pine on Pine Creek was measured on 12/31/2019","","281342","1","","","","Public - state","107.5'","Clinometer/laser rangefinder/sine","9.5'","114''","","","Erik Danielson","2017-10-21","http%3A%2F%2Fwww.ents-bbs.org%2Fviewtopic.php%3Ff%3D105%26t%3D8116%26sid%3D75c3cd14aea4e263f5660ee32feb86dd","N"
"Sugar Maple","Acer saccharum","New York","Cattaraugus","Trackless West","","","A White Pine on Pine Creek was measured on 12/31/2019","","281369","1","","","","Public - state","110.0'","Clinometer/laser rangefinder/sine","","","","","Erik Danielson","2017-10-21","http%3A%2F%2Fwww.ents-bbs.org%2Fviewtopic.php%3Ff%3D105%26t%3D8116%26sid%3D75c3cd14aea4e263f5660ee32feb86dd","N"
"Sugar Maple","Acer saccharum","New York","Cattaraugus","Trackless West","","","Trees were measured in coves along Bay State Brook.","","281399","1","","","","Public - state","110.2'","Clinometer/laser rangefinder/sine","6.6'","79''","","","Erik Danielson","2021-09-11","http%3A%2F%2Fwww.ents-bbs.org%2Fviewtopic.php%3Ff%3D105%26t%3D8116%26sid%3Df84e2f8e81882d689c945b6008d2e6c5","N"
"Sugar Maple","Acer saccharum","New York","Cattaraugus","Zoar Valley","","","","","257498","1","","","","Public","111.0'","Clinometer/laser rangefinder/sine","","","","On Elm Terrace","Tom Diggins, Bruce Kershner, Bob Leverett","2003-11-05","http%3A%2F%2Fwww.ents-bbs.org%2Fviewtopic.php%3Ff%3D105%26t%3D7379","N"
"Sugar Maple","Acer saccharum","New York","Cattaraugus","Zoar Valley","","","","","257514","1","","","","Public","113.3'","Clinometer/laser rangefinder/sine","8.9'","107''","","On Elm Terrace.","Tom Diggins, Bruce Kershner, Bob Leverett","2003-11-05","http%3A%2F%2Fwww.ents-bbs.org%2Fviewtopic.php%3Ff%3D105%26t%3D7379","N"
"Sugar Maple","Acer saccharum","New York","Cattaraugus","Zoar Valley","","","","","257492","1","","","","Public","114.2'","Clinometer/laser rangefinder/sine","8.0'","96''","","On Skinny Dip Terrace","Tom Diggins, Bruce Kershner, Bob Leverett","2003-11-05","http%3A%2F%2Fwww.ents-bbs.org%2Fviewtopic.php%3Ff%3D105%26t%3D7379","N"
"Sugar Maple","Acer saccharum","New York","Cattaraugus","Zoar Valley","","","","","257493","1","","","","Public","115.1'","Clinometer/laser rangefinder/sine","8.2'","98''","","On Skinny Dip Terrace","Tom Diggins, Bruce Kershner, Bob Leverett","2003-11-05","http%3A%2F%2Fwww.ents-bbs.org%2Fviewtopic.php%3Ff%3D105%26t%3D7379","N"
"Sugar Maple","Acer saccharum","New York","Cattaraugus","Zoar Valley","","","","","257494","1","","","","Public","116.2'","Clinometer/laser rangefinder/sine","8.2'","98''","","On Skinny Dip Terrace","Tom Diggins, Bruce Kershner, Bob Leverett","2003-11-05","http%3A%2F%2Fwww.ents-bbs.org%2Fviewtopic.php%3Ff%3D105%26t%3D7379","N"
"Sugar Maple","Acer saccharum","New York","Cattaraugus","Zoar Valley","","","","","257495","1","","","","Public","117.1'","Clinometer/laser rangefinder/sine","8.3'","100''","","On Skinny Dip Terrace","Tom Diggins, Bruce Kershner, Bob Leverett","2003-11-05","http%3A%2F%2Fwww.ents-bbs.org%2Fviewtopic.php%3Ff%3D105%26t%3D7379","N"
"Sugar Maple","Acer saccharum","New York","Cattaraugus","Zoar Valley","","","","","265464","1","","","","Public","117.9'","Clinometer/laser rangefinder/sine","4.7'","56''","","","Tom Diggins","2002-11-19","http%3A%2F%2Fwww.ents-bbs.org%2Fviewtopic.php%3Ff%3D105%26t%3D7379","N"
"Sugar Maple","Acer saccharum","New York","Cattaraugus","Zoar Valley","","","","","280011","1","","","","Public","118.5'","Clinometer/laser rangefinder/sine","","","","","Tom Diggins","2005-05-29","http%3A%2F%2Fwww.ents-bbs.org%2Fviewtopic.php%3Ff%3D105%26t%3D7379","N"
"Sugar Maple","Acer saccharum","New York","Cattaraugus","Zoar Valley","","","","","257491","1","","","","Public","119.8'","Clinometer/laser rangefinder/sine","","","","On Knife Edge terrace.","Tom Diggins, Bruce Kershner, Bob Leverett","2003-11-05","http%3A%2F%2Fwww.ents-bbs.org%2Fviewtopic.php%3Ff%3D105%26t%3D7379","N"
"Sugar Maple","Acer saccharum","New York","Cattaraugus","Zoar Valley","","","","","257496","1","","","","Public","121.2'","Clinometer/laser rangefinder/sine","8.1'","97''","","On Skinny Dip Terrace","Tom Diggins, Bruce Kershner, Bob Leverett","2003-11-05","http%3A%2F%2Fwww.ents-bbs.org%2Fviewtopic.php%3Ff%3D105%26t%3D7379","N"
"Sugar Maple","Acer saccharum","New York","Cattaraugus","Zoar Valley","","","","","265462","1","","","","Public","122.7'","Clinometer/laser rangefinder/sine","8.9'","107''","","","Tom Diggins","2002-11-19","http%3A%2F%2Fwww.ents-bbs.org%2Fviewtopic.php%3Ff%3D105%26t%3D7379","N"
"Sugar Maple","Acer saccharum","New York","Cattaraugus","Zoar Valley","","","","","257497","1","","","","Public","123.9'","Clinometer/laser rangefinder/sine","7.0'","84''","","On Skinny Dip Terrace","Tom Diggins, Bruce Kershner, Bob Leverett","2003-11-05","http%3A%2F%2Fwww.ents-bbs.org%2Fviewtopic.php%3Ff%3D105%26t%3D7379","N"
"Sugar Maple","Acer saccharum","New York","Cattaraugus","Zoar Valley","","","","","257524","1","","","","Public","124.6'","Clinometer/laser rangefinder/sine","6.4'","77''","","","Tom Diggins, Bruce Kershner, Bob Leverett","2003-11-05","http%3A%2F%2Fwww.ents-bbs.org%2Fviewtopic.php%3Ff%3D105%26t%3D7379","N"
"Sugar Maple","Acer saccharum","New York","Cattaraugus","Zoar Valley","","","","","265463","1","","","","Public","127.0'","Clinometer/laser rangefinder/sine","6.2'","74''","","","Tom Diggins","2002-11-19","http%3A%2F%2Fwww.ents-bbs.org%2Fviewtopic.php%3Ff%3D105%26t%3D7379","N"
"Sugar Maple","Acer saccharum","New York","Cattaraugus","Zoar Valley","","","","","257490","1","","","","Public","127.6'","Clinometer/laser rangefinder/sine","6.4'","77''","","On Knife Edge terrace.","Tom Diggins, Bruce Kershner, Bob Leverett","2003-11-05","http%3A%2F%2Fwww.ents-bbs.org%2Fviewtopic.php%3Ff%3D105%26t%3D7379","N"
"Sugar Maple","Acer saccharum","New York","Cayuga","Port Byron, NY, Woodlot","","","","","199216","1","","","","Private","","","12.5'","150''","","","Elijah Whitcomb","2012-02-26","http%3A%2F%2Fwww.ents-bbs.org%2Fviewtopic.php%3Ff%3D105%26t%3D3406","N"
"Sugar Maple","Acer saccharum","New York","Cayuga","Port Byron, NY, Woodlot","","","","","199217","1","","","","Private","","","12.1'","145''","","","Elijah Whitcomb","2012-02-26","http%3A%2F%2Fwww.ents-bbs.org%2Fviewtopic.php%3Ff%3D105%26t%3D3406","N"
"Sugar Maple","Acer saccharum","New York","Cayuga, Onondaga","Erie Canal Towpath Trail","43 03.235","-076 32.447","","","20441","1","43 03.235","-076 32.447","","Public","100.6'","Clinometer/laser rangefinder/sine","","","","","Elijah Whitcomb","2012-02-26","","N"
"Sugar Maple","Acer saccharum","New York","Chautauqua","Canadaway Creek","","","","","263251","1","","","","Public - state","93.9'","Clinometer/laser rangefinder/sine","","","","","Erik Danielson","2016-02-18","http%3A%2F%2Fwww.ents-bbs.org%2Fviewtopic.php%3Ff%3D105%26t%3D8475%26sid%3D790ff9aec04a19dc89f8f501cf95fd51","N"
"Sugar Maple","Acer saccharum","New York","Chautauqua","Canadaway Creek","","","","","263250","1","","","","Public - state","95.1'","Clinometer/laser rangefinder/sine","","","","","Erik Danielson","2016-02-18","http%3A%2F%2Fwww.ents-bbs.org%2Fviewtopic.php%3Ff%3D105%26t%3D8475%26sid%3D790ff9aec04a19dc89f8f501cf95fd51","N"
"Sugar Maple","Acer saccharum","New York","Chautauqua","Canadaway Creek","","","","","263249","1","","","","Public - state","98.4'","Clinometer/laser rangefinder/sine","","","","","Erik Danielson","2016-02-18","http%3A%2F%2Fwww.ents-bbs.org%2Fviewtopic.php%3Ff%3D105%26t%3D8475%26sid%3D790ff9aec04a19dc89f8f501cf95fd51","N"
"Sugar Maple","Acer saccharum","New York","Chautauqua","Canadaway Creek","","","","","263248","1","","","","Public - state","99.9'","Clinometer/laser rangefinder/sine","6.0'","72''","","","Erik Danielson","2016-02-18","http%3A%2F%2Fwww.ents-bbs.org%2Fviewtopic.php%3Ff%3D105%26t%3D8475%26sid%3D790ff9aec04a19dc89f8f501cf95fd51","N"
"Sugar Maple","Acer saccharum","New York","Chautauqua","Canadaway Creek","","","","","263211","1","","","","Public - state","111.3'","Clinometer/laser rangefinder/sine","8.4'","101''","","","Erik Danielson","2016-02-18","http%3A%2F%2Fwww.ents-bbs.org%2Fviewtopic.php%3Ff%3D105%26t%3D8475%26sid%3D790ff9aec04a19dc89f8f501cf95fd51","N"
"Sugar Maple","Acer saccharum","New York","Chautauqua","Canadaway Creek - Ancient Hemlock Ravines","","","Trees measured on 8/21/2018, 9/10/2018","","264328","1","","","","Public - state","93.5'","Clinometer/laser rangefinder/sine","5.8'","70''","","","Erik Danielson","2018-09-10","http%3A%2F%2Fwww.ents-bbs.org%2Fviewtopic.php%3Ff%3D105%26t%3D8361%26sid%3D4da65c5dd783d9a4ead9fd8df9d2fdab","N"
"Sugar Maple","Acer saccharum","New York","Chautauqua","Canadaway Creek - Ancient Hemlock Ravines","","","Trees measured on 8/21/2018, 9/10/2018","","264327","1","","","","Public - state","96.5'","Clinometer/laser rangefinder/sine","6.4'","77''","","","Erik Danielson","2018-09-10","http%3A%2F%2Fwww.ents-bbs.org%2Fviewtopic.php%3Ff%3D105%26t%3D8361%26sid%3D4da65c5dd783d9a4ead9fd8df9d2fdab","N"
"Sugar Maple","Acer saccharum","New York","Chautauqua","Canadaway Creek - Ancient Hemlock Ravines","","","Trees measured on 8/21/2018, 9/10/2018","","264326","1","","","","Public - state","98.5'","Clinometer/laser rangefinder/sine","5.2'","62''","","","Erik Danielson","2018-09-10","http%3A%2F%2Fwww.ents-bbs.org%2Fviewtopic.php%3Ff%3D105%26t%3D8361%26sid%3D4da65c5dd783d9a4ead9fd8df9d2fdab","N"
"Sugar Maple","Acer saccharum","New York","Chautauqua","Canadaway Creek - Ancient Hemlock Ravines","","","Trees measured on 8/21/2018, 9/10/2018","","264332","1","","","","Public - state","98.5'","Clinometer/laser rangefinder/sine","10.0'","120''","","","Erik Danielson","2018-09-10","http%3A%2F%2Fwww.ents-bbs.org%2Fviewtopic.php%3Ff%3D105%26t%3D8361%26sid%3D4da65c5dd783d9a4ead9fd8df9d2fdab","N"
"Sugar Maple","Acer saccharum","New York","Chautauqua","Canadaway Creek - Ancient Hemlock Ravines","","","Trees measured on 8/21/2018, 9/10/2018","","264331","1","","","","Public - state","103.5'","Clinometer/laser rangefinder/sine","7.2'","86''","","","Erik Danielson","2018-09-10","http%3A%2F%2Fwww.ents-bbs.org%2Fviewtopic.php%3Ff%3D105%26t%3D8361%26sid%3D4da65c5dd783d9a4ead9fd8df9d2fdab","N"
"Sugar Maple","Acer saccharum","New York","Chautauqua","Canadaway Creek - Ancient Hemlock Ravines","","","Trees measured on 8/21/2018, 9/10/2018","","264330","1","","","","Public - state","107.0'","Clinometer/laser rangefinder/sine","7.4'","89''","","","Erik Danielson","2018-09-10","http%3A%2F%2Fwww.ents-bbs.org%2Fviewtopic.php%3Ff%3D105%26t%3D8361%26sid%3D4da65c5dd783d9a4ead9fd8df9d2fdab","N"
"Sugar Maple","Acer saccharum","New York","Chautauqua","Canadaway Creek - Ancient Hemlock Ravines","","","Trees measured on 8/21/2018, 9/10/2018","","264329","1","","","","Public - state","112.0'","Clinometer/laser rangefinder/sine","12.1'","145''","","","Erik Danielson","2018-09-10","http%3A%2F%2Fwww.ents-bbs.org%2Fviewtopic.php%3Ff%3D105%26t%3D8361%26sid%3D4da65c5dd783d9a4ead9fd8df9d2fdab","N"
"Sugar Maple","Acer saccharum","New York","Chautauqua","Chautauqua Creek Gorge","","","Trees measured during visits on 2/9/2019, 3/6/2019","","264195","1","","","","Public - state","112.5'","Clinometer/laser rangefinder/sine","5.2'","62''","","","Erik Danielson","2018-05-26","http%3A%2F%2Fwww.ents-bbs.org%2Fviewtopic.php%3Ff%3D105%26t%3D8107%26start%3D10%26sid%3D147272388024481ad73b800144c5c8ae","N"
"Sugar Maple","Acer saccharum","New York","Chautauqua","Chautauqua Creek Gorge","","","Trees measured during visits on 2/9/2019, 3/6/2019","","264131","1","","","","Public - state","113.0'","Clinometer/laser rangefinder/sine","7.8'","94''","","","Erik Danielson","2018-05-26","http%3A%2F%2Fwww.ents-bbs.org%2Fviewtopic.php%3Ff%3D105%26t%3D8107%26start%3D10%26sid%3D147272388024481ad73b800144c5c8ae","N"
"Sugar Maple","Acer saccharum","New York","Chautauqua","Chautauqua Creek Gorge","","","Trees measured during visits on 2/9/2019, 3/6/2019","","264130","1","","","","Public - state","113.5'","Clinometer/laser rangefinder/sine","5.3'","64''","","","Erik Danielson","2018-05-26","http%3A%2F%2Fwww.ents-bbs.org%2Fviewtopic.php%3Ff%3D105%26t%3D8107%26start%3D10%26sid%3D147272388024481ad73b800144c5c8ae","N"
"Sugar Maple","Acer saccharum","New York","Chautauqua","Chautauqua Creek Gorge","","","Trees measured during visits on 2/9/2019, 3/6/2019","","264194","1","","","","Public - state","115.5'","Clinometer/laser rangefinder/sine","7.2'","86''","","","Erik Danielson","2018-05-26","http%3A%2F%2Fwww.ents-bbs.org%2Fviewtopic.php%3Ff%3D105%26t%3D8107%26start%3D10%26sid%3D147272388024481ad73b800144c5c8ae","N"
"Sugar Maple","Acer saccharum","New York","Chautauqua","Chautauqua Creek Gorge","","","Trees measured during visits on 2/9/2019, 3/6/2019","","264164","1","","","","Public - state","115.9'","Clinometer/laser rangefinder/sine","","","","","Erik Danielson","2018-05-26","http%3A%2F%2Fwww.ents-bbs.org%2Fviewtopic.php%3Ff%3D105%26t%3D8107%26start%3D10%26sid%3D147272388024481ad73b800144c5c8ae","N"
"Sugar Maple","Acer saccharum","New York","Chautauqua","Chautauqua Creek Gorge","","","Trees measured during visits on 2/9/2019, 3/6/2019","","264149","1","","","","Public - state","116.0'","Clinometer/laser rangefinder/sine","7.3'","88''","","","Erik Danielson","2018-05-26","http%3A%2F%2Fwww.ents-bbs.org%2Fviewtopic.php%3Ff%3D105%26t%3D8107%26start%3D10%26sid%3D147272388024481ad73b800144c5c8ae","N"
"Sugar Maple","Acer saccharum","New York","Chautauqua","Chautauqua Creek Gorge","","","Trees measured during visits on 2/9/2019, 3/6/2019","","264129","1","","","","Public - state","120.0'","Clinometer/laser rangefinder/sine","7.7'","92''","","","Erik Danielson","2018-05-26","http%3A%2F%2Fwww.ents-bbs.org%2Fviewtopic.php%3Ff%3D105%26t%3D8107%26start%3D10%26sid%3D147272388024481ad73b800144c5c8ae","N"
"Sugar Maple","Acer saccharum","New York","Chautauqua","Fredonia College (SUNY) Woodlot","","","","","258935","1","","","","Public - state","82.9'","Clinometer/laser rangefinder/sine","8.7'","104''","","","Erik Danielson","2016-01-03","http%3A%2F%2Fwww.ents-bbs.org%2Fviewtopic.php%3Ff%3D105%26t%3D7439%26sid%3D09816f915ab8eb7380e5089116daacfd","N"
"Sugar Maple","Acer saccharum","New York","Chautauqua","Fredonia College (SUNY) Woodlot","","","","","258934","1","","","","Public - state","90.2'","Clinometer/laser rangefinder/sine","8.6'","103''","","","Erik Danielson","2016-01-03","http%3A%2F%2Fwww.ents-bbs.org%2Fviewtopic.php%3Ff%3D105%26t%3D7439%26sid%3D09816f915ab8eb7380e5089116daacfd","N"
"Sugar Maple","Acer saccharum","New York","Chautauqua","Fredonia College (SUNY) Woodlot","","","","","258933","1","","","","Public - state","91.9'","Clinometer/laser rangefinder/sine","6.0'","72''","","","Erik Danielson","2016-01-03","http%3A%2F%2Fwww.ents-bbs.org%2Fviewtopic.php%3Ff%3D105%26t%3D7439%26sid%3D09816f915ab8eb7380e5089116daacfd","N"
"Sugar Maple","Acer saccharum","New York","Chautauqua","Fredonia College (SUNY) Woodlot","","","","","258932","1","","","","Public - state","101.3'","Clinometer/laser rangefinder/sine","8.6'","103''","","","Erik Danielson","2016-01-03","http%3A%2F%2Fwww.ents-bbs.org%2Fviewtopic.php%3Ff%3D105%26t%3D7439%26sid%3D09816f915ab8eb7380e5089116daacfd","N"
"Sugar Maple","Acer saccharum","New York","Chautauqua","Lake Shore Forest Near Dunkirk","","","","","258929","1","","","","Private","84.9'","Clinometer/laser rangefinder/sine","9.5'","114''","","","Erik Danielson","2016-11-30","http%3A%2F%2Fwww.ents-bbs.org%2Fviewtopic.php%3Ff%3D105%26t%3D7879%26sid%3D12e512ea2822ac9b1a69b4bf305d1de3","N"
"Sugar Maple","Acer saccharum","New York","Chautauqua","Leolyn Woods","","","","","261307","1","","","","Public-Private","105.9'","Clinometer/laser rangefinder/sine","8.2'","98''","","","Erik Danielson, Jack Howard, Tom Howard","2015-03-13","http%3A%2F%2Fwww.ents-bbs.org%2Fviewtopic.php%3Ff%3D105%26t%3D8188%26sid%3D790ff9aec04a19dc89f8f501cf95fd51","N"
"Sugar Maple","Acer saccharum","New York","Chautauqua","Leolyn Woods","","","","","261306","1","","","","Public-Private","108.9'","Clinometer/laser rangefinder/sine","","","9.4'","","Erik Danielson, Jack Howard, Tom Howard","2015-03-13","http%3A%2F%2Fwww.ents-bbs.org%2Fviewtopic.php%3Ff%3D105%26t%3D8188%26sid%3D790ff9aec04a19dc89f8f501cf95fd51","N"
"Sugar Maple","Acer saccharum","New York","Chautauqua","Leolyn Woods","42 20.912","-079 19.399","","","264300","1","42 20.912","-079 19.399","","Public-Private","119.9'","Clinometer/laser rangefinder/sine","6.7'","80''","","","Erik Danielson","2018-01-30","http%3A%2F%2Fwww.ents-bbs.org%2Fviewtopic.php%3Ff%3D105%26t%3D8188%26sid%3D790ff9aec04a19dc89f8f501cf95fd51","N"
"Sugar Maple","Acer saccharum","New York","Chautauqua","Leolyn Woods","42 20.916","-079 19.401","","","264301","1","42 20.916","-079 19.401","","Public-Private","120.6'","Clinometer/laser rangefinder/sine","7.4'","89''","","","Erik Danielson","2018-01-30","http%3A%2F%2Fwww.ents-bbs.org%2Fviewtopic.php%3Ff%3D105%26t%3D8188%26sid%3D790ff9aec04a19dc89f8f501cf95fd51","N"
"Sugar Maple","Acer saccharum","New York","Chautauqua","Leolyn Woods","42 20.908","-079 19.399","","","264302","1","42 20.908","-079 19.399","","Public-Private","120.8'","Clinometer/laser rangefinder/sine","8.4'","101''","","","Erik Danielson","2018-01-30","http%3A%2F%2Fwww.ents-bbs.org%2Fviewtopic.php%3Ff%3D105%26t%3D8188%26sid%3D790ff9aec04a19dc89f8f501cf95fd51","N"
"Sugar Maple","Acer saccharum","New York","Chautauqua","Leolyn Woods","","","","","261305","1","","","","Public-Private","121.5'","Clinometer/laser rangefinder/sine","9.3'","112''","","","Erik Danielson, Jack Howard, Tom Howard","2015-03-13","http%3A%2F%2Fwww.ents-bbs.org%2Fviewtopic.php%3Ff%3D105%26t%3D8188%26sid%3D790ff9aec04a19dc89f8f501cf95fd51","N"
"Sugar Maple","Acer saccharum","New York","Chautauqua","Leolyn Woods","42 20.916","-079 19.399","","","264287","1","42 20.916","-079 19.399","","Public-Private","127.7'","Clinometer/laser rangefinder/sine","6.0'","72''","","","Erik Danielson","2018-01-30","http%3A%2F%2Fwww.ents-bbs.org%2Fviewtopic.php%3Ff%3D105%26t%3D8188%26sid%3D790ff9aec04a19dc89f8f501cf95fd51","N"
"Sugar Maple","Acer saccharum","New York","Chautauqua","Long Point State Park","","","","","242721","1","","","","Public - state","98.9'","Clinometer/laser rangefinder/sine","7.6'","91''","","","Dale Luthringer, Bruce Kershner, Gerry Horowitz","2006-05-07","http%3A%2F%2Fwww.ents-bbs.org%2Fviewtopic.php%3Ff%3D105%26t%3D8077%26sid%3D6b0f6b34c4c50c35d114e981206bd7cd","N"
"Sugar Maple","Acer saccharum","New York","Chautauqua","Long Point State Park","","","","","242722","1","","","","Public - state","105.8'","Clinometer/laser rangefinder/sine","9.1'","109''","","","Dale Luthringer, Bruce Kershner, Gerry Horowitz","2006-05-07","http%3A%2F%2Fwww.ents-bbs.org%2Fviewtopic.php%3Ff%3D105%26t%3D8077%26sid%3D6b0f6b34c4c50c35d114e981206bd7cd","N"
"Sugar Maple","Acer saccharum","New York","Chautauqua","Long Point State Park","","","","","265902","1","","","","Public - state","115.5'","Clinometer/laser rangefinder/sine","8.9'","107''","","","Erik Danielson","2017-08-23","http%3A%2F%2Fwww.ents-bbs.org%2Fviewtopic.php%3Ff%3D105%26t%3D8077%26sid%3D6b0f6b34c4c50c35d114e981206bd7cd","N"
"Sugar Maple","Acer saccharum","New York","Dutchess","Dutchess County","","","Trees measured in a series of visits 5/15/2018, 6/24 & 6/29/2018, 8/22/18, 9/27/2018, 10/13/2018, 12/26/1018","","302374","1","","","","Private","","Clinometer/laser rangefinder/sine","9.4'","113''","","","Joshua Harkness","2018-12-26","http%3A%2F%2Fwww.ents-bbs.org%2Fviewtopic.php%3Ff%3D105%26t%3D8278%26sid%3Dea8173bc505bccbb30b1e58603757f06","N"
"Sugar Maple","Acer saccharum","New York","Dutchess","Dutchess County","","","Trees measured in a series of visits 5/15/2018, 6/24 & 6/29/2018, 8/22/18, 9/27/2018, 10/13/2018, 12/26/1018","","302375","1","","","","Private","","Clinometer/laser rangefinder/sine","7.2'","86''","","","Joshua Harkness","2018-12-26","http%3A%2F%2Fwww.ents-bbs.org%2Fviewtopic.php%3Ff%3D105%26t%3D8278%26sid%3Dea8173bc505bccbb30b1e58603757f06","N"
"Sugar Maple","Acer saccharum","New York","Dutchess","Dutchess County","","","Trees measured in a series of visits 5/15/2018, 6/24 & 6/29/2018, 8/22/18, 9/27/2018, 10/13/2018, 12/26/1018","","302389","1","","","","Private","","Clinometer/laser rangefinder/sine","9.3'","112''","","","Joshua Harkness","2018-12-26","http%3A%2F%2Fwww.ents-bbs.org%2Fviewtopic.php%3Ff%3D105%26t%3D8278%26sid%3Dea8173bc505bccbb30b1e58603757f06","N"
"Sugar Maple","Acer saccharum","New York","Dutchess","Dutchess County","","","Trees measured in a series of visits 5/15/2018, 6/24 & 6/29/2018, 8/22/18, 9/27/2018, 10/13/2018, 12/26/1018","","302390","1","","","","Private","","Clinometer/laser rangefinder/sine","8.2'","98''","","","Joshua Harkness","2018-12-26","http%3A%2F%2Fwww.ents-bbs.org%2Fviewtopic.php%3Ff%3D105%26t%3D8278%26sid%3Dea8173bc505bccbb30b1e58603757f06","N"
"Sugar Maple","Acer saccharum","New York","Dutchess","Dutchess County","","","Trees measured in a series of visits 5/15/2018, 6/24 & 6/29/2018, 8/22/18, 9/27/2018, 10/13/2018, 12/26/1018","","302391","1","","","","Private","","Clinometer/laser rangefinder/sine","6.4'","77''","","","Joshua Harkness","2018-12-26","http%3A%2F%2Fwww.ents-bbs.org%2Fviewtopic.php%3Ff%3D105%26t%3D8278%26sid%3Dea8173bc505bccbb30b1e58603757f06","N"
"Sugar Maple","Acer saccharum","New York","Dutchess","Dutchess County","","","Trees measured in a series of visits 5/15/2018, 6/24 & 6/29/2018, 8/22/18, 9/27/2018, 10/13/2018, 12/26/1018","","302392","1","","","","Private","","Clinometer/laser rangefinder/sine","8.3'","99''","","","Joshua Harkness","2018-12-26","http%3A%2F%2Fwww.ents-bbs.org%2Fviewtopic.php%3Ff%3D105%26t%3D8278%26sid%3Dea8173bc505bccbb30b1e58603757f06","N"
"Sugar Maple","Acer saccharum","New York","Dutchess","Dutchess County","","","Trees measured in a series of visits 5/15/2018, 6/24 & 6/29/2018, 8/22/18, 9/27/2018, 10/13/2018, 12/26/1018","","302393","1","","","","Private","","Clinometer/laser rangefinder/sine","5.9'","71''","","","Joshua Harkness","2018-12-26","http%3A%2F%2Fwww.ents-bbs.org%2Fviewtopic.php%3Ff%3D105%26t%3D8278%26sid%3Dea8173bc505bccbb30b1e58603757f06","N"
"Sugar Maple","Acer saccharum","New York","Dutchess","Dutchess County","","","Trees measured in a series of visits 5/15/2018, 6/24 & 6/29/2018, 8/22/18, 9/27/2018, 10/13/2018, 12/26/1018","","302394","1","","","","Private","","Clinometer/laser rangefinder/sine","5.8'","70''","","","Joshua Harkness","2018-12-26","http%3A%2F%2Fwww.ents-bbs.org%2Fviewtopic.php%3Ff%3D105%26t%3D8278%26sid%3Dea8173bc505bccbb30b1e58603757f06","N"
"Sugar Maple","Acer saccharum","New York","Dutchess","Dutchess County","","","Trees measured in a series of visits 5/15/2018, 6/24 & 6/29/2018, 8/22/18, 9/27/2018, 10/13/2018, 12/26/1018","","302395","1","","","","Private","","Clinometer/laser rangefinder/sine","6.3'","75''","","","Joshua Harkness","2018-12-26","http%3A%2F%2Fwww.ents-bbs.org%2Fviewtopic.php%3Ff%3D105%26t%3D8278%26sid%3Dea8173bc505bccbb30b1e58603757f06","N"
"Sugar Maple","Acer saccharum","New York","Dutchess","Dutchess County","","","Trees measured in a series of visits 5/15/2018, 6/24 & 6/29/2018, 8/22/18, 9/27/2018, 10/13/2018, 12/26/1018","","302441","1","","","","Private","103.2'","Clinometer/laser rangefinder/sine","7.3'","88''","","","Joshua Harkness","2018-12-26","http%3A%2F%2Fwww.ents-bbs.org%2Fviewtopic.php%3Ff%3D105%26t%3D8278%26sid%3Dea8173bc505bccbb30b1e58603757f06","N"
"Sugar Maple","Acer saccharum","New York","Dutchess","Dutchess County","","","Trees measured in a series of visits 5/15/2018, 6/24 & 6/29/2018, 8/22/18, 9/27/2018, 10/13/2018, 12/26/1018","","302435","1","","","","Private","104.9'","Clinometer/laser rangefinder/sine","6.3'","76''","","","Joshua Harkness","2018-12-26","http%3A%2F%2Fwww.ents-bbs.org%2Fviewtopic.php%3Ff%3D105%26t%3D8278%26sid%3Dea8173bc505bccbb30b1e58603757f06","N"
"Sugar Maple","Acer saccharum","New York","Dutchess","Dutchess County","","","Trees measured in a series of visits 5/15/2018, 6/24 & 6/29/2018, 8/22/18, 9/27/2018, 10/13/2018, 12/26/1018","","302434","1","","","","Private","106.4'","Clinometer/laser rangefinder/sine","","","","","Joshua Harkness","2018-12-26","http%3A%2F%2Fwww.ents-bbs.org%2Fviewtopic.php%3Ff%3D105%26t%3D8278%26sid%3Dea8173bc505bccbb30b1e58603757f06","N"
"Sugar Maple","Acer saccharum","New York","Dutchess","Dutchess County","","","Trees measured in a series of visits 5/15/2018, 6/24 & 6/29/2018, 8/22/18, 9/27/2018, 10/13/2018, 12/26/1018","","302433","1","","","","Private","106.7'","Clinometer/laser rangefinder/sine","","","","","Joshua Harkness","2018-12-26","http%3A%2F%2Fwww.ents-bbs.org%2Fviewtopic.php%3Ff%3D105%26t%3D8278%26sid%3Dea8173bc505bccbb30b1e58603757f06","N"
"Sugar Maple","Acer saccharum","New York","Dutchess","Dutchess County","","","Trees measured in a series of visits 5/15/2018, 6/24 & 6/29/2018, 8/22/18, 9/27/2018, 10/13/2018, 12/26/1018","","302440","1","","","","Private","109.0'","Clinometer/laser rangefinder/sine","9.6'","115''","","","Joshua Harkness","2018-12-26","http%3A%2F%2Fwww.ents-bbs.org%2Fviewtopic.php%3Ff%3D105%26t%3D8278%26sid%3Dea8173bc505bccbb30b1e58603757f06","N"
"Sugar Maple","Acer saccharum","New York","Dutchess","Dutchess County","","","Trees measured in a series of visits 5/15/2018, 6/24 & 6/29/2018, 8/22/18, 9/27/2018, 10/13/2018, 12/26/1018","","302439","1","","","","Private","109.6'","Clinometer/laser rangefinder/sine","6.8'","82''","","","Joshua Harkness","2018-12-26","http%3A%2F%2Fwww.ents-bbs.org%2Fviewtopic.php%3Ff%3D105%26t%3D8278%26sid%3Dea8173bc505bccbb30b1e58603757f06","N"
"Sugar Maple","Acer saccharum","New York","Dutchess","Dutchess County","","","Trees measured in a series of visits 5/15/2018, 6/24 & 6/29/2018, 8/22/18, 9/27/2018, 10/13/2018, 12/26/1018","","302438","1","","","","Private","110.5'","Clinometer/laser rangefinder/sine","","","","Multi-stem","Joshua Harkness","2018-12-26","http%3A%2F%2Fwww.ents-bbs.org%2Fviewtopic.php%3Ff%3D105%26t%3D8278%26sid%3Dea8173bc505bccbb30b1e58603757f06","N"
"Sugar Maple","Acer saccharum","New York","Dutchess","Dutchess County","","","Trees measured in a series of visits 5/15/2018, 6/24 & 6/29/2018, 8/22/18, 9/27/2018, 10/13/2018, 12/26/1018","","302432","1","","","","Private","111.7'","Clinometer/laser rangefinder/sine","7.0'","84''","","","Joshua Harkness","2018-12-26","http%3A%2F%2Fwww.ents-bbs.org%2Fviewtopic.php%3Ff%3D105%26t%3D8278%26sid%3Dea8173bc505bccbb30b1e58603757f06","N"
"Sugar Maple","Acer saccharum","New York","Dutchess","Dutchess County","","","Trees measured in a series of visits 5/15/2018, 6/24 & 6/29/2018, 8/22/18, 9/27/2018, 10/13/2018, 12/26/1018","","302437","1","","","","Private","111.7'","Clinometer/laser rangefinder/sine","8.2'","98''","","","Joshua Harkness","2018-12-26","http%3A%2F%2Fwww.ents-bbs.org%2Fviewtopic.php%3Ff%3D105%26t%3D8278%26sid%3Dea8173bc505bccbb30b1e58603757f06","N"
"Sugar Maple","Acer saccharum","New York","Dutchess","Dutchess County","","","Trees measured in a series of visits 5/15/2018, 6/24 & 6/29/2018, 8/22/18, 9/27/2018, 10/13/2018, 12/26/1018","","302431","1","","","","Private","114.4'","Clinometer/laser rangefinder/sine","7.3'","88''","","","Joshua Harkness","2018-12-26","http%3A%2F%2Fwww.ents-bbs.org%2Fviewtopic.php%3Ff%3D105%26t%3D8278%26sid%3Dea8173bc505bccbb30b1e58603757f06","N"
"Sugar Maple","Acer saccharum","New York","Dutchess","Dutchess County","","","Trees measured in a series of visits 5/15/2018, 6/24 & 6/29/2018, 8/22/18, 9/27/2018, 10/13/2018, 12/26/1018","","302436","1","","","","Private","114.4'","Clinometer/laser rangefinder/sine","","","","","Joshua Harkness","2018-12-26","http%3A%2F%2Fwww.ents-bbs.org%2Fviewtopic.php%3Ff%3D105%26t%3D8278%26sid%3Dea8173bc505bccbb30b1e58603757f06","N"
"Sugar Maple","Acer saccharum","New York","Erie","Alexander Preserve","","","118 Acres along Cattaraugus Creek in Southern Erie County.","","257731","1","","","","Public-Private","105.3'","Clinometer/laser rangefinder/sine","9.8'","118''","","","Erik Danieldon","2015-04-04","http%3A%2F%2Fwww.ents-bbs.org%2Fviewtopic.php%3Ff%3D105%26t%3D6978%26sid%3D7f779ac8e663f6a5a7842ee6b38f6b83","N"
"Sugar Maple","Acer saccharum","New York","Erie","Hunters Creek Gorge","","","Trees were measured on the Kenneglen Preserve owned by the Western New York Land Conservancy and the Emmerling property to be acquired.","","261637","1","","","","Public-Private","107.0'","Clinometer/laser rangefinder/sine","8.0'","96''","","","Erik Danielson","2018-04-06","http%3A%2F%2Fwww.ents-bbs.org%2Fviewtopic.php%3Ff%3D105%26t%3D8245%26sid%3D02519a8b9d7201e9827338c2482cb174","N"
"Sugar Maple","Acer saccharum","New York","Erie","Hunters Creek Gorge","","","Trees were measured on the Kenneglen Preserve owned by the Western New York Land Conservancy and the Emmerling property to be acquired.","","261636","1","","","","Public-Private","111.0'","Clinometer/laser rangefinder/sine","6.1'","73''","","","Erik Danielson","2018-04-06","http%3A%2F%2Fwww.ents-bbs.org%2Fviewtopic.php%3Ff%3D105%26t%3D8245%26sid%3D02519a8b9d7201e9827338c2482cb174","N"
"Sugar Maple","Acer saccharum","New York","Erie","Yates Park","","","51 Acres","","256283","1","","","","Public - city","","Clinometer/laser rangefinder/sine","11.3'","136''","","","Tom Diggins","2003-03-15","http%3A%2F%2Fwww.nativetreesociety.org%2Ffieldtrips%2Fnew_york%2Furban_old_growth_in_western_new_.htm","N"
"Sugar Maple","Acer saccharum","New York","Erie","Zoar Valley - North Rim","","","Two feet of snow cover may have affected tree height calculation.","","275161","1","","","","Public - state","112.0'","Clinometer/laser rangefinder/sine","7.5'","90''","","","Erik Danielson","2018-02-11","http%3A%2F%2Fwww.ents-bbs.org%2Fviewtopic.php%3Ff%3D105%26t%3D8200%26sid%3Ddb13fd70bc49170bba0fb52260ebd1e8%23p41321","N"
"Sugar Maple","Acer saccharum","New York","Erie","Zoar Valley - North Rim","","","Two feet of snow cover may have affected tree height calculation.","","275160","1","","","","Public - state","115.0'","Clinometer/laser rangefinder/sine","9.5'","114''","","","Erik Danielson","2018-02-11","http%3A%2F%2Fwww.ents-bbs.org%2Fviewtopic.php%3Ff%3D105%26t%3D8200%26sid%3Ddb13fd70bc49170bba0fb52260ebd1e8%23p41321","N"
"Sugar Maple","Acer saccharum","New York","Erie","Zoar Valley - North Rim","","","Two feet of snow cover may have affected tree height calculation.","","275159","1","","","","Public - state","118.0'","Clinometer/laser rangefinder/sine","8.0'","96''","","","Erik Danielson","2018-02-11","http%3A%2F%2Fwww.ents-bbs.org%2Fviewtopic.php%3Ff%3D105%26t%3D8200%26sid%3Ddb13fd70bc49170bba0fb52260ebd1e8%23p41321","N"
"Sugar Maple","Acer saccharum","New York","Erie","Zoar Valley - North Rim","","","Two feet of snow cover may have affected tree height calculation.","","275164","1","","","","Public - state","118.0'","Clinometer/laser rangefinder/sine","10.1'","121''","","","Erik Danielson","2018-02-11","http%3A%2F%2Fwww.ents-bbs.org%2Fviewtopic.php%3Ff%3D105%26t%3D8200%26sid%3Ddb13fd70bc49170bba0fb52260ebd1e8%23p41321","N"
"Sugar Maple","Acer saccharum","New York","Erie","Zoar Valley - North Rim","","","Two feet of snow cover may have affected tree height calculation.","","275158","1","","","","Public - state","121.5'","Clinometer/laser rangefinder/sine","8.0'","96''","","","Erik Danielson","2018-02-11","http%3A%2F%2Fwww.ents-bbs.org%2Fviewtopic.php%3Ff%3D105%26t%3D8200%26sid%3Ddb13fd70bc49170bba0fb52260ebd1e8%23p41321","N"
"Sugar Maple","Acer saccharum","New York","Essex","Marcy Swamp Toward Panther Gorge","","","","","257568","1","","","","Public - state","86.8'","Clinometer/laser rangefinder/sine","8.2'","98''","","","Harold Stoner","2003-11-14","http%3A%2F%2Fwww.nativetreesociety.org%2Ffieldtrips%2Fnew_york%2Fadirondack_survey.htm","N"
"Sugar Maple","Acer saccharum","New York","Essex","Marcy Swamp Toward Panther Gorge","","","","","257561","1","","","","Public - state","90.0'","Clinometer/laser rangefinder/sine","7.1'","85''","","","Harold Stoner","2003-11-14","http%3A%2F%2Fwww.nativetreesociety.org%2Ffieldtrips%2Fnew_york%2Fadirondack_survey.htm","N"
"Sugar Maple","Acer saccharum","New York","Essex","Marcy Swamp Toward Panther Gorge","","","","","257560","1","","","","Public - state","118.0'","Clinometer/laser rangefinder/sine","6.9'","83''","","","Harold Stoner","2003-11-14","http%3A%2F%2Fwww.nativetreesociety.org%2Ffieldtrips%2Fnew_york%2Fadirondack_survey.htm","N"
"Sugar Maple","Acer saccharum","New York","Franklin","Ampersand Basin","","","Trees measured on 10/22 2019, E. Whitcomb
 9/8/2020. 9/9/2020, 9/13/2020,9/14/2020, E. Danielson. 10/22","","264756","1","","","","Public - state","7.9'","Clinometer/laser rangefinder/sine","10.6'","127''","","","Erik Danielson, Elijah Whitcomb","2020-09-14","http%3A%2F%2Fwww.ents-bbs.org%2Fviewtopic.php%3Ff%3D105%26t%3D8730%26sid%3Daef53288401235d377d10dca07017ed8%23p44543","N"
"Sugar Maple","Acer saccharum","New York","Franklin","Ampersand Basin","","","Trees measured on 10/22 2019, E. Whitcomb
 9/8/2020. 9/9/2020, 9/13/2020,9/14/2020, E. Danielson. 10/22","","264755","1","","","","Public - state","96.0'","Clinometer/laser rangefinder/sine","11.3'","136''","","","Erik Danielson, Elijah Whitcomb","2020-09-14","http%3A%2F%2Fwww.ents-bbs.org%2Fviewtopic.php%3Ff%3D105%26t%3D8730%26sid%3Daef53288401235d377d10dca07017ed8%23p44543","N"
"Sugar Maple","Acer saccharum","New York","Franklin","Ampersand Basin","","","Trees measured on 10/22 2019, E. Whitcomb
 9/8/2020. 9/9/2020, 9/13/2020,9/14/2020, E. Danielson. 10/22","","264490","1","","","","Public - state","97.5'","Clinometer/laser rangefinder/sine","8.4'","101''","","","Erik Danielson, Elijah Whitcomb, Rob Leverett","2017-11-15","http%3A%2F%2Fwww.ents-bbs.org%2Fviewtopic.php%3Ff%3D105%26t%3D8730%26sid%3Daef53288401235d377d10dca07017ed8%23p44543","N"
"Sugar Maple","Acer saccharum","New York","Franklin","Ampersand Basin","","","Trees measured on 10/22 2019, E. Whitcomb
 9/8/2020. 9/9/2020, 9/13/2020,9/14/2020, E. Danielson. 10/22","","264489","1","","","","Public - state","102.0'","Clinometer/laser rangefinder/sine","8.9'","107''","","","Erik Danielson, Elijah Whitcomb, Rob Leverett","2017-11-15","http%3A%2F%2Fwww.ents-bbs.org%2Fviewtopic.php%3Ff%3D105%26t%3D8730%26sid%3Daef53288401235d377d10dca07017ed8%23p44543","N"
"Sugar Maple","Acer saccharum","New York","Franklin","Ampersand Basin","","","Trees measured on 10/22 2019, E. Whitcomb
 9/8/2020. 9/9/2020, 9/13/2020,9/14/2020, E. Danielson. 10/22","","264488","1","","","","Public - state","102.5'","Clinometer/laser rangefinder/sine","6.8'","82''","","","Erik Danielson, Elijah Whitcomb, Rob Leverett","2017-11-15","http%3A%2F%2Fwww.ents-bbs.org%2Fviewtopic.php%3Ff%3D105%26t%3D8730%26sid%3Daef53288401235d377d10dca07017ed8%23p44543","N"
"Sugar Maple","Acer saccharum","New York","Franklin","Ascent Of Mount Van Dorrien","","","Trees measured 9/8/2020, 9/9/2020","","265084","1","","","","Public - state","94.5'","Clinometer/laser rangefinder/sine","10.6'","127''","","","Erik Danielson","2020-09-09","","N"
"Sugar Maple","Acer saccharum","New York","Franklin","Ascent Of Mount Van Dorrien","","","Trees measured 9/8/2020, 9/9/2020","","265083","1","","","","Public - state","96.0'","Clinometer/laser rangefinder/sine","11.3'","136''","","","Erik Danielson","2020-09-09","","N"
"Sugar Maple","Acer saccharum","New York","Franklin","Elders Grove, Paul Smiths, NY","","","","","257552","1","","","","Public-Private","81.4'","Clinometer/laser rangefinder/sine","","","","","Harold Stoner","2007-02-07","ents-bbs.org%2Fviewtopic.php%3Ff%3D105%26t%3D4359%26sid%3Dc908254de7b41a1baee6e37162e8896b%26start%3D10%23p38133","N"
"Sugar Maple","Acer saccharum","New York","Franklin","High Peaks Wilderness","","","275,40  acres located in franklin and Essex Counties.","","265360","1","","","","Public - state","98.7'","Clinometer/laser rangefinder/sine","10.5'","126''","","","Erik Danielson","2017-11-30","","N"
"Sugar Maple","Acer saccharum","New York","Franklin","High Peaks Wilderness","","","275,40  acres located in franklin and Essex Counties.","","265359","1","","","","Public - state","100.8'","Clinometer/laser rangefinder/sine","7.6'","91''","","","Erik Danielson","2017-11-30","","N"
"Sugar Maple","Acer saccharum","New York","Franklin","High Peaks Wilderness","","","275,40  acres located in franklin and Essex Counties.","","265361","1","","","","Public - state","103.8'","Clinometer/laser rangefinder/sine","9.8'","118''","","","Erik Danielson","2017-11-30","","N"
"Sugar Maple","Acer saccharum","New York","Franklin","High Peaks Wilderness","","","275,40  acres located in franklin and Essex Counties.","","265362","1","","","","Public - state","107.7'","Clinometer/laser rangefinder/sine","8.0'","96''","","","Erik Danielson","2017-11-30","","N"
"Sugar Maple","Acer saccharum","New York","Madison","Chittenango Falls State Park","","","193 acres","","262010","1","","","","Public - state","104.0'","Clinometer/laser rangefinder/sine","","","","","Elijah Whitcomb","2018-08-16","http%3A%2F%2Fwww.ents-bbs.org%2Fviewtopic.php%3Ff%3D105%26t%3D8343%26sid%3D9fd95f3cc5d5d436731823062af60065","N"
"Sugar Maple","Acer saccharum","New York","Madison","Oak Wood Cemetery-Chittenango","","","","","258124","1","","","","Public-Private","101.1'","Clinometer/laser rangefinder/sine","8.9'","107''","","","Tom Howard, Elijah Whitcomb","2016-02-21","http%3A%2F%2Fwww.ents-bbs.org%2Fviewtopic.php%3Ff%3D105%26t%3D7537%26sid%3Dc3cc8b52276b9a6cd68a87400391f677%23p36500","N"
"Sugar Maple","Acer saccharum","New York","Manhattan","Inwood Hill Park","","","Trees were measured during a series of visits between 12/20/2015 and 4/08/2016","","260005","1","","","","Public - city","95.7'","Clinometer/laser rangefinder/sine","5.7'","68''","","","Erik Danielson","2016-04-08","http%3A%2F%2Fwww.ents-bbs.org%2Fviewtopic.php%3Ff%3D105%26t%3D7396%26sid%3D82c231524f625f1e32dd5d64e14763f8","N"
"Sugar Maple","Acer saccharum","New York","Manhattan","Inwood Hill Park","","","Trees were measured during a series of visits between 12/20/2015 and 4/08/2016","","260004","1","","","","Public - city","102.7'","Clinometer/laser rangefinder/sine","5.3'","64''","","","Erik Danielson","2016-04-08","http%3A%2F%2Fwww.ents-bbs.org%2Fviewtopic.php%3Ff%3D105%26t%3D7396%26sid%3D82c231524f625f1e32dd5d64e14763f8","N"
"Sugar Maple","Acer saccharum","New York","Manhattan","Inwood Hill Park","","","Trees were measured during a series of visits between 12/20/2015 and 4/08/2016","","260003","1","","","","Public - city","104.9'","Clinometer/laser rangefinder/sine","7.2'","86''","","","Erik Danielson","2016-04-08","http%3A%2F%2Fwww.ents-bbs.org%2Fviewtopic.php%3Ff%3D105%26t%3D7396%26sid%3D82c231524f625f1e32dd5d64e14763f8","N"
"Sugar Maple","Acer saccharum","New York","Manhattan","Inwood Hill Park","","","Trees were measured during a series of visits between 12/20/2015 and 4/08/2016","","260015","1","","","","Public - city","106.4'","Clinometer/laser rangefinder/sine","4.8'","58''","","","Erik Danielson","2016-04-08","http%3A%2F%2Fwww.ents-bbs.org%2Fviewtopic.php%3Ff%3D105%26t%3D7396%26sid%3D82c231524f625f1e32dd5d64e14763f8","N"
"Sugar Maple","Acer saccharum","New York","Manhattan","Inwood Hill Park","","","Trees were measured during a series of visits between 12/20/2015 and 4/08/2016","","260014","1","","","","Public - city","106.8'","Clinometer/laser rangefinder/sine","6.7'","80''","","","Erik Danielson","2016-04-08","http%3A%2F%2Fwww.ents-bbs.org%2Fviewtopic.php%3Ff%3D105%26t%3D7396%26sid%3D82c231524f625f1e32dd5d64e14763f8","N"
"Sugar Maple","Acer saccharum","New York","Manhattan","Inwood Hill Park","","","Trees were measured during a series of visits between 12/20/2015 and 4/08/2016","","260013","1","","","","Public - city","114.5'","Clinometer/laser rangefinder/sine","5.1'","61''","","","Erik Danielson","2016-04-08","http%3A%2F%2Fwww.ents-bbs.org%2Fviewtopic.php%3Ff%3D105%26t%3D7396%26sid%3D82c231524f625f1e32dd5d64e14763f8","N"
"Sugar Maple","Acer saccharum","New York","Monroe","Gosnell Big Woods Preserve","","","163 Acres","","261371","1","","","","Public-Private","115.5'","Clinometer/laser rangefinder/sine","13.3'","160''","","","Elijah Whitcomb","2017-12-16","http%3A%2F%2Fwww.ents-bbs.org%2Fviewtopic.php%3Ff%3D105%26t%3D8143%26sid%3D34b1f252e0301bfead49f3effe40ffb9","N"
"Sugar Maple","Acer saccharum","New York","Monroe","Gosnell Big Woods Preserve","","","163 Acres","","261370","1","","","","Public-Private","127.0'","Clinometer/laser rangefinder/sine","8.9'","107''","","","Elijah Whitcomb","2017-12-16","http%3A%2F%2Fwww.ents-bbs.org%2Fviewtopic.php%3Ff%3D105%26t%3D8143%26sid%3D34b1f252e0301bfead49f3effe40ffb9","N"
"Sugar Maple","Acer saccharum","New York","Monroe","Washington Grove City Park","","","","","263729","1","","","","Public","","Clinometer/laser rangefinder/sine","7.1'","85''","","","Tom Howard, Larry Champoux, Elijah Whitcomb","2012-05-21","www.ents-bbs.org%2Fviewtopic.php%3Ff%3D105%26t%3D3263%26sid%3D3803bc1bcaa14bd290e6457a0afd92d0%26start%3D40%23p43745","N"
"Sugar Maple","Acer saccharum","New York","Monroe","Washington Grove City Park","","","","","263634","1","","","","Public","112.1'","Clinometer/laser rangefinder/sine","7.3'","88''","","","Elijah Whitcomb","2012-11-24","www.ents-bbs.org%2Fviewtopic.php%3Ff%3D105%26t%3D3263%26sid%3D3803bc1bcaa14bd290e6457a0afd92d0%26start%3D40%23p43745","N"
"Sugar Maple","Acer saccharum","New York","Nassau","Welwyn Preserve County Park","","","Trees were measured on 12/5/2016 and 12/19/2016","","258972","1","","","","Public - county","98.5'","Clinometer/laser rangefinder/sine","","","","","Erik Danielson","2016-04-24","http%3A%2F%2Fwww.ents-bbs.org%2Fviewtopic.php%3Ff%3D105%26t%3D7667%26sid%3D82c231524f625f1e32dd5d64e14763f8","N"
"Sugar Maple","Acer saccharum","New York","Onondaga","Green Lakes State Park","","","","","263459","1","","","","Public","99.6'","Clinometer/laser rangefinder/sine","9.4'","113''","","","Jess Riddle","2015-12-27","http%3A%2F%2Fwww.ents-bbs.org%2Fviewtopic.php%3Ff%3D105%26t%3D2419","N"
"Sugar Maple","Acer saccharum","New York","Onondaga","Green Lakes State Park","","","","","263460","1","","","","Public","112.0'","Clinometer/laser rangefinder/sine","","","","","Jess Riddle","2015-12-27","http%3A%2F%2Fwww.ents-bbs.org%2Fviewtopic.php%3Ff%3D105%26t%3D2419","N"
"Sugar Maple","Acer saccharum","New York","Onondaga","Green Lakes State Park","","","","","263461","1","","","","Public","122.6'","Clinometer/laser rangefinder/sine","8.1'","97''","","","Jess Riddle","2015-12-27","http%3A%2F%2Fwww.ents-bbs.org%2Fviewtopic.php%3Ff%3D105%26t%3D2419","N"
"Sugar Maple","Acer saccharum","New York","Onondaga","Liverpool School Maple Grove","","","","","257924","1","","","","Public-Private","","Clinometer/laser rangefinder/sine","6.9'","82''","","","Tom Howard, Jack Howard","2009-03-19","http%3A%2F%2Fwww.ents-bbs.org%2Fviewtopic.php%3Ff%3D105%26t%3D7426%26sid%3Dc5ed2ba57ebfaf34b1030c97de047870%23p41639","N"
"Sugar Maple","Acer saccharum","New York","Onondaga","Liverpool School Maple Grove","","","","","257925","1","","","","Public-Private","","Clinometer/laser rangefinder/sine","9.9'","118''","","","Tom Howard, Jack Howard","2009-03-19","http%3A%2F%2Fwww.ents-bbs.org%2Fviewtopic.php%3Ff%3D105%26t%3D7426%26sid%3Dc5ed2ba57ebfaf34b1030c97de047870%23p41639","N"
"Sugar Maple","Acer saccharum","New York","Onondaga","Liverpool School Maple Grove","","","","","257928","1","","","","Public-Private","","Clinometer/laser rangefinder/sine","5.4'","65''","","","Tom Howard, Jack Howard","2009-03-19","http%3A%2F%2Fwww.ents-bbs.org%2Fviewtopic.php%3Ff%3D105%26t%3D7426%26sid%3Dc5ed2ba57ebfaf34b1030c97de047870%23p41639","N"
"Sugar Maple","Acer saccharum","New York","Onondaga","Liverpool School Maple Grove","","","","","257929","1","","","","Public-Private","","Clinometer/laser rangefinder/sine","10.3'","124''","","","Tom Howard, Jack Howard","2009-03-19","http%3A%2F%2Fwww.ents-bbs.org%2Fviewtopic.php%3Ff%3D105%26t%3D7426%26sid%3Dc5ed2ba57ebfaf34b1030c97de047870%23p41639","N"
"Sugar Maple","Acer saccharum","New York","Onondaga","Liverpool School Maple Grove","","","","","257930","1","","","","Public-Private","","Clinometer/laser rangefinder/sine","13.6'","163''","","","Tom Howard, Jack Howard","2009-03-19","http%3A%2F%2Fwww.ents-bbs.org%2Fviewtopic.php%3Ff%3D105%26t%3D7426%26sid%3Dc5ed2ba57ebfaf34b1030c97de047870%23p41639","N"
"Sugar Maple","Acer saccharum","New York","Onondaga","Liverpool School Maple Grove","","","","","262915","1","","","","Public-Private","108.0'","Clinometer/laser rangefinder/sine","","","","","Tom Howard, Elijah Whitcomb","2015-12-28","http%3A%2F%2Fwww.ents-bbs.org%2Fviewtopic.php%3Ff%3D105%26t%3D7426%26sid%3Dc5ed2ba57ebfaf34b1030c97de047870%23p41639","N"
"Sugar Maple","Acer saccharum","New York","Onondaga","Liverpool School Maple Grove","","","","","262916","1","","","","Public-Private","114.7'","Clinometer/laser rangefinder/sine","","","","","Tom Howard, Elijah Whitcomb","2015-12-28","http%3A%2F%2Fwww.ents-bbs.org%2Fviewtopic.php%3Ff%3D105%26t%3D7426%26sid%3Dc5ed2ba57ebfaf34b1030c97de047870%23p41639","N"
"Sugar Maple","Acer saccharum","New York","Onondaga","Liverpool School Maple Grove","","","","","262911","1","","","","Public-Private","119.9'","Clinometer/laser rangefinder/sine","14.5'","174''","","","Tom Howard, Elijah Whitcomb","2015-12-28","http%3A%2F%2Fwww.ents-bbs.org%2Fviewtopic.php%3Ff%3D105%26t%3D7426%26sid%3Dc5ed2ba57ebfaf34b1030c97de047870%23p41639","N"
"Sugar Maple","Acer saccharum","New York","Onondaga","Liverpool School Maple Grove","","","","","262912","1","","","","Public-Private","124.6'","Clinometer/laser rangefinder/sine","","","","","Tom Howard, Elijah Whitcomb","2015-12-28","http%3A%2F%2Fwww.ents-bbs.org%2Fviewtopic.php%3Ff%3D105%26t%3D7426%26sid%3Dc5ed2ba57ebfaf34b1030c97de047870%23p41639","N"
"Sugar Maple","Acer saccharum","New York","Onondaga","Liverpool School Maple Grove","","","","","262914","1","","","","Public-Private","125.3'","Clinometer/laser rangefinder/sine","","","","","Tom Howard, Elijah Whitcomb","2015-12-28","http%3A%2F%2Fwww.ents-bbs.org%2Fviewtopic.php%3Ff%3D105%26t%3D7426%26sid%3Dc5ed2ba57ebfaf34b1030c97de047870%23p41639","N"
"Sugar Maple","Acer saccharum","New York","Onondaga","Liverpool School Maple Grove","","","","","262913","1","","","","Public-Private","127.8'","Clinometer/laser rangefinder/sine","","","","","Tom Howard, Elijah Whitcomb","2015-12-28","http%3A%2F%2Fwww.ents-bbs.org%2Fviewtopic.php%3Ff%3D105%26t%3D7426%26sid%3Dc5ed2ba57ebfaf34b1030c97de047870%23p41639","N"
"Sugar Maple","Acer saccharum","New York","Onondaga","Liverpool School Maple Grove","","","","","262909","1","","","","Public-Private","130.1'","Clinometer/laser rangefinder/sine","9.2'","110''","","","Elijah Whitcomb","2018-03-27","http%3A%2F%2Fwww.ents-bbs.org%2Fviewtopic.php%3Ff%3D105%26t%3D7426%26sid%3Dc5ed2ba57ebfaf34b1030c97de047870%23p41639","N"
"Sugar Maple","Acer saccharum","New York","Onondaga","Liverpool School Maple Grove","","","","","262908","1","","","","Public-Private","133.6'","Clinometer/laser rangefinder/sine","10.6'","127''","","","Elijah Whitcomb","2018-03-27","http%3A%2F%2Fwww.ents-bbs.org%2Fviewtopic.php%3Ff%3D105%26t%3D7426%26sid%3Dc5ed2ba57ebfaf34b1030c97de047870%23p41639","N"
"Sugar Maple","Acer saccharum","New York","Onondaga","Long Branch Park","","","","","263384","1","","","","Public","93.9'","Clinometer/laser rangefinder/sine","","","","","Elijah Whitcomb","2015-11-26","","N"
"Sugar Maple","Acer saccharum","New York","Richmond","Corson's Brook Woods","","","21 Acres","","258253","1","","","","Private","90.1'","Clinometer/laser rangefinder/sine","","","","","Erik Danielson","2016-04-01","http%3A%2F%2Fwww.ents-bbs.org%2Fviewtopic.php%3Ff%3D105%26t%3D7363%26sid%3D5a6e017133ea02fd52261a4e1e950e4e%23p38394","N"
"Sugar Maple","Acer saccharum","New York","Richmond","Corson's Brook Woods","","","21 Acres","","258252","1","","","","Private","95.8'","Clinometer/laser rangefinder/sine","","","","","Erik Danielson","2016-04-01","http%3A%2F%2Fwww.ents-bbs.org%2Fviewtopic.php%3Ff%3D105%26t%3D7363%26sid%3D5a6e017133ea02fd52261a4e1e950e4e%23p38394","N"
"Sugar Maple","Acer saccharum","New York","Schoharie","George Landis Arboretum","","","548 acres","","258535","1","","","","Private","87.6'","Clinometer/laser rangefinder/sine","","","","","Erik Danielson","2016-10-17","http%3A%2F%2Fwww.ents-bbs.org%2Fviewtopic.php%3Ff%3D105%26t%3D7847%26sid%3Ded2fa30b6553b50502468b82dfb9fe41%23p38660","N"
"Sugar Maple","Acer saccharum","New York","Schoharie","George Landis Arboretum","","","548 acres","","258534","1","","","","Private","89.4'","Clinometer/laser rangefinder/sine","","","","","Erik Danielson","2016-10-17","http%3A%2F%2Fwww.ents-bbs.org%2Fviewtopic.php%3Ff%3D105%26t%3D7847%26sid%3Ded2fa30b6553b50502468b82dfb9fe41%23p38660","N"
"Sugar Maple","Acer saccharum","New York","St. Lawrence","Gouveneur","","","","","256851","1","","","","Public-Private","54.5'","Clinometer/laser rangefinder/sine","4.7'","57''","","","Harold Stoner, Bradley Burns","2004-12-10","http%3A%2F%2Fnativetreesociety.org%2Ffieldtrips%2Fnew_york%2Fst_lawrence_county.htm","N"
"Sugar Maple","Acer saccharum","New York","St. Lawrence","Gouveneur","","","","","256849","1","","","","Public-Private","70.0'","Clinometer/laser rangefinder/sine","7.7'","93''","","","Harold Stoner, Bradley Burns","2004-12-10","http%3A%2F%2Fnativetreesociety.org%2Ffieldtrips%2Fnew_york%2Fst_lawrence_county.htm","N"
"Sugar Maple","Acer saccharum","New York","St. Lawrence","Gouveneur","","","","","256850","1","","","","Public-Private","70.5'","Clinometer/laser rangefinder/sine","7.7'","93''","","","Harold Stoner, Bradley Burns","2004-12-10","http%3A%2F%2Fnativetreesociety.org%2Ffieldtrips%2Fnew_york%2Fst_lawrence_county.htm","N"
"Sugar Maple","Acer saccharum","New York","Tioga","Newark Valley","","","","","257951","1","","","","Private-public","102.0'","Clinometer/laser rangefinder/sine","13.0'","156''","85.0'","Located on grounds of the Bement-Billings Homestead.
Tree has been tapped and is a prolific producer of sap.","Ed Nizalowski, Kevin Mathers","2005-07-31","http%3A%2F%2Fwww.nativetreesociety.org%2Ffieldtrips%2Fnew_york%2Fnewark_valley.htm","N"
"Sugar Maple","Acer saccharum","New York","Tompkins","Cornell Plantations/Beebe Lake Woods","","","","","261805","1","","","","Private:  Cornell University","118.3'","Clinometer/laser rangefinder/sine","","","","","Elijah Whitcomb","2016-04-02","http%3A%2F%2Fwww.ents-bbs.org%2Fviewtopic.php%3Ff%3D105%26t%3D6655","N"
"Sugar Maple","Acer saccharum","New York","Ulster","Balsam Mountain","","","Trees were measured on the Western slopes of Balsam mountain which includes much of Rider Hollow.","","275202","1","","","","Public - state","","Clinometer/laser rangefinder/sine","11.1'","133''","","","Jess Riddle","2006-11-03","http%3A%2F%2Fwww.nativetreesociety.org%2Ffieldtrips%2Fnew_york%2Fbalsam_mountain.htm","N"
"Sugar Maple","Acer saccharum","New York","Ulster","Balsam Mountain","","","Trees were measured on the Western slopes of Balsam mountain which includes much of Rider Hollow.","","275203","1","","","","Public - state","","Clinometer/laser rangefinder/sine","11.3'","136''","","","Jess Riddle","2006-11-03","http%3A%2F%2Fwww.nativetreesociety.org%2Ffieldtrips%2Fnew_york%2Fbalsam_mountain.htm","N"
"Sugar Maple","Acer saccharum","New York","Warren","Pack Demonstration Forest","","","","","258235","1","","","","Private","85.0'","Clinometer/laser rangefinder/sine","","","","","Tom Howard, Elijah Whitcomb","2015-08-17","","N"
"Sugar Maple","Acer saccharum","New York","Westchester","Halle Ravine","","","","","260713","1","","","","Public-Private","110.0'","Clinometer/laser rangefinder/sine","4.9'","59''","","","Erik Danielson","2017-08-07","http%3A%2F%2Fwww.ents-bbs.org%2Fviewtopic.php%3Ff%3D105%26t%3D8071%26sid%3D6b0f6b34c4c50c35d114e981206bd7cd","N"
"Sugar Maple","Acer saccharum","New York","Westchester","Halle Ravine","","","","","260712","1","","","","Public-Private","114.5'","Clinometer/laser rangefinder/sine","6.7'","80''","","","Erik Danielson","2017-08-07","http%3A%2F%2Fwww.ents-bbs.org%2Fviewtopic.php%3Ff%3D105%26t%3D8071%26sid%3D6b0f6b34c4c50c35d114e981206bd7cd","N"
"Sugar Maple","Acer saccharum","New York","Westchester","Mianus River Gorge Preserve","","","935 Acres","","258506","1","","","","Private","8.8'","Clinometer/laser rangefinder/sine","","","","","Erik Danielson","2016-10-17","http%3A%2F%2Fwww.ents-bbs.org%2Fviewtopic.php%3Ff%3D105%26t%3D7848%26sid%3Ded2fa30b6553b50502468b82dfb9fe41","N"
"Sugar Maple","Acer saccharum","New York","Westchester","Mianus River Gorge Preserve","","","935 Acres","","258514","1","","","","Private","108.3'","Clinometer/laser rangefinder/sine","","","","Along Red Trail","Erik Danielson","2016-10-17","http%3A%2F%2Fwww.ents-bbs.org%2Fviewtopic.php%3Ff%3D105%26t%3D7848%26sid%3Ded2fa30b6553b50502468b82dfb9fe41","N"
"Sugar Maple","Acer saccharum","New York","Wyoming","Letchworth State Park","","","","","194050","1","","","","Public","105.6'","Clinometer/laser rangefinder/sine","8.5'","102''","","","Dale Luthringer","2008-09-29","","N"
"Sugar Maple","Acer saccharum","Ohio","Ashland","Clearfork Gorge","","","","","165816","1","","","","public","113.4'","Clinometer/laser rangefinder/sine","","","","","Steve Galehouse, Rand Brown","2011-03-18","","N"
"Sugar Maple","Acer saccharum","Ohio","Athens","Riddle Nature Preserve","","","106 acres managed by the City of Athens.","","165809","1","","","","Public-state","118.5'","Clinometer/laser rangefinder/sine","8.3'","99''","","","Randy Brown","2008-04-08","http%3A%2F%2Fwww.nativetreesociety.org%2Ffieldtrips%2Fohio%2Friddle%2Friddle_hawk_woods.htm","N"
"Sugar Maple","Acer saccharum","Ohio","Belmont","Dysart Woods, SE Ohio","","","","","9908","1","","","","public","109.5'","","5.4'","65''","","","Thomas Diggins","2007-04-01","","N"
"Sugar Maple","Acer saccharum","Ohio","Butler","Miami University","","","Four Bur Oaks, including the largest one were measured on 2/3/2013 by M. Markworth.

see:http://www.ents-bbs.org/viewtopic.php?f=111&t=5009#p21622","","168463","1","","","","Public-state","","Clinometer/laser rangefinder/sine","9.3'","112''","","","Matt Markworth, Steve Galehouse","2013-05-08","http%3A%2F%2Fwww.ents-bbs.org%2Fviewtopic.php%3Ff%3D111%26t%3D5371%23p23473","N"
"Sugar Maple","Acer saccharum","Ohio","Cuyahoga","Bedford Reservation","","","","","14790","1","","","","Public - county","107.0'","Clinometer/laser rangefinder/sine","9.7'","116''","","","Steve Galehouse","2011-10-02","http%3A%2F%2Fwww.ents-bbs.org%2Fviewtopic.php%3Ff%3D111%26t%3D3075%23p38944","N"
"Sugar Maple","Acer saccharum","Ohio","Cuyahoga","Bradley Woods Metropark","","","","","18685","1","","","","Park","101.0'","Clinometer/laser rangefinder/sine","6.6'","79''","","","Steve Galehouse","2009-12-16","","N"
"Sugar Maple","Acer saccharum","Ohio","Cuyahoga","Brecksville Reservation","","","","","5886","1","","","","public","99.2'","Clinometer/laser rangefinder/sine","9.6'","115''","","","Steve Galehouse","2011-08-18","","N"
"Sugar Maple","Acer saccharum","Ohio","Cuyahoga","Brecksville Reservation","","","","","5877","1","","","","public","104.5'","Clinometer/laser rangefinder/sine","","","","","Steve Galehouse","2011-08-18","","N"
"Sugar Maple","Acer saccharum","Ohio","Cuyahoga","Elmwood Park","","","Elmwood Park is a small park in Rocky River, less than 1/4 S of Lake Erie. Some of the park is developed, but most of the land is wooded, with low hills and valleys that appear to once have been creek beds.","","16580","1","","","","City park","107.6'","Clinometer/laser rangefinder/sine","8.9'","107''","","","Steve Galehouse","2011-11-01","","N"
"Sugar Maple","Acer saccharum","Ohio","Cuyahoga","Rocky River Floodplain Forest","","","","","17340","1","","","","public","109.1'","Clinometer/laser rangefinder/sine","10.8'","130''","","","Steve Galehouse","2011-11-02","","N"
"Sugar Maple","Acer saccharum","Ohio","Cuyahoga","Rocky River Floodplain Forest","","","","","168881","1","","","","public","109.1'","Clinometer/laser rangefinder/sine","10.8'","130''","","","Steve Galehouse","2010-03-25","","N"
"Sugar Maple","Acer saccharum","Ohio","Cuyahoga","Rocky River Floodplain Forest","","","","","17349","1","","","","public","113.4'","Clinometer/laser rangefinder/sine","11.0'","132''","","","Steve Galehouse","2011-11-02","","N"
"Sugar Maple","Acer saccharum","Ohio","Cuyahoga","Rocky River Park","","","","","166913","1","","","","Public-city","101.0'","Clinometer/laser rangefinder/sine","9.1'","109''","","","Steve Galehouse","2009-03-22","http%3A%2F%2Fwww.nativetreesociety.org%2Ffieldtrips%2Fohio%2Frocky_river.htm","N"
"Sugar Maple","Acer saccharum","Ohio","Cuyahoga","Rocky River Upland Forest","","","","","166440","1","","","","Public","108.4'","Clinometer/laser rangefinder/sine","5.3'","63''","","","Steve Galehouse","2010-11-03","","N"
"Sugar Maple","Acer saccharum","Ohio","Cuyahoga","Tinker's Creek, Bedford Reservation","","","","","18864","1","","","","Metropark","108.4'","Clinometer/laser rangefinder/sine","8.6'","103''","","","Rand Brown","2008-04-15","","N"
"Sugar Maple","Acer saccharum","Ohio","Erie","Edison Woods Metropark","","","","","166490","1","","","","Public","111.0'","Clinometer/laser rangefinder/sine","","","","","Steve Galehouse","2009-12-13","http%3A%2F%2Fgroups.google.com%2Fgroup%2Fentstrees%2Fbrowse_thread%2Fthread%2Fe6af06b9b0363491%3Fhl%3Den","N"
"Sugar Maple","Acer saccharum","Ohio","Franklin","Public Hunting Area- North Bend And West Benk Area","","","","","168408","1","","","","Public-state","80.0'","Clinometer/laser rangefinder/sine","5.2'","62''","","","Rand Brown","2015-05-07","http%3A%2F%2Fwww.ents-bbs.org%2Fviewtopic.php%3Ff%3D111%26t%3D6992%23p33226","N"
"Sugar Maple","Acer saccharum","Ohio","Hamilton","California Woods Nature Preserve","","","113 Acres
Measurements made from 2014 thru 2017","","169537","1","","","","Pubkic - city","113.6'","Clinometer/laser rangefinder/sine","5.4'","65''","","","Matt Markworth","2014-02-27","http%3A%2F%2Fents-bbs.org%2Fviewtopic.php%3Ff%3D111%26t%3D6142%23p27831","N"
"Sugar Maple","Acer saccharum","Ohio","Hamilton","California Woods Nature Preserve","","","113 Acres
Measurements made from 2014 thru 2017","","169522","1","","","","Pubkic - city","118.0'","Clinometer/laser rangefinder/sine","8.7'","104''","","","Matt Markworth","2014-02-27","http%3A%2F%2Fents-bbs.org%2Fviewtopic.php%3Ff%3D111%26t%3D6142%23p27831","N"
"Sugar Maple","Acer saccharum","Ohio","Hamilton","Miami Whitewater Forest","","","","","165705","1","","","","Public-county","113.7'","Clinometer/laser rangefinder/sine","6.0'","72''","","","Matt Markworth","2014-04-19","http%3A%2F%2Fwww.ents-bbs.org%2Fviewtopic.php%3Ff%3D111%26t%3D4958","N"
"Sugar Maple","Acer saccharum","Ohio","Hocking","Hocking Hills SP, OH","","","","","9841","1","","","","public","116.6'","","6.6'","79''","","","Thomas Diggins","2005-04-02","","N"
"Sugar Maple","Acer saccharum","Ohio","Hocking","Hocking Hills SP, OH","","","","","18848","1","","","","public","122.6'","Clinometer/laser rangefinder/sine","7.8'","94''","","","Rand Brown","2011-01-17","","N"
"Sugar Maple","Acer saccharum","Ohio","Huron","Augusta-Anne Olsen State Nature Preserve","","","","","16264","1","","","","State","101.0'","Clinometer/laser rangefinder/sine","12.1'","145''","","","Steve Galehouse","2011-10-25","","N"
"Sugar Maple","Acer saccharum","Ohio","Lake","Holden Arboretum, Ohio","","","","","9810","1","","","","public","102.7'","","10.4'","125''","","","Edward Frank","2007-09-20","http%3A%2F%2Fwww.nativetreesociety.org%2Ffieldtrips%2Fohio%2Fholden%2Fholden_arboretum.htm","N"
"Sugar Maple","Acer saccharum","Ohio","Lake","North Chagrin Reservation (Forest Only)","41 33.986","-081 25.423","","","15981","1","41 33.986","-081 25.423","","public","109.5'","Clinometer/laser rangefinder/sine","11.2'","134''","","","Daniel Reed, Steve Galehouse, Will Blozan","2011-09-05","","N"
"Sugar Maple","Acer saccharum","Ohio","Lake","North Chagrin Reservation (Forest Only)","41 33.346","-081 25.219","","","15979","1","41 33.346","-081 25.219","","public","118.1'","Clinometer/laser rangefinder/sine","12.6'","151''","74.6'","","Daniel Reed, Steve Galehouse, Will Blozan","2011-09-05","","N"
"Sugar Maple","Acer saccharum","Ohio","Lake","North Chagrin Reservation (Forest Only)","41 34.038","-081 25.416","","","16072","1","41 34.038","-081 25.416","","public","123.0'","Clinometer/laser rangefinder/sine","10.3'","123''","","","Daniel Reed, Steve Galehouse, Will Blozan","2011-09-05","","N"
"Sugar Maple","Acer saccharum","Ohio","Lake","North Chagrin Reservation (Forest Only)","","","","","15988","1","","","","public","127.7'","Clinometer/laser rangefinder/sine","9.0'","108''","","","Daniel Reed, Steve Galehouse, Will Blozan","2011-09-05","","N"
"Sugar Maple","Acer saccharum","Ohio","Lake","Stebbin's Gulch","41 36.240","-081 16.655","","","166898","1","41 36.240","-081 16.655","","Private","111.7'","Clinometer/laser rangefinder/sine","9.1'","109''","","Stebbin's Gulch South","Steve Galehouse, Ed Frank, Randy Brown","2009-07-18","http%3A%2F%2Fwww.nativetreesociety.org%2Ffieldtrips%2Fohio%2Fholden2009%2Fholden1.htm","N"
"Sugar Maple","Acer saccharum","Ohio","Lake","Stebbin's Gulch","41 36.189","-081 16.447","","","166884","1","41 36.189","-081 16.447","","Private","117.0'","Clinometer/laser rangefinder/sine","10.3'","124''","","Stebbin's Gulch South","Steve Galehouse, Ed Frank, Randy Brown","2009-07-18","http%3A%2F%2Fwww.nativetreesociety.org%2Ffieldtrips%2Fohio%2Fholden2009%2Fholden1.htm","N"
"Sugar Maple","Acer saccharum","Ohio","Licking","Blackhand Gorge Nature Preserve","","","","","166428","1","","","","public","106.2'","Clinometer/laser rangefinder/sine","6.3'","75''","","","Rand Brown","2011-01-03","","N"
"Sugar Maple","Acer saccharum","Ohio","Logan","Davey Woods Nature Preserve, OH","","","","","9958","1","","","","Public","93.0'","","","","","","Randy Brown","2008-04-17","http%3A%2F%2Fwww.nativetreesociety.org%2Ffieldtrips%2Fohio%2Fdavey_woods_oh.htm","N"
"Sugar Maple","Acer saccharum","Ohio","Lorain","Black River Metro Park","","","","","166518","1","","","","Public","101.0'","Clinometer/laser rangefinder/sine","","","","","Steve Galehouse","2007-01-27","http%3A%2F%2Fwww.nativetreesociety.org%2Ffieldtrips%2Fohio%2Fblackriver%2Fblackriver.htm","N"
"Sugar Maple","Acer saccharum","Ohio","Mahoning","Kyle Woods, OH","","","","","166935","1","","","","public","","Clinometer/laser rangefinder/sine","10.8'","130''","","","Thomas Diggins","2003-04-04","","N"
"Sugar Maple","Acer saccharum","Ohio","Mahoning","Kyle Woods, OH","","","","","166936","1","","","","public","","Clinometer/laser rangefinder/sine","6.3'","76''","","","Thomas Diggins","2003-04-04","","N"
"Sugar Maple","Acer saccharum","Ohio","Mahoning","Kyle Woods, OH","","","","","11092","1","","","","public","117.2'","","9.9'","119''","","","Thomas Diggins","2004-03-18","","N"
"Sugar Maple","Acer saccharum","Ohio","Mahoning","Mill Creek Park, Youngstown, OH","","","","","9775","1","","","","public","103.6'","","6.2'","74''","","","Thomas Diggins","2003-07-13","","N"
"Sugar Maple","Acer saccharum","Ohio","Mahoning","Poland Woods OH","","","","","9764","1","","","","public","106.2'","","8.3'","99''","","","Thomas Diggins","2004-03-25","","N"
"Sugar Maple","Acer saccharum","Ohio","Medina","Whipp's Ledges","","","","","166877","1","","","","Park","","Clinometer/laser rangefinder/sine","9.2'","110''","","","Steve Galehouse","2009-10-11","","N"
"Sugar Maple","Acer saccharum","Ohio","Medina","Whipp's Ledges","","","","","2375","1","","","","Park","105.5'","Clinometer/laser rangefinder/sine","9.0'","108''","","","Steve Galehouse","2011-01-03","","N"
"Sugar Maple","Acer saccharum","Ohio","Montgomery","Germantown Metropark","","","","","35807","1","","","","Public - county","122.8'","Clinometer/laser rangefinder/sine","6.9'","83''","","","Matt Markworth","2013-04-06","http%3A%2F%2Fwww.ents-bbs.org%2Fviewtopic.php%3Ff%3D111%26t%3D4836","N"
"Sugar Maple","Acer saccharum","Ohio","Montgomery","Germantown Metropark","","","","","230779","1","","","","Public - county","122.8'","Clinometer/laser rangefinder/sine","6.8'","81''","","","Matt Markworth","2014-03-10","http%3A%2F%2Fwww.ents-bbs.org%2Fviewtopic.php%3Ff%3D111%26t%3D4836","N"
"Sugar Maple","Acer saccharum","Ohio","Summit","Boston Run","","","","","165836","1","","","","Public-national","108.7'","Clinometer/laser rangefinder/sine","","","","","Steve Galehouse","2011-10-23","http%3A%2F%2Fwww.ents-bbs.org%2Fviewtopic.php%3Ff%3D111%26t%3D3172","N"
"Sugar Maple","Acer saccharum","Ohio","Summit","Cuyahoga Valley Composite","","","This is a composite of the tallest trees by species previously recorded in a number of smaller sites within the Cuyahoga Valley, which are all part of the Akron/Summit County Metropark System or the Cuyahoga Valley National Park.","","63695","1","","","","Metropark, National Park","122.2'","Clinometer/laser rangefinder/sine","7.9'","95''","","Sand Run","Steve Galehouse, Rand Brown","2011-11-06","","N"
"Sugar Maple","Acer saccharum","Ohio","Summit","Everett Woods","","","","","2471","1","","","","Park","108.5'","Clinometer/laser rangefinder/sine","7.3'","87''","","","Rand Brown, Steve Galehouse","2011-04-03","","N"
"Sugar Maple","Acer saccharum","Ohio","Summit","Sand Run","","","","","18736","1","","","","Metropark","122.2'","Clinometer/laser rangefinder/sine","7.9'","95''","","","Steve Galehouse, Rand Brown","2010-11-09","","N"
"Sugar Maple","Acer saccharum","Ohio","Warren","Schappacher Park","","","4686 Old Irwin Road
Mason, Ohio","","187651","1","","","","Public - county","74.0'","Clinometer/laser rangefinder/sine","8.8'","106''","","","Matt Markworth","2018-08-18","http%3A%2F%2Fwww.ents-bbs.org%2Fviewtopic.php%3Ff%3D111%26t%3D8354","N"
"Sugar Maple","Acer saccharum","Ohio","Washington","Oak Grove Cemetery","39 25.444","-081 27.050","First Burial made in 1864","","272622","1","39 25.444","-081 27.050","700.0 ft","Public - City","","Clinometer/laser rangefinder/sine","9.1'","109''","","Section 3-5","Turner Sharp","2014-04-01","","N"
"Sugar Maple","Acer saccharum","Ontario","Regional Municipality Of Durham","Thickson's Woods","","","Owned by the Tickson's Woods Land Trust, Whitby, Ontario.","","233032","1","","","","Private - Land Trust","9.3'","Clinometer/laser rangefinder/sine","","","","","Tom Howard, Jack Howard","2010-06-01","http%3A%2F%2Fwww.ents-bbs.org%2Fviewtopic.php%3Ff%3D113%26t%3D1010%26sid%3Dafd548d57f95d070318fc711f95249e1","N"
"Sugar Maple","Acer saccharum","Ontario","Regional Municipality Of Niagara","Niagra Glen Nature Reserve","","","","","232991","1","","","","Public - state","73.1'","Clinometer/laser rangefinder/sine","4.6'","55''","","","Dale Luthringer","2002-04-15","Vhttp%3A%2F%2Fwww.nativetreesociety.org%2Ffieldtrips%2Fnew_york%2Fwestern_ny%2Fwestern_ny.htm","N"
"Sugar Maple","Acer saccharum","Ontario","Regional Municipality Of Niagara","Niagra Glen Nature Reserve","","","","","232992","1","","","","Public - state","84.6'","Clinometer/laser rangefinder/sine","6.0'","72''","","","Dale Luthringer","2002-04-15","Vhttp%3A%2F%2Fwww.nativetreesociety.org%2Ffieldtrips%2Fnew_york%2Fwestern_ny%2Fwestern_ny.htm","N"
"Sugar Maple","Acer saccharum","Pennsylvania","Bucks","Dark Hollow Park","","","","","166256","1","","","","Public - county","99.2'","Clinometer/laser rangefinder/sine","5.9'","71''","","","George Fieo","2009-08-08","nativetreesociety.org%2Ffieldtrips%2Fpenna%2F20090824-darkhollow%2Fdark_hollow_park_bucks_county_pa.htm","N"
"Sugar Maple","Acer saccharum","Pennsylvania","Bucks","Dark Hollow Park","","","","","166257","1","","","","Public - county","111.2'","Clinometer/laser rangefinder/sine","7.7'","92''","","","George Fieo","2009-08-08","nativetreesociety.org%2Ffieldtrips%2Fpenna%2F20090824-darkhollow%2Fdark_hollow_park_bucks_county_pa.htm","N"
"Sugar Maple","Acer saccharum","Pennsylvania","Chester","Airdrie Forest Preserve","","","","","143149","1","","","","Public","107.6'","Clinometer/laser rangefinder/sine","7.0'","84''","","","George Fieo","2009-06-21","","N"
"Sugar Maple","Acer saccharum","Pennsylvania","Chester","Cedar Hollow Preserve","","","","","142978","1","","","","Conservancy","94.8'","Clinometer/laser rangefinder/sine","6.3'","75''","","","George Fieo","2009-03-14","","N"
"Sugar Maple","Acer saccharum","Pennsylvania","Chester","Cedar Hollow Preserve","","","","","142979","1","","","","Conservancy","96.3'","Clinometer/laser rangefinder/sine","5.5'","66''","","","George Fieo","2009-03-14","","N"
"Sugar Maple","Acer saccharum","Pennsylvania","Chester/Montgomery","Andruss Island","","","","","143126","1","","","","Non-Profit Organisation","75.3'","Clinometer/laser rangefinder/sine","2.8'","34''","","","George Fieo","2010-10-14","","N"
"Sugar Maple","Acer saccharum","Pennsylvania","Chester/Montgomery","Valley Forge National Park","","","","","143228","1","","","","Public, National Park","80.3'","Clinometer/laser rangefinder/sine","5.4'","65''","","Chester County","George Fieo","2009-01-20","","N"
"Sugar Maple","Acer saccharum","Pennsylvania","Clarion","CFSP-Upper Toms Run","","","Measured in Maple Drive Old Growth Area.","","146610","1","","","","Public-state","111.9'","Clinometer/laser rangefinder/sine","4.4'","53''","","Breezemont Drive area.","Dale Luthringer","2002-02-18","http%3A%2F%2Fwww.nativetreesociety.org%2Fevents%2Fcook2007%2Fcook_forest_bte07.htm","N"
"Sugar Maple","Acer saccharum","Pennsylvania","Clarion","CFSP-Upper Toms Run","41 21.370","-079 14.634","Measured in Maple Drive Old Growth Area.","","146257","1","41 21.370","-079 14.634","","Public-state","114.8'","Clinometer/laser rangefinder/sine","10.4'","125''","","","Dale Luthringer","2005-02-14","http%3A%2F%2Fwww.nativetreesociety.org%2Fevents%2Fcook2007%2Fcook_forest_bte07.htm","N"
"Sugar Maple","Acer saccharum","Pennsylvania","Clarion","CFSP-Various","","","","","281463","1","","","","Public-state","110.4'","Clinometer/laser rangefinder/sine","6.4'","77''","","On Irish Rock Trail","Dale Luthringer, Carl Harting","2001-12-01","http%3A%2F%2Fwww.nativetreesociety.org%2Ffieldtrips%2Fpenna%2Fdonut.htm","N"
"Sugar Maple","Acer saccharum","Pennsylvania","Delaware","Smedley Park","39 55.375","-075 21.594","","","142831","1","39 55.375","-075 21.594","","County","98.6'","Clinometer/laser rangefinder/sine","5.8'","69''","","","George Fieo","2011-11-18","","N"
"Sugar Maple","Acer saccharum","Pennsylvania","Fayette","Friendship Hill","39 46.889","-079 55.328","","","18552","1","39 46.889","-079 55.328","","National Park","92.0'","Clinometer/laser rangefinder/sine","9.3'","112''","","","Steve Halow","2011-03-26","","N"
"Sugar Maple","Acer saccharum","Pennsylvania","Fayette","Friendship Hill","39 46.985","-079 55.649","","","18555","1","39 46.985","-079 55.649","","National Park","108.0'","Clinometer/laser rangefinder/sine","7.2'","86''","","","Steve Halow","2011-03-26","","N"
"Sugar Maple","Acer saccharum","Pennsylvania","Fayette","Ohiopyle SP","39 52.728","-079 29.773","","","21781","1","39 52.728","-079 29.773","","Public","116.0'","Clinometer/laser rangefinder/sine","","","","","Steve Halow, Randi Chambers","2011-11-11","","N"
"Sugar Maple","Acer saccharum","Pennsylvania","Monroe","Appalachian Trail At Delaware Water Gap NRA","","","","","129376","1","","","","Public - National Recreation Area","100.2'","Clinometer/laser rangefinder/sine","6.8'","82''","","","Ed Coyle","2004-12-31","http%3A%2F%2Fwww.nativetreesociety.org%2Ffieldtrips%2Fpenna%2Fhemlocks_natural_area2.htm","N"
"Sugar Maple","Acer saccharum","Pennsylvania","Montgomery","John James Audobon Center At Mill Grove","","","130 Acres with nine miles of trails.
Trees were also measured on 12/14/2008.","","134288","1","","","","Private","101.3'","Clinometer/laser rangefinder/sine","5.6'","67''","","","George Fieo","2008-12-05","http%3A%2F%2Fwww.nativetreesociety.org%2Ffieldtrips%2Fpenna%2Fpa_audubon_wildlife_sanctuary.htm","N"
"Sugar Maple","Acer saccharum","Pennsylvania","Philadelphia","Pennypack Park","","","","","143091","1","","","","City","74.8'","Clinometer/laser rangefinder/sine","11.8'","142''","","In parking lot, likely planted.","George Fieo","2009-12-28","","N"
"Sugar Maple","Acer saccharum","Pennsylvania","Philadelphia","Pennypack Park","","","","","143092","1","","","","City","90.5'","Clinometer/laser rangefinder/sine","8.7'","104''","","","George Fieo","2009-12-28","","N"
"Sugar Maple","Acer saccharum","Pennsylvania","Philadelphia","Wissahickon Valley Park","40 04.266","-075 13.449","","","173704","1","40 04.266","-075 13.449","","Public - city","104.6'","Clinometer/laser rangefinder/sine","9.8'","118''","","likely planted.","George Fieo","2011-11-15","","N"
"Sugar Maple","Acer saccharum","Pennsylvania","Pike","Hornbecks Creek","","","","","139702","1","","","","Public - National Recreation Area","97.8'","Clinometer/laser rangefinder/sine","5.3'","63''","","","George Fieo","2009-06-15","http%3A%2F%2Fwww.nativetreesociety.org%2Ffieldtrips%2Fpenna%2F20090615-dwg%2F20090615-hornbecks.htm","N"
"Sugar Maple","Acer saccharum","Pennsylvania","Pike","Hornbecks Creek","","","","","139703","1","","","","Public - National Recreation Area","108.2'","Clinometer/laser rangefinder/sine","6.6'","79''","","","George Fieo","2009-06-15","http%3A%2F%2Fwww.nativetreesociety.org%2Ffieldtrips%2Fpenna%2F20090615-dwg%2F20090615-hornbecks.htm","N"
"Sugar Maple","Acer saccharum","Pennsylvania","Washington","Mingo Creek County Park","40 12.141","-080 01.190","","","18635","1","40 12.141","-080 01.190","","County Government","74.0'","Clinometer/laser rangefinder/sine","10.7'","128''","","measured 10/2011","Steve Halow","2011-10-24","","N"
"Sugar Maple","Acer saccharum","Pennsylvania","Washington","Mingo Creek County Park","40 11.350","-080 03.164","","","18590","1","40 11.350","-080 03.164","","County Government","116.0'","Clinometer/laser rangefinder/sine","","","","","Steve Halow","2011-10-24","","N"
"Sugar Maple","Acer saccharum","Tennessee","Cocke","Jones Branch","","","","","229961","1","","","","Public - national","","Clinometer/laser rangefinder/sine","14.3'","172''","","On Jones Branch","Jess Riddle, Will Blozan","2006-08-06","http%3A%2F%2Fnativetreesociety.org%2Ffieldtrips%2Fgsmnp%2Fjonesbranch%2Fjones_branch.htm","N"
"Sugar Maple","Acer saccharum","Tennessee","Cocke","Rocky Face Mountain","","","Along Crosby Creek and cove(s)ndraining into Crosby Creek including tributary Toms Creek.","","229814","1","","","","Public - national","","Clinometer/laser rangefinder/sine","12.4'","149''","","","Jess Riddle, Michael Davie","2005-10-30","http%3A%2F%2Fnativetreesociety.org%2Ffieldtrips%2Fgsmnp%2Frocky_face_mountain.htm","N"
"Sugar Maple","Acer saccharum","Tennessee","Cocke","Rocky Face Mountain","","","Along Crosby Creek and cove(s)ndraining into Crosby Creek including tributary Toms Creek.","","229812","1","","","","Public - national","123.4'","Clinometer/laser rangefinder/sine","11.4'","137''","","","Jess Riddle, Michael Davie","2005-10-30","http%3A%2F%2Fnativetreesociety.org%2Ffieldtrips%2Fgsmnp%2Frocky_face_mountain.htm","N"
"Sugar Maple","Acer saccharum","Tennessee","Cocke","Rocky Face Mountain","","","Along Crosby Creek and cove(s)ndraining into Crosby Creek including tributary Toms Creek.","","229813","1","","","","Public - national","128.4'","Clinometer/laser rangefinder/sine","10.3'","123''","","","Jess Riddle, Michael Davie","2005-10-30","http%3A%2F%2Fnativetreesociety.org%2Ffieldtrips%2Fgsmnp%2Frocky_face_mountain.htm","N"
"Sugar Maple","Acer saccharum","Tennessee","Cocke","Webb Creek","","","","","229501","1","","","","Public - national","133.9'","Clinometer/laser rangefinder/sine","10.1'","121''","","","Jess Riddle, Michael Davie","2005-10-11","http%3A%2F%2Fnativetreesociety.org%2Ffieldtrips%2Fgsmnp%2Fwebb_creek.htm","N"
"Sugar Maple","Acer saccharum","Tennessee","Cocke","Webb Creek","","","","","229502","1","","","","Public - national","135.7'","Clinometer/laser rangefinder/sine","10.7'","128''","","","Jess Riddle, Michael Davie","2005-10-11","http%3A%2F%2Fnativetreesociety.org%2Ffieldtrips%2Fgsmnp%2Fwebb_creek.htm","N"
"Sugar Maple","Acer saccharum","Tennessee","Grundy","Grundy Forest State Natural Area","","","234 Acres","","228896","1","","","","Public - state","117.6'","Clinometer/laser rangefinder/sine","","","","Height is NLT (Not Less Than)","Jess Riddle","2006-03-20","http%3A%2F%2Fnativetreesociety.org%2Ffieldtrips%2Ftennessee%2Fsavage3%2Fgrundy_forest_state_natural_area.htm","N"
"Sugar Maple","Acer saccharum","Tennessee","Grundy","Savage Gulf","","","30,800 Acres in 10 units
15,590 aces in the Savage Gulf Unit","","228467","1","","","","Public - state","126.8'","Clinometer/laser rangefinder/sine","","","","","Jess Riddle, Michael Davie","2006-03-28","http%3A%2F%2Fnativetreesociety.org%2Ffieldtrips%2Ftennessee%2Fsavage2%2Fsavage_gulf_redux.htm","N"
"Sugar Maple","Acer saccharum","Tennessee","Grundy","Savage Gulf","","","30,800 Acres in 10 units
15,590 aces in the Savage Gulf Unit","","228468","1","","","","Public - state","135.4'","Clinometer/laser rangefinder/sine","10.5'","126''","","","Jess Riddle, Michael Davie","2006-03-28","http%3A%2F%2Fnativetreesociety.org%2Ffieldtrips%2Ftennessee%2Fsavage2%2Fsavage_gulf_redux.htm","N"
"Sugar Maple","Acer saccharum","Tennessee","Grundy","Savage Gulf","","","30,800 Acres in 10 units
15,590 aces in the Savage Gulf Unit","","228469","1","","","","Public - state","136.0'","Clinometer/laser rangefinder/sine","9.0'","108''","","","Jess Riddle, Michael Davie","2006-03-28","http%3A%2F%2Fnativetreesociety.org%2Ffieldtrips%2Ftennessee%2Fsavage2%2Fsavage_gulf_redux.htm","N"
"Sugar Maple","Acer saccharum","Tennessee","Morgan","Frozen Head State Park","","","","","275094","1","","","","Public","","Clinometer/laser rangefinder/sine","12.8'","153''","","","Jess Riddle, Adam Mountain","2015-11-27","","N"
"Sugar Maple","Acer saccharum","Tennessee","Sevier","Lowes And Cannon Creek","","","Lowes Creek and Cannon Creek into Porters Creek into Little pigeon River.","","229544","1","","","","Public - national","129.8'","Clinometer/laser rangefinder/sine","10.3'","123''","","Lowes Creek","Jess Riddle, Will Blozan","2006-02-09","http%3A%2F%2Fnativetreesociety.org%2Ffieldtrips%2Fgsmnp%2Flowes.htm","N"
"Sugar Maple","Acer saccharum","Tennessee","Sevier","Lowes And Cannon Creek","","","Lowes Creek and Cannon Creek into Porters Creek into Little pigeon River.","","229545","1","","","","Public - national","131.1'","Clinometer/laser rangefinder/sine","8.6'","103''","","Lowes Creek","Jess Riddle, Will Blozan","2006-02-09","http%3A%2F%2Fnativetreesociety.org%2Ffieldtrips%2Fgsmnp%2Flowes.htm","N"
"Sugar Maple","Acer saccharum","Tennessee","Sevier","Meigs Mountain Trail/Jakes Creek Connector","","","","","39617","1","","","","GSMNP Public","107.9'","Clinometer/laser rangefinder/sine","","","","","Brian Beduhn","2012-02-26","http%3A%2F%2Fwww.ents-bbs.org%2Fviewtopic.php%3Ff%3D74%26t%3D3753","N"
"Sugar Maple","Acer saccharum","Tennessee","Sevier","Porters Bowl","","","","","229917","1","","","","Public - national","","Clinometer/laser rangefinder/sine","9.9'","119''","","","Jess Riddle","2004-11-03","http%3A%2F%2Fnativetreesociety.org%2Ffieldtrips%2Fgsmnp%2Fgreenbrier.htm","N"
"Sugar Maple","Acer saccharum","Tennessee","Sevier","Sugarland Mountain","","","Access is off of US 441 South which parallels the West Prong of Little Pigeon River.","","229215","1","","","","Public - national","141.4'","Clinometer/laser rangefinder/sine","11.7'","140''","","","Jess Riddle","2006-10-20","http%3A%2F%2Fnativetreesociety.org%2Ffieldtrips%2Fgsmnp%2Fsugarland%2Fsugarland_mountain.htm","N"
"Sugar Maple","Acer saccharum","Tennessee","Sevier","Sugarland Mountain","","","Access is off of US 441 South which parallels the West Prong of Little Pigeon River.","","229216","1","","","","Public - national","141.5'","Clinometer/laser rangefinder/sine","","","","","Jess Riddle","2006-10-20","http%3A%2F%2Fnativetreesociety.org%2Ffieldtrips%2Fgsmnp%2Fsugarland%2Fsugarland_mountain.htm","N"
"Sugar Maple","Acer saccharum","Tennessee","Van Buren","Fall Creek Falls State Resort Park","","","","","228858","1","","","","Public","127.1'","Clinometer/laser rangefinder/sine","8.3'","99''","","","Jess Riddle","2006-07-19","","N"
"Sugar Maple","Acer saccharum","Vermont","Rutland","Gifford Woods Natural Area","","","7 acres","","253221","1","","","","Public - state","82.6'","Clinometer/laser rangefinder/sine","","","","","Tom Howard, Jack Howard","2012-09-01","http%3A%2F%2Fwww.ents-bbs.org%2Fviewtopic.php%3Ff%3D127%26t%3D4482%26sid%3D524d6eeb3030294cb57303bef20a0649%23p18972","N"
"Sugar Maple","Acer saccharum","Vermont","Rutland","Gifford Woods Natural Area","","","7 acres","","253222","1","","","","Public - state","84.9'","Clinometer/laser rangefinder/sine","","","","","Tom Howard, Jack Howard","2012-09-01","http%3A%2F%2Fwww.ents-bbs.org%2Fviewtopic.php%3Ff%3D127%26t%3D4482%26sid%3D524d6eeb3030294cb57303bef20a0649%23p18972","N"
"Sugar Maple","Acer saccharum","Vermont","Rutland","Gifford Woods Natural Area","","","7 acres","","253223","1","","","","Public - state","98.7'","Clinometer/laser rangefinder/sine","","","","","Tom Howard, Jack Howard","2012-09-01","http%3A%2F%2Fwww.ents-bbs.org%2Fviewtopic.php%3Ff%3D127%26t%3D4482%26sid%3D524d6eeb3030294cb57303bef20a0649%23p18972","N"
"Sugar Maple","Acer saccharum","Vermont","Rutland","Gifford Woods Natural Area","","","7 acres","","253220","1","","","","Public - state","105.6'","Clinometer/laser rangefinder/sine","9.5'","113''","","","Tom Howard, Jack Howard","2012-09-01","http%3A%2F%2Fwww.ents-bbs.org%2Fviewtopic.php%3Ff%3D127%26t%3D4482%26sid%3D524d6eeb3030294cb57303bef20a0649%23p18972","N"
"Sugar Maple","Acer saccharum","Wisconsin","Douglas","Douglas County","","","120 Acre tract. Was a diary farm","","233390","1","","","","Private","72.0'","Clinometer/laser rangefinder/sine","7.0'","84''","34.0'","","Larry Tucei","2007-11-01","http%3A%2F%2Fwww.nativetreesociety.org%2Ffieldtrips%2Fwisconsin%2Fdouglas%2Fdouglas_county.htm","N"