"Common Name","Botanical Name","State","County","Site","Site Latitude","Site Longitude","Location comments","Tree name","Tree id","Measurement number","Latitude","Longitude","Elevation","Ownership type","Height (ft)","Height measurement method","Girth (ft)","Girth (in)","Crown spread (ft)","Tree comments","Measurer(s)","Measured","Trip report url","Photos available"
"American Beech","Fagus grandifolia","Alabama","Jackson","Walls Of Jericho","34 59.076","-086 05.552","","","315743","1","34 59.076","-086 05.552","780.0 ft","Public","112.7'","Clinometer/laser rangefinder/sine","9.5'","114''","","","Elijah Whitcomb","2024-04-20","","N"
"American Beech","Fagus grandifolia","Arkansas","Ashley","Beech Creek In Overflow National Wildlife Refuge","","","12,247 Acres in the Overlow National Wildlife Refuge.
239 Acres tract along Beech Creek featuring mature Sugar Maple and Beech","","243100","1","","","","Public - federal","114.8'","Clinometer/laser rangefinder/sine","8.1'","97''","","","Jess Riddle","2014-07-04","http%3A%2F%2Fwww.ents-bbs.org%2Fviewtopic.php%3Ff%3D67%26t%3D6434%26sid%3Dc7b0c51175f428387223b27bc9c22940%23p29208","N"
"American Beech","Fagus grandifolia","Arkansas","Columbia","Logoly State Park","","","368 Acres","","234003","1","","","","Public - state","71.5'","Clinometer/laser rangefinder/sine","7.6'","91''","","Height is Not Less Then(NLT)","Don Bragg","2008-09-08","http%3A%2F%2Fwww.nativetreesociety.org%2Ffieldtrips%2Farkansas%2Flogoly_state_park_ar.htm","N"
"American Beech","Fagus grandifolia","District of Columbia","District Of Columbia","Glover - Archbold Park","","","This park is administered by the the NPS Rock Creek
Park staff","","76122","1","","","200.0 ft","Public - National Park","117.1'","Clinometer/laser rangefinder/sine","8.1'","97''","","","Will Blozan, Darian Copiz, Gaines Mcmartin","2008-10-24","","N"
"American Beech","Fagus grandifolia","District of Columbia","District Of Columbia","Glover - Archbold Park","","","This park is administered by the the NPS Rock Creek
Park staff","","76123","1","","","200.0 ft","Public - National Park","123.9'","Clinometer/laser rangefinder/sine","7.0'","85''","","","Will Blozan, Darian Copiz, Gaines Mcmartin","2008-10-24","","N"
"American Beech","Fagus grandifolia","District of Columbia","District Of Columbia","Klingle Valley Parkway","","","This is an administrative unit of Rock Creek Park","","76048","1","","","200.0 ft","Public - National Park","110.7'","Clinometer/laser rangefinder/sine","7.4'","89''","","","Darian Copiz","2004-12-28","http%3A%2F%2Fwww.nativetreesociety.org%2Ffieldtrips%2Fwashington_dc%2Fklingle%2Fklingle_valley.htm","N"
"American Beech","Fagus grandifolia","District of Columbia","District Of Columbia","Klingle Valley Parkway","","","This is an administrative unit of Rock Creek Park","","76047","1","","","200.0 ft","Public - National Park","119.3'","Clinometer/laser rangefinder/sine","8.3'","100''","","","Darian Copiz","2004-12-28","http%3A%2F%2Fwww.nativetreesociety.org%2Ffieldtrips%2Fwashington_dc%2Fklingle%2Fklingle_valley.htm","N"
"American Beech","Fagus grandifolia","District of Columbia","District Of Columbia","Melvin Hazen Trail Into Rock Creek Park","","","","","76096","1","","","200.0 ft","Public - National Park","111.2'","Clinometer/laser rangefinder/sine","6.3'","76''","","","Will Blozan","2005-01-03","http%3A%2F%2Fwww.nativetreesociety.org%2Ffieldtrips%2Fwashington_dc%2Frock_creek_park.htm","N"
"American Beech","Fagus grandifolia","District of Columbia","District Of Columbia","Potomac Palisades","","","This a lineal park stretching 185 miles along the Potomac River from Georgetown, DC to Cumberland, MD","","175037","1","","","","Public - federal","79.9'","Clinometer/laser rangefinder/sine","12.3'","148''","","","Darian Copiz","2015-03-15","http%3A%2F%2Fwww.ents-bbs.org%2Fviewtopic.php%3Ff%3D130%26t%3D7218","N"
"American Beech","Fagus grandifolia","District of Columbia","District Of Columbia","Potomac Palisades","","","This a lineal park stretching 185 miles along the Potomac River from Georgetown, DC to Cumberland, MD","","175036","1","","","","Public - federal","104.4'","Clinometer/laser rangefinder/sine","12.1'","145''","","","Darian Copiz","2015-03-15","http%3A%2F%2Fwww.ents-bbs.org%2Fviewtopic.php%3Ff%3D130%26t%3D7218","N"
"American Beech","Fagus grandifolia","District of Columbia","District Of Columbia","Theodore Roosevelt Island","","","Roosevelt Island is administered by the GW Memorial Parkway unit of the NPS","","128215","1","","","50.0 ft","Public - National Park","74.5'","Clinometer/laser rangefinder/sine","6.7'","80''","","","Darian Copiz","2005-12-12","http%3A%2F%2Fwww.nativetreesociety.org%2Ffieldtrips%2Fwashington_dc%2Froosevelt_island.htm","N"
"American Beech","Fagus grandifolia","District of Columbia","District Of Columbia","Trees Near Roadways And Parking Lots (Rock Creek Park)","","","","","126754","1","","","200.0 ft","Public - National Park","114.0'","Clinometer/laser rangefinder/sine","9.2'","110''","","","Will Blozan","2005-01-01","http%3A%2F%2Fwww.nativetreesociety.org%2Ffieldtrips%2Fwashington_dc%2Frock_creek_park.htm","N"
"American Beech","Fagus grandifolia","District of Columbia","District Of Columbia","Trees Near Roadways And Parking Lots (Rock Creek Park)","","","","","126755","1","","","200.0 ft","Public - National Park","118.7'","Clinometer/laser rangefinder/sine","8.3'","99''","","","Will Blozan","2005-01-01","http%3A%2F%2Fwww.nativetreesociety.org%2Ffieldtrips%2Fwashington_dc%2Frock_creek_park.htm","N"
"American Beech","Fagus grandifolia","Delaware","New Castle","Brandywine Creek State Park","","","","","142959","1","","","","State","82.4'","Clinometer/laser rangefinder/sine","12.9'","155''","","","George Fieo","2011-01-09","","N"
"American Beech","Fagus grandifolia","Delaware","New Castle","Brandywine Creek State Park","39 48.255","-075 34.641","","","142884","1","39 48.255","-075 34.641","","State","135.0'","Clinometer/laser rangefinder/sine","8.4'","101''","","Within Tulip Tree Woods Preserve.","George Fieo","2011-01-09","","N"
"American Beech","Fagus grandifolia","Delaware","New Castle","Chesapeake Bay Girl Scout Council Property","","","40 Acres","","232239","1","","","","Private","121.0'","Clinometer/laser rangefinder/sine","8.6'","103''","","","George Fieo","2014-11-21","http%3A%2F%2Fwww.ents-bbs.org%2Fviewtopic.php%3Ff%3D71%26t%3D8741%26sid%3D4b23d5b42476125c3d869ba89d4ef743%23p44611","N"
"American Beech","Fagus grandifolia","Delaware","New Castle","First State National Historical Park","","","This historical park incorporates many historical sites throughout Delaware. It also includes about 1,100 acres of woodland along Brandywine River with 200 acres of these acres being in Pennsylvania.","","232091","1","","","","Public - federal","121.6'","Clinometer/laser rangefinder/sine","6.2'","74''","","","George Fieo","2014-10-25","http%3A%2F%2Fwww.ents-bbs.org%2Fviewtopic.php%3Ff%3D71%26t%3D8643%26sid%3D3fdcc58b0d25adce7768d60248ada623","N"
"American Beech","Fagus grandifolia","Delaware","New Castle","First State National Historical Park","","","This historical park incorporates many historical sites throughout Delaware. It also includes about 1,100 acres of woodland along Brandywine River with 200 acres of these acres being in Pennsylvania.","","232092","1","","","","Public - federal","124.2'","Clinometer/laser rangefinder/sine","7.5'","90''","","","George Fieo","2014-10-25","http%3A%2F%2Fwww.ents-bbs.org%2Fviewtopic.php%3Ff%3D71%26t%3D8643%26sid%3D3fdcc58b0d25adce7768d60248ada623","N"
"American Beech","Fagus grandifolia","Delaware","New Castle","First State National Historical Park","","","This historical park incorporates many historical sites throughout Delaware. It also includes about 1,100 acres of woodland along Brandywine River with 200 acres of these acres being in Pennsylvania.","","232093","1","","","","Public - federal","125.1'","Clinometer/laser rangefinder/sine","7.5'","90''","","","George Fieo","2014-10-25","http%3A%2F%2Fwww.ents-bbs.org%2Fviewtopic.php%3Ff%3D71%26t%3D8643%26sid%3D3fdcc58b0d25adce7768d60248ada623","N"
"American Beech","Fagus grandifolia","Delaware","New Castle","Flint Woods {Reserve","","","37 Acres with additional acreage under conservation easement.","","232211","1","","","","Public - state","124.4'","Clinometer/laser rangefinder/sine","9.7'","116''","","","George Fieo","2014-11-19","http%3A%2F%2Fwww.ents-bbs.org%2Fviewtopic.php%3Ff%3D71%26t%3D8740%26sid%3D4b23d5b42476125c3d869ba89d4ef743","N"
"American Beech","Fagus grandifolia","Delaware","New Castle","Flint Woods {Reserve","","","37 Acres with additional acreage under conservation easement.","","232212","1","","","","Public - state","124.7'","Clinometer/laser rangefinder/sine","8.4'","101''","","","George Fieo","2014-11-19","http%3A%2F%2Fwww.ents-bbs.org%2Fviewtopic.php%3Ff%3D71%26t%3D8740%26sid%3D4b23d5b42476125c3d869ba89d4ef743","N"
"American Beech","Fagus grandifolia","Delaware","New Castle","Winterthur","","","","","140149","1","","","","Private","130.7'","Clinometer/laser rangefinder/sine","10.1'","121''","","","Will Blozan, George Fieo, Scott Wade","2010-09-10","http%3A%2F%2Fwww.ents-bbs.org%2Fviewtopic.php%3Ff%3D71%26t%3D6420%23p29114","N"
"American Beech","Fagus grandifolia","Delaware","New Castle","Winterthur","","","","","140148","1","","","","Private","138.2'","Clinometer/laser rangefinder/sine","7.1'","85''","","","Will Blozan, George Fieo, Scott Wade","2010-09-10","http%3A%2F%2Fwww.ents-bbs.org%2Fviewtopic.php%3Ff%3D71%26t%3D6420%23p29114","N"
"American Beech","Fagus grandifolia","Georgia","Bleckley","Ocmulgee Flats","","","Ocmulgee Wildlife Management Area","","234704","1","","","","Public - federal","","Clinometer/laser rangefinder/sine","12.6'","151''","","","Jess Riddle","2006-01-14","http%3A%2F%2Fwww.nativetreesociety.org%2Ffieldtrips%2Fgeorgia%2Focmulgee_flats.htm","N"
"American Beech","Fagus grandifolia","Georgia","Dekalb","Herbert Taylor/Daniel Johnson Nature Preserve, Atlanta, GA","","","","","19243","1","","","","Park","124.5'","Clinometer/laser rangefinder/sine","10.5'","126''","","","Eli ?","2012-01-28","","N"
"American Beech","Fagus grandifolia","Georgia","Fulton","Piedmont Park","","","185 Acre Park","","235289","1","","","","Public - city","104.6'","Clinometer/laser rangefinder/sine","","","","Storza Woods","Jess Riddle","2005-04-17","http%3A%2F%2Fwww.nativetreesociety.org%2Ffieldtrips%2Fgeorgia%2Fatlanta_trees.htm","N"
"American Beech","Fagus grandifolia","Georgia","Murray","North Prong Sumac Creek","","","","","234749","1","","","","Public - federal","96.1'","Clinometer/laser rangefinder/sine","10.1'","121''","","","Jess Riddle","2003-11-27","http%3A%2F%2Fwww.nativetreesociety.org%2Ffieldtrips%2Fgeorgia%2Fnorth_prong_sumac_creek.htm","N"
"American Beech","Fagus grandifolia","Georgia","Murray","North Prong Sumac Creek","","","","","234748","1","","","","Public - federal","112.0'","Clinometer/laser rangefinder/sine","8.3'","99''","","","Jess Riddle","2003-11-27","http%3A%2F%2Fwww.nativetreesociety.org%2Ffieldtrips%2Fgeorgia%2Fnorth_prong_sumac_creek.htm","N"
"American Beech","Fagus grandifolia","Georgia","Rabun","Camp Creek","","","Trees were measured on an alluvial flat.","","235226","1","","","","Public - federal","109.8'","Clinometer/laser rangefinder/sine","11.7'","140''","","","Jess Riddle","2005-06-13","http%3A%2F%2Fwww.ents-bbs.org%2Fviewtopic.php%3Ff%3D73%26t%3D5736%26sid%3Da73770c2b894b38da07dbd9d5b148ced","N"
"American Beech","Fagus grandifolia","Georgia","Rabun","Camp Creek","","","Trees were measured on an alluvial flat.","","235227","1","","","","Public - federal","125.8'","Clinometer/laser rangefinder/sine","","","","","Jess Riddle","2005-06-13","http%3A%2F%2Fwww.ents-bbs.org%2Fviewtopic.php%3Ff%3D73%26t%3D5736%26sid%3Da73770c2b894b38da07dbd9d5b148ced","N"
"American Beech","Fagus grandifolia","Georgia","Stephens","Panther Creek","","","","","249202","1","","","","Public - federal","120.4'","Clinometer/laser rangefinder/sine","","","","","Jess Riddle, Doug Riddle","2011-12-29","http%3A%2F%2Fwww.ents-bbs.org%2Fviewtopic.php%3Ff%3D73%26t%3D3469%26sid%3Da73770c2b894b38da07dbd9d5b148ced","N"
"American Beech","Fagus grandifolia","Georgia","Stephens","Panther Creek","","","","","249109","1","","","","Public - federal","121.5'","Clinometer/laser rangefinder/sine","8.2'","98''","","","Jess Riddle","2005-03-18","http%3A%2F%2Fwww.ents-bbs.org%2Fviewtopic.php%3Ff%3D73%26t%3D3469%26sid%3Da73770c2b894b38da07dbd9d5b148ced","N"
"American Beech","Fagus grandifolia","Georgia","Stephens","Panther Creek","34 40.127","-083 22.033","","","234526","2","34 40.127","-083 22.033","","Public - federal","126.9'","Clinometer/laser rangefinder/sine","10.2'","122''","","","Jess Riddle, Doug Riddle, Jess Riddle","2005-03-18","http%3A%2F%2Fwww.ents-bbs.org%2Fviewtopic.php%3Ff%3D73%26t%3D3469%26sid%3Da73770c2b894b38da07dbd9d5b148ced","N"
"American Beech","Fagus grandifolia","Georgia","Stephens","Panther Creek","","","","","249110","1","","","","Public - federal","129.4'","Clinometer/laser rangefinder/sine","7.5'","90''","","","Jess Riddle","2005-03-18","http%3A%2F%2Fwww.ents-bbs.org%2Fviewtopic.php%3Ff%3D73%26t%3D3469%26sid%3Da73770c2b894b38da07dbd9d5b148ced","N"
"American Beech","Fagus grandifolia","Georgia","Stephens","Panther Creek","","","","","249203","1","","","","Public - federal","131.1'","Clinometer/laser rangefinder/sine","10.2'","122''","","","Jess Riddle, Doug Riddle","2011-12-29","http%3A%2F%2Fwww.ents-bbs.org%2Fviewtopic.php%3Ff%3D73%26t%3D3469%26sid%3Da73770c2b894b38da07dbd9d5b148ced","N"
"American Beech","Fagus grandifolia","Indiana","Jennings","Tribett's Woods Nature Preserve","","","Known as ""flatwoods timber"" this tract grows on ""white clay flats"" which is loess clay derived sol which is wet in the spring and dry in the fal.l","","174063","1","","","","Private","","","9.1'","109''","","","Matt Markworth","2013-02-25","http%3A%2F%2Fwww.ents-bbs.org%2Fviewtopic.php%3Ff%3D79%26t%3D5077","N"
"American Beech","Fagus grandifolia","Indiana","Lawrence","Donaldson Woods Nature Preserve","","","145 acres","","169841","1","","","","Public - state","","Clinometer/laser rangefinder/sine","8.5'","102''","","","Don Bragg","2006-07-05","http%3A%2F%2Fwww.ents-bbs.org%2Fviewtopic.php%3Ff%3D79%26t%3D6186%23p28117","N"
"American Beech","Fagus grandifolia","Indiana","Lawrence","Donaldson Woods Nature Preserve","","","145 acres","","169922","1","","","","Public - state","116.0'","Clinometer/laser rangefinder/sine","6.4'","77''","","","Randy Brown","2008-04-23","http%3A%2F%2Fwww.ents-bbs.org%2Fviewtopic.php%3Ff%3D79%26t%3D6186%23p28117","N"
"American Beech","Fagus grandifolia","Indiana","Lawrence","Donaldson Woods Nature Preserve","","","145 acres","","169936","1","","","","Public - state","126.5'","Clinometer/laser rangefinder/sine","8.6'","104''","","","Randy Brown","2008-04-23","http%3A%2F%2Fwww.ents-bbs.org%2Fviewtopic.php%3Ff%3D79%26t%3D6186%23p28117","N"
"American Beech","Fagus grandifolia","Indiana","Monroe","Dunn's Woods","","","Originally a 20 acre tract reduced to 10 acres by campus buildings.","","169762","1","","","","Public-state","101.8'","Clinometer/laser rangefinder/sine","7.5'","90''","","","John Eichholz","2010-06-10","http%3A%2F%2Fwww.ents-bbs.org%2Fviewtopic.php%3Ff%3D79%26t%3D917%23p3154","N"
"American Beech","Fagus grandifolia","Indiana","Orange","Pioneer Mother's Memorial Forest","","","Near Paoli, Indiana
88 Acres","","169616","1","","","","Public - federal","40.0'","Clinometer/laser rangefinder/sine","12.2'","146''","","Top out","Don Bragg","2005-06-30","http%3A%2F%2Fwww.ents-bbs.org%2Fviewtopic.php%3Ff%3D79%26t%3D6897","N"
"American Beech","Fagus grandifolia","Indiana","Orange","Pioneer Mother's Memorial Forest","","","Near Paoli, Indiana
88 Acres","","169853","1","","","","Public - federal","56.8'","Clinometer/laser rangefinder/sine","12.0'","145''","","Top out","Randy Brown","2008-06-01","http%3A%2F%2Fwww.ents-bbs.org%2Fviewtopic.php%3Ff%3D79%26t%3D6897","N"
"American Beech","Fagus grandifolia","Indiana","Orange","Pioneer Mother's Memorial Forest","","","Near Paoli, Indiana
88 Acres","","169863","1","","","","Public - federal","119.7'","Clinometer/laser rangefinder/sine","","","","2nd cove","Randy Brown","2008-06-01","http%3A%2F%2Fwww.ents-bbs.org%2Fviewtopic.php%3Ff%3D79%26t%3D6897","N"
"American Beech","Fagus grandifolia","Indiana","Orange","Pioneer Mother's Memorial Forest","","","Near Paoli, Indiana
88 Acres","","169858","1","","","","Public - federal","122.3'","Clinometer/laser rangefinder/sine","8.3'","100''","","","Randy Brown","2008-06-01","http%3A%2F%2Fwww.ents-bbs.org%2Fviewtopic.php%3Ff%3D79%26t%3D6897","N"
"American Beech","Fagus grandifolia","Kentucky","Edmonson","Mammoth Cave National Park","37 12.424","-086 14.808","","","297319","1","37 12.424","-086 14.808","475.0 ft","Public","121.7'","Clinometer/laser rangefinder/sine","7.4'","88''","","","Elijah Whitcomb","2023-06-23","","N"
"American Beech","Fagus grandifolia","Kentucky","Edmonson","Mammoth Cave National Park","37 10.598","-086 06.656","","","297636","1","37 10.598","-086 06.656","530.0 ft","Public","128.9'","Clinometer/laser rangefinder/sine","9.1'","109''","","","Elijah Whitcomb","2023-06-23","","N"
"American Beech","Fagus grandifolia","Kentucky","Edmonson","Mammoth Cave National Park","37 08.673","-086 05.142","","","297469","1","37 08.673","-086 05.142","695.0 ft","Public","129.0'","Clinometer/laser rangefinder/sine","8.3'","100''","","","Elijah Whitcomb","2023-06-23","","N"
"American Beech","Fagus grandifolia","Kentucky","Edmonson","Mammoth Cave National Park","37 10.553","-086 06.703","","","297635","1","37 10.553","-086 06.703","570.0 ft","Public","130.3'","Clinometer/laser rangefinder/sine","8.1'","97''","","","Elijah Whitcomb","2023-06-23","","N"
"American Beech","Fagus grandifolia","Kentucky","Edmonson","Mammoth Cave National Park","37 12.699","-086 15.157","","","297320","1","37 12.699","-086 15.157","570.0 ft","Public","135.8'","Clinometer/laser rangefinder/sine","9.0'","108''","","","Elijah Whitcomb","2023-06-23","","N"
"American Beech","Fagus grandifolia","Kentucky","Jefferson","Cave Hill Cemetery","","","296 
















Established 1848. Contains a National Cemeter, plus an arboretum,
296 acres.","","174569","1","","","","Public - city","","Clinometer/laser rangefinder/sine","15.8'","190''","","Poor condition.","Mark Rouw","2014-10-15","http%3A%2F%2Fwww.ents-bbs.org%2Fviewtopic.php%3Ff%3D82%26t%3D6836%23p31695","N"
"American Beech","Fagus grandifolia","Kentucky","Jefferson","Cave Hill Cemetery","","","296 
















Established 1848. Contains a National Cemeter, plus an arboretum,
296 acres.","","174570","1","","","","Public - city","83.0'","Clinometer/laser rangefinder/sine","14.3'","172''","107.0'","","Mark Rouw","2014-10-15","http%3A%2F%2Fwww.ents-bbs.org%2Fviewtopic.php%3Ff%3D82%26t%3D6836%23p31695","N"
"American Beech","Fagus grandifolia","Kentucky","Laurel","Rock Creel Research Area","","","1,062 acres of which about 190 acres is old growth","","76436","1","","","820.0 ft","Public - National Forest","116.9'","Clinometer/laser rangefinder/sine","","","","","Jess Riddle","2006-11-07","http%3A%2F%2Fwww.nativetreesociety.org%2Ffieldtrips%2Fkentucky%2Fanglin_falls.htm","N"
"American Beech","Fagus grandifolia","Kentucky","Letcher","Lilly Cornett Woods","37 05.326","-082 59.477","Must make an appointment to access the property","","76450","1","37 05.326","-082 59.477","1200.0 ft","Public - State Natural Area","106.7'","Clinometer/laser rangefinder/sine","","","","","Dale Luthringer","2004-02-17","http%3A%2F%2Fwww.nativetreesociety.org%2Ffieldtrips%2Fkentucky%2Flilley_cornett_woods.htm","N"
"American Beech","Fagus grandifolia","Kentucky","Mccreary","Along The Cumberland River","","","","","76416","1","","","","Public - National Forest","","","8.7'","104''","","","Jim Scheef","2011-09-28","http%3A%2F%2Fwww.ents-bbs.org%2Fviewtopic.php%3Ff%3D82%26t%3D3049%23p12183","N"
"American Beech","Fagus grandifolia","Massachusetts","Berkshire","Chickley River Valley","","","Trees were measured on the public lands of Savoy Mountain State Park, Kenneth M. Dubuque State Park and some private land.","","250149","1","","","","Public-Private","114.9'","Clinometer/laser rangefinder/sine","6.6'","79''","","","John Knuerr","2011-11-12","http%3A%2F%2Fwww.ents-bbs.org%2Fviewtopic.php%3Ff%3D86%26t%3D3262%26sid%3Df4a6e4470aee0238cfd4fb23a06e6032%23p13071","N"
"American Beech","Fagus grandifolia","Massachusetts","Hampden","Robinson State Park","","","Trees were measured in two different coves","","235620","1","","","","Public - state","96.8'","Clinometer/laser rangefinder/sine","5.3'","64''","","","John Eichholz","2006-12-03","http%3A%2F%2Fwww.nativetreesociety.org%2Ffieldtrips%2Fmass%2Frobinson%2Frobinson_state_park_update.htm","N"
"American Beech","Fagus grandifolia","Massachusetts","Hampden","Robinson State Park","","","Trees were measured in two different coves","","235624","1","","","","Public - state","103.0'","Clinometer/laser rangefinder/sine","4.7'","56''","","","John Eichholz","2006-12-03","http%3A%2F%2Fwww.nativetreesociety.org%2Ffieldtrips%2Fmass%2Frobinson%2Frobinson_state_park_update.htm","N"
"American Beech","Fagus grandifolia","Massachusetts","Hampden","Robinson State Park","","","Trees were measured in two different coves","","235623","1","","","","Public - state","104.8'","Clinometer/laser rangefinder/sine","5.2'","62''","","","John Eichholz","2006-12-03","http%3A%2F%2Fwww.nativetreesociety.org%2Ffieldtrips%2Fmass%2Frobinson%2Frobinson_state_park_update.htm","N"
"American Beech","Fagus grandifolia","Massachusetts","Hampden","Robinson State Park","","","Trees were measured in two different coves","","235621","1","","","","Public - state","105.4'","Clinometer/laser rangefinder/sine","6.0'","72''","","","John Eichholz","2006-12-03","http%3A%2F%2Fwww.nativetreesociety.org%2Ffieldtrips%2Fmass%2Frobinson%2Frobinson_state_park_update.htm","N"
"American Beech","Fagus grandifolia","Massachusetts","Hampden","Robinson State Park","","","Trees were measured in two different coves","","235622","1","","","","Public - state","107.6'","Clinometer/laser rangefinder/sine","5.2'","62''","","","John Eichholz","2006-12-03","http%3A%2F%2Fwww.nativetreesociety.org%2Ffieldtrips%2Fmass%2Frobinson%2Frobinson_state_park_update.htm","N"
"American Beech","Fagus grandifolia","Maryland","Anne Arundel","Chase Creek Woods","","","","","280914","1","","","","Private","119.5'","Clinometer/laser rangefinder/sine","10.3'","123''","","","Colby Rucker","2003-07-01","","N"
"American Beech","Fagus grandifolia","Maryland","Anne Arundel","Corcoran Environmental Study Area","","","","","128104","1","","","","Public","21.2'","Clinometer/laser rangefinder/sine","0.5'","6''","","","Colby Rucker","2002-04-08","","N"
"American Beech","Fagus grandifolia","Maryland","Anne Arundel","Ray's Pond","","","Trees are located in ravine above Rays Pond","","45352","1","","","","Private","116.2'","Clinometer/laser rangefinder/sine","10.3'","123''","","","Rucker Colby","2002-08-11","","N"
"American Beech","Fagus grandifolia","Maryland","Baltimore","Loch Raven Reservior","","","9,200 acres minus 3,100 acres of water at crest..
Supplies the City of Baltimore and Baltimore County with drinking water.","","231340","1","","","","Public - city","124.5'","Clinometer/laser rangefinder/sine","10.2'","122''","","","George Fieo","2015-11-15","http%3A%2F%2Fwww.ents-bbs.org%2Fviewtopic.php%3Ff%3D85%26t%3D8746%26sid%3D97ab2f9c9694ae17b9e495f826350141","N"
"American Beech","Fagus grandifolia","Maryland","Baltimore","Loch Raven Reservior","","","9,200 acres minus 3,100 acres of water at crest..
Supplies the City of Baltimore and Baltimore County with drinking water.","","231424","1","","","","Public - city","126.5'","Clinometer/laser rangefinder/sine","13.6'","163''","","","George Fieo","2015-11-15","http%3A%2F%2Fwww.ents-bbs.org%2Fviewtopic.php%3Ff%3D85%26t%3D8746%26sid%3D97ab2f9c9694ae17b9e495f826350141","N"
"American Beech","Fagus grandifolia","Maryland","Baltimore","Loch Raven Reservior","","","9,200 acres minus 3,100 acres of water at crest..
Supplies the City of Baltimore and Baltimore County with drinking water.","","231341","1","","","","Public - city","131.8'","Clinometer/laser rangefinder/sine","6.9'","83''","","","George Fieo","2015-11-15","http%3A%2F%2Fwww.ents-bbs.org%2Fviewtopic.php%3Ff%3D85%26t%3D8746%26sid%3D97ab2f9c9694ae17b9e495f826350141","N"
"American Beech","Fagus grandifolia","Maryland","Baltimore","Loch Raven Reservior","","","9,200 acres minus 3,100 acres of water at crest..
Supplies the City of Baltimore and Baltimore County with drinking water.","","231342","1","","","","Public - city","139.0'","Clinometer/laser rangefinder/sine","6.7'","80''","","","George Fieo","2015-11-15","http%3A%2F%2Fwww.ents-bbs.org%2Fviewtopic.php%3Ff%3D85%26t%3D8746%26sid%3D97ab2f9c9694ae17b9e495f826350141","N"
"American Beech","Fagus grandifolia","Maryland","Cecil","Conowingo-Funks Pond Recreational Area","","","","","231977","1","","","","Public - state","113.4'","Clinometer/laser rangefinder/sine","7.5'","90''","","","George Fieo","2013-11-12","http%3A%2F%2Fwww.ents-bbs.org%2Fviewtopic.php%3Ff%3D85%26t%3D8744%26sid%3D97ab2f9c9694ae17b9e495f826350141%23p44617","N"
"American Beech","Fagus grandifolia","Maryland","Cecil","Fair Hill NRMA","39 42.403","-075 51.336","Former William Dupont estate acquired by State of Maryland 1975. 5,600 acres.","","168093","1","39 42.403","-075 51.336","400.0 ft","Public - State","81.8'","Clinometer/laser rangefinder/sine","15.3'","184''","","","George Fieo","2015-12-03","http%3A%2F%2Fwww.ents-bbs.org%2Fviewtopic.php%3Ff%3D85%26t%3D7354","N"
"American Beech","Fagus grandifolia","Maryland","Cecil","Fair Hill NRMA","","","Former William Dupont estate acquired by State of Maryland 1975. 5,600 acres.","","168094","1","","","400.0 ft","Public - State","128.7'","Clinometer/laser rangefinder/sine","10.0'","120''","","","George Fieo","2015-12-03","http%3A%2F%2Fwww.ents-bbs.org%2Fviewtopic.php%3Ff%3D85%26t%3D7354","N"
"American Beech","Fagus grandifolia","Maryland","Cecil","Fair Hill NRMA","","","Former William Dupont estate acquired by State of Maryland 1975. 5,600 acres.","","168095","1","","","400.0 ft","Public - State","130.2'","Clinometer/laser rangefinder/sine","10.9'","131''","","","George Fieo","2015-12-03","http%3A%2F%2Fwww.ents-bbs.org%2Fviewtopic.php%3Ff%3D85%26t%3D7354","N"
"American Beech","Fagus grandifolia","Maryland","Charles","Chapman State Park","","","This forest comprises 2,200 acres. Trees were measured near Champman's Landing","","45340","1","","","","Public - state","108.7'","Clinometer/laser rangefinder/sine","8.2'","98''","","","Darian Copiz","2008-02-01","","N"
"American Beech","Fagus grandifolia","Maryland","Harford","Gunpowder Falls State Park","","","18,000 acres in Baltimore and Harford Counties","","231843","1","","","","Public - state","112.0'","Clinometer/laser rangefinder/sine","12.4'","149''","","","George Fieo","2016-11-20","http%3A%2F%2Fwww.ents-bbs.org%2Fviewtopic.php%3Ff%3D85%26t%3D8747%26sid%3D97ab2f9c9694ae17b9e495f826350141","N"
"American Beech","Fagus grandifolia","Maryland","Harford","Gunpowder Falls State Park","","","18,000 acres in Baltimore and Harford Counties","","231762","1","","","","Public - state","119.3'","Clinometer/laser rangefinder/sine","8.3'","100''","","","George Fieo","2016-11-20","http%3A%2F%2Fwww.ents-bbs.org%2Fviewtopic.php%3Ff%3D85%26t%3D8747%26sid%3D97ab2f9c9694ae17b9e495f826350141","N"
"American Beech","Fagus grandifolia","Maryland","Howard","Avalon Section Of Patapsco Valley State Park","","","16,043 acres in Baltimore and Howard Counties
Trees were measured in the Avalon and Orange Grove section of the park","","230996","1","","","","Public - state park","111.5'","Clinometer/laser rangefinder/sine","11.1'","133''","","","George Fieo","2017-12-15","http%3A%2F%2Fwww.ents-bbs.org%2Fviewtopic.php%3Ff%3D85%26t%3D8745%26sid%3D0f283f6872d048235790bc6c09610d80%23p44618","N"
"American Beech","Fagus grandifolia","Maryland","Howard","Avalon Section Of Patapsco Valley State Park","","","16,043 acres in Baltimore and Howard Counties
Trees were measured in the Avalon and Orange Grove section of the park","","230997","1","","","","Public - state park","113.3'","Clinometer/laser rangefinder/sine","10.3'","124''","","","George Fieo","2017-12-15","http%3A%2F%2Fwww.ents-bbs.org%2Fviewtopic.php%3Ff%3D85%26t%3D8745%26sid%3D0f283f6872d048235790bc6c09610d80%23p44618","N"
"American Beech","Fagus grandifolia","Maryland","Prince George's","Belt Woods - South Tract","","","This visit was to find and remeasure trees that Colby Rucker measured in 2001. His measurements can be found at:","","128446","1","","","","Public - State","56.2'","Clinometer/laser rangefinder/sine","4.0'","48''","","","Colby Rucker","2001-09-30","http%3A%2F%2Fgroups.google.com%2Fgroup%2Fentstrees%2Fbrowse_thread%2Fthread%2Fb8278e3db96bdc99%3Fhl%3Den","N"
"American Beech","Fagus grandifolia","Maryland","Prince George's","Belt Woods - South Tract","","","This visit was to find and remeasure trees that Colby Rucker measured in 2001. His measurements can be found at:","","128445","1","","","","Public - State","62.1'","Clinometer/laser rangefinder/sine","2.0'","24''","","","Colby Rucker","2001-09-30","http%3A%2F%2Fgroups.google.com%2Fgroup%2Fentstrees%2Fbrowse_thread%2Fthread%2Fb8278e3db96bdc99%3Fhl%3Den","N"
"American Beech","Fagus grandifolia","Maryland","Prince George's","Patuxent Wildlife Research Center","","","","","45416","1","","","","Public - Federal, Fish & Wildlife","110.8'","Clinometer/laser rangefinder/sine","10.4'","125''","","","Darian Copiz","2011-08-23","http%3A%2F%2Fwww.ents-bbs.org%2Fviewtopic.php%3Ff%3D85%26t%3D2899","N"
"American Beech","Fagus grandifolia","Maryland","Prince George's","Swan Point Creek","","","site is within the Jug Bay Natural Area.","","158457","1","","","","Public-state","122.6'","Clinometer/laser rangefinder/sine","8.2'","98''","","","Darian Copiz","2017-01-14","http%3A%2F%2Fwww.ents-bbs.org%2Fviewtopic.php%3Ff%3D85%26t%3D7917%23p39221","N"
"American Beech","Fagus grandifolia","Maryland","Prince George's","Swan Point Creek","","","site is within the Jug Bay Natural Area.","","158456","1","","","","Public-state","123.3'","Clinometer/laser rangefinder/sine","7.3'","88''","","","Darian Copiz","2017-01-14","http%3A%2F%2Fwww.ents-bbs.org%2Fviewtopic.php%3Ff%3D85%26t%3D7917%23p39221","N"
"American Beech","Fagus grandifolia","Maryland","Various Counties","Maryland Single Tree Sites","38 37.730","-077 05.890","","","163337","1","38 37.730","-077 05.890","","Private. Public","129.4'","Clinometer/laser rangefinder/sine","9.4'","113''","","Tree is located in Ruth B. Swan Memorial Park in Charles County, Maryland.
Tree measured by Darian Copiz 2/2005","Various Various","2010-01-01","","N"
"American Beech","Fagus grandifolia","Michigan","Cass","Fred Russ Forest Experimental Station","","","","","239975","1","","","","Public - state","102.0'","Clinometer/laser rangefinder/sine","8.2'","98''","","","Don Bragg","2006-12-28","http%3A%2F%2Fwww.nativetreesociety.org%2Ffieldtrips%2Fmichigan%2Fruss_forest.htm","N"
"American Beech","Fagus grandifolia","Michigan","Cheboygan","Colonial Point Memorial Forest","","","Now known as:
Chaboinganing Nature Reserve
484 Acres","","240007","1","","","","Public - state","82.5'","Clinometer/laser rangefinder/sine","6.3'","76''","","","Don Bragg","2006-07-22","http%3A%2F%2Fwww.nativetreesociety.org%2Ffieldtrips%2Fwisconsin%2Fwoodruff.htm","N"
"American Beech","Fagus grandifolia","Michigan","Ottawa","Aman Park","42 58.662","-085 49.889","","","104970","1","42 58.662","-085 49.889","","Public","92.5'","Clinometer/laser rangefinder/sine","6.7'","81''","","","Greg Schmidt","2015-11-11","","N"
"American Beech","Fagus grandifolia","Michigan","Ottawa","Aman Park","42 58.562","-085 49.878","","","104964","1","42 58.562","-085 49.878","","Public","93.2'","Clinometer/laser rangefinder/sine","6.5'","78''","","","Greg Schmidt","2015-11-11","","N"
"American Beech","Fagus grandifolia","Mississippi","Noxubee","Noxubee National Wildlife Reserve","","","Trees measured per trip reports on 11/25/2018, 12/06/2018, 04/05/2019.","","251627","1","","","","Public - federal","96.0'","Clinometer/laser rangefinder/sine","12.0'","144''","","","Larry Tucei","2018-01-03","http%3A%2F%2Fwww.ents-bbs.org%2Fviewtopic.php%3Ff%3D95%26t%3D8547%26sid%3D0f79a30839ac89ac82cc365c21d27dd6","N"
"American Beech","Fagus grandifolia","Mississippi","Noxubee","Noxubee National Wildlife Reserve","","","Trees measured per trip reports on 11/25/2018, 12/06/2018, 04/05/2019.","","251153","1","","","","Public - federal","114.0'","Clinometer/laser rangefinder/sine","11.0'","132''","97.0'","Near Keaton Tower/Wilderness Trail.
Crown spread is an average, maximum is 104'","Larry Tucei","2015-01-23","http%3A%2F%2Fwww.ents-bbs.org%2Fviewtopic.php%3Ff%3D95%26t%3D8547%26sid%3D0f79a30839ac89ac82cc365c21d27dd6","N"
"American Beech","Fagus grandifolia","North Carolina","Buncombe","Biltmore Estate","","","Trees were measured during an ENT gathering.","","243506","1","","","","Private","","Clinometer/laser rangefinder/sine","11.6'","139''","","","James Parton","2008-04-27","http%3A%2F%2Fnativetreesociety.org%2Ffieldtrips%2Fnorth_carolina%2Fbiltmore%2Fents_gathering_biltmore_estate.htm","N"
"American Beech","Fagus grandifolia","North Carolina","Buncombe","Elk Pen Trail","","","","","40072","1","","","","Public","115.3'","Clinometer/laser rangefinder/sine","","","","","Brian Beduhn","2013-02-10","http%3A%2F%2Fwww.ents-bbs.org%2Fviewtopic.php%3Ff%3D106%26t%3D5041","N"
"American Beech","Fagus grandifolia","North Carolina","Buncombe","VA Medical Hospital, Oteen, NC","","","Also see:
http://nativetreesociety.org/fieldtrips/north_carolina/20090104-norwayspruce/norway_spruce_nc.htm","","227789","1","","","","Public - national","","Clinometer/laser rangefinder/sine","11.0'","132''","","","James Parton","2007-12-09","http%3A%2F%2Fnativetreesociety.org%2Ffieldtrips%2Fnorth_carolina%2Fva_hospital%2Fva_hospital_trees.htm","N"
"American Beech","Fagus grandifolia","North Carolina","Forsyth","Tanglewood Park","","","Owned by Forsyth County.","","226731","1","","","","Public - county","117.6'","Clinometer/laser rangefinder/sine","6.1'","73''","","","Jess Riddle","2007-01-06","hhttp%3A%2F%2Fnativetreesociety.org%2Ffieldtrips%2Fnorth_carolina%2Ftanglewood_park2","N"
"American Beech","Fagus grandifolia","North Carolina","Forsyth","Tanglewood Park","","","Owned by Forsyth County.","","226732","1","","","","Public - county","118.1'","Clinometer/laser rangefinder/sine","6.3'","76''","","","Jess Riddle","2007-01-06","hhttp%3A%2F%2Fnativetreesociety.org%2Ffieldtrips%2Fnorth_carolina%2Ftanglewood_park2","N"
"American Beech","Fagus grandifolia","North Carolina","Guilford","Owl's Roost Trail","","","","","40811","1","","","","Private, Trails Public","99.0'","Clinometer/laser rangefinder/sine","","","","","Brian Beduhn","2011-11-25","http%3A%2F%2Fwww.ents-bbs.org%2Fviewtopic.php%3Ff%3D106%26t%3D3321","N"
"American Beech","Fagus grandifolia","North Carolina","Guilford","Price Park","","","","","40772","1","","","","Public","114.0'","Clinometer/laser rangefinder/sine","","","","","Brian Beduhn","2012-02-11","http%3A%2F%2Fwww.ents-bbs.org%2Fviewtopic.php%3Ff%3D106%26t%3D3321","N"
"American Beech","Fagus grandifolia","North Carolina","Haywood","Groundhog Creek","","","Groundhog Creek flows into the Pigeon River.","","227647","1","","","","Public - national","124.8'","Clinometer/laser rangefinder/sine","8.0'","96''","","Height is Not Less Than (NTL)","Jess Riddle","2006-12-18","http%3A%2F%2Fnativetreesociety.org%2Ffieldtrips%2Fnorth_carolina%2Fgroundhog_creek.htm","N"
"American Beech","Fagus grandifolia","North Carolina","Henderson","Calvary Episcopal Church","","","","","235503","1","","","","Private","","Clinometer/laser rangefinder/sine","13.3'","160''","","","James Parton","2008-03-18","http%3A%2F%2Fnativetreesociety.org%2Ffieldtrips%2Fnorth_carolina%2Fcalvary_htm","N"
"American Beech","Fagus grandifolia","North Carolina","Orange","Battle Park","","","","","252288","1","","","","Public - state","98.0'","Clinometer/laser rangefinder/sine","6.7'","80''","","","John Eichholz","2008-03-02","http%3A%2F%2Fwww.ents-bbs.org%2Fviewtopic.php%3Ff%3D106%26t%3D4882%26sid%3D5d2aded422e4a23e509a9deed392150f","N"
"American Beech","Fagus grandifolia","North Carolina","Orange","Battle Park","","","","","252282","1","","","","Public - state","106.4'","Clinometer/laser rangefinder/sine","6.6'","79''","","","John Eichholz","2008-03-02","http%3A%2F%2Fwww.ents-bbs.org%2Fviewtopic.php%3Ff%3D106%26t%3D4882%26sid%3D5d2aded422e4a23e509a9deed392150f","N"
"American Beech","Fagus grandifolia","North Carolina","Swain","Cliff Branch","","","","","229648","1","","","","Public - national","121.0'","Clinometer/laser rangefinder/sine","7.0'","84''","","","Jess Riddle","2006-05-23","http%3A%2F%2Fnativetreesociety.org%2Ffieldtrips%2Fgsmnp%2Fkanati_fork.htm","N"
"American Beech","Fagus grandifolia","North Carolina","Swain","Mingus Creek","","","Mingus Creek into Oconaluftee River,","","229285","1","","","","Public - national","130.1'","Clinometer/laser rangefinder/sine","7.7'","92''","","","Jess Riddle","2007-04-30","http%3A%2F%2Fnativetreesociety.org%2Ffieldtrips%2Fgsmnp%2Fmingus_creek.htm","N"
"American Beech","Fagus grandifolia","North Carolina","Swain","Mingus Creek","","","Mingus Creek into Oconaluftee River,","","229286","1","","","","Public - national","132.8'","Clinometer/laser rangefinder/sine","8.3'","99''","","","Jess Riddle","2007-04-30","http%3A%2F%2Fnativetreesociety.org%2Ffieldtrips%2Fgsmnp%2Fmingus_creek.htm","N"
"American Beech","Fagus grandifolia","North Carolina","Swain","Mingus Creek","","","Mingus Creek into Oconaluftee River,","","229287","1","","","","Public - national","142.6'","Clinometer/laser rangefinder/sine","7.3'","87''","","","Jess Riddle","2007-04-30","http%3A%2F%2Fnativetreesociety.org%2Ffieldtrips%2Fgsmnp%2Fmingus_creek.htm","N"
"American Beech","Fagus grandifolia","North Carolina","Transylvania","Whitewater River & Waterfall","","","","","39872","1","","","","Public","118.5'","Clinometer/laser rangefinder/sine","","","","","Brian Beduhn","2013-01-19","http%3A%2F%2Fwww.ents-bbs.org%2Fviewtopic.php%3Ff%3D106%26t%3D4913%26p%3D21201%23p21201","N"
"American Beech","Fagus grandifolia","North Carolina","Wake","North Carolina Single Tree Sites","35 55.042","-079 03.126","","","252347","1","35 55.042","-079 03.126","","Public and Private","104.9'","Clinometer/laser rangefinder/sine","","","","Measured by P. Brandt 1/17/2013 in Chapel Hill, Orange County","Various Various","2000-01-01","","N"
"American Beech","Fagus grandifolia","New Jersey","Camden","Saddler's Woods","","","Measured by J. Harvey on 5/22/2014. Trees are located in Saddler's Woods, Haddon Township, Camden County.
25 acres","","170604","1","","","","Public - township","123.0'","Clinometer/laser rangefinder/sine","14.6'","175''","","","John Harvey","2014-05-22","http%3A%2F%2Fwww.ents-bbs.org%2Fviewtopic.php%3Ff%3D103%26t%3D6365","N"
"American Beech","Fagus grandifolia","New Jersey","Gloucester","Mantua Nature Preserve","","","","","170942","1","","","","Public - county","110.0'","Clinometer/laser rangefinder/sine","12.7'","152''","65.0'","","John Harvey","2014-10-07","http%3A%2F%2Fwww.ents-bbs.org%2Fviewtopic.php%3Ff%3D103%26t%3D6654","N"
"American Beech","Fagus grandifolia","New Jersey","Mercer","Princeton University","","","Trees were measured in a naturalized area","","171037","1","","","","Private","98.3'","Clinometer/laser rangefinder/sine","12.1'","145''","","","Scott Wade, Megan Varnes","2005-07-26","http%3A%2F%2Fwww.nativetreesociety.org%2Ffieldtrips%2Fnew_jersey%2Fprinceton%2Fprinceton.htm","N"
"American Beech","Fagus grandifolia","New Jersey","Morris","Morristown National Historic Park","","","2000 acres","","170211","1","","","","Public - federal","117.5'","Clinometer/laser rangefinder/sine","7.0'","84''","","","Robert Leverett","2010-10-26","http%3A%2F%2Fwww.ents-bbs.org%2Fviewtopic.php%3Ff%3D103%26t%3D1559","N"
"American Beech","Fagus grandifolia","New York","Cattaraugus","Big Basin","","","","","264937","1","","","","Public - state","91.0'","Clinometer/laser rangefinder/sine","11.7'","140''","","","Erik Danielson","2020-10-25","http%3A%2F%2Fwww.ents-bbs.org%2Fviewtopic.php%3Ff%3D105%26t%3D8543%26start%3D20%26sid%3Dbc15a04e1c5a2e8ee05f8b7d15e76b09","N"
"American Beech","Fagus grandifolia","New York","Cattaraugus","Trackless West","","","A White Pine on Pine Creek was measured on 12/31/2019","","281372","1","","","","Public - state","103.0'","Clinometer/laser rangefinder/sine","9.1'","109''","","","Erik Danielson","2017-10-21","http%3A%2F%2Fwww.ents-bbs.org%2Fviewtopic.php%3Ff%3D105%26t%3D8116%26sid%3D75c3cd14aea4e263f5660ee32feb86dd","N"
"American Beech","Fagus grandifolia","New York","Cattaraugus","Zoar Valley","","","","","257481","1","","","","Public","","Clinometer/laser rangefinder/sine","10.5'","126''","","On terrace below Valentine Flat.","Tom Diggins, Bruce Kershner, Bob Leverett","2003-11-05","http%3A%2F%2Fwww.ents-bbs.org%2Fviewtopic.php%3Ff%3D105%26t%3D7379","N"
"American Beech","Fagus grandifolia","New York","Cattaraugus","Zoar Valley","","","","","265449","1","","","","Public","","Clinometer/laser rangefinder/sine","12.4'","149''","","","Tom Diggins","2002-11-19","http%3A%2F%2Fwww.ents-bbs.org%2Fviewtopic.php%3Ff%3D105%26t%3D7379","N"
"American Beech","Fagus grandifolia","New York","Cattaraugus","Zoar Valley","","","","","265450","1","","","","Public","","Clinometer/laser rangefinder/sine","11.7'","140''","","","Tom Diggins","2002-11-19","http%3A%2F%2Fwww.ents-bbs.org%2Fviewtopic.php%3Ff%3D105%26t%3D7379","N"
"American Beech","Fagus grandifolia","New York","Cattaraugus","Zoar Valley","","","","","265468","1","","","","Public","113.9'","Clinometer/laser rangefinder/sine","11.8'","141''","","","Tom Diggins","2002-11-19","http%3A%2F%2Fwww.ents-bbs.org%2Fviewtopic.php%3Ff%3D105%26t%3D7379","N"
"American Beech","Fagus grandifolia","New York","Cattaraugus","Zoar Valley","42 26.439","-078 53.367","","","221861","1","42 26.439","-078 53.367","855.0 ft","Public","114.4'","Clinometer/laser rangefinder/sine","3.7'","44''","","","Elijah Whitcomb, Erik Danielsen","2017-07-01","http%3A%2F%2Fwww.ents-bbs.org%2Fviewtopic.php%3Ff%3D105%26t%3D7379","N"
"American Beech","Fagus grandifolia","New York","Cattaraugus","Zoar Valley","","","","","280003","1","","","","Public","116.9'","Clinometer/laser rangefinder/sine","6.4'","77''","","","Tom Diggins","2005-05-29","http%3A%2F%2Fwww.ents-bbs.org%2Fviewtopic.php%3Ff%3D105%26t%3D7379","N"
"American Beech","Fagus grandifolia","New York","Cattaraugus","Zoar Valley","","","","","221798","1","","","","Public","122.2'","Clinometer/laser rangefinder/sine","7.9'","95''","","","Elijah Whitcomb, Erik Danielsen","2017-07-01","http%3A%2F%2Fwww.ents-bbs.org%2Fviewtopic.php%3Ff%3D105%26t%3D7379","N"
"American Beech","Fagus grandifolia","New York","Cattaraugus","Zoar Valley","","","","","221811","1","","","","Public","122.6'","Clinometer/laser rangefinder/sine","","","","","Elijah Whitcomb, Erik Danielsen","2017-07-01","http%3A%2F%2Fwww.ents-bbs.org%2Fviewtopic.php%3Ff%3D105%26t%3D7379","N"
"American Beech","Fagus grandifolia","New York","Cattaraugus","Zoar Valley","","","","","280010","1","","","","Public","130.1'","Clinometer/laser rangefinder/sine","","","","","Tom Diggins","2005-05-29","http%3A%2F%2Fwww.ents-bbs.org%2Fviewtopic.php%3Ff%3D105%26t%3D7379","N"
"American Beech","Fagus grandifolia","New York","Cayuga","Fort Hill Cemetery","42 55.505","-076 34.319","","","214924","1","42 55.505","-076 34.319","","Public","75.8'","Clinometer/laser rangefinder/sine","10.5'","126''","","Tree is dying","Elijah Whitcomb","2020-09-07","","N"
"American Beech","Fagus grandifolia","New York","Cayuga","Fort Hill Cemetery","42 55.476","-076 34.333","","","214925","1","42 55.476","-076 34.333","740.0 ft","Public","81.8'","Clinometer/laser rangefinder/sine","9.8'","117''","","","Elijah Whitcomb","2020-09-07","","N"
"American Beech","Fagus grandifolia","New York","Cayuga","Fort Hill Cemetery","42 55.468","-076 34.286","","","214926","1","42 55.468","-076 34.286","740.0 ft","Public","105.3'","Clinometer/laser rangefinder/sine","11.5'","138''","","","Elijah Whitcomb","2020-09-07","","N"
"American Beech","Fagus grandifolia","New York","Chautauqua","Chautauqua Creek Gorge","","","Trees measured during visits on 2/9/2019, 3/6/2019","","264199","1","","","","Public - state","111.6'","Clinometer/laser rangefinder/sine","6.6'","79''","","Circumference taken at 3'","Erik Danielson","2018-05-26","http%3A%2F%2Fwww.ents-bbs.org%2Fviewtopic.php%3Ff%3D105%26t%3D8107%26start%3D10%26sid%3D147272388024481ad73b800144c5c8ae","N"
"American Beech","Fagus grandifolia","New York","Chautauqua","Chautauqua Creek Gorge","","","Trees measured during visits on 2/9/2019, 3/6/2019","","264121","1","","","","Public - state","115.5'","Clinometer/laser rangefinder/sine","","","","Height is Not Less Then(NLT)","Erik Danielson","2019-03-06","http%3A%2F%2Fwww.ents-bbs.org%2Fviewtopic.php%3Ff%3D105%26t%3D8107%26start%3D10%26sid%3D147272388024481ad73b800144c5c8ae","N"
"American Beech","Fagus grandifolia","New York","Chautauqua","Fredonia College (SUNY) Woodlot","","","","","258949","1","","","","Public - state","85.1'","Clinometer/laser rangefinder/sine","7.6'","91''","","","Erik Danielson","2016-01-03","http%3A%2F%2Fwww.ents-bbs.org%2Fviewtopic.php%3Ff%3D105%26t%3D7439%26sid%3D09816f915ab8eb7380e5089116daacfd","N"
"American Beech","Fagus grandifolia","New York","Chautauqua","Fredonia College (SUNY) Woodlot","","","","","258948","1","","","","Public - state","87.7'","Clinometer/laser rangefinder/sine","","","","","Erik Danielson","2016-01-03","http%3A%2F%2Fwww.ents-bbs.org%2Fviewtopic.php%3Ff%3D105%26t%3D7439%26sid%3D09816f915ab8eb7380e5089116daacfd","N"
"American Beech","Fagus grandifolia","New York","Chautauqua","Fredonia College (SUNY) Woodlot","","","","","258961","1","","","","Public - state","94.5'","Clinometer/laser rangefinder/sine","","","","","Erik Danielson","2016-01-03","http%3A%2F%2Fwww.ents-bbs.org%2Fviewtopic.php%3Ff%3D105%26t%3D7439%26sid%3D09816f915ab8eb7380e5089116daacfd","N"
"American Beech","Fagus grandifolia","New York","Chautauqua","Lake Shore Forest Near Dunkirk","","","","","258930","1","","","","Private","84.9'","Clinometer/laser rangefinder/sine","","","","","Erik Danielson","2016-11-30","http%3A%2F%2Fwww.ents-bbs.org%2Fviewtopic.php%3Ff%3D105%26t%3D7879%26sid%3D12e512ea2822ac9b1a69b4bf305d1de3","N"
"American Beech","Fagus grandifolia","New York","Chautauqua","Leolyn Woods","","","","","261310","1","","","","Public-Private","101.3'","Clinometer/laser rangefinder/sine","8.8'","106''","","","Erik Danielson, Jack Howard, Tom Howard","2015-03-13","http%3A%2F%2Fwww.ents-bbs.org%2Fviewtopic.php%3Ff%3D105%26t%3D8188%26sid%3D790ff9aec04a19dc89f8f501cf95fd51","N"
"American Beech","Fagus grandifolia","New York","Chautauqua","Leolyn Woods","","","","","261309","1","","","","Public-Private","109.5'","Clinometer/laser rangefinder/sine","8.6'","103''","","","Erik Danielson, Jack Howard, Tom Howard","2015-03-13","http%3A%2F%2Fwww.ents-bbs.org%2Fviewtopic.php%3Ff%3D105%26t%3D8188%26sid%3D790ff9aec04a19dc89f8f501cf95fd51","N"
"American Beech","Fagus grandifolia","New York","Chautauqua","Leolyn Woods","","","","","261308","1","","","","Public-Private","110.6'","Clinometer/laser rangefinder/sine","9.5'","114''","","","Erik Danielson, Jack Howard, Tom Howard","2015-03-13","http%3A%2F%2Fwww.ents-bbs.org%2Fviewtopic.php%3Ff%3D105%26t%3D8188%26sid%3D790ff9aec04a19dc89f8f501cf95fd51","N"
"American Beech","Fagus grandifolia","New York","Chautauqua","Leolyn Woods","42 20.948","-079 19.398","","","264291","1","42 20.948","-079 19.398","","Public-Private","119.0'","Clinometer/laser rangefinder/sine","9.7'","116''","","Known as the 'Musclewood' Beech","Erik Danielson","2018-01-30","http%3A%2F%2Fwww.ents-bbs.org%2Fviewtopic.php%3Ff%3D105%26t%3D8188%26sid%3D790ff9aec04a19dc89f8f501cf95fd51","N"
"American Beech","Fagus grandifolia","New York","Dutchess","Dutchess County","","","Trees measured in a series of visits 5/15/2018, 6/24 & 6/29/2018, 8/22/18, 9/27/2018, 10/13/2018, 12/26/1018","","302429","1","","","","Private","101.6'","Clinometer/laser rangefinder/sine","5.9'","71''","","","Joshua Harkness","2018-12-26","http%3A%2F%2Fwww.ents-bbs.org%2Fviewtopic.php%3Ff%3D105%26t%3D8278%26sid%3Dea8173bc505bccbb30b1e58603757f06","N"
"American Beech","Fagus grandifolia","New York","Dutchess","Dutchess County","","","Trees measured in a series of visits 5/15/2018, 6/24 & 6/29/2018, 8/22/18, 9/27/2018, 10/13/2018, 12/26/1018","","302426","1","","","","Private","101.7'","Clinometer/laser rangefinder/sine","6.8'","81''","","","Joshua Harkness","2018-12-26","http%3A%2F%2Fwww.ents-bbs.org%2Fviewtopic.php%3Ff%3D105%26t%3D8278%26sid%3Dea8173bc505bccbb30b1e58603757f06","N"
"American Beech","Fagus grandifolia","New York","Dutchess","Dutchess County","","","Trees measured in a series of visits 5/15/2018, 6/24 & 6/29/2018, 8/22/18, 9/27/2018, 10/13/2018, 12/26/1018","","302427","1","","","","Private","106.9'","Clinometer/laser rangefinder/sine","4.9'","59''","","","Joshua Harkness","2018-12-26","http%3A%2F%2Fwww.ents-bbs.org%2Fviewtopic.php%3Ff%3D105%26t%3D8278%26sid%3Dea8173bc505bccbb30b1e58603757f06","N"
"American Beech","Fagus grandifolia","New York","Dutchess","Dutchess County","","","Trees measured in a series of visits 5/15/2018, 6/24 & 6/29/2018, 8/22/18, 9/27/2018, 10/13/2018, 12/26/1018","","302425","1","","","","Private","111.5'","Clinometer/laser rangefinder/sine","6.3'","76''","","","Joshua Harkness","2018-12-26","http%3A%2F%2Fwww.ents-bbs.org%2Fviewtopic.php%3Ff%3D105%26t%3D8278%26sid%3Dea8173bc505bccbb30b1e58603757f06","N"
"American Beech","Fagus grandifolia","New York","Dutchess","Dutchess County","","","Trees measured in a series of visits 5/15/2018, 6/24 & 6/29/2018, 8/22/18, 9/27/2018, 10/13/2018, 12/26/1018","","302424","1","","","","Private","116.8'","Clinometer/laser rangefinder/sine","","","","","Joshua Harkness","2018-12-26","http%3A%2F%2Fwww.ents-bbs.org%2Fviewtopic.php%3Ff%3D105%26t%3D8278%26sid%3Dea8173bc505bccbb30b1e58603757f06","N"
"American Beech","Fagus grandifolia","New York","Dutchess","Dutchess County","","","Trees measured in a series of visits 5/15/2018, 6/24 & 6/29/2018, 8/22/18, 9/27/2018, 10/13/2018, 12/26/1018","","302428","1","","","","Private","120.1'","Clinometer/laser rangefinder/sine","","","","","Joshua Harkness","2018-12-26","http%3A%2F%2Fwww.ents-bbs.org%2Fviewtopic.php%3Ff%3D105%26t%3D8278%26sid%3Dea8173bc505bccbb30b1e58603757f06","N"
"American Beech","Fagus grandifolia","New York","Dutchess","Dutchess County","","","Trees measured in a series of visits 5/15/2018, 6/24 & 6/29/2018, 8/22/18, 9/27/2018, 10/13/2018, 12/26/1018","","302423","1","","","","Private","120.6'","Clinometer/laser rangefinder/sine","7.1'","85''","","","Joshua Harkness","2018-12-26","http%3A%2F%2Fwww.ents-bbs.org%2Fviewtopic.php%3Ff%3D105%26t%3D8278%26sid%3Dea8173bc505bccbb30b1e58603757f06","N"
"American Beech","Fagus grandifolia","New York","Dutchess","Staatsburgh State Historical Site","","","192 acres. It is part of the Mills-Norrie State Park complex with an additional 988 acres.","","261822","1","","","","Public - state","108.3'","Clinometer/laser rangefinder/sine","8.2'","98''","","","Elijah Whitcomb","2018-08-10","http%3A%2F%2Fwww.ents-bbs.org%2Fviewtopic.php%3Ff%3D105%26t%3D8249%26sid%3D7ec1593281317737acda18ab545581a7","N"
"American Beech","Fagus grandifolia","New York","Dutchess","Vanderbilt Estate At Hyde Park","","","","","186253","1","","","","Public","113.3'","Clinometer/laser rangefinder/sine","","","","","Elijah Whitcomb","2019-02-11","","N"
"American Beech","Fagus grandifolia","New York","Erie","Yates Park","","","51 Acres","","256284","1","","","","Public - city","10.8'","Clinometer/laser rangefinder/sine","","","","","Tom Diggins","2003-03-15","http%3A%2F%2Fwww.nativetreesociety.org%2Ffieldtrips%2Fnew_york%2Furban_old_growth_in_western_new_.htm","N"
"American Beech","Fagus grandifolia","New York","Erie","Zoar Valley - North Rim","","","Two feet of snow cover may have affected tree height calculation.","","275162","1","","","","Public - state","112.5'","Clinometer/laser rangefinder/sine","6.6'","79''","","","Erik Danielson","2018-02-11","http%3A%2F%2Fwww.ents-bbs.org%2Fviewtopic.php%3Ff%3D105%26t%3D8200%26sid%3Ddb13fd70bc49170bba0fb52260ebd1e8%23p41321","N"
"American Beech","Fagus grandifolia","New York","Essex","Hoffman Notch Wilderness","","","","","221359","1","","","","Public","86.0'","Clinometer/laser rangefinder/sine","6.9'","83''","","","Elijah Whitcomb","2017-09-16","","N"
"American Beech","Fagus grandifolia","New York","Franklin","Ampersand Mountain","","","","","205075","1","","","","Public","75.2'","Clinometer/laser rangefinder/sine","5.3'","63''","","","Erik Danielsen, Jared Lockwood, Elijah Whitcomb","2017-11-30","","N"
"American Beech","Fagus grandifolia","New York","Franklin","Ampersand Mountain","","","","","205079","1","","","","Public","86.0'","Clinometer/laser rangefinder/sine","7.1'","86''","","","Erik Danielsen, Jared Lockwood, Elijah Whitcomb","2017-11-30","","N"
"American Beech","Fagus grandifolia","New York","Franklin","Ampersand Mountain","","","","","205078","1","","","","Public","91.0'","Clinometer/laser rangefinder/sine","6.6'","80''","","","Erik Danielsen, Jared Lockwood, Elijah Whitcomb","2017-11-30","","N"
"American Beech","Fagus grandifolia","New York","Franklin","Ampersand Mountain","","","","","205077","1","","","","Public","92.5'","Clinometer/laser rangefinder/sine","4.6'","55''","","","Erik Danielsen, Jared Lockwood, Elijah Whitcomb","2017-11-30","","N"
"American Beech","Fagus grandifolia","New York","Franklin","Ampersand Mountain","","","","","205076","1","","","","Public","92.6'","Clinometer/laser rangefinder/sine","4.8'","57''","","","Erik Danielsen, Jared Lockwood, Elijah Whitcomb","2017-11-30","","N"
"American Beech","Fagus grandifolia","New York","Franklin","Elders Grove, Paul Smiths, NY","","","","","257554","1","","","","Public-Private","59.5'","Clinometer/laser rangefinder/sine","","","","","Harold Stoner","2007-02-07","ents-bbs.org%2Fviewtopic.php%3Ff%3D105%26t%3D4359%26sid%3Dc908254de7b41a1baee6e37162e8896b%26start%3D10%23p38133","N"
"American Beech","Fagus grandifolia","New York","Franklin","High Peaks Wilderness","","","275,40  acres located in franklin and Essex Counties.","","265371","1","","","","Public - state","7.2'","Clinometer/laser rangefinder/sine","7.1'","85''","","","Erik Danielson","2017-11-30","","N"
"American Beech","Fagus grandifolia","New York","Franklin","High Peaks Wilderness","","","275,40  acres located in franklin and Essex Counties.","","265370","1","","","","Public - state","75.2'","Clinometer/laser rangefinder/sine","","","5.3'","","Erik Danielson","2017-11-30","","N"
"American Beech","Fagus grandifolia","New York","Franklin","High Peaks Wilderness","","","275,40  acres located in franklin and Essex Counties.","","265372","1","","","","Public - state","91.0'","Clinometer/laser rangefinder/sine","6.6'","79''","","","Erik Danielson","2017-11-30","","N"
"American Beech","Fagus grandifolia","New York","Franklin","High Peaks Wilderness","","","275,40  acres located in franklin and Essex Counties.","","265373","1","","","","Public - state","92.5'","Clinometer/laser rangefinder/sine","4.6'","55''","","","Erik Danielson","2017-11-30","","N"
"American Beech","Fagus grandifolia","New York","Franklin","High Peaks Wilderness","","","275,40  acres located in franklin and Essex Counties.","","265374","1","","","","Public - state","92.6'","Clinometer/laser rangefinder/sine","4.8'","58''","","","Erik Danielson","2017-11-30","","N"
"American Beech","Fagus grandifolia","New York","Franklin","Saranac Lakes Wild Forest","","","86,000 discontinuous acres including 19,000 acres of water.","","265400","1","","","","Public - state","81.0'","Clinometer/laser rangefinder/sine","5.6'","67''","","","Erik Danielson","2017-12-01","","N"
"American Beech","Fagus grandifolia","New York","Manhattan","Inwood Hill Park","","","Trees were measured during a series of visits between 12/20/2015 and 4/08/2016","","259941","1","","","","Public - city","91.8'","Clinometer/laser rangefinder/sine","11.7'","140''","","","Erik Danielson","2016-04-08","http%3A%2F%2Fwww.ents-bbs.org%2Fviewtopic.php%3Ff%3D105%26t%3D7396%26sid%3D82c231524f625f1e32dd5d64e14763f8","N"
"American Beech","Fagus grandifolia","New York","Monroe","Abraham Lincoln Park","","","","","323082","1","","","","Public","118.1'","Clinometer/laser rangefinder/sine","","","","","Elijah Whitcomb","2025-12-26","","N"
"American Beech","Fagus grandifolia","New York","Monroe","Durand Eastman Park","","","","","281807","1","","","","Public","126.1'","Clinometer/laser rangefinder/sine","","","","","Elijah Whitcomb","2020-10-05","","N"
"American Beech","Fagus grandifolia","New York","Monroe","Ellison Park","","","","","323136","1","","","","Public","114.3'","Clinometer/laser rangefinder/sine","","","","","Elijah Whitcomb","2025-12-26","http%3A%2F%2Fwww.ents-bbs.org%2Fviewtopic.php%3Ff%3D105%26t%3D7882%26start%3D10","N"
"American Beech","Fagus grandifolia","New York","Monroe","Ellison Park","","","","","323135","1","","","","Public","118.4'","Clinometer/laser rangefinder/sine","","","","","Elijah Whitcomb","2025-12-26","http%3A%2F%2Fwww.ents-bbs.org%2Fviewtopic.php%3Ff%3D105%26t%3D7882%26start%3D10","N"
"American Beech","Fagus grandifolia","New York","Monroe","Ellison Park","","","","","323143","1","","","","Public","121.8'","Clinometer/laser rangefinder/sine","","","","","Elijah Whitcomb","2025-12-26","http%3A%2F%2Fwww.ents-bbs.org%2Fviewtopic.php%3Ff%3D105%26t%3D7882%26start%3D10","N"
"American Beech","Fagus grandifolia","New York","Monroe","Ellison Park","43 08.584","-077 30.922","","","323153","1","43 08.584","-077 30.922","","Public","125.3'","Clinometer/laser rangefinder/sine","7.8'","94''","","","Elijah Whitcomb","2025-12-26","http%3A%2F%2Fwww.ents-bbs.org%2Fviewtopic.php%3Ff%3D105%26t%3D7882%26start%3D10","N"
"American Beech","Fagus grandifolia","New York","Monroe","Gosnell Big Woods Preserve","","","163 Acres","","261383","1","","","","Public-Private","117.1'","Clinometer/laser rangefinder/sine","7.2'","86''","","","Elijah Whitcomb","2017-12-16","http%3A%2F%2Fwww.ents-bbs.org%2Fviewtopic.php%3Ff%3D105%26t%3D8143%26sid%3D34b1f252e0301bfead49f3effe40ffb9","N"
"American Beech","Fagus grandifolia","New York","Monroe","Powder Mills Park","","","","","207792","1","","","","Public","119.8'","Clinometer/laser rangefinder/sine","","","","","Elijah Whitcomb","2017-05-07","","N"
"American Beech","Fagus grandifolia","New York","Nassau","Shu Swamp","","","60 acres
Also known as the Charles T. Church Nature Preserve","","258330","1","","","","Public-Private","97.5'","Clinometer/laser rangefinder/sine","","","","","Erik Danielson","2016-04-22","http%3A%2F%2Fwww.ents-bbs.org%2Fviewtopic.php%3Ff%3D105%26t%3D7662%26sid%3Dc5e8d2b41b9f1f19f1de028e023dbcbf","N"
"American Beech","Fagus grandifolia","New York","Nassau","Shu Swamp","","","60 acres
Also known as the Charles T. Church Nature Preserve","","258329","1","","","","Public-Private","98.0'","Clinometer/laser rangefinder/sine","","","","","Erik Danielson","2016-04-22","http%3A%2F%2Fwww.ents-bbs.org%2Fviewtopic.php%3Ff%3D105%26t%3D7662%26sid%3Dc5e8d2b41b9f1f19f1de028e023dbcbf","N"
"American Beech","Fagus grandifolia","New York","Nassau","Tiffany Creek Preserve","","","","","260061","1","","","","Public - county","103.6'","Clinometer/laser rangefinder/sine","","","","","Erik Danielson","2016-04-22","http%3A%2F%2Fwww.ents-bbs.org%2Fviewtopic.php%3Ff%3D105%26t%3D7660%26sid%3D60eba587880cce73bb509f21b4be94c1","N"
"American Beech","Fagus grandifolia","New York","Nassau","Tiffany Creek Preserve","","","","","260060","1","","","","Public - county","114.9'","Clinometer/laser rangefinder/sine","6.9'","83''","","","Erik Danielson","2016-04-22","http%3A%2F%2Fwww.ents-bbs.org%2Fviewtopic.php%3Ff%3D105%26t%3D7660%26sid%3D60eba587880cce73bb509f21b4be94c1","N"
"American Beech","Fagus grandifolia","New York","Nassau","Tiffany Creek Preserve","","","","","260088","1","","","","Public - county","116.0'","Clinometer/laser rangefinder/sine","","","","","Erik Danielson","2016-04-22","http%3A%2F%2Fwww.ents-bbs.org%2Fviewtopic.php%3Ff%3D105%26t%3D7660%26sid%3D60eba587880cce73bb509f21b4be94c1","N"
"American Beech","Fagus grandifolia","New York","Nassau","Welwyn Preserve County Park","","","Trees were measured on 12/5/2016 and 12/19/2016","","258979","1","","","","Public - county","101.4'","Clinometer/laser rangefinder/sine","","","","","Erik Danielson","2016-04-24","http%3A%2F%2Fwww.ents-bbs.org%2Fviewtopic.php%3Ff%3D105%26t%3D7667%26sid%3D82c231524f625f1e32dd5d64e14763f8","N"
"American Beech","Fagus grandifolia","New York","Nassau","Welwyn Preserve County Park","","","Trees were measured on 12/5/2016 and 12/19/2016","","258978","1","","","","Public - county","111.0'","Clinometer/laser rangefinder/sine","","","","","Erik Danielson","2016-04-24","http%3A%2F%2Fwww.ents-bbs.org%2Fviewtopic.php%3Ff%3D105%26t%3D7667%26sid%3D82c231524f625f1e32dd5d64e14763f8","N"
"American Beech","Fagus grandifolia","New York","Nassau","Welwyn Preserve County Park","","","Trees were measured on 12/5/2016 and 12/19/2016","","258977","1","","","","Public - county","114.3'","Clinometer/laser rangefinder/sine","","","","","Erik Danielson","2016-04-24","http%3A%2F%2Fwww.ents-bbs.org%2Fviewtopic.php%3Ff%3D105%26t%3D7667%26sid%3D82c231524f625f1e32dd5d64e14763f8","N"
"American Beech","Fagus grandifolia","New York","Nassau","Welwyn Preserve County Park","","","Trees were measured on 12/5/2016 and 12/19/2016","","257275","1","","","","Public - county","115.0'","Clinometer/laser rangefinder/sine","6.6'","79''","","","Edward Coyle","2004-12-01","http%3A%2F%2Fwww.ents-bbs.org%2Fviewtopic.php%3Ff%3D105%26t%3D7667%26sid%3D82c231524f625f1e32dd5d64e14763f8","N"
"American Beech","Fagus grandifolia","New York","Nassau","Welwyn Preserve County Park","","","Trees were measured on 12/5/2016 and 12/19/2016","","260185","1","","","","Public - county","117.5'","Clinometer/laser rangefinder/sine","","","","","Erik Danielson","2016-12-19","http%3A%2F%2Fwww.ents-bbs.org%2Fviewtopic.php%3Ff%3D105%26t%3D7667%26sid%3D82c231524f625f1e32dd5d64e14763f8","N"
"American Beech","Fagus grandifolia","New York","Nassau","Welwyn Preserve County Park","","","Trees were measured on 12/5/2016 and 12/19/2016","","260184","1","","","","Public - county","122.5'","Clinometer/laser rangefinder/sine","","","","","Erik Danielson","2016-12-19","http%3A%2F%2Fwww.ents-bbs.org%2Fviewtopic.php%3Ff%3D105%26t%3D7667%26sid%3D82c231524f625f1e32dd5d64e14763f8","N"
"American Beech","Fagus grandifolia","New York","Onondaga","Camillus Unique Area","","","","","230508","1","","","700.0 ft","Public (NY DEC)","102.0'","Clinometer/laser rangefinder/sine","7.8'","93''","","","Elijah Whitcomb","2021-01-18","","N"
"American Beech","Fagus grandifolia","New York","Onondaga","Camillus Unique Area","43 03.964","-076 17.562","","","230513","1","43 03.964","-076 17.562","685.0 ft","Public (NY DEC)","106.8'","Clinometer/laser rangefinder/sine","9.3'","111''","","","Elijah Whitcomb","2021-01-18","","N"
"American Beech","Fagus grandifolia","New York","Onondaga","Green Lakes State Park","","","","","257765","1","","","","Public","","Clinometer/laser rangefinder/sine","9.1'","110''","","","Tom Howard, Elijah Whitcomb, Robert Henry","2015-04-27","http%3A%2F%2Fwww.ents-bbs.org%2Fviewtopic.php%3Ff%3D105%26t%3D2419","N"
"American Beech","Fagus grandifolia","New York","Onondaga","Green Lakes State Park","","","","","221099","1","","","","Public","108.0'","Clinometer/laser rangefinder/sine","","","","East of tuliptree grove; among hemlocks.","Elijah Whitcomb, Tom Howard, Bob Henry","2020-11-15","http%3A%2F%2Fwww.ents-bbs.org%2Fviewtopic.php%3Ff%3D105%26t%3D2419","N"
"American Beech","Fagus grandifolia","New York","Onondaga","Green Lakes State Park","","","","","263468","1","","","","Public","121.9'","Clinometer/laser rangefinder/sine","8.8'","105''","","","Jess Riddle","2015-12-27","http%3A%2F%2Fwww.ents-bbs.org%2Fviewtopic.php%3Ff%3D105%26t%3D2419","N"
"American Beech","Fagus grandifolia","New York","Onondaga","Green Lakes State Park","","","","","257766","1","","","","Public","122.5'","Clinometer/laser rangefinder/sine","","","","","Tom Howard, Elijah Whitcomb, Robert Henry","2015-04-27","http%3A%2F%2Fwww.ents-bbs.org%2Fviewtopic.php%3Ff%3D105%26t%3D2419","N"
"American Beech","Fagus grandifolia","New York","Onondaga","Green Lakes State Park","","","","","263469","1","","","","Public","122.8'","Clinometer/laser rangefinder/sine","5.8'","70''","","","Jess Riddle","2015-12-27","http%3A%2F%2Fwww.ents-bbs.org%2Fviewtopic.php%3Ff%3D105%26t%3D2419","N"
"American Beech","Fagus grandifolia","New York","Onondaga","Green Lakes State Park","","","","","221104","1","","","","Public","125.3'","Clinometer/laser rangefinder/sine","6.1'","73''","","","Elijah Whitcomb, Tom Howard, Bob Henry","2020-11-15","http%3A%2F%2Fwww.ents-bbs.org%2Fviewtopic.php%3Ff%3D105%26t%3D2419","N"
"American Beech","Fagus grandifolia","New York","Onondaga","Liverpool School Maple Grove","","","","","257926","1","","","","Public-Private","","Clinometer/laser rangefinder/sine","9.2'","111''","","","Tom Howard, Jack Howard","2009-03-19","http%3A%2F%2Fwww.ents-bbs.org%2Fviewtopic.php%3Ff%3D105%26t%3D7426%26sid%3Dc5ed2ba57ebfaf34b1030c97de047870%23p41639","N"
"American Beech","Fagus grandifolia","New York","Onondaga","Liverpool School Maple Grove","","","","","257927","1","","","","Public-Private","","Clinometer/laser rangefinder/sine","6.4'","76''","","","Tom Howard, Jack Howard","2009-03-19","http%3A%2F%2Fwww.ents-bbs.org%2Fviewtopic.php%3Ff%3D105%26t%3D7426%26sid%3Dc5ed2ba57ebfaf34b1030c97de047870%23p41639","N"
"American Beech","Fagus grandifolia","New York","Onondaga","Liverpool School Maple Grove","","","","","221004","1","","","","Public-Private","105.0'","Clinometer/laser rangefinder/sine","9.8'","118''","","","Elijah Whitcomb, Tom Howard","2016-12-05","http%3A%2F%2Fwww.ents-bbs.org%2Fviewtopic.php%3Ff%3D105%26t%3D7426%26sid%3Dc5ed2ba57ebfaf34b1030c97de047870%23p41639","N"
"American Beech","Fagus grandifolia","New York","Onondaga","Liverpool School Maple Grove","","","","","221022","1","","","","Public-Private","109.7'","Clinometer/laser rangefinder/sine","8.5'","102''","","","Elijah Whitcomb, Tom Howard","2016-12-05","http%3A%2F%2Fwww.ents-bbs.org%2Fviewtopic.php%3Ff%3D105%26t%3D7426%26sid%3Dc5ed2ba57ebfaf34b1030c97de047870%23p41639","N"
"American Beech","Fagus grandifolia","New York","Onondaga","Liverpool School Maple Grove","","","","","262924","1","","","","Public-Private","109.7'","Clinometer/laser rangefinder/sine","8.5'","102''","","","Tom Howard, Elijah Whitcomb","2015-12-28","http%3A%2F%2Fwww.ents-bbs.org%2Fviewtopic.php%3Ff%3D105%26t%3D7426%26sid%3Dc5ed2ba57ebfaf34b1030c97de047870%23p41639","N"
"American Beech","Fagus grandifolia","New York","Onondaga","Liverpool School Maple Grove","","","","","221025","1","","","","Public-Private","112.3'","Clinometer/laser rangefinder/sine","9.8'","118''","","","Elijah Whitcomb, Tom Howard","2016-12-05","http%3A%2F%2Fwww.ents-bbs.org%2Fviewtopic.php%3Ff%3D105%26t%3D7426%26sid%3Dc5ed2ba57ebfaf34b1030c97de047870%23p41639","N"
"American Beech","Fagus grandifolia","New York","Onondaga","Liverpool School Maple Grove","","","","","262923","1","","","","Public-Private","112.3'","Clinometer/laser rangefinder/sine","10.7'","128''","","","Tom Howard, Elijah Whitcomb","2015-12-28","http%3A%2F%2Fwww.ents-bbs.org%2Fviewtopic.php%3Ff%3D105%26t%3D7426%26sid%3Dc5ed2ba57ebfaf34b1030c97de047870%23p41639","N"
"American Beech","Fagus grandifolia","New York","Onondaga","Liverpool School Maple Grove","","","","","221003","1","","","","Public-Private","115.2'","Clinometer/laser rangefinder/sine","","","","","Elijah Whitcomb, Tom Howard","2016-12-05","http%3A%2F%2Fwww.ents-bbs.org%2Fviewtopic.php%3Ff%3D105%26t%3D7426%26sid%3Dc5ed2ba57ebfaf34b1030c97de047870%23p41639","N"
"American Beech","Fagus grandifolia","New York","Onondaga","Liverpool School Maple Grove","","","","","221026","1","","","","Public-Private","115.2'","Clinometer/laser rangefinder/sine","7.3'","87''","","","Elijah Whitcomb, Tom Howard","2016-12-05","http%3A%2F%2Fwww.ents-bbs.org%2Fviewtopic.php%3Ff%3D105%26t%3D7426%26sid%3Dc5ed2ba57ebfaf34b1030c97de047870%23p41639","N"
"American Beech","Fagus grandifolia","New York","Onondaga","Liverpool School Maple Grove","","","","","262922","1","","","","Public-Private","115.2'","Clinometer/laser rangefinder/sine","7.2'","86''","","","Tom Howard, Elijah Whitcomb","2015-12-28","http%3A%2F%2Fwww.ents-bbs.org%2Fviewtopic.php%3Ff%3D105%26t%3D7426%26sid%3Dc5ed2ba57ebfaf34b1030c97de047870%23p41639","N"
"American Beech","Fagus grandifolia","New York","Onondaga","Liverpool School Maple Grove","","","","","221024","1","","","","Public-Private","116.4'","Clinometer/laser rangefinder/sine","7.2'","86''","","","Elijah Whitcomb, Tom Howard","2016-12-05","http%3A%2F%2Fwww.ents-bbs.org%2Fviewtopic.php%3Ff%3D105%26t%3D7426%26sid%3Dc5ed2ba57ebfaf34b1030c97de047870%23p41639","N"
"American Beech","Fagus grandifolia","New York","Onondaga","Liverpool School Maple Grove","","","","","262921","1","","","","Public-Private","116.4'","Clinometer/laser rangefinder/sine","7.2'","86''","","","Tom Howard, Elijah Whitcomb","2015-12-28","http%3A%2F%2Fwww.ents-bbs.org%2Fviewtopic.php%3Ff%3D105%26t%3D7426%26sid%3Dc5ed2ba57ebfaf34b1030c97de047870%23p41639","N"
"American Beech","Fagus grandifolia","New York","Onondaga","Liverpool School Maple Grove","","","","","262917","1","","","","Public-Private","116.5'","Clinometer/laser rangefinder/sine","","","","","Tom Howard, Elijah Whitcomb","2015-12-28","http%3A%2F%2Fwww.ents-bbs.org%2Fviewtopic.php%3Ff%3D105%26t%3D7426%26sid%3Dc5ed2ba57ebfaf34b1030c97de047870%23p41639","N"
"American Beech","Fagus grandifolia","New York","Onondaga","Liverpool School Maple Grove","","","","","262918","1","","","","Public-Private","116.7'","Clinometer/laser rangefinder/sine","","","","","Tom Howard, Elijah Whitcomb","2015-12-28","http%3A%2F%2Fwww.ents-bbs.org%2Fviewtopic.php%3Ff%3D105%26t%3D7426%26sid%3Dc5ed2ba57ebfaf34b1030c97de047870%23p41639","N"
"American Beech","Fagus grandifolia","New York","Onondaga","Liverpool School Maple Grove","","","","","221021","1","","","","Public-Private","118.0'","Clinometer/laser rangefinder/sine","9.6'","115''","90.0'","","Elijah Whitcomb, Tom Howard","2016-12-05","http%3A%2F%2Fwww.ents-bbs.org%2Fviewtopic.php%3Ff%3D105%26t%3D7426%26sid%3Dc5ed2ba57ebfaf34b1030c97de047870%23p41639","N"
"American Beech","Fagus grandifolia","New York","Onondaga","Liverpool School Maple Grove","","","","","262919","1","","","","Public-Private","118.0'","Clinometer/laser rangefinder/sine","9.7'","116''","90.0'","Crown spread is maximum","Tom Howard, Elijah Whitcomb","2015-12-28","http%3A%2F%2Fwww.ents-bbs.org%2Fviewtopic.php%3Ff%3D105%26t%3D7426%26sid%3Dc5ed2ba57ebfaf34b1030c97de047870%23p41639","N"
"American Beech","Fagus grandifolia","New York","Onondaga","Liverpool School Maple Grove","","","","","221023","1","","","","Public-Private","118.9'","Clinometer/laser rangefinder/sine","7.4'","89''","","","Elijah Whitcomb, Tom Howard","2016-12-05","http%3A%2F%2Fwww.ents-bbs.org%2Fviewtopic.php%3Ff%3D105%26t%3D7426%26sid%3Dc5ed2ba57ebfaf34b1030c97de047870%23p41639","N"
"American Beech","Fagus grandifolia","New York","Onondaga","Liverpool School Maple Grove","","","","","262920","1","","","","Public-Private","118.9'","Clinometer/laser rangefinder/sine","7.5'","90''","","","Tom Howard, Elijah Whitcomb","2015-12-28","http%3A%2F%2Fwww.ents-bbs.org%2Fviewtopic.php%3Ff%3D105%26t%3D7426%26sid%3Dc5ed2ba57ebfaf34b1030c97de047870%23p41639","N"
"American Beech","Fagus grandifolia","New York","Onondaga","Liverpool School Maple Grove","","","","","262906","1","","","","Public-Private","121.0'","Clinometer/laser rangefinder/sine","","","","","Elijah Whitcomb","2018-03-27","http%3A%2F%2Fwww.ents-bbs.org%2Fviewtopic.php%3Ff%3D105%26t%3D7426%26sid%3Dc5ed2ba57ebfaf34b1030c97de047870%23p41639","N"
"American Beech","Fagus grandifolia","New York","Onondaga","Long Branch Park","","","","","230440","1","","","","Public","97.1'","Clinometer/laser rangefinder/sine","8.1'","97''","","Measured 11/2/14 by Elijah Whitcomb.","Elijah Whitcomb, Tom Howard, Robert Henry","2021-01-17","","N"
"American Beech","Fagus grandifolia","New York","Onondaga","Long Branch Park","","","","","263383","1","","","","Public","97.1'","Clinometer/laser rangefinder/sine","","","","","Elijah Whitcomb","2015-11-26","","N"
"American Beech","Fagus grandifolia","New York","Onondaga","Whiskey Hollow","43 07.036","-076 23.508","","","229729","1","43 07.036","-076 23.508","660.0 ft","Private","120.0'","Clinometer/laser rangefinder/sine","7.0'","84''","","","Elijah Whitcomb","2021-01-03","","N"
"American Beech","Fagus grandifolia","New York","Onondaga","Whiskey Hollow","43 07.004","-076 23.547","","","229728","1","43 07.004","-076 23.547","585.0 ft","Private","127.4'","Clinometer/laser rangefinder/sine","6.7'","80''","","","Elijah Whitcomb","2021-01-03","","N"
"American Beech","Fagus grandifolia","New York","Onondaga","Wizard Of Oz Oak Grove","","","","","262869","1","","","","Public-Private","90.5'","Clinometer/laser rangefinder/sine","","","","","Tom Howard, Elijah Whitcomb","2016-02-21","http%3A%2F%2Fwww.ents-bbs.org%2Fviewtopic.php%3Ff%3D105%26t%3D7538%26sid%3Dc5ed2ba57ebfaf34b1030c97de047870","N"
"American Beech","Fagus grandifolia","New York","Onondaga","Wizard Of Oz Oak Grove","","","","","262867","1","","","","Public-Private","93.0'","Clinometer/laser rangefinder/sine","","","","","Tom Howard, Elijah Whitcomb","2016-02-21","http%3A%2F%2Fwww.ents-bbs.org%2Fviewtopic.php%3Ff%3D105%26t%3D7538%26sid%3Dc5ed2ba57ebfaf34b1030c97de047870","N"
"American Beech","Fagus grandifolia","New York","Onondaga","Wizard Of Oz Oak Grove","","","","","262868","1","","","","Public-Private","93.4'","Clinometer/laser rangefinder/sine","","","","","Tom Howard, Elijah Whitcomb","2016-02-21","http%3A%2F%2Fwww.ents-bbs.org%2Fviewtopic.php%3Ff%3D105%26t%3D7538%26sid%3Dc5ed2ba57ebfaf34b1030c97de047870","N"
"American Beech","Fagus grandifolia","New York","Onondaga","Wizard Of Oz Oak Grove","","","","","262876","1","","","","Public-Private","102.1'","Clinometer/laser rangefinder/sine","","","","","Tom Howard, Elijah Whitcomb","2016-02-21","http%3A%2F%2Fwww.ents-bbs.org%2Fviewtopic.php%3Ff%3D105%26t%3D7538%26sid%3Dc5ed2ba57ebfaf34b1030c97de047870","N"
"American Beech","Fagus grandifolia","New York","Oswego","Curtiss-Gale WMA","","","","","221381","1","","","","Public","112.8'","Clinometer/laser rangefinder/sine","10.5'","126''","","","Elijah Whitcomb","2019-05-21","","N"
"American Beech","Fagus grandifolia","New York","Oswego","Curtiss-Gale WMA","","","","","257313","1","","","","Public","115.0'","Clinometer/laser rangefinder/sine","11.1'","134''","","","Tom Howard, Robert Henry, Beth Frey","2002-09-14","","N"
"American Beech","Fagus grandifolia","New York","Oswego","Curtiss-Gale WMA","","","","","257314","1","","","","Public","117.0'","Clinometer/laser rangefinder/sine","10.1'","121''","","","Tom Howard, Robert Henry, Beth Frey","2002-09-14","","N"
"American Beech","Fagus grandifolia","New York","Richmond","Clove Lakes Park","","","Trees were measured 12/20/2015 and 3/3/2016","","265820","1","","","","Public - city","94.2'","Clinometer/laser rangefinder/sine","8.3'","100''","","","Erik Danielson","2015-12-20","http%3A%2F%2Fwww.ents-bbs.org%2Fviewtopic.php%3Ff%3D105%26t%3D7397%26sid%3De9b5b3b04e3a1d8597b486e4297a43b9","N"
"American Beech","Fagus grandifolia","New York","Richmond","Clove Lakes Park","","","Trees were measured 12/20/2015 and 3/3/2016","","265884","1","","","","Public - city","95.5'","Clinometer/laser rangefinder/sine","7.2'","86''","","","Erik Danielson","2015-12-20","http%3A%2F%2Fwww.ents-bbs.org%2Fviewtopic.php%3Ff%3D105%26t%3D7397%26sid%3De9b5b3b04e3a1d8597b486e4297a43b9","N"
"American Beech","Fagus grandifolia","New York","Richmond","Clove Lakes Park","","","Trees were measured 12/20/2015 and 3/3/2016","","265883","1","","","","Public - city","98.0'","Clinometer/laser rangefinder/sine","5.6'","67''","","","Erik Danielson","2015-12-20","http%3A%2F%2Fwww.ents-bbs.org%2Fviewtopic.php%3Ff%3D105%26t%3D7397%26sid%3De9b5b3b04e3a1d8597b486e4297a43b9","N"
"American Beech","Fagus grandifolia","New York","Richmond","Clove Lakes Park","","","Trees were measured 12/20/2015 and 3/3/2016","","265819","1","","","","Public - city","99.8'","Clinometer/laser rangefinder/sine","11.3'","136''","","","Erik Danielson","2015-12-20","http%3A%2F%2Fwww.ents-bbs.org%2Fviewtopic.php%3Ff%3D105%26t%3D7397%26sid%3De9b5b3b04e3a1d8597b486e4297a43b9","N"
"American Beech","Fagus grandifolia","New York","Richmond","Clove Lakes Park","","","Trees were measured 12/20/2015 and 3/3/2016","","265882","1","","","","Public - city","114.0'","Clinometer/laser rangefinder/sine","8.2'","98''","","","Erik Danielson","2015-12-20","http%3A%2F%2Fwww.ents-bbs.org%2Fviewtopic.php%3Ff%3D105%26t%3D7397%26sid%3De9b5b3b04e3a1d8597b486e4297a43b9","N"
"American Beech","Fagus grandifolia","New York","Richmond","Corson's Brook Woods","","","21 Acres","","258258","1","","","","Private","93.6'","Clinometer/laser rangefinder/sine","","","","","Erik Danielson","2016-04-01","http%3A%2F%2Fwww.ents-bbs.org%2Fviewtopic.php%3Ff%3D105%26t%3D7363%26sid%3D5a6e017133ea02fd52261a4e1e950e4e%23p38394","N"
"American Beech","Fagus grandifolia","New York","Richmond","Corson's Brook Woods","","","21 Acres","","258257","1","","","","Private","94.6'","Clinometer/laser rangefinder/sine","","","","","Erik Danielson","2016-04-01","http%3A%2F%2Fwww.ents-bbs.org%2Fviewtopic.php%3Ff%3D105%26t%3D7363%26sid%3D5a6e017133ea02fd52261a4e1e950e4e%23p38394","N"
"American Beech","Fagus grandifolia","New York","Richmond","Corson's Brook Woods","","","21 Acres","","258256","1","","","","Private","94.9'","Clinometer/laser rangefinder/sine","","","","","Erik Danielson","2016-04-01","http%3A%2F%2Fwww.ents-bbs.org%2Fviewtopic.php%3Ff%3D105%26t%3D7363%26sid%3D5a6e017133ea02fd52261a4e1e950e4e%23p38394","N"
"American Beech","Fagus grandifolia","New York","Richmond","Corson's Brook Woods","","","21 Acres","","258255","1","","","","Private","95.0'","Clinometer/laser rangefinder/sine","","","","","Erik Danielson","2016-04-01","http%3A%2F%2Fwww.ents-bbs.org%2Fviewtopic.php%3Ff%3D105%26t%3D7363%26sid%3D5a6e017133ea02fd52261a4e1e950e4e%23p38394","N"
"American Beech","Fagus grandifolia","New York","Richmond","The Greenbelt","","","","","260267","1","","","","Public - county","97.3'","Clinometer/laser rangefinder/sine","","","","Willow Brook Park","Erik Danielson","2016-02-21","http%3A%2F%2Fwww.ents-bbs.org%2Fviewtopic.php%3Ff%3D105%26t%3D7541%26sid%3Ded2fa30b6553b50502468b82dfb9fe41","N"
"American Beech","Fagus grandifolia","New York","Richmond","The Greenbelt","","","","","260266","1","","","","Public - county","97.5'","Clinometer/laser rangefinder/sine","","","","Willow Brook Park","Erik Danielson","2016-02-21","http%3A%2F%2Fwww.ents-bbs.org%2Fviewtopic.php%3Ff%3D105%26t%3D7541%26sid%3Ded2fa30b6553b50502468b82dfb9fe41","N"
"American Beech","Fagus grandifolia","New York","Richmond","The Greenbelt","","","","","260265","1","","","","Public - county","98.0'","Clinometer/laser rangefinder/sine","","","","Willow Brook Park","Erik Danielson","2016-02-21","http%3A%2F%2Fwww.ents-bbs.org%2Fviewtopic.php%3Ff%3D105%26t%3D7541%26sid%3Ded2fa30b6553b50502468b82dfb9fe41","N"
"American Beech","Fagus grandifolia","New York","Richmond","The Greenbelt","","","","","260264","1","","","","Public - county","100.8'","Clinometer/laser rangefinder/sine","","","","Willow Brook Park","Erik Danielson","2016-02-21","http%3A%2F%2Fwww.ents-bbs.org%2Fviewtopic.php%3Ff%3D105%26t%3D7541%26sid%3Ded2fa30b6553b50502468b82dfb9fe41","N"
"American Beech","Fagus grandifolia","New York","Saratoga","Moreau Lake State Park","43 14.109","-073 43.247","","","209461","1","43 14.109","-073 43.247","","Public","107.1'","Clinometer/laser rangefinder/sine","5.3'","64''","","","Elijah Whitcomb","2020-05-17","","N"
"American Beech","Fagus grandifolia","New York","Schoharie","George Landis Arboretum","","","548 acres","","258536","1","","","","Private","77.3'","Clinometer/laser rangefinder/sine","","","","","Erik Danielson","2016-10-17","http%3A%2F%2Fwww.ents-bbs.org%2Fviewtopic.php%3Ff%3D105%26t%3D7847%26sid%3Ded2fa30b6553b50502468b82dfb9fe41%23p38660","N"
"American Beech","Fagus grandifolia","New York","St. Lawrence","Gouveneur","","","","","256862","1","","","","Public-Private","60.0'","Clinometer/laser rangefinder/sine","3.0'","36''","","","Harold Stoner, Bradley Burns","2004-12-10","http%3A%2F%2Fnativetreesociety.org%2Ffieldtrips%2Fnew_york%2Fst_lawrence_county.htm","N"
"American Beech","Fagus grandifolia","New York","Tompkins","Smith Woods","","","","","221304","1","","","","Public","","Clinometer/laser rangefinder/sine","13.5'","162''","","Snag, not living","Elijah Whitcomb, Tom Howard","2020-10-04","http%3A%2F%2Fwww.ents-bbs.org%2Fviewtopic.php%3Ff%3D105%26t%3D7265","N"
"American Beech","Fagus grandifolia","New York","Tompkins","Smith Woods","","","","","221296","1","","","","Public","119.0'","Clinometer/laser rangefinder/sine","","","","","Elijah Whitcomb, Tom Howard","2020-10-04","http%3A%2F%2Fwww.ents-bbs.org%2Fviewtopic.php%3Ff%3D105%26t%3D7265","N"
"American Beech","Fagus grandifolia","New York","Ulster","Palmaghatt Kill Ravine","","","22,275 acres managed by the Palisades Interstate Park commission and the New York Office of Parks, Recreation and Historic Preservation.","","257046","1","","","","Public - state","93.0'","Clinometer/laser rangefinder/sine","7.2'","86''","","","Harold Stoner","2002-11-09","http%3A%2F%2Fwww.nativetreesociety.org%2Ffieldtrips%2Fnew_york%2Fpalmaghatt_survey_report.htm","N"
"American Beech","Fagus grandifolia","New York","Wayne/Cayuga","Howland's Island","","","Part of the Montezuma NWF, Howland's Island is a multi-use public property. The land area is broken up by several large ponds, swamps, meadows, fields and cattail marshes.  Most of the forested land contains even-aged hardwood stands, though a few very large and old specimens can be found.","","220813","1","","","","Public (NYS)","","Clinometer/laser rangefinder/sine","10.2'","122''","","","Elijah Whitcomb","2020-11-16","http%3A%2F%2Fwww.ents-bbs.org%2Fviewtopic.php%3Ff%3D105%26t%3D3337","N"
"American Beech","Fagus grandifolia","New York","Wayne/Cayuga","Howland's Island","43 04.270","-076 41.770","Part of the Montezuma NWF, Howland's Island is a multi-use public property. The land area is broken up by several large ponds, swamps, meadows, fields and cattail marshes.  Most of the forested land contains even-aged hardwood stands, though a few very large and old specimens can be found.","","220703","1","43 04.270","-076 41.770","","Public (NYS)","82.0'","","9.3'","111''","","","Elijah Whitcomb","2020-11-16","http%3A%2F%2Fwww.ents-bbs.org%2Fviewtopic.php%3Ff%3D105%26t%3D3337","N"
"American Beech","Fagus grandifolia","New York","Wayne/Cayuga","Howland's Island","","","Part of the Montezuma NWF, Howland's Island is a multi-use public property. The land area is broken up by several large ponds, swamps, meadows, fields and cattail marshes.  Most of the forested land contains even-aged hardwood stands, though a few very large and old specimens can be found.","","220740","1","","","","Public (NYS)","90.9'","Clinometer/laser rangefinder/sine","","","","","Elijah Whitcomb","2020-11-16","http%3A%2F%2Fwww.ents-bbs.org%2Fviewtopic.php%3Ff%3D105%26t%3D3337","N"
"American Beech","Fagus grandifolia","New York","Wayne/Cayuga","Howland's Island","","","Part of the Montezuma NWF, Howland's Island is a multi-use public property. The land area is broken up by several large ponds, swamps, meadows, fields and cattail marshes.  Most of the forested land contains even-aged hardwood stands, though a few very large and old specimens can be found.","","220852","1","","","","Public (NYS)","101.5'","Clinometer/laser rangefinder/sine","5.3'","63''","","","Elijah Whitcomb","2020-11-16","http%3A%2F%2Fwww.ents-bbs.org%2Fviewtopic.php%3Ff%3D105%26t%3D3337","N"
"American Beech","Fagus grandifolia","New York","Wayne/Cayuga","Howland's Island","","","Part of the Montezuma NWF, Howland's Island is a multi-use public property. The land area is broken up by several large ponds, swamps, meadows, fields and cattail marshes.  Most of the forested land contains even-aged hardwood stands, though a few very large and old specimens can be found.","","220768","1","","","","Public (NYS)","102.0'","Clinometer/laser rangefinder/sine","6.1'","73''","","","Elijah Whitcomb","2020-11-16","http%3A%2F%2Fwww.ents-bbs.org%2Fviewtopic.php%3Ff%3D105%26t%3D3337","N"
"American Beech","Fagus grandifolia","New York","Wayne/Cayuga","Howland's Island","","","Part of the Montezuma NWF, Howland's Island is a multi-use public property. The land area is broken up by several large ponds, swamps, meadows, fields and cattail marshes.  Most of the forested land contains even-aged hardwood stands, though a few very large and old specimens can be found.","","220875","1","","","","Public (NYS)","109.2'","Clinometer/laser rangefinder/sine","5.9'","71''","","","Elijah Whitcomb","2020-11-16","http%3A%2F%2Fwww.ents-bbs.org%2Fviewtopic.php%3Ff%3D105%26t%3D3337","N"
"American Beech","Fagus grandifolia","New York","Wayne/Cayuga","Howland's Island","","","Part of the Montezuma NWF, Howland's Island is a multi-use public property. The land area is broken up by several large ponds, swamps, meadows, fields and cattail marshes.  Most of the forested land contains even-aged hardwood stands, though a few very large and old specimens can be found.","","220897","1","","","","Public (NYS)","113.0'","Clinometer/laser rangefinder/sine","6.0'","72''","","","Elijah Whitcomb","2020-11-16","http%3A%2F%2Fwww.ents-bbs.org%2Fviewtopic.php%3Ff%3D105%26t%3D3337","N"
"American Beech","Fagus grandifolia","New York","Wayne/Cayuga","Howland's Island","43 00.773","-076 14.589","Part of the Montezuma NWF, Howland's Island is a multi-use public property. The land area is broken up by several large ponds, swamps, meadows, fields and cattail marshes.  Most of the forested land contains even-aged hardwood stands, though a few very large and old specimens can be found.","","220912","1","43 00.773","-076 14.589","","Public (NYS)","117.5'","Clinometer/laser rangefinder/sine","7.7'","92''","","","Elijah Whitcomb","2020-11-16","http%3A%2F%2Fwww.ents-bbs.org%2Fviewtopic.php%3Ff%3D105%26t%3D3337","N"
"American Beech","Fagus grandifolia","New York","Westchester","Rockefeller State Park Preserve","","","","","202590","1","","","","Public","118.4'","Clinometer/laser rangefinder/sine","","","","","Elijah Whitcomb, Erik Danielsen","2020-01-12","","N"
"American Beech","Fagus grandifolia","New York","Wyoming","Letchworth State Park","","","","","194042","1","","","","Public","72.1'","Clinometer/laser rangefinder/sine","4.2'","50''","","","Dale Luthringer","2008-09-29","","N"
"American Beech","Fagus grandifolia","New York","Wyoming","Letchworth State Park","","","","","194060","1","","","","Public","80.7'","Clinometer/laser rangefinder/sine","","","","","Dale Luthringer","2008-09-29","","N"
"American Beech","Fagus grandifolia","New York","Wyoming/Livingston","Letchworth State Park","42 35.390","-078 01.026","","","217807","1","42 35.390","-078 01.026","","Public","104.5'","Clinometer/laser rangefinder/sine","5.4'","65''","","","Elijah Whitcomb","2020-10-11","http%3A%2F%2Fwww.ents-bbs.org%2Fviewtopic.php%3Ff%3D105%26t%3D7878","N"
"American Beech","Fagus grandifolia","New York","Wyoming/Livingston","Letchworth State Park","","","","","217795","1","","","","Public","115.6'","Clinometer/laser rangefinder/sine","9.1'","109''","","","Elijah Whitcomb","2020-10-11","http%3A%2F%2Fwww.ents-bbs.org%2Fviewtopic.php%3Ff%3D105%26t%3D7878","N"
"American Beech","Fagus grandifolia","New York","Wyoming/Livingston","Letchworth State Park","42 36.021","-078 00.895","","","217833","1","42 36.021","-078 00.895","","Public","119.6'","Clinometer/laser rangefinder/sine","7.4'","89''","","","Elijah Whitcomb","2020-10-11","http%3A%2F%2Fwww.ents-bbs.org%2Fviewtopic.php%3Ff%3D105%26t%3D7878","N"
"American Beech","Fagus grandifolia","Ohio","Athens","Riddle Nature Preserve","","","106 acres managed by the City of Athens.","","165808","1","","","","Public-state","109.3'","Clinometer/laser rangefinder/sine","5.0'","60''","","","Randy Brown","2008-04-08","http%3A%2F%2Fwww.nativetreesociety.org%2Ffieldtrips%2Fohio%2Friddle%2Friddle_hawk_woods.htm","N"
"American Beech","Fagus grandifolia","Ohio","Belmont","Dysart Woods, SE Ohio","","","","","9906","1","","","","public","108.3'","","9.0'","108''","","","Thomas Diggins","2007-04-01","","N"
"American Beech","Fagus grandifolia","Ohio","Belmont","Dysart Woods, SE Ohio","","","","","9905","1","","","","public","114.1'","","8.0'","96''","","","Thomas Diggins","2007-04-01","","N"
"American Beech","Fagus grandifolia","Ohio","Butler","Miami University","","","Four Bur Oaks, including the largest one were measured on 2/3/2013 by M. Markworth.

see:http://www.ents-bbs.org/viewtopic.php?f=111&t=5009#p21622","","168447","1","","","","Public-state","","Clinometer/laser rangefinder/sine","10.6'","127''","","","Matt Markworth, Steve Galehouse","2013-05-08","http%3A%2F%2Fwww.ents-bbs.org%2Fviewtopic.php%3Ff%3D111%26t%3D5371%23p23473","N"
"American Beech","Fagus grandifolia","Ohio","Cuyahoga","Bedford Reservation","","","","","14788","1","","","","Public - county","103.6'","Clinometer/laser rangefinder/sine","","","","","Steve Galehouse","2011-10-02","http%3A%2F%2Fwww.ents-bbs.org%2Fviewtopic.php%3Ff%3D111%26t%3D3075%23p38944","N"
"American Beech","Fagus grandifolia","Ohio","Cuyahoga","Bradley Woods Metropark","","","","","18686","1","","","","Park","108.0'","Clinometer/laser rangefinder/sine","10.3'","123''","","","Steve Galehouse","2009-12-16","","N"
"American Beech","Fagus grandifolia","Ohio","Cuyahoga","Brecksville Reservation","","","","","5880","1","","","","public","101.2'","Clinometer/laser rangefinder/sine","","","","","Steve Galehouse","2011-08-18","","N"
"American Beech","Fagus grandifolia","Ohio","Cuyahoga","Clague Park, Westlake","","","","","9984","1","","","","public","96.5'","","7.8'","94''","","","Steve Galehouse","2007-02-27","","N"
"American Beech","Fagus grandifolia","Ohio","Cuyahoga","Claque Park","","","City of Westlake","","168596","1","","","","Public-city","96.5'","Clinometer/laser rangefinder/sine","7.8'","94''","","","Steve Galehouse","2007-02-27","http%3A%2F%2Fwww.nativetreesociety.org%2Ffieldtrips%2Fohio%2Fclague%2Fclague_park.htm","N"
"American Beech","Fagus grandifolia","Ohio","Cuyahoga","Huntington Reservation","","","","","5908","1","","","","Metroparks","84.8'","Clinometer/laser rangefinder/sine","","","","","Steve Galehouse","2011-08-20","","N"
"American Beech","Fagus grandifolia","Ohio","Cuyahoga","Rocky River Floodplain Forest","","","","","17337","1","","","","public","110.2'","Clinometer/laser rangefinder/sine","7.9'","95''","","","Steve Galehouse","2011-11-02","","N"
"American Beech","Fagus grandifolia","Ohio","Cuyahoga","Rocky River Floodplain Forest","","","","","168887","1","","","","public","110.2'","Clinometer/laser rangefinder/sine","7.9'","95''","","","Steve Galehouse","2010-03-25","","N"
"American Beech","Fagus grandifolia","Ohio","Cuyahoga","Rocky River Park","","","","","166912","1","","","","Public-city","98.0'","Clinometer/laser rangefinder/sine","9.8'","117''","","","Steve Galehouse","2009-03-22","http%3A%2F%2Fwww.nativetreesociety.org%2Ffieldtrips%2Fohio%2Frocky_river.htm","N"
"American Beech","Fagus grandifolia","Ohio","Cuyahoga","Tinker's Creek, Bedford Reservation","","","","","18856","1","","","","Metropark","107.1'","Clinometer/laser rangefinder/sine","7.6'","91''","","","Rand Brown","2008-04-15","","N"
"American Beech","Fagus grandifolia","Ohio","Fulton","Goll Woods State Natural Area","","","","","9644","1","","","","public","111.1'","","8.0'","96''","","","Will Blozan, Tom Diggins","2007-04-15","http%3A%2F%2Fwww.nativetreesociety.org%2Ffieldtrips%2Fohio%2Fgoll_woods%2Fgoll_woods_state_natural_area.htm","N"
"American Beech","Fagus grandifolia","Ohio","Hamilton","California Woods Nature Preserve","","","113 Acres
Measurements made from 2014 thru 2017","","169519","1","","","","Pubkic - city","121.5'","Clinometer/laser rangefinder/sine","4.5'","54''","","","Matt Markworth","2014-02-27","http%3A%2F%2Fents-bbs.org%2Fviewtopic.php%3Ff%3D111%26t%3D6142%23p27831","N"
"American Beech","Fagus grandifolia","Ohio","Hamilton","Miami Whitewater Forest","","","","","165671","1","","","","Public-county","113.0'","Clinometer/laser rangefinder/sine","8.3'","99''","","","Matt Markworth","2013-01-26","http%3A%2F%2Fwww.ents-bbs.org%2Fviewtopic.php%3Ff%3D111%26t%3D4958","N"
"American Beech","Fagus grandifolia","Ohio","Highland","Fort Hil Earthworks And Nature Preserve","","","1300 Acres
Based on three trip reports on the NTS BBS board dated:
2/23/2014, 6/27/2014 ,8/28/2014,11/23/2014","","168901","1","","","","Public-state","113.6'","Clinometer/laser rangefinder/sine","8.3'","100''","","","Robert Leverett, Matt Markworth, Rand Brown","2014-11-02","http%3A%2F%2Fwww.ents-bbs.org%2Fviewtopic.php%3Ff%3D111%26t%3D6128%23p27758","N"
"American Beech","Fagus grandifolia","Ohio","Highland","Fort Hil Earthworks And Nature Preserve","","","1300 Acres
Based on three trip reports on the NTS BBS board dated:
2/23/2014, 6/27/2014 ,8/28/2014,11/23/2014","","168897","1","","","","Public-state","117.9'","Clinometer/laser rangefinder/sine","7.8'","94''","","","Robert Leverett, Matt Markworth, Rand Brown","2014-11-02","http%3A%2F%2Fwww.ents-bbs.org%2Fviewtopic.php%3Ff%3D111%26t%3D6128%23p27758","N"
"American Beech","Fagus grandifolia","Ohio","Highland","Fort Hil Earthworks And Nature Preserve","","","1300 Acres
Based on three trip reports on the NTS BBS board dated:
2/23/2014, 6/27/2014 ,8/28/2014,11/23/2014","","168928","1","","","","Public-state","125.0'","Clinometer/laser rangefinder/sine","6.6'","79''","","","Robert Leverett, Matt Markworth, Rand Brown","2014-11-02","http%3A%2F%2Fwww.ents-bbs.org%2Fviewtopic.php%3Ff%3D111%26t%3D6128%23p27758","N"
"American Beech","Fagus grandifolia","Ohio","Highland","Fort Hil Earthworks And Nature Preserve","","","1300 Acres
Based on three trip reports on the NTS BBS board dated:
2/23/2014, 6/27/2014 ,8/28/2014,11/23/2014","","168927","1","","","","Public-state","130.5'","Clinometer/laser rangefinder/sine","9.5'","114''","","","Robert Leverett, Matt Markworth, Rand Brown","2014-11-02","http%3A%2F%2Fwww.ents-bbs.org%2Fviewtopic.php%3Ff%3D111%26t%3D6128%23p27758","N"
"American Beech","Fagus grandifolia","Ohio","Highland","Highland Nature Sanctuary","","","From trip reports posted on the NTS BBS page dated:
8/28/2012, 11/2/14.","","168938","1","","","","Private","111.5'","Clinometer/laser rangefinder/sine","","","","On Big Beech Trail","Robert Leverett, Matt Markworth, Rand Brown","2014-06-27","http%3A%2F%2Fwww.ents-bbs.org%2Fviewtopic.php%3Ff%3D111%26t%3D6705","N"
"American Beech","Fagus grandifolia","Ohio","Highland","Highland Nature Sanctuary","","","From trip reports posted on the NTS BBS page dated:
8/28/2012, 11/2/14.","","168937","1","","","","Private","120.1'","Clinometer/laser rangefinder/sine","","","","On Big Beech Trail","Robert Leverett, Matt Markworth, Rand Brown","2014-06-27","http%3A%2F%2Fwww.ents-bbs.org%2Fviewtopic.php%3Ff%3D111%26t%3D6705","N"
"American Beech","Fagus grandifolia","Ohio","Highland","Pike Ste Forest","","","Trees measured were in two coves.","","161925","1","","","","Public-state","106.0'","Clinometer/laser rangefinder/sine","7.8'","94''","","","Matt Markworth, Rand Brown","2014-02-23","http%3A%2F%2Fwww.ents-bbs.org%2Fviewtopic.php%3Ff%3D111%26t%3D6128%23p27758","N"
"American Beech","Fagus grandifolia","Ohio","Highland","Pike Ste Forest","","","Trees measured were in two coves.","","161932","1","","","","Public-state","118.9'","Clinometer/laser rangefinder/sine","8.7'","105''","","","Matt Markworth, Rand Brown","2014-02-23","http%3A%2F%2Fwww.ents-bbs.org%2Fviewtopic.php%3Ff%3D111%26t%3D6128%23p27758","N"
"American Beech","Fagus grandifolia","Ohio","Highland","Pike Ste Forest","","","Trees measured were in two coves.","","161926","1","","","","Public-state","121.0'","Clinometer/laser rangefinder/sine","7.0'","84''","","","Matt Markworth, Rand Brown","2014-02-23","http%3A%2F%2Fwww.ents-bbs.org%2Fviewtopic.php%3Ff%3D111%26t%3D6128%23p27758","N"
"American Beech","Fagus grandifolia","Ohio","Hocking","Hocking Hills SP, OH","","","","","9838","1","","","","public","120.3'","","6.7'","80''","","","Thomas Diggins","2005-04-02","","N"
"American Beech","Fagus grandifolia","Ohio","Hocking","Hocking Hills SP, OH","","","","","9836","1","","","","public","122.5'","","7.6'","91''","","","Thomas Diggins","2005-04-02","","N"
"American Beech","Fagus grandifolia","Ohio","Hocking","Hocking Hills SP, OH","","","","","9839","1","","","","public","123.8'","","7.0'","84''","","","Thomas Diggins","2005-04-02","","N"
"American Beech","Fagus grandifolia","Ohio","Hocking","Hocking Hills SP, OH","","","","","9837","1","","","","public","125.7'","","5.8'","69''","","","Thomas Diggins","2005-04-02","","N"
"American Beech","Fagus grandifolia","Ohio","Hocking","Hocking Hills SP, OH","","","","","9840","1","","","","public","128.1'","","8.8'","106''","80.0'","","Thomas Diggins","2005-04-02","","N"
"American Beech","Fagus grandifolia","Ohio","Hocking","Hocking Hills SP, OH","","","","","18845","1","","","","public","135.8'","Clinometer/laser rangefinder/sine","8.2'","98''","","","Rand Brown","2011-01-17","","N"
"American Beech","Fagus grandifolia","Ohio","Huron","Augusta-Anne Olsen State Nature Preserve","","","","","16272","1","","","","State","100.6'","Clinometer/laser rangefinder/sine","9.7'","116''","","","Steve Galehouse","2011-10-25","","N"
"American Beech","Fagus grandifolia","Ohio","Lake","Holden Arboretum, Ohio","","","","","9811","1","","","","public","84.4'","","11.7'","140''","","","Edward Frank","2007-09-20","http%3A%2F%2Fwww.nativetreesociety.org%2Ffieldtrips%2Fohio%2Fholden%2Fholden_arboretum.htm","N"
"American Beech","Fagus grandifolia","Ohio","Lake","Holden Arboretum, Ohio","","","","","9807","1","","","","public","92.8'","","6.5'","78''","","","Edward Frank","2007-09-20","http%3A%2F%2Fwww.nativetreesociety.org%2Ffieldtrips%2Fohio%2Fholden%2Fholden_arboretum.htm","N"
"American Beech","Fagus grandifolia","Ohio","Lake","North Chagrin Reservation (Forest Only)","41 34.558","-081 25.756","","","16073","1","41 34.558","-081 25.756","","public","","Clinometer/laser rangefinder/sine","12.5'","150''","","","Daniel Reed, Steve Galehouse, Will Blozan","2011-09-05","","N"
"American Beech","Fagus grandifolia","Ohio","Lake","North Chagrin Reservation (Forest Only)","41 34.003","-081 25.387","","","16003","1","41 34.003","-081 25.387","","public","114.1'","Clinometer/laser rangefinder/sine","11.2'","134''","","","Daniel Reed, Steve Galehouse, Will Blozan","2011-09-05","","N"
"American Beech","Fagus grandifolia","Ohio","Lake","North Chagrin Reservation (Forest Only)","","","","","16053","1","","","","public","117.0'","Clinometer/laser rangefinder/sine","11.6'","139''","","","Daniel Reed, Steve Galehouse, Will Blozan","2011-09-05","","N"
"American Beech","Fagus grandifolia","Ohio","Lake","North Chagrin Reservation (Forest Only)","","","","","16049","1","","","","public","118.0'","Clinometer/laser rangefinder/sine","10.5'","126''","","","Daniel Reed, Steve Galehouse, Will Blozan","2011-09-05","","N"
"American Beech","Fagus grandifolia","Ohio","Lake","North Chagrin Reservation (Forest Only)","","","","","15980","1","","","","public","119.2'","Clinometer/laser rangefinder/sine","13.1'","157''","61.6'","","Daniel Reed, Steve Galehouse, Will Blozan","2011-09-05","","N"
"American Beech","Fagus grandifolia","Ohio","Lake","North Chagrin Reservation (Forest Only)","","","","","16043","1","","","","public","120.0'","Clinometer/laser rangefinder/sine","10.9'","131''","","","Daniel Reed, Steve Galehouse, Will Blozan","2011-09-05","","N"
"American Beech","Fagus grandifolia","Ohio","Lake","North Chagrin Reservation (Forest Only)","41 33.854","-081 25.482","","","16034","1","41 33.854","-081 25.482","","public","122.5'","Clinometer/laser rangefinder/sine","12.8'","153''","","","Daniel Reed, Steve Galehouse, Will Blozan","2011-09-05","","N"
"American Beech","Fagus grandifolia","Ohio","Lake","North Chagrin Reservation (Forest Only)","","","","","16006","1","","","","public","127.7'","Clinometer/laser rangefinder/sine","7.1'","85''","","","Daniel Reed, Steve Galehouse, Will Blozan","2011-09-05","","N"
"American Beech","Fagus grandifolia","Ohio","Lake","Stebbin's Gulch","","","","","166887","1","","","","Private","122.6'","Clinometer/laser rangefinder/sine","7.6'","91''","","Stebbin's Gulch South","Steve Galehouse, Ed Frank, Randy Brown","2009-07-18","http%3A%2F%2Fwww.nativetreesociety.org%2Ffieldtrips%2Fohio%2Fholden2009%2Fholden1.htm","N"
"American Beech","Fagus grandifolia","Ohio","Licking","Flint Ridge State Park","","","ancient native american quarry","","196232","1","","","","public","","Clinometer/laser rangefinder/sine","11.2'","135''","","","Stefan Radivoyevitch","2019-11-20","","N"
"American Beech","Fagus grandifolia","Ohio","Logan","Davey Woods Nature Preserve, OH","","","","","9954","1","","","","Public","115.2'","","7.2'","86''","","","Randy Brown","2008-04-17","http%3A%2F%2Fwww.nativetreesociety.org%2Ffieldtrips%2Fohio%2Fdavey_woods_oh.htm","N"
"American Beech","Fagus grandifolia","Ohio","Mahoning","Kyle Woods, OH","","","","","166937","1","","","","public","","Clinometer/laser rangefinder/sine","7.7'","92''","","","Thomas Diggins","2003-04-04","","N"
"American Beech","Fagus grandifolia","Ohio","Mahoning","Kyle Woods, OH","","","","","11101","1","","","","public","106.6'","","5.3'","64''","","","Thomas Diggins","2004-03-18","","N"
"American Beech","Fagus grandifolia","Ohio","Mahoning","Poland Woods OH","","","","","9757","1","","","","public","111.7'","","8.7'","104''","","","Thomas Diggins","2004-03-25","","N"
"American Beech","Fagus grandifolia","Ohio","Medina","Whipp's Ledges","","","","","2368","1","","","","Park","102.5'","Clinometer/laser rangefinder/sine","7.8'","94''","","","Steve Galehouse","2011-01-03","","N"
"American Beech","Fagus grandifolia","Ohio","Medina","Whipp's Ledges","","","","","166876","1","","","","Park","109.0'","Clinometer/laser rangefinder/sine","10.3'","123''","","","Steve Galehouse","2009-10-11","","N"
"American Beech","Fagus grandifolia","Ohio","Montgomery","Germantown Metropark","","","","","230769","1","","","","Public - county","109.0'","Clinometer/laser rangefinder/sine","11.2'","134''","","","Matt Markworth","2014-03-10","http%3A%2F%2Fwww.ents-bbs.org%2Fviewtopic.php%3Ff%3D111%26t%3D4836","N"
"American Beech","Fagus grandifolia","Ohio","Montgomery","Germantown Metropark","","","","","230771","1","","","","Public - county","119.5'","Clinometer/laser rangefinder/sine","9.0'","108''","","","Matt Markworth","2014-03-10","http%3A%2F%2Fwww.ents-bbs.org%2Fviewtopic.php%3Ff%3D111%26t%3D4836","N"
"American Beech","Fagus grandifolia","Ohio","Montgomery","Germantown Metropark","","","","","230770","1","","","","Public - county","125.1'","Clinometer/laser rangefinder/sine","9.1'","109''","","","Matt Markworth","2014-03-10","http%3A%2F%2Fwww.ents-bbs.org%2Fviewtopic.php%3Ff%3D111%26t%3D4836","N"
"American Beech","Fagus grandifolia","Ohio","Seneca","Howard Collier State Nature Preserve","","","","","168473","1","","","","Public-state","101.1'","Clinometer/laser rangefinder/sine","7.6'","91''","","","Rand Brown","2011-01-19","http%3A%2F%2Fwww.ents-bbs.org%2Fviewtopic.php%3Ff%3D111%26t%3D1934%23p7148","N"
"American Beech","Fagus grandifolia","Ohio","Summit","Cuyahoga Valley Composite","","","This is a composite of the tallest trees by species previously recorded in a number of smaller sites within the Cuyahoga Valley, which are all part of the Akron/Summit County Metropark System or the Cuyahoga Valley National Park.","","63704","1","","","","Metropark, National Park","135.2'","Clinometer/laser rangefinder/sine","7.4'","89''","","","Steve Galehouse, Rand Brown","2011-11-06","","N"
"American Beech","Fagus grandifolia","Ohio","Summit","O 'Neill Woods","","","","","16753","1","","","","Metropark","103.0'","Clinometer/laser rangefinder/sine","","","","","Steve Galehouse","2011-10-28","","N"
"American Beech","Fagus grandifolia","Ohio","Summit","Sand Run","","","","","18731","1","","","","Metropark","132.0'","Clinometer/laser rangefinder/sine","7.4'","89''","","","Steve Galehouse, Rand Brown","2010-11-09","","N"
"American Beech","Fagus grandifolia","Ohio","Summit","Sand Run","","","","","18718","1","","","","Metropark","135.2'","Clinometer/laser rangefinder/sine","7.4'","89''","","","Rand Brown, Steve Galehouse","2011-11-06","","N"
"American Beech","Fagus grandifolia","Ohio","Washington","Marietta College Campus","39 24.969","-081 27.001","Trees were measured between 1/29/2020 and 2/9/2020","","272968","1","39 24.969","-081 27.001","","Private & Publc","76.4'","Clinometer/laser rangefinder/sine","9.4'","113''","","","Turner Sharp","2020-02-09","","N"
"American Beech","Fagus grandifolia","Ohio","Wayne","Johnson's Woods","","","This is a small patch of old-growth forest on flat, poorly drained soil. This area was known as the Graber Woodlot in the past, and some old articles refer to it as such.","","18335","1","","","","State","105.0'","Clinometer/laser rangefinder/sine","6.7'","80''","","","Steve Galehouse","2010-10-19","","N"
"American Beech","Fagus grandifolia","Ohio","Wood","""Great Trees Of Ohio"" Will Blozan Trip.","","","","","10089","1","","","","Private","120.0'","","8.2'","98''","","","Will Blozan","2008-07-20","","N"
"American Beech","Fagus grandifolia","Pennsylvania","Allegheny","North Park Latadami Nature Center","","","250 acres Nature Center and is part of 3,750 acre North Park","","120547","1","","","1040.0 ft","Public","99.8'","Clinometer/laser rangefinder/sine","4.0'","48''","","","Carl Harting","2005-12-17","http%3A%2F%2Fwww.nativetreesociety.org%2Ffieldtrips%2Fpenna%2Flatodami%2Flatodami_nature_center.htm","N"
"American Beech","Fagus grandifolia","Pennsylvania","Allegheny","North Park Latadami Nature Center","","","250 acres Nature Center and is part of 3,750 acre North Park","","120548","1","","","1040.0 ft","Public","111.7'","Clinometer/laser rangefinder/sine","7.7'","92''","","","Carl Harting","2005-12-17","http%3A%2F%2Fwww.nativetreesociety.org%2Ffieldtrips%2Fpenna%2Flatodami%2Flatodami_nature_center.htm","N"
"American Beech","Fagus grandifolia","Pennsylvania","Beaver","Raccoon Creek State Park","40 30.773","-080 27.680","7,572 acres","","120502","1","40 30.773","-080 27.680","1100.0 ft","Public - State","103.7'","Clinometer/laser rangefinder/sine","5.1'","61''","","","Dale Luthringer","2008-03-19","http%3A%2F%2Fgroups.google.com%2Fgroup%2Fentstrees%2Fbrowse_thread%2Fthread%2F449ea1c542736359%3Fhl%3Den","N"
"American Beech","Fagus grandifolia","Pennsylvania","Beaver","Raccoon Creek State Park","","","7,572 acres","","120503","1","","","1100.0 ft","Public - State","111.5'","Clinometer/laser rangefinder/sine","7.9'","95''","","","Dale Luthringer","2008-03-19","http%3A%2F%2Fgroups.google.com%2Fgroup%2Fentstrees%2Fbrowse_thread%2Fthread%2F449ea1c542736359%3Fhl%3Den","N"
"American Beech","Fagus grandifolia","Pennsylvania","Bucks","Five Mile Woods Preserve","","","","","143156","1","","","","Township","103.4'","Clinometer/laser rangefinder/sine","9.7'","116''","","","George Fieo","2010-10-10","","N"
"American Beech","Fagus grandifolia","Pennsylvania","Bucks","Five Mile Woods Preserve","","","","","143157","1","","","","Township","105.9'","Clinometer/laser rangefinder/sine","8.2'","98''","","","George Fieo","2010-10-10","","N"
"American Beech","Fagus grandifolia","Pennsylvania","Bucks","Tyler State Park","40 13.589","-074 57.713","","","142848","1","40 13.589","-074 57.713","","State","115.7'","Clinometer/laser rangefinder/sine","8.0'","96''","","","George Fieo","2011-11-22","","N"
"American Beech","Fagus grandifolia","Pennsylvania","Butler","Hogg Woods","","","""Most of the shots were from underneath..."" Heights should be considered Not Less Than (NLT)","","138381","1","","","1350.0 ft","Private","101.5'","Clinometer/laser rangefinder/sine","10.3'","124''","","","Carl Harting, Edward Frank","2009-06-10","http%3A%2F%2Fgroups.google.com%2Fgroup%2Fentstrees%2Fbrowse_thread%2Fthread%2Fd06269fc01b3a06b%3Fhl%3Den","N"
"American Beech","Fagus grandifolia","Pennsylvania","Butler","Hogg Woods","","","""Most of the shots were from underneath..."" Heights should be considered Not Less Than (NLT)","","138382","1","","","1350.0 ft","Private","102.0'","Clinometer/laser rangefinder/sine","8.0'","96''","","","Carl Harting, Edward Frank","2009-06-10","http%3A%2F%2Fgroups.google.com%2Fgroup%2Fentstrees%2Fbrowse_thread%2Fthread%2Fd06269fc01b3a06b%3Fhl%3Den","N"
"American Beech","Fagus grandifolia","Pennsylvania","Butler","Hogg Woods","","","""Most of the shots were from underneath..."" Heights should be considered Not Less Than (NLT)","","138385","1","","","1350.0 ft","Private","107.5'","Clinometer/laser rangefinder/sine","10.7'","128''","","","Carl Harting, Edward Frank","2009-06-10","http%3A%2F%2Fgroups.google.com%2Fgroup%2Fentstrees%2Fbrowse_thread%2Fthread%2Fd06269fc01b3a06b%3Fhl%3Den","N"
"American Beech","Fagus grandifolia","Pennsylvania","Butler","Hogg Woods","","","""Most of the shots were from underneath..."" Heights should be considered Not Less Than (NLT)","","138383","1","","","1350.0 ft","Private","108.0'","Clinometer/laser rangefinder/sine","10.5'","126''","","","Carl Harting, Edward Frank","2009-06-10","http%3A%2F%2Fgroups.google.com%2Fgroup%2Fentstrees%2Fbrowse_thread%2Fthread%2Fd06269fc01b3a06b%3Fhl%3Den","N"
"American Beech","Fagus grandifolia","Pennsylvania","Butler","Wolf Creek Narrows Natural Area","","","115 Acres open to the public","","78120","1","","","1100.0 ft","Private","109.3'","Clinometer/laser rangefinder/sine","7.0'","84''","","","Carl Harting","2004-08-16","http%3A%2F%2Fwww.nativetreesociety.org%2Ffieldtrips%2Fpenna%2Fwolf_creek_narrows.htm","N"
"American Beech","Fagus grandifolia","Pennsylvania","Centre","Six Mile Run","","","","","139507","1","","","","Public - state","63.0'","Clinometer/laser rangefinder/sine","5.6'","67''","","","Edward Frank","2009-05-19","","N"
"American Beech","Fagus grandifolia","Pennsylvania","Chester","Airdrie Forest Preserve","","","","","143132","1","","","","Public","110.5'","Clinometer/laser rangefinder/sine","10.6'","127''","","","George Fieo","2009-06-21","","N"
"American Beech","Fagus grandifolia","Pennsylvania","Chester","Airdrie Forest Preserve","","","","","143133","1","","","","Public","117.2'","Clinometer/laser rangefinder/sine","9.6'","115''","","","George Fieo","2009-06-21","","N"
"American Beech","Fagus grandifolia","Pennsylvania","Chester","Cedar Hollow Preserve","","","","","142962","1","","","","Conservancy","80.7'","Clinometer/laser rangefinder/sine","2.9'","35''","","","George Fieo","2009-03-14","","N"
"American Beech","Fagus grandifolia","Pennsylvania","Chester","Laurels Preserve","39 54.684","-075 47.843","Contains 500 acres of mature hardwood forest.","","212108","1","39 54.684","-075 47.843","400.0 ft","Private","117.1'","Clinometer/laser rangefinder/sine","9.0'","108''","","","George Fieo","2019-06-15","http%3A%2F%2Fents-bbs.org%2Fviewtopic.php%3Ff%3D151%26t%3D8642","N"
"American Beech","Fagus grandifolia","Pennsylvania","Chester","Rushton Woods Preserve","39 58.954","-075 29.202","Owned by Willistown Conservation Trust.","","280965","1","39 58.954","-075 29.202","","Private","122.4'","Clinometer/laser rangefinder/sine","8.8'","105''","","","George Fieo","2015-12-03","http%3A%2F%2Fwww.ents-bbs.org%2Fviewtopic.php%3Ff%3D151%26t%3D7355%23p35328","N"
"American Beech","Fagus grandifolia","Pennsylvania","Chester","Rushton Woods Preserve","","","Owned by Willistown Conservation Trust.","","280966","1","","","","Private","126.3'","Clinometer/laser rangefinder/sine","9.4'","113''","","","George Fieo","2015-12-03","http%3A%2F%2Fwww.ents-bbs.org%2Fviewtopic.php%3Ff%3D151%26t%3D7355%23p35328","N"
"American Beech","Fagus grandifolia","Pennsylvania","Chester","Rushton Woods Preserve","","","Owned by Willistown Conservation Trust.","","280967","1","","","","Private","129.1'","Clinometer/laser rangefinder/sine","9.5'","114''","","","George Fieo","2015-12-03","http%3A%2F%2Fwww.ents-bbs.org%2Fviewtopic.php%3Ff%3D151%26t%3D7355%23p35328","N"
"American Beech","Fagus grandifolia","Pennsylvania","Chester","Wettstown Boarding School","39 56.897","-075 32.334","","","133816","1","39 56.897","-075 32.334","350.0 ft","Private","97.3'","Clinometer/laser rangefinder/sine","17.3'","208''","102.0'","Tree is known as the ""Look-out"" Beech.","Scott Wade","2008-02-04","http%3A%2F%2Fwww.nativetreesociety.org%2Ffieldtrips%2Fpenna%2Fdauphin_and_chester_counties_pa.htm","N"
"American Beech","Fagus grandifolia","Pennsylvania","Chester","White Clay Creek Preserve","39 44.889","-075 46.096","","","168317","1","39 44.889","-075 46.096","180.0 ft","Public - state","114.5'","Clinometer/laser rangefinder/sine","10.9'","131''","","","George Fieo","2012-11-27","http%3A%2F%2Fwww.ents-bbs.org%2Fviewtopic.php%3Ff%3D151%26t%3D7152%23p33992","N"
"American Beech","Fagus grandifolia","Pennsylvania","Chester","White Clay Creek Preserve","","","","","168318","1","","","180.0 ft","Public - state","124.6'","Clinometer/laser rangefinder/sine","7.0'","84''","","","George Fieo","2012-11-27","http%3A%2F%2Fwww.ents-bbs.org%2Fviewtopic.php%3Ff%3D151%26t%3D7152%23p33992","N"
"American Beech","Fagus grandifolia","Pennsylvania","Chester/Montgomery","Andruss Island","","","","","143107","1","","","","Non-Profit Organisation","73.3'","Clinometer/laser rangefinder/sine","7.2'","86''","","Top out.","George Fieo","2010-10-14","","N"
"American Beech","Fagus grandifolia","Pennsylvania","Chester/Montgomery","Andruss Island","","","","","143108","1","","","","Non-Profit Organisation","76.8'","Clinometer/laser rangefinder/sine","4.9'","59''","","","George Fieo","2010-10-14","","N"
"American Beech","Fagus grandifolia","Pennsylvania","Chester/Montgomery","Valley Forge National Park","","","","","143188","1","","","","Public, National Park","90.1'","Clinometer/laser rangefinder/sine","8.8'","106''","","Montgomery County","George Fieo","2009-01-20","","N"
"American Beech","Fagus grandifolia","Pennsylvania","Chester/Montgomery","Valley Forge National Park","","","","","143189","1","","","","Public, National Park","99.3'","Clinometer/laser rangefinder/sine","6.8'","81''","","Chester County","George Fieo","2009-01-20","","N"
"American Beech","Fagus grandifolia","Pennsylvania","Clarion","CFSP-Forest Cathedral","","","","","146993","1","","","","Public-state","","Clinometer/laser rangefinder/sine","9.2'","110''","","Bridle Trail area.","Dale Luthringer","2003-12-31","http%3A%2F%2Fwww.ents-bbs.org%2Fviewtopic.php%3Ff%3D116%26t%3D1173","N"
"American Beech","Fagus grandifolia","Pennsylvania","Clarion","CFSP-Forest Cathedral","","","","","146991","1","","","","Public-state","102.1'","Clinometer/laser rangefinder/sine","9.6'","115''","","Height is Not Less Than (NLT)
Bridle Trail area.","Dale Luthringer","2003-12-31","http%3A%2F%2Fwww.ents-bbs.org%2Fviewtopic.php%3Ff%3D116%26t%3D1173","N"
"American Beech","Fagus grandifolia","Pennsylvania","Clarion","CFSP-Forest Cathedral","","","","","146992","1","","","","Public-state","105.1'","Clinometer/laser rangefinder/sine","10.1'","121''","","Height is Not Less Than (NLT)
Bridle Trail area.","Dale Luthringer","2003-12-31","http%3A%2F%2Fwww.ents-bbs.org%2Fviewtopic.php%3Ff%3D116%26t%3D1173","N"
"American Beech","Fagus grandifolia","Pennsylvania","Clarion","CFSP-Forest Cathedral","","","","","214553","1","","","","Public-state","108.1'","Clinometer/laser rangefinder/sine","10.3'","124''","","Near Forest Drive.
Height is Not Less Than (NLT)","Dale Luthringer","2009-12-04","http%3A%2F%2Fwww.ents-bbs.org%2Fviewtopic.php%3Ff%3D116%26t%3D1173","N"
"American Beech","Fagus grandifolia","Pennsylvania","Clarion","CFSP-Forest Cathedral","","","","","146985","1","","","","Public-state","110.3'","Clinometer/laser rangefinder/sine","11.1'","133''","","On Bridle Trail.","Dale Luthringer","2003-12-31","http%3A%2F%2Fwww.ents-bbs.org%2Fviewtopic.php%3Ff%3D116%26t%3D1173","N"
"American Beech","Fagus grandifolia","Pennsylvania","Clarion","CFSP-Forest Cathedral","41 20.696","-079 12.009","","","214536","1","41 20.696","-079 12.009","","Public-state","110.9'","Clinometer/laser rangefinder/sine","12.2'","146''","","Tag 883","Dale Luthringer","2009-12-04","http%3A%2F%2Fwww.ents-bbs.org%2Fviewtopic.php%3Ff%3D116%26t%3D1173","N"
"American Beech","Fagus grandifolia","Pennsylvania","Clarion","CFSP-Forest Cathedral","41 21.204","-079 12.541","","","214554","1","41 21.204","-079 12.541","1560.0 ft","Public-state","112.0'","Clinometer/laser rangefinder/sine","11.5'","138''","","","Dale Luthringer","2009-12-04","http%3A%2F%2Fwww.ents-bbs.org%2Fviewtopic.php%3Ff%3D116%26t%3D1173","N"
"American Beech","Fagus grandifolia","Pennsylvania","Clarion","CFSP-Forest Cathedral","","","","","214537","1","","","","Public-state","113.6'","Clinometer/laser rangefinder/sine","7.9'","95''","","","Dale Luthringer","2009-12-04","http%3A%2F%2Fwww.ents-bbs.org%2Fviewtopic.php%3Ff%3D116%26t%3D1173","N"
"American Beech","Fagus grandifolia","Pennsylvania","Clarion","CFSP-Forest Cathedral","","","","","145730","1","","","","Public-state","124.4'","Clinometer/laser rangefinder/sine","8.1'","97''","","Measured by J. Eiccholz 4/2005 on Joyce Kilmer Trail.","Dale Luthringer","2005-05-05","http%3A%2F%2Fwww.ents-bbs.org%2Fviewtopic.php%3Ff%3D116%26t%3D1173","N"
"American Beech","Fagus grandifolia","Pennsylvania","Clarion","CFSP-Forest Cathedral","","","","","146996","1","","","","Public-state","124.6'","Clinometer/laser rangefinder/sine","","","","Measured by Eichholz along Joyce Kilmer Trail 4/25/2005","Dale Luthringer","2003-12-31","http%3A%2F%2Fwww.ents-bbs.org%2Fviewtopic.php%3Ff%3D116%26t%3D1173","N"
"American Beech","Fagus grandifolia","Pennsylvania","Clarion","CFSP-Paved Trail/Black Bear Trail","","","","","145693","1","","","","Public-state","91.1'","Clinometer/laser rangefinder/sine","8.2'","98''","","","Dale Luthringer","2004-09-18","http%3A%2F%2Fwww.nativetreesociety.org%2Ffieldtrips%2Fpenna_cook_forest%2Fblack_bear_trail.htm","N"
"American Beech","Fagus grandifolia","Pennsylvania","Clarion","CFSP-Paved Trail/Black Bear Trail","","","","","145682","1","","","1600.0 ft","Public-state","100.0'","Clinometer/laser rangefinder/sine","","","","","Dale Luthringer, Edward Frank","2003-10-21","http%3A%2F%2Fwww.nativetreesociety.org%2Ffieldtrips%2Fpenna_cook_forest%2Fblack_bear_trail.htm","N"
"American Beech","Fagus grandifolia","Pennsylvania","Clarion","CFSP-Paved Trail/Black Bear Trail","","","","","145689","1","","","","Public-state","100.0'","Clinometer/laser rangefinder/sine","7.9'","95''","","","Dale Luthringer, Edward Frank","2003-10-21","http%3A%2F%2Fwww.nativetreesociety.org%2Ffieldtrips%2Fpenna_cook_forest%2Fblack_bear_trail.htm","N"
"American Beech","Fagus grandifolia","Pennsylvania","Clarion","CFSP-Seneca Forest Special Management Area","","","","","214727","1","","","","Public - state","111.2'","Clinometer/laser rangefinder/sine","10.2'","122''","","Along Fire Tower Road.","Dale Luthringer","2007-01-11","http%3A%2F%2Fwww.ents-bbs.org%2Fviewtopic.php%3Ff%3D116%26t%3D8154","N"
"American Beech","Fagus grandifolia","Pennsylvania","Clarion","CFSP-Seneca Forest Special Management Area","","","","","146735","1","","","","Public - state","118.9'","Clinometer/laser rangefinder/sine","7.0'","84''","","Measured by Eicholz along the Hemlock Trail.","Dale Luthringer, John Eichholz","2005-09-09","http%3A%2F%2Fwww.ents-bbs.org%2Fviewtopic.php%3Ff%3D116%26t%3D8154","N"
"American Beech","Fagus grandifolia","Pennsylvania","Clarion","CFSP-Seneca Forest Special Management Area","","","","","146734","1","","","","Public - state","119.4'","Clinometer/laser rangefinder/sine","4.9'","59''","","Measured by Eicholz along the Hemlock Trail.","Dale Luthringer, John Eichholz","2005-09-09","http%3A%2F%2Fwww.ents-bbs.org%2Fviewtopic.php%3Ff%3D116%26t%3D8154","N"
"American Beech","Fagus grandifolia","Pennsylvania","Clarion","CFSP-Seneca Forest Special Management Area","","","","","146709","1","","","","Public - state","120.7'","Clinometer/laser rangefinder/sine","7.0'","84''","","By Hemlock Trail","Dale Luthringer, John Eichholz","2005-09-09","http%3A%2F%2Fwww.ents-bbs.org%2Fviewtopic.php%3Ff%3D116%26t%3D8154","N"
"American Beech","Fagus grandifolia","Pennsylvania","Clarion","CFSP-Seneca Forest Special Management Area","","","","","146710","1","","","","Public - state","124.3'","Clinometer/laser rangefinder/sine","8.4'","101''","","","Dale Luthringer, John Eichholz","2005-09-09","http%3A%2F%2Fwww.ents-bbs.org%2Fviewtopic.php%3Ff%3D116%26t%3D8154","N"
"American Beech","Fagus grandifolia","Pennsylvania","Clarion","CFSP-Seneca Forest Special Management Area","","","","","148186","1","","","","Public - state","124.3'","Clinometer/laser rangefinder/sine","6.4'","77''","","Measured 4/20/2002 by W. Blozan","Dale Luthringer","2003-12-31","http%3A%2F%2Fwww.ents-bbs.org%2Fviewtopic.php%3Ff%3D116%26t%3D8154","N"
"American Beech","Fagus grandifolia","Pennsylvania","Clarion","CFSP-Seneca Forest Special Management Area","","","","","146523","1","","","","Public - state","124.4'","Clinometer/laser rangefinder/sine","7.9'","95''","","Measured by Will Blozan 4/27/2003","Dale Luthringer","2003-10-21","http%3A%2F%2Fwww.ents-bbs.org%2Fviewtopic.php%3Ff%3D116%26t%3D8154","N"
"American Beech","Fagus grandifolia","Pennsylvania","Clarion","CFSP-Seneca Forest Special Management Area","","","","","146736","1","","","","Public - state","127.3'","Clinometer/laser rangefinder/sine","","","","Measured by Eicholz along the Hemlock Trail.","Dale Luthringer, John Eichholz","2005-09-09","http%3A%2F%2Fwww.ents-bbs.org%2Fviewtopic.php%3Ff%3D116%26t%3D8154","N"
"American Beech","Fagus grandifolia","Pennsylvania","Clarion","CFSP-Seneca Forest Special Management Area","","","","","214746","1","","","","Public - state","127.5'","Clinometer/laser rangefinder/sine","7.5'","90''","","","Dale Luthringer","2007-01-11","http%3A%2F%2Fwww.ents-bbs.org%2Fviewtopic.php%3Ff%3D116%26t%3D8154","N"
"American Beech","Fagus grandifolia","Pennsylvania","Clarion","CFSP-Upper Toms Run","","","Measured in Maple Drive Old Growth Area.","","146621","1","","","","Public-state","","Clinometer/laser rangefinder/sine","9.2'","110''","","See: http://www.nativetreesociety.org/fieldtrips/penna_cook_forest/cook_forest_bridle_trail.htm","Dale Luthringer","2002-02-18","http%3A%2F%2Fwww.nativetreesociety.org%2Fevents%2Fcook2007%2Fcook_forest_bte07.htm","N"
"American Beech","Fagus grandifolia","Pennsylvania","Clarion","CFSP-Upper Toms Run","","","Measured in Maple Drive Old Growth Area.","","146191","1","","","","Public-state","99.2'","Clinometer/laser rangefinder/sine","7.6'","91''","","","Dale Luthringer","2005-02-14","http%3A%2F%2Fwww.nativetreesociety.org%2Fevents%2Fcook2007%2Fcook_forest_bte07.htm","N"
"American Beech","Fagus grandifolia","Pennsylvania","Clarion","CFSP-Upper Toms Run","","","Measured in Maple Drive Old Growth Area.","","146192","1","","","","Public-state","102.1'","Clinometer/laser rangefinder/sine","8.8'","106''","","Height is Not Less Than (NLT)","Dale Luthringer","2005-02-14","http%3A%2F%2Fwww.nativetreesociety.org%2Fevents%2Fcook2007%2Fcook_forest_bte07.htm","N"
"American Beech","Fagus grandifolia","Pennsylvania","Clarion","CFSP-Upper Toms Run","","","Measured in Maple Drive Old Growth Area.","","146619","1","","","","Public-state","102.1'","Clinometer/laser rangefinder/sine","9.6'","115''","","See: http://www.nativetreesociety.org/fieldtrips/penna_cook_forest/cook_forest_bridle_trail.htm
Height is Not Less Than (NLT)","Dale Luthringer","2002-02-18","http%3A%2F%2Fwww.nativetreesociety.org%2Fevents%2Fcook2007%2Fcook_forest_bte07.htm","N"
"American Beech","Fagus grandifolia","Pennsylvania","Clarion","CFSP-Upper Toms Run","","","Measured in Maple Drive Old Growth Area.","","146193","1","","","","Public-state","103.1'","Clinometer/laser rangefinder/sine","5.3'","64''","","","Dale Luthringer","2005-02-14","http%3A%2F%2Fwww.nativetreesociety.org%2Fevents%2Fcook2007%2Fcook_forest_bte07.htm","N"
"American Beech","Fagus grandifolia","Pennsylvania","Clarion","CFSP-Upper Toms Run","","","Measured in Maple Drive Old Growth Area.","","146194","1","","","","Public-state","103.3'","Clinometer/laser rangefinder/sine","7.4'","89''","","","Dale Luthringer","2005-02-14","http%3A%2F%2Fwww.nativetreesociety.org%2Fevents%2Fcook2007%2Fcook_forest_bte07.htm","N"
"American Beech","Fagus grandifolia","Pennsylvania","Clarion","CFSP-Upper Toms Run","","","Measured in Maple Drive Old Growth Area.","","146620","1","","","","Public-state","105.1'","Clinometer/laser rangefinder/sine","10.1'","121''","","See: http://www.nativetreesociety.org/fieldtrips/penna_cook_forest/cook_forest_bridle_trail.htm
Height is Not Less Than (NLT)","Dale Luthringer","2002-02-18","http%3A%2F%2Fwww.nativetreesociety.org%2Fevents%2Fcook2007%2Fcook_forest_bte07.htm","N"
"American Beech","Fagus grandifolia","Pennsylvania","Clarion","CFSP-Upper Toms Run","","","Measured in Maple Drive Old Growth Area.","","146195","1","","","","Public-state","108.8'","Clinometer/laser rangefinder/sine","","","","","Dale Luthringer","2005-02-14","http%3A%2F%2Fwww.nativetreesociety.org%2Fevents%2Fcook2007%2Fcook_forest_bte07.htm","N"
"American Beech","Fagus grandifolia","Pennsylvania","Clarion","CFSP-Upper Toms Run","","","Measured in Maple Drive Old Growth Area.","","146622","1","","","","Public-state","110.3'","Clinometer/laser rangefinder/sine","11.1'","133''","","See: http://www.nativetreesociety.org/fieldtrips/penna_cook_forest/cook_forest_bridle_trail.htm","Dale Luthringer","2002-02-18","http%3A%2F%2Fwww.nativetreesociety.org%2Fevents%2Fcook2007%2Fcook_forest_bte07.htm","N"
"American Beech","Fagus grandifolia","Pennsylvania","Clarion","CFSP-Upper Toms Run","","","Measured in Maple Drive Old Growth Area.","","146196","1","","","","Public-state","110.4'","Clinometer/laser rangefinder/sine","8.2'","98''","","","Dale Luthringer","2005-02-14","http%3A%2F%2Fwww.nativetreesociety.org%2Fevents%2Fcook2007%2Fcook_forest_bte07.htm","N"
"American Beech","Fagus grandifolia","Pennsylvania","Clarion","CFSP-Upper Toms Run","","","Measured in Maple Drive Old Growth Area.","","146613","1","","","","Public-state","110.6'","Clinometer/laser rangefinder/sine","9.9'","119''","","Breezemont drive area","Dale Luthringer","2002-02-18","http%3A%2F%2Fwww.nativetreesociety.org%2Fevents%2Fcook2007%2Fcook_forest_bte07.htm","N"
"American Beech","Fagus grandifolia","Pennsylvania","Clarion","CFSP-Upper Toms Run","","","Measured in Maple Drive Old Growth Area.","","146197","1","","","","Public-state","110.8'","Clinometer/laser rangefinder/sine","3.7'","44''","","","Dale Luthringer","2005-02-14","http%3A%2F%2Fwww.nativetreesociety.org%2Fevents%2Fcook2007%2Fcook_forest_bte07.htm","N"
"American Beech","Fagus grandifolia","Pennsylvania","Clarion","CFSP-Upper Toms Run","","","Measured in Maple Drive Old Growth Area.","","146198","1","","","","Public-state","111.7'","Clinometer/laser rangefinder/sine","5.5'","66''","","","Dale Luthringer","2005-02-14","http%3A%2F%2Fwww.nativetreesociety.org%2Fevents%2Fcook2007%2Fcook_forest_bte07.htm","N"
"American Beech","Fagus grandifolia","Pennsylvania","Clarion","CFSP-Upper Toms Run","","","Measured in Maple Drive Old Growth Area.","","146199","1","","","","Public-state","111.7'","Clinometer/laser rangefinder/sine","9.8'","118''","","","Dale Luthringer","2005-02-14","http%3A%2F%2Fwww.nativetreesociety.org%2Fevents%2Fcook2007%2Fcook_forest_bte07.htm","N"
"American Beech","Fagus grandifolia","Pennsylvania","Clarion","CFSP-Upper Toms Run","41 21.393","-079 14.620","Measured in Maple Drive Old Growth Area.","","146200","1","41 21.393","-079 14.620","1500.0 ft","Public-state","111.9'","Clinometer/laser rangefinder/sine","11.9'","143''","","","Dale Luthringer","2005-02-14","http%3A%2F%2Fwww.nativetreesociety.org%2Fevents%2Fcook2007%2Fcook_forest_bte07.htm","N"
"American Beech","Fagus grandifolia","Pennsylvania","Clarion","CFSP-Upper Toms Run","","","Measured in Maple Drive Old Growth Area.","","146201","1","","","","Public-state","112.6'","Clinometer/laser rangefinder/sine","","","","","Dale Luthringer","2005-02-14","http%3A%2F%2Fwww.nativetreesociety.org%2Fevents%2Fcook2007%2Fcook_forest_bte07.htm","N"
"American Beech","Fagus grandifolia","Pennsylvania","Clarion","CFSP-Upper Toms Run","","","Measured in Maple Drive Old Growth Area.","","146202","1","","","","Public-state","112.7'","Clinometer/laser rangefinder/sine","6.6'","79''","","","Dale Luthringer","2005-02-14","http%3A%2F%2Fwww.nativetreesociety.org%2Fevents%2Fcook2007%2Fcook_forest_bte07.htm","N"
"American Beech","Fagus grandifolia","Pennsylvania","Clarion","CFSP-Upper Toms Run","","","Measured in Maple Drive Old Growth Area.","","146203","1","","","","Public-state","114.0'","Clinometer/laser rangefinder/sine","9.8'","118''","","","Dale Luthringer","2005-02-14","http%3A%2F%2Fwww.nativetreesociety.org%2Fevents%2Fcook2007%2Fcook_forest_bte07.htm","N"
"American Beech","Fagus grandifolia","Pennsylvania","Clarion","CFSP-Upper Toms Run","","","Measured in Maple Drive Old Growth Area.","","146204","1","","","","Public-state","114.9'","Clinometer/laser rangefinder/sine","8.0'","96''","","Height is Not Less Than (NLT)","Dale Luthringer","2005-02-14","http%3A%2F%2Fwww.nativetreesociety.org%2Fevents%2Fcook2007%2Fcook_forest_bte07.htm","N"
"American Beech","Fagus grandifolia","Pennsylvania","Clarion","CFSP-Upper Toms Run","","","Measured in Maple Drive Old Growth Area.","","146205","1","","","","Public-state","115.4'","Clinometer/laser rangefinder/sine","7.6'","91''","","","Dale Luthringer","2005-02-14","http%3A%2F%2Fwww.nativetreesociety.org%2Fevents%2Fcook2007%2Fcook_forest_bte07.htm","N"
"American Beech","Fagus grandifolia","Pennsylvania","Clarion","CFSP-Upper Toms Run","","","Measured in Maple Drive Old Growth Area.","","146206","1","","","","Public-state","118.7'","Clinometer/laser rangefinder/sine","7.6'","91''","","","Dale Luthringer","2005-02-14","http%3A%2F%2Fwww.nativetreesociety.org%2Fevents%2Fcook2007%2Fcook_forest_bte07.htm","N"
"American Beech","Fagus grandifolia","Pennsylvania","Clarion","CFSP-Upper Toms Run","","","Measured in Maple Drive Old Growth Area.","","146612","1","","","","Public-state","119.0'","Clinometer/laser rangefinder/sine","7.6'","91''","","Breezemont Drive area","Dale Luthringer","2002-02-18","http%3A%2F%2Fwww.nativetreesociety.org%2Fevents%2Fcook2007%2Fcook_forest_bte07.htm","N"
"American Beech","Fagus grandifolia","Pennsylvania","Clarion","CFSP-Upper Toms Run","41 21.233","-079 14.418","Measured in Maple Drive Old Growth Area.","","146207","1","41 21.233","-079 14.418","","Public-state","121.1'","Clinometer/laser rangefinder/sine","6.4'","77''","","","Dale Luthringer","2005-02-14","http%3A%2F%2Fwww.nativetreesociety.org%2Fevents%2Fcook2007%2Fcook_forest_bte07.htm","N"
"American Beech","Fagus grandifolia","Pennsylvania","Clarion","CFSP-Upper Toms Run","41 21.095","-079 14.369","Measured in Maple Drive Old Growth Area.","","146208","1","41 21.095","-079 14.369","","Public-state","121.5'","Clinometer/laser rangefinder/sine","6.6'","79''","","","Dale Luthringer","2005-02-14","http%3A%2F%2Fwww.nativetreesociety.org%2Fevents%2Fcook2007%2Fcook_forest_bte07.htm","N"
"American Beech","Fagus grandifolia","Pennsylvania","Clarion","CFSP-Upper Toms Run","41 21.170","-079 14.377","Measured in Maple Drive Old Growth Area.","","146209","1","41 21.170","-079 14.377","","Public-state","122.8'","Clinometer/laser rangefinder/sine","6.8'","82''","","","Dale Luthringer","2005-02-14","http%3A%2F%2Fwww.nativetreesociety.org%2Fevents%2Fcook2007%2Fcook_forest_bte07.htm","N"
"American Beech","Fagus grandifolia","Pennsylvania","Crawford","Allegheny College","","","","","167777","1","","","","Private","89.7'","Clinometer/laser rangefinder/sine","","","","","Dale Luthringer","2009-03-16","http%3A%2F%2Fgroups.google.com%2Fgroup%2Fentstrees%2Fbrowse_thread%2Fthread%2F76a17a248ae7d10a%3Fhl%3Den","N"
"American Beech","Fagus grandifolia","Pennsylvania","Crawford","Allegheny College","","","","","167778","1","","","","Private","93.6'","Clinometer/laser rangefinder/sine","","","","","Dale Luthringer","2009-03-16","http%3A%2F%2Fgroups.google.com%2Fgroup%2Fentstrees%2Fbrowse_thread%2Fthread%2F76a17a248ae7d10a%3Fhl%3Den","N"
"American Beech","Fagus grandifolia","Pennsylvania","Crawford","Conneaut Marsh","","","State Game Lands 213?","","167699","1","","","1200.0 ft","Public?","78.1'","Clinometer/laser rangefinder/sine","9.9'","119''","","Height is Not Less Than (NLT)","Dale Luthringer","2006-12-05","http%3A%2F%2Fwww.nativetreesociety.org%2Ffieldtrips%2Fpenna%2Fconneaut%2Fconneaut_marsh1.htm","N"
"American Beech","Fagus grandifolia","Pennsylvania","Crawford","Greendale Cemetery-Cemetery Run","","","","","167989","1","","","","Private","97.3'","Clinometer/laser rangefinder/sine","","","","","Dale Luthringer","2009-01-01","http%3A%2F%2Fgroups.google.com%2Fgroup%2Fentstrees%2Fbrowse_thread%2Fthread%2F715eb2ea21c8e59e%3Fhl%3Den","N"
"American Beech","Fagus grandifolia","Pennsylvania","Crawford","Greendale Cemetery-Cemetery Run","","","","","167990","1","","","","Private","102.1'","Clinometer/laser rangefinder/sine","8.5'","102''","","Height is Not Less Than (NLT)","Dale Luthringer","2009-01-01","http%3A%2F%2Fgroups.google.com%2Fgroup%2Fentstrees%2Fbrowse_thread%2Fthread%2F715eb2ea21c8e59e%3Fhl%3Den","N"
"American Beech","Fagus grandifolia","Pennsylvania","Crawford","Greendale Cemetery-Cemetery Run","","","","","167991","1","","","","Private","103.0'","Clinometer/laser rangefinder/sine","7.7'","92''","","","Dale Luthringer","2009-01-01","http%3A%2F%2Fgroups.google.com%2Fgroup%2Fentstrees%2Fbrowse_thread%2Fthread%2F715eb2ea21c8e59e%3Fhl%3Den","N"
"American Beech","Fagus grandifolia","Pennsylvania","Crawford","Greendale Cemetery-Cemetery Run","","","","","167992","1","","","","Private","109.1'","Clinometer/laser rangefinder/sine","","","","","Dale Luthringer","2009-01-01","http%3A%2F%2Fgroups.google.com%2Fgroup%2Fentstrees%2Fbrowse_thread%2Fthread%2F715eb2ea21c8e59e%3Fhl%3Den","N"
"American Beech","Fagus grandifolia","Pennsylvania","Crawford","Greendale Cemetery-Cemetery Run","","","","","167993","1","","","","Private","111.1'","Clinometer/laser rangefinder/sine","6.9'","83''","","Height is Not Less Than (NLT)","Dale Luthringer","2009-01-01","http%3A%2F%2Fgroups.google.com%2Fgroup%2Fentstrees%2Fbrowse_thread%2Fthread%2F715eb2ea21c8e59e%3Fhl%3Den","N"
"American Beech","Fagus grandifolia","Pennsylvania","Crawford","Greendale Cemetery-Cemetery Run","","","","","167994","1","","","","Private","111.1'","Clinometer/laser rangefinder/sine","8.2'","98''","","Height is Not Less Than (NLT)","Dale Luthringer","2009-01-01","http%3A%2F%2Fgroups.google.com%2Fgroup%2Fentstrees%2Fbrowse_thread%2Fthread%2F715eb2ea21c8e59e%3Fhl%3Den","N"
"American Beech","Fagus grandifolia","Pennsylvania","Crawford","Greendale Cemetery-Cemetery Run","","","","","167995","1","","","","Private","113.0'","Clinometer/laser rangefinder/sine","","","","","Dale Luthringer","2009-01-01","http%3A%2F%2Fgroups.google.com%2Fgroup%2Fentstrees%2Fbrowse_thread%2Fthread%2F715eb2ea21c8e59e%3Fhl%3Den","N"
"American Beech","Fagus grandifolia","Pennsylvania","Crawford","Greendale Cemetery-Cemetery Run","","","","","167996","1","","","","Private","114.1'","Clinometer/laser rangefinder/sine","","","","","Dale Luthringer","2009-01-01","http%3A%2F%2Fgroups.google.com%2Fgroup%2Fentstrees%2Fbrowse_thread%2Fthread%2F715eb2ea21c8e59e%3Fhl%3Den","N"
"American Beech","Fagus grandifolia","Pennsylvania","Crawford","Greendale Cemetery-Cemetery Run","41 38.880","-080 07.990","","","167997","1","41 38.880","-080 07.990","","Private","123.1'","Clinometer/laser rangefinder/sine","7.6'","91''","","","Dale Luthringer","2009-01-01","http%3A%2F%2Fgroups.google.com%2Fgroup%2Fentstrees%2Fbrowse_thread%2Fthread%2F715eb2ea21c8e59e%3Fhl%3Den","N"
"American Beech","Fagus grandifolia","Pennsylvania","Crawford","Tyrone-Weber Woods","","","Owned by Western Pennsylvania Conservancy.
Estimated heights of 105' for Quercus bicolor and Prunus serotina.","","138658","1","","","1200.0 ft","Private","112.9'","Clinometer/laser rangefinder/sine","7.9'","95''","","","Dale Luthringer","2006-01-06","http%3A%2F%2Fwww.nativetreesociety.org%2Ffieldtrips%2Fpenna%2Ftryon_weber.htm","N"
"American Beech","Fagus grandifolia","Pennsylvania","Delaware","Bromall","","","","","132065","1","","","250.0 ft","Private","83.5'","Clinometer/laser rangefinder/sine","10.8'","130''","","","Scott Wade","2005-11-20","http%3A%2F%2Fwww.nativetreesociety.org%2Ffieldtrips%2Fpenna%2Fbroomall%2Fbroomall_red_oak.htm","N"
"American Beech","Fagus grandifolia","Pennsylvania","Delaware","Camp - Woods","","","Site was an outpost for Washington's army during the Valley Forge Winter.","","135770","1","","","","Private","107.7'","Clinometer/laser rangefinder/sine","5.4'","65''","","","George Fieo","2009-11-01","http%3A%2F%2Fgroups.google.com%2Fgroup%2Fentstrees%2Fbrowse_thread%2Fthread%2F7139d67f5a98ce09%3Fhl%3Den","N"
"American Beech","Fagus grandifolia","Pennsylvania","Delaware","Camp - Woods","","","Site was an outpost for Washington's army during the Valley Forge Winter.","","135771","1","","","","Private","115.0'","Clinometer/laser rangefinder/sine","7.5'","90''","","","George Fieo","2009-11-01","http%3A%2F%2Fgroups.google.com%2Fgroup%2Fentstrees%2Fbrowse_thread%2Fthread%2F7139d67f5a98ce09%3Fhl%3Den","N"
"American Beech","Fagus grandifolia","Pennsylvania","Delaware","Edgemont Township","","","Trees are found on ""Save Areas""","","130081","1","","","","Township","94.3'","Clinometer/laser rangefinder/sine","9.9'","119''","","","Scott Wade","2005-06-27","http%3A%2F%2Fwww.nativetreesociety.org%2Ffieldtrips%2Fpenna%2Fdelaware_co.htm","N"
"American Beech","Fagus grandifolia","Pennsylvania","Delaware","Edgemont Township","","","Trees are found on ""Save Areas""","","132070","1","","","400.0 ft","Township","94.3'","Clinometer/laser rangefinder/sine","9.9'","119''","","","Scott Wade","2005-07-05","http%3A%2F%2Fwww.nativetreesociety.org%2Ffieldtrips%2Fpenna%2Fdelaware_co.htm","N"
"American Beech","Fagus grandifolia","Pennsylvania","Delaware","Edgemont Township","","","Trees are found on ""Save Areas""","","130080","1","","","","Township","95.4'","Clinometer/laser rangefinder/sine","12.1'","145''","","","Scott Wade","2005-06-27","http%3A%2F%2Fwww.nativetreesociety.org%2Ffieldtrips%2Fpenna%2Fdelaware_co.htm","N"
"American Beech","Fagus grandifolia","Pennsylvania","Delaware","Edgemont Township","","","Trees are found on ""Save Areas""","","132069","1","","","400.0 ft","Township","95.4'","Clinometer/laser rangefinder/sine","12.1'","145''","","","Scott Wade","2005-07-05","http%3A%2F%2Fwww.nativetreesociety.org%2Ffieldtrips%2Fpenna%2Fdelaware_co.htm","N"
"American Beech","Fagus grandifolia","Pennsylvania","Delaware","Martin Park","","","","","134450","1","","","","Public - township","107.8'","Clinometer/laser rangefinder/sine","10.6'","127''","","","Mike Dunn","2008-12-09","http%3A%2F%2Fwww.nativetreesociety.org%2Ffieldtrips%2Fpenna%2Fthornbury_gladwyne_pa.htm","N"
"American Beech","Fagus grandifolia","Pennsylvania","Delaware","Our Lady Of Angels Convent","","","","","133871","1","","","200.0 ft","Private","95.4'","Clinometer/laser rangefinder/sine","10.4'","125''","","","Scott Wade","2005-03-21","http%3A%2F%2Fwww.nativetreesociety.org%2Ffieldtrips%2Fpenna%2Four_lady_of_angels.htm","N"
"American Beech","Fagus grandifolia","Pennsylvania","Delaware","Our Lady Of Angels Convent","","","","","133870","1","","","200.0 ft","Private","98.4'","Clinometer/laser rangefinder/sine","10.4'","125''","","","Scott Wade","2005-03-21","http%3A%2F%2Fwww.nativetreesociety.org%2Ffieldtrips%2Fpenna%2Four_lady_of_angels.htm","N"
"American Beech","Fagus grandifolia","Pennsylvania","Delaware","Ridley Creek State Park","","","","","142990","1","","","","State","120.3'","Clinometer/laser rangefinder/sine","11.5'","138''","","","George Fieo","2010-11-30","","N"
"American Beech","Fagus grandifolia","Pennsylvania","Delaware","Ridley Creek State Park","","","","","142991","1","","","","State","130.0'","Clinometer/laser rangefinder/sine","6.9'","83''","","","George Fieo","2010-11-30","","N"
"American Beech","Fagus grandifolia","Pennsylvania","Delaware","Rocky Run - Tyler Arboretum","","","","","135636","1","","","","Private","116.9'","Clinometer/laser rangefinder/sine","11.2'","134''","","","Scott Wade","2006-04-17","http%3A%2F%2Fwww.nativetreesociety.org%2Ffieldtrips%2Fpenna%2Ftyler_arboretum_pa.htm","N"
"American Beech","Fagus grandifolia","Pennsylvania","Delaware","Smedley Park","39 55.125","-075 21.000","","","142809","1","39 55.125","-075 21.000","","County","102.4'","Clinometer/laser rangefinder/sine","10.2'","122''","","","George Fieo","2011-11-18","","N"
"American Beech","Fagus grandifolia","Pennsylvania","Delaware","Smedley Park","39 55.403","-075 21.603","","","142810","1","39 55.403","-075 21.603","","County","130.1'","Clinometer/laser rangefinder/sine","8.3'","99''","","","George Fieo","2011-11-18","","N"
"American Beech","Fagus grandifolia","Pennsylvania","Delaware","Swarthmore College - Crum Creek","","","","","134866","1","","","","Private","97.6'","Clinometer/laser rangefinder/sine","","","","","Scott Wade, Mike Dunn","2009-01-30","http%3A%2F%2Fwww.nativetreesociety.org%2Ffieldtrips%2Fpenna%2Fswarthmore_college.htm","N"
"American Beech","Fagus grandifolia","Pennsylvania","Delaware","Swarthmore College - Crum Creek","","","","","134867","1","","","","Private","112.4'","Clinometer/laser rangefinder/sine","","","","","Scott Wade, Mike Dunn","2009-01-30","http%3A%2F%2Fwww.nativetreesociety.org%2Ffieldtrips%2Fpenna%2Fswarthmore_college.htm","N"
"American Beech","Fagus grandifolia","Pennsylvania","Delaware","Wawa Preserve","39 54.478","-075 27.446","Measurements were also made on 2/5,6/2006.
See: http://www.nativetreesociety.org/fieldtrips/penna/wawa_preserve.htm
This a property of the Natural Lands Trust.","","135229","1","39 54.478","-075 27.446","200.0 ft","Private","107.2'","Clinometer/laser rangefinder/sine","11.4'","137''","","","Scott Wade","2005-12-14","http%3A%2F%2Fwww.nativetreesociety.org%2Ffieldtrips%2Fpenna%2Fphiladelphia_gladwyne_wawa.htm","N"
"American Beech","Fagus grandifolia","Pennsylvania","Delaware","Wawa Preserve","","","Measurements were also made on 2/5,6/2006.
See: http://www.nativetreesociety.org/fieldtrips/penna/wawa_preserve.htm
This a property of the Natural Lands Trust.","","135230","1","","","200.0 ft","Private","110.1'","Clinometer/laser rangefinder/sine","12.1'","145''","","","Scott Wade","2005-12-14","http%3A%2F%2Fwww.nativetreesociety.org%2Ffieldtrips%2Fpenna%2Fphiladelphia_gladwyne_wawa.htm","N"
"American Beech","Fagus grandifolia","Pennsylvania","Elk","Marion Brooks Natural Area","","","Four trees were measured on 7/12/2009
Trees measured were away from the area of an almost pure stand of Paper Birch.","","166110","1","","","","Public - state","57.0'","Clinometer/laser rangefinder/sine","2.9'","35''","","","Edward Frank","2009-01-01","","N"
"American Beech","Fagus grandifolia","Pennsylvania","Elk","Millstone Creek Area","","","","","145569","1","","","","Public - state","54.0'","Clinometer/laser rangefinder/sine","5.7'","68''","","Across from campsite #10","Dale Luthringer, Edward Frank","2008-04-24","http%3A%2F%2Fgroups.google.com%2Fgroup%2Fentstrees%2Fbrowse_thread%2Fthread%2Fa1cc481667139773%3Fhl%3Den","N"
"American Beech","Fagus grandifolia","Pennsylvania","Elk","Portland Mills","","","Some trees were measured om 4/21/2009.
Much of the land is owned by the Pennyslvania fish and Boat Commission.","","138100","1","","","","Public - state","80.9'","Clinometer/laser rangefinder/sine","","","","","Dale Luthringer","2009-04-30","","N"
"American Beech","Fagus grandifolia","Pennsylvania","Erie","Erie Bluffs State Park(Formerly Coho Property)","","","Trees from trip posted 9/8/2006","","120305","1","","","","Public","81.1'","Clinometer/laser rangefinder/sine","7.1'","85''","","Height is Not Less Than (NLT)","Dale Luthringer","2003-09-17","http%3A%2F%2Fwww.nativetreesociety.org%2Ffieldtrips%2Fpenna%2Ferie_bluffs_state_park.htm","N"
"American Beech","Fagus grandifolia","Pennsylvania","Erie","Erie Bluffs State Park(Formerly Coho Property)","","","Trees from trip posted 9/8/2006","","120304","1","","","","Public","93.1'","Clinometer/laser rangefinder/sine","6.7'","80''","","Height is Not Less Than (NLT)","Dale Luthringer","2003-09-17","http%3A%2F%2Fwww.nativetreesociety.org%2Ffieldtrips%2Fpenna%2Ferie_bluffs_state_park.htm","N"
"American Beech","Fagus grandifolia","Pennsylvania","Erie","Erie Bluffs State Park(Formerly Coho Property)","","","Trees from trip posted 9/8/2006","","120285","1","","","660.0 ft","Public","101.5'","Clinometer/laser rangefinder/sine","9.1'","109''","","Height is Not Less Than (NLT)","Dale Luthringer","2003-09-17","http%3A%2F%2Fwww.nativetreesociety.org%2Ffieldtrips%2Fpenna%2Ferie_bluffs_state_park.htm","N"
"American Beech","Fagus grandifolia","Pennsylvania","Erie","Erie Bluffs State Park(Formerly Coho Property)","","","Trees from trip posted 9/8/2006","","120302","1","","","","Public","101.5'","Clinometer/laser rangefinder/sine","9.1'","109''","","","Dale Luthringer","2003-09-17","http%3A%2F%2Fwww.nativetreesociety.org%2Ffieldtrips%2Fpenna%2Ferie_bluffs_state_park.htm","N"
"American Beech","Fagus grandifolia","Pennsylvania","Erie","Erie Bluffs State Park(Formerly Coho Property)","","","Trees from trip posted 9/8/2006","","214288","1","","","","Public","108.3'","Clinometer/laser rangefinder/sine","6.4'","77''","","","Dale Luthringer","2006-09-08","http%3A%2F%2Fwww.nativetreesociety.org%2Ffieldtrips%2Fpenna%2Ferie_bluffs_state_park.htm","N"
"American Beech","Fagus grandifolia","Pennsylvania","Erie","Erie Bluffs State Park(Formerly Coho Property)","","","Trees from trip posted 9/8/2006","","214291","1","","","","Public","111.0'","Clinometer/laser rangefinder/sine","6.3'","76''","","","Dale Luthringer","2006-09-08","http%3A%2F%2Fwww.nativetreesociety.org%2Ffieldtrips%2Fpenna%2Ferie_bluffs_state_park.htm","N"
"American Beech","Fagus grandifolia","Pennsylvania","Erie","Gudgeonville And Upstream Of Route 98 Bridge","","","","","120172","1","","","","Private","86.4'","Clinometer/laser rangefinder/sine","","","","","Dale Luthringer","2009-11-10","http%3A%2F%2Fwww.ents-bbs.org%2Fviewtopic.php%3Ff%3D148%26t%3D760%23p2369","N"
"American Beech","Fagus grandifolia","Pennsylvania","Erie","Lake Erie Community Park","42 01.671","-080 20.866","","","138545","1","42 01.671","-080 20.866","640.0 ft","Public","99.4'","Clinometer/laser rangefinder/sine","","","","Height is Not Less Then (NLT)","Dale Luthringer","2004-01-07","http%3A%2F%2Fwww.nativetreesociety.org%2Ffieldtrips%2Fpenna%2Flake_erie_community_park.htm","N"
"American Beech","Fagus grandifolia","Pennsylvania","Erie","Lake Erie Community Park","","","","","138555","1","","","","Public","101.7'","Clinometer/laser rangefinder/sine","9.5'","114''","","","Dale Luthringer","2004-01-07","http%3A%2F%2Fwww.nativetreesociety.org%2Ffieldtrips%2Fpenna%2Flake_erie_community_park.htm","N"
"American Beech","Fagus grandifolia","Pennsylvania","Erie","Lake Erie Community Park","","","","","138556","1","","","","Public","103.5'","Clinometer/laser rangefinder/sine","10.7'","128''","","","Dale Luthringer","2004-01-07","http%3A%2F%2Fwww.nativetreesociety.org%2Ffieldtrips%2Fpenna%2Flake_erie_community_park.htm","N"
"American Beech","Fagus grandifolia","Pennsylvania","Erie","Lake Erie Community Park","","","","","138561","1","","","","Public","106.9'","Clinometer/laser rangefinder/sine","","","","","Dale Luthringer","2004-01-07","http%3A%2F%2Fwww.nativetreesociety.org%2Ffieldtrips%2Fpenna%2Flake_erie_community_park.htm","N"
"American Beech","Fagus grandifolia","Pennsylvania","Erie","Lake Erie Community Park","","","","","138562","1","","","","Public","107.9'","Clinometer/laser rangefinder/sine","8.6'","103''","","","Dale Luthringer","2004-01-07","http%3A%2F%2Fwww.nativetreesociety.org%2Ffieldtrips%2Fpenna%2Flake_erie_community_park.htm","N"
"American Beech","Fagus grandifolia","Pennsylvania","Erie","Lake Erie Community Park","","","","","138563","1","","","","Public","110.0'","Clinometer/laser rangefinder/sine","","","","","Dale Luthringer","2004-01-07","http%3A%2F%2Fwww.nativetreesociety.org%2Ffieldtrips%2Fpenna%2Flake_erie_community_park.htm","N"
"American Beech","Fagus grandifolia","Pennsylvania","Erie","Lake Erie Community Park","","","","","138564","1","","","","Public","110.4'","Clinometer/laser rangefinder/sine","","","","","Dale Luthringer","2004-01-07","http%3A%2F%2Fwww.nativetreesociety.org%2Ffieldtrips%2Fpenna%2Flake_erie_community_park.htm","N"
"American Beech","Fagus grandifolia","Pennsylvania","Erie","Lake Erie Community Park","42 01.670","-080 21.273","","","138565","1","42 01.670","-080 21.273","","Public","125.8'","Clinometer/laser rangefinder/sine","10.3'","124''","","","Dale Luthringer","2004-01-07","http%3A%2F%2Fwww.nativetreesociety.org%2Ffieldtrips%2Fpenna%2Flake_erie_community_park.htm","N"
"American Beech","Fagus grandifolia","Pennsylvania","Erie","Lake Shore Country Club","","","","","138803","1","","","","Private","105.2'","Clinometer/laser rangefinder/sine","","","","","Dale Luthringer","2008-10-01","http%3A%2F%2Fwww.nativetreesociety.org%2Ffieldtrips%2Fpenna%2Flakeshorecountryclub.htm","N"
"American Beech","Fagus grandifolia","Pennsylvania","Erie","Lake Shore Country Club","","","","","138804","1","","","","Private","105.3'","Clinometer/laser rangefinder/sine","9.1'","109''","","","Dale Luthringer","2008-10-01","http%3A%2F%2Fwww.nativetreesociety.org%2Ffieldtrips%2Fpenna%2Flakeshorecountryclub.htm","N"
"American Beech","Fagus grandifolia","Pennsylvania","Erie","Lake Shore Country Club","","","","","138805","1","","","","Private","108.8'","Clinometer/laser rangefinder/sine","9.3'","112''","","","Dale Luthringer","2008-10-01","http%3A%2F%2Fwww.nativetreesociety.org%2Ffieldtrips%2Fpenna%2Flakeshorecountryclub.htm","N"
"American Beech","Fagus grandifolia","Pennsylvania","Erie","Lake Shore Country Club","","","","","138806","1","","","","Private","117.1'","Clinometer/laser rangefinder/sine","8.6'","103''","","Height is Not Less Than (NLT)","Dale Luthringer","2008-10-01","http%3A%2F%2Fwww.nativetreesociety.org%2Ffieldtrips%2Fpenna%2Flakeshorecountryclub.htm","N"
"American Beech","Fagus grandifolia","Pennsylvania","Erie","Scott Community Park","","","Post of 4/12/2004 for trips on 3/19/2004, 4/9/2004","","139010","1","","","","Public","83.7'","Clinometer/laser rangefinder/sine","","","","","Dale Luthringer","2004-04-12","http%3A%2F%2Fwww.nativetreesociety.org%2Ffieldtrips%2Fpenna%2Fscott_community_park.htm","N"
"American Beech","Fagus grandifolia","Pennsylvania","Erie","Scott Community Park","","","Post of 4/12/2004 for trips on 3/19/2004, 4/9/2004","","139011","1","","","","Public","86.2'","Clinometer/laser rangefinder/sine","","","","","Dale Luthringer","2004-04-12","http%3A%2F%2Fwww.nativetreesociety.org%2Ffieldtrips%2Fpenna%2Fscott_community_park.htm","N"
"American Beech","Fagus grandifolia","Pennsylvania","Erie","Scott Community Park","","","Post of 4/12/2004 for trips on 3/19/2004, 4/9/2004","","139012","1","","","","Public","92.6'","Clinometer/laser rangefinder/sine","","","","","Dale Luthringer","2004-04-12","http%3A%2F%2Fwww.nativetreesociety.org%2Ffieldtrips%2Fpenna%2Fscott_community_park.htm","N"
"American Beech","Fagus grandifolia","Pennsylvania","Erie","Scott Community Park","","","Post of 4/12/2004 for trips on 3/19/2004, 4/9/2004","","139013","1","","","","Public","101.8'","Clinometer/laser rangefinder/sine","","","","","Dale Luthringer","2004-04-12","http%3A%2F%2Fwww.nativetreesociety.org%2Ffieldtrips%2Fpenna%2Fscott_community_park.htm","N"
"American Beech","Fagus grandifolia","Pennsylvania","Erie","Scott Community Park","","","Post of 4/12/2004 for trips on 3/19/2004, 4/9/2004","","139014","1","","","","Public","102.7'","Clinometer/laser rangefinder/sine","9.5'","114''","","","Dale Luthringer","2004-04-12","http%3A%2F%2Fwww.nativetreesociety.org%2Ffieldtrips%2Fpenna%2Fscott_community_park.htm","N"
"American Beech","Fagus grandifolia","Pennsylvania","Erie","Sixteen Mile Run","","","","","138863","1","","","","Private","84.6'","Clinometer/laser rangefinder/sine","7.1'","85''","","","Dale Luthringer, Edward Frank","2009-09-21","http%3A%2F%2Fgroups.google.com%2Fgroup%2Fentstrees%2Fbrowse_thread%2Fthread%2F345dd3f3acf40465%3Fhl%3Den","N"
"American Beech","Fagus grandifolia","Pennsylvania","Erie","State Game Lands 155","","","","","138769","1","","","","Public","81.1'","Clinometer/laser rangefinder/sine","8.0'","96''","","Height is Not Less Than (NLT)","Dale Luthringer","2008-04-17","http%3A%2F%2Fwww.nativetreesociety.org%2Ffieldtrips%2Fpenna%2Fsgl_155_pa.htm","N"
"American Beech","Fagus grandifolia","Pennsylvania","Erie","State Game Lands 155","","","","","138770","1","","","","Public","90.1'","Clinometer/laser rangefinder/sine","10.0'","120''","","Height is Not Less Than (NLT)","Dale Luthringer","2008-04-17","http%3A%2F%2Fwww.nativetreesociety.org%2Ffieldtrips%2Fpenna%2Fsgl_155_pa.htm","N"
"American Beech","Fagus grandifolia","Pennsylvania","Erie","State Game Lands 155","","","","","138771","1","","","","Public","100.5'","Clinometer/laser rangefinder/sine","5.6'","67''","","","Dale Luthringer","2008-04-17","http%3A%2F%2Fwww.nativetreesociety.org%2Ffieldtrips%2Fpenna%2Fsgl_155_pa.htm","N"
"American Beech","Fagus grandifolia","Pennsylvania","Erie","Walnut Creek Gorge","","","See post of 3/18/2008 for trips on 12/28/2007, 12/31/2007.
See post of 9/9/2008 for trips on 3/28/2008, 4/4/2008.","","138508","1","","","","Private","94.3'","Clinometer/laser rangefinder/sine","","","","","Dale Luthringer","2004-02-08","http%3A%2F%2Fwww.nativetreesociety.org%2Ffieldtrips%2Fpenna%2Fwalnut_creek_pa_update.htm","N"
"American Beech","Fagus grandifolia","Pennsylvania","Erie","Walnut Creek Gorge","","","See post of 3/18/2008 for trips on 12/28/2007, 12/31/2007.
See post of 9/9/2008 for trips on 3/28/2008, 4/4/2008.","","138509","1","","","","Private","95.7'","Clinometer/laser rangefinder/sine","","","","","Dale Luthringer","2004-02-08","http%3A%2F%2Fwww.nativetreesociety.org%2Ffieldtrips%2Fpenna%2Fwalnut_creek_pa_update.htm","N"
"American Beech","Fagus grandifolia","Pennsylvania","Erie","Walnut Creek Gorge","","","See post of 3/18/2008 for trips on 12/28/2007, 12/31/2007.
See post of 9/9/2008 for trips on 3/28/2008, 4/4/2008.","","138539","1","","","","Private","106.5'","Clinometer/laser rangefinder/sine","9.7'","116''","","","Dale Luthringer","2004-02-08","http%3A%2F%2Fwww.nativetreesociety.org%2Ffieldtrips%2Fpenna%2Fwalnut_creek_pa_update.htm","N"
"American Beech","Fagus grandifolia","Pennsylvania","Erie","Walnut Creek Gorge","42 03.057","-080 10.869","See post of 3/18/2008 for trips on 12/28/2007, 12/31/2007.
See post of 9/9/2008 for trips on 3/28/2008, 4/4/2008.","","138510","1","42 03.057","-080 10.869","640.0 ft","Private","120.1'","Clinometer/laser rangefinder/sine","16.0'","192''","60.0'","Crown spread is an average.","Dale Luthringer","2004-02-08","http%3A%2F%2Fwww.nativetreesociety.org%2Ffieldtrips%2Fpenna%2Fwalnut_creek_pa_update.htm","N"
"American Beech","Fagus grandifolia","Pennsylvania","Erie","Wintergreen Gorge","","","Trips were made 7/2/2003, 9/5/2003,10/10/2003,
11/3/2003,5/24/2004,10/15/2004","","120251","1","","","760.0 ft","Public","107.6'","Clinometer/laser rangefinder/sine","7.1'","85''","","","Dale Luthringer","2003-07-02","","N"
"American Beech","Fagus grandifolia","Pennsylvania","Erie","Wintergreen Gorge","","","Trips were made 7/2/2003, 9/5/2003,10/10/2003,
11/3/2003,5/24/2004,10/15/2004","","120252","1","","","","Public","114.4'","Clinometer/laser rangefinder/sine","","","","","Dale Luthringer","2003-07-02","","N"
"American Beech","Fagus grandifolia","Pennsylvania","Fayette","Along Great Gorge Trail","","","This area includes a 2.4 mile section along the trail from Cucumber Falls to the Railroad Trestle.  32 acres with about 16 acres Old Growth","","167655","1","","","","Public - State Park","103.7'","Clinometer/laser rangefinder/sine","","","","","Dale Luthringer","2008-03-26","http%3A%2F%2Fgroups.google.com%2Fgroup%2Fentstrees%2Fbrowse_thread%2Fthread%2F4b65935fe745fc78%3Fhl%3Den","N"
"American Beech","Fagus grandifolia","Pennsylvania","Fayette","Ferncliff Penisular Natural Area","","","","","167635","1","","","","Public - State Park","89.5'","Clinometer/laser rangefinder/sine","5.3'","64''","","","Edward Frank, Anthony Kelly","2006-11-14","http%3A%2F%2Fwww.nativetreesociety.org%2Ffieldtrips%2Fpenna%2Fohiopyle_state_park07.htm","N"
"American Beech","Fagus grandifolia","Pennsylvania","Fayette","Friendship Hill","39 46.329","-079 55.732","","","18528","1","39 46.329","-079 55.732","","National Park","110.0'","Clinometer/laser rangefinder/sine","9.3'","112''","","","Steve Halow","2011-03-26","","N"
"American Beech","Fagus grandifolia","Pennsylvania","Fayette","Friendship Hill","39 46.330","-079 55.448","","","18527","1","39 46.330","-079 55.448","","National Park","126.5'","Clinometer/laser rangefinder/sine","6.7'","80''","","","Steve Halow","2011-03-26","","N"
"American Beech","Fagus grandifolia","Pennsylvania","Fayette","Hewitt Island","","","Island is in the Youghiogheny River near Perryopolis.","","224746","1","","","","Public","105.0'","Clinometer/laser rangefinder/sine","8.3'","100''","","","Edward Franks, Steve Halow","2010-08-28","http%3A%2F%2Fwww.ents-bbs.org%2Fviewtopic.php%3Ff%3D154%26t%3D1279","N"
"American Beech","Fagus grandifolia","Pennsylvania","Fayette","Ohiopyle SP","39 52.248","-079 29.903","","","21795","1","39 52.248","-079 29.903","","Public","110.0'","Clinometer/laser rangefinder/sine","8.1'","97''","","measured 12/2011","Steve Halow, Randi Chambers","2011-11-11","","N"
"American Beech","Fagus grandifolia","Pennsylvania","Forest","CFSP-Foundation Ridge And Flats","","","American Chestnuts were measured  on 8/9 /2005.
See: http://www.nativetreesociety.org/fieldtrips/penna_cook_forest/two_trips_to_cook_forest.htm
Also see Luthringer measurements at:: http://www.nativetreesociety.org/fieldtrips/penna_cook_forest/foundation_ridge_flat_update.htm","","147073","1","","","","Public-state","110.8'","Clinometer/laser rangefinder/sine","4.3'","52''","","","Dale Luthringer","2006-08-10","http%3A%2F%2Fwww.nativetreesociety.org%2Ffieldtrips%2Fpenna_cook_forest%2Ffoundation_ridge_flat.htm","N"
"American Beech","Fagus grandifolia","Pennsylvania","Forest","CFSP-River Cabins And Flats","","","Measurements made between 1/1/2002 and 8/6/2004","","145388","1","","","","Public-state","120.6'","Clinometer/laser rangefinder/sine","9.3'","112''","","","Dale Luthringer","2004-08-06","","N"
"American Beech","Fagus grandifolia","Pennsylvania","Forest","Hemlock Island","","","","","173791","1","","","1080.0 ft","Public - federal","96.0'","Clinometer/laser rangefinder/sine","7.6'","91''","","","Dale Luthringer, Edward Frank","2008-07-16","","N"
"American Beech","Fagus grandifolia","Pennsylvania","Forest","Hemlock Island","","","","","173792","1","","","1080.0 ft","Public - federal","96.8'","Clinometer/laser rangefinder/sine","6.3'","76''","","","Dale Luthringer, Edward Frank","2008-07-16","","N"
"American Beech","Fagus grandifolia","Pennsylvania","Jefferson","Reynoldsville","","","","","169449","1","","","","Private","102.6'","Clinometer/laser rangefinder/sine","6.6'","79''","","","Edward Frank","2011-05-06","","N"
"American Beech","Fagus grandifolia","Pennsylvania","Lawrence","Mcconnells Mill State Park","","","","","117329","1","","","","Public - State Park","","Clinometer/laser rangefinder/sine","8.8'","106''","","","Anthony Kelly","2006-01-07","","N"
"American Beech","Fagus grandifolia","Pennsylvania","Lawrence","Mcconnells Mill State Park","","","","","117330","1","","","","Public - State Park","","Clinometer/laser rangefinder/sine","9.0'","108''","","","Anthony Kelly","2006-01-07","","N"
"American Beech","Fagus grandifolia","Pennsylvania","Lawrence","Mcconnells Mill State Park","","","","","117331","1","","","","Public - State Park","","Clinometer/laser rangefinder/sine","9.0'","108''","","","Anthony Kelly","2006-01-07","","N"
"American Beech","Fagus grandifolia","Pennsylvania","Lawrence","Mcconnells Mill State Park","","","","","117332","1","","","","Public - State Park","","Clinometer/laser rangefinder/sine","9.3'","111''","","","Anthony Kelly","2006-01-07","","N"
"American Beech","Fagus grandifolia","Pennsylvania","Lawrence","Mcconnells Mill State Park","","","","","117333","1","","","","Public - State Park","","Clinometer/laser rangefinder/sine","9.3'","111''","","","Anthony Kelly","2006-01-07","","N"
"American Beech","Fagus grandifolia","Pennsylvania","Lawrence","Mcconnells Mill State Park","","","","","117334","1","","","","Public - State Park","","Clinometer/laser rangefinder/sine","9.5'","114''","","","Anthony Kelly","2006-01-07","","N"
"American Beech","Fagus grandifolia","Pennsylvania","Lawrence","Mcconnells Mill State Park","","","","","117416","1","","","","Public - State Park","11.6'","Clinometer/laser rangefinder/sine","9.8'","118''","","Along Kildoo Trail","Anthony Kelly","2006-01-07","","N"
"American Beech","Fagus grandifolia","Pennsylvania","Lawrence","Mcconnells Mill State Park","","","","","117385","1","","","","Public - State Park","120.5'","Clinometer/laser rangefinder/sine","9.5'","114''","","","Anthony Kelly","2006-01-07","","N"
"American Beech","Fagus grandifolia","Pennsylvania","Lawrence","Pine Grove Wetland (Fen)","","","""Most of the shots were from underneath....""
Heights should be cosidered Not Less Than (NLT)","","171369","1","","","1150.0 ft","Private","61.9'","Clinometer/laser rangefinder/sine","5.8'","70''","","","Carl Harting, Edward Frank","2009-06-09","http%3A%2F%2Fgroups.google.com%2Fgroup%2Fentstrees%2Fbrowse_thread%2Fthread%2Fb6bd4a92bdd42239%3Fhl%3Den","N"
"American Beech","Fagus grandifolia","Pennsylvania","Luzerne","Glens Natural Area","","","","","168158","1","","","","Public - State Park","116.8'","Clinometer/laser rangefinder/sine","7.3'","88''","","","Dale Luthringer","2004-09-15","","N"
"American Beech","Fagus grandifolia","Pennsylvania","Mckean","Marilla Reservoir","","","Trees were also measured 9/2009.","","119226","1","","","","Public - sate","100.9'","Clinometer/laser rangefinder/sine","6.2'","74''","","","Dale Luthringer","2006-04-03","","N"
"American Beech","Fagus grandifolia","Pennsylvania","Mckean","Marilla Reservoir","","","Trees were also measured 9/2009.","","119007","1","","","","Public - sate","102.1'","Clinometer/laser rangefinder/sine","7.6'","91''","","Height is Not Less Than (NLT)","Dale Luthringer, John Stoneman, Patrick Connelly","2009-10-15","","N"
"American Beech","Fagus grandifolia","Pennsylvania","Mckean","Tionesta Scenic Area","","","","","166963","1","","","","Public - federal","101.0'","Clinometer/laser rangefinder/sine","","","","","Dale Luthringer","2002-10-30","","N"
"American Beech","Fagus grandifolia","Pennsylvania","Mckean","Tionesta Scenic Area","","","","","166965","1","","","","Public - federal","108.1'","Clinometer/laser rangefinder/sine","8.0'","96''","","Height is Not Less Than (NLT)","Dale Luthringer","2002-10-30","","N"
"American Beech","Fagus grandifolia","Pennsylvania","Mckean","Tionesta Scenic Area","","","","","166964","1","","","","Public - federal","108.5'","Clinometer/laser rangefinder/sine","6.9'","83''","","","Dale Luthringer","2002-10-30","","N"
"American Beech","Fagus grandifolia","Pennsylvania","Montgomery","John James Audobon Center At Mill Grove","","","130 Acres with nine miles of trails.
Trees were also measured on 12/14/2008.","","134294","1","","","","Private","90.5'","Clinometer/laser rangefinder/sine","7.2'","86''","","","George Fieo","2008-12-05","http%3A%2F%2Fwww.nativetreesociety.org%2Ffieldtrips%2Fpenna%2Fpa_audubon_wildlife_sanctuary.htm","N"
"American Beech","Fagus grandifolia","Pennsylvania","Montgomery","Mont Clare Cliffs And  Schuykill River Corridor","","","","","166533","1","","","","Private","120.6'","Clinometer/laser rangefinder/sine","6.7'","80''","","","George Fieo","2009-05-25","http%3A%2F%2Fwww.nativetreesociety.org%2Ffieldtrips%2Fpenna%2F20090525-montclare%2F20090525-montclare.htm","N"
"American Beech","Fagus grandifolia","Pennsylvania","Northampton","Henry's Wood - Jacobsburg State Park","","","Some measurements by D. Luthringer 3/31/2010
Also see:
http://www.ents-bbs.org/viewtopic.php?f=151&t=541","","222198","1","","","","Public - state","96.8'","Clinometer/laser rangefinder/sine","","","","","George Fieo, Dale Luthringer","2009-11-11","http%3A%2F%2Fgroups.google.com%2Fgroup%2Fentstrees%2Fbrowse_thread%2Fthread%2F18db47149de48864%3Fhl%3Den","N"
"American Beech","Fagus grandifolia","Pennsylvania","Philadelphia","Pennypack Park","","","","","143054","1","","","","City","111.4'","Clinometer/laser rangefinder/sine","12.0'","144''","","","George Fieo","2009-12-28","","N"
"American Beech","Fagus grandifolia","Pennsylvania","Philadelphia","Pennypack Park","","","","","143055","1","","","","City","123.5'","Clinometer/laser rangefinder/sine","10.0'","120''","","","George Fieo","2009-12-28","","N"
"American Beech","Fagus grandifolia","Pennsylvania","Philadelphia","Wissahickon Valley Park","","","","","214162","1","","","150.0 ft","Public - city","105.2'","Clinometer/laser rangefinder/sine","4.4'","53''","","","John Eichholz","2005-04-20","","N"
"American Beech","Fagus grandifolia","Pennsylvania","Philadelphia","Wissahickon Valley Park","40 01.410","-075 00.000","","","173660","1","40 01.410","-075 00.000","","Public - city","107.7'","Clinometer/laser rangefinder/sine","12.3'","147''","","","George Fieo","2011-11-15","","N"
"American Beech","Fagus grandifolia","Pennsylvania","Philadelphia","Wissahickon Valley Park","","","","","214161","1","","","150.0 ft","Public - city","112.2'","Clinometer/laser rangefinder/sine","5.3'","64''","","","John Eichholz","2005-04-20","","N"
"American Beech","Fagus grandifolia","Pennsylvania","Philadelphia","Wissahickon Valley Park","","","","","214163","1","","","150.0 ft","Public - city","114.0'","Clinometer/laser rangefinder/sine","","","","","John Eichholz","2005-04-20","","N"
"American Beech","Fagus grandifolia","Pennsylvania","Philadelphia","Wissahickon Valley Park","","","","","214160","1","","","150.0 ft","Public - city","114.1'","Clinometer/laser rangefinder/sine","7.3'","88''","","","John Eichholz","2005-04-20","","N"
"American Beech","Fagus grandifolia","Pennsylvania","Philadelphia","Wissahickon Valley Park","","","","","173582","1","","","150.0 ft","Public - city","118.0'","Clinometer/laser rangefinder/sine","6.8'","82''","","","Will Blozan, Ben Blozan","2003-10-04","","N"
"American Beech","Fagus grandifolia","Pennsylvania","Philadelphia","Wissahickon Valley Park","","","","","214164","1","","","150.0 ft","Public - city","122.1'","Clinometer/laser rangefinder/sine","8.0'","96''","","","John Eichholz","2005-04-20","","N"
"American Beech","Fagus grandifolia","Pennsylvania","Philadelphia","Wissahickon Valley Park","40 04.196","-075 13.284","","","173661","1","40 04.196","-075 13.284","","Public - city","130.1'","Clinometer/laser rangefinder/sine","7.2'","86''","","","George Fieo","2011-11-15","","N"
"American Beech","Fagus grandifolia","Pennsylvania","Pike","Hornbecks Creek","41 11.391","-074 53.062","","","139684","1","41 11.391","-074 53.062","","Public - National Recreation Area","92.7'","Clinometer/laser rangefinder/sine","6.9'","83''","","","George Fieo","2009-06-15","http%3A%2F%2Fwww.nativetreesociety.org%2Ffieldtrips%2Fpenna%2F20090615-dwg%2F20090615-hornbecks.htm","N"
"American Beech","Fagus grandifolia","Pennsylvania","Susquehanna","Fall Brook Natural Area","","","State owns 405 Acres, Friends of Salt Spring State Park own another 437 acres and all acreage is managed by the Friends. 30 acres in front of and in the gorge along Fall Brook is a designated Natural Area.","","149648","1","","","","Public and Private","96.9'","Clinometer/laser rangefinder/sine","6.4'","77''","","","George Fieo","2012-11-12","http%3A%2F%2Fwww.ents-bbs.org%2Fviewtopic.php%3Ff%3D150%26t%3D5906%23p26580","N"
"American Beech","Fagus grandifolia","Pennsylvania","Various Counties","Pennsylvania Single Tree Sites","41 09.581","-079 04.554","","","255889","1","41 09.581","-079 04.554","1300.0 ft","Public, Private","81.0'","Clinometer/laser rangefinder/sine","10.3'","124''","","Known as the ""Bible"" tree for scripture carved in the bark. Posted by e. Frank 11/2/2008. Located near Brookville, Jefferson County","Various Various","2000-01-01","","N"
"American Beech","Fagus grandifolia","Pennsylvania","Various Counties","Pennsylvania Single Tree Sites","39 54.510","-075 21.940","","","255918","1","39 54.510","-075 21.940","","Public, Private","91.0'","Clinometer/laser rangefinder/sine","21.8'","262''","","Located at Pendle Hill, 338 Push Mill Rd, near Wallingford, Delaware County. Circumfernce taken at 3'. Circumference 1965=196"", 1982=230"". Measured by S. Wade 9/27/2005. Crown spread is maximum, average is 101'.
http://www.nativetreesociety.org/fieldtrips/penna/pendle_hill.htm","Various Various","2000-01-01","","N"
"American Beech","Fagus grandifolia","Pennsylvania","Various Counties","Pennsylvania Single Tree Sites","42 03.058","-080 10.870","","","255909","1","42 03.058","-080 10.870","640.0 ft","Public, Private","119.7'","Clinometer/laser rangefinder/sine","16.8'","202''","81.7'","Measured by D. Luthinger, R. Bierbower, B. Gula, E. Frank 12/17/2015 during a training exercise. Located in Walnut Gorge near Erie in Erie County. Crown spread is maximum. Originally measured by D. Luthinger 2004. Volume 745 cubic feet.","Various Various","2000-01-01","","N"
"American Beech","Fagus grandifolia","Pennsylvania","Various Counties","Pennsylvania Single Tree Sites","39 51.161","-075 42.487","","","255984","1","39 51.161","-075 42.487","","Public, Private","121.1'","Clinometer/laser rangefinder/sine","12.3'","148''","","Measured by G. Fieo 8/2015. Tree located in Anson B. Nixon Park, North Walnut Road, Kennett Square, Chester County.
Height is Not Less Than (NLT)","Various Various","2000-01-01","","N"
"American Beech","Fagus grandifolia","Pennsylvania","Warren","Anders Run Natural Area","","","","","119600","1","","","1200.0 ft","State - public","95.8'","Clinometer/laser rangefinder/sine","4.7'","56''","","","Dale Luthringer","2002-11-22","","N"
"American Beech","Fagus grandifolia","Pennsylvania","Warren","Anders Run Natural Area","","","","","119599","1","","","1200.0 ft","State - public","100.4'","Clinometer/laser rangefinder/sine","4.3'","52''","","Height is Not Less Than (NLT)","Dale Luthringer","2002-11-22","","N"
"American Beech","Fagus grandifolia","Pennsylvania","Warren","Firth Foundation","","","","","118964","1","","","","Private","105.1'","Clinometer/laser rangefinder/sine","5.3'","64''","","Height is Not Less Than (NLT)","Dale Luthringer","2009-11-20","http%3A%2F%2Fwww.ents-bbs.org%2Fviewtopic.php%3Ff%3D149%26t%3D1158","N"
"American Beech","Fagus grandifolia","Pennsylvania","Warren","Firth Foundation","","","","","118965","1","","","","Private","108.1'","Clinometer/laser rangefinder/sine","5.9'","71''","","Height is Not Less Than (NLT)","Dale Luthringer","2009-11-20","http%3A%2F%2Fwww.ents-bbs.org%2Fviewtopic.php%3Ff%3D149%26t%3D1158","N"
"American Beech","Fagus grandifolia","Pennsylvania","Warren","Hearts Content National Scenic Area","","","","","119478","1","","","","Public - federal","98.9'","Clinometer/laser rangefinder/sine","","","","","Dale Luthringer","2002-10-31","","N"
"American Beech","Fagus grandifolia","Pennsylvania","Warren","Hearts Content National Scenic Area","","","","","119480","1","","","1900.0 ft","Public - federal","109.4'","Clinometer/laser rangefinder/sine","7.0'","84''","","","Dale Luthringer","2002-10-31","","N"
"American Beech","Fagus grandifolia","Pennsylvania","Warren","Hearts Content National Scenic Area","","","","","119479","1","","","1900.0 ft","Public - federal","109.8'","Clinometer/laser rangefinder/sine","6.2'","74''","","","Dale Luthringer","2002-10-31","","N"
"American Beech","Fagus grandifolia","Pennsylvania","Warren","Thompson's Island","","","","","139179","1","","","1140.0 ft","Public - federal","81.5'","Clinometer/laser rangefinder/sine","7.3'","88''","","","Dale Luthringer, Edward Frank","2009-04-02","","N"
"American Beech","Fagus grandifolia","Pennsylvania","Washington","Mingo Creek County Park","40 11.402","-080 03.063","","","18597","1","40 11.402","-080 03.063","","County Government","116.0'","Clinometer/laser rangefinder/sine","9.8'","118''","","","Steve Halow","2011-10-24","","N"
"American Beech","Fagus grandifolia","Pennsylvania","Washington","Mingo Creek County Park","40 11.836","-080 01.520","","","18596","1","40 11.836","-080 01.520","","County Government","118.5'","Clinometer/laser rangefinder/sine","8.4'","101''","","","Steve Halow","2011-10-24","","N"
"American Beech","Fagus grandifolia","South Carolina","Abbeville","Hannah Property","","","","","237125","1","","","","Private","","Clinometer/laser rangefinder/sine","11.3'","135''","","","James Parton","2007-11-27","http%3A%2F%2Fwww.nativetreesociety.org%2Ffieldtrips%2Fsouth_carolina%2Fhannah%2Fhannah_oak.htm","N"
"American Beech","Fagus grandifolia","South Carolina","Abbeville","Hannah Property","","","","","237126","1","","","","Private","","Clinometer/laser rangefinder/sine","11.1'","133''","","","James Parton","2007-11-27","http%3A%2F%2Fwww.nativetreesociety.org%2Ffieldtrips%2Fsouth_carolina%2Fhannah%2Fhannah_oak.htm","N"
"American Beech","Fagus grandifolia","South Carolina","Abbeville","Long Crane Creek","","","Some trees were measured along Big Curtail Creek(BCC) and will be indicated so under comments.","","237852","1","","","","Public - federal","","Clinometer/laser rangefinder/sine","9.6'","115''","","LCC","Jess Riddle","2002-05-16","http%3A%2F%2Fwww.nativetreesociety.org%2Ffieldtrips%2Fsouth_carolina%2Flong_cane_creek1.htm","N"
"American Beech","Fagus grandifolia","South Carolina","Abbeville","Long Crane Creek","","","Some trees were measured along Big Curtail Creek(BCC) and will be indicated so under comments.","","237853","1","","","","Public - federal","","Clinometer/laser rangefinder/sine","9.5'","114''","","LCC","Jess Riddle","2002-05-16","http%3A%2F%2Fwww.nativetreesociety.org%2Ffieldtrips%2Fsouth_carolina%2Flong_cane_creek1.htm","N"
"American Beech","Fagus grandifolia","South Carolina","Dorchester","Middleton Place Home And Gardens","","","","","39736","1","","","","Private","78.1'","Clinometer/laser rangefinder/sine","","","","","Brian Beduhn","2012-10-11","http%3A%2F%2Fwww.ents-bbs.org%2Fviewtopic.php%3Ff%3D122%26t%3D4650","N"
"American Beech","Fagus grandifolia","South Carolina","Edgefield","Turkey Creek","","","Trees measured were close to Modocd","","236866","1","","","","Public - federal","93.7'","Clinometer/laser rangefinder/sine","","","","","Jess Riddle","2005-03-05","http%3A%2F%2Fwww.nativetreesociety.org%2Ffieldtrips%2Fsouth_carolina%2Fsumter%2Fsumter_national_forest_sc.htm","N"
"American Beech","Fagus grandifolia","South Carolina","Greenville","Jones Gap State Park","","","11.300 Acres encompassing Jones Gap State Park and Caesars Head","","238134","1","","","","Public - state","","Clinometer/laser rangefinder/sine","9.7'","116''","","","James Parton","2008-05-16","http%3A%2F%2Fwww.nativetreesociety.org%2Ffieldtrips%2Fsouth_carolina%2Fjones_gap%2Fjones_gap_state_park_sc.htm","N"
"American Beech","Fagus grandifolia","South Carolina","Oconee","Brasstown Creek","","","","","238162","1","","","","Public - federal","111.2'","Clinometer/laser rangefinder/sine","9.9'","119''","","Boatwright Creek","Jess Riddle","2003-11-02","http%3A%2F%2Fwww.ents-bbs.org%2Fviewtopic.php%3Ff%3D122%26t%3D6003","N"
"American Beech","Fagus grandifolia","South Carolina","Oconee","Lee Branch","","","Tributary to Alexander Creek","","238020","1","","","","Public - federal","121.9'","Clinometer/laser rangefinder/sine","","","","","Jess Riddle","2004-05-18","http%3A%2F%2Fwww.nativetreesociety.org%2Ffieldtrips%2Fsouth_carolina%2Flee_branch.htm","N"
"American Beech","Fagus grandifolia","South Carolina","Oconee","Whitewater River NC And SC","","","","","40278","1","","","","Public","118.5'","Clinometer/laser rangefinder/sine","","","","","Brian Beduhn","2013-01-20","","N"
"American Beech","Fagus grandifolia","South Carolina","Pickens","Eastatoe Gorge","","","","","40315","1","","","","Public","111.6'","Clinometer/laser rangefinder/sine","","","","","Brian Beduhn","2013-03-08","http%3A%2F%2Fwww.ents-bbs.org%2Fviewtopic.php%3Ff%3D122%26t%3D5146","N"
"American Beech","Fagus grandifolia","South Carolina","Pickens","Eastatoe Gorge","","","","","40316","1","","","","Public","113.5'","Clinometer/laser rangefinder/sine","","","","","Brian Beduhn","2013-03-08","http%3A%2F%2Fwww.ents-bbs.org%2Fviewtopic.php%3Ff%3D122%26t%3D5146","N"
"American Beech","Fagus grandifolia","South Carolina","Pickens","Wadakoe Mountain","","","Trees were also measured on 11/1/2004. 
See link:
http://www.nativetreesociety.org/fieldtrips/south_carolina/wadakoe_mountain.htm","","236302","1","","","","Public-Private","108.8'","Clinometer/laser rangefinder/sine","4.8'","58''","","Lower Slopes","Jess Riddle","2003-09-28","http%3A%2F%2Fwww.nativetreesociety.org%2Ffieldtrips%2Fsouth_carolina%2Fwadakoe_northend.htm","N"
"American Beech","Fagus grandifolia","South Carolina","Pickens","Wadakoe Mountain","","","Trees were also measured on 11/1/2004. 
See link:
http://www.nativetreesociety.org/fieldtrips/south_carolina/wadakoe_mountain.htm","","236303","1","","","","Public-Private","108.8'","Clinometer/laser rangefinder/sine","","","","Height is Not Less Than(NLT)
Lower Slopes","Jess Riddle","2003-09-28","http%3A%2F%2Fwww.nativetreesociety.org%2Ffieldtrips%2Fsouth_carolina%2Fwadakoe_northend.htm","N"
"American Beech","Fagus grandifolia","South Carolina","Pickens","Wadakoe Mountain","","","Trees were also measured on 11/1/2004. 
See link:
http://www.nativetreesociety.org/fieldtrips/south_carolina/wadakoe_mountain.htm","","236272","1","","","","Public-Private","114.2'","Clinometer/laser rangefinder/sine","","","","Eastatoe Creek","Jess Riddle","2003-09-28","http%3A%2F%2Fwww.nativetreesociety.org%2Ffieldtrips%2Fsouth_carolina%2Fwadakoe_northend.htm","N"
"American Beech","Fagus grandifolia","South Carolina","Pickens","Wadakoe Mountain","","","Trees were also measured on 11/1/2004. 
See link:
http://www.nativetreesociety.org/fieldtrips/south_carolina/wadakoe_mountain.htm","","236304","1","","","","Public-Private","116.3'","Clinometer/laser rangefinder/sine","8.8'","105''","","Height is Not Less Than(NLT)","Jess Riddle","2003-09-28","http%3A%2F%2Fwww.nativetreesociety.org%2Ffieldtrips%2Fsouth_carolina%2Fwadakoe_northend.htm","N"
"American Beech","Fagus grandifolia","South Carolina","Pickens","Wadakoe Mountain","","","Trees were also measured on 11/1/2004. 
See link:
http://www.nativetreesociety.org/fieldtrips/south_carolina/wadakoe_mountain.htm","","236286","1","","","","Public-Private","119.7'","Clinometer/laser rangefinder/sine","","","","West and North slopes","Jess Riddle","2003-09-28","http%3A%2F%2Fwww.nativetreesociety.org%2Ffieldtrips%2Fsouth_carolina%2Fwadakoe_northend.htm","N"
"American Beech","Fagus grandifolia","South Carolina","Pickens","Wadakoe Mountain","","","Trees were also measured on 11/1/2004. 
See link:
http://www.nativetreesociety.org/fieldtrips/south_carolina/wadakoe_mountain.htm","","236254","1","","","","Public-Private","121.5'","Clinometer/laser rangefinder/sine","","","","Peach Orchard","Jess Riddle","2003-09-28","http%3A%2F%2Fwww.nativetreesociety.org%2Ffieldtrips%2Fsouth_carolina%2Fwadakoe_northend.htm","N"
"American Beech","Fagus grandifolia","South Carolina","Pickens","Wadakoe Mountain","","","Trees were also measured on 11/1/2004. 
See link:
http://www.nativetreesociety.org/fieldtrips/south_carolina/wadakoe_mountain.htm","","236287","1","","","","Public-Private","129.4'","Clinometer/laser rangefinder/sine","9.7'","116''","","West and North slopes","Jess Riddle","2003-09-28","http%3A%2F%2Fwww.nativetreesociety.org%2Ffieldtrips%2Fsouth_carolina%2Fwadakoe_northend.htm","N"
"American Beech","Fagus grandifolia","South Carolina","Richland","Congaree National Park","33 48.681","-080 50.840","","","242648","1","33 48.681","-080 50.840","90.0 ft","Public - national","112.0'","Clinometer/laser rangefinder/sine","8.8'","106''","93.0'","Crown spread is maximum. Average is 83.5' using the two axis method.","Larry Tucei","2009-02-25","","N"
"American Beech","Fagus grandifolia","South Carolina","Richland","Congaree National Park","","","","","252698","1","","","","Public - national","112.9'","Clinometer/laser rangefinder/sine","11.0'","132''","","","Jess Riddle, John Eichholz, Will Blozan","2006-04-03","","N"
"American Beech","Fagus grandifolia","South Carolina","Richland","Congaree National Park","","","","","252701","1","","","","Public - national","115.5'","Clinometer/laser rangefinder/sine","6.8'","82''","","","Jess Riddle, John Eichholz, Will Blozan","2006-04-03","","N"
"American Beech","Fagus grandifolia","South Carolina","Richland","Congaree National Park","","","","","252699","1","","","","Public - national","122.3'","Clinometer/laser rangefinder/sine","9.8'","118''","","","Jess Riddle, John Eichholz, Will Blozan","2006-04-03","","N"
"American Beech","Fagus grandifolia","South Carolina","Richland","Congaree National Park","","","","","252700","1","","","","Public - national","126.3'","Clinometer/laser rangefinder/sine","7.9'","95''","","","Jess Riddle, John Eichholz, Will Blozan","2006-04-03","","N"
"American Beech","Fagus grandifolia","Tennessee","Benton","Nathan Bedford Forrest State Park","36 05.884","-087 58.344","","","322157","1","36 05.884","-087 58.344","495.0 ft","Public","106.1'","Clinometer/laser rangefinder/sine","","","","","Elijah Whitcomb","2025-04-19","","N"
"American Beech","Fagus grandifolia","Tennessee","Cheatham","Cheatham WMA","36 08.459","-087 02.703","","","322063","1","36 08.459","-087 02.703","750.0 ft","Public","116.1'","Clinometer/laser rangefinder/sine","9.2'","110''","","","Elijah Whitcomb","2025-03-29","","N"
"American Beech","Fagus grandifolia","Tennessee","Cheatham","Cheatham WMA","36 15.248","-087 05.310","","","322082","1","36 15.248","-087 05.310","620.0 ft","Public","126.1'","Clinometer/laser rangefinder/sine","9.3'","112''","","","Elijah Whitcomb","2025-03-29","","N"
"American Beech","Fagus grandifolia","Tennessee","Cocke","Jones Branch","","","","","229964","1","","","","Public - national","124.7'","Clinometer/laser rangefinder/sine","10.9'","131''","","","Jess Riddle, Will Blozan","2006-08-06","http%3A%2F%2Fnativetreesociety.org%2Ffieldtrips%2Fgsmnp%2Fjonesbranch%2Fjones_branch.htm","N"
"American Beech","Fagus grandifolia","Tennessee","Davidson","Edwin & Percy Warner Parks","36 03.415","-086 54.388","","","315778","1","36 03.415","-086 54.388","795.0 ft","Public","95.0'","Clinometer/laser rangefinder/sine","12.6'","151''","","","Elijah Whitcomb","2024-01-28","","N"
"American Beech","Fagus grandifolia","Tennessee","Davidson","Edwin & Percy Warner Parks","36 03.421","-086 54.125","","","315779","1","36 03.421","-086 54.125","805.0 ft","Public","113.5'","Clinometer/laser rangefinder/sine","10.6'","127''","","","Elijah Whitcomb","2024-01-28","","N"
"American Beech","Fagus grandifolia","Tennessee","Davidson","Edwin & Percy Warner Parks","36 03.960","-086 52.532","","","315822","1","36 03.960","-086 52.532","780.0 ft","Public","127.6'","Clinometer/laser rangefinder/sine","10.4'","125''","","","Elijah Whitcomb","2024-01-28","","N"
"American Beech","Fagus grandifolia","Tennessee","Davidson","Edwin & Percy Warner Parks","36 04.268","-086 53.098","","","315858","1","36 04.268","-086 53.098","815.0 ft","Public","136.6'","Clinometer/laser rangefinder/sine","11.0'","132''","","","Elijah Whitcomb","2024-01-28","","N"
"American Beech","Fagus grandifolia","Tennessee","Dekalb","Edgar Evins State Park","36 05.203","-085 48.781","","","321006","1","36 05.203","-085 48.781","965.0 ft","Public","122.2'","Clinometer/laser rangefinder/sine","10.2'","122''","","","Elijah Whitcomb","2025-02-01","","N"
"American Beech","Fagus grandifolia","Tennessee","Dekalb","Edgar Evins State Park","36 05.118","-085 49.118","","","321007","1","36 05.118","-085 49.118","795.0 ft","Public","146.8'","Clinometer/laser rangefinder/sine","10.7'","128''","","","Elijah Whitcomb","2025-02-01","","N"
"American Beech","Fagus grandifolia","Tennessee","Dickson","Montgomery Bell State Park","36 04.496","-087 17.326","","","323256","1","36 04.496","-087 17.326","655.0 ft","Public","98.1'","Clinometer/laser rangefinder/sine","","","","Double trunk","Elijah Whitcomb","2026-01-02","","N"
"American Beech","Fagus grandifolia","Tennessee","Franklin","Sherwood Forest State Natural Area","35 05.876","-085 54.737","","","313932","1","35 05.876","-085 54.737","1340.0 ft","Public","115.2'","Clinometer/laser rangefinder/sine","7.8'","94''","","","Elijah Whitcomb","2023-12-09","","N"
"American Beech","Fagus grandifolia","Tennessee","Grundy","Grundy Forest State Natural Area","","","234 Acres","","228888","1","","","","Public - state","125.9'","Clinometer/laser rangefinder/sine","10.3'","124''","","","Jess Riddle","2006-03-20","http%3A%2F%2Fnativetreesociety.org%2Ffieldtrips%2Ftennessee%2Fsavage3%2Fgrundy_forest_state_natural_area.htm","N"
"American Beech","Fagus grandifolia","Tennessee","Grundy","Savage Gulf","","","30,800 Acres in 10 units
15,590 aces in the Savage Gulf Unit","","228425","1","","","","Public - state","123.4'","Clinometer/laser rangefinder/sine","7.3'","87''","","","Jess Riddle, Michael Davie","2006-03-28","http%3A%2F%2Fnativetreesociety.org%2Ffieldtrips%2Ftennessee%2Fsavage2%2Fsavage_gulf_redux.htm","N"
"American Beech","Fagus grandifolia","Tennessee","Grundy","Savage Gulf","","","30,800 Acres in 10 units
15,590 aces in the Savage Gulf Unit","","228426","1","","","","Public - state","143.2'","Clinometer/laser rangefinder/sine","7.1'","85''","","","Jess Riddle, Michael Davie","2006-03-28","http%3A%2F%2Fnativetreesociety.org%2Ffieldtrips%2Ftennessee%2Fsavage2%2Fsavage_gulf_redux.htm","N"
"American Beech","Fagus grandifolia","Tennessee","Grundy/Marion","Fiery Gizzard","35 12.970","-085 44.168","","","320187","1","35 12.970","-085 44.168","1450.0 ft","Public","131.3'","Clinometer/laser rangefinder/sine","5.2'","62''","","","Elijah Whitcomb","2024-11-30","","N"
"American Beech","Fagus grandifolia","Tennessee","Grundy/Marion","Fiery Gizzard","35 14.456","-085 45.360","","","320068","1","35 14.456","-085 45.360","1690.0 ft","Public","138.1'","Clinometer/laser rangefinder/sine","","","","Multiple trunks","Elijah Whitcomb","2024-11-30","","N"
"American Beech","Fagus grandifolia","Tennessee","Hardin","Shiloh National Military Park/Cemetery","35 09.140","-088 19.225","","","298127","1","35 09.140","-088 19.225","410.0 ft","Public","125.3'","Clinometer/laser rangefinder/sine","7.3'","87''","","","Elijah Whitcomb","2023-07-08","","N"
"American Beech","Fagus grandifolia","Tennessee","Lauderdale","Fort Pillow State Historic Park","35 37.674","-089 50.430","","","320430","1","35 37.674","-089 50.430","335.0 ft","Public","121.1'","Clinometer/laser rangefinder/sine","8.8'","105''","","","Elijah Whitcomb","2024-12-14","","N"
"American Beech","Fagus grandifolia","Tennessee","Lauderdale","Fort Pillow State Historic Park","35 38.070","-089 51.125","","","320378","1","35 38.070","-089 51.125","385.0 ft","Public","123.1'","Clinometer/laser rangefinder/sine","8.5'","102''","","","Elijah Whitcomb","2024-12-14","","N"
"American Beech","Fagus grandifolia","Tennessee","Lauderdale","Fort Pillow State Historic Park","35 37.653","-089 51.016","","","320454","1","35 37.653","-089 51.016","430.0 ft","Public","129.0'","Clinometer/laser rangefinder/sine","11.0'","132''","","","Elijah Whitcomb","2024-12-14","","N"
"American Beech","Fagus grandifolia","Tennessee","Lauderdale","Fort Pillow State Historic Park","35 38.094","-089 50.768","","","320499","1","35 38.094","-089 50.768","385.0 ft","Public","132.2'","Clinometer/laser rangefinder/sine","9.8'","118''","","","Elijah Whitcomb","2024-12-14","","N"
"American Beech","Fagus grandifolia","Tennessee","Lawrence","David Crockett State Park","35 15.018","-087 20.985","","","312601","1","35 15.018","-087 20.985","885.0 ft","Public","98.9'","Clinometer/laser rangefinder/sine","6.2'","74''","","","Elijah Whitcomb","2023-11-18","","N"
"American Beech","Fagus grandifolia","Tennessee","Lawrence","David Crockett State Park","35 15.037","-087 21.157","","","312602","1","35 15.037","-087 21.157","895.0 ft","Public","113.5'","Clinometer/laser rangefinder/sine","6.6'","80''","","","Elijah Whitcomb","2023-11-18","","N"
"American Beech","Fagus grandifolia","Tennessee","Lawrence","David Crockett State Park","35 15.708","-087 22.027","","","312631","1","35 15.708","-087 22.027","940.0 ft","Public","116.0'","Clinometer/laser rangefinder/sine","8.3'","100''","","","Elijah Whitcomb","2023-11-18","","N"
"American Beech","Fagus grandifolia","Tennessee","Macon","Winding Stairs Park","36 31.086","-086 03.059","","","323384","1","36 31.086","-086 03.059","905.0 ft","Public","116.7'","Clinometer/laser rangefinder/sine","","","","","Elijah Whitcomb","2026-02-20","","N"
"American Beech","Fagus grandifolia","Tennessee","Montgomery","Dunbar Cave State Park","36 33.282","-087 18.446","","","323351","1","36 33.282","-087 18.446","540.0 ft","Public","111.4'","Clinometer/laser rangefinder/sine","9.0'","108''","","","Elijah Whitcomb","2025-12-13","","N"
"American Beech","Fagus grandifolia","Tennessee","Moore","Tim's Ford State Park","35 13.092","-086 14.581","","","315619","1","35 13.092","-086 14.581","985.0 ft","Public","111.7'","Clinometer/laser rangefinder/sine","6.8'","82''","","","Elijah Whitcomb","2024-04-07","","N"
"American Beech","Fagus grandifolia","Tennessee","Morgan","Frozen Head State Park","","","","","275111","1","","","","Public","119.2'","Clinometer/laser rangefinder/sine","","","","","Jess Riddle, Adam Mountain","2015-11-27","","N"
"American Beech","Fagus grandifolia","Tennessee","Morgan","Frozen Head State Park","","","","","323634","1","","","","Public","124.1'","Clinometer/laser rangefinder/sine","","","","","Elijah Whitcomb, Jess Riddle","2026-05-16","","N"
"American Beech","Fagus grandifolia","Tennessee","Morgan","Frozen Head State Park","","","","","275112","1","","","","Public","127.2'","Clinometer/laser rangefinder/sine","9.0'","108''","","","Jess Riddle, Adam Mountain","2015-11-27","","N"
"American Beech","Fagus grandifolia","Tennessee","Morgan","Frozen Head State Park","","","","","323707","1","","","","Public","131.5'","Clinometer/laser rangefinder/sine","6.9'","83''","","","Elijah Whitcomb, Jess Riddle","2026-05-16","","N"
"American Beech","Fagus grandifolia","Tennessee","Morgan","Frozen Head State Park","36 08.311","-084 28.326","","","323648","1","36 08.311","-084 28.326","1220.0 ft","Public","131.7'","Clinometer/laser rangefinder/sine","","","","","Elijah Whitcomb, Jess Riddle","2026-05-16","","N"
"American Beech","Fagus grandifolia","Tennessee","Morgan","Frozen Head State Park","36 09.619","-084 29.027","","","323732","1","36 09.619","-084 29.027","1520.0 ft","Public","133.5'","Clinometer/laser rangefinder/sine","7.9'","95''","","","Elijah Whitcomb, Jess Riddle","2026-05-16","","N"
"American Beech","Fagus grandifolia","Tennessee","Overton","Standing Stone State Park","36 27.655","-085 25.329","","","322657","1","36 27.655","-085 25.329","850.0 ft","Public","124.6'","Clinometer/laser rangefinder/sine","7.8'","93''","","","Elijah Whitcomb","2025-07-05","","N"
"American Beech","Fagus grandifolia","Tennessee","Scott","Big South Fork","36 35.354","-084 45.689","","","323482","1","36 35.354","-084 45.689","1320.0 ft","NPS","119.0'","Clinometer/laser rangefinder/sine","9.9'","119''","","","Elijah Whitcomb","2026-03-28","","N"
"American Beech","Fagus grandifolia","Tennessee","Scott","Big South Fork","36 27.129","-084 39.140","","","323557","1","36 27.129","-084 39.140","1205.0 ft","NPS","127.8'","Clinometer/laser rangefinder/sine","8.9'","107''","","","Elijah Whitcomb","2026-03-28","","N"
"American Beech","Fagus grandifolia","Tennessee","Scott","Big South Fork","36 34.976","-084 38.084","","","323586","1","36 34.976","-084 38.084","910.0 ft","NPS","129.4'","Clinometer/laser rangefinder/sine","8.4'","101''","","","Elijah Whitcomb","2026-03-28","","N"
"American Beech","Fagus grandifolia","Tennessee","Sevier","Bald Top Ridge","","","","","229700","1","","","","Public - national","126.6'","Clinometer/laser rangefinder/sine","12.7'","152''","","","Jess Riddle","2005-11-05","http%3A%2F%2Fnativetreesociety.org%2Ffieldtrips%2Fgsmnp%2Fbald_top_ridge.htm","N"
"American Beech","Fagus grandifolia","Tennessee","Sevier","Meigs Mountain Trail/Jakes Creek Connector","","","","","39605","1","","","","GSMNP Public","108.2'","Clinometer/laser rangefinder/sine","","","","","Brian Beduhn","2012-02-26","http%3A%2F%2Fwww.ents-bbs.org%2Fviewtopic.php%3Ff%3D74%26t%3D3753","N"
"American Beech","Fagus grandifolia","Tennessee","Shelby","Meeman-Shelby Forest State Park","35 21.729","-090 01.504","","","321826","1","35 21.729","-090 01.504","370.0 ft","Public","126.0'","Clinometer/laser rangefinder/sine","13.4'","161''","","","Elijah Whitcomb","2025-02-13","","N"
"American Beech","Fagus grandifolia","Tennessee","Shelby","Meeman-Shelby Forest State Park","35 21.918","-090 01.441","","","321828","1","35 21.918","-090 01.441","375.0 ft","Public","127.0'","Clinometer/laser rangefinder/sine","","","","","Elijah Whitcomb","2025-02-13","","N"
"American Beech","Fagus grandifolia","Tennessee","Shelby","Meeman-Shelby Forest State Park","35 21.932","-090 01.455","","","321827","1","35 21.932","-090 01.455","385.0 ft","Public","132.0'","Clinometer/laser rangefinder/sine","9.1'","109''","","","Elijah Whitcomb","2025-02-13","","N"
"American Beech","Fagus grandifolia","Tennessee","Shelby","Meeman-Shelby Forest State Park","35 21.807","-090 01.522","","","322018","1","35 21.807","-090 01.522","315.0 ft","Public","133.1'","Clinometer/laser rangefinder/sine","8.3'","100''","","","Elijah Whitcomb","2025-02-13","","N"
"American Beech","Fagus grandifolia","Tennessee","Shelby","T.O. Fuller State Park","35 03.789","-090 07.668","","","320784","1","35 03.789","-090 07.668","310.0 ft","Public","130.0'","Clinometer/laser rangefinder/sine","8.5'","102''","","","Elijah Whitcomb","2025-01-27","","N"
"American Beech","Fagus grandifolia","Tennessee","Stewart","Fort Donelson National Battlefield","36 29.010","-087 51.855","","","313516","1","36 29.010","-087 51.855","535.0 ft","Public","107.3'","Clinometer/laser rangefinder/sine","5.2'","62''","","","Elijah Whitcomb","2023-11-25","","N"
"American Beech","Fagus grandifolia","Tennessee","Stewart","Fort Donelson National Battlefield","36 29.350","-087 51.552","","","313556","1","36 29.350","-087 51.552","495.0 ft","Public","113.3'","Clinometer/laser rangefinder/sine","8.6'","103''","","","Elijah Whitcomb","2023-11-25","","N"
"American Beech","Fagus grandifolia","Tennessee","Van Buren","Fall Creek Falls State Resort Park","","","","","228845","1","","","","Public","127.3'","Clinometer/laser rangefinder/sine","8.0'","96''","","","Jess Riddle","2006-07-19","","N"
"American Beech","Fagus grandifolia","Tennessee","Van Buren","Fall Creek Falls State Resort Park","","","","","228846","1","","","","Public","127.6'","Clinometer/laser rangefinder/sine","10.3'","123''","","","Jess Riddle","2006-07-19","","N"
"American Beech","Fagus grandifolia","Tennessee","Van Buren","Fall Creek Falls State Resort Park","","","","","228847","1","","","","Public","131.7'","Clinometer/laser rangefinder/sine","8.3'","100''","","","Jess Riddle","2006-07-19","","N"
"American Beech","Fagus grandifolia","Tennessee","Van Buren","Fall Creek Falls State Resort Park","","","","","257684","1","","","","Public","135.0'","Clinometer/laser rangefinder/sine","7.6'","91''","","","Elijah Whitcomb","2021-10-23","","N"
"American Beech","Fagus grandifolia","Tennessee","Van Buren","Fall Creek Falls State Resort Park","35 40.259","-085 21.308","","","257627","1","35 40.259","-085 21.308","1295.0 ft","Public","135.6'","Clinometer/laser rangefinder/sine","11.4'","136''","","","Elijah Whitcomb","2021-10-23","","N"
"American Beech","Fagus grandifolia","Tennessee","Van Buren","Fall Creek Falls State Resort Park","","","","","228848","1","","","","Public","136.3'","Clinometer/laser rangefinder/sine","10.2'","122''","","","Jess Riddle","2006-07-19","","N"
"American Beech","Fagus grandifolia","Tennessee","Van Buren","Fall Creek Falls State Resort Park","35 40.622","-085 21.720","","","257645","1","35 40.622","-085 21.720","1315.0 ft","Public","137.3'","Clinometer/laser rangefinder/sine","7.5'","90''","","","Elijah Whitcomb","2021-10-23","","N"
"American Beech","Fagus grandifolia","Tennessee","Warren","Rock Island State Park","35 48.898","-085 39.066","","","314522","1","35 48.898","-085 39.066","805.0 ft","Public","126.2'","Clinometer/laser rangefinder/sine","9.9'","119''","","","Elijah Whitcomb","2023-12-30","","N"
"American Beech","Fagus grandifolia","Virginia","Alexandria","Holmes Run","","","","","48271","1","","","","Public - City Park","90.0'","Clinometer/laser rangefinder/sine","6.4'","77''","","","Howard Stoner","2005-02-21","","N"
"American Beech","Fagus grandifolia","Virginia","Fairfax","Scotts Run Nature Preserve","","","Preserve managed by staff of Riverbend Park","","49607","1","","","","Public - County","118.5'","Clinometer/laser rangefinder/sine","0.3'","3''","","","Darian Copiz","2011-03-02","","N"
"American Beech","Fagus grandifolia","Virginia","Fairfax","Turkey Run Park","","","Part of George Washington Memorial Parkway.","","168530","1","","","","Public-federal.","104.8'","Clinometer/laser rangefinder/sine","10.8'","130''","","","Darian Copiz","2017-03-17","http%3A%2F%2Fwww.ents-bbs.org%2Fviewtopic.php%3Ff%3D128%26t%3D7961","N"
"American Beech","Fagus grandifolia","Virginia","Fairfax","Turkey Run Park","","","Part of George Washington Memorial Parkway.","","168532","1","","","","Public-federal.","124.0'","Clinometer/laser rangefinder/sine","12.1'","145''","","","Darian Copiz","2017-03-17","http%3A%2F%2Fwww.ents-bbs.org%2Fviewtopic.php%3Ff%3D128%26t%3D7961","N"
"American Beech","Fagus grandifolia","Virginia","Fairfax","Turkey Run Park","","","Part of George Washington Memorial Parkway.","","168529","1","","","","Public-federal.","131.3'","Clinometer/laser rangefinder/sine","8.4'","101''","","","Darian Copiz","2017-03-17","http%3A%2F%2Fwww.ents-bbs.org%2Fviewtopic.php%3Ff%3D128%26t%3D7961","N"
"American Beech","Fagus grandifolia","Virginia","James City","Carter's Grove Plantation","37 12.715","-076 37.547","","","47495","1","37 12.715","-076 37.547","60.0 ft","Private","98.4'","Clinometer/laser rangefinder/sine","7.3'","88''","","","Colby Rucker","2002-07-15","","N"
"American Beech","Fagus grandifolia","Virginia","King George","Caledon State Park","","","This is only the largest of measurements made between 12/19/2014 and 3/15/2015.","","127954","1","","","","Public - State Park","122.0'","Clinometer/laser rangefinder/sine","10.7'","128''","","","Darian Copiz","2015-11-11","http%3A%2F%2Fwww.ents-bbs.org%2Fviewtopic.php%3Ff%3D128%26t%3D7329%23p35015","N"
"American Beech","Fagus grandifolia","Virginia","King George","Caledon State Park","","","This is only the largest of measurements made between 12/19/2014 and 3/15/2015.","","127944","1","","","","Public - State Park","125.6'","Clinometer/laser rangefinder/sine","11.4'","137''","","","Darian Copiz","2015-11-11","http%3A%2F%2Fwww.ents-bbs.org%2Fviewtopic.php%3Ff%3D128%26t%3D7329%23p35015","N"
"American Beech","Fagus grandifolia","Virginia","King George","Caledon State Park","","","This is only the largest of measurements made between 12/19/2014 and 3/15/2015.","","127934","1","","","","Public - State Park","129.1'","Clinometer/laser rangefinder/sine","8.8'","105''","","","Darian Copiz","2015-11-11","http%3A%2F%2Fwww.ents-bbs.org%2Fviewtopic.php%3Ff%3D128%26t%3D7329%23p35015","N"
"American Beech","Fagus grandifolia","Virginia","Orange","Montpelier Estate Landmark Forest","","","","","199208","1","","","","Private","125.2'","Clinometer/laser rangefinder/sine","5.4'","65''","","","Elijah Whitcomb","2019-12-12","","N"
"American Beech","Fagus grandifolia","West Virginia","54 Counties","West Virginia Historical Trees","39 17.334","-077 51.372","Trees that have died or been removed.This is a State wide listing except for Wood County which is in a separate list.
All heights determined by Sine method  with laser/inclinometer. Some trees have height missing because it was never taken or the Sine method was not used. These trees were mostly measured 2008 and before.","","312050","1","39 17.334","-077 51.372","420.0 ft","Public and Private","91.2'","Clinometer/laser rangefinder/sine","12.8'","153''","81.8'","Last measured by J. Bowen 2010.
Tree was located on property of Zion Episcopal Church in Charles Town, Jefferson County.","Various Various","1963-01-01","","N"
"American Beech","Fagus grandifolia","West Virginia","54 Counties","West Virginia Single Tree Sites","39 32.078","-080 01.517","Wood County is listed separately.
Most measuremens made before 2010 do not include height because the the methods used from 1963 thrue 2009 were very inaccurate.","","313068","1","39 32.078","-080 01.517","","Private & Publc","83.0'","Clinometer/laser rangefinder/sine","14.8'","178''","","Tree is in Monongalia County and measured by B. Hannah, J. Wildman in 2009","Various Various","1963-01-01","","N"
"American Beech","Fagus grandifolia","West Virginia","54 Counties","West Virginia Single Tree Sites","37 34.140","-080 52.197","Wood County is listed separately.
Most measuremens made before 2010 do not include height because the the methods used from 1963 thrue 2009 were very inaccurate.","","313183","1","37 34.140","-080 52.197","1560.0 ft","Private & Publc","112.8'","Clinometer/laser rangefinder/sine","13.0'","156''","134.0'","Located on US Corps of Engineers land leased to the Bluestone Camp and Retreat near Bellepoint, Summers County.
Measured by T.Sharp 4/21/2018.
Crown spread is an average of two axis method. Height and crown spread are Not Less Than (NLT)","Various Various","1963-01-01","","N"
"American Beech","Fagus grandifolia","West Virginia","Fayette","Ansted Rail Trail","","","","","141340","1","","","800.0 ft","Public - City of Ansted","111.8'","Clinometer/laser rangefinder/sine","","","","","Turner Sharp","2012-03-25","http%3A%2F%2Fwww.ents-bbs.org%2Fviewtopic.php%3Ff%3D131%26t%3D4282","N"
"American Beech","Fagus grandifolia","West Virginia","Fayette","Coal Run","38 00.435","-081 01.512","Located in New River Gorge Park & Preserve near Cunard, WV.  72,800 acres.","","296175","2","38 00.435","-081 01.512","","Public - federal","88.7'","Clinometer/laser rangefinder/sine","14.6'","175''","114.0'","","Mat Bailey, Larry Stapleton, Turner Sharp","2023-05-16","","N"
"American Beech","Fagus grandifolia","West Virginia","Fayette","Red Ash Island","37 57.873","-081 01.452","Only an island at very high water.","","297269","1","37 57.873","-081 01.452","","Public","98.4'","Clinometer/laser rangefinder/sine","8.1'","97''","","Tree is at the cemetery","Turner Sharp","2014-12-30","http%3A%2F%2Fwww.ents-bbs.org%2Fviewtopic.php%3Ff%3D131%26t%3D7046","N"
"American Beech","Fagus grandifolia","West Virginia","Fayette","Red Ash Island","37 57.720","-081 01.557","Only an island at very high water.","","297274","1","37 57.720","-081 01.557","","Public","107.0'","Clinometer/laser rangefinder/sine","11.1'","133''","","","Turner Sharp","2014-12-30","http%3A%2F%2Fwww.ents-bbs.org%2Fviewtopic.php%3Ff%3D131%26t%3D7046","N"
"American Beech","Fagus grandifolia","West Virginia","Jackson","Roane-Jackson Vo-Tech School Wood Lot","","","","","167294","1","","","","Public","100.7'","Clinometer/laser rangefinder/sine","6.9'","83''","","","Turner Sharp, John Ficthner","2010-11-18","","N"
"American Beech","Fagus grandifolia","West Virginia","Kanawha","Forks Of Coal State Natural Area","38 16.010","-081 47.657","100 Acres adjacent to the confluence of the Big Coal and Little Coal Rivers","","186180","1","38 16.010","-081 47.657","","Public - state","79.6'","Clinometer/laser rangefinder/sine","6.3'","75''","","","Turner Sharp","2019-02-25","","N"
"American Beech","Fagus grandifolia","West Virginia","Kanawha","Sunrise Carriage Trail","","","","","141579","1","","","810.0 ft","Public- City","106.5'","Clinometer/laser rangefinder/sine","","","","","Turner Sharp","2014-03-13","http%3A%2F%2Fwww.ents-bbs.org%2Fviewtopic.php%3Ff%3D131%26t%3D6336","N"
"American Beech","Fagus grandifolia","West Virginia","Kanawha","Sunrise Carriage Trail","","","","","141580","1","","","810.0 ft","Public- City","118.1'","Clinometer/laser rangefinder/sine","","","","","Turner Sharp","2014-03-13","http%3A%2F%2Fwww.ents-bbs.org%2Fviewtopic.php%3Ff%3D131%26t%3D6336","N"
"American Beech","Fagus grandifolia","West Virginia","Kanawha","Sunrise Carriage Trail","38 20.702","-081 38.384","","","141552","1","38 20.702","-081 38.384","650.0 ft","Public- City","118.7'","Clinometer/laser rangefinder/sine","9.4'","113''","82.0'","crown Spread is maximum, average is 71.5'","Turner Sharp","2014-03-13","http%3A%2F%2Fwww.ents-bbs.org%2Fviewtopic.php%3Ff%3D131%26t%3D6336","N"
"American Beech","Fagus grandifolia","West Virginia","Lewis","Alum Bridge","","","","","137203","1","","","","Private","103.4'","Clinometer/laser rangefinder/sine","7.5'","90''","","","Carl Harting, Anthony Kelly, Russ Richardson","2006-03-25","http%3A%2F%2Fwww.nativetreesociety.org%2Ffieldtrips%2Fwest_virginia%2Fwiden%2Fwest_virginia_foray.htm","N"
"American Beech","Fagus grandifolia","West Virginia","Nicholas","Panther Mountain Road","","","","","235876","1","","","1440.0 ft","Public - national recreational area","83.1'","Clinometer/laser rangefinder/sine","6.8'","82''","","","Turner Sharp","2011-10-16","","N"
"American Beech","Fagus grandifolia","West Virginia","Nicholas","Panther Mountain Road","","","","","297262","1","","","1400.0 ft","Public - national recreational area","102.1'","Clinometer/laser rangefinder/sine","4.4'","53''","","","Turner Sharp","2011-10-10","","N"
"American Beech","Fagus grandifolia","West Virginia","Nicholas","Widen","","","","","84358","1","","","","Private","129.0'","Clinometer/laser rangefinder/sine","8.4'","101''","","","Carl Harting, Anthony Kelly, Russ Richardson","2006-03-26","","N"
"American Beech","Fagus grandifolia","West Virginia","Preston","Cathedral State Park","","","","","137230","1","","","2560.0 ft","Public - State Park","101.6'","Clinometer/laser rangefinder/sine","7.5'","90''","","","Dale Luthringer","2003-09-26","http%3A%2F%2Fwww.nativetreesociety.org%2Ffieldtrips%2Fwest_virginia%2Fcathedral_state_park.htm","N"
"American Beech","Fagus grandifolia","West Virginia","Raleigh","Glade Creek","","","","","297889","1","","","","Public - federal","77.3'","Clinometer/laser rangefinder/sine","","","","","Turner Sharp","2015-11-27","","N"
"American Beech","Fagus grandifolia","West Virginia","Ritchie","Giant Tree Trail","39 13.539","-081 06.662","","","97013","2","39 13.539","-081 06.662","720.0 ft","Public- State Park","99.0'","Clinometer/laser rangefinder/sine","8.3'","100''","","","Turner Sharp, Ken Zebo, Turner Sharp, William Sharp","2015-04-01","","N"
"American Beech","Fagus grandifolia","West Virginia","Ritchie","Giant Tree Trail","","","","","153745","1","","","750.0 ft","Public- State Park","113.3'","Clinometer/laser rangefinder/sine","6.4'","77''","","","Turner Sharp, William Sharp","2009-04-09","","N"
"American Beech","Fagus grandifolia","West Virginia","Ritchie","Murphy Preserve - South Tract","","","GPS coordinates are at the mouth of the hollow along Bunnell Run Road.","","167545","1","","","","Private - Nature Conservacy","107.5'","Clinometer/laser rangefinder/sine","6.3'","76''","","","Turner Sharp","2011-04-13","http%3A%2F%2Fwww.ents-bbs.org%2Fviewtopic.php%3Ff%3D131%26t%3D2700","N"
"American Beech","Fagus grandifolia","West Virginia","Webster","Holly River State Park","","","","","166993","1","","","1750.0 ft","Public","124.0'","Clinometer/laser rangefinder/sine","6.9'","83''","","","Will Blozan, Jess Riddle","2007-04-12","","N"
"American Beech","Fagus grandifolia","West Virginia","Webster","Laurel Fork - Holly River SP","","","","","163286","1","","","1640.0 ft","Public - State","107.4'","Clinometer/laser rangefinder/sine","","","","","Turner Sharp","2016-04-05","http%3A%2F%2Fwww.ents-bbs.org%2Fviewtopic.php%3Ff%3D131%26t%3D7724","N"
"American Beech","Fagus grandifolia","West Virginia","Wood","Henderson Hall Plantation","","","All Ash found in this stand in 2012 is now dead standing or on the ground.","","271835","1","","","680.0 ft","Private","85.0'","Clinometer/laser rangefinder/sine","","","","On bluff over ravine, difficult to take girth.","Turner Sharp","2012-11-20","","N"
"American Beech","Fagus grandifolia","West Virginia","Wood","Henderson Hall Plantation","","","All Ash found in this stand in 2012 is now dead standing or on the ground.","","271820","1","","","640.0 ft","Private","98.5'","Clinometer/laser rangefinder/sine","6.3'","76''","","","Turner Sharp","2012-11-20","","N"
"American Beech","Fagus grandifolia","West Virginia","Wood","J. T. J Preserve - Upland Site","","","","","272782","1","","","620.0 ft","Public - city","","Clinometer/laser rangefinder/sine","2.5'","30''","","","Turner Sharp","2016-11-26","","N"
"American Beech","Fagus grandifolia","West Virginia","Wood","Martin Tract","39 23.447","-081 27.930","","","272888","1","39 23.447","-081 27.930","","Private","99.1'","Clinometer/laser rangefinder/sine","7.7'","92''","","","Turner Sharp, Bill Schleier","2018-03-15","http%3A%2F%2Fwww.ents-bbs.org%2Fviewtopic.php%3Ff%3D131%26t%3D8282","N"
"American Beech","Fagus grandifolia","West Virginia","Wood","Martin Tract","39 23.498","-081 27.943","","","160916","2","39 23.498","-081 27.943","620.0 ft","Private","102.7'","Clinometer/laser rangefinder/sine","10.9'","131''","","","Turner Sharp, Turner Sharp, Bill Schleier","2018-03-15","http%3A%2F%2Fwww.ents-bbs.org%2Fviewtopic.php%3Ff%3D131%26t%3D8282","N"
"American Beech","Fagus grandifolia","West Virginia","Wood","Oakwood","","","","","291300","1","","","640.0 ft","Private","68.2'","Clinometer/laser rangefinder/sine","9.8'","118''","","","Turner Sharp","2013-04-03","","N"
"American Beech","Fagus grandifolia","West Virginia","Wood","Willowbrook Ravine","","","","","292472","1","","","660.0 ft","Private","","Clinometer/laser rangefinder/sine","6.7'","80''","","","Turner Sharp","2012-01-07","","N"
"American Beech","Fagus grandifolia","West Virginia","Wood","Willowbrook Ravine","","","","","292473","1","","","660.0 ft","Private","","Clinometer/laser rangefinder/sine","6.5'","78''","","","Turner Sharp","2012-01-07","","N"
"American Beech","Fagus grandifolia","West Virginia","Wood","Willowbrook Ravine","","","","","292475","1","","","660.0 ft","Private","","Clinometer/laser rangefinder/sine","6.8'","81''","","","Turner Sharp","2012-01-07","","N"
"American Beech","Fagus grandifolia","West Virginia","Wood","Willowbrook Ravine","","","","","292483","1","","","660.0 ft","Private","107.9'","Clinometer/laser rangefinder/sine","11.2'","134''","","","Turner Sharp","2012-01-07","","N"
"American Beech","Fagus grandifolia","West Virginia","Wood","Willowbrook Ravine","","","","","292488","1","","","660.0 ft","Private","113.4'","Clinometer/laser rangefinder/sine","7.9'","95''","","","Turner Sharp","2012-01-07","","N"
"American Beech","Fagus grandifolia","West Virginia","Wood","Willowbrook Ravine","","","","","292479","1","","","660.0 ft","Private","113.6'","Clinometer/laser rangefinder/sine","10.7'","129''","","","Turner Sharp","2012-01-07","","N"
"American Beech","Fagus grandifolia","West Virginia","Wood","Willowbrook Ravine","39 17.923","-081 32.585","","","292474","1","39 17.923","-081 32.585","660.0 ft","Private","114.1'","Clinometer/laser rangefinder/sine","9.7'","116''","44.0'","Tree is on steep slope hehind house on 11 Willowbrook Lane. Cr spread is an average of the two axis method.","Turner Sharp","2012-01-07","","N"
"American Beech","Fagus grandifolia","West Virginia","Wood","Wood County Historical Trees","39 15.845","-081 31.654","Trees that have died or been removed for various reasons,
Trees measured before 2009 may not hav height listed either because it was not measured or used a method that was hifgly inaccurate.","","315264","1","39 15.845","-081 31.654","","Public and Private","71.0'","Clinometer/laser rangefinder/sine","8.8'","105''","55.0'","Last measured 2008 by T. Sharp..
Tree died and was removed 2013.
Tree was located at 407 Eastlawn Avenue, Parkersburg.","Turner Sharp","2000-01-01","","N"
"American Beech","Fagus grandifolia","West Virginia","Wood","Wood County Historical Trees","39 15.063","-081 33.483","Trees that have died or been removed for various reasons,
Trees measured before 2009 may not hav height listed either because it was not measured or used a method that was hifgly inaccurate.","","315263","1","39 15.063","-081 33.483","","Public and Private","85.0'","Clinometer/laser rangefinder/sine","11.4'","137''","74.0'","Last measured 3/2011 by T. Sharp.
Tree uprooted and removed 10/2011.
Tree was located at 1630 8th Avenue, Parkersburg, WV on church property.","Turner Sharp","2000-01-01","","N"
"American Beech","Fagus grandifolia","West Virginia","Wood","Wood County Single Tree Sites","39 16.649","-081 31.073","includes the incorporated cities of Parkersburg, Vienna, Williamstown and North Hills.
Most measurements made before 2010 do not list a height because methods used to determine height   prior to 2010 were inaccurate,","","314923","1","39 16.649","-081 31.073","610.0 ft","Public and private","75.2'","Clinometer/laser rangefinder/sine","12.4'","149''","90.2'","","Turner Sharp","2000-01-01","","N"
"American Beech","Fagus grandifolia","West Virginia","Wood","Wood County Single Tree Sites","39 16.302","-081 33.315","includes the incorporated cities of Parkersburg, Vienna, Williamstown and North Hills.
Most measurements made before 2010 do not list a height because methods used to determine height   prior to 2010 were inaccurate,","","314962","1","39 16.302","-081 33.315","","Public and private","79.4'","Clinometer/laser rangefinder/sine","10.9'","131''","89.0'","Tree in backyard patio at 1117 Juliana Street, Parkersburg. Measured by T.Sharp 2014.","Turner Sharp","2000-01-01","","N"
"American Beech","Fagus grandifolia","West Virginia","Wood - City Of Parkersburg","Mt. Olivet Cemetery Woodland","","","The cemetery is open to the public but permission must be obtained to access the woodland area.","","271759","1","","","660.0 ft","Private","101.8'","Clinometer/laser rangefinder/sine","8.3'","100''","","","Turner Sharp","2012-11-30","http%3A%2F%2Fwww.ents-bbs.org%2Fviewtopic.php%3Ff%3D131%26t%3D5545","N"
"American Beech","Fagus grandifolia","West Virginia","Wood - City Of Parkersburg","Mt. Olivet Cemetery Woodland","","","The cemetery is open to the public but permission must be obtained to access the woodland area.","","271765","1","","","660.0 ft","Private","107.7'","Clinometer/laser rangefinder/sine","9.8'","118''","","","Turner Sharp","2012-11-30","http%3A%2F%2Fwww.ents-bbs.org%2Fviewtopic.php%3Ff%3D131%26t%3D5545","N"
"American Beech","Fagus grandifolia","West Virginia","Wood - City Of Parkersburg","Mt. Olivet Cemetery Woodland","","","The cemetery is open to the public but permission must be obtained to access the woodland area.","","271763","1","","","660.0 ft","Private","109.2'","Clinometer/laser rangefinder/sine","8.8'","106''","","","Turner Sharp","2012-11-30","http%3A%2F%2Fwww.ents-bbs.org%2Fviewtopic.php%3Ff%3D131%26t%3D5545","N"
"American Beech","Fagus grandifolia","West Virginia","Wood County","Mcdonough Wildlife Preserve","","","Trees measured were on north facing slope below the Main Loop Trail","","296156","1","","","","Public- City Owned","101.6'","Clinometer/laser rangefinder/sine","6.1'","73''","","","Turner Sharp","2009-03-09","http%3A%2F%2Fwww.nativetreesociety.org%2Ffieldtrips%2Fwest_virginia%2Fmcdonough.htm","N"
"American Beech","Fagus grandifolia","West Virginia","Wood County - City Of Parkersburg","Stern Tract - Upland","","","","","167556","1","","","","Private","87.3'","Clinometer/laser rangefinder/sine","6.7'","80''","","","Turner Sharp","2014-11-29","","N"