"Common Name","Botanical Name","State","County","Site","Site Latitude","Site Longitude","Location comments","Tree name","Tree id","Measurement number","Latitude","Longitude","Elevation","Ownership type","Height (ft)","Height measurement method","Girth (ft)","Girth (in)","Crown spread (ft)","Tree comments","Measurer(s)","Measured","Trip report url","Photos available"
"White Ash","Fraxinus americana","Arkansas","Ashley","Beech Creek In Overflow National Wildlife Refuge","","","12,247 Acres in the Overlow National Wildlife Refuge.
239 Acres tract along Beech Creek featuring mature Sugar Maple and Beech","","243101","1","","","","Public - federal","113.6'","Clinometer/laser rangefinder/sine","6.1'","73''","","","Jess Riddle","2014-07-04","http%3A%2F%2Fwww.ents-bbs.org%2Fviewtopic.php%3Ff%3D67%26t%3D6434%26sid%3Dc7b0c51175f428387223b27bc9c22940%23p29208","N"
"White Ash","Fraxinus americana","Arkansas","Desha","Site 1 Southeastern Arkansas","","","Location of tract not disclosed. Map shows a random sourheastern location.","","241647","1","","","","Private","128.2'","Clinometer/laser rangefinder/sine","8.8'","106''","","","Jess Riddle","2014-09-18","http%3A%2F%2Fwww.ents-bbs.org%2Fviewtopic.php%3Ff%3D67%26t%3D6614%26sid%3D596b9f0b2b841094df15d50f2ae05a58","N"
"White Ash","Fraxinus americana","District of Columbia","District Of Columbia","Glover - Archbold Park","","","This park is administered by the the NPS Rock Creek
Park staff","","76125","1","","","200.0 ft","Public - National Park","118.4'","Clinometer/laser rangefinder/sine","7.5'","90''","","","Will Blozan, Darian Copiz, Gaines Mcmartin","2008-10-24","","N"
"White Ash","Fraxinus americana","District of Columbia","District Of Columbia","Potomac Palisades","","","This a lineal park stretching 185 miles along the Potomac River from Georgetown, DC to Cumberland, MD","","175032","1","","","","Public - federal","115.8'","Clinometer/laser rangefinder/sine","9.9'","119''","","","Darian Copiz","2015-03-15","http%3A%2F%2Fwww.ents-bbs.org%2Fviewtopic.php%3Ff%3D130%26t%3D7218","N"
"White Ash","Fraxinus americana","District of Columbia","District Of Columbia","Trees Near Roadways And Parking Lots (Rock Creek Park)","","","","","126761","1","","","200.0 ft","Public - National Park","126.3'","Clinometer/laser rangefinder/sine","10.2'","122''","","","Will Blozan","2005-01-01","http%3A%2F%2Fwww.nativetreesociety.org%2Ffieldtrips%2Fwashington_dc%2Frock_creek_park.htm","N"
"White Ash","Fraxinus americana","Delaware","New Castle","Brandywine Creek State Park","","","","","142946","1","","","","State","129.5'","Clinometer/laser rangefinder/sine","11.2'","134''","","Within Tulip Tree Woods Preserve.","George Fieo","2011-01-09","","N"
"White Ash","Fraxinus americana","Delaware","New Castle","Brandywine Creek State Park","","","","","142947","1","","","","State","140.1'","Clinometer/laser rangefinder/sine","6.3'","76''","","","George Fieo","2011-01-09","","N"
"White Ash","Fraxinus americana","Delaware","New Castle","Brandywine Creek State Park","","","","","142948","1","","","","State","142.9'","Clinometer/laser rangefinder/sine","11.3'","136''","","","George Fieo","2011-01-09","","N"
"White Ash","Fraxinus americana","Delaware","New Castle","Brandywine Creek State Park","","","","","142949","1","","","","State","147.4'","Clinometer/laser rangefinder/sine","8.8'","106''","","","George Fieo","2011-01-09","","N"
"White Ash","Fraxinus americana","Delaware","New Castle","Brandywine Creek State Park","","","","","142950","1","","","","State","147.5'","Clinometer/laser rangefinder/sine","9.6'","115''","","","George Fieo","2011-01-09","","N"
"White Ash","Fraxinus americana","Delaware","New Castle","Brandywine Creek State Park","","","","","142951","1","","","","State","148.7'","Clinometer/laser rangefinder/sine","11.0'","132''","","","George Fieo","2011-01-09","","N"
"White Ash","Fraxinus americana","Delaware","New Castle","First State National Historical Park","","","This historical park incorporates many historical sites throughout Delaware. It also includes about 1,100 acres of woodland along Brandywine River with 200 acres of these acres being in Pennsylvania.","","232166","1","","","","Public - federal","104.9'","Clinometer/laser rangefinder/sine","12.6'","151''","","","George Fieo","2014-10-25","http%3A%2F%2Fwww.ents-bbs.org%2Fviewtopic.php%3Ff%3D71%26t%3D8643%26sid%3D3fdcc58b0d25adce7768d60248ada623","N"
"White Ash","Fraxinus americana","Delaware","New Castle","First State National Historical Park","","","This historical park incorporates many historical sites throughout Delaware. It also includes about 1,100 acres of woodland along Brandywine River with 200 acres of these acres being in Pennsylvania.","","232167","1","","","","Public - federal","120.0'","Clinometer/laser rangefinder/sine","10.2'","122''","","","George Fieo","2014-10-25","http%3A%2F%2Fwww.ents-bbs.org%2Fviewtopic.php%3Ff%3D71%26t%3D8643%26sid%3D3fdcc58b0d25adce7768d60248ada623","N"
"White Ash","Fraxinus americana","Delaware","New Castle","First State National Historical Park","","","This historical park incorporates many historical sites throughout Delaware. It also includes about 1,100 acres of woodland along Brandywine River with 200 acres of these acres being in Pennsylvania.","","232168","1","","","","Public - federal","126.5'","Clinometer/laser rangefinder/sine","7.2'","86''","","","George Fieo","2014-10-25","http%3A%2F%2Fwww.ents-bbs.org%2Fviewtopic.php%3Ff%3D71%26t%3D8643%26sid%3D3fdcc58b0d25adce7768d60248ada623","N"
"White Ash","Fraxinus americana","Delaware","New Castle","First State National Historical Park","","","This historical park incorporates many historical sites throughout Delaware. It also includes about 1,100 acres of woodland along Brandywine River with 200 acres of these acres being in Pennsylvania.","","232169","1","","","","Public - federal","126.9'","Clinometer/laser rangefinder/sine","6.7'","80''","","","George Fieo","2014-10-25","http%3A%2F%2Fwww.ents-bbs.org%2Fviewtopic.php%3Ff%3D71%26t%3D8643%26sid%3D3fdcc58b0d25adce7768d60248ada623","N"
"White Ash","Fraxinus americana","Delaware","New Castle","First State National Historical Park","","","This historical park incorporates many historical sites throughout Delaware. It also includes about 1,100 acres of woodland along Brandywine River with 200 acres of these acres being in Pennsylvania.","","232170","1","","","","Public - federal","128.8'","Clinometer/laser rangefinder/sine","8.8'","106''","","","George Fieo","2014-10-25","http%3A%2F%2Fwww.ents-bbs.org%2Fviewtopic.php%3Ff%3D71%26t%3D8643%26sid%3D3fdcc58b0d25adce7768d60248ada623","N"
"White Ash","Fraxinus americana","Delaware","New Castle","First State National Historical Park","","","This historical park incorporates many historical sites throughout Delaware. It also includes about 1,100 acres of woodland along Brandywine River with 200 acres of these acres being in Pennsylvania.","","232171","1","","","","Public - federal","131.6'","Clinometer/laser rangefinder/sine","8.1'","97''","","","George Fieo","2014-10-25","http%3A%2F%2Fwww.ents-bbs.org%2Fviewtopic.php%3Ff%3D71%26t%3D8643%26sid%3D3fdcc58b0d25adce7768d60248ada623","N"
"White Ash","Fraxinus americana","Delaware","New Castle","Hagley Museum","39 46.457","-075 34.715","Site of the original Dupont Powder Works along Brandywine Creek","","75449","1","39 46.457","-075 34.715","","Private","136.2'","Clinometer/laser rangefinder/sine","13.8'","166''","","","Scott Wade, Meg Varnes","2007-02-21","http%3A%2F%2Fwww.nativetreesociety.org%2Ffieldtrips%2Fdelaware%2Frockwood%2Fdelaware_trees.htm","N"
"White Ash","Fraxinus americana","Delaware","New Castle","Winterthur","","","","","140155","1","","","","Private","118.2'","Clinometer/laser rangefinder/sine","1.5'","19''","","","Will Blozan, George Fieo, Scott Wade","2010-09-10","http%3A%2F%2Fwww.ents-bbs.org%2Fviewtopic.php%3Ff%3D71%26t%3D6420%23p29114","N"
"White Ash","Fraxinus americana","Georgia","Fannin","Flat Top Mountain","","","","","281417","1","","","","Public - federal","137.4'","Clinometer/laser rangefinder/sine","7.6'","91''","","","Jess Riddle","2005-06-30","http%3A%2F%2Fwww.nativetreesociety.org%2Ffieldtrips%2Fgeorgia%2Fflat_top_mountain.htm","N"
"White Ash","Fraxinus americana","Georgia","Murray","Cohutta Wilderness","","","","","234382","1","","","","Public - federal","","Clinometer/laser rangefinder/sine","8.8'","105''","","","Jess Riddle","2005-03-05","http%3A%2F%2Fwww.nativetreesociety.org%2Ffieldtrips%2Fgeorgia%2Fcohutta_wilderness_area_ga.htm","N"
"White Ash","Fraxinus americana","Georgia","Murray","Cohutta Wilderness","","","","","234930","1","","","","Public - federal","128.0'","Clinometer/laser rangefinder/sine","6.8'","81''","","","Jess Riddle","2005-06-09","http%3A%2F%2Fwww.nativetreesociety.org%2Ffieldtrips%2Fgeorgia%2Fcohutta_wilderness_area_ga.htm","N"
"White Ash","Fraxinus americana","Georgia","Rabun","Southern Nantahala Wilderness Area","","","11,663 acres in Georgia on Chattaloochee National Forest
11,732 acres in North Carolina on Nantahala National Forest","","234409","1","","","","Public - federal","122.7'","Clinometer/laser rangefinder/sine","12.0'","144''","","","Jess Riddle, Doug Riddle","2007-01-30","http%3A%2F%2Fwww.nativetreesociety.org%2Ffieldtrips%2Fnorth_carolina%2Fsouthern_nantahala_wilderness.htm","N"
"White Ash","Fraxinus americana","Georgia","Rabun","Upper Tallulah River","","","","","249619","1","","","","Public - federal","134.6'","Clinometer/laser rangefinder/sine","7.5'","90''","","","Jess Riddle, Doug Riddle","2014-09-03","http%3A%2F%2Fwww.ents-bbs.org%2Fviewtopic.php%3Ff%3D73%26t%3D6494%26sid%3D6744f533e0a6b584a1da3c0e88b3e7de%23p29580","N"
"White Ash","Fraxinus americana","Georgia","Stephens","Panther Creek","","","","","234520","1","","","","Public - federal","","Clinometer/laser rangefinder/sine","8.7'","104''","","","Jess Riddle, Doug Riddle","2002-04-01","http%3A%2F%2Fwww.ents-bbs.org%2Fviewtopic.php%3Ff%3D73%26t%3D3469%26sid%3Da73770c2b894b38da07dbd9d5b148ced","N"
"White Ash","Fraxinus americana","Georgia","Stephens","Panther Creek","","","","","249204","1","","","","Public - federal","138.3'","Clinometer/laser rangefinder/sine","8.2'","98''","","","Jess Riddle, Doug Riddle","2011-12-29","http%3A%2F%2Fwww.ents-bbs.org%2Fviewtopic.php%3Ff%3D73%26t%3D3469%26sid%3Da73770c2b894b38da07dbd9d5b148ced","N"
"White Ash","Fraxinus americana","Georgia","White","Spoilcane Creek","","","","","249294","1","","","","Public - federal","130.2'","Clinometer/laser rangefinder/sine","7.2'","86''","","","Jess Riddle","2012-01-06","http%3A%2F%2Fwww.ents-bbs.org%2Fviewtopic.php%3Ff%3D73%26t%3D3514%26sid%3Da73770c2b894b38da07dbd9d5b148ced","N"
"White Ash","Fraxinus americana","Iowa","Clayton","Merritt Forest State Preserve","","","20 Acres","","233677","1","","","","Public - state","113.0'","Clinometer/laser rangefinder/sine","","","","Tree length measured while dead and on the ground.","Mark Rouw","2012-01-08","http%3A%2F%2Fwww.ents-bbs.org%2Fviewtopic.php%3Ff%3D80%26t%3D3697%26sid%3Dcf2621e212ab00aef5417c991313897f%23p15194","N"
"White Ash","Fraxinus americana","Indiana","Monroe","Dunn's Woods","","","Originally a 20 acre tract reduced to 10 acres by campus buildings.","","169757","1","","","","Public-state","105.9'","Clinometer/laser rangefinder/sine","5.8'","70''","","","John Eichholz","2010-06-10","http%3A%2F%2Fwww.ents-bbs.org%2Fviewtopic.php%3Ff%3D79%26t%3D917%23p3154","N"
"White Ash","Fraxinus americana","Indiana","Orange","Pioneer Mother's Memorial Forest","","","Near Paoli, Indiana
88 Acres","","169940","1","","","","Public - federal","135.0'","Clinometer/laser rangefinder/sine","10.9'","131''","","","Mark Rouw","2015-02-14","http%3A%2F%2Fwww.ents-bbs.org%2Fviewtopic.php%3Ff%3D79%26t%3D6897","N"
"White Ash","Fraxinus americana","Kentucky","Mccreary","Along The Cumberland River","","","","","76415","1","","","","Public - National Forest","","","8.6'","103''","","","Jim Scheef","2011-09-28","http%3A%2F%2Fwww.ents-bbs.org%2Fviewtopic.php%3Ff%3D82%26t%3D3049%23p12183","N"
"White Ash","Fraxinus americana","Massachusetts","Berkshire","Chickley River Valley","","","Trees were measured on the public lands of Savoy Mountain State Park, Kenneth M. Dubuque State Park and some private land.","","250147","1","","","","Public-Private","132.0'","Clinometer/laser rangefinder/sine","7.3'","88''","","On private property","John Knuerr","2011-11-12","http%3A%2F%2Fwww.ents-bbs.org%2Fviewtopic.php%3Ff%3D86%26t%3D3262%26sid%3Df4a6e4470aee0238cfd4fb23a06e6032%23p13071","N"
"White Ash","Fraxinus americana","Massachusetts","Franklin","Buckland State Forest","42 34.625","-072 45.147","","","250175","2","42 34.625","-072 45.147","","Public - state","132.8'","Clinometer/laser rangefinder/sine","","","","","John Eichholz, John Eichholz","2012-03-20","http%3A%2F%2Fwww.ents-bbs.org%2Fviewtopic.php%3Ff%3D86%26t%3D1525%26sid%3Df4a6e4470aee0238cfd4fb23a06e6032","N"
"White Ash","Fraxinus americana","Massachusetts","Franklin","Clark Ridge","","","","","236054","1","","","","Public - state","135.0'","Clinometer/laser rangefinder/sine","","","","","John Eichholz","2004-03-19","http%3A%2F%2Fwww.nativetreesociety.org%2Ffieldtrips%2Fmass_mtsf%2Fmtsf_clark_ridge.htm","N"
"White Ash","Fraxinus americana","Massachusetts","Franklin","Deerfield River-Middle Section","","","","","235795","1","","","","Public-Private","99.8'","Clinometer/laser rangefinder/sine","4.5'","54''","","","John Eichholz","2005-02-21","http%3A%2F%2Fwww.nativetreesociety.org%2Ffieldtrips%2Fmass%2Fdeerfield_middle_section.htm","N"
"White Ash","Fraxinus americana","Massachusetts","Franklin","Mount Peak","","","Trees were measured on west face of mountain
Trees were measured from 11/23/2003 thru 2/24/2004","","281490","1","","","","Public - state","111.1'","Clinometer/laser rangefinder/sine","6.5'","78''","","","John Eichholz","2004-02-24","http%3A%2F%2Fwww.nativetreesociety.org%2Ffieldtrips%2Fmass%2Fzoar_gap.htm","N"
"White Ash","Fraxinus americana","Massachusetts","Franklin","Mount Peak","","","Trees were measured on west face of mountain
Trees were measured from 11/23/2003 thru 2/24/2004","","281489","1","","","","Public - state","111.8'","Clinometer/laser rangefinder/sine","5.9'","71''","","","John Eichholz","2004-02-24","http%3A%2F%2Fwww.nativetreesociety.org%2Ffieldtrips%2Fmass%2Fzoar_gap.htm","N"
"White Ash","Fraxinus americana","Massachusetts","Franklin","Mount Peak","","","Trees were measured on west face of mountain
Trees were measured from 11/23/2003 thru 2/24/2004","","281480","1","","","","Public - state","119.5'","Clinometer/laser rangefinder/sine","5.5'","66''","","","John Eichholz","2004-02-24","http%3A%2F%2Fwww.nativetreesociety.org%2Ffieldtrips%2Fmass%2Fzoar_gap.htm","N"
"White Ash","Fraxinus americana","Massachusetts","Franklin","Shelburne Falls Area","","","","","235563","1","","","","Public-Private","102.7'","Clinometer/laser rangefinder/sine","","","","","John Eichholz","2004-11-05","http%3A%2F%2Fwww.nativetreesociety.org%2Ffieldtrips%2Fmass%2Fshelburne04.htm","N"
"White Ash","Fraxinus americana","Massachusetts","Franklin","Shelburne Falls Area","","","","","235568","1","","","","Public-Private","104.9'","Clinometer/laser rangefinder/sine","","","","","John Eichholz","2004-11-05","http%3A%2F%2Fwww.nativetreesociety.org%2Ffieldtrips%2Fmass%2Fshelburne04.htm","N"
"White Ash","Fraxinus americana","Massachusetts","Franklin","Zoar Gap","","","Trees measured below rocky fields to western boundary of state forest.","","236015","1","","","","Public - state","119.5'","Clinometer/laser rangefinder/sine","5.5'","66''","","","John Eichholz","2004-02-24","http%3A%2F%2Fwww.nativetreesociety.org%2Ffieldtrips%2Fmass_mtsf%2Fmtsf_black_cherries.htm","N"
"White Ash","Fraxinus americana","Massachusetts","Franklin","Zoar Gap","","","Trees measured below rocky fields to western boundary of state forest.","","236096","1","","","","Public - state","134.0'","Clinometer/laser rangefinder/sine","","","","","John Eichholz","2004-03-10","http%3A%2F%2Fwww.nativetreesociety.org%2Ffieldtrips%2Fmass_mtsf%2Fmtsf_black_cherries.htm","N"
"White Ash","Fraxinus americana","Massachusetts","Hampden","Robinson State Park","","","Trees were measured in two different coves","","235614","1","","","","Public - state","114.8'","Clinometer/laser rangefinder/sine","5.5'","66''","","","John Eichholz","2006-12-03","http%3A%2F%2Fwww.nativetreesociety.org%2Ffieldtrips%2Fmass%2Frobinson%2Frobinson_state_park_update.htm","N"
"White Ash","Fraxinus americana","Massachusetts","Hampden","Robinson State Park","","","Trees were measured in two different coves","","235617","1","","","","Public - state","129.3'","Clinometer/laser rangefinder/sine","","","","","John Eichholz","2006-12-03","http%3A%2F%2Fwww.nativetreesociety.org%2Ffieldtrips%2Fmass%2Frobinson%2Frobinson_state_park_update.htm","N"
"White Ash","Fraxinus americana","Massachusetts","Hampshire","Lower Broad Brook","42 21.063","-072 40.641","","","19220","1","42 21.063","-072 40.641","220.0 ft","Private","106.0'","Clinometer/laser rangefinder/sine","5.8'","70''","40.0'","","Robert Leverett","2012-01-20","","N"
"White Ash","Fraxinus americana","Massachusetts","Middlesex","Codman-North Conservation Area","","","16 Acres","","250919","1","","","","Public - city","99.2'","Clinometer/laser rangefinder/sine","3.7'","44''","","","Jared Lockwood","2017-09-23","http%3A%2F%2Fwww.ents-bbs.org%2Fviewtopic.php%3Ff%3D86%26t%3D8095%26sid%3Df01aed3bab3c2b41d036f39fba3b6a91","N"
"White Ash","Fraxinus americana","Massachusetts","Middlesex","Codman-North Conservation Area","","","16 Acres","","250920","1","","","","Public - city","99.3'","Clinometer/laser rangefinder/sine","5.8'","70''","","","Jared Lockwood","2017-09-23","http%3A%2F%2Fwww.ents-bbs.org%2Fviewtopic.php%3Ff%3D86%26t%3D8095%26sid%3Df01aed3bab3c2b41d036f39fba3b6a91","N"
"White Ash","Fraxinus americana","Massachusetts","Norfolk","Blue Hills Reservation","","","","","250215","1","","","","Public - state","101.8'","Clinometer/laser rangefinder/sine","7.3'","88''","","","Andrew Joslin","2008-12-03","http%3A%2F%2Fwww.ents-bbs.org%2Fviewtopic.php%3Ff%3D86%26t%3D3381%26sid%3Dca180e6cabfe44d24073e15dd865bb0b","N"
"White Ash","Fraxinus americana","Massachusetts","Suffolk","Massachusetts Single Tree Sites","42 06.774","-072 38.335","","","256007","1","42 06.774","-072 38.335","","Public-Private","85.0'","Clinometer/laser rangefinder/sine","19.8'","237''","","","Various Various","2001-01-01","","N"
"White Ash","Fraxinus americana","Massachusetts","Worcester","Norhwoods Core Conservation Area-Bolton","","","","","250519","1","","","","Public - city","114.4'","Clinometer/laser rangefinder/sine","","","","","Jared Lockwood","2016-05-16","http%3A%2F%2Fwww.ents-bbs.org%2Fviewtopic.php%3Ff%3D86%26t%3D7692%26sid%3De52ef5bd464b38a87863ea9c1bde70dd","N"
"White Ash","Fraxinus americana","Massachusetts","Worcester","Norhwoods Core Conservation Area-Bolton","","","","","250520","1","","","","Public - city","114.5'","Clinometer/laser rangefinder/sine","7.6'","91''","","","Jared Lockwood","2016-05-16","http%3A%2F%2Fwww.ents-bbs.org%2Fviewtopic.php%3Ff%3D86%26t%3D7692%26sid%3De52ef5bd464b38a87863ea9c1bde70dd","N"
"White Ash","Fraxinus americana","Massachusetts","Worcester","Norhwoods Core Conservation Area-Bolton","","","","","250521","1","","","","Public - city","114.6'","Clinometer/laser rangefinder/sine","","","","","Jared Lockwood","2016-05-16","http%3A%2F%2Fwww.ents-bbs.org%2Fviewtopic.php%3Ff%3D86%26t%3D7692%26sid%3De52ef5bd464b38a87863ea9c1bde70dd","N"
"White Ash","Fraxinus americana","Massachusetts","Worcester","Northwoods","","","","","124419","1","","","","Private","114.5'","Clinometer/laser rangefinder/sine","7.6'","91''","","","Jared Lockwood","2016-05-03","","N"
"White Ash","Fraxinus americana","Massachusetts","Worcester","Northwoods","","","","","124418","1","","","","Private","114.6'","Clinometer/laser rangefinder/sine","","","","","Jared Lockwood","2016-05-03","","N"
"White Ash","Fraxinus americana","Maryland","Anne Arundel","Chase Creek Woods","","","","","280910","1","","","","Private","132.0'","Clinometer/laser rangefinder/sine","8.7'","104''","","","Colby Rucker","2003-07-01","","N"
"White Ash","Fraxinus americana","Maryland","Baltimore","Loch Raven Reservior","","","9,200 acres minus 3,100 acres of water at crest..
Supplies the City of Baltimore and Baltimore County with drinking water.","","231416","1","","","","Public - city","128.2'","Clinometer/laser rangefinder/sine","7.1'","85''","","","George Fieo","2015-11-15","http%3A%2F%2Fwww.ents-bbs.org%2Fviewtopic.php%3Ff%3D85%26t%3D8746%26sid%3D97ab2f9c9694ae17b9e495f826350141","N"
"White Ash","Fraxinus americana","Maryland","Baltimore","Loch Raven Reservior","","","9,200 acres minus 3,100 acres of water at crest..
Supplies the City of Baltimore and Baltimore County with drinking water.","","231417","1","","","","Public - city","136.3'","Clinometer/laser rangefinder/sine","6.5'","78''","","","George Fieo","2015-11-15","http%3A%2F%2Fwww.ents-bbs.org%2Fviewtopic.php%3Ff%3D85%26t%3D8746%26sid%3D97ab2f9c9694ae17b9e495f826350141","N"
"White Ash","Fraxinus americana","Maryland","Cecil","Conowingo-Funks Pond Recreational Area","","","","","232046","1","","","","Public - state","121.9'","Clinometer/laser rangefinder/sine","7.5'","90''","","","George Fieo","2013-11-12","http%3A%2F%2Fwww.ents-bbs.org%2Fviewtopic.php%3Ff%3D85%26t%3D8744%26sid%3D97ab2f9c9694ae17b9e495f826350141%23p44617","N"
"White Ash","Fraxinus americana","Maryland","Cecil","Fair Hill NRMA","","","Former William Dupont estate acquired by State of Maryland 1975. 5,600 acres.","","168152","1","","","400.0 ft","Public - State","138.7'","Clinometer/laser rangefinder/sine","8.0'","96''","","","George Fieo","2015-12-03","http%3A%2F%2Fwww.ents-bbs.org%2Fviewtopic.php%3Ff%3D85%26t%3D7354","N"
"White Ash","Fraxinus americana","Maryland","Cecil","Fair Hill NRMA","","","Former William Dupont estate acquired by State of Maryland 1975. 5,600 acres.","","168153","1","","","400.0 ft","Public - State","141.0'","Clinometer/laser rangefinder/sine","10.0'","120''","","","George Fieo","2015-12-03","http%3A%2F%2Fwww.ents-bbs.org%2Fviewtopic.php%3Ff%3D85%26t%3D7354","N"
"White Ash","Fraxinus americana","Maryland","Harford","Gunpowder Falls State Park","","","18,000 acres in Baltimore and Harford Counties","","231839","1","","","","Public - state","11.3'","Clinometer/laser rangefinder/sine","8.3'","100''","","","George Fieo","2016-11-20","http%3A%2F%2Fwww.ents-bbs.org%2Fviewtopic.php%3Ff%3D85%26t%3D8747%26sid%3D97ab2f9c9694ae17b9e495f826350141","N"
"White Ash","Fraxinus americana","Maryland","Harford","Gunpowder Falls State Park","","","18,000 acres in Baltimore and Harford Counties","","231837","1","","","","Public - state","128.3'","Clinometer/laser rangefinder/sine","9.1'","109''","","","George Fieo","2016-11-20","http%3A%2F%2Fwww.ents-bbs.org%2Fviewtopic.php%3Ff%3D85%26t%3D8747%26sid%3D97ab2f9c9694ae17b9e495f826350141","N"
"White Ash","Fraxinus americana","Maryland","Harford","Gunpowder Falls State Park","","","18,000 acres in Baltimore and Harford Counties","","231838","1","","","","Public - state","130.2'","Clinometer/laser rangefinder/sine","7.2'","86''","","","George Fieo","2016-11-20","http%3A%2F%2Fwww.ents-bbs.org%2Fviewtopic.php%3Ff%3D85%26t%3D8747%26sid%3D97ab2f9c9694ae17b9e495f826350141","N"
"White Ash","Fraxinus americana","Maryland","Howard","Avalon Section Of Patapsco Valley State Park","","","16,043 acres in Baltimore and Howard Counties
Trees were measured in the Avalon and Orange Grove section of the park","","230934","1","","","","Public - state park","","","10.3'","124''","","","Matthew Hannum","2007-04-29","http%3A%2F%2Fwww.ents-bbs.org%2Fviewtopic.php%3Ff%3D85%26t%3D8745%26sid%3D0f283f6872d048235790bc6c09610d80%23p44618","N"
"White Ash","Fraxinus americana","Maryland","Howard","Avalon Section Of Patapsco Valley State Park","","","16,043 acres in Baltimore and Howard Counties
Trees were measured in the Avalon and Orange Grove section of the park","","230935","1","","","","Public - state park","","","12.7'","152''","","","Matthew Hannum","2007-04-29","http%3A%2F%2Fwww.ents-bbs.org%2Fviewtopic.php%3Ff%3D85%26t%3D8745%26sid%3D0f283f6872d048235790bc6c09610d80%23p44618","N"
"White Ash","Fraxinus americana","Maryland","Howard","Avalon Section Of Patapsco Valley State Park","","","16,043 acres in Baltimore and Howard Counties
Trees were measured in the Avalon and Orange Grove section of the park","","231043","1","","","","Public - state park","133.4'","Clinometer/laser rangefinder/sine","8.9'","107''","","","George Fieo","2017-12-15","http%3A%2F%2Fwww.ents-bbs.org%2Fviewtopic.php%3Ff%3D85%26t%3D8745%26sid%3D0f283f6872d048235790bc6c09610d80%23p44618","N"
"White Ash","Fraxinus americana","Maryland","Howard","Avalon Section Of Patapsco Valley State Park","","","16,043 acres in Baltimore and Howard Counties
Trees were measured in the Avalon and Orange Grove section of the park","","231044","1","","","","Public - state park","136.4'","Clinometer/laser rangefinder/sine","8.8'","106''","","","George Fieo","2017-12-15","http%3A%2F%2Fwww.ents-bbs.org%2Fviewtopic.php%3Ff%3D85%26t%3D8745%26sid%3D0f283f6872d048235790bc6c09610d80%23p44618","N"
"White Ash","Fraxinus americana","Maryland","Howard","Avalon Section Of Patapsco Valley State Park","","","16,043 acres in Baltimore and Howard Counties
Trees were measured in the Avalon and Orange Grove section of the park","","231045","1","","","","Public - state park","137.2'","Clinometer/laser rangefinder/sine","10.1'","121''","","","George Fieo","2017-12-15","http%3A%2F%2Fwww.ents-bbs.org%2Fviewtopic.php%3Ff%3D85%26t%3D8745%26sid%3D0f283f6872d048235790bc6c09610d80%23p44618","N"
"White Ash","Fraxinus americana","Maryland","Howard","Avalon Section Of Patapsco Valley State Park","","","16,043 acres in Baltimore and Howard Counties
Trees were measured in the Avalon and Orange Grove section of the park","","231046","1","","","","Public - state park","144.8'","Clinometer/laser rangefinder/sine","10.7'","128''","","","George Fieo","2017-12-15","http%3A%2F%2Fwww.ents-bbs.org%2Fviewtopic.php%3Ff%3D85%26t%3D8745%26sid%3D0f283f6872d048235790bc6c09610d80%23p44618","N"
"White Ash","Fraxinus americana","Maryland","Howard","Avalon Section Of Patapsco Valley State Park","","","16,043 acres in Baltimore and Howard Counties
Trees were measured in the Avalon and Orange Grove section of the park","","231047","1","","","","Public - state park","147.6'","Clinometer/laser rangefinder/sine","11.2'","134''","","","George Fieo","2017-12-15","http%3A%2F%2Fwww.ents-bbs.org%2Fviewtopic.php%3Ff%3D85%26t%3D8745%26sid%3D0f283f6872d048235790bc6c09610d80%23p44618","N"
"White Ash","Fraxinus americana","Maryland","Prince George's","Patuxent Wildlife Research Center","","","","","45417","1","","","","Public - Federal, Fish & Wildlife","114.8'","Clinometer/laser rangefinder/sine","10.7'","128''","","","Darian Copiz","2011-08-23","http%3A%2F%2Fwww.ents-bbs.org%2Fviewtopic.php%3Ff%3D85%26t%3D2899","N"
"White Ash","Fraxinus americana","Maine","Kennebec","Maine Single Tree Sites","44 45.360","-068 39.438","","","256121","1","44 45.360","-068 39.438","300.0 ft","Public-Private","80.4'","Clinometer/laser rangefinder/sine","6.9'","83''","","Measured by T. Sharp 10/12/2021 in the KOA Holiday Campground, 602 Main Road, Holden, Penobscot County.","Various Various","2000-01-02","","N"
"White Ash","Fraxinus americana","Michigan","Cheboygan","Colonial Point Memorial Forest","","","Now known as:
Chaboinganing Nature Reserve
484 Acres","","240006","1","","","","Public - state","92.1'","Clinometer/laser rangefinder/sine","5.5'","66''","","","Don Bragg","2006-07-22","http%3A%2F%2Fwww.nativetreesociety.org%2Ffieldtrips%2Fwisconsin%2Fwoodruff.htm","N"
"White Ash","Fraxinus americana","Michigan","Cheboygan","Colonial Point Memorial Forest","","","Now known as:
Chaboinganing Nature Reserve
484 Acres","","240004","1","","","","Public - state","100.6'","Clinometer/laser rangefinder/sine","6.9'","83''","","Height is Not Less Than(NLT)","Don Bragg","2006-07-22","http%3A%2F%2Fwww.nativetreesociety.org%2Ffieldtrips%2Fwisconsin%2Fwoodruff.htm","N"
"White Ash","Fraxinus americana","Minnesota","Cass","Stony Poinrt Campground","","","","","239738","1","","","","Public - federal","","","8.5'","102''","","","Jimmy Mcdonald","2010-09-29","http%3A%2F%2Fwww.ents-bbs.org%2Fviewtopic.php%3Ff%3D94%26t%3D1432%26sid%3Da8fd6a57f56df50ff5965e8cdf9bbcc8","N"
"White Ash","Fraxinus americana","Minnesota","Cass","Stony Poinrt Campground","","","","","239739","1","","","","Public - federal","","","8.8'","106''","","","Jimmy Mcdonald","2010-09-29","http%3A%2F%2Fwww.ents-bbs.org%2Fviewtopic.php%3Ff%3D94%26t%3D1432%26sid%3Da8fd6a57f56df50ff5965e8cdf9bbcc8","N"
"White Ash","Fraxinus americana","Missouri","Mississippi","Big Oak Tree State Park","","","","","171777","1","","","","Public","113.5'","Clinometer/laser rangefinder/sine","12.3'","147''","","Pond Trail","Don Bragg","2005-07-29","","N"
"White Ash","Fraxinus americana","New Brunswick","Carleton","Ayers Lake","","","","","240020","1","","","","Public - state","102.0'","Clinometer/laser rangefinder/sine","9.6'","115''","","","Owen Richards","2013-12-21","http%3A%2F%2Fwww.ents-bbs.org%2Fviewtopic.php%3Ff%3D100%26t%3D7326%26sid%3D559efe2c1931bbd06cbb8d41f0c94720","N"
"White Ash","Fraxinus americana","North Carolina","Buncombe","Craven Gap South","","","","","40187","1","","","","Blue Ridge Parkway","119.7'","Clinometer/laser rangefinder/sine","","","","","Brian Beduhn","2012-03-03","http%3A%2F%2Fwww.ents-bbs.org%2Fviewtopic.php%3Ff%3D106%26t%3D2636","N"
"White Ash","Fraxinus americana","North Carolina","Buncombe","Craven Gap South","","","","","40186","1","","","","Blue Ridge Parkway","121.0'","Clinometer/laser rangefinder/sine","","","","","Brian Beduhn","2012-03-03","http%3A%2F%2Fwww.ents-bbs.org%2Fviewtopic.php%3Ff%3D106%26t%3D2636","N"
"White Ash","Fraxinus americana","North Carolina","Buncombe","Craven Gap South","","","","","40185","1","","","","Blue Ridge Parkway","121.6'","Clinometer/laser rangefinder/sine","","","","","Brian Beduhn","2012-03-03","http%3A%2F%2Fwww.ents-bbs.org%2Fviewtopic.php%3Ff%3D106%26t%3D2636","N"
"White Ash","Fraxinus americana","North Carolina","Buncombe","Elk Pen Trail","","","","","40074","1","","","","Public","117.3'","Clinometer/laser rangefinder/sine","","","","","Brian Beduhn","2013-02-10","http%3A%2F%2Fwww.ents-bbs.org%2Fviewtopic.php%3Ff%3D106%26t%3D5041","N"
"White Ash","Fraxinus americana","North Carolina","Buncombe","Elk Pen Trail","","","","","40075","1","","","","Public","119.8'","Clinometer/laser rangefinder/sine","","","","","Brian Beduhn","2013-02-10","http%3A%2F%2Fwww.ents-bbs.org%2Fviewtopic.php%3Ff%3D106%26t%3D5041","N"
"White Ash","Fraxinus americana","North Carolina","Buncombe","Mountain To Sea Trail- Rattlesnake Lodge","","","Can access the Rattle Snake Lodge Trail either from Reems or the Blue Ridge parkway via Ox Creek Road. This trail is part of the state Mountain to Sea Trail system.","","252196","1","","","","Public - federal","106.5'","Clinometer/laser rangefinder/sine","6.3'","76''","","","James Parton","2011-02-23","http%3A%2F%2Fwww.ents-bbs.org%2Fviewtopic.php%3Ff%3D106%26t%3D2105%26sid%3D75ec212a9b138fb27cc678c4fe2bdea4","N"
"White Ash","Fraxinus americana","North Carolina","Clay","Southern Nantahala Wilderness Area","","","11,703 acres in North Carolina in Nantahala National Forest.
11,770 acres in Georgia in Chattahoochee National Forest","","227725","1","","","","Public - national","122.7'","Clinometer/laser rangefinder/sine","11.8'","142''","","","Jess Riddle, Doug Riddle","2007-01-30","http%3A%2F%2Fnativetreesociety.org%2Ffieldtrips%2Fnorth_carolina%2Fsouthern_nantahala_wilderness.htm","N"
"White Ash","Fraxinus americana","North Carolina","Forsyth","Tanglewood Park","","","Owned by Forsyth County.","","226727","1","","","","Public - county","126.2'","Clinometer/laser rangefinder/sine","5.3'","64''","","","Jess Riddle","2007-01-06","hhttp%3A%2F%2Fnativetreesociety.org%2Ffieldtrips%2Fnorth_carolina%2Ftanglewood_park2","N"
"White Ash","Fraxinus americana","North Carolina","Forsyth","Tanglewood Park","","","Owned by Forsyth County.","","226728","1","","","","Public - county","128.3'","Clinometer/laser rangefinder/sine","5.0'","60''","","","Jess Riddle","2007-01-06","hhttp%3A%2F%2Fnativetreesociety.org%2Ffieldtrips%2Fnorth_carolina%2Ftanglewood_park2","N"
"White Ash","Fraxinus americana","North Carolina","Forsyth","Tanglewood Park","","","Owned by Forsyth County.","","226729","1","","","","Public - county","131.0'","Clinometer/laser rangefinder/sine","7.5'","90''","","","Jess Riddle","2007-01-06","hhttp%3A%2F%2Fnativetreesociety.org%2Ffieldtrips%2Fnorth_carolina%2Ftanglewood_park2","N"
"White Ash","Fraxinus americana","North Carolina","Forsyth","Tanglewood Park","","","Owned by Forsyth County.","","226730","1","","","","Public - county","137.5'","Clinometer/laser rangefinder/sine","7.5'","90''","","","Jess Riddle","2007-01-06","hhttp%3A%2F%2Fnativetreesociety.org%2Ffieldtrips%2Fnorth_carolina%2Ftanglewood_park2","N"
"White Ash","Fraxinus americana","North Carolina","Graham","Grassy Branch Area","","","","","243451","1","","","","Public - national","","Clinometer/laser rangefinder/sine","12.2'","146''","","Drainage East of Obediah Gap.","Jess Riddle","2004-06-13","http%3A%2F%2Fnativetreesociety.org%2Ffieldtrips%2Fnorth_carolina%2Fjoyce_kilmer.htm","N"
"White Ash","Fraxinus americana","North Carolina","Graham","Grassy Branch Area","","","","","243460","1","","","","Public - national","122.6'","Clinometer/laser rangefinder/sine","11.3'","135''","","Grassy Branch. Height is Not Less Than (NLT)","Jess Riddle","2004-06-13","http%3A%2F%2Fnativetreesociety.org%2Ffieldtrips%2Fnorth_carolina%2Fjoyce_kilmer.htm","N"
"White Ash","Fraxinus americana","North Carolina","Graham","Santeetlah Creek","","","","","227013","1","","","","Public - national","127.2'","Clinometer/laser rangefinder/sine","12.6'","152''","","Indian Creek.","Jess Riddle","2009-09-08","http%3A%2F%2Fnativetreesociety.org%2Ffieldtrips%2Fnorth_carolina%2Fsanteetlah_creek.htm","N"
"White Ash","Fraxinus americana","North Carolina","Graham","Santeetlah Creek","","","","","227014","1","","","","Public - national","139.7'","Clinometer/laser rangefinder/sine","10.4'","125''","","Indian Creek. Height is NLT (Not Less Than).","Jess Riddle","2009-09-08","http%3A%2F%2Fnativetreesociety.org%2Ffieldtrips%2Fnorth_carolina%2Fsanteetlah_creek.htm","N"
"White Ash","Fraxinus americana","North Carolina","Guilford","Guilford Courthouse","","","","","40743","1","","","","Public","96.0'","Clinometer/laser rangefinder/sine","","","","","Brian Beduhn","2012-11-24","http%3A%2F%2Fwww.ents-bbs.org%2Fviewtopic.php%3Ff%3D106%26t%3D4752","N"
"White Ash","Fraxinus americana","North Carolina","Guilford","Price Park","","","","","40767","1","","","","Public","108.5'","Clinometer/laser rangefinder/sine","","","","","Brian Beduhn","2012-02-11","http%3A%2F%2Fwww.ents-bbs.org%2Fviewtopic.php%3Ff%3D106%26t%3D3321","N"
"White Ash","Fraxinus americana","North Carolina","Haywood","Baxter Creek","","","Baxter Creek into Big Creek into Pigeon River.","","230490","1","","","","Public - federal","","Clinometer/laser rangefinder/sine","14.0'","168''","","On Baxter Creek","Jess Riddle","2003-10-26","http%3A%2F%2Fwww.nativetreesociety.org%2Ffieldtrips%2Fgsmnp%2Fbaxter_creek_trail.htm","N"
"White Ash","Fraxinus americana","North Carolina","Haywood","Baxter Creek","","","Baxter Creek into Big Creek into Pigeon River.","","230489","1","","","","Public - federal","115.8'","Clinometer/laser rangefinder/sine","","","","Measured on Laurel Creek","Jess Riddle","2003-10-26","http%3A%2F%2Fwww.nativetreesociety.org%2Ffieldtrips%2Fgsmnp%2Fbaxter_creek_trail.htm","N"
"White Ash","Fraxinus americana","North Carolina","Haywood","Baxter Creek","","","Baxter Creek into Big Creek into Pigeon River.","","230491","1","","","","Public - federal","125.0'","Clinometer/laser rangefinder/sine","12.7'","152''","","","Jess Riddle","2003-10-26","http%3A%2F%2Fwww.nativetreesociety.org%2Ffieldtrips%2Fgsmnp%2Fbaxter_creek_trail.htm","N"
"White Ash","Fraxinus americana","North Carolina","Haywood","Baxter Creek","","","Baxter Creek into Big Creek into Pigeon River.","","230518","1","","","","Public - federal","126.4'","Clinometer/laser rangefinder/sine","14.8'","177''","","","Jess Riddle","2004-10-17","http%3A%2F%2Fwww.nativetreesociety.org%2Ffieldtrips%2Fgsmnp%2Fbaxter_creek_trail.htm","N"
"White Ash","Fraxinus americana","North Carolina","Haywood","Baxter Creek","","","Baxter Creek into Big Creek into Pigeon River.","","230492","1","","","","Public - federal","139.1'","Clinometer/laser rangefinder/sine","9.6'","115''","","On East Fork Baxter Creek","Jess Riddle","2003-10-26","http%3A%2F%2Fwww.nativetreesociety.org%2Ffieldtrips%2Fgsmnp%2Fbaxter_creek_trail.htm","N"
"White Ash","Fraxinus americana","North Carolina","Haywood","Chestnut Branch","","","Chestnut Creek into Big Creek into Pigeon River
Trees were also measured on Kilby Branch which goes into Big Creek into Pigeon River","","230410","1","","","","Public - federal","146.2'","Clinometer/laser rangefinder/sine","8.8'","106''","","Upper Chestnut Branch","Jess Riddle, Michael Davie","2004-11-19","http%3A%2F%2Fwww.nativetreesociety.org%2Ffieldtrips%2Fgsmnp%2Fupper_chestnut_branch.htm","N"
"White Ash","Fraxinus americana","North Carolina","Haywood","Groundhog Creek","","","Groundhog Creek flows into the Pigeon River.","","227645","1","","","","Public - national","129.9'","Clinometer/laser rangefinder/sine","6.4'","77''","","","Jess Riddle","2006-12-18","http%3A%2F%2Fnativetreesociety.org%2Ffieldtrips%2Fnorth_carolina%2Fgroundhog_creek.htm","N"
"White Ash","Fraxinus americana","North Carolina","Haywood","Hurricane Creek","","","Hurricane Creek into Rough Fork into Cataloochee Creek","","230313","1","","","","Public - federal","142.4'","Clinometer/laser rangefinder/sine","11.5'","138''","","","Jess Riddle, Will Blozan","2006-12-22","http%3A%2F%2Fwww.nativetreesociety.org%2Ffieldtrips%2Fgsmnp%2Fhurricane_creek06.htm","N"
"White Ash","Fraxinus americana","North Carolina","Haywood","Hurricane Creek","","","Hurricane Creek into Rough Fork into Cataloochee Creek","","230314","1","","","","Public - federal","143.9'","Clinometer/laser rangefinder/sine","11.4'","137''","","","Jess Riddle, Will Blozan","2006-12-22","http%3A%2F%2Fwww.nativetreesociety.org%2Ffieldtrips%2Fgsmnp%2Fhurricane_creek06.htm","N"
"White Ash","Fraxinus americana","North Carolina","Haywood","Skiffley Creek","","","Trees were also measured on Dry Branch which is a tributary to an adjoining drainage called Groundhog Creek","","243522","1","","","","Public - national","12.6'","Clinometer/laser rangefinder/sine","6.3'","75''","","","Jess Riddle","2006-11-01","http%3A%2F%2Fnativetreesociety.org%2Ffieldtrips%2Fnorth_carolina%2Fskiffley_creek_and_dry_branch.htm","N"
"White Ash","Fraxinus americana","North Carolina","Haywood","Skiffley Creek","","","Trees were also measured on Dry Branch which is a tributary to an adjoining drainage called Groundhog Creek","","243519","1","","","","Public - national","138.7'","Clinometer/laser rangefinder/sine","5.9'","71''","","On Dry Branch","Jess Riddle","2006-11-01","http%3A%2F%2Fnativetreesociety.org%2Ffieldtrips%2Fnorth_carolina%2Fskiffley_creek_and_dry_branch.htm","N"
"White Ash","Fraxinus americana","North Carolina","Haywood","Skiffley Creek","","","Trees were also measured on Dry Branch which is a tributary to an adjoining drainage called Groundhog Creek","","243520","1","","","","Public - national","143.4'","Clinometer/laser rangefinder/sine","6.8'","82''","","On Dry Branch","Jess Riddle","2006-11-01","http%3A%2F%2Fnativetreesociety.org%2Ffieldtrips%2Fnorth_carolina%2Fskiffley_creek_and_dry_branch.htm","N"
"White Ash","Fraxinus americana","North Carolina","Haywood","Skiffley Creek","","","Trees were also measured on Dry Branch which is a tributary to an adjoining drainage called Groundhog Creek","","243521","1","","","","Public - national","147.2'","Clinometer/laser rangefinder/sine","7.8'","93''","","On Dry Branch","Jess Riddle","2006-11-01","http%3A%2F%2Fnativetreesociety.org%2Ffieldtrips%2Fnorth_carolina%2Fskiffley_creek_and_dry_branch.htm","N"
"White Ash","Fraxinus americana","North Carolina","Jackson","East Barkers Creek","","","Measurerers also included J. Kelly.","","252157","1","","","","Public - federal","133.5'","Clinometer/laser rangefinder/sine","","","","","Jess Riddle, Will Blozan, Micharl Davie","2011-12-08","http%3A%2F%2Fwww.ents-bbs.org%2Fviewtopic.php%3Ff%3D106%26t%3D1882%26sid%3D75ec212a9b138fb27cc678c4fe2bdea4","N"
"White Ash","Fraxinus americana","North Carolina","Jackson","East Barkers Creek","","","Measurerers also included J. Kelly.","","252158","1","","","","Public - federal","133.8'","Clinometer/laser rangefinder/sine","","","","","Jess Riddle, Will Blozan, Micharl Davie","2011-12-08","http%3A%2F%2Fwww.ents-bbs.org%2Fviewtopic.php%3Ff%3D106%26t%3D1882%26sid%3D75ec212a9b138fb27cc678c4fe2bdea4","N"
"White Ash","Fraxinus americana","North Carolina","Jackson","East Barkers Creek","","","Measurerers also included J. Kelly.","","252159","1","","","","Public - federal","135.3'","Clinometer/laser rangefinder/sine","","","","","Jess Riddle, Will Blozan, Micharl Davie","2011-12-08","http%3A%2F%2Fwww.ents-bbs.org%2Fviewtopic.php%3Ff%3D106%26t%3D1882%26sid%3D75ec212a9b138fb27cc678c4fe2bdea4","N"
"White Ash","Fraxinus americana","North Carolina","Jackson","East Barkers Creek","","","Measurerers also included J. Kelly.","","252160","1","","","","Public - federal","139.8'","Clinometer/laser rangefinder/sine","6.3'","75''","","","Jess Riddle, Will Blozan, Micharl Davie","2011-12-08","http%3A%2F%2Fwww.ents-bbs.org%2Fviewtopic.php%3Ff%3D106%26t%3D1882%26sid%3D75ec212a9b138fb27cc678c4fe2bdea4","N"
"White Ash","Fraxinus americana","North Carolina","Macon","Coweeta Hydrologic Laboratory","","","","","229030","1","","","","Public - national","119.5'","Clinometer/laser rangefinder/sine","9.9'","119''","","","Jess Riddle","2004-08-14","http%3A%2F%2Fnativetreesociety.org%2Ffieldtrips%2Fgsmnp%2Fsouthern_appalachian_wanderings.htm","N"
"White Ash","Fraxinus americana","North Carolina","Madison","Shelton Laurel","","","","","226365","1","","","","Public - national","137.6'","Clinometer/laser rangefinder/sine","12.9'","155''","","","Michael Davie, Josh Kelley","2006-05-25","http%3A%2F%2Fnativetreesociety.org%2Ffieldtrips%2Fnorth_carolina%2Fshelton%2Fshelton_laurel.htm","N"
"White Ash","Fraxinus americana","North Carolina","Orange","Battle Park","","","","","252294","1","","","","Public - state","121.8'","Clinometer/laser rangefinder/sine","9.8'","118''","","","John Eichholz","2008-03-02","http%3A%2F%2Fwww.ents-bbs.org%2Fviewtopic.php%3Ff%3D106%26t%3D4882%26sid%3D5d2aded422e4a23e509a9deed392150f","N"
"White Ash","Fraxinus americana","North Carolina","Swain","Cliff Branch","","","","","229639","1","","","","Public - national","129.6'","Clinometer/laser rangefinder/sine","5.9'","71''","","","Jess Riddle","2006-05-23","http%3A%2F%2Fnativetreesociety.org%2Ffieldtrips%2Fgsmnp%2Fkanati_fork.htm","N"
"White Ash","Fraxinus americana","North Carolina","Swain","Cliff Branch","","","","","229640","1","","","","Public - national","131.9'","Clinometer/laser rangefinder/sine","6.4'","77''","","","Jess Riddle","2006-05-23","http%3A%2F%2Fnativetreesociety.org%2Ffieldtrips%2Fgsmnp%2Fkanati_fork.htm","N"
"White Ash","Fraxinus americana","North Carolina","Swain","Cliff Branch","","","","","229641","1","","","","Public - national","135.6'","Clinometer/laser rangefinder/sine","7.8'","93''","","","Jess Riddle","2006-05-23","http%3A%2F%2Fnativetreesociety.org%2Ffieldtrips%2Fgsmnp%2Fkanati_fork.htm","N"
"White Ash","Fraxinus americana","North Carolina","Swain","Cliff Branch","","","","","229642","1","","","","Public - national","136.7'","Clinometer/laser rangefinder/sine","4.4'","53''","","","Jess Riddle","2006-05-23","http%3A%2F%2Fnativetreesociety.org%2Ffieldtrips%2Fgsmnp%2Fkanati_fork.htm","N"
"White Ash","Fraxinus americana","North Carolina","Swain","Cliff Branch","","","","","229643","1","","","","Public - national","137.7'","Clinometer/laser rangefinder/sine","6.3'","75''","","","Jess Riddle","2006-05-23","http%3A%2F%2Fnativetreesociety.org%2Ffieldtrips%2Fgsmnp%2Fkanati_fork.htm","N"
"White Ash","Fraxinus americana","North Carolina","Swain","Deep Creek","","","","","230028","1","","","","Public - national","163.9'","","10.9'","131''","","","Dale Luthringer","2002-10-22","http%3A%2F%2Fnativetreesociety.org%2Ffieldtrips%2Fgsmnp%2Fbeetree%2Fbeetree_creek.htm","N"
"White Ash","Fraxinus americana","North Carolina","Swain","Mingus Creek","","","Mingus Creek into Oconaluftee River,","","229272","1","","","","Public - national","134.5'","Clinometer/laser rangefinder/sine","6.3'","76''","","","Jess Riddle","2007-04-30","http%3A%2F%2Fnativetreesociety.org%2Ffieldtrips%2Fgsmnp%2Fmingus_creek.htm","N"
"White Ash","Fraxinus americana","North Carolina","Swain","Mingus Creek","","","Mingus Creek into Oconaluftee River,","","229275","1","","","","Public - national","135.8'","Clinometer/laser rangefinder/sine","9.7'","116''","","","Jess Riddle","2007-04-30","http%3A%2F%2Fnativetreesociety.org%2Ffieldtrips%2Fgsmnp%2Fmingus_creek.htm","N"
"White Ash","Fraxinus americana","North Carolina","Swain","Mingus Creek","","","Mingus Creek into Oconaluftee River,","","229273","1","","","","Public - national","139.5'","Clinometer/laser rangefinder/sine","8.1'","97''","","","Jess Riddle","2007-04-30","http%3A%2F%2Fnativetreesociety.org%2Ffieldtrips%2Fgsmnp%2Fmingus_creek.htm","N"
"White Ash","Fraxinus americana","North Carolina","Swain","Mingus Creek","","","Mingus Creek into Oconaluftee River,","","229276","1","","","","Public - national","141.9'","Clinometer/laser rangefinder/sine","10.4'","125''","","","Jess Riddle","2007-04-30","http%3A%2F%2Fnativetreesociety.org%2Ffieldtrips%2Fgsmnp%2Fmingus_creek.htm","N"
"White Ash","Fraxinus americana","North Carolina","Swain","Mingus Creek","","","Mingus Creek into Oconaluftee River,","","229274","1","","","","Public - national","148.6'","Clinometer/laser rangefinder/sine","7.3'","88''","","","Jess Riddle","2007-04-30","http%3A%2F%2Fnativetreesociety.org%2Ffieldtrips%2Fgsmnp%2Fmingus_creek.htm","N"
"White Ash","Fraxinus americana","North Carolina","Swain","Tabor Branch","","","Tabor Fork into Bradley Fork into Oconaluftee River.","","229090","1","","","","Public - national","147.8'","Clinometer/laser rangefinder/sine","8.9'","107''","","","Jess Riddle, Michael Davie","2007-03-05","http%3A%2F%2Fnativetreesociety.org%2Ffieldtrips%2Fgsmnp%2Ftabor_branch.htm","N"
"White Ash","Fraxinus americana","North Carolina","Transylvania","Saddle Gap","","","","","252435","1","","","","Public - federal","139.7'","Clinometer/laser rangefinder/sine","9.1'","109''","","","Jess Riddle","2011-01-07","http%3A%2F%2Fwww.ents-bbs.org%2Fviewtopic.php%3Ff%3D106%26t%3D1874%26sid%3D6a9d9b49f0fe25412fd4f71a79e2c5d9","N"
"White Ash","Fraxinus americana","Nebraska","Sarpy","Fontenelle Forest","","","1400 Acres","","220666","1","","","","Private","","Clinometer/laser rangefinder/sine","11.0'","132''","","","Jess Riddle","2013-11-03","","N"
"White Ash","Fraxinus americana","Nebraska","Sarpy","Fontenelle Forest","","","1400 Acres","","220665","1","","","","Private","101.4'","Clinometer/laser rangefinder/sine","","","","","Jess Riddle","2013-11-03","","N"
"White Ash","Fraxinus americana","New Jersey","Mercer","Princeton University","","","Trees were measured in a naturalized area","","171040","1","","","","Private","109.9'","Clinometer/laser rangefinder/sine","11.3'","136''","","","Scott Wade, Megan Varnes","2005-07-26","http%3A%2F%2Fwww.nativetreesociety.org%2Ffieldtrips%2Fnew_jersey%2Fprinceton%2Fprinceton.htm","N"
"White Ash","Fraxinus americana","New York","Brooklyn","Prospect Park","","","Measurements were made 8/8/2016 and 3/12/2017","","280516","1","","","","Public - county","99.5'","Clinometer/laser rangefinder/sine","15.7'","188''","","","Erik Danielson","2017-03-12","http%3A%2F%2Fwww.ents-bbs.org%2Fviewtopic.php%3Ff%3D105%26t%3D7638%26sid%3D60eba587880cce73bb509f21b4be94c1%23p38399","N"
"White Ash","Fraxinus americana","New York","Cattaraugus","Big Basin","","","","","264931","1","","","","Public - state","111.5'","Clinometer/laser rangefinder/sine","11.1'","133''","","","Erik Danielson","2020-10-25","http%3A%2F%2Fwww.ents-bbs.org%2Fviewtopic.php%3Ff%3D105%26t%3D8543%26start%3D20%26sid%3Dbc15a04e1c5a2e8ee05f8b7d15e76b09","N"
"White Ash","Fraxinus americana","New York","Cattaraugus","Big Basin","","","","","264930","1","","","","Public - state","112.0'","Clinometer/laser rangefinder/sine","9.9'","119''","","","Erik Danielson","2020-10-25","http%3A%2F%2Fwww.ents-bbs.org%2Fviewtopic.php%3Ff%3D105%26t%3D8543%26start%3D20%26sid%3Dbc15a04e1c5a2e8ee05f8b7d15e76b09","N"
"White Ash","Fraxinus americana","New York","Cattaraugus","Big Basin","","","","","264993","1","","","","Public - state","116.0'","Clinometer/laser rangefinder/sine","10.8'","130''","","","Erik Danielson","2020-01-02","http%3A%2F%2Fwww.ents-bbs.org%2Fviewtopic.php%3Ff%3D105%26t%3D8543%26start%3D20%26sid%3Dbc15a04e1c5a2e8ee05f8b7d15e76b09","N"
"White Ash","Fraxinus americana","New York","Cattaraugus","Big Basin","","","","","264982","1","","","","Public - state","118.0'","Clinometer/laser rangefinder/sine","","","","","Erik Danielson","2020-01-02","http%3A%2F%2Fwww.ents-bbs.org%2Fviewtopic.php%3Ff%3D105%26t%3D8543%26start%3D20%26sid%3Dbc15a04e1c5a2e8ee05f8b7d15e76b09","N"
"White Ash","Fraxinus americana","New York","Cattaraugus","Big Basin","","","","","264992","1","","","","Public - state","119.0'","Clinometer/laser rangefinder/sine","10.4'","125''","","","Erik Danielson","2020-01-02","http%3A%2F%2Fwww.ents-bbs.org%2Fviewtopic.php%3Ff%3D105%26t%3D8543%26start%3D20%26sid%3Dbc15a04e1c5a2e8ee05f8b7d15e76b09","N"
"White Ash","Fraxinus americana","New York","Cattaraugus","Big Basin","","","","","264929","1","","","","Public - state","120.5'","Clinometer/laser rangefinder/sine","10.7'","128''","","","Erik Danielson","2020-10-25","http%3A%2F%2Fwww.ents-bbs.org%2Fviewtopic.php%3Ff%3D105%26t%3D8543%26start%3D20%26sid%3Dbc15a04e1c5a2e8ee05f8b7d15e76b09","N"
"White Ash","Fraxinus americana","New York","Cattaraugus","Big Basin","","","","","264928","1","","","","Public - state","122.5'","Clinometer/laser rangefinder/sine","11.1'","133''","","","Erik Danielson","2020-10-25","http%3A%2F%2Fwww.ents-bbs.org%2Fviewtopic.php%3Ff%3D105%26t%3D8543%26start%3D20%26sid%3Dbc15a04e1c5a2e8ee05f8b7d15e76b09","N"
"White Ash","Fraxinus americana","New York","Cattaraugus","Big Basin","","","","","264991","1","","","","Public - state","124.5'","Clinometer/laser rangefinder/sine","8.2'","98''","","","Erik Danielson","2020-01-02","http%3A%2F%2Fwww.ents-bbs.org%2Fviewtopic.php%3Ff%3D105%26t%3D8543%26start%3D20%26sid%3Dbc15a04e1c5a2e8ee05f8b7d15e76b09","N"
"White Ash","Fraxinus americana","New York","Cattaraugus","Big Basin","","","","","264826","1","","","","Public - state","126.0'","Clinometer/laser rangefinder/sine","9.2'","110''","","","Erik Danielson","2019-04-06","http%3A%2F%2Fwww.ents-bbs.org%2Fviewtopic.php%3Ff%3D105%26t%3D8543%26start%3D20%26sid%3Dbc15a04e1c5a2e8ee05f8b7d15e76b09","N"
"White Ash","Fraxinus americana","New York","Cattaraugus","Big Basin","","","","","265030","1","","","","Public - state","126.4'","Clinometer/laser rangefinder/sine","9.3'","112''","","","Erik Danielson","2021-08-24","http%3A%2F%2Fwww.ents-bbs.org%2Fviewtopic.php%3Ff%3D105%26t%3D8543%26start%3D20%26sid%3Dbc15a04e1c5a2e8ee05f8b7d15e76b09","N"
"White Ash","Fraxinus americana","New York","Cattaraugus","Big Basin","","","","","265029","1","","","","Public - state","127.5'","Clinometer/laser rangefinder/sine","","","","","Erik Danielson","2021-08-24","http%3A%2F%2Fwww.ents-bbs.org%2Fviewtopic.php%3Ff%3D105%26t%3D8543%26start%3D20%26sid%3Dbc15a04e1c5a2e8ee05f8b7d15e76b09","N"
"White Ash","Fraxinus americana","New York","Cattaraugus","Big Basin","","","","","264825","1","","","","Public - state","130.5'","Clinometer/laser rangefinder/sine","8.7'","104''","","","Erik Danielson","2019-04-06","http%3A%2F%2Fwww.ents-bbs.org%2Fviewtopic.php%3Ff%3D105%26t%3D8543%26start%3D20%26sid%3Dbc15a04e1c5a2e8ee05f8b7d15e76b09","N"
"White Ash","Fraxinus americana","New York","Cattaraugus","Big Basin","","","","","265028","1","","","","Public - state","130.5'","Clinometer/laser rangefinder/sine","","","","","Erik Danielson","2021-08-24","http%3A%2F%2Fwww.ents-bbs.org%2Fviewtopic.php%3Ff%3D105%26t%3D8543%26start%3D20%26sid%3Dbc15a04e1c5a2e8ee05f8b7d15e76b09","N"
"White Ash","Fraxinus americana","New York","Cattaraugus","Big Basin","","","","","264824","1","","","","Public - state","131.0'","Clinometer/laser rangefinder/sine","6.9'","83''","","","Erik Danielson","2019-04-06","http%3A%2F%2Fwww.ents-bbs.org%2Fviewtopic.php%3Ff%3D105%26t%3D8543%26start%3D20%26sid%3Dbc15a04e1c5a2e8ee05f8b7d15e76b09","N"
"White Ash","Fraxinus americana","New York","Cattaraugus","Big Basin","","","","","265027","1","","","","Public - state","132.8'","Clinometer/laser rangefinder/sine","6.7'","80''","","","Erik Danielson","2021-08-24","http%3A%2F%2Fwww.ents-bbs.org%2Fviewtopic.php%3Ff%3D105%26t%3D8543%26start%3D20%26sid%3Dbc15a04e1c5a2e8ee05f8b7d15e76b09","N"
"White Ash","Fraxinus americana","New York","Cattaraugus","Big Basin","","","","","264823","1","","","","Public - state","136.5'","Clinometer/laser rangefinder/sine","6.4'","77''","","","Erik Danielson","2019-04-06","http%3A%2F%2Fwww.ents-bbs.org%2Fviewtopic.php%3Ff%3D105%26t%3D8543%26start%3D20%26sid%3Dbc15a04e1c5a2e8ee05f8b7d15e76b09","N"
"White Ash","Fraxinus americana","New York","Cattaraugus","Big Basin","","","","","265026","1","","","","Public - state","145.7'","Clinometer/laser rangefinder/sine","6.5'","78''","","","Erik Danielson","2021-08-24","http%3A%2F%2Fwww.ents-bbs.org%2Fviewtopic.php%3Ff%3D105%26t%3D8543%26start%3D20%26sid%3Dbc15a04e1c5a2e8ee05f8b7d15e76b09","N"
"White Ash","Fraxinus americana","New York","Cattaraugus","Trackless West","","","A White Pine on Pine Creek was measured on 12/31/2019","","281345","1","","","","Public - state","107.5'","Clinometer/laser rangefinder/sine","9.5'","114''","","","Erik Danielson","2017-10-21","http%3A%2F%2Fwww.ents-bbs.org%2Fviewtopic.php%3Ff%3D105%26t%3D8116%26sid%3D75c3cd14aea4e263f5660ee32feb86dd","N"
"White Ash","Fraxinus americana","New York","Cattaraugus","Trackless West","","","A White Pine on Pine Creek was measured on 12/31/2019","","281337","1","","","","Public - state","115.7'","Clinometer/laser rangefinder/sine","7.1'","85''","","","Erik Danielson","2017-10-21","http%3A%2F%2Fwww.ents-bbs.org%2Fviewtopic.php%3Ff%3D105%26t%3D8116%26sid%3D75c3cd14aea4e263f5660ee32feb86dd","N"
"White Ash","Fraxinus americana","New York","Cattaraugus","Trackless West","","","A White Pine on Pine Creek was measured on 12/31/2019","","281349","1","","","","Public - state","120.5'","Clinometer/laser rangefinder/sine","6.3'","76''","","","Erik Danielson","2017-10-21","http%3A%2F%2Fwww.ents-bbs.org%2Fviewtopic.php%3Ff%3D105%26t%3D8116%26sid%3D75c3cd14aea4e263f5660ee32feb86dd","N"
"White Ash","Fraxinus americana","New York","Cattaraugus","Trackless West","","","A White Pine on Pine Creek was measured on 12/31/2019","","266350","1","","","","Public - state","121.0'","Clinometer/laser rangefinder/sine","9.2'","110''","","","Erik Danielson","2019-03-27","http%3A%2F%2Fwww.ents-bbs.org%2Fviewtopic.php%3Ff%3D105%26t%3D8116%26sid%3D75c3cd14aea4e263f5660ee32feb86dd","N"
"White Ash","Fraxinus americana","New York","Cattaraugus","Trackless West","","","A White Pine on Pine Creek was measured on 12/31/2019","","281344","1","","","","Public - state","123.0'","Clinometer/laser rangefinder/sine","10.4'","125''","","","Erik Danielson","2017-10-21","http%3A%2F%2Fwww.ents-bbs.org%2Fviewtopic.php%3Ff%3D105%26t%3D8116%26sid%3D75c3cd14aea4e263f5660ee32feb86dd","N"
"White Ash","Fraxinus americana","New York","Cattaraugus","Trackless West","","","A White Pine on Pine Creek was measured on 12/31/2019","","281343","1","","","","Public - state","123.5'","Clinometer/laser rangefinder/sine","8.2'","98''","","","Erik Danielson","2017-10-21","http%3A%2F%2Fwww.ents-bbs.org%2Fviewtopic.php%3Ff%3D105%26t%3D8116%26sid%3D75c3cd14aea4e263f5660ee32feb86dd","N"
"White Ash","Fraxinus americana","New York","Cattaraugus","Trackless West","","","A White Pine on Pine Creek was measured on 12/31/2019","","266349","1","","","","Public - state","125.0'","Clinometer/laser rangefinder/sine","9.3'","112''","","","Erik Danielson","2019-03-27","http%3A%2F%2Fwww.ents-bbs.org%2Fviewtopic.php%3Ff%3D105%26t%3D8116%26sid%3D75c3cd14aea4e263f5660ee32feb86dd","N"
"White Ash","Fraxinus americana","New York","Cattaraugus","Trackless West","","","A White Pine on Pine Creek was measured on 12/31/2019","","281348","1","","","","Public - state","125.0'","Clinometer/laser rangefinder/sine","9.1'","109''","","","Erik Danielson","2017-10-21","http%3A%2F%2Fwww.ents-bbs.org%2Fviewtopic.php%3Ff%3D105%26t%3D8116%26sid%3D75c3cd14aea4e263f5660ee32feb86dd","N"
"White Ash","Fraxinus americana","New York","Cattaraugus","Trackless West","","","A White Pine on Pine Creek was measured on 12/31/2019","","281347","1","","","","Public - state","126.5'","Clinometer/laser rangefinder/sine","","","","Multi-stem","Erik Danielson","2017-10-21","http%3A%2F%2Fwww.ents-bbs.org%2Fviewtopic.php%3Ff%3D105%26t%3D8116%26sid%3D75c3cd14aea4e263f5660ee32feb86dd","N"
"White Ash","Fraxinus americana","New York","Cattaraugus","Trackless West","","","A White Pine on Pine Creek was measured on 12/31/2019","","266348","1","","","","Public - state","129.0'","Clinometer/laser rangefinder/sine","5.9'","71''","","","Erik Danielson","2019-03-27","http%3A%2F%2Fwww.ents-bbs.org%2Fviewtopic.php%3Ff%3D105%26t%3D8116%26sid%3D75c3cd14aea4e263f5660ee32feb86dd","N"
"White Ash","Fraxinus americana","New York","Cattaraugus","Trackless West","","","A White Pine on Pine Creek was measured on 12/31/2019","","281346","1","","","","Public - state","134.0'","Clinometer/laser rangefinder/sine","7.7'","92''","","","Erik Danielson","2017-10-21","http%3A%2F%2Fwww.ents-bbs.org%2Fviewtopic.php%3Ff%3D105%26t%3D8116%26sid%3D75c3cd14aea4e263f5660ee32feb86dd","N"
"White Ash","Fraxinus americana","New York","Cattaraugus","Trackless West","","","Trees were measured in coves along Bay State Brook.","","281385","1","","","","Public - state","138.2'","Clinometer/laser rangefinder/sine","8.0'","96''","","","Erik Danielson","2021-09-11","http%3A%2F%2Fwww.ents-bbs.org%2Fviewtopic.php%3Ff%3D105%26t%3D8116%26sid%3Df84e2f8e81882d689c945b6008d2e6c5","N"
"White Ash","Fraxinus americana","New York","Cattaraugus","Zoar Valley","","","","","280009","1","","","","Public","131.4'","Clinometer/laser rangefinder/sine","","","","","Tom Diggins","2005-05-29","http%3A%2F%2Fwww.ents-bbs.org%2Fviewtopic.php%3Ff%3D105%26t%3D7379","N"
"White Ash","Fraxinus americana","New York","Cattaraugus","Zoar Valley","","","","","257519","1","","","","Public","132.8'","Clinometer/laser rangefinder/sine","","","","79' to first limb.","Tom Diggins, Bruce Kershner, Bob Leverett","2003-11-05","http%3A%2F%2Fwww.ents-bbs.org%2Fviewtopic.php%3Ff%3D105%26t%3D7379","N"
"White Ash","Fraxinus americana","New York","Cattaraugus","Zoar Valley","","","","","265459","1","","","","Public","137.2'","Clinometer/laser rangefinder/sine","6.8'","81''","","","Tom Diggins","2002-11-19","http%3A%2F%2Fwww.ents-bbs.org%2Fviewtopic.php%3Ff%3D105%26t%3D7379","N"
"White Ash","Fraxinus americana","New York","Cattaraugus","Zoar Valley","","","","","257502","1","","","","Public","139.0'","Clinometer/laser rangefinder/sine","","","","","Tom Diggins, Bruce Kershner, Bob Leverett","2003-11-05","http%3A%2F%2Fwww.ents-bbs.org%2Fviewtopic.php%3Ff%3D105%26t%3D7379","N"
"White Ash","Fraxinus americana","New York","Cattaraugus","Zoar Valley","","","","","221824","1","","","","Public","139.1'","Clinometer/laser rangefinder/sine","5.8'","69''","","Dead as of 7/20","Elijah Whitcomb, Erik Danielsen","2017-07-01","http%3A%2F%2Fwww.ents-bbs.org%2Fviewtopic.php%3Ff%3D105%26t%3D7379","N"
"White Ash","Fraxinus americana","New York","Cattaraugus","Zoar Valley","","","","","280017","1","","","","Public","140.5'","Clinometer/laser rangefinder/sine","8.3'","99''","","","Tom Diggins","2005-05-29","http%3A%2F%2Fwww.ents-bbs.org%2Fviewtopic.php%3Ff%3D105%26t%3D7379","N"
"White Ash","Fraxinus americana","New York","Cattaraugus","Zoar Valley","","","","","221800","1","","","","Public","143.5'","Clinometer/laser rangefinder/sine","","","","Dead as of 7/20","Elijah Whitcomb, Erik Danielsen","2017-07-01","http%3A%2F%2Fwww.ents-bbs.org%2Fviewtopic.php%3Ff%3D105%26t%3D7379","N"
"White Ash","Fraxinus americana","New York","Cayuga","Fillmore Glen State Park","","","","","151525","1","","","","Public","112.5'","Clinometer/laser rangefinder/sine","","","","","Elijah Whitcomb","2017-05-13","http%3A%2F%2Fwww.ents-bbs.org%2Fviewtopic.php%3Ff%3D105%26t%3D7713","N"
"White Ash","Fraxinus americana","New York","Chautauqua","Canadaway Creek","","","","","263256","1","","","","Public - state","82.2'","Clinometer/laser rangefinder/sine","","","","","Erik Danielson","2016-02-18","http%3A%2F%2Fwww.ents-bbs.org%2Fviewtopic.php%3Ff%3D105%26t%3D8475%26sid%3D790ff9aec04a19dc89f8f501cf95fd51","N"
"White Ash","Fraxinus americana","New York","Chautauqua","Canadaway Creek","","","","","263255","1","","","","Public - state","93.0'","Clinometer/laser rangefinder/sine","","","","","Erik Danielson","2016-02-18","http%3A%2F%2Fwww.ents-bbs.org%2Fviewtopic.php%3Ff%3D105%26t%3D8475%26sid%3D790ff9aec04a19dc89f8f501cf95fd51","N"
"White Ash","Fraxinus americana","New York","Chautauqua","Canadaway Creek","","","","","262266","1","","","","Public - state","96.0'","Clinometer/laser rangefinder/sine","3.1'","37''","","","Erik Danielson","2019-01-17","http%3A%2F%2Fwww.ents-bbs.org%2Fviewtopic.php%3Ff%3D105%26t%3D8475%26sid%3D790ff9aec04a19dc89f8f501cf95fd51","N"
"White Ash","Fraxinus americana","New York","Chautauqua","Canadaway Creek","","","","","263254","1","","","","Public - state","98.4'","Clinometer/laser rangefinder/sine","4.9'","59''","","","Erik Danielson","2016-02-18","http%3A%2F%2Fwww.ents-bbs.org%2Fviewtopic.php%3Ff%3D105%26t%3D8475%26sid%3D790ff9aec04a19dc89f8f501cf95fd51","N"
"White Ash","Fraxinus americana","New York","Chautauqua","Canadaway Creek","","","","","263210","1","","","","Public - state","115.2'","Clinometer/laser rangefinder/sine","","","","","Erik Danielson","2016-02-18","http%3A%2F%2Fwww.ents-bbs.org%2Fviewtopic.php%3Ff%3D105%26t%3D8475%26sid%3D790ff9aec04a19dc89f8f501cf95fd51","N"
"White Ash","Fraxinus americana","New York","Chautauqua","Canadaway Creek - Ancient Hemlock Ravines","","","Trees measured on 8/21/2018, 9/10/2018","","264344","1","","","","Public - state","84.5'","Clinometer/laser rangefinder/sine","6.8'","82''","","","Erik Danielson","2018-09-10","http%3A%2F%2Fwww.ents-bbs.org%2Fviewtopic.php%3Ff%3D105%26t%3D8361%26sid%3D4da65c5dd783d9a4ead9fd8df9d2fdab","N"
"White Ash","Fraxinus americana","New York","Chautauqua","Canadaway Creek - Ancient Hemlock Ravines","","","Trees measured on 8/21/2018, 9/10/2018","","264320","1","","","","Public - state","93.0'","Clinometer/laser rangefinder/sine","4.6'","55''","","","Erik Danielson","2018-09-10","http%3A%2F%2Fwww.ents-bbs.org%2Fviewtopic.php%3Ff%3D105%26t%3D8361%26sid%3D4da65c5dd783d9a4ead9fd8df9d2fdab","N"
"White Ash","Fraxinus americana","New York","Chautauqua","Canadaway Creek - Ancient Hemlock Ravines","","","Trees measured on 8/21/2018, 9/10/2018","","264319","1","","","","Public - state","107.5'","Clinometer/laser rangefinder/sine","8.0'","96''","","","Erik Danielson","2018-09-10","http%3A%2F%2Fwww.ents-bbs.org%2Fviewtopic.php%3Ff%3D105%26t%3D8361%26sid%3D4da65c5dd783d9a4ead9fd8df9d2fdab","N"
"White Ash","Fraxinus americana","New York","Chautauqua","Canadaway Creek - Ancient Hemlock Ravines","","","Trees measured on 8/21/2018, 9/10/2018","","264343","1","","","","Public - state","109.0'","Clinometer/laser rangefinder/sine","5.7'","68''","","","Erik Danielson","2018-09-10","http%3A%2F%2Fwww.ents-bbs.org%2Fviewtopic.php%3Ff%3D105%26t%3D8361%26sid%3D4da65c5dd783d9a4ead9fd8df9d2fdab","N"
"White Ash","Fraxinus americana","New York","Chautauqua","Canadaway Creek - Ancient Hemlock Ravines","","","Trees measured on 8/21/2018, 9/10/2018","","264318","1","","","","Public - state","111.5'","Clinometer/laser rangefinder/sine","6.5'","78''","","","Erik Danielson","2018-09-10","http%3A%2F%2Fwww.ents-bbs.org%2Fviewtopic.php%3Ff%3D105%26t%3D8361%26sid%3D4da65c5dd783d9a4ead9fd8df9d2fdab","N"
"White Ash","Fraxinus americana","New York","Chautauqua","Chautauqua Creek Gorge","","","Trees measured during visits on 2/9/2019, 3/6/2019","","264136","1","","","","Public - state","115.0'","Clinometer/laser rangefinder/sine","5.3'","64''","","","Erik Danielson","2018-05-26","http%3A%2F%2Fwww.ents-bbs.org%2Fviewtopic.php%3Ff%3D105%26t%3D8107%26start%3D10%26sid%3D147272388024481ad73b800144c5c8ae","N"
"White Ash","Fraxinus americana","New York","Chautauqua","Chautauqua Creek Gorge","","","Trees measured during visits on 2/9/2019, 3/6/2019","","264189","1","","","","Public - state","117.0'","Clinometer/laser rangefinder/sine","7.9'","95''","","","Erik Danielson","2018-05-26","http%3A%2F%2Fwww.ents-bbs.org%2Fviewtopic.php%3Ff%3D105%26t%3D8107%26start%3D10%26sid%3D147272388024481ad73b800144c5c8ae","N"
"White Ash","Fraxinus americana","New York","Chautauqua","Chautauqua Creek Gorge","","","Trees measured during visits on 2/9/2019, 3/6/2019","","264181","1","","","","Public - state","117.5'","Clinometer/laser rangefinder/sine","5.4'","65''","","","Erik Danielson","2018-05-26","http%3A%2F%2Fwww.ents-bbs.org%2Fviewtopic.php%3Ff%3D105%26t%3D8107%26start%3D10%26sid%3D147272388024481ad73b800144c5c8ae","N"
"White Ash","Fraxinus americana","New York","Chautauqua","Chautauqua Creek Gorge","","","Trees measured during visits on 2/9/2019, 3/6/2019","","264188","1","","","","Public - state","121.0'","Clinometer/laser rangefinder/sine","6.3'","76''","","","Erik Danielson","2018-05-26","http%3A%2F%2Fwww.ents-bbs.org%2Fviewtopic.php%3Ff%3D105%26t%3D8107%26start%3D10%26sid%3D147272388024481ad73b800144c5c8ae","N"
"White Ash","Fraxinus americana","New York","Chautauqua","Chautauqua Creek Gorge","","","Trees measured during visits on 2/9/2019, 3/6/2019","","264187","1","","","","Public - state","123.5'","Clinometer/laser rangefinder/sine","","","","","Erik Danielson","2018-05-26","http%3A%2F%2Fwww.ents-bbs.org%2Fviewtopic.php%3Ff%3D105%26t%3D8107%26start%3D10%26sid%3D147272388024481ad73b800144c5c8ae","N"
"White Ash","Fraxinus americana","New York","Chautauqua","Chautauqua Creek Gorge","","","Trees measured during visits on 2/9/2019, 3/6/2019","","264135","1","","","","Public - state","124.5'","Clinometer/laser rangefinder/sine","6.3'","76''","","","Erik Danielson","2018-05-26","http%3A%2F%2Fwww.ents-bbs.org%2Fviewtopic.php%3Ff%3D105%26t%3D8107%26start%3D10%26sid%3D147272388024481ad73b800144c5c8ae","N"
"White Ash","Fraxinus americana","New York","Chautauqua","Chautauqua Creek Gorge","","","Trees measured during visits on 2/9/2019, 3/6/2019","","264186","1","","","","Public - state","129.6'","Clinometer/laser rangefinder/sine","6.3'","76''","","","Erik Danielson","2018-05-26","http%3A%2F%2Fwww.ents-bbs.org%2Fviewtopic.php%3Ff%3D105%26t%3D8107%26start%3D10%26sid%3D147272388024481ad73b800144c5c8ae","N"
"White Ash","Fraxinus americana","New York","Chautauqua","Chautauqua Creek Gorge","","","Trees measured during visits on 2/9/2019, 3/6/2019","","264185","1","","","","Public - state","130.8'","Clinometer/laser rangefinder/sine","6.1'","73''","","","Erik Danielson","2018-05-26","http%3A%2F%2Fwww.ents-bbs.org%2Fviewtopic.php%3Ff%3D105%26t%3D8107%26start%3D10%26sid%3D147272388024481ad73b800144c5c8ae","N"
"White Ash","Fraxinus americana","New York","Chautauqua","Chautauqua Creek Gorge","","","Trees measured during visits on 2/9/2019, 3/6/2019","","264146","1","","","","Public - state","131.5'","Clinometer/laser rangefinder/sine","7.2'","86''","","","Erik Danielson","2018-05-26","http%3A%2F%2Fwww.ents-bbs.org%2Fviewtopic.php%3Ff%3D105%26t%3D8107%26start%3D10%26sid%3D147272388024481ad73b800144c5c8ae","N"
"White Ash","Fraxinus americana","New York","Chautauqua","Chautauqua Creek Gorge","","","Trees measured during visits on 2/9/2019, 3/6/2019","","264134","1","","","","Public - state","132.5'","Clinometer/laser rangefinder/sine","7.1'","85''","","","Erik Danielson","2018-05-26","http%3A%2F%2Fwww.ents-bbs.org%2Fviewtopic.php%3Ff%3D105%26t%3D8107%26start%3D10%26sid%3D147272388024481ad73b800144c5c8ae","N"
"White Ash","Fraxinus americana","New York","Chautauqua","Chautauqua Creek Gorge","","","Trees measured during visits on 2/9/2019, 3/6/2019","","264120","1","","","","Public - state","133.0'","Clinometer/laser rangefinder/sine","","","","Height is Not Less Then(NLT)","Erik Danielson","2019-03-06","http%3A%2F%2Fwww.ents-bbs.org%2Fviewtopic.php%3Ff%3D105%26t%3D8107%26start%3D10%26sid%3D147272388024481ad73b800144c5c8ae","N"
"White Ash","Fraxinus americana","New York","Chautauqua","Chautauqua Creek Gorge","","","Trees measured during visits on 2/9/2019, 3/6/2019","","264145","1","","","","Public - state","134.0'","Clinometer/laser rangefinder/sine","9.0'","108''","","","Erik Danielson","2018-05-26","http%3A%2F%2Fwww.ents-bbs.org%2Fviewtopic.php%3Ff%3D105%26t%3D8107%26start%3D10%26sid%3D147272388024481ad73b800144c5c8ae","N"
"White Ash","Fraxinus americana","New York","Chautauqua","Fredonia College (SUNY) Woodlot","","","","","258962","1","","","","Public - state","87.9'","Clinometer/laser rangefinder/sine","5.0'","60''","","","Erik Danielson","2016-01-03","http%3A%2F%2Fwww.ents-bbs.org%2Fviewtopic.php%3Ff%3D105%26t%3D7439%26sid%3D09816f915ab8eb7380e5089116daacfd","N"
"White Ash","Fraxinus americana","New York","Chautauqua","Leolyn Woods","","","","","261312","1","","","","Public-Private","112.1'","Clinometer/laser rangefinder/sine","9.2'","110''","","","Erik Danielson, Jack Howard, Tom Howard","2015-03-13","http%3A%2F%2Fwww.ents-bbs.org%2Fviewtopic.php%3Ff%3D105%26t%3D8188%26sid%3D790ff9aec04a19dc89f8f501cf95fd51","N"
"White Ash","Fraxinus americana","New York","Chautauqua","Leolyn Woods","","","","","261311","1","","","","Public-Private","123.0'","Clinometer/laser rangefinder/sine","9.3'","111''","","","Erik Danielson, Jack Howard, Tom Howard","2015-03-13","http%3A%2F%2Fwww.ents-bbs.org%2Fviewtopic.php%3Ff%3D105%26t%3D8188%26sid%3D790ff9aec04a19dc89f8f501cf95fd51","N"
"White Ash","Fraxinus americana","New York","Chautauqua","Leolyn Woods","42 20.995","-079 19.425","","","264309","1","42 20.995","-079 19.425","","Public-Private","125.2'","Clinometer/laser rangefinder/sine","7.8'","94''","","","Erik Danielson","2018-01-30","http%3A%2F%2Fwww.ents-bbs.org%2Fviewtopic.php%3Ff%3D105%26t%3D8188%26sid%3D790ff9aec04a19dc89f8f501cf95fd51","N"
"White Ash","Fraxinus americana","New York","Chautauqua","Leolyn Woods","42 20.940","-079 19.418","","","264286","1","42 20.940","-079 19.418","","Public-Private","128.6'","Clinometer/laser rangefinder/sine","9.4'","113''","","","Erik Danielson","2018-01-30","http%3A%2F%2Fwww.ents-bbs.org%2Fviewtopic.php%3Ff%3D105%26t%3D8188%26sid%3D790ff9aec04a19dc89f8f501cf95fd51","N"
"White Ash","Fraxinus americana","New York","Chautauqua","Long Point State Park","","","","","242726","1","","","","Public - state","108.9'","Clinometer/laser rangefinder/sine","5.8'","70''","","","Dale Luthringer, Bruce Kershner, Gerry Horowitz","2006-05-07","http%3A%2F%2Fwww.ents-bbs.org%2Fviewtopic.php%3Ff%3D105%26t%3D8077%26sid%3D6b0f6b34c4c50c35d114e981206bd7cd","N"
"White Ash","Fraxinus americana","New York","Chautauqua","Long Point State Park","","","","","265904","1","","","","Public - state","122.5'","Clinometer/laser rangefinder/sine","5.4'","65''","","","Erik Danielson","2017-08-23","http%3A%2F%2Fwww.ents-bbs.org%2Fviewtopic.php%3Ff%3D105%26t%3D8077%26sid%3D6b0f6b34c4c50c35d114e981206bd7cd","N"
"White Ash","Fraxinus americana","New York","Chautauqua","Long Point State Park","","","","","242727","1","","","","Public - state","125.7'","Clinometer/laser rangefinder/sine","8.4'","101''","","","Dale Luthringer, Bruce Kershner, Gerry Horowitz","2006-05-07","http%3A%2F%2Fwww.ents-bbs.org%2Fviewtopic.php%3Ff%3D105%26t%3D8077%26sid%3D6b0f6b34c4c50c35d114e981206bd7cd","N"
"White Ash","Fraxinus americana","New York","Chautauqua","Long Point State Park","","","","","242728","1","","","","Public - state","130.8'","Clinometer/laser rangefinder/sine","4.9'","59''","","","Dale Luthringer, Bruce Kershner, Gerry Horowitz","2006-05-07","http%3A%2F%2Fwww.ents-bbs.org%2Fviewtopic.php%3Ff%3D105%26t%3D8077%26sid%3D6b0f6b34c4c50c35d114e981206bd7cd","N"
"White Ash","Fraxinus americana","New York","Dutchess","Dutchess County","","","Trees measured in a series of visits 5/15/2018, 6/24 & 6/29/2018, 8/22/18, 9/27/2018, 10/13/2018, 12/26/1018","","302379","1","","","","Private","","Clinometer/laser rangefinder/sine","9.4'","113''","","","Joshua Harkness","2018-12-26","http%3A%2F%2Fwww.ents-bbs.org%2Fviewtopic.php%3Ff%3D105%26t%3D8278%26sid%3Dea8173bc505bccbb30b1e58603757f06","N"
"White Ash","Fraxinus americana","New York","Dutchess","Dutchess County","","","Trees measured in a series of visits 5/15/2018, 6/24 & 6/29/2018, 8/22/18, 9/27/2018, 10/13/2018, 12/26/1018","","302404","1","","","","Private","","Clinometer/laser rangefinder/sine","6.8'","81''","","","Joshua Harkness","2018-12-26","http%3A%2F%2Fwww.ents-bbs.org%2Fviewtopic.php%3Ff%3D105%26t%3D8278%26sid%3Dea8173bc505bccbb30b1e58603757f06","N"
"White Ash","Fraxinus americana","New York","Dutchess","Dutchess County","","","Trees measured in a series of visits 5/15/2018, 6/24 & 6/29/2018, 8/22/18, 9/27/2018, 10/13/2018, 12/26/1018","","302405","1","","","","Private","","Clinometer/laser rangefinder/sine","8.6'","103''","","","Joshua Harkness","2018-12-26","http%3A%2F%2Fwww.ents-bbs.org%2Fviewtopic.php%3Ff%3D105%26t%3D8278%26sid%3Dea8173bc505bccbb30b1e58603757f06","N"
"White Ash","Fraxinus americana","New York","Dutchess","Dutchess County","","","Trees measured in a series of visits 5/15/2018, 6/24 & 6/29/2018, 8/22/18, 9/27/2018, 10/13/2018, 12/26/1018","","302406","1","","","","Private","","Clinometer/laser rangefinder/sine","6.8'","81''","","","Joshua Harkness","2018-12-26","http%3A%2F%2Fwww.ents-bbs.org%2Fviewtopic.php%3Ff%3D105%26t%3D8278%26sid%3Dea8173bc505bccbb30b1e58603757f06","N"
"White Ash","Fraxinus americana","New York","Dutchess","Dutchess County","","","Trees measured in a series of visits 5/15/2018, 6/24 & 6/29/2018, 8/22/18, 9/27/2018, 10/13/2018, 12/26/1018","","302407","1","","","","Private","","Clinometer/laser rangefinder/sine","6.2'","74''","","","Joshua Harkness","2018-12-26","http%3A%2F%2Fwww.ents-bbs.org%2Fviewtopic.php%3Ff%3D105%26t%3D8278%26sid%3Dea8173bc505bccbb30b1e58603757f06","N"
"White Ash","Fraxinus americana","New York","Dutchess","Dutchess County","","","Trees measured in a series of visits 5/15/2018, 6/24 & 6/29/2018, 8/22/18, 9/27/2018, 10/13/2018, 12/26/1018","","302408","1","","","","Private","","Clinometer/laser rangefinder/sine","5.9'","71''","","","Joshua Harkness","2018-12-26","http%3A%2F%2Fwww.ents-bbs.org%2Fviewtopic.php%3Ff%3D105%26t%3D8278%26sid%3Dea8173bc505bccbb30b1e58603757f06","N"
"White Ash","Fraxinus americana","New York","Dutchess","Dutchess County","","","Trees measured in a series of visits 5/15/2018, 6/24 & 6/29/2018, 8/22/18, 9/27/2018, 10/13/2018, 12/26/1018","","302412","1","","","","Private","","Clinometer/laser rangefinder/sine","9.4'","113''","","","Joshua Harkness","2018-12-26","http%3A%2F%2Fwww.ents-bbs.org%2Fviewtopic.php%3Ff%3D105%26t%3D8278%26sid%3Dea8173bc505bccbb30b1e58603757f06","N"
"White Ash","Fraxinus americana","New York","Dutchess","Dutchess County","","","Trees measured in a series of visits 5/15/2018, 6/24 & 6/29/2018, 8/22/18, 9/27/2018, 10/13/2018, 12/26/1018","","302409","1","","","","Private","6.8'","Clinometer/laser rangefinder/sine","","","","","Joshua Harkness","2018-12-26","http%3A%2F%2Fwww.ents-bbs.org%2Fviewtopic.php%3Ff%3D105%26t%3D8278%26sid%3Dea8173bc505bccbb30b1e58603757f06","N"
"White Ash","Fraxinus americana","New York","Dutchess","Dutchess County","","","Trees measured in a series of visits 5/15/2018, 6/24 & 6/29/2018, 8/22/18, 9/27/2018, 10/13/2018, 12/26/1018","","302452","1","","","","Private","114.2'","Clinometer/laser rangefinder/sine","4.8'","58''","","","Joshua Harkness","2018-12-26","http%3A%2F%2Fwww.ents-bbs.org%2Fviewtopic.php%3Ff%3D105%26t%3D8278%26sid%3Dea8173bc505bccbb30b1e58603757f06","N"
"White Ash","Fraxinus americana","New York","Dutchess","Dutchess County","","","Trees measured in a series of visits 5/15/2018, 6/24 & 6/29/2018, 8/22/18, 9/27/2018, 10/13/2018, 12/26/1018","","302417","1","","","","Private","118.0'","Clinometer/laser rangefinder/sine","6.0'","72''","","","Joshua Harkness","2018-12-26","http%3A%2F%2Fwww.ents-bbs.org%2Fviewtopic.php%3Ff%3D105%26t%3D8278%26sid%3Dea8173bc505bccbb30b1e58603757f06","N"
"White Ash","Fraxinus americana","New York","Dutchess","Dutchess County","","","Trees measured in a series of visits 5/15/2018, 6/24 & 6/29/2018, 8/22/18, 9/27/2018, 10/13/2018, 12/26/1018","","302451","1","","","","Private","118.4'","Clinometer/laser rangefinder/sine","6.8'","81''","","","Joshua Harkness","2018-12-26","http%3A%2F%2Fwww.ents-bbs.org%2Fviewtopic.php%3Ff%3D105%26t%3D8278%26sid%3Dea8173bc505bccbb30b1e58603757f06","N"
"White Ash","Fraxinus americana","New York","Dutchess","Dutchess County","","","Trees measured in a series of visits 5/15/2018, 6/24 & 6/29/2018, 8/22/18, 9/27/2018, 10/13/2018, 12/26/1018","","302416","1","","","","Private","118.8'","Clinometer/laser rangefinder/sine","6.2'","74''","","","Joshua Harkness","2018-12-26","http%3A%2F%2Fwww.ents-bbs.org%2Fviewtopic.php%3Ff%3D105%26t%3D8278%26sid%3Dea8173bc505bccbb30b1e58603757f06","N"
"White Ash","Fraxinus americana","New York","Dutchess","Dutchess County","","","Trees measured in a series of visits 5/15/2018, 6/24 & 6/29/2018, 8/22/18, 9/27/2018, 10/13/2018, 12/26/1018","","302415","1","","","","Private","126.9'","Clinometer/laser rangefinder/sine","6.8'","81''","","","Joshua Harkness","2018-12-26","http%3A%2F%2Fwww.ents-bbs.org%2Fviewtopic.php%3Ff%3D105%26t%3D8278%26sid%3Dea8173bc505bccbb30b1e58603757f06","N"
"White Ash","Fraxinus americana","New York","Dutchess","Dutchess County","","","Trees measured in a series of visits 5/15/2018, 6/24 & 6/29/2018, 8/22/18, 9/27/2018, 10/13/2018, 12/26/1018","","302414","1","","","","Private","127.8'","Clinometer/laser rangefinder/sine","8.8'","105''","","","Joshua Harkness","2018-12-26","http%3A%2F%2Fwww.ents-bbs.org%2Fviewtopic.php%3Ff%3D105%26t%3D8278%26sid%3Dea8173bc505bccbb30b1e58603757f06","N"
"White Ash","Fraxinus americana","New York","Dutchess","Dutchess County","","","Trees measured in a series of visits 5/15/2018, 6/24 & 6/29/2018, 8/22/18, 9/27/2018, 10/13/2018, 12/26/1018","","302413","1","","","","Private","128.8'","Clinometer/laser rangefinder/sine","5.8'","70''","","","Joshua Harkness","2018-12-26","http%3A%2F%2Fwww.ents-bbs.org%2Fviewtopic.php%3Ff%3D105%26t%3D8278%26sid%3Dea8173bc505bccbb30b1e58603757f06","N"
"White Ash","Fraxinus americana","New York","Dutchess","Dutchess County","","","Trees measured in a series of visits 5/15/2018, 6/24 & 6/29/2018, 8/22/18, 9/27/2018, 10/13/2018, 12/26/1018","","302418","1","","","","Private","130.0'","Clinometer/laser rangefinder/sine","","","","Height is Not Less Then (NLT)","Joshua Harkness","2018-12-26","http%3A%2F%2Fwww.ents-bbs.org%2Fviewtopic.php%3Ff%3D105%26t%3D8278%26sid%3Dea8173bc505bccbb30b1e58603757f06","N"
"White Ash","Fraxinus americana","New York","Erie","Alexander Preserve","","","118 Acres along Cattaraugus Creek in Southern Erie County.","","257732","1","","","","Public-Private","104.6'","Clinometer/laser rangefinder/sine","10.5'","126''","","","Erik Danieldon","2015-04-04","http%3A%2F%2Fwww.ents-bbs.org%2Fviewtopic.php%3Ff%3D105%26t%3D6978%26sid%3D7f779ac8e663f6a5a7842ee6b38f6b83","N"
"White Ash","Fraxinus americana","New York","Erie","Hunters Creek Gorge","","","Trees were measured on the Kenneglen Preserve owned by the Western New York Land Conservancy and the Emmerling property to be acquired.","","261639","1","","","","Public-Private","106.5'","Clinometer/laser rangefinder/sine","5.3'","64''","","","Erik Danielson","2018-04-06","http%3A%2F%2Fwww.ents-bbs.org%2Fviewtopic.php%3Ff%3D105%26t%3D8245%26sid%3D02519a8b9d7201e9827338c2482cb174","N"
"White Ash","Fraxinus americana","New York","Erie","Zoar Valley - North Rim","","","Two feet of snow cover may have affected tree height calculation.","","275153","1","","","","Public - state","124.0'","Clinometer/laser rangefinder/sine","9.5'","115''","","","Erik Danielson","2018-02-11","http%3A%2F%2Fwww.ents-bbs.org%2Fviewtopic.php%3Ff%3D105%26t%3D8200%26sid%3Ddb13fd70bc49170bba0fb52260ebd1e8%23p41321","N"
"White Ash","Fraxinus americana","New York","Erie","Zoar Valley - North Rim","","","Two feet of snow cover may have affected tree height calculation.","","275152","1","","","","Public - state","131.0'","Clinometer/laser rangefinder/sine","10.1'","121''","","","Erik Danielson","2018-02-11","http%3A%2F%2Fwww.ents-bbs.org%2Fviewtopic.php%3Ff%3D105%26t%3D8200%26sid%3Ddb13fd70bc49170bba0fb52260ebd1e8%23p41321","N"
"White Ash","Fraxinus americana","New York","Essex","Hoffman Notch Wilderness","","","","","221358","1","","","","Public","112.6'","Clinometer/laser rangefinder/sine","9.0'","108''","","","Elijah Whitcomb","2017-09-16","","N"
"White Ash","Fraxinus americana","New York","Essex","Pharaoh Lake Wilderness","43 47.984","-073 39.424","","","214359","1","43 47.984","-073 39.424","","Public","92.6'","Clinometer/laser rangefinder/sine","11.1'","133''","","","Elijah Whitcomb","2018-08-05","http%3A%2F%2Fwww.ents-bbs.org%2Fviewtopic.php%3Ff%3D105%26t%3D7995","N"
"White Ash","Fraxinus americana","New York","Essex","Pharaoh Lake Wilderness","","","","","214353","1","","","","Public","109.1'","Clinometer/laser rangefinder/sine","9.4'","113''","","","Elijah Whitcomb","2018-08-05","http%3A%2F%2Fwww.ents-bbs.org%2Fviewtopic.php%3Ff%3D105%26t%3D7995","N"
"White Ash","Fraxinus americana","New York","Essex","Pharaoh Lake Wilderness","","","","","214300","1","","","","Public","120.1'","Clinometer/laser rangefinder/sine","7.5'","90''","","","Elijah Whitcomb","2018-08-05","http%3A%2F%2Fwww.ents-bbs.org%2Fviewtopic.php%3Ff%3D105%26t%3D7995","N"
"White Ash","Fraxinus americana","New York","Essex","Pharaoh Lake Wilderness","","","","","214350","1","","","","Public","122.1'","Clinometer/laser rangefinder/sine","","","","","Elijah Whitcomb","2018-08-05","http%3A%2F%2Fwww.ents-bbs.org%2Fviewtopic.php%3Ff%3D105%26t%3D7995","N"
"White Ash","Fraxinus americana","New York","Essex","Pharaoh Lake Wilderness","","","","","214355","1","","","","Public","128.4'","Clinometer/laser rangefinder/sine","","","","","Elijah Whitcomb","2018-08-05","http%3A%2F%2Fwww.ents-bbs.org%2Fviewtopic.php%3Ff%3D105%26t%3D7995","N"
"White Ash","Fraxinus americana","New York","Essex","Pharaoh Lake Wilderness","43 48.209","-073 39.939","","","214340","1","43 48.209","-073 39.939","1200.0 ft","Public","131.2'","Clinometer/laser rangefinder/sine","8.0'","96''","","","Elijah Whitcomb","2018-08-05","http%3A%2F%2Fwww.ents-bbs.org%2Fviewtopic.php%3Ff%3D105%26t%3D7995","N"
"White Ash","Fraxinus americana","New York","Franklin","Ampersand Basin","","","Trees measured on 10/22 2019, E. Whitcomb
 9/8/2020. 9/9/2020, 9/13/2020,9/14/2020, E. Danielson. 10/22","","264723","1","","","","Public - state","103.0'","Clinometer/laser rangefinder/sine","12.7'","152''","","","Erik Danielson, Elijah Whitcomb","2020-09-14","http%3A%2F%2Fwww.ents-bbs.org%2Fviewtopic.php%3Ff%3D105%26t%3D8730%26sid%3Daef53288401235d377d10dca07017ed8%23p44543","N"
"White Ash","Fraxinus americana","New York","Franklin","Ampersand Mountain","","","","","205050","1","","","","Public","106.0'","Clinometer/laser rangefinder/sine","5.9'","71''","","","Erik Danielsen, Jared Lockwood, Elijah Whitcomb","2017-11-30","","N"
"White Ash","Fraxinus americana","New York","Greene","Kaaterskill Falls","","","","","257226","1","","","","Public","109.0'","Clinometer/laser rangefinder/sine","7.2'","86''","","","Harold Stoner","2004-11-22","","N"
"White Ash","Fraxinus americana","New York","Greene","Kaaterskill Falls","","","","","257231","1","","","","Public","111.0'","Clinometer/laser rangefinder/sine","8.4'","101''","","","Harold Stoner","2004-11-22","","N"
"White Ash","Fraxinus americana","New York","Greene","Kaaterskill Falls","","","","","257229","1","","","","Public","117.0'","Clinometer/laser rangefinder/sine","7.4'","88''","","","Harold Stoner","2004-11-22","","N"
"White Ash","Fraxinus americana","New York","Greene","Kaaterskill Falls","","","","","257230","1","","","","Public","120.0'","Clinometer/laser rangefinder/sine","8.4'","101''","","","Harold Stoner","2004-11-22","","N"
"White Ash","Fraxinus americana","New York","Greene","Kaaterskill Falls","","","","","257227","1","","","","Public","125.0'","Clinometer/laser rangefinder/sine","8.0'","96''","","","Harold Stoner","2004-11-22","","N"
"White Ash","Fraxinus americana","New York","Greene","Kaaterskill Falls","","","","","257228","1","","","","Public","141.1'","Clinometer/laser rangefinder/sine","10.1'","121''","","","Harold Stoner","2004-11-22","","N"
"White Ash","Fraxinus americana","New York","Greene","Kaaterskill Falls","","","","","113262","1","","","","Public","143.6'","Clinometer/laser rangefinder/sine","11.3'","135''","","","Elijah Whitcomb","2015-12-26","","N"
"White Ash","Fraxinus americana","New York","Hamilton","Pine Orchard","","","","","207833","1","","","","Public","","Clinometer/laser rangefinder/sine","9.1'","109''","","","Elijah Whitcomb","2016-06-11","","N"
"White Ash","Fraxinus americana","New York","Hamilton","Pine Orchard","","","","","207828","1","","","","Public","80.5'","Clinometer/laser rangefinder/sine","","","","","Elijah Whitcomb","2016-06-11","","N"
"White Ash","Fraxinus americana","New York","Hamilton","Pine Orchard","","","","","207832","1","","","","Public","107.7'","Clinometer/laser rangefinder/sine","7.2'","86''","","","Elijah Whitcomb","2016-06-11","","N"
"White Ash","Fraxinus americana","New York","Hamilton","Pine Orchard","","","","","257042","1","","","","Public","107.9'","Clinometer/laser rangefinder/sine","7.9'","95''","","","Harold Stoner","2007-02-07","","N"
"White Ash","Fraxinus americana","New York","Hamilton","Pine Orchard","","","","","207831","1","","","","Public","108.3'","Clinometer/laser rangefinder/sine","7.7'","92''","","","Elijah Whitcomb","2016-06-11","","N"
"White Ash","Fraxinus americana","New York","Hamilton","Powley Road","43 21.174","-074 36.130","","","213672","1","43 21.174","-074 36.130","1880.0 ft","Public","103.3'","Clinometer/laser rangefinder/sine","11.4'","137''","","","Elijah Whitcomb","2020-08-02","","N"
"White Ash","Fraxinus americana","New York","Lewis","Harrisville","","","","","256836","1","","","","Public-Private","72.0'","Clinometer/laser rangefinder/sine","4.2'","50''","","","Bradley Burns, Harold Stoner","2004-12-10","http%3A%2F%2Fnativetreesociety.org%2Ffieldtrips%2Fnew_york%2Fburns%2Fbradley_burns_gallery.htm","N"
"White Ash","Fraxinus americana","New York","Madison","Chittenango Falls State Park","","","193 acres","","262005","1","","","","Public - state","116.1'","Clinometer/laser rangefinder/sine","5.5'","66''","","","Elijah Whitcomb","2018-08-16","http%3A%2F%2Fwww.ents-bbs.org%2Fviewtopic.php%3Ff%3D105%26t%3D8343%26sid%3D9fd95f3cc5d5d436731823062af60065","N"
"White Ash","Fraxinus americana","New York","Manhattan","Inwood Hill Park","","","Trees were measured during a series of visits between 12/20/2015 and 4/08/2016","","260024","1","","","","Public - city","103.9'","Clinometer/laser rangefinder/sine","10.6'","127''","","","Erik Danielson","2016-04-08","http%3A%2F%2Fwww.ents-bbs.org%2Fviewtopic.php%3Ff%3D105%26t%3D7396%26sid%3D82c231524f625f1e32dd5d64e14763f8","N"
"White Ash","Fraxinus americana","New York","Monroe","Abraham Lincoln Park","","","","","323092","1","","","","Public","117.3'","Clinometer/laser rangefinder/sine","8.3'","99''","","","Elijah Whitcomb","2025-12-26","","N"
"White Ash","Fraxinus americana","New York","Monroe","Abraham Lincoln Park","43 11.094","-077 30.915","","","323101","1","43 11.094","-077 30.915","","Public","132.1'","Clinometer/laser rangefinder/sine","8.3'","99''","","","Elijah Whitcomb","2025-12-26","","N"
"White Ash","Fraxinus americana","New York","Monroe","Ellison Park","","","","","323130","1","","","","Public","127.4'","Clinometer/laser rangefinder/sine","","","","","Elijah Whitcomb","2025-12-26","http%3A%2F%2Fwww.ents-bbs.org%2Fviewtopic.php%3Ff%3D105%26t%3D7882%26start%3D10","N"
"White Ash","Fraxinus americana","New York","Monroe","Ellison Park","","","","","323129","1","","","","Public","128.4'","Clinometer/laser rangefinder/sine","","","","","Elijah Whitcomb","2025-12-26","http%3A%2F%2Fwww.ents-bbs.org%2Fviewtopic.php%3Ff%3D105%26t%3D7882%26start%3D10","N"
"White Ash","Fraxinus americana","New York","Monroe","Ellison Park","43 08.613","-077 30.928","","","323146","1","43 08.613","-077 30.928","340.0 ft","Public","135.2'","Clinometer/laser rangefinder/sine","5.3'","63''","","","Elijah Whitcomb","2025-12-26","http%3A%2F%2Fwww.ents-bbs.org%2Fviewtopic.php%3Ff%3D105%26t%3D7882%26start%3D10","N"
"White Ash","Fraxinus americana","New York","Monroe","Ellison Park","43 08.450","-077 30.831","","","323157","1","43 08.450","-077 30.831","370.0 ft","Public","136.4'","Clinometer/laser rangefinder/sine","","","","","Elijah Whitcomb","2025-12-26","http%3A%2F%2Fwww.ents-bbs.org%2Fviewtopic.php%3Ff%3D105%26t%3D7882%26start%3D10","N"
"White Ash","Fraxinus americana","New York","Monroe","Gosnell Big Woods Preserve","","","163 Acres","","261375","1","","","","Public-Private","117.8'","Clinometer/laser rangefinder/sine","8.8'","105''","","","Elijah Whitcomb","2017-12-16","http%3A%2F%2Fwww.ents-bbs.org%2Fviewtopic.php%3Ff%3D105%26t%3D8143%26sid%3D34b1f252e0301bfead49f3effe40ffb9","N"
"White Ash","Fraxinus americana","New York","Monroe","Gosnell Big Woods Preserve","","","163 Acres","","261376","1","","","","Public-Private","117.8'","Clinometer/laser rangefinder/sine","8.3'","99''","","","Elijah Whitcomb","2017-12-16","http%3A%2F%2Fwww.ents-bbs.org%2Fviewtopic.php%3Ff%3D105%26t%3D8143%26sid%3D34b1f252e0301bfead49f3effe40ffb9","N"
"White Ash","Fraxinus americana","New York","Monroe","Gosnell Big Woods Preserve","","","163 Acres","","261374","1","","","","Public-Private","118.8'","Clinometer/laser rangefinder/sine","7.4'","89''","","","Elijah Whitcomb","2017-12-16","http%3A%2F%2Fwww.ents-bbs.org%2Fviewtopic.php%3Ff%3D105%26t%3D8143%26sid%3D34b1f252e0301bfead49f3effe40ffb9","N"
"White Ash","Fraxinus americana","New York","Monroe","Gosnell Big Woods Preserve","","","163 Acres","","261373","1","","","","Public-Private","123.0'","Clinometer/laser rangefinder/sine","5.8'","69''","","","Elijah Whitcomb","2017-12-16","http%3A%2F%2Fwww.ents-bbs.org%2Fviewtopic.php%3Ff%3D105%26t%3D8143%26sid%3D34b1f252e0301bfead49f3effe40ffb9","N"
"White Ash","Fraxinus americana","New York","Monroe","Gosnell Big Woods Preserve","","","163 Acres","","261372","1","","","","Public-Private","125.3'","Clinometer/laser rangefinder/sine","8.2'","98''","","","Elijah Whitcomb","2017-12-16","http%3A%2F%2Fwww.ents-bbs.org%2Fviewtopic.php%3Ff%3D105%26t%3D8143%26sid%3D34b1f252e0301bfead49f3effe40ffb9","N"
"White Ash","Fraxinus americana","New York","Monroe","Hart’S Woods","","","","","186047","1","","","","Public","113.0'","Clinometer/laser rangefinder/sine","","","","","Elijah Whitcomb, Tom Howard","2019-03-24","","N"
"White Ash","Fraxinus americana","New York","Monroe","Highland Park","","","","","226112","1","","","","Public","108.2'","Clinometer/laser rangefinder/sine","10.6'","127''","","","Elijah Whitcomb, Tom Howard","2020-11-01","http%3A%2F%2Fwww.ents-bbs.org%2Fviewtopic.php%3Ff%3D105%26t%3D7037","N"
"White Ash","Fraxinus americana","New York","Monroe","Irondeqouit Bay Park West","43 11.113","-077 31.894","","","241033","1","43 11.113","-077 31.894","","Public","99.4'","Clinometer/laser rangefinder/sine","9.3'","111''","","","Elijah Whitcomb","2021-04-05","","N"
"White Ash","Fraxinus americana","New York","Monroe","Lucien Morin County Park","","","","","260642","1","","","","Public","137.7'","Clinometer/laser rangefinder/sine","7.1'","85''","","","Elijah Whitcomb","2016-05-22","","N"
"White Ash","Fraxinus americana","New York","Monroe","Lucien Morin County Park","43 10.231","-077 31.546","","","322926","1","43 10.231","-077 31.546","305.0 ft","Public","137.9'","Clinometer/laser rangefinder/sine","7.4'","89''","","Dead as of 12/25","Elijah Whitcomb","2025-12-26","","N"
"White Ash","Fraxinus americana","New York","Monroe","Tryon Park","43 11.055","-077 32.003","","","240844","1","43 11.055","-077 32.003","","Public","128.1'","Clinometer/laser rangefinder/sine","5.6'","67''","","","Elijah Whitcomb","2021-03-15","","N"
"White Ash","Fraxinus americana","New York","Nassau","Shu Swamp","","","60 acres
Also known as the Charles T. Church Nature Preserve","","258331","1","","","","Public-Private","95.6'","Clinometer/laser rangefinder/sine","","","","","Erik Danielson","2016-04-22","http%3A%2F%2Fwww.ents-bbs.org%2Fviewtopic.php%3Ff%3D105%26t%3D7662%26sid%3Dc5e8d2b41b9f1f19f1de028e023dbcbf","N"
"White Ash","Fraxinus americana","New York","Nassau","Tiffany Creek Preserve","","","","","260059","1","","","","Public - county","106.0'","Clinometer/laser rangefinder/sine","","","","","Erik Danielson","2016-04-22","http%3A%2F%2Fwww.ents-bbs.org%2Fviewtopic.php%3Ff%3D105%26t%3D7660%26sid%3D60eba587880cce73bb509f21b4be94c1","N"
"White Ash","Fraxinus americana","New York","Nassau","Tiffany Creek Preserve","","","","","260058","1","","","","Public - county","108.8'","Clinometer/laser rangefinder/sine","","","","","Erik Danielson","2016-04-22","http%3A%2F%2Fwww.ents-bbs.org%2Fviewtopic.php%3Ff%3D105%26t%3D7660%26sid%3D60eba587880cce73bb509f21b4be94c1","N"
"White Ash","Fraxinus americana","New York","Nassau","Tiffany Creek Preserve","","","","","260083","1","","","","Public - county","109.5'","Clinometer/laser rangefinder/sine","7.3'","88''","","","Erik Danielson","2016-04-22","http%3A%2F%2Fwww.ents-bbs.org%2Fviewtopic.php%3Ff%3D105%26t%3D7660%26sid%3D60eba587880cce73bb509f21b4be94c1","N"
"White Ash","Fraxinus americana","New York","Nassau","Tiffany Creek Preserve","","","","","260057","1","","","","Public - county","110.1'","Clinometer/laser rangefinder/sine","","","","","Erik Danielson","2016-04-22","http%3A%2F%2Fwww.ents-bbs.org%2Fviewtopic.php%3Ff%3D105%26t%3D7660%26sid%3D60eba587880cce73bb509f21b4be94c1","N"
"White Ash","Fraxinus americana","New York","Nassau","Tiffany Creek Preserve","","","","","260082","1","","","","Public - county","111.5'","Clinometer/laser rangefinder/sine","","","","","Erik Danielson","2016-04-22","http%3A%2F%2Fwww.ents-bbs.org%2Fviewtopic.php%3Ff%3D105%26t%3D7660%26sid%3D60eba587880cce73bb509f21b4be94c1","N"
"White Ash","Fraxinus americana","New York","Nassau","Tiffany Creek Preserve","","","","","260056","1","","","","Public - county","113.7'","Clinometer/laser rangefinder/sine","7.2'","86''","","","Erik Danielson","2016-04-22","http%3A%2F%2Fwww.ents-bbs.org%2Fviewtopic.php%3Ff%3D105%26t%3D7660%26sid%3D60eba587880cce73bb509f21b4be94c1","N"
"White Ash","Fraxinus americana","New York","Nassau","Tiffany Creek Preserve","","","","","260081","1","","","","Public - county","115.0'","Clinometer/laser rangefinder/sine","","","","","Erik Danielson","2016-04-22","http%3A%2F%2Fwww.ents-bbs.org%2Fviewtopic.php%3Ff%3D105%26t%3D7660%26sid%3D60eba587880cce73bb509f21b4be94c1","N"
"White Ash","Fraxinus americana","New York","Nassau","Welwyn Preserve County Park","","","Trees were measured on 12/5/2016 and 12/19/2016","","257280","1","","","","Public - county","115.3'","Clinometer/laser rangefinder/sine","","","","","Edward Coyle","2004-12-01","http%3A%2F%2Fwww.ents-bbs.org%2Fviewtopic.php%3Ff%3D105%26t%3D7667%26sid%3D82c231524f625f1e32dd5d64e14763f8","N"
"White Ash","Fraxinus americana","New York","Nassau","Welwyn Preserve County Park","","","Trees were measured on 12/5/2016 and 12/19/2016","","260183","1","","","","Public - county","123.0'","Clinometer/laser rangefinder/sine","","","","","Erik Danielson","2016-12-19","http%3A%2F%2Fwww.ents-bbs.org%2Fviewtopic.php%3Ff%3D105%26t%3D7667%26sid%3D82c231524f625f1e32dd5d64e14763f8","N"
"White Ash","Fraxinus americana","New York","Onondaga","Beaver Lake Nature Center","43 11.127","-076 24.016","","","213026","1","43 11.127","-076 24.016","705.0 ft","Public","129.3'","Clinometer/laser rangefinder/sine","6.5'","77''","","","Elijah Whitcomb, Tom Howard","2015-11-01","","N"
"White Ash","Fraxinus americana","New York","Onondaga","Green Lakes State Park","","","","","221088","1","","","","Public","115.4'","Clinometer/laser rangefinder/sine","","","","","Elijah Whitcomb, Tom Howard, Bob Henry","2020-11-15","http%3A%2F%2Fwww.ents-bbs.org%2Fviewtopic.php%3Ff%3D105%26t%3D2419","N"
"White Ash","Fraxinus americana","New York","Onondaga","Green Lakes State Park","","","","","263470","1","","","","Public","119.8'","Clinometer/laser rangefinder/sine","9.4'","113''","","","Jess Riddle","2015-12-27","http%3A%2F%2Fwww.ents-bbs.org%2Fviewtopic.php%3Ff%3D105%26t%3D2419","N"
"White Ash","Fraxinus americana","New York","Onondaga","Green Lakes State Park","","","","","257773","1","","","","Public","130.7'","Clinometer/laser rangefinder/sine","10.4'","125''","","84.5' to first limb.","Tom Howard, Elijah Whitcomb, Robert Henry","2015-04-27","http%3A%2F%2Fwww.ents-bbs.org%2Fviewtopic.php%3Ff%3D105%26t%3D2419","N"
"White Ash","Fraxinus americana","New York","Onondaga","Green Lakes State Park","","","","","221105","1","","","","Public","131.9'","Clinometer/laser rangefinder/sine","10.5'","126''","","","Elijah Whitcomb, Tom Howard, Bob Henry","2020-11-15","http%3A%2F%2Fwww.ents-bbs.org%2Fviewtopic.php%3Ff%3D105%26t%3D2419","N"
"White Ash","Fraxinus americana","New York","Onondaga","Liverpool School Maple Grove","","","","","221020","1","","","","Public-Private","111.0'","Clinometer/laser rangefinder/sine","","","","","Elijah Whitcomb, Tom Howard","2016-12-05","http%3A%2F%2Fwww.ents-bbs.org%2Fviewtopic.php%3Ff%3D105%26t%3D7426%26sid%3Dc5ed2ba57ebfaf34b1030c97de047870%23p41639","N"
"White Ash","Fraxinus americana","New York","Onondaga","North Syracuse Cemetery","","","","","257893","1","","","","Public-Private","104.4'","Clinometer/laser rangefinder/sine","3.3'","40''","","","Tom Howard, Elijah Whitcomb","2015-12-28","http%3A%2F%2Fwww.ents-bbs.org%2Fviewtopic.php%3Ff%3D105%26t%3D7428%26sid%3D33050a884d78ab590726d576869aab68%23p35711","N"
"White Ash","Fraxinus americana","New York","Onondaga","North Syracuse Cemetery","","","","","257894","1","","","","Public-Private","105.4'","Clinometer/laser rangefinder/sine","4.5'","54''","","","Tom Howard, Elijah Whitcomb","2015-12-28","http%3A%2F%2Fwww.ents-bbs.org%2Fviewtopic.php%3Ff%3D105%26t%3D7428%26sid%3D33050a884d78ab590726d576869aab68%23p35711","N"
"White Ash","Fraxinus americana","New York","Onondaga","Whiskey Hollow","43 07.070","-076 23.529","","","229733","1","43 07.070","-076 23.529","670.0 ft","Private","125.6'","Clinometer/laser rangefinder/sine","9.4'","112''","","","Elijah Whitcomb","2021-01-03","","N"
"White Ash","Fraxinus americana","New York","Onondaga","Whiskey Hollow","43 07.061","-076 23.578","","","229732","1","43 07.061","-076 23.578","635.0 ft","Private","129.2'","Clinometer/laser rangefinder/sine","6.9'","83''","","","Elijah Whitcomb","2021-01-03","","N"
"White Ash","Fraxinus americana","New York","Orange","Storm King State Park","","","","","186154","1","","","","Public","119.3'","Clinometer/laser rangefinder/sine","","","","","Elijah Whitcomb","2019-04-07","","N"
"White Ash","Fraxinus americana","New York","Oswego","Curtiss-Gale WMA","","","","","221387","1","","","","Public","121.1'","Clinometer/laser rangefinder/sine","7.0'","83''","","","Elijah Whitcomb","2019-05-21","","N"
"White Ash","Fraxinus americana","New York","Oswego","Curtiss-Gale WMA","","","","","221386","1","","","","Public","122.6'","Clinometer/laser rangefinder/sine","7.9'","94''","","","Elijah Whitcomb","2019-05-21","","N"
"White Ash","Fraxinus americana","New York","Putnam","Constitution Marsh","","","","","186017","1","","","","Private","118.6'","Clinometer/laser rangefinder/sine","","","","","Elijah Whitcomb","2019-04-14","","N"
"White Ash","Fraxinus americana","New York","Putnam","West Point Foundry Preserve","","","","","185973","1","","","","Public","132.4'","Clinometer/laser rangefinder/sine","","","","","Elijah Whitcomb","2019-04-14","","N"
"White Ash","Fraxinus americana","New York","Richmond","Corson's Brook Woods","","","21 Acres","","258278","1","","","","Private","97.4'","Clinometer/laser rangefinder/sine","","","","","Erik Danielson","2016-04-01","http%3A%2F%2Fwww.ents-bbs.org%2Fviewtopic.php%3Ff%3D105%26t%3D7363%26sid%3D5a6e017133ea02fd52261a4e1e950e4e%23p38394","N"
"White Ash","Fraxinus americana","New York","Richmond","Corson's Brook Woods","","","21 Acres","","258277","1","","","","Private","100.1'","Clinometer/laser rangefinder/sine","","","","","Erik Danielson","2016-04-01","http%3A%2F%2Fwww.ents-bbs.org%2Fviewtopic.php%3Ff%3D105%26t%3D7363%26sid%3D5a6e017133ea02fd52261a4e1e950e4e%23p38394","N"
"White Ash","Fraxinus americana","New York","Richmond","Corson's Brook Woods","","","21 Acres","","258297","1","","","","Private","103.0'","Clinometer/laser rangefinder/sine","","","","","Erik Danielson","2016-08-08","http%3A%2F%2Fwww.ents-bbs.org%2Fviewtopic.php%3Ff%3D105%26t%3D7363%26sid%3D5a6e017133ea02fd52261a4e1e950e4e%23p38394","N"
"White Ash","Fraxinus americana","New York","Richmond","Corson's Brook Woods","","","21 Acres","","258276","1","","","","Private","106.1'","Clinometer/laser rangefinder/sine","","","","","Erik Danielson","2016-04-01","http%3A%2F%2Fwww.ents-bbs.org%2Fviewtopic.php%3Ff%3D105%26t%3D7363%26sid%3D5a6e017133ea02fd52261a4e1e950e4e%23p38394","N"
"White Ash","Fraxinus americana","New York","Richmond","Corson's Brook Woods","","","21 Acres","","258296","1","","","","Private","106.5'","Clinometer/laser rangefinder/sine","","","","","Erik Danielson","2016-08-08","http%3A%2F%2Fwww.ents-bbs.org%2Fviewtopic.php%3Ff%3D105%26t%3D7363%26sid%3D5a6e017133ea02fd52261a4e1e950e4e%23p38394","N"
"White Ash","Fraxinus americana","New York","Richmond","North Mount Loretto State Forest","","","74 acres","","258384","1","","","","Public - county","111.2'","Clinometer/laser rangefinder/sine","9.0'","108''","","","Erik Danielson","2015-09-22","http%3A%2F%2Fwww.ents-bbs.org%2Fviewtopic.php%3Ff%3D105%26t%3D7245","N"
"White Ash","Fraxinus americana","New York","Richmond","The Greenbelt","","","","","260226","1","","","","Public - county","111.2'","Clinometer/laser rangefinder/sine","8.9'","107''","","High Rock Park","Erik Danielson","2016-02-21","http%3A%2F%2Fwww.ents-bbs.org%2Fviewtopic.php%3Ff%3D105%26t%3D7541%26sid%3Ded2fa30b6553b50502468b82dfb9fe41","N"
"White Ash","Fraxinus americana","New York","Richmond","The Greenbelt","","","","","260225","1","","","","Public - county","111.4'","Clinometer/laser rangefinder/sine","5.5'","66''","","High Rock Park","Erik Danielson","2016-02-21","http%3A%2F%2Fwww.ents-bbs.org%2Fviewtopic.php%3Ff%3D105%26t%3D7541%26sid%3Ded2fa30b6553b50502468b82dfb9fe41","N"
"White Ash","Fraxinus americana","New York","Richmond","The Greenbelt","","","","","260224","1","","","","Public - county","111.8'","Clinometer/laser rangefinder/sine","5.3'","64''","","High Rock Park","Erik Danielson","2016-02-21","http%3A%2F%2Fwww.ents-bbs.org%2Fviewtopic.php%3Ff%3D105%26t%3D7541%26sid%3Ded2fa30b6553b50502468b82dfb9fe41","N"
"White Ash","Fraxinus americana","New York","Saratoga","Moreau Lake State Park","43 14.090","-073 43.258","","","209464","1","43 14.090","-073 43.258","","Public","115.0'","Clinometer/laser rangefinder/sine","5.5'","66''","","","Elijah Whitcomb","2020-05-17","","N"
"White Ash","Fraxinus americana","New York","Seneca","Cayuga Lake State Park","","","","","221071","1","","","","Public","109.3'","Clinometer/laser rangefinder/sine","7.2'","86''","","","Elijah Whitcomb, Tom Howard","2020-11-16","http%3A%2F%2Fwww.ents-bbs.org%2Fviewtopic.php%3Ff%3D105%26t%3D7243","N"
"White Ash","Fraxinus americana","New York","Tioga","Newark Valley","","","","","257953","1","","","","Private-public","83.0'","Clinometer/laser rangefinder/sine","18.1'","217''","","","Ed Nizalowski, Kevin Mathers","2005-07-31","http%3A%2F%2Fwww.nativetreesociety.org%2Ffieldtrips%2Fnew_york%2Fnewark_valley.htm","N"
"White Ash","Fraxinus americana","New York","Tompkins","Cornell Plantations/Beebe Lake Woods","","","","","261802","1","","","","Private:  Cornell University","125.7'","Clinometer/laser rangefinder/sine","","","","","Elijah Whitcomb","2016-04-02","http%3A%2F%2Fwww.ents-bbs.org%2Fviewtopic.php%3Ff%3D105%26t%3D6655","N"
"White Ash","Fraxinus americana","New York","Tompkins","Fischer Old Growth Natural Area","","","","","205433","1","","","","Public","129.8'","Clinometer/laser rangefinder/sine","","","","","Elijah Whitcomb","2018-09-16","http%3A%2F%2Fwww.ents-bbs.org%2Fviewtopic.php%3Ff%3D105%26t%3D8383","N"
"White Ash","Fraxinus americana","New York","Tompkins","Fischer Old Growth Natural Area","","","","","205449","1","","","","Public","139.1'","Clinometer/laser rangefinder/sine","7.6'","91''","","","Elijah Whitcomb","2018-09-16","http%3A%2F%2Fwww.ents-bbs.org%2Fviewtopic.php%3Ff%3D105%26t%3D8383","N"
"White Ash","Fraxinus americana","New York","Tompkins","Palmer Woods","42 27.746","-076 28.843","","","230092","1","42 27.746","-076 28.843","890.0 ft","Public","113.2'","Clinometer/laser rangefinder/sine","4.8'","57''","","","Elijah Whitcomb, Tom Howard","2021-01-10","","N"
"White Ash","Fraxinus americana","New York","Tompkins","Robert H. Treman State Park","","","","","212965","1","","","","Public","111.9'","Clinometer/laser rangefinder/sine","","","","","Elijah Whitcomb","2019-06-10","","N"
"White Ash","Fraxinus americana","New York","Tompkins","Robert H. Treman State Park","","","","","212966","1","","","","Public","131.1'","Clinometer/laser rangefinder/sine","7.9'","95''","","","Elijah Whitcomb","2019-06-10","","N"
"White Ash","Fraxinus americana","New York","Tompkins","Robert H. Treman State Park","","","","","212967","1","","","","Public","132.3'","Clinometer/laser rangefinder/sine","7.2'","86''","","","Elijah Whitcomb","2019-06-10","","N"
"White Ash","Fraxinus americana","New York","Tompkins","Smith Woods","","","","","221294","1","","","","Public","109.0'","Clinometer/laser rangefinder/sine","6.3'","76''","","","Elijah Whitcomb, Tom Howard","2020-10-04","http%3A%2F%2Fwww.ents-bbs.org%2Fviewtopic.php%3Ff%3D105%26t%3D7265","N"
"White Ash","Fraxinus americana","New York","Tompkins","Taughannock Falls State Park","","","","","230101","1","","","","Public","121.3'","Clinometer/laser rangefinder/sine","","","","","Elijah Whitcomb","2021-01-10","","N"
"White Ash","Fraxinus americana","New York","Ulster","Balsam Mountain","","","Trees were measured on the Western slopes of Balsam mountain which includes much of Rider Hollow.","","275194","1","","","","Public - state","115.1'","Clinometer/laser rangefinder/sine","10.5'","126''","","","Jess Riddle","2006-11-03","http%3A%2F%2Fwww.nativetreesociety.org%2Ffieldtrips%2Fnew_york%2Fbalsam_mountain.htm","N"
"White Ash","Fraxinus americana","New York","Wayne/Cayuga","Howland's Island","","","Part of the Montezuma NWF, Howland's Island is a multi-use public property. The land area is broken up by several large ponds, swamps, meadows, fields and cattail marshes.  Most of the forested land contains even-aged hardwood stands, though a few very large and old specimens can be found.","","220719","1","","","","Public (NYS)","104.7'","Clinometer/laser rangefinder/sine","","","","","Elijah Whitcomb","2020-11-16","http%3A%2F%2Fwww.ents-bbs.org%2Fviewtopic.php%3Ff%3D105%26t%3D3337","N"
"White Ash","Fraxinus americana","New York","Wayne/Cayuga","Howland's Island","","","Part of the Montezuma NWF, Howland's Island is a multi-use public property. The land area is broken up by several large ponds, swamps, meadows, fields and cattail marshes.  Most of the forested land contains even-aged hardwood stands, though a few very large and old specimens can be found.","","220726","1","","","","Public (NYS)","109.0'","Clinometer/laser rangefinder/sine","","","","","Elijah Whitcomb","2020-11-16","http%3A%2F%2Fwww.ents-bbs.org%2Fviewtopic.php%3Ff%3D105%26t%3D3337","N"
"White Ash","Fraxinus americana","New York","Wayne/Cayuga","Howland's Island","","","Part of the Montezuma NWF, Howland's Island is a multi-use public property. The land area is broken up by several large ponds, swamps, meadows, fields and cattail marshes.  Most of the forested land contains even-aged hardwood stands, though a few very large and old specimens can be found.","","220790","1","","","","Public (NYS)","111.0'","Clinometer/laser rangefinder/sine","6.3'","76''","","Measured by Jess Riddle, posted to NTS BBS 3/11/2012.","Elijah Whitcomb","2020-11-16","http%3A%2F%2Fwww.ents-bbs.org%2Fviewtopic.php%3Ff%3D105%26t%3D3337","N"
"White Ash","Fraxinus americana","New York","Wayne/Cayuga","Howland's Island","","","Part of the Montezuma NWF, Howland's Island is a multi-use public property. The land area is broken up by several large ponds, swamps, meadows, fields and cattail marshes.  Most of the forested land contains even-aged hardwood stands, though a few very large and old specimens can be found.","","220789","1","","","","Public (NYS)","112.6'","Clinometer/laser rangefinder/sine","6.0'","72''","","Measured by Jess Riddle, posted to NTS BBS 3/11/2012.","Elijah Whitcomb","2020-11-16","http%3A%2F%2Fwww.ents-bbs.org%2Fviewtopic.php%3Ff%3D105%26t%3D3337","N"
"White Ash","Fraxinus americana","New York","Wayne/Cayuga","Howland's Island","","","Part of the Montezuma NWF, Howland's Island is a multi-use public property. The land area is broken up by several large ponds, swamps, meadows, fields and cattail marshes.  Most of the forested land contains even-aged hardwood stands, though a few very large and old specimens can be found.","","220833","1","","","","Public (NYS)","116.9'","Clinometer/laser rangefinder/sine","4.4'","53''","","","Elijah Whitcomb","2020-11-16","http%3A%2F%2Fwww.ents-bbs.org%2Fviewtopic.php%3Ff%3D105%26t%3D3337","N"
"White Ash","Fraxinus americana","New York","Westchester","Halle Ravine","","","","","260721","1","","","","Public-Private","124.5'","Clinometer/laser rangefinder/sine","9.2'","110''","","","Erik Danielson","2017-08-07","http%3A%2F%2Fwww.ents-bbs.org%2Fviewtopic.php%3Ff%3D105%26t%3D8071%26sid%3D6b0f6b34c4c50c35d114e981206bd7cd","N"
"White Ash","Fraxinus americana","New York","Westchester","Halle Ravine","","","","","260720","1","","","","Public-Private","131.5'","Clinometer/laser rangefinder/sine","13.2'","158''","","","Erik Danielson","2017-08-07","http%3A%2F%2Fwww.ents-bbs.org%2Fviewtopic.php%3Ff%3D105%26t%3D8071%26sid%3D6b0f6b34c4c50c35d114e981206bd7cd","N"
"White Ash","Fraxinus americana","New York","Westchester","Halle Ravine","","","","","260719","1","","","","Public-Private","134.5'","Clinometer/laser rangefinder/sine","6.7'","80''","","","Erik Danielson","2017-08-07","http%3A%2F%2Fwww.ents-bbs.org%2Fviewtopic.php%3Ff%3D105%26t%3D8071%26sid%3D6b0f6b34c4c50c35d114e981206bd7cd","N"
"White Ash","Fraxinus americana","New York","Westchester","Mianus River Gorge Preserve","","","935 Acres","","258500","1","","","","Private","105.1'","Clinometer/laser rangefinder/sine","","","","","Erik Danielson","2016-10-17","http%3A%2F%2Fwww.ents-bbs.org%2Fviewtopic.php%3Ff%3D105%26t%3D7848%26sid%3Ded2fa30b6553b50502468b82dfb9fe41","N"
"White Ash","Fraxinus americana","New York","Westchester","Mianus River Gorge Preserve","","","935 Acres","","258499","1","","","","Private","112.0'","Clinometer/laser rangefinder/sine","","","","","Erik Danielson","2016-10-17","http%3A%2F%2Fwww.ents-bbs.org%2Fviewtopic.php%3Ff%3D105%26t%3D7848%26sid%3Ded2fa30b6553b50502468b82dfb9fe41","N"
"White Ash","Fraxinus americana","New York","Westchester","Rockefeller State Park Preserve","","","","","202600","1","","","","Public","120.3'","Clinometer/laser rangefinder/sine","","","","","Elijah Whitcomb, Erik Danielsen","2020-01-12","","N"
"White Ash","Fraxinus americana","New York","Westchester","Rockefeller State Park Preserve","","","","","202605","1","","","","Public","126.3'","Clinometer/laser rangefinder/sine","10.6'","128''","","","Elijah Whitcomb, Erik Danielsen","2020-01-12","","N"
"White Ash","Fraxinus americana","New York","Wyoming","Letchworth State Park","","","","","194051","1","","","","Public","119.4'","Clinometer/laser rangefinder/sine","9.1'","109''","","","Dale Luthringer","2008-09-29","","N"
"White Ash","Fraxinus americana","New York","Wyoming/Livingston","Letchworth State Park","","","","","217796","1","","","","Public","123.8'","Clinometer/laser rangefinder/sine","","","","","Elijah Whitcomb","2020-10-11","http%3A%2F%2Fwww.ents-bbs.org%2Fviewtopic.php%3Ff%3D105%26t%3D7878","N"
"White Ash","Fraxinus americana","New York","Wyoming/Livingston","Letchworth State Park","","","","","217838","1","","","","Public","125.5'","Clinometer/laser rangefinder/sine","","","","","Elijah Whitcomb","2020-10-11","http%3A%2F%2Fwww.ents-bbs.org%2Fviewtopic.php%3Ff%3D105%26t%3D7878","N"
"White Ash","Fraxinus americana","New York","Wyoming/Livingston","Letchworth State Park","","","","","217858","1","","","","Public","128.6'","Clinometer/laser rangefinder/sine","","","","","Elijah Whitcomb","2020-10-11","http%3A%2F%2Fwww.ents-bbs.org%2Fviewtopic.php%3Ff%3D105%26t%3D7878","N"
"White Ash","Fraxinus americana","New York","Wyoming/Livingston","Letchworth State Park","42 35.405","-078 01.081","","","217806","1","42 35.405","-078 01.081","","Public","130.0'","Clinometer/laser rangefinder/sine","8.6'","104''","","","Elijah Whitcomb","2020-10-11","http%3A%2F%2Fwww.ents-bbs.org%2Fviewtopic.php%3Ff%3D105%26t%3D7878","N"
"White Ash","Fraxinus americana","New York","Wyoming/Livingston","Letchworth State Park","42 34.826","-078 02.926","","","217866","1","42 34.826","-078 02.926","","Public","130.7'","Clinometer/laser rangefinder/sine","8.2'","98''","","","Elijah Whitcomb","2020-10-11","http%3A%2F%2Fwww.ents-bbs.org%2Fviewtopic.php%3Ff%3D105%26t%3D7878","N"
"White Ash","Fraxinus americana","New York","Wyoming/Livingston","Letchworth State Park","","","","","217813","1","","","","Public","137.1'","Clinometer/laser rangefinder/sine","","","","","Elijah Whitcomb","2020-10-11","http%3A%2F%2Fwww.ents-bbs.org%2Fviewtopic.php%3Ff%3D105%26t%3D7878","N"
"White Ash","Fraxinus americana","New York","Wyoming/Livingston","Letchworth State Park","42 34.905","-078 02.817","","","217867","1","42 34.905","-078 02.817","","Public","139.2'","Clinometer/laser rangefinder/sine","4.5'","54''","","","Elijah Whitcomb","2020-10-11","http%3A%2F%2Fwww.ents-bbs.org%2Fviewtopic.php%3Ff%3D105%26t%3D7878","N"
"White Ash","Fraxinus americana","Ohio","Ashland","Clearfork Gorge","","","","","165823","1","","","","public","123.6'","Clinometer/laser rangefinder/sine","","","","","Steve Galehouse, Rand Brown","2011-03-18","","N"
"White Ash","Fraxinus americana","Ohio","Belmont","Dysart Woods, SE Ohio","","","","","9904","1","","","","public","109.9'","","","","","","Thomas Diggins","2007-04-01","","N"
"White Ash","Fraxinus americana","Ohio","Belmont","Dysart Woods, SE Ohio","","","","","9903","1","","","","public","129.2'","","7.3'","87''","","","Thomas Diggins","2007-04-01","","N"
"White Ash","Fraxinus americana","Ohio","Butler","Miami University","","","Four Bur Oaks, including the largest one were measured on 2/3/2013 by M. Markworth.

see:http://www.ents-bbs.org/viewtopic.php?f=111&t=5009#p21622","","168444","1","","","","Public-state","","Clinometer/laser rangefinder/sine","17.0'","204''","","","Matt Markworth, Steve Galehouse","2013-05-08","http%3A%2F%2Fwww.ents-bbs.org%2Fviewtopic.php%3Ff%3D111%26t%3D5371%23p23473","N"
"White Ash","Fraxinus americana","Ohio","Cuyahoga","Bradley Woods Metropark","","","","","166926","1","","","","Park","101.5'","Clinometer/laser rangefinder/sine","","","","","Steve Galehouse","2009-03-20","","N"
"White Ash","Fraxinus americana","Ohio","Cuyahoga","Bradley Woods Metropark","","","","","18694","1","","","","Park","113.0'","Clinometer/laser rangefinder/sine","8.5'","102''","","","Steve Galehouse","2009-12-16","","N"
"White Ash","Fraxinus americana","Ohio","Cuyahoga","Brecksville Reservation","","","","","5881","1","","","","public","112.2'","Clinometer/laser rangefinder/sine","9.2'","110''","","","Steve Galehouse","2011-08-18","","N"
"White Ash","Fraxinus americana","Ohio","Cuyahoga","Huntington Reservation","","","","","5901","1","","","","Metroparks","96.4'","Clinometer/laser rangefinder/sine","","","","","Steve Galehouse","2011-08-20","","N"
"White Ash","Fraxinus americana","Ohio","Cuyahoga","Mill Stream Run Reservation","","","","","18683","1","","","","Metropark","103.8'","Clinometer/laser rangefinder/sine","7.9'","95''","","","Steve Galehouse, Mitch Galehouse","2011-12-26","","N"
"White Ash","Fraxinus americana","Ohio","Cuyahoga","Rocky River Floodplain Forest","","","","","17332","1","","","","public","119.9'","Clinometer/laser rangefinder/sine","11.5'","138''","","","Steve Galehouse","2011-11-02","","N"
"White Ash","Fraxinus americana","Ohio","Cuyahoga","Rocky River Floodplain Forest","","","","","168876","1","","","","public","119.9'","Clinometer/laser rangefinder/sine","11.5'","138''","","","Steve Galehouse","2010-03-25","","N"
"White Ash","Fraxinus americana","Ohio","Cuyahoga","Rocky River Upland Forest","","","","","2445","1","","","","Public","114.0'","","11.8'","142''","","","Steve Galehouse","2010-11-02","","N"
"White Ash","Fraxinus americana","Ohio","Cuyahoga","Tinker's Creek, Bedford Reservation","","","","","18853","1","","","","Metropark","125.4'","Clinometer/laser rangefinder/sine","12.6'","151''","","","Rand Brown","2008-04-15","","N"
"White Ash","Fraxinus americana","Ohio","Franklin","Ohio Single Tree Sites","","","","","302701","1","","","","Public, Private","132.0'","Clinometer/laser rangefinder/sine","","","","Measured by S. Galehouse 11/28/2009, Cuyahoga Valley.","Turner Sharp","2000-01-01","","N"
"White Ash","Fraxinus americana","Ohio","Franklin","Public Hunting Area- North Bend And West Benk Area","","","","","168402","1","","","","Public-state","99.0'","Clinometer/laser rangefinder/sine","8.3'","100''","","Dead tree.","Rand Brown","2015-05-07","http%3A%2F%2Fwww.ents-bbs.org%2Fviewtopic.php%3Ff%3D111%26t%3D6992%23p33226","N"
"White Ash","Fraxinus americana","Ohio","Fulton","Goll Woods State Natural Area","","","","","9638","1","","","","public","","","11.3'","135''","","","Will Blozan, Tom Diggins","2007-04-15","http%3A%2F%2Fwww.nativetreesociety.org%2Ffieldtrips%2Fohio%2Fgoll_woods%2Fgoll_woods_state_natural_area.htm","N"
"White Ash","Fraxinus americana","Ohio","Fulton","Goll Woods State Natural Area","","","","","9625","1","","","","public","127.0'","","","","","","Will Blozan, Tom Diggins","2007-04-15","http%3A%2F%2Fwww.nativetreesociety.org%2Ffieldtrips%2Fohio%2Fgoll_woods%2Fgoll_woods_state_natural_area.htm","N"
"White Ash","Fraxinus americana","Ohio","Hamilton","California Woods Nature Preserve","","","113 Acres
Measurements made from 2014 thru 2017","","169535","1","","","","Pubkic - city","126.0'","Clinometer/laser rangefinder/sine","","","","","Matt Markworth","2014-02-27","http%3A%2F%2Fents-bbs.org%2Fviewtopic.php%3Ff%3D111%26t%3D6142%23p27831","N"
"White Ash","Fraxinus americana","Ohio","Hamilton","California Woods Nature Preserve","","","113 Acres
Measurements made from 2014 thru 2017","","169512","1","","","","Pubkic - city","132.2'","Clinometer/laser rangefinder/sine","7.3'","88''","","","Matt Markworth","2014-02-27","http%3A%2F%2Fents-bbs.org%2Fviewtopic.php%3Ff%3D111%26t%3D6142%23p27831","N"
"White Ash","Fraxinus americana","Ohio","Hamilton","Miami Whitewater Forest","","","","","165668","1","","","","Public-county","127.9'","Clinometer/laser rangefinder/sine","7.2'","86''","","","Matt Markworth","2013-01-26","http%3A%2F%2Fwww.ents-bbs.org%2Fviewtopic.php%3Ff%3D111%26t%3D4958","N"
"White Ash","Fraxinus americana","Ohio","Highland","Fort Hil Earthworks And Nature Preserve","","","1300 Acres
Based on three trip reports on the NTS BBS board dated:
2/23/2014, 6/27/2014 ,8/28/2014,11/23/2014","","168902","1","","","","Public-state","138.0'","Clinometer/laser rangefinder/sine","9.6'","115''","","","Robert Leverett, Matt Markworth, Rand Brown","2014-11-02","http%3A%2F%2Fwww.ents-bbs.org%2Fviewtopic.php%3Ff%3D111%26t%3D6128%23p27758","N"
"White Ash","Fraxinus americana","Ohio","Highland","Pike Ste Forest","","","Trees measured were in two coves.","","161938","1","","","","Public-state","130.0'","Clinometer/laser rangefinder/sine","8.3'","100''","","","Matt Markworth, Rand Brown","2014-02-23","http%3A%2F%2Fwww.ents-bbs.org%2Fviewtopic.php%3Ff%3D111%26t%3D6128%23p27758","N"
"White Ash","Fraxinus americana","Ohio","Highland","Pike Ste Forest","","","Trees measured were in two coves.","","161936","1","","","","Public-state","134.5'","Clinometer/laser rangefinder/sine","7.7'","92''","","","Matt Markworth, Rand Brown","2014-02-23","http%3A%2F%2Fwww.ents-bbs.org%2Fviewtopic.php%3Ff%3D111%26t%3D6128%23p27758","N"
"White Ash","Fraxinus americana","Ohio","Huron","Along The Vermillion River","","","","","166435","1","","","","Public","106.0'","Clinometer/laser rangefinder/sine","","","","","Steve Galehouse","2010-12-11","http%3A%2F%2Fwww.ents-bbs.org%2Fviewtopic.php%3Ff%3D111%26t%3D1762%23p6380","N"
"White Ash","Fraxinus americana","Ohio","Huron","Augusta-Anne Olsen State Nature Preserve","","","","","16273","1","","","","State","111.5'","Clinometer/laser rangefinder/sine","8.4'","101''","","","Steve Galehouse","2011-10-25","","N"
"White Ash","Fraxinus americana","Ohio","Lake","Hatch Otis Sanctuary","","","111 acres claimed as ""virgin"" woodland. The site has some nice trees but the site was rather disappointing. It is an obvious stand of ""mature"" second growth from a field. Just one small ravine appeared to harbor the native climax composition with some mature hemlock, beech, maple, and a cucumber.","","15967","1","","","","Public","","Clinometer/laser rangefinder/sine","9.6'","115''","","","Daniel Reed, Steve Galehouse, Will Blozan","2011-09-05","","N"
"White Ash","Fraxinus americana","Ohio","Lake","Holden Arboretum, Ohio","","","","","9812","1","","","","public","","","9.8'","117''","","","Edward Frank","2007-09-20","http%3A%2F%2Fwww.nativetreesociety.org%2Ffieldtrips%2Fohio%2Fholden%2Fholden_arboretum.htm","N"
"White Ash","Fraxinus americana","Ohio","Lake","North Chagrin Reservation (Forest Only)","","","","","15983","1","","","","public","118.5'","Clinometer/laser rangefinder/sine","10.7'","128''","42.7'","","Daniel Reed, Steve Galehouse, Will Blozan","2011-09-05","","N"
"White Ash","Fraxinus americana","Ohio","Lake","North Chagrin Reservation (Forest Only)","41 34.243","-081 25.411","","","16065","1","41 34.243","-081 25.411","","public","132.0'","Clinometer/laser rangefinder/sine","8.7'","104''","","","Daniel Reed, Steve Galehouse, Will Blozan","2011-09-05","","N"
"White Ash","Fraxinus americana","Ohio","Lake","North Chagrin Reservation (Forest Only)","41 34.127","-081 25.318","","","16069","1","41 34.127","-081 25.318","","public","133.0'","Clinometer/laser rangefinder/sine","6.4'","77''","","","Daniel Reed, Steve Galehouse, Will Blozan","2011-09-05","","N"
"White Ash","Fraxinus americana","Ohio","Lake","North Chagrin Reservation (Forest Only)","","","","","15989","1","","","","public","139.3'","Clinometer/laser rangefinder/sine","9.6'","115''","","","Daniel Reed, Steve Galehouse, Will Blozan","2011-09-05","","N"
"White Ash","Fraxinus americana","Ohio","Logan","Davey Woods Nature Preserve, OH","","","","","9959","1","","","","Public","116.5'","","6.9'","83''","","","Randy Brown","2008-04-17","http%3A%2F%2Fwww.nativetreesociety.org%2Ffieldtrips%2Fohio%2Fdavey_woods_oh.htm","N"
"White Ash","Fraxinus americana","Ohio","Logan","Davey Woods Nature Preserve, OH","","","","","9960","1","","","","Public","129.6'","","9.0'","108''","","","Randy Brown","2008-04-17","http%3A%2F%2Fwww.nativetreesociety.org%2Ffieldtrips%2Fohio%2Fdavey_woods_oh.htm","N"
"White Ash","Fraxinus americana","Ohio","Lorain","Bacon Woods","","","","","161079","1","","","","MetroPark","111.0'","Clinometer/laser rangefinder/sine","8.8'","106''","","","Seve Galehouse","2010-04-20","","N"
"White Ash","Fraxinus americana","Ohio","Lorain","Bacon Woods","","","","","15944","1","","","","MetroPark","113.0'","Clinometer/laser rangefinder/sine","8.8'","106''","","Dead from EAB","Steve Galehouse","2011-10-13","","N"
"White Ash","Fraxinus americana","Ohio","Lorain","Black River Metro Park","","","","","166515","1","","","","Public","111.5'","Clinometer/laser rangefinder/sine","","","","","Steve Galehouse","2007-01-27","http%3A%2F%2Fwww.nativetreesociety.org%2Ffieldtrips%2Fohio%2Fblackriver%2Fblackriver.htm","N"
"White Ash","Fraxinus americana","Ohio","Lucas","Pearson Metro Park","","","","","168588","1","","","","Public","123.6'","Clinometer/laser rangefinder/sine","7.9'","94''","","","Will Blozan","2009-06-28","http%3A%2F%2Fwww.nativetreesociety.org%2Ffieldtrips%2Fohio%2F20090629-pearson%2Fpearson_metropark.htm","N"
"White Ash","Fraxinus americana","Ohio","Mahoning","Kyle Woods, OH","","","","","166946","1","","","","public","","Clinometer/laser rangefinder/sine","8.9'","107''","","","Thomas Diggins","2003-04-04","","N"
"White Ash","Fraxinus americana","Ohio","Mahoning","Kyle Woods, OH","","","","","166947","1","","","","public","","Clinometer/laser rangefinder/sine","6.4'","77''","","","Thomas Diggins","2003-04-04","","N"
"White Ash","Fraxinus americana","Ohio","Mahoning","Kyle Woods, OH","","","","","11100","1","","","","public","116.0'","","4.8'","58''","","","Thomas Diggins","2004-03-18","","N"
"White Ash","Fraxinus americana","Ohio","Mahoning","Mill Creek Park, Youngstown, OH","","","","","9774","1","","","","public","104.5'","","5.2'","62''","","","Thomas Diggins","2003-07-13","","N"
"White Ash","Fraxinus americana","Ohio","Mahoning","Poland Woods OH","","","","","9761","1","","","","public","109.0'","","","","","","Thomas Diggins","2004-03-25","","N"
"White Ash","Fraxinus americana","Ohio","Montgomery","Germantown Metropark","","","","","230765","1","","","","Public - county","135.0'","Clinometer/laser rangefinder/sine","9.5'","114''","","","Matt Markworth","2014-03-10","http%3A%2F%2Fwww.ents-bbs.org%2Fviewtopic.php%3Ff%3D111%26t%3D4836","N"
"White Ash","Fraxinus americana","Ohio","Summit","Cuyahoga Valley Composite","","","This is a composite of the tallest trees by species previously recorded in a number of smaller sites within the Cuyahoga Valley, which are all part of the Akron/Summit County Metropark System or the Cuyahoga Valley National Park.","","63703","1","","","","Metropark, National Park","135.7'","Clinometer/laser rangefinder/sine","12.3'","147''","","O' Neill Woods","Steve Galehouse, Rand Brown","2011-11-06","","N"
"White Ash","Fraxinus americana","Ohio","Summit","Hampton Hills","","","","","2439","1","","","","Park","119.0'","","10.3'","124''","","","Rand Brown, Steve Galehouse","2011-02-18","http%3A%2F%2Fwww.ents-bbs.org%2Fviewtopic.php%3Ff%3D111%26t%3D2091","N"
"White Ash","Fraxinus americana","Ohio","Summit","O 'Neill Woods","","","","","161281","1","","","","Metropark","123.0'","Clinometer/laser rangefinder/sine","12.1'","145''","","","Steve Galehouse, Rob Curtis","2011-02-28","","N"
"White Ash","Fraxinus americana","Ohio","Summit","O 'Neill Woods","","","","","16745","1","","","","Metropark","135.7'","Clinometer/laser rangefinder/sine","12.3'","147''","","","Steve Galehouse","2011-10-28","","N"
"White Ash","Fraxinus americana","Ohio","Summit","Ritchie Ledges","","","","","33589","1","","","","MetroPark","113.3'","Clinometer/laser rangefinder/sine","9.3'","112''","","","Rand Brown, Steve Galehouse","2011-02-18","http%3A%2F%2Fwww.ents-bbs.org%2Fviewtopic.php%3Ff%3D111%26t%3D2094","N"
"White Ash","Fraxinus americana","Ohio","Summit","Sand Run","","","","","18732","1","","","","Metropark","131.8'","Clinometer/laser rangefinder/sine","11.1'","133''","","","Steve Galehouse, Rand Brown","2010-11-09","","N"
"White Ash","Fraxinus americana","Ohio","Warren","Schappacher Park","","","4686 Old Irwin Road
Mason, Ohio","","187654","1","","","","Public - county","71.0'","Clinometer/laser rangefinder/sine","6.4'","76''","","","Matt Markworth","2018-08-18","http%3A%2F%2Fwww.ents-bbs.org%2Fviewtopic.php%3Ff%3D111%26t%3D8354","N"
"White Ash","Fraxinus americana","Ohio","Washington","Howe's Grove Roadside Park","","","","","271562","1","","","","Public - City","81.2'","Clinometer/laser rangefinder/sine","7.7'","92''","","","Turner Sharp","2010-11-04","http%3A%2F%2Fwww.ents-bbs.org%2Fviewtopic.php%3Ff%3D111%26t%3D2697","N"
"White Ash","Fraxinus americana","Ohio","Wayne","Johnson's Woods","","","This is a small patch of old-growth forest on flat, poorly drained soil. This area was known as the Graber Woodlot in the past, and some old articles refer to it as such.","","18341","1","","","","State","111.0'","Clinometer/laser rangefinder/sine","9.7'","116''","","","Steve Galehouse","2010-10-19","","N"
"White Ash","Fraxinus americana","Ohio","Wood","""Great Trees Of Ohio"" Will Blozan Trip.","","","","","10097","1","","","","Private","80.0'","","18.7'","224''","","","Will Blozan","2008-07-20","","N"
"White Ash","Fraxinus americana","Ontario","Regional Municipality Of Niagara","Niagra Glen Nature Reserve","","","","","232989","1","","","","Public - state","68.8'","Clinometer/laser rangefinder/sine","7.6'","91''","","","Dale Luthringer","2002-04-15","Vhttp%3A%2F%2Fwww.nativetreesociety.org%2Ffieldtrips%2Fnew_york%2Fwestern_ny%2Fwestern_ny.htm","N"
"White Ash","Fraxinus americana","Ontario","Regional Municipality Of Niagara","Niagra Glen Nature Reserve","","","","","232988","1","","","","Public - state","84.1'","Clinometer/laser rangefinder/sine","7.5'","90''","","","Dale Luthringer","2002-04-15","Vhttp%3A%2F%2Fwww.nativetreesociety.org%2Ffieldtrips%2Fnew_york%2Fwestern_ny%2Fwestern_ny.htm","N"
"White Ash","Fraxinus americana","Pennsylvania","Adams","Gettysburg National Military Park","","","Trees were measured over a four day period ending on51/2008","","169019","1","","","","Public - National Park","114.1'","Clinometer/laser rangefinder/sine","","","","Height is Not Less Than (NLT)","Dale Luthringer","2008-05-01","http%3A%2F%2Fwww.nativetreesociety.org%2Ffieldtrips%2Fpenna%2Fgettysburg%2Fgettysburg_nmp_pa.htm","N"
"White Ash","Fraxinus americana","Pennsylvania","Allegheny","North Park Latadami Nature Center","","","250 acres Nature Center and is part of 3,750 acre North Park","","120558","1","","","1040.0 ft","Public","108.0'","Clinometer/laser rangefinder/sine","6.4'","77''","","","Carl Harting","2005-12-17","http%3A%2F%2Fwww.nativetreesociety.org%2Ffieldtrips%2Fpenna%2Flatodami%2Flatodami_nature_center.htm","N"
"White Ash","Fraxinus americana","Pennsylvania","Allegheny","North Park Latadami Nature Center","","","250 acres Nature Center and is part of 3,750 acre North Park","","120559","1","","","1040.0 ft","Public","117.8'","Clinometer/laser rangefinder/sine","9.4'","113''","","","Carl Harting","2005-12-17","http%3A%2F%2Fwww.nativetreesociety.org%2Ffieldtrips%2Fpenna%2Flatodami%2Flatodami_nature_center.htm","N"
"White Ash","Fraxinus americana","Pennsylvania","Bucks","Dark Hollow Park","","","","","166265","1","","","","Public - county","95.0'","Clinometer/laser rangefinder/sine","9.9'","119''","","","George Fieo","2009-08-08","nativetreesociety.org%2Ffieldtrips%2Fpenna%2F20090824-darkhollow%2Fdark_hollow_park_bucks_county_pa.htm","N"
"White Ash","Fraxinus americana","Pennsylvania","Bucks","Dark Hollow Park","","","","","166266","1","","","","Public - county","106.7'","Clinometer/laser rangefinder/sine","5.6'","67''","","","George Fieo","2009-08-08","nativetreesociety.org%2Ffieldtrips%2Fpenna%2F20090824-darkhollow%2Fdark_hollow_park_bucks_county_pa.htm","N"
"White Ash","Fraxinus americana","Pennsylvania","Bucks","Dark Hollow Park","","","","","166267","1","","","","Public - county","111.7'","Clinometer/laser rangefinder/sine","9.1'","109''","","","George Fieo","2009-08-08","nativetreesociety.org%2Ffieldtrips%2Fpenna%2F20090824-darkhollow%2Fdark_hollow_park_bucks_county_pa.htm","N"
"White Ash","Fraxinus americana","Pennsylvania","Bucks","Tyler State Park","40 13.427","-074 58.554","","","142879","1","40 13.427","-074 58.554","","State","123.8'","Clinometer/laser rangefinder/sine","5.8'","69''","","","George Fieo","2011-11-22","","N"
"White Ash","Fraxinus americana","Pennsylvania","Centre","Shingletown Gap","","","","","130009","1","","","","Public - State forest","114.8'","Clinometer/laser rangefinder/sine","","","","","Dale Luthringer","2004-11-18","http%3A%2F%2Fwww.nativetreesociety.org%2Ffieldtrips%2Fpenna%2Fshingletown_gap.htm","N"
"White Ash","Fraxinus americana","Pennsylvania","Centre","Six Mile Run","","","","","139504","1","","","","Public - state","64.0'","Clinometer/laser rangefinder/sine","2.6'","31''","","","Edward Frank","2009-05-19","","N"
"White Ash","Fraxinus americana","Pennsylvania","Chester","Airdrie Forest Preserve","","","","","143153","1","","","","Public","91.8'","Clinometer/laser rangefinder/sine","5.9'","71''","","","George Fieo","2009-06-21","","N"
"White Ash","Fraxinus americana","Pennsylvania","Chester","Airdrie Forest Preserve","","","","","143154","1","","","","Public","111.8'","Clinometer/laser rangefinder/sine","5.3'","64''","","","George Fieo","2009-06-21","","N"
"White Ash","Fraxinus americana","Pennsylvania","Chester","Laurels Preserve","","","Contains 500 acres of mature hardwood forest.","","212169","1","","","","Private","117.2'","Clinometer/laser rangefinder/sine","7.2'","86''","","","George Fieo","2019-06-15","http%3A%2F%2Fents-bbs.org%2Fviewtopic.php%3Ff%3D151%26t%3D8642","N"
"White Ash","Fraxinus americana","Pennsylvania","Chester","Laurels Preserve","","","Contains 500 acres of mature hardwood forest.","","212170","1","","","","Private","119.6'","Clinometer/laser rangefinder/sine","7.4'","89''","","","George Fieo","2019-06-15","http%3A%2F%2Fents-bbs.org%2Fviewtopic.php%3Ff%3D151%26t%3D8642","N"
"White Ash","Fraxinus americana","Pennsylvania","Chester","Rushton Woods Preserve","","","Owned by Willistown Conservation Trust.","","280998","1","","","","Private","133.4'","Clinometer/laser rangefinder/sine","8.0'","96''","","","George Fieo","2015-12-03","http%3A%2F%2Fwww.ents-bbs.org%2Fviewtopic.php%3Ff%3D151%26t%3D7355%23p35328","N"
"White Ash","Fraxinus americana","Pennsylvania","Chester","Rushton Woods Preserve","","","Owned by Willistown Conservation Trust.","","280999","1","","","","Private","134.2'","Clinometer/laser rangefinder/sine","8.7'","104''","","","George Fieo","2015-12-03","http%3A%2F%2Fwww.ents-bbs.org%2Fviewtopic.php%3Ff%3D151%26t%3D7355%23p35328","N"
"White Ash","Fraxinus americana","Pennsylvania","Chester","Rushton Woods Preserve","","","Owned by Willistown Conservation Trust.","","281000","1","","","","Private","134.8'","Clinometer/laser rangefinder/sine","8.6'","103''","","","George Fieo","2015-12-03","http%3A%2F%2Fwww.ents-bbs.org%2Fviewtopic.php%3Ff%3D151%26t%3D7355%23p35328","N"
"White Ash","Fraxinus americana","Pennsylvania","Chester","Rushton Woods Preserve","","","Owned by Willistown Conservation Trust.","","281001","1","","","","Private","138.6'","Clinometer/laser rangefinder/sine","7.7'","92''","","","George Fieo","2015-12-03","http%3A%2F%2Fwww.ents-bbs.org%2Fviewtopic.php%3Ff%3D151%26t%3D7355%23p35328","N"
"White Ash","Fraxinus americana","Pennsylvania","Chester","Rushton Woods Preserve","","","Owned by Willistown Conservation Trust.","","281002","1","","","","Private","138.8'","Clinometer/laser rangefinder/sine","8.0'","96''","","","George Fieo","2015-12-03","http%3A%2F%2Fwww.ents-bbs.org%2Fviewtopic.php%3Ff%3D151%26t%3D7355%23p35328","N"
"White Ash","Fraxinus americana","Pennsylvania","Chester","Rushton Woods Preserve","","","Owned by Willistown Conservation Trust.","","281003","1","","","","Private","142.3'","Clinometer/laser rangefinder/sine","8.3'","100''","","","George Fieo","2015-12-03","http%3A%2F%2Fwww.ents-bbs.org%2Fviewtopic.php%3Ff%3D151%26t%3D7355%23p35328","N"
"White Ash","Fraxinus americana","Pennsylvania","Chester","Rushton Woods Preserve","","","Owned by Willistown Conservation Trust.","","281004","1","","","","Private","142.5'","Clinometer/laser rangefinder/sine","9.8'","118''","","","George Fieo","2015-12-03","http%3A%2F%2Fwww.ents-bbs.org%2Fviewtopic.php%3Ff%3D151%26t%3D7355%23p35328","N"
"White Ash","Fraxinus americana","Pennsylvania","Chester","White Clay Creek Preserve","","","","","168359","1","","","","Public - state","140.3'","Clinometer/laser rangefinder/sine","8.4'","101''","","","George Fieo","2012-11-27","http%3A%2F%2Fwww.ents-bbs.org%2Fviewtopic.php%3Ff%3D151%26t%3D7152%23p33992","N"
"White Ash","Fraxinus americana","Pennsylvania","Chester","White Clay Creek Preserve","","","","","168360","1","","","","Public - state","144.7'","Clinometer/laser rangefinder/sine","8.6'","103''","","","George Fieo","2012-11-27","http%3A%2F%2Fwww.ents-bbs.org%2Fviewtopic.php%3Ff%3D151%26t%3D7152%23p33992","N"
"White Ash","Fraxinus americana","Pennsylvania","Chester/Montgomery","Valley Forge National Park","","","","","143238","1","","","","Public, National Park","108.7'","Clinometer/laser rangefinder/sine","10.4'","125''","","Chester County","George Fieo","2009-01-20","","N"
"White Ash","Fraxinus americana","Pennsylvania","Chester/Montgomery","Valley Forge National Park","","","","","143239","1","","","","Public, National Park","119.0'","Clinometer/laser rangefinder/sine","5.6'","67''","","Chester County","George Fieo","2009-01-20","","N"
"White Ash","Fraxinus americana","Pennsylvania","Clarion","CFSP-Seneca Forest Special Management Area","","","","","146587","1","","","","Public - state","123.1'","Clinometer/laser rangefinder/sine","7.8'","94''","","Measured by C. Harting 10/12/2006 along the Deer Meadow Trail.","Dale Luthringer","2006-09-22","http%3A%2F%2Fwww.ents-bbs.org%2Fviewtopic.php%3Ff%3D116%26t%3D8154","N"
"White Ash","Fraxinus americana","Pennsylvania","Clarion","CFSP-Upper Toms Run","","","Measured in Maple Drive Old Growth Area.","","146618","1","","","","Public-state","110.5'","Clinometer/laser rangefinder/sine","7.7'","92''","","Little Heffern Run","Dale Luthringer","2002-02-18","http%3A%2F%2Fwww.nativetreesociety.org%2Fevents%2Fcook2007%2Fcook_forest_bte07.htm","N"
"White Ash","Fraxinus americana","Pennsylvania","Clarion","CFSP-Upper Toms Run","","","Measured in Maple Drive Old Growth Area.","","146614","1","","","","Public-state","115.5'","Clinometer/laser rangefinder/sine","5.5'","66''","","Upper Toms Run area.","Dale Luthringer","2002-02-18","http%3A%2F%2Fwww.nativetreesociety.org%2Fevents%2Fcook2007%2Fcook_forest_bte07.htm","N"
"White Ash","Fraxinus americana","Pennsylvania","Clarion","CFSP-Upper Toms Run","","","Measured in Maple Drive Old Growth Area.","","146626","1","","","","Public-state","118.3'","Clinometer/laser rangefinder/sine","9.2'","110''","","Located in Deer Meadow.","Dale Luthringer","2002-02-18","http%3A%2F%2Fwww.nativetreesociety.org%2Fevents%2Fcook2007%2Fcook_forest_bte07.htm","N"
"White Ash","Fraxinus americana","Pennsylvania","Clarion","CFSP-Various","","","","","281477","1","","","","Public-state","112.7'","Clinometer/laser rangefinder/sine","7.8'","94''","","Located on old dairy farm along Forest Drive.","Dale Luthringer, Carl Harting","2001-12-01","http%3A%2F%2Fwww.nativetreesociety.org%2Ffieldtrips%2Fpenna%2Fdonut.htm","N"
"White Ash","Fraxinus americana","Pennsylvania","Clarion","CFSP-Various","","","","","281471","1","","","","Public-state","114.2'","Clinometer/laser rangefinder/sine","7.5'","90''","","AT former Boy Scout Camp on Forest Drive","Dale Luthringer, Carl Harting","2001-12-01","http%3A%2F%2Fwww.nativetreesociety.org%2Ffieldtrips%2Fpenna%2Fdonut.htm","N"
"White Ash","Fraxinus americana","Pennsylvania","Clarion","CFSP-Various","","","","","281478","1","","","","Public-state","119.6'","Clinometer/laser rangefinder/sine","7.8'","94''","","Located on old dairy farm along Forest Drive.","Dale Luthringer, Carl Harting","2001-12-01","http%3A%2F%2Fwww.nativetreesociety.org%2Ffieldtrips%2Fpenna%2Fdonut.htm","N"
"White Ash","Fraxinus americana","Pennsylvania","Clarion","Cooksburg Area-Private Property","","","","","147775","1","","","","Public -state, Private","","Clinometer/laser rangefinder/sine","12.4'","149''","","Behind canoe livery","Dale Luthringer","2008-09-12","","N"
"White Ash","Fraxinus americana","Pennsylvania","Clinton","Spruce Run Road","","","","","166105","1","","","","Public - state","91.2'","Clinometer/laser rangefinder/sine","5.1'","61''","","","Edward Frank, Lynn Greenaway","2010-03-19","","N"
"White Ash","Fraxinus americana","Pennsylvania","Crawford","Greendale Cemetery-Cemetery Run","","","","","168079","1","","","","Private","109.3'","Clinometer/laser rangefinder/sine","","","","","Dale Luthringer","2009-01-01","http%3A%2F%2Fgroups.google.com%2Fgroup%2Fentstrees%2Fbrowse_thread%2Fthread%2F715eb2ea21c8e59e%3Fhl%3Den","N"
"White Ash","Fraxinus americana","Pennsylvania","Crawford","Greendale Cemetery-Cemetery Run","","","","","168080","1","","","","Private","114.3'","Clinometer/laser rangefinder/sine","","","","","Dale Luthringer","2009-01-01","http%3A%2F%2Fgroups.google.com%2Fgroup%2Fentstrees%2Fbrowse_thread%2Fthread%2F715eb2ea21c8e59e%3Fhl%3Den","N"
"White Ash","Fraxinus americana","Pennsylvania","Crawford","Greendale Cemetery-Cemetery Run","","","","","168081","1","","","","Private","116.2'","Clinometer/laser rangefinder/sine","5.3'","64''","","","Dale Luthringer","2009-01-01","http%3A%2F%2Fgroups.google.com%2Fgroup%2Fentstrees%2Fbrowse_thread%2Fthread%2F715eb2ea21c8e59e%3Fhl%3Den","N"
"White Ash","Fraxinus americana","Pennsylvania","Crawford","Greendale Cemetery-Cemetery Run","","","","","168082","1","","","","Private","117.8'","Clinometer/laser rangefinder/sine","","","","","Dale Luthringer","2009-01-01","http%3A%2F%2Fgroups.google.com%2Fgroup%2Fentstrees%2Fbrowse_thread%2Fthread%2F715eb2ea21c8e59e%3Fhl%3Den","N"
"White Ash","Fraxinus americana","Pennsylvania","Crawford","Greendale Cemetery-Cemetery Run","","","","","168083","1","","","","Private","119.5'","Clinometer/laser rangefinder/sine","5.7'","68''","","","Dale Luthringer","2009-01-01","http%3A%2F%2Fgroups.google.com%2Fgroup%2Fentstrees%2Fbrowse_thread%2Fthread%2F715eb2ea21c8e59e%3Fhl%3Den","N"
"White Ash","Fraxinus americana","Pennsylvania","Crawford","Greendale Cemetery-Cemetery Run","","","","","168084","1","","","","Private","121.9'","Clinometer/laser rangefinder/sine","","","","","Dale Luthringer","2009-01-01","http%3A%2F%2Fgroups.google.com%2Fgroup%2Fentstrees%2Fbrowse_thread%2Fthread%2F715eb2ea21c8e59e%3Fhl%3Den","N"
"White Ash","Fraxinus americana","Pennsylvania","Crawford","Greendale Cemetery-Cemetery Run","","","","","168085","1","","","","Private","122.3'","Clinometer/laser rangefinder/sine","6.1'","73''","","","Dale Luthringer","2009-01-01","http%3A%2F%2Fgroups.google.com%2Fgroup%2Fentstrees%2Fbrowse_thread%2Fthread%2F715eb2ea21c8e59e%3Fhl%3Den","N"
"White Ash","Fraxinus americana","Pennsylvania","Delaware","Camp - Woods","","","Site was an outpost for Washington's army during the Valley Forge Winter.","","135799","1","","","","Private","111.0'","Clinometer/laser rangefinder/sine","10.5'","126''","","","George Fieo","2009-11-01","http%3A%2F%2Fgroups.google.com%2Fgroup%2Fentstrees%2Fbrowse_thread%2Fthread%2F7139d67f5a98ce09%3Fhl%3Den","N"
"White Ash","Fraxinus americana","Pennsylvania","Delaware","Martin Park","","","","","134449","1","","","","Public - township","115.3'","Clinometer/laser rangefinder/sine","7.4'","89''","","","Mike Dunn","2008-12-09","http%3A%2F%2Fwww.nativetreesociety.org%2Ffieldtrips%2Fpenna%2Fthornbury_gladwyne_pa.htm","N"
"White Ash","Fraxinus americana","Pennsylvania","Delaware","Our Lady Of Angels Convent","","","","","133850","1","","","200.0 ft","Private","7.6'","Clinometer/laser rangefinder/sine","15.2'","182''","","","Scott Wade","2005-03-21","http%3A%2F%2Fwww.nativetreesociety.org%2Ffieldtrips%2Fpenna%2Four_lady_of_angels.htm","N"
"White Ash","Fraxinus americana","Pennsylvania","Delaware","Our Lady Of Angels Convent","","","","","133851","1","","","200.0 ft","Private","103.4'","Clinometer/laser rangefinder/sine","14.1'","169''","","","Scott Wade","2005-03-21","http%3A%2F%2Fwww.nativetreesociety.org%2Ffieldtrips%2Fpenna%2Four_lady_of_angels.htm","N"
"White Ash","Fraxinus americana","Pennsylvania","Delaware","Our Lady Of Angels Convent","","","","","133852","1","","","200.0 ft","Private","112.1'","Clinometer/laser rangefinder/sine","10.1'","121''","","","Scott Wade","2005-03-21","http%3A%2F%2Fwww.nativetreesociety.org%2Ffieldtrips%2Fpenna%2Four_lady_of_angels.htm","N"
"White Ash","Fraxinus americana","Pennsylvania","Delaware","Ridley Creek State Park","","","","","143043","1","","","","State","85.2'","Clinometer/laser rangefinder/sine","16.1'","193''","","","George Fieo","2010-11-30","","N"
"White Ash","Fraxinus americana","Pennsylvania","Delaware","Ridley Creek State Park","","","","","143044","1","","","","State","119.3'","Clinometer/laser rangefinder/sine","16.0'","192''","","","George Fieo","2010-11-30","","N"
"White Ash","Fraxinus americana","Pennsylvania","Delaware","Ridley Creek State Park","","","","","143045","1","","","","State","128.5'","Clinometer/laser rangefinder/sine","14.0'","168''","","","George Fieo","2010-11-30","","N"
"White Ash","Fraxinus americana","Pennsylvania","Delaware","Ridley Creek State Park","","","","","143046","1","","","","State","141.2'","Clinometer/laser rangefinder/sine","11.3'","136''","","","George Fieo","2010-11-30","","N"
"White Ash","Fraxinus americana","Pennsylvania","Delaware","Ridley Creek State Park","","","","","143047","1","","","","State","141.4'","Clinometer/laser rangefinder/sine","6.4'","77''","","","George Fieo","2010-11-30","","N"
"White Ash","Fraxinus americana","Pennsylvania","Delaware","Ridley Creek State Park","","","","","143048","1","","","","State","141.4'","Clinometer/laser rangefinder/sine","8.8'","106''","","","George Fieo","2010-11-30","","N"
"White Ash","Fraxinus americana","Pennsylvania","Delaware","Ridley Creek State Park","","","","","143049","1","","","","State","143.9'","Clinometer/laser rangefinder/sine","8.3'","99''","","","George Fieo","2010-11-30","","N"
"White Ash","Fraxinus americana","Pennsylvania","Delaware","Rocky Run - Tyler Arboretum","","","","","135632","1","","","","Private","120.6'","Clinometer/laser rangefinder/sine","7.5'","90''","","","Scott Wade","2006-04-17","http%3A%2F%2Fwww.nativetreesociety.org%2Ffieldtrips%2Fpenna%2Ftyler_arboretum_pa.htm","N"
"White Ash","Fraxinus americana","Pennsylvania","Delaware","Rocky Run - Tyler Arboretum","","","","","166980","1","","","","Private","125.3'","Clinometer/laser rangefinder/sine","7.5'","90''","","Tree measured 2/3/2009","Scott Wade","2008-04-02","http%3A%2F%2Fwww.nativetreesociety.org%2Ffieldtrips%2Fpenna%2Ftyler_arboretum_pa.htm","N"
"White Ash","Fraxinus americana","Pennsylvania","Delaware","Smedley Park","","","","","142841","1","","","","County","116.3'","Clinometer/laser rangefinder/sine","6.8'","81''","","","George Fieo","2011-11-18","","N"
"White Ash","Fraxinus americana","Pennsylvania","Delaware","Smedley Park","39 54.858","-075 22.003","","","142842","1","39 54.858","-075 22.003","","County","131.2'","Clinometer/laser rangefinder/sine","5.6'","67''","","","George Fieo","2011-11-18","","N"
"White Ash","Fraxinus americana","Pennsylvania","Delaware","Swarthmore College - Crum Creek","","","","","134861","1","","","","Private","134.2'","Clinometer/laser rangefinder/sine","9.2'","110''","","","Scott Wade, Mike Dunn","2009-01-30","http%3A%2F%2Fwww.nativetreesociety.org%2Ffieldtrips%2Fpenna%2Fswarthmore_college.htm","N"
"White Ash","Fraxinus americana","Pennsylvania","Delaware","Wawa Preserve","","","Measurements were also made on 2/5,6/2006.
See: http://www.nativetreesociety.org/fieldtrips/penna/wawa_preserve.htm
This a property of the Natural Lands Trust.","","135239","1","","","200.0 ft","Private","108.9'","Clinometer/laser rangefinder/sine","9.0'","108''","","","Scott Wade","2005-12-14","http%3A%2F%2Fwww.nativetreesociety.org%2Ffieldtrips%2Fpenna%2Fphiladelphia_gladwyne_wawa.htm","N"
"White Ash","Fraxinus americana","Pennsylvania","Delaware","Wawa Preserve","","","Measurements were also made on 2/5,6/2006.
See: http://www.nativetreesociety.org/fieldtrips/penna/wawa_preserve.htm
This a property of the Natural Lands Trust.","","135238","1","","","200.0 ft","Private","109.1'","Clinometer/laser rangefinder/sine","9.0'","108''","","","Scott Wade","2005-12-14","http%3A%2F%2Fwww.nativetreesociety.org%2Ffieldtrips%2Fpenna%2Fphiladelphia_gladwyne_wawa.htm","N"
"White Ash","Fraxinus americana","Pennsylvania","Elk","Millstone Creek Area","","","","","145571","1","","","","Public - state","104.7'","Clinometer/laser rangefinder/sine","7.0'","84''","","","Dale Luthringer, Edward Frank","2008-04-24","http%3A%2F%2Fgroups.google.com%2Fgroup%2Fentstrees%2Fbrowse_thread%2Fthread%2Fa1cc481667139773%3Fhl%3Den","N"
"White Ash","Fraxinus americana","Pennsylvania","Elk","Portland Mills","","","Some trees were measured om 4/21/2009.
Much of the land is owned by the Pennyslvania fish and Boat Commission.","","138134","1","","","","Public - state","84.1'","Clinometer/laser rangefinder/sine","7.3'","88''","","Height is Not Less Than (NLT)","Dale Luthringer","2009-04-30","","N"
"White Ash","Fraxinus americana","Pennsylvania","Erie","Erie Bluffs State Park(Formerly Coho Property)","","","Trees from trip posted 9/8/2006","","120299","1","","","","Public","101.8'","Clinometer/laser rangefinder/sine","9.2'","110''","","","Dale Luthringer","2003-09-17","http%3A%2F%2Fwww.nativetreesociety.org%2Ffieldtrips%2Fpenna%2Ferie_bluffs_state_park.htm","N"
"White Ash","Fraxinus americana","Pennsylvania","Erie","Erie Bluffs State Park(Formerly Coho Property)","","","Trees from trip posted 9/8/2006","","120289","1","","","660.0 ft","Public","102.1'","Clinometer/laser rangefinder/sine","7.9'","95''","","Height is Not Less Than (NLT)","Dale Luthringer","2003-09-17","http%3A%2F%2Fwww.nativetreesociety.org%2Ffieldtrips%2Fpenna%2Ferie_bluffs_state_park.htm","N"
"White Ash","Fraxinus americana","Pennsylvania","Erie","Erie Bluffs State Park(Formerly Coho Property)","","","Trees from trip posted 9/8/2006","","120301","1","","","","Public","102.1'","Clinometer/laser rangefinder/sine","7.9'","95''","","","Dale Luthringer","2003-09-17","http%3A%2F%2Fwww.nativetreesociety.org%2Ffieldtrips%2Fpenna%2Ferie_bluffs_state_park.htm","N"
"White Ash","Fraxinus americana","Pennsylvania","Erie","Erie Bluffs State Park(Formerly Coho Property)","","","Trees from trip posted 9/8/2006","","120317","1","","","","Public","105.1'","Clinometer/laser rangefinder/sine","6.3'","76''","","Height is Not Less Than (NLT)","Dale Luthringer","2003-09-17","http%3A%2F%2Fwww.nativetreesociety.org%2Ffieldtrips%2Fpenna%2Ferie_bluffs_state_park.htm","N"
"White Ash","Fraxinus americana","Pennsylvania","Erie","Erie Bluffs State Park(Formerly Coho Property)","","","Trees from trip posted 9/8/2006","","120332","1","","","","Public","115.5'","Clinometer/laser rangefinder/sine","5.8'","70''","","","Dale Luthringer","2003-09-17","http%3A%2F%2Fwww.nativetreesociety.org%2Ffieldtrips%2Fpenna%2Ferie_bluffs_state_park.htm","N"
"White Ash","Fraxinus americana","Pennsylvania","Erie","Erie Bluffs State Park(Formerly Coho Property)","","","Trees from trip posted 9/8/2006","","120333","1","","","","Public","120.5'","Clinometer/laser rangefinder/sine","7.4'","89''","","","Dale Luthringer","2003-09-17","http%3A%2F%2Fwww.nativetreesociety.org%2Ffieldtrips%2Fpenna%2Ferie_bluffs_state_park.htm","N"
"White Ash","Fraxinus americana","Pennsylvania","Erie","Erie Bluffs State Park(Formerly Coho Property)","","","Trees from trip posted 9/8/2006","","214285","1","","","","Public","120.5'","Clinometer/laser rangefinder/sine","7.4'","89''","","","Dale Luthringer","2006-09-08","http%3A%2F%2Fwww.nativetreesociety.org%2Ffieldtrips%2Fpenna%2Ferie_bluffs_state_park.htm","N"
"White Ash","Fraxinus americana","Pennsylvania","Erie","Gudgeonville And Upstream Of Route 98 Bridge","","","","","120206","1","","","","Private","87.1'","Clinometer/laser rangefinder/sine","4.7'","56''","","Height is Not Less Than (NLT)","Dale Luthringer","2009-11-10","http%3A%2F%2Fwww.ents-bbs.org%2Fviewtopic.php%3Ff%3D148%26t%3D760%23p2369","N"
"White Ash","Fraxinus americana","Pennsylvania","Erie","Gudgeonville And Upstream Of Route 98 Bridge","","","","","120207","1","","","","Private","108.7'","Clinometer/laser rangefinder/sine","","","","","Dale Luthringer","2009-11-10","http%3A%2F%2Fwww.ents-bbs.org%2Fviewtopic.php%3Ff%3D148%26t%3D760%23p2369","N"
"White Ash","Fraxinus americana","Pennsylvania","Erie","Lake Erie Community Park","","","","","138585","1","","","","Public","84.1'","Clinometer/laser rangefinder/sine","10.4'","125''","","Height is Not Less Then (NLT)","Dale Luthringer","2004-01-07","http%3A%2F%2Fwww.nativetreesociety.org%2Ffieldtrips%2Fpenna%2Flake_erie_community_park.htm","N"
"White Ash","Fraxinus americana","Pennsylvania","Erie","Lake Erie Community Park","","","","","138586","1","","","","Public","112.0'","Clinometer/laser rangefinder/sine","","","","","Dale Luthringer","2004-01-07","http%3A%2F%2Fwww.nativetreesociety.org%2Ffieldtrips%2Fpenna%2Flake_erie_community_park.htm","N"
"White Ash","Fraxinus americana","Pennsylvania","Erie","Lake Erie Community Park","","","","","138587","1","","","","Public","121.1'","Clinometer/laser rangefinder/sine","7.8'","94''","","","Dale Luthringer","2004-01-07","http%3A%2F%2Fwww.nativetreesociety.org%2Ffieldtrips%2Fpenna%2Flake_erie_community_park.htm","N"
"White Ash","Fraxinus americana","Pennsylvania","Erie","Lake Shore Country Club","","","","","138847","1","","","","Private","114.5'","Clinometer/laser rangefinder/sine","5.9'","71''","","","Dale Luthringer","2008-10-01","http%3A%2F%2Fwww.nativetreesociety.org%2Ffieldtrips%2Fpenna%2Flakeshorecountryclub.htm","N"
"White Ash","Fraxinus americana","Pennsylvania","Erie","Lake Shore Country Club","","","","","138848","1","","","","Private","122.8'","Clinometer/laser rangefinder/sine","7.8'","94''","","","Dale Luthringer","2008-10-01","http%3A%2F%2Fwww.nativetreesociety.org%2Ffieldtrips%2Fpenna%2Flakeshorecountryclub.htm","N"
"White Ash","Fraxinus americana","Pennsylvania","Erie","Scott Community Park","","","Post of 4/12/2004 for trips on 3/19/2004, 4/9/2004","","139061","1","","","","Public","100.7'","Clinometer/laser rangefinder/sine","","","","","Dale Luthringer","2004-04-12","http%3A%2F%2Fwww.nativetreesociety.org%2Ffieldtrips%2Fpenna%2Fscott_community_park.htm","N"
"White Ash","Fraxinus americana","Pennsylvania","Erie","Scott Community Park","","","Post of 4/12/2004 for trips on 3/19/2004, 4/9/2004","","139062","1","","","","Public","105.1'","Clinometer/laser rangefinder/sine","7.2'","86''","","","Dale Luthringer","2004-04-12","http%3A%2F%2Fwww.nativetreesociety.org%2Ffieldtrips%2Fpenna%2Fscott_community_park.htm","N"
"White Ash","Fraxinus americana","Pennsylvania","Erie","State Game Lands 155","","","","","138792","1","","","","Public","30.8'","Clinometer/laser rangefinder/sine","13.1'","157''","","Snag","Dale Luthringer","2008-04-17","http%3A%2F%2Fwww.nativetreesociety.org%2Ffieldtrips%2Fpenna%2Fsgl_155_pa.htm","N"
"White Ash","Fraxinus americana","Pennsylvania","Erie","State Game Lands 155","","","","","138793","1","","","","Public","93.1'","Clinometer/laser rangefinder/sine","8.1'","97''","","Height is Not Less Than (NLT).","Dale Luthringer","2008-04-17","http%3A%2F%2Fwww.nativetreesociety.org%2Ffieldtrips%2Fpenna%2Fsgl_155_pa.htm","N"
"White Ash","Fraxinus americana","Pennsylvania","Erie","State Game Lands 155","","","","","138794","1","","","","Public","102.6'","Clinometer/laser rangefinder/sine","5.8'","70''","","","Dale Luthringer","2008-04-17","http%3A%2F%2Fwww.nativetreesociety.org%2Ffieldtrips%2Fpenna%2Fsgl_155_pa.htm","N"
"White Ash","Fraxinus americana","Pennsylvania","Erie","State Game Lands 155","","","","","138795","1","","","","Public","108.5'","Clinometer/laser rangefinder/sine","6.4'","77''","","","Dale Luthringer","2008-04-17","http%3A%2F%2Fwww.nativetreesociety.org%2Ffieldtrips%2Fpenna%2Fsgl_155_pa.htm","N"
"White Ash","Fraxinus americana","Pennsylvania","Erie","State Game Lands 155","","","","","138796","1","","","","Public","111.7'","Clinometer/laser rangefinder/sine","4.7'","56''","","","Dale Luthringer","2008-04-17","http%3A%2F%2Fwww.nativetreesociety.org%2Ffieldtrips%2Fpenna%2Fsgl_155_pa.htm","N"
"White Ash","Fraxinus americana","Pennsylvania","Erie","Walnut Creek Gorge","","","See post of 3/18/2008 for trips on 12/28/2007, 12/31/2007.
See post of 9/9/2008 for trips on 3/28/2008, 4/4/2008.","","140106","1","","","","Private","108.2'","Clinometer/laser rangefinder/sine","7.4'","89''","","","Dale Luthringer","2008-03-18","http%3A%2F%2Fwww.nativetreesociety.org%2Ffieldtrips%2Fpenna%2Fwalnut_creek_pa_update.htm","N"
"White Ash","Fraxinus americana","Pennsylvania","Erie","Walnut Creek Gorge","","","See post of 3/18/2008 for trips on 12/28/2007, 12/31/2007.
See post of 9/9/2008 for trips on 3/28/2008, 4/4/2008.","","140136","1","","","","Private","108.9'","Clinometer/laser rangefinder/sine","5.3'","64''","","","Dale Luthringer","2008-03-18","http%3A%2F%2Fwww.nativetreesociety.org%2Ffieldtrips%2Fpenna%2Fwalnut_creek_pa_update.htm","N"
"White Ash","Fraxinus americana","Pennsylvania","Erie","Walnut Creek Gorge","","","See post of 3/18/2008 for trips on 12/28/2007, 12/31/2007.
See post of 9/9/2008 for trips on 3/28/2008, 4/4/2008.","","140137","1","","","","Private","111.2'","Clinometer/laser rangefinder/sine","6.2'","74''","","","Dale Luthringer","2008-03-18","http%3A%2F%2Fwww.nativetreesociety.org%2Ffieldtrips%2Fpenna%2Fwalnut_creek_pa_update.htm","N"
"White Ash","Fraxinus americana","Pennsylvania","Erie","Walnut Creek Gorge","","","See post of 3/18/2008 for trips on 12/28/2007, 12/31/2007.
See post of 9/9/2008 for trips on 3/28/2008, 4/4/2008.","","138534","1","","","","Private","113.1'","Clinometer/laser rangefinder/sine","7.0'","84''","","","Dale Luthringer","2004-02-08","http%3A%2F%2Fwww.nativetreesociety.org%2Ffieldtrips%2Fpenna%2Fwalnut_creek_pa_update.htm","N"
"White Ash","Fraxinus americana","Pennsylvania","Erie","Walnut Creek Gorge","","","See post of 3/18/2008 for trips on 12/28/2007, 12/31/2007.
See post of 9/9/2008 for trips on 3/28/2008, 4/4/2008.","","140138","1","","","","Private","117.1'","Clinometer/laser rangefinder/sine","","","","","Dale Luthringer","2008-03-18","http%3A%2F%2Fwww.nativetreesociety.org%2Ffieldtrips%2Fpenna%2Fwalnut_creek_pa_update.htm","N"
"White Ash","Fraxinus americana","Pennsylvania","Erie","Walnut Creek Gorge","","","See post of 3/18/2008 for trips on 12/28/2007, 12/31/2007.
See post of 9/9/2008 for trips on 3/28/2008, 4/4/2008.","","138535","1","","","","Private","124.2'","Clinometer/laser rangefinder/sine","8.2'","98''","","","Dale Luthringer","2004-02-08","http%3A%2F%2Fwww.nativetreesociety.org%2Ffieldtrips%2Fpenna%2Fwalnut_creek_pa_update.htm","N"
"White Ash","Fraxinus americana","Pennsylvania","Erie","Wintergreen Gorge","","","Trips were made 7/2/2003, 9/5/2003,10/10/2003,
11/3/2003,5/24/2004,10/15/2004","","120240","1","","","960.0 ft","Public","114.1'","Clinometer/laser rangefinder/sine","9.6'","115''","","","Dale Luthringer","2003-07-02","","N"
"White Ash","Fraxinus americana","Pennsylvania","Erie","Wintergreen Gorge","","","Trips were made 7/2/2003, 9/5/2003,10/10/2003,
11/3/2003,5/24/2004,10/15/2004","","120229","1","","","760.0 ft","Public","119.7'","Clinometer/laser rangefinder/sine","7.8'","94''","","","Dale Luthringer","2003-07-02","","N"
"White Ash","Fraxinus americana","Pennsylvania","Erie","Wintergreen Gorge","","","Trips were made 7/2/2003, 9/5/2003,10/10/2003,
11/3/2003,5/24/2004,10/15/2004","","120230","1","","","760.0 ft","Public","120.0'","Clinometer/laser rangefinder/sine","8.7'","104''","","","Dale Luthringer","2003-07-02","","N"
"White Ash","Fraxinus americana","Pennsylvania","Erie","Wintergreen Gorge","","","Trips were made 7/2/2003, 9/5/2003,10/10/2003,
11/3/2003,5/24/2004,10/15/2004","","120262","1","","","760.0 ft","Public","120.3'","Clinometer/laser rangefinder/sine","6.5'","78''","","","Dale Luthringer","2003-07-02","","N"
"White Ash","Fraxinus americana","Pennsylvania","Erie","Wintergreen Gorge","","","Trips were made 7/2/2003, 9/5/2003,10/10/2003,
11/3/2003,5/24/2004,10/15/2004","","120241","1","","","960.0 ft","Public","122.5'","Clinometer/laser rangefinder/sine","7.5'","90''","","Height is Not Less Than (NLT)","Dale Luthringer","2003-07-02","","N"
"White Ash","Fraxinus americana","Pennsylvania","Erie","Wintergreen Gorge","","","Trips were made 7/2/2003, 9/5/2003,10/10/2003,
11/3/2003,5/24/2004,10/15/2004","","120220","1","","","760.0 ft","Public","129.8'","Clinometer/laser rangefinder/sine","9.9'","119''","","","Dale Luthringer","2003-07-02","","N"
"White Ash","Fraxinus americana","Pennsylvania","Fayette","Along Great Gorge Trail","","","This area includes a 2.4 mile section along the trail from Cucumber Falls to the Railroad Trestle.  32 acres with about 16 acres Old Growth","","167652","1","","","","Public - State Park","131.1'","Clinometer/laser rangefinder/sine","13.7'","164''","","","Dale Luthringer","2007-05-17","http%3A%2F%2Fgroups.google.com%2Fgroup%2Fentstrees%2Fbrowse_thread%2Fthread%2F4b65935fe745fc78%3Fhl%3Den","N"
"White Ash","Fraxinus americana","Pennsylvania","Fayette","Friendship Hill","39 47.040","-079 55.653","","","18529","1","39 47.040","-079 55.653","","National Park","116.5'","Clinometer/laser rangefinder/sine","5.8'","70''","","","Steve Halow","2011-03-26","","N"
"White Ash","Fraxinus americana","Pennsylvania","Fayette","Friendship Hill","39 45.759","-079 55.698","","","18565","1","39 45.759","-079 55.698","","National Park","119.0'","Clinometer/laser rangefinder/sine","5.6'","67''","","","Steve Halow","2011-03-26","","N"
"White Ash","Fraxinus americana","Pennsylvania","Fayette","Hewitt Island","","","Island is in the Youghiogheny River near Perryopolis.","","224743","1","","","","Public","114.0'","Clinometer/laser rangefinder/sine","5.2'","62''","","","Edward Franks, Steve Halow","2010-08-28","http%3A%2F%2Fwww.ents-bbs.org%2Fviewtopic.php%3Ff%3D154%26t%3D1279","N"
"White Ash","Fraxinus americana","Pennsylvania","Fayette","Ohiopyle SP","39 52.421","-079 29.968","","","21788","1","39 52.421","-079 29.968","","Public","135.0'","Clinometer/laser rangefinder/sine","","","","","Steve Halow, Randi Chambers","2011-11-11","","N"
"White Ash","Fraxinus americana","Pennsylvania","Forest","CFSP-Cook Trail/Henry Run","","","","","144754","1","","","","Public-state","104.6'","Clinometer/laser rangefinder/sine","","","","","Dale Luthringer","2002-07-22","http%3A%2F%2Fwww.nativetreesociety.org%2Ffieldtrips%2Fpenna_cook_forest%2Fcook_forest_april05.htm","N"
"White Ash","Fraxinus americana","Pennsylvania","Forest","CFSP-Foundation Ridge And Flats","","","American Chestnuts were measured  on 8/9 /2005.
See: http://www.nativetreesociety.org/fieldtrips/penna_cook_forest/two_trips_to_cook_forest.htm
Also see Luthringer measurements at:: http://www.nativetreesociety.org/fieldtrips/penna_cook_forest/foundation_ridge_flat_update.htm","","168390","1","","","","Public-state","118.7'","Clinometer/laser rangefinder/sine","6.4'","77''","","Height is Not Less Than (NLT)","Carl Harting, Dale Luthringer, Ed Frank","2006-09-26","http%3A%2F%2Fwww.nativetreesociety.org%2Ffieldtrips%2Fpenna_cook_forest%2Ffoundation_ridge_flat.htm","N"
"White Ash","Fraxinus americana","Pennsylvania","Forest","CFSP-Foundation Ridge And Flats","","","American Chestnuts were measured  on 8/9 /2005.
See: http://www.nativetreesociety.org/fieldtrips/penna_cook_forest/two_trips_to_cook_forest.htm
Also see Luthringer measurements at:: http://www.nativetreesociety.org/fieldtrips/penna_cook_forest/foundation_ridge_flat_update.htm","","168374","1","","","","Public-state","122.6'","Clinometer/laser rangefinder/sine","7.7'","92''","","","Carl Harting, Dale Luthringer, Ed Frank","2006-09-26","http%3A%2F%2Fwww.nativetreesociety.org%2Ffieldtrips%2Fpenna_cook_forest%2Ffoundation_ridge_flat.htm","N"
"White Ash","Fraxinus americana","Pennsylvania","Forest","CFSP-River Cabins And Flats","","","Measurements made between 1/1/2002 and 8/6/2004","","145385","1","","","","Public-state","126.8'","Clinometer/laser rangefinder/sine","7.6'","91''","","1st Bench","Dale Luthringer","2004-08-06","","N"
"White Ash","Fraxinus americana","Pennsylvania","Forest","CFSP-River Cabins And Flats","","","Measurements made between 1/1/2002 and 8/6/2004","","145392","1","","","","Public-state","128.3'","Clinometer/laser rangefinder/sine","7.6'","91''","","","Dale Luthringer","2004-08-06","","N"
"White Ash","Fraxinus americana","Pennsylvania","Forest","Hemlock Island","41 35.851","-079 24.212","","","173855","1","41 35.851","-079 24.212","1080.0 ft","Public - federal","94.1'","Clinometer/laser rangefinder/sine","5.7'","68''","","","Dale Luthringer, Edward Frank","2008-07-16","","N"
"White Ash","Fraxinus americana","Pennsylvania","Forest","Hemlock Island","","","","","173856","1","","","1080.0 ft","Public - federal","99.1'","Clinometer/laser rangefinder/sine","4.4'","53''","","Height is Not Less Than (NLT)","Dale Luthringer, Edward Frank","2008-07-16","","N"
"White Ash","Fraxinus americana","Pennsylvania","Forest","Hemlock Island","","","","","173857","1","","","1080.0 ft","Public - federal","102.2'","Clinometer/laser rangefinder/sine","8.5'","102''","","","Dale Luthringer, Edward Frank","2008-07-16","","N"
"White Ash","Fraxinus americana","Pennsylvania","Forest","Hemlock Island","","","","","173858","1","","","1020.0 ft","Public - federal","114.0'","Clinometer/laser rangefinder/sine","8.7'","104''","","","Dale Luthringer, Edward Frank","2008-07-16","","N"
"White Ash","Fraxinus americana","Pennsylvania","Forest","King Island","","","Some measurements were made on 9/5/2007","","139097","1","","","1120.0 ft","Public - federal","81.1'","Clinometer/laser rangefinder/sine","4.3'","52''","","Height is Not Less Than (NLT)","Dale Luthringer, Edward Frank","2007-09-26","","N"
"White Ash","Fraxinus americana","Pennsylvania","Forest","King Pennisular","","","","","139107","1","","","1020.0 ft","Public - National Forest","70.5'","Clinometer/laser rangefinder/sine","5.4'","65''","","","Edwad Frank","2009-11-02","","N"
"White Ash","Fraxinus americana","Pennsylvania","Forest","King Pennisular","","","","","139106","1","","","1020.0 ft","Public - National Forest","105.5'","Clinometer/laser rangefinder/sine","7.3'","88''","","","Edwad Frank","2009-11-02","","N"
"White Ash","Fraxinus americana","Pennsylvania","Forest","Refugee Islands #1 & 2","","","The refugee Islands are a group of islands and the numbers are for NTS convenience for identification.
Coordinates fo island #2 are: 41 28.512, -079 28.155","","139365","1","","","1050.0 ft","Public - Federal","75.1'","Clinometer/laser rangefinder/sine","5.1'","61''","","Height is Not Less Than (NLT).
Tree is on island #1. Measured 10/8/08","Edward Frank, Carl Harting., Dale Luthringer","2008-10-08","","N"
"White Ash","Fraxinus americana","Pennsylvania","Forest","Refugee Islands #1 & 2","","","The refugee Islands are a group of islands and the numbers are for NTS convenience for identification.
Coordinates fo island #2 are: 41 28.512, -079 28.155","","139378","1","","","1050.0 ft","Public - Federal","101.9'","Clinometer/laser rangefinder/sine","6.9'","83''","","Tree is on island #2. Measured 9/5/2008","Edward Frank, Carl Harting., Dale Luthringer","2008-10-08","","N"
"White Ash","Fraxinus americana","Pennsylvania","Forest","Refugee Islands #1 & 2","","","The refugee Islands are a group of islands and the numbers are for NTS convenience for identification.
Coordinates fo island #2 are: 41 28.512, -079 28.155","","139379","1","","","1050.0 ft","Public - Federal","101.9'","Clinometer/laser rangefinder/sine","8.8'","106''","","Tree is on island #2. Measured 9/5/2008","Edward Frank, Carl Harting., Dale Luthringer","2008-10-08","","N"
"White Ash","Fraxinus americana","Pennsylvania","Forest","Refugee Islands #1 & 2","","","The refugee Islands are a group of islands and the numbers are for NTS convenience for identification.
Coordinates fo island #2 are: 41 28.512, -079 28.155","","139380","1","","","1050.0 ft","Public - Federal","106.6'","Clinometer/laser rangefinder/sine","9.7'","116''","","Tree is on island #2. Measured 9/5/2008","Edward Frank, Carl Harting., Dale Luthringer","2008-10-08","","N"
"White Ash","Fraxinus americana","Pennsylvania","Greene","Ryerson Station State Park","","","1.164 acres","","167620","1","","","1140.0 ft","Publc - State","119.0'","Clinometer/laser rangefinder/sine","9.3'","111''","","","Steve Halow","2011-03-27","","N"
"White Ash","Fraxinus americana","Pennsylvania","Huntingdon","Alan Seeger Natural Area","","","390 Acres in the Natural Area","","139742","1","","","","Public - State Forest","111.1'","Clinometer/laser rangefinder/sine","5.7'","68''","","","Dale Luthringer, Robert Leverett","2002-11-18","http%3A%2F%2Fwww.nativetreesociety.org%2Ffieldtrips%2Fpenna%2Falan_seeger_natural_area.htm","N"
"White Ash","Fraxinus americana","Pennsylvania","Jefferson","Clear Creek State Park","","","","","119262","1","","","","Public - state","91.4'","Clinometer/laser rangefinder/sine","10.7'","128''","","Near campground and confluence of Clear Creek with Clarion River.","Dale Luthringer","2005-10-25","","N"
"White Ash","Fraxinus americana","Pennsylvania","Jefferson","Clear Creek State Park","41 20.442","-079 06.256","","","119263","1","41 20.442","-079 06.256","","Public - state","124.1'","Clinometer/laser rangefinder/sine","7.5'","90''","","Along River Trail","Dale Luthringer","2005-10-25","","N"
"White Ash","Fraxinus americana","Pennsylvania","Jefferson","Clear Creek State Park","41 20.414","-079 06.256","","","119264","1","41 20.414","-079 06.256","","Public - state","124.4'","Clinometer/laser rangefinder/sine","9.1'","109''","","Along River Trail","Dale Luthringer","2005-10-25","","N"
"White Ash","Fraxinus americana","Pennsylvania","Jefferson","Clear Creek State Park","41 20.514","-079 06.063","","","119265","1","41 20.514","-079 06.063","","Public - state","125.0'","Clinometer/laser rangefinder/sine","10.3'","124''","","Along River Trail","Dale Luthringer","2005-10-25","","N"
"White Ash","Fraxinus americana","Pennsylvania","Jefferson","Cook Flats","","","","","142389","1","","","","Private","87.5'","Clinometer/laser rangefinder/sine","9.1'","109''","","","Dale Luthringer","2006-09-22","http%3A%2F%2Fwww.nativetreesociety.org%2Ffieldtrips%2Fpenna%2Fcook_flats.htm","N"
"White Ash","Fraxinus americana","Pennsylvania","Lawrence","Mcconnells Mill State Park","","","","","117325","1","","","","Public - State Park","","Clinometer/laser rangefinder/sine","10.3'","124''","","Up Rim Road up from climbing area.","Anthony Kelly","2006-01-07","","N"
"White Ash","Fraxinus americana","Pennsylvania","Lawrence","Mcconnells Mill State Park","","","","","117357","1","","","","Public - State Park","","Clinometer/laser rangefinder/sine","10.8'","130''","","","Anthony Kelly","2006-01-07","","N"
"White Ash","Fraxinus americana","Pennsylvania","Lawrence","Mcconnells Mill State Park","","","","","117432","1","","","","Public - State Park","81.1'","Clinometer/laser rangefinder/sine","3.6'","43''","","Height is Not Less Than (NLT)
Tree along Kildoo Trail-Sorth side","Anthony Kelly","2006-01-07","","N"
"White Ash","Fraxinus americana","Pennsylvania","Lawrence","Mcconnells Mill State Park","","","","","117411","1","","","","Public - State Park","116.3'","Clinometer/laser rangefinder/sine","10.9'","131''","","","Anthony Kelly","2006-01-07","","N"
"White Ash","Fraxinus americana","Pennsylvania","Lawrence","Mcconnells Mill State Park","","","","","117412","1","","","","Public - State Park","129.4'","Clinometer/laser rangefinder/sine","","","","","Anthony Kelly","2006-01-07","","N"
"White Ash","Fraxinus americana","Pennsylvania","Lawrence","Mcconnells Mill State Park","","","","","117434","1","","","","Public - State Park","137.5'","Clinometer/laser rangefinder/sine","","","","","Anthony Kelly","2006-01-07","","N"
"White Ash","Fraxinus americana","Pennsylvania","Luzerne","Glens Natural Area","","","","","168173","1","","","","Public - State Park","100.8'","Clinometer/laser rangefinder/sine","","","","","Dale Luthringer","2004-09-15","","N"
"White Ash","Fraxinus americana","Pennsylvania","Luzerne","Glens Natural Area","","","","","128998","1","","","","Public - State Park","106.8'","Clinometer/laser rangefinder/sine","7.6'","91''","","","Dale Luthringer","2003-11-06","","N"
"White Ash","Fraxinus americana","Pennsylvania","Luzerne","Glens Natural Area","","","","","168184","1","","","","Public - State Park","109.0'","Clinometer/laser rangefinder/sine","","","","","T. C. Mazar","2013-12-06","","N"
"White Ash","Fraxinus americana","Pennsylvania","Luzerne","Glens Natural Area","","","","","128999","1","","","","Public - State Park","109.3'","Clinometer/laser rangefinder/sine","","","","","Dale Luthringer","2003-11-06","","N"
"White Ash","Fraxinus americana","Pennsylvania","Luzerne","Glens Natural Area","","","","","129000","1","","","","Public - State Park","113.4'","Clinometer/laser rangefinder/sine","","","","","Dale Luthringer","2003-11-06","","N"
"White Ash","Fraxinus americana","Pennsylvania","Luzerne","Glens Natural Area","","","","","129001","1","","","","Public - State Park","117.7'","Clinometer/laser rangefinder/sine","","","","","Dale Luthringer","2003-11-06","","N"
"White Ash","Fraxinus americana","Pennsylvania","Luzerne","Glens Natural Area","","","","","129002","1","","","","Public - State Park","120.6'","Clinometer/laser rangefinder/sine","8.4'","101''","","","Dale Luthringer","2003-11-06","","N"
"White Ash","Fraxinus americana","Pennsylvania","Luzerne","Glens Natural Area","41 18.362","-076 16.536","","","129003","1","41 18.362","-076 16.536","1300.0 ft","Public - State Park","127.6'","Clinometer/laser rangefinder/sine","8.7'","104''","","","Dale Luthringer","2003-11-06","","N"
"White Ash","Fraxinus americana","Pennsylvania","Luzerne","Glens Natural Area","41 18.633","-076 16.813","","","168174","1","41 18.633","-076 16.813","1500.0 ft","Public - State Park","131.1'","Clinometer/laser rangefinder/sine","9.5'","114''","","","Dale Luthringer","2004-09-15","","N"
"White Ash","Fraxinus americana","Pennsylvania","Luzerne","Glens Natural Area","41 18.810","-076 16.472","","","168175","1","41 18.810","-076 16.472","1400.0 ft","Public - State Park","134.8'","Clinometer/laser rangefinder/sine","8.3'","100''","","","Dale Luthringer","2004-09-15","","N"
"White Ash","Fraxinus americana","Pennsylvania","Luzerne","Glens Natural Area","41 18.936","-076 16.416","","","168176","1","41 18.936","-076 16.416","1400.0 ft","Public - State Park","138.1'","Clinometer/laser rangefinder/sine","7.8'","94''","","","Dale Luthringer","2004-09-15","","N"
"White Ash","Fraxinus americana","Pennsylvania","Luzerne","Glens Natural Area","41 18.729","-076 16.880","","","168177","1","41 18.729","-076 16.880","1700.0 ft","Public - State Park","139.7'","Clinometer/laser rangefinder/sine","8.3'","100''","","","Dale Luthringer","2004-09-15","","N"
"White Ash","Fraxinus americana","Pennsylvania","Mckean","Chestnut Ridge","","","","","139442","1","","","","Public - federal","114.5'","Clinometer/laser rangefinder/sine","4.8'","58''","","","Edward Frank, Carl Harting","2006-09-15","","N"
"White Ash","Fraxinus americana","Pennsylvania","Mckean","Marilla Reservoir","","","Trees were also measured 9/2009.","","119242","1","","","","Public - sate","112.1'","Clinometer/laser rangefinder/sine","7.8'","94''","","Height is Not Less Than (NLT)","Dale Luthringer","2006-04-03","","N"
"White Ash","Fraxinus americana","Pennsylvania","Mckean","Marilla Reservoir","","","Trees were also measured 9/2009.","","119003","1","","","","Public - sate","114.1'","Clinometer/laser rangefinder/sine","7.0'","84''","","Height is Not Less Than (NLT)","Dale Luthringer, John Stoneman, Patrick Connelly","2009-10-15","","N"
"White Ash","Fraxinus americana","Pennsylvania","Mckean","Tionesta Scenic Area","","","","","166970","1","","","","Public - federal","102.2'","Clinometer/laser rangefinder/sine","3.8'","46''","","","Dale Luthringer","2002-10-30","","N"
"White Ash","Fraxinus americana","Pennsylvania","Mckean","Tionesta Scenic Area","","","","","166971","1","","","","Public - federal","107.2'","Clinometer/laser rangefinder/sine","9.0'","108''","","","Dale Luthringer","2002-10-30","","N"
"White Ash","Fraxinus americana","Pennsylvania","Monroe","Flood Plain - Along Delaware River","","","","","129397","1","","","","Public - National Recreation Area","105.4'","Clinometer/laser rangefinder/sine","11.8'","142''","","","Dale Luthringer","2005-04-29","http%3A%2F%2Fwww.nativetreesociety.org%2Ffieldtrips%2Fpenna%2Fdelaware_water_gap.htm","N"
"White Ash","Fraxinus americana","Pennsylvania","Montgomery","John James Audobon Center At Mill Grove","","","130 Acres with nine miles of trails.
Trees were also measured on 12/14/2008.","","134282","1","","","","Private","115.1'","Clinometer/laser rangefinder/sine","7.4'","89''","","","George Fieo","2008-12-05","http%3A%2F%2Fwww.nativetreesociety.org%2Ffieldtrips%2Fpenna%2Fpa_audubon_wildlife_sanctuary.htm","N"
"White Ash","Fraxinus americana","Pennsylvania","Montgomery","Middleton Estate","","","Two trees were measured 12/9/2008.
Also see: 
http://www.nativetreesociety.org/fieldtrips/penna/gladwyne_pa.htm","","134326","1","","","","Private","132.0'","Clinometer/laser rangefinder/sine","","","","","Mike Dunn","2008-11-22","http%3A%2F%2Fwww.nativetreesociety.org%2Ffieldtrips%2Fpenna%2Ftowering_tulips_middleton_estate.htm","N"
"White Ash","Fraxinus americana","Pennsylvania","Montgomery","Mont Clare Cliffs And  Schuykill River Corridor","","","","","166567","1","","","","Private","125.2'","Clinometer/laser rangefinder/sine","8.6'","103''","","","George Fieo","2009-05-25","http%3A%2F%2Fwww.nativetreesociety.org%2Ffieldtrips%2Fpenna%2F20090525-montclare%2F20090525-montclare.htm","N"
"White Ash","Fraxinus americana","Pennsylvania","Northampton","Henry's Wood - Jacobsburg State Park","","","Some measurements by D. Luthringer 3/31/2010
Also see:
http://www.ents-bbs.org/viewtopic.php?f=151&t=541","","222250","1","","","","Public - state","92.0'","Clinometer/laser rangefinder/sine","11.8'","142''","","","George Fieo, Dale Luthringer","2009-11-11","http%3A%2F%2Fgroups.google.com%2Fgroup%2Fentstrees%2Fbrowse_thread%2Fthread%2F18db47149de48864%3Fhl%3Den","N"
"White Ash","Fraxinus americana","Pennsylvania","Northampton","Henry's Wood - Jacobsburg State Park","","","Some measurements by D. Luthringer 3/31/2010
Also see:
http://www.ents-bbs.org/viewtopic.php?f=151&t=541","","222251","1","","","","Public - state","103.0'","Clinometer/laser rangefinder/sine","7.8'","93''","","","George Fieo, Dale Luthringer","2009-11-11","http%3A%2F%2Fgroups.google.com%2Fgroup%2Fentstrees%2Fbrowse_thread%2Fthread%2F18db47149de48864%3Fhl%3Den","N"
"White Ash","Fraxinus americana","Pennsylvania","Perry","Hemlocks Natural Area","","","","","129473","1","","","","Public - State Forest","104.1'","Clinometer/laser rangefinder/sine","","","","","Dale Luthringer","2004-12-28","http%3A%2F%2Fwww.nativetreesociety.org%2Ffieldtrips%2Fpenna%2Fhemlocks_natural_area2.htm","N"
"White Ash","Fraxinus americana","Pennsylvania","Philadelphia","Pennypack Park","","","","","143102","1","","","","City","125.1'","Clinometer/laser rangefinder/sine","10.7'","128''","","","George Fieo","2009-12-28","","N"
"White Ash","Fraxinus americana","Pennsylvania","Philadelphia","Wissahickon Valley Park","","","","","173561","1","","","175.0 ft","Public - city","122.5'","Clinometer/laser rangefinder/sine","10.5'","126''","","","Will Blozan, Ben Blozan","2003-10-04","","N"
"White Ash","Fraxinus americana","Pennsylvania","Philadelphia","Wissahickon Valley Park","","","","","173560","1","","","175.0 ft","Public - city","128.0'","Clinometer/laser rangefinder/sine","10.0'","120''","","","Will Blozan, Ben Blozan","2003-10-04","","N"
"White Ash","Fraxinus americana","Pennsylvania","Philadelphia","Wissahickon Valley Park","40 03.797","-075 13.485","","","173725","1","40 03.797","-075 13.485","","Public - city","130.9'","Clinometer/laser rangefinder/sine","11.9'","143''","","","George Fieo","2011-11-15","","N"
"White Ash","Fraxinus americana","Pennsylvania","Philadelphia","Wissahickon Valley Park","","","","","173559","1","","","150.0 ft","Public - city","132.0'","Clinometer/laser rangefinder/sine","8.8'","106''","","","Will Blozan, Ben Blozan","2003-10-04","","N"
"White Ash","Fraxinus americana","Pennsylvania","Philadelphia","Wissahickon Valley Park","","","","","173583","1","","","150.0 ft","Public - city","135.7'","Clinometer/laser rangefinder/sine","7.4'","89''","","","Will Blozan, Ben Blozan","2003-10-04","","N"
"White Ash","Fraxinus americana","Pennsylvania","Philadelphia","Wissahickon Valley Park","","","","","173726","1","","","","Public - city","135.7'","Clinometer/laser rangefinder/sine","","","","Measured by Will Blozan in 2003.","George Fieo","2011-11-15","","N"
"White Ash","Fraxinus americana","Pennsylvania","Sullivan","Ricketts Glen State Park","","","Trees measured were probably made throughout the park and represent maximum heights of 50 species.","","222033","1","","","","Public State Park","151.6'","Clinometer/laser rangefinder/sine","8.3'","99''","","","Rick Koval","2013-12-31","http%3A%2F%2Fwww.ents-bbs.org%2Fviewtopic.php%3Ff%3D150%26t%3D6078","N"
"White Ash","Fraxinus americana","Pennsylvania","Various Counties","Pennsylvania Single Tree Sites","39 59.914","-075 19.915","","","255951","1","39 59.914","-075 19.915","","Public, Private","99.4'","Clinometer/laser rangefinder/sine","21.6'","259''","97.0'","Measured by S. Wade 12/22/2006. Tree located at 3300 Darby Road in the Quadrangle Retirement Community, Haverford, Delaware County.","Various Various","2000-01-01","","N"
"White Ash","Fraxinus americana","Pennsylvania","Venango","Oil Creek State Park","","","","","119223","1","","","","Public - state","103.3'","Clinometer/laser rangefinder/sine","","","","","Dale Luthringer","2008-01-30","","N"
"White Ash","Fraxinus americana","Pennsylvania","Venango","Oil Creek State Park","","","","","119224","1","","","","Public - state","108.4'","Clinometer/laser rangefinder/sine","","","","","Dale Luthringer","2008-01-30","","N"
"White Ash","Fraxinus americana","Pennsylvania","Warren","Anders Run Natural Area","","","","","119595","1","","","1200.0 ft","State - public","101.3'","Clinometer/laser rangefinder/sine","4.3'","52''","","","Dale Luthringer","2002-11-22","","N"
"White Ash","Fraxinus americana","Pennsylvania","Warren","Anders Run Natural Area","","","","","119555","1","","","1200.0 ft","State - public","105.1'","Clinometer/laser rangefinder/sine","5.1'","61''","","Height is Not Less Than (NLT)","Dale Luthringer","2004-04-14","","N"
"White Ash","Fraxinus americana","Pennsylvania","Warren","Anders Run Natural Area","","","","","119594","1","","","1200.0 ft","State - public","111.6'","Clinometer/laser rangefinder/sine","4.8'","58''","","","Dale Luthringer","2002-11-22","","N"
"White Ash","Fraxinus americana","Pennsylvania","Warren","Anders Run Natural Area","","","","","119593","1","","","1200.0 ft","State - public","116.9'","Clinometer/laser rangefinder/sine","7.2'","86''","","","Dale Luthringer","2002-11-22","","N"
"White Ash","Fraxinus americana","Pennsylvania","Warren","Anders Run Natural Area","","","","","119562","1","","","1200.0 ft","State - public","118.4'","Clinometer/laser rangefinder/sine","11.5'","138''","","Measured 12/9/2004","Dale Luthringer","2004-04-14","","N"
"White Ash","Fraxinus americana","Pennsylvania","Warren","Buckaloons Recreation Area","","","USFS Campground","","139989","1","","","1150.0 ft","Public -federal","109.0'","Clinometer/laser rangefinder/sine","12.6'","151''","","","Dale Luthringer, Edward Frank, Carl Harting","2011-04-13","","N"
"White Ash","Fraxinus americana","Pennsylvania","Warren","Courson Island","","","","","140014","1","","","1100.0 ft","Public- federal","99.0'","Clinometer/laser rangefinder/sine","7.4'","89''","","","Dale Luthringer, Edward Frank, Anthony Kelly","2007-09-04","","N"
"White Ash","Fraxinus americana","Pennsylvania","Warren","Courson Island","","","","","140015","1","","","1100.0 ft","Public- federal","111.1'","Clinometer/laser rangefinder/sine","9.1'","109''","","Height is Not Less Than (NLT)","Dale Luthringer, Edward Frank, Anthony Kelly","2007-09-04","","N"
"White Ash","Fraxinus americana","Pennsylvania","Warren","Courson Island","","","","","139251","1","","","1100.0 ft","Public- federal","113.6'","Clinometer/laser rangefinder/sine","10.7'","128''","","","Edward Frank, Carl Harting","2010-04-20","","N"
"White Ash","Fraxinus americana","Pennsylvania","Warren","Crull's Island","","","","","139166","1","","","1160.0 ft","Public - National Forest","96.0'","Clinometer/laser rangefinder/sine","11.2'","134''","","","Dale Luthringer, Edward Frank, Carl Harting","2009-04-02","","N"
"White Ash","Fraxinus americana","Pennsylvania","Warren","Crull's Island","","","","","120886","1","","","1160.0 ft","Public - National Forest","99.1'","Clinometer/laser rangefinder/sine","5.2'","62''","","","Dale Luthringer","2004-09-07","","N"
"White Ash","Fraxinus americana","Pennsylvania","Warren","Crull's Island","","","","","139167","1","","","1160.0 ft","Public - National Forest","106.8'","Clinometer/laser rangefinder/sine","8.0'","96''","","Circumference taken at 6' above mid-slope.","Dale Luthringer, Edward Frank, Carl Harting","2009-04-02","","N"
"White Ash","Fraxinus americana","Pennsylvania","Warren","Crull's Island","","","","","120887","1","","","1160.0 ft","Public - National Forest","107.4'","Clinometer/laser rangefinder/sine","10.2'","122''","","","Dale Luthringer","2004-09-07","","N"
"White Ash","Fraxinus americana","Pennsylvania","Warren","Crull's Island","","","","","139168","1","","","1160.0 ft","Public - National Forest","107.4'","Clinometer/laser rangefinder/sine","6.8'","82''","","","Dale Luthringer, Edward Frank, Carl Harting","2009-04-02","","N"
"White Ash","Fraxinus americana","Pennsylvania","Warren","Crull's Island","","","","","139169","1","","","1160.0 ft","Public - National Forest","117.1'","Clinometer/laser rangefinder/sine","9.8'","118''","","Height is Not Less Than (NLT)","Dale Luthringer, Edward Frank, Carl Harting","2009-04-02","","N"
"White Ash","Fraxinus americana","Pennsylvania","Warren","Crull's Island","","","","","139170","1","","","1160.0 ft","Public - National Forest","131.7'","Clinometer/laser rangefinder/sine","10.8'","130''","","","Dale Luthringer, Edward Frank, Carl Harting","2009-04-02","","N"
"White Ash","Fraxinus americana","Pennsylvania","Warren","Firth Foundation","","","","","118986","1","","","","Private","109.9'","Clinometer/laser rangefinder/sine","6.4'","77''","","","Dale Luthringer","2009-11-20","http%3A%2F%2Fwww.ents-bbs.org%2Fviewtopic.php%3Ff%3D149%26t%3D1158","N"
"White Ash","Fraxinus americana","Pennsylvania","Warren","Firth Foundation","","","","","118987","1","","","","Private","114.1'","Clinometer/laser rangefinder/sine","5.5'","66''","","Height is Not Less Than (NLT)","Dale Luthringer","2009-11-20","http%3A%2F%2Fwww.ents-bbs.org%2Fviewtopic.php%3Ff%3D149%26t%3D1158","N"
"White Ash","Fraxinus americana","Pennsylvania","Warren","Hearts Content National Scenic Area","","","","","119481","1","","","1900.0 ft","Public - federal","88.2'","Clinometer/laser rangefinder/sine","","","","","Dale Luthringer","2002-10-31","","N"
"White Ash","Fraxinus americana","Pennsylvania","Warren","Hearts Content National Scenic Area","","","","","119442","1","","","1900.0 ft","Public - federal","111.0'","Clinometer/laser rangefinder/sine","","","","Height is Not Less Than (NLT)","Tom Howard, Jack Unknown","2014-08-21","","N"
"White Ash","Fraxinus americana","Pennsylvania","Warren","Hearts Content National Scenic Area","","","","","119440","1","","","1900.0 ft","Public - federal","117.2'","Clinometer/laser rangefinder/sine","","","","","Tom Howard, Jack Unknown","2014-08-21","","N"
"White Ash","Fraxinus americana","Pennsylvania","Warren","Hearts Content National Scenic Area","","","","","212348","1","","","1900.0 ft","Public - federal","120.4'","Clinometer/laser rangefinder/sine","7.8'","94''","","Measured on 12/3/2007","Dale Luthringer, Carl Harting","2007-11-11","","N"
"White Ash","Fraxinus americana","Pennsylvania","Warren","Thompson's Island","","","","","140061","1","","","1140.0 ft","Public - federal","93.1'","Clinometer/laser rangefinder/sine","8.2'","98''","","Height is Not Less Than(NLT)","Dale Luthringer, Edward Frank","2007-09-03","","N"
"White Ash","Fraxinus americana","Pennsylvania","Warren","Thompson's Island","","","","","140062","1","","","1140.0 ft","Public - federal","98.5'","Clinometer/laser rangefinder/sine","9.3'","112''","","","Dale Luthringer, Edward Frank","2007-09-03","","N"
"White Ash","Fraxinus americana","Pennsylvania","Warren","Thompson's Island","","","","","139196","1","","","1040.0 ft","Public - federal","106.9'","Clinometer/laser rangefinder/sine","5.2'","62''","","","Dale Luthringer, Edward Frank","2009-04-02","","N"
"White Ash","Fraxinus americana","Pennsylvania","Warren","Thompson's Island","","","","","139197","1","","","1040.0 ft","Public - federal","108.1'","Clinometer/laser rangefinder/sine","","","","","Dale Luthringer, Edward Frank","2009-04-02","","N"
"White Ash","Fraxinus americana","Pennsylvania","Warren","Thompson's Island","","","","","140063","1","","","1140.0 ft","Public - federal","111.1'","Clinometer/laser rangefinder/sine","7.3'","88''","","Height is Not Less Than(NLT)","Dale Luthringer, Edward Frank","2007-09-03","","N"
"White Ash","Fraxinus americana","Pennsylvania","Washington","Mingo Creek County Park","40 11.312","-080 03.049","","","18599","1","40 11.312","-080 03.049","","County Government","102.5'","Clinometer/laser rangefinder/sine","13.3'","160''","","","Steve Halow","2011-10-24","","N"
"White Ash","Fraxinus americana","Pennsylvania","Washington","Mingo Creek County Park","40 11.391","-080 03.101","","","18598","1","40 11.391","-080 03.101","","County Government","125.0'","Clinometer/laser rangefinder/sine","9.3'","112''","","","Steve Halow","2011-10-24","","N"
"White Ash","Fraxinus americana","Pennsylvania","Westmoreland","Keystone State Park","","","Trees were measured in four different areas of the park from 9/16/2005 to 3/7/2008.","","119203","1","","","","Public - state","100.0'","Clinometer/laser rangefinder/sine","","","","","Dale Luthringer","2008-03-07","","N"
"White Ash","Fraxinus americana","Pennsylvania","Westmoreland","Keystone State Park","","","Trees were measured in four different areas of the park from 9/16/2005 to 3/7/2008.","","119204","1","","","","Public - state","120.5'","Clinometer/laser rangefinder/sine","","","","","Dale Luthringer","2008-03-07","","N"
"White Ash","Fraxinus americana","South Carolina","Abbeville","Long Crane Creek","","","Some trees were measured along Big Curtail Creek(BCC) and will be indicated so under comments.","","237886","1","","","","Public - federal","126.4'","Clinometer/laser rangefinder/sine","6.3'","76''","","","Jess Riddle","2003-01-26","http%3A%2F%2Fwww.nativetreesociety.org%2Ffieldtrips%2Fsouth_carolina%2Flong_cane_creek1.htm","N"
"White Ash","Fraxinus americana","South Carolina","Greenville","Little Pinnacle Mountain","","","11,300 acres encompassing Jones Gap State Park and Caesars Head","","281302","1","","","","Public - state","","Clinometer/laser rangefinder/sine","5.4'","65''","","","Jess Riddle","2002-05-29","http%3A%2F%2Fwww.nativetreesociety.org%2Ffieldtrips%2Fsouth_carolina%2Flittle_pinnacle_mountain.htm","N"
"White Ash","Fraxinus americana","South Carolina","Oconee","Brasstown Creek","","","","","238161","1","","","","Public - federal","","Clinometer/laser rangefinder/sine","6.9'","83''","","Brasstown Creek","Jess Riddle","2003-11-02","http%3A%2F%2Fwww.ents-bbs.org%2Fviewtopic.php%3Ff%3D122%26t%3D6003","N"
"White Ash","Fraxinus americana","South Carolina","Oconee","Lee Branch","","","Tributary to Alexander Creek","","238018","1","","","","Public - federal","133.8'","Clinometer/laser rangefinder/sine","6.8'","82''","","","Jess Riddle","2004-05-18","http%3A%2F%2Fwww.nativetreesociety.org%2Ffieldtrips%2Fsouth_carolina%2Flee_branch.htm","N"
"White Ash","Fraxinus americana","South Carolina","Oconee","Otter Creek","","","","","237795","1","","","","Public - federal","","Clinometer/laser rangefinder/sine","6.2'","74''","","","Jess Riddle","2002-11-06","http%3A%2F%2Fwww.nativetreesociety.org%2Ffieldtrips%2Fsouth_carolina%2Fotter_creek.htm","N"
"White Ash","Fraxinus americana","South Carolina","Oconee","Otter Creek","","","","","237796","1","","","","Public - federal","122.6'","Clinometer/laser rangefinder/sine","6.8'","82''","","","Jess Riddle","2002-11-06","http%3A%2F%2Fwww.nativetreesociety.org%2Ffieldtrips%2Fsouth_carolina%2Fotter_creek.htm","N"
"White Ash","Fraxinus americana","South Carolina","Oconee","Rich Mountain","","","","","237729","1","","","","Public - federal","127.0'","Clinometer/laser rangefinder/sine","9.4'","113''","","Barton Creek","Jess Riddle","2002-03-14","http%3A%2F%2Fwww.nativetreesociety.org%2Ffieldtrips%2Fsouth_carolina%2Frich_mountain.htm","N"
"White Ash","Fraxinus americana","South Carolina","Oconee","Tamassee Knob","","","","","252796","1","","","","Public - federal","133.0'","Clinometer/laser rangefinder/sine","7.0'","84''","","","Jess Riddle","2003-03-15","http%3A%2F%2Fwww.ents-bbs.org%2Fviewtopic.php%3Ff%3D122%26t%3D7608","N"
"White Ash","Fraxinus americana","South Carolina","Oconee","Tamassee Knob","","","","","253022","1","","","","Public - federal","133.6'","Clinometer/laser rangefinder/sine","4.9'","59''","","","Jess Riddle","2016-03-20","http%3A%2F%2Fwww.ents-bbs.org%2Fviewtopic.php%3Ff%3D122%26t%3D7608","N"
"White Ash","Fraxinus americana","South Carolina","Oconee","Tamassee Knob","34 51.440","-083 05.256","","","252797","2","34 51.440","-083 05.256","","Public - federal","148.7'","Clinometer/laser rangefinder/sine","8.8'","106''","","","Jess Riddle, Jess Riddle","2016-03-20","http%3A%2F%2Fwww.ents-bbs.org%2Fviewtopic.php%3Ff%3D122%26t%3D7608","N"
"White Ash","Fraxinus americana","South Carolina","Pickens","Wadakoe Mountain","","","Trees were also measured on 11/1/2004. 
See link:
http://www.nativetreesociety.org/fieldtrips/south_carolina/wadakoe_mountain.htm","","236285","1","","","","Public-Private","119.3'","Clinometer/laser rangefinder/sine","8.8'","105''","","West and North slopes","Jess Riddle","2003-09-28","http%3A%2F%2Fwww.nativetreesociety.org%2Ffieldtrips%2Fsouth_carolina%2Fwadakoe_northend.htm","N"
"White Ash","Fraxinus americana","South Carolina","Pickens","Wadakoe Mountain","","","Trees were also measured on 11/1/2004. 
See link:
http://www.nativetreesociety.org/fieldtrips/south_carolina/wadakoe_mountain.htm","","236301","1","","","","Public-Private","135.3'","Clinometer/laser rangefinder/sine","6.3'","76''","","Lower Slopes","Jess Riddle","2003-09-28","http%3A%2F%2Fwww.nativetreesociety.org%2Ffieldtrips%2Fsouth_carolina%2Fwadakoe_northend.htm","N"
"White Ash","Fraxinus americana","South Carolina","Pickens","Wadakoe Mountain","","","Trees were also measured on 11/1/2004. 
See link:
http://www.nativetreesociety.org/fieldtrips/south_carolina/wadakoe_mountain.htm","","236550","1","","","","Public-Private","143.9'","Clinometer/laser rangefinder/sine","9.6'","115''","","Along stream at foot of mountain.","Jess Riddle","2005-02-03","http%3A%2F%2Fwww.nativetreesociety.org%2Ffieldtrips%2Fsouth_carolina%2Fwadakoe_northend.htm","N"
"White Ash","Fraxinus americana","South Carolina","Pickens","Wadakoe Mountain","","","Trees were also measured on 11/1/2004. 
See link:
http://www.nativetreesociety.org/fieldtrips/south_carolina/wadakoe_mountain.htm","","236551","1","","","","Public-Private","144.3'","Clinometer/laser rangefinder/sine","11.3'","135''","","Along stream at foot of mountain.","Jess Riddle","2005-02-03","http%3A%2F%2Fwww.nativetreesociety.org%2Ffieldtrips%2Fsouth_carolina%2Fwadakoe_northend.htm","N"
"White Ash","Fraxinus americana","South Carolina","Pickens","Wadakoe Mountain","","","Trees were also measured on 11/1/2004. 
See link:
http://www.nativetreesociety.org/fieldtrips/south_carolina/wadakoe_mountain.htm","","236552","1","","","","Public-Private","153.4'","Clinometer/laser rangefinder/sine","8.5'","102''","","Along stream at foot of mountain.","Jess Riddle","2005-02-03","http%3A%2F%2Fwww.nativetreesociety.org%2Ffieldtrips%2Fsouth_carolina%2Fwadakoe_northend.htm","N"
"White Ash","Fraxinus americana","Tennessee","Cocke","Albright Grove","","","","","229808","1","","","","Public - national","129.2'","Clinometer/laser rangefinder/sine","11.8'","142''","","","Jess Riddle","2003-01-08","http%3A%2F%2Fnativetreesociety.org%2Ffieldtrips%2Fgsmnp%2Fmaddron_bald.htm","N"
"White Ash","Fraxinus americana","Tennessee","Cocke","Hen Wallow Creek","","","","","229823","1","","","","Public - national","129.2'","Clinometer/laser rangefinder/sine","11.8'","142''","","","Jess Riddle","2006-01-29","http%3A%2F%2Fnativetreesociety.org%2Ffieldtrips%2Fgsmnp%2Fhen_wallow_creek.htm","N"
"White Ash","Fraxinus americana","Tennessee","Cocke","Jones Branch","","","","","229960","1","","","","Public - national","","Clinometer/laser rangefinder/sine","13.3'","160''","","On Jones Branch","Jess Riddle, Will Blozan","2006-08-06","http%3A%2F%2Fnativetreesociety.org%2Ffieldtrips%2Fgsmnp%2Fjonesbranch%2Fjones_branch.htm","N"
"White Ash","Fraxinus americana","Tennessee","Cocke","Webb Creek","","","","","229492","1","","","","Public - national","134.4'","Clinometer/laser rangefinder/sine","14.2'","170''","","","Jess Riddle, Michael Davie","2005-10-11","http%3A%2F%2Fnativetreesociety.org%2Ffieldtrips%2Fgsmnp%2Fwebb_creek.htm","N"
"White Ash","Fraxinus americana","Tennessee","Monroe County","Santeetlah Creek","","","","","226890","1","","","","Public - national","","Clinometer/laser rangefinder/sine","11.5'","138''","","Stratton Gap","Jess Riddle","2009-09-08","http%3A%2F%2Fnativetreesociety.org%2Ffieldtrips%2Fnorth_carolina%2Fsanteetlah_creek.htm","N"
"White Ash","Fraxinus americana","Tennessee","Morgan","Frozen Head State Park","","","","","275102","1","","","","Public","","Clinometer/laser rangefinder/sine","9.9'","119''","","","Jess Riddle, Adam Mountain","2015-11-27","","N"
"White Ash","Fraxinus americana","Tennessee","Morgan","Frozen Head State Park","36 07.786","-084 27.819","","","323686","1","36 07.786","-084 27.819","2830.0 ft","Public","111.4'","Clinometer/laser rangefinder/sine","","","","","Elijah Whitcomb, Jess Riddle","2026-05-16","","N"
"White Ash","Fraxinus americana","Tennessee","Morgan","Frozen Head State Park","","","","","275114","1","","","","Public","118.8'","Clinometer/laser rangefinder/sine","","","","","Jess Riddle, Adam Mountain","2015-11-27","","N"
"White Ash","Fraxinus americana","Tennessee","Morgan","Frozen Head State Park","","","","","275115","1","","","","Public","133.0'","Clinometer/laser rangefinder/sine","8.8'","105''","","","Jess Riddle, Adam Mountain","2015-11-27","","N"
"White Ash","Fraxinus americana","Tennessee","Morgan","Frozen Head State Park","","","","","275116","1","","","","Public","135.9'","Clinometer/laser rangefinder/sine","6.3'","75''","","","Jess Riddle, Adam Mountain","2015-11-27","","N"
"White Ash","Fraxinus americana","Tennessee","Morgan","Frozen Head State Park","","","","","275117","1","","","","Public","141.1'","Clinometer/laser rangefinder/sine","7.3'","88''","","","Jess Riddle, Adam Mountain","2015-11-27","","N"
"White Ash","Fraxinus americana","Tennessee","Sevier","Bald Top Ridge","","","","","229698","1","","","","Public - national","133.3'","Clinometer/laser rangefinder/sine","11.5'","138''","","","Jess Riddle","2005-11-05","http%3A%2F%2Fnativetreesociety.org%2Ffieldtrips%2Fgsmnp%2Fbald_top_ridge.htm","N"
"White Ash","Fraxinus americana","Tennessee","Sevier","False Gap Prong","","","","","243329","1","","","","Public - national","143.5'","Clinometer/laser rangefinder/sine","9.1'","109''","","","Jess Riddle","2007-02-18","http%3A%2F%2Fnativetreesociety.org%2Ffieldtrips%2Fgsmnp%2Ffalse_gap_prong.htm","N"
"White Ash","Fraxinus americana","Tennessee","Sevier","Meigs Mountain Trail/Jakes Creek Connector","","","","","39616","1","","","","GSMNP Public","107.9'","Clinometer/laser rangefinder/sine","","","","","Brian Beduhn","2012-02-26","http%3A%2F%2Fwww.ents-bbs.org%2Fviewtopic.php%3Ff%3D74%26t%3D3753","N"
"White Ash","Fraxinus americana","Tennessee","Sevier","Porters Bowl","","","","","229869","1","","","","Public - national","141.5'","Clinometer/laser rangefinder/sine","6.5'","78''","","","Jess Riddle","2003-10-19","http%3A%2F%2Fnativetreesociety.org%2Ffieldtrips%2Fgsmnp%2Fgreenbrier.htm","N"
"White Ash","Fraxinus americana","Tennessee","Shelby","Overton Park","","","","","228380","1","","","","Public","120.2'","Clinometer/laser rangefinder/sine","12.3'","148''","","","Jess Riddle","2006-05-28","","N"
"White Ash","Fraxinus americana","Virginia","Alleghany","Rich Hole Wilderness","","","","","219424","1","","","","Public - National Forest","","Clinometer/laser rangefinder/sine","12.6'","151''","","","Darian Copiz","2015-08-27","","N"
"White Ash","Fraxinus americana","Virginia","Fairfax","Mount Vernon","38 42.506","-077 05.255","","","48251","1","38 42.506","-077 05.255","","Private, open to public","107.3'","Clinometer/laser rangefinder/sine","","","","","Will Blozan","2010-01-22","","N"
"White Ash","Fraxinus americana","Virginia","Fairfax","Turkey Run Park","","","Part of George Washington Memorial Parkway.","","168537","1","","","","Public-federal.","116.3'","Clinometer/laser rangefinder/sine","10.9'","131''","","","Darian Copiz","2017-03-17","http%3A%2F%2Fwww.ents-bbs.org%2Fviewtopic.php%3Ff%3D128%26t%3D7961","N"
"White Ash","Fraxinus americana","Virginia","Fairfax","Turkey Run Park","","","Part of George Washington Memorial Parkway.","","168536","1","","","","Public-federal.","124.3'","Clinometer/laser rangefinder/sine","10.6'","127''","","","Darian Copiz","2017-03-17","http%3A%2F%2Fwww.ents-bbs.org%2Fviewtopic.php%3Ff%3D128%26t%3D7961","N"
"White Ash","Fraxinus americana","West Virginia","54 Counties","West Virginia Historical Trees","39 17.036","-080 27.644","Trees that have died or been removed.This is a State wide listing except for Wood County which is in a separate list.
All heights determined by Sine method  with laser/inclinometer. Some trees have height missing because it was never taken or the Sine method was not used. These trees were mostly measured 2008 and before.","","312098","1","39 17.036","-080 27.644","","Public and Private","","Clinometer/laser rangefinder/sine","15.8'","190''","76.0'","Measured by L. McPherson 1999.
Previouslymeasured by L. McPherson 1982 near Wolf Summit, Harrison County at # x 172"" x 74'. Tree dead dead 2003","Various Various","1963-01-01","","N"
"White Ash","Fraxinus americana","West Virginia","54 Counties","West Virginia Historical Trees","38 40.670","-081 56.903","Trees that have died or been removed.This is a State wide listing except for Wood County which is in a separate list.
All heights determined by Sine method  with laser/inclinometer. Some trees have height missing because it was never taken or the Sine method was not used. These trees were mostly measured 2008 and before.","","312118","1","38 40.670","-081 56.903","","Public and Private","","Clinometer/laser rangefinder/sine","14.2'","170''","","Measured in 1963 for the West Virginia Centennial Big Tree Contest. Located near Grims Landing, Mason County. Tree was removed 1982.","Various Various","1963-01-01","","N"
"White Ash","Fraxinus americana","West Virginia","54 Counties","West Virginia Historical Trees","37 28.795","-080 57.854","Trees that have died or been removed.This is a State wide listing except for Wood County which is in a separate list.
All heights determined by Sine method  with laser/inclinometer. Some trees have height missing because it was never taken or the Sine method was not used. These trees were mostly measured 2008 and before.","","312064","1","37 28.795","-080 57.854","2400.0 ft","Public and Private","108.0'","Clinometer/laser rangefinder/sine","17.1'","205''","103.5'",".Measured by A. Waldron, G. Keaton, S. Keaton in 2011
Tree was located near Lerona, Mercer County.
Tree was dead (EAB) 5/2019","Various Various","1963-01-01","","N"
"White Ash","Fraxinus americana","West Virginia","Fayette","Ansted Rail Trail","","","","","141337","1","","","","Public - City of Ansted","86.6'","Clinometer/laser rangefinder/sine","","","","","Turner Sharp","2012-03-25","http%3A%2F%2Fwww.ents-bbs.org%2Fviewtopic.php%3Ff%3D131%26t%3D4282","N"
"White Ash","Fraxinus americana","West Virginia","Jackson","Roane-Jackson Vo-Tech School Wood Lot","","","","","167291","1","","","","Public","99.8'","Clinometer/laser rangefinder/sine","5.4'","65''","","","Turner Sharp, John Ficthner","2010-11-18","","N"
"White Ash","Fraxinus americana","West Virginia","Jackson","Roane-Jackson Vo-Tech School Wood Lot","","","","","167295","1","","","","Public","120.4'","Clinometer/laser rangefinder/sine","6.2'","74''","","","Turner Sharp, John Ficthner","2010-11-18","","N"
"White Ash","Fraxinus americana","West Virginia","Jefferson","Bavarian Inn","","","","","159307","1","","","400.0 ft","Private","83.8'","Clinometer/laser rangefinder/sine","4.0'","48''","","","Turner Sharp","2013-11-19","http%3A%2F%2Fwww.ents-bbs.org%2Fviewtopic.php%3Ff%3D131%26t%3D6009","N"
"White Ash","Fraxinus americana","West Virginia","Lewis","Alum Bridge","","","","","137201","1","","","","Private","120.8'","Clinometer/laser rangefinder/sine","6.9'","83''","","","Carl Harting, Anthony Kelly, Russ Richardson","2006-03-25","http%3A%2F%2Fwww.nativetreesociety.org%2Ffieldtrips%2Fwest_virginia%2Fwiden%2Fwest_virginia_foray.htm","N"
"White Ash","Fraxinus americana","West Virginia","Monongalia","Granville Island Floodplain Forest","39 38.733","-079 58.932","","","150759","1","39 38.733","-079 58.932","800.0 ft","Public - state","101.7'","Clinometer/laser rangefinder/sine","5.6'","67''","","No EAB damage evident.","Turner Sharp","2016-12-07","","N"
"White Ash","Fraxinus americana","West Virginia","Nicholas","Panther Mountain Road","","","","","297258","1","","","1400.0 ft","Public - national recreational area","103.5'","Clinometer/laser rangefinder/sine","6.9'","83''","","","Turner Sharp","2011-10-10","","N"
"White Ash","Fraxinus americana","West Virginia","Nicholas","Panther Mountain Road","","","","","297259","1","","","1400.0 ft","Public - national recreational area","121.3'","Clinometer/laser rangefinder/sine","5.6'","67''","","","Turner Sharp","2011-10-10","","N"
"White Ash","Fraxinus americana","West Virginia","Nicholas","Widen","","","","","84369","1","","","","Private","106.2'","Clinometer/laser rangefinder/sine","4.0'","48''","","","Carl Harting, Anthony Kelly, Russ Richardson","2006-03-26","","N"
"White Ash","Fraxinus americana","West Virginia","Pocahontas","Gaudineer Scenic Area","","","","","306141","1","","","","Public - National Forest","","Clinometer/laser rangefinder/sine","7.4'","89''","","Tree is downslope of Allegheny Trail which branches off the south end of the Loop Trail","Turner Sharp","2008-10-16","","N"
"White Ash","Fraxinus americana","West Virginia","Raleigh","Glade Creek","","","","","297878","1","","","","Public - federal","106.9'","Clinometer/laser rangefinder/sine","","","","","Turner Sharp","2015-11-27","","N"
"White Ash","Fraxinus americana","West Virginia","Ritchie","Giant Tree Trail","","","","","153741","1","","","750.0 ft","Public- State Park","128.2'","Clinometer/laser rangefinder/sine","6.8'","82''","","","Turner Sharp, William Sharp","2009-04-09","","N"
"White Ash","Fraxinus americana","West Virginia","Ritchie","Murphy Preserve - South Tract","","","GPS coordinates are at the mouth of the hollow along Bunnell Run Road.","","167543","1","","","","Private - Nature Conservacy","108.7'","Clinometer/laser rangefinder/sine","3.6'","43''","","","Turner Sharp","2011-04-13","http%3A%2F%2Fwww.ents-bbs.org%2Fviewtopic.php%3Ff%3D131%26t%3D2700","N"
"White Ash","Fraxinus americana","West Virginia","Ritchie","Murphy Preserve - South Tract","","","GPS coordinates are at the mouth of the hollow along Bunnell Run Road.","","167549","1","","","","Private - Nature Conservacy","131.5'","Clinometer/laser rangefinder/sine","","","","","Turner Sharp","2011-04-13","http%3A%2F%2Fwww.ents-bbs.org%2Fviewtopic.php%3Ff%3D131%26t%3D2700","N"
"White Ash","Fraxinus americana","West Virginia","Webster","Holly River State Park","","","","","166997","1","","","1750.0 ft","Public","117.0'","Clinometer/laser rangefinder/sine","7.8'","94''","","","Will Blozan, Jess Riddle","2007-04-12","","N"
"White Ash","Fraxinus americana","West Virginia","Webster","Holly River State Park","","","","","166998","1","","","1750.0 ft","Public","130.6'","Clinometer/laser rangefinder/sine","5.0'","60''","","","Will Blozan, Jess Riddle","2007-04-12","","N"
"White Ash","Fraxinus americana","West Virginia","Webster","Holly River State Park","","","","","167011","1","","","1750.0 ft","Public","137.8'","Clinometer/laser rangefinder/sine","6.5'","78''","","","Will Blozan, Jess Riddle","2007-04-12","","N"
"White Ash","Fraxinus americana","West Virginia","Wood","Henderson Hall Plantation","","","All Ash found in this stand in 2012 is now dead standing or on the ground.","","271819","1","","","640.0 ft","Private","","Clinometer/laser rangefinder/sine","7.2'","86''","","","Turner Sharp","2012-11-20","","N"
"White Ash","Fraxinus americana","West Virginia","Wood","Henderson Hall Plantation","","","All Ash found in this stand in 2012 is now dead standing or on the ground.","","271807","1","","","640.0 ft","Private","96.4'","Clinometer/laser rangefinder/sine","5.7'","68''","","","Turner Sharp","2012-11-20","","N"
"White Ash","Fraxinus americana","West Virginia","Wood","Henderson Hall Plantation","","","All Ash found in this stand in 2012 is now dead standing or on the ground.","","271833","1","","","640.0 ft","Private","106.5'","Clinometer/laser rangefinder/sine","6.9'","83''","","","Turner Sharp","2012-11-20","","N"
"White Ash","Fraxinus americana","West Virginia","Wood","ORINWR Williamstown Mainland Tract","39 23.396","-081 25.352","The tract is across the road from the visitor center at the listed address.","","272787","1","39 23.396","-081 25.352","","Public - national","83.2'","Clinometer/laser rangefinder/sine","7.7'","93''","","infected with EAB","Turner Sharp","2016-11-16","","N"
"White Ash","Fraxinus americana","West Virginia","Wood","Willowbrook Ravine","","","","","292497","1","","","660.0 ft","Private","103.5'","Clinometer/laser rangefinder/sine","6.2'","74''","","","Turner Sharp","2012-01-07","","N"
"White Ash","Fraxinus americana","West Virginia","Wood","Wood County Single Tree Sites","39 16.582","-081 32.311","includes the incorporated cities of Parkersburg, Vienna, Williamstown and North Hills.
Most measurements made before 2010 do not list a height because methods used to determine height   prior to 2010 were inaccurate,","","314924","1","39 16.582","-081 32.311","630.0 ft","Public and private","91.0'","Clinometer/laser rangefinder/sine","10.2'","122''","64.0'","","Turner Sharp","2000-01-01","","N"
"White Ash","Fraxinus americana","West Virginia","Wood County","Mcdonough Wildlife Preserve","","","Trees measured were on north facing slope below the Main Loop Trail","","296170","1","","","","Public- City Owned","94.5'","Clinometer/laser rangefinder/sine","6.5'","78''","","","Turner Sharp","2009-03-09","http%3A%2F%2Fwww.nativetreesociety.org%2Ffieldtrips%2Fwest_virginia%2Fmcdonough.htm","N"
"White Ash","Fraxinus americana","West Virginia","Wood County","Mcdonough Wildlife Preserve","","","Trees measured were on north facing slope below the Main Loop Trail","","296153","1","","","","Public- City Owned","106.7'","Clinometer/laser rangefinder/sine","5.7'","68''","","","Turner Sharp","2009-03-09","http%3A%2F%2Fwww.nativetreesociety.org%2Ffieldtrips%2Fwest_virginia%2Fmcdonough.htm","N"
"White Ash","Fraxinus americana","West Virginia","Wood County - City Of Parkersburg","Edison Arboretum","39 13.804","-081 31.806","Since the last visit to this stand in 2010 the Emerald Ash Borer has infected almost every Ash Tree and they are losing crown.","","120977","3","39 13.804","-081 31.806","","Public","90.8'","Clinometer/laser rangefinder/sine","6.0'","72''","44.0'","Crown spread is maximum, average is 32'","Turner Sharp, Turner Sharp, Turner Sharp","2015-02-01","","N"