"Common Name","Botanical Name","State","County","Site","Site Latitude","Site Longitude","Location comments","Tree name","Tree id","Measurement number","Latitude","Longitude","Elevation","Ownership type","Height (ft)","Height measurement method","Girth (ft)","Girth (in)","Crown spread (ft)","Tree comments","Measurer(s)","Measured","Trip report url","Photos available"
"Black Walnut","Juglans nigra","Alabama","Jackson","Walls Of Jericho","34 59.083","-086 05.449","","","315737","1","34 59.083","-086 05.449","860.0 ft","Public","112.1'","Clinometer/laser rangefinder/sine","5.6'","67''","","","Elijah Whitcomb","2024-04-20","","N"
"Black Walnut","Juglans nigra","Alabama","Lawrence","West Flint Creek","","","181,230 aces in the National Forest","","233893","1","","","","Public - federal","113.7'","Clinometer/laser rangefinder/sine","7.3'","87''","","","Jess Riddle, Will Blozan","2006-01-06","http%3A%2F%2Fwww.nativetreesociety.org%2Ffieldtrips%2Falabama%2Fbankhead%2Fbankhead_national_forest.htm","N"
"Black Walnut","Juglans nigra","Alabama","Lawrence","West Flint Creek","","","181,230 aces in the National Forest","","233894","1","","","","Public - federal","117.1'","Clinometer/laser rangefinder/sine","6.3'","76''","","","Jess Riddle, Will Blozan","2006-01-06","http%3A%2F%2Fwww.nativetreesociety.org%2Ffieldtrips%2Falabama%2Fbankhead%2Fbankhead_national_forest.htm","N"
"Black Walnut","Juglans nigra","Alabama","Lawrence","West Flint Creek","","","181,230 aces in the National Forest","","233895","1","","","","Public - federal","118.4'","Clinometer/laser rangefinder/sine","5.7'","68''","","","Jess Riddle, Will Blozan","2006-01-06","http%3A%2F%2Fwww.nativetreesociety.org%2Ffieldtrips%2Falabama%2Fbankhead%2Fbankhead_national_forest.htm","N"
"Black Walnut","Juglans nigra","Andalusia","Sevilla","Royal Alcszar O Selille","","","","","274946","1","","","","Public - federal","72.8'","Clinometer/laser rangefinder/sine","6.0'","72''","","","Turner Sharp","2014-10-31","http%3A%2F%2Fwww.ents-bbs.org%2Fviewtopic.php%3Ff%3D403%26t%3D6982%26sid%3D17cca9bfba6e01cbcdc72033af7f7718%23p32830","N"
"Black Walnut","Juglans nigra","Arkansas","Desha","Site 2 Southeastern Arkansas","","","Location not disclosed. Map shows a random location in southeastern Arkansas","","241683","1","","","","Private","111.8'","Clinometer/laser rangefinder/sine","6.1'","73''","","","Jess Riddle","2014-11-09","http%3A%2F%2Fwww.ents-bbs.org%2Fviewtopic.php%3Ff%3D67%26t%3D6723%26sid%3D596b9f0b2b841094df15d50f2ae05a58","N"
"Black Walnut","Juglans nigra","District of Columbia","District Of Columbia","Flood Plain Along Potomac River Upstream Of Georgetown","","","This is a lineal park stretching 185 miles from, Georgetown, DC to Cumberland Maryuland","","174794","1","","","","Public - federal","98.1'","Clinometer/laser rangefinder/sine","10.8'","130''","","","Darian Copiz","2014-12-15","http%3A%2F%2Fwww.ents-bbs.org%2Fviewtopic.php%3Ff%3D130%26t%3D7218","N"
"Black Walnut","Juglans nigra","District of Columbia","District Of Columbia","Flood Plain Along Potomac River Upstream Of Georgetown","","","This is a lineal park stretching 185 miles from, Georgetown, DC to Cumberland Maryuland","","174793","1","","","","Public - federal","104.8'","Clinometer/laser rangefinder/sine","10.3'","124''","","","Darian Copiz","2014-12-15","http%3A%2F%2Fwww.ents-bbs.org%2Fviewtopic.php%3Ff%3D130%26t%3D7218","N"
"Black Walnut","Juglans nigra","District of Columbia","District Of Columbia","Glover - Archbold Park","","","This park is administered by the the NPS Rock Creek
Park staff","","76124","1","","","200.0 ft","Public - National Park","124.3'","Clinometer/laser rangefinder/sine","8.7'","104''","","","Will Blozan, Darian Copiz, Gaines Mcmartin","2008-10-24","","N"
"Black Walnut","Juglans nigra","District of Columbia","District Of Columbia","Potomac Palisades","","","This a lineal park stretching 185 miles along the Potomac River from Georgetown, DC to Cumberland, MD","","175055","1","","","","Public - federal","90.7'","Clinometer/laser rangefinder/sine","8.7'","104''","","","Darian Copiz","2015-03-15","http%3A%2F%2Fwww.ents-bbs.org%2Fviewtopic.php%3Ff%3D130%26t%3D7218","N"
"Black Walnut","Juglans nigra","District of Columbia","District Of Columbia","Theodore Roosevelt Island","","","Roosevelt Island is administered by the GW Memorial Parkway unit of the NPS","","128218","1","","","50.0 ft","Public - National Park","94.5'","Clinometer/laser rangefinder/sine","10.3'","123''","","","Darian Copiz","2005-12-12","http%3A%2F%2Fwww.nativetreesociety.org%2Ffieldtrips%2Fwashington_dc%2Froosevelt_island.htm","N"
"Black Walnut","Juglans nigra","Delaware","New Castle","Brandywine Creek State Park","","","","","142894","1","","","","State","116.5'","Clinometer/laser rangefinder/sine","7.1'","85''","","Within Tulip Tree Woods Preserve.","George Fieo","2011-01-09","","N"
"Black Walnut","Juglans nigra","Delaware","New Castle","First State National Historical Park","","","This historical park incorporates many historical sites throughout Delaware. It also includes about 1,100 acres of woodland along Brandywine River with 200 acres of these acres being in Pennsylvania.","","232105","1","","","","Public - federal","124.7'","Clinometer/laser rangefinder/sine","6.0'","72''","","","George Fieo","2014-10-25","http%3A%2F%2Fwww.ents-bbs.org%2Fviewtopic.php%3Ff%3D71%26t%3D8643%26sid%3D3fdcc58b0d25adce7768d60248ada623","N"
"Black Walnut","Juglans nigra","Delaware","New Castle","Hagley Museum","","","Site of the original Dupont Powder Works along Brandywine Creek","","75452","1","","","","Private","85.0'","Clinometer/laser rangefinder/sine","10.0'","120''","","","Scott Wade, Meg Varnes","2007-02-21","http%3A%2F%2Fwww.nativetreesociety.org%2Ffieldtrips%2Fdelaware%2Frockwood%2Fdelaware_trees.htm","N"
"Black Walnut","Juglans nigra","Delaware","New Castle","Winterthur","","","","","140158","1","","","","Private","103.7'","Clinometer/laser rangefinder/sine","4.9'","59''","","","Will Blozan, George Fieo, Scott Wade","2010-09-10","http%3A%2F%2Fwww.ents-bbs.org%2Fviewtopic.php%3Ff%3D71%26t%3D6420%23p29114","N"
"Black Walnut","Juglans nigra","Georgia","Fulton","Single Tree Sites In Georgia","34 52.832","-083 24.268","","","249650","1","34 52.832","-083 24.268","","Public-Private","81.0'","Clinometer/laser rangefinder/sine","18.9'","227''","101.0'","Measured by W. Blozan 3/19/2005 near Clayton, Rabun County. 
Crown spread is an average of two axis method. Maximum is 112'. Longest limb is 72', largest limb is 8' 3"" girth","Various Various","2001-02-01","","N"
"Black Walnut","Juglans nigra","Georgia","Stephens","Panther Creek","","","","","234523","1","","","","Public - federal","117.0'","Clinometer/laser rangefinder/sine","5.4'","65''","","Height is Not Less Then(NLT)","Jess Riddle, Doug Riddle","2002-04-01","http%3A%2F%2Fwww.ents-bbs.org%2Fviewtopic.php%3Ff%3D73%26t%3D3469%26sid%3Da73770c2b894b38da07dbd9d5b148ced","N"
"Black Walnut","Juglans nigra","Georgia","Stephens","Panther Creek","","","","","249115","1","","","","Public - federal","119.2'","Clinometer/laser rangefinder/sine","5.4'","65''","","","Jess Riddle","2005-03-18","http%3A%2F%2Fwww.ents-bbs.org%2Fviewtopic.php%3Ff%3D73%26t%3D3469%26sid%3Da73770c2b894b38da07dbd9d5b148ced","N"
"Black Walnut","Juglans nigra","Georgia","Stephens","Panther Creek","","","","","249116","1","","","","Public - federal","121.1'","Clinometer/laser rangefinder/sine","4.6'","55''","","","Jess Riddle","2005-03-18","http%3A%2F%2Fwww.ents-bbs.org%2Fviewtopic.php%3Ff%3D73%26t%3D3469%26sid%3Da73770c2b894b38da07dbd9d5b148ced","N"
"Black Walnut","Juglans nigra","Georgia","Stephens","Panther Creek","","","","","249129","1","","","","Public - federal","125.1'","Clinometer/laser rangefinder/sine","5.7'","68''","","","Jess Riddle","2005-03-18","http%3A%2F%2Fwww.ents-bbs.org%2Fviewtopic.php%3Ff%3D73%26t%3D3469%26sid%3Da73770c2b894b38da07dbd9d5b148ced","N"
"Black Walnut","Juglans nigra","Georgia","Stephens","Panther Creek","","","","","249130","1","","","","Public - federal","130.7'","Clinometer/laser rangefinder/sine","5.6'","67''","","","Jess Riddle","2005-03-18","http%3A%2F%2Fwww.ents-bbs.org%2Fviewtopic.php%3Ff%3D73%26t%3D3469%26sid%3Da73770c2b894b38da07dbd9d5b148ced","N"
"Black Walnut","Juglans nigra","Georgia","Walker","Pigeon Mountain","","","Trees measured in ""The Pocket""","","234491","1","","","","Public - state","109.5'","Clinometer/laser rangefinder/sine","","","","","Jess Riddle","2005-07-20","http%3A%2F%2Fwww.nativetreesociety.org%2Ffieldtrips%2Fgeorgia%2Fpocket.htm","N"
"Black Walnut","Juglans nigra","Illinois","Peoria","Jubilee State Park","40 49.621","-089 48.849","","","74811","1","40 49.621","-089 48.849","600.0 ft","Public - State Park","68.1'","Clinometer/laser rangefinder/sine","7.8'","94''","","","Turner Sharp","2014-08-01","","N"
"Black Walnut","Juglans nigra","Indiana","Lawrence","Donaldson Cave Nature Preserve","","","39 acres","","169953","1","","","","Purblic - state","134.8'","Clinometer/laser rangefinder/sine","","","","","Matt Markworth","2014-02-25","http%3A%2F%2Fwww.ents-bbs.org%2Fviewtopic.php%3Ff%3D79%26t%3D6186%23p28117","N"
"Black Walnut","Juglans nigra","Indiana","Lawrence","Donaldson Cave Nature Preserve","","","39 acres","","169952","1","","","","Purblic - state","137.4'","Clinometer/laser rangefinder/sine","8.1'","97''","","","Matt Markworth","2014-02-25","http%3A%2F%2Fwww.ents-bbs.org%2Fviewtopic.php%3Ff%3D79%26t%3D6186%23p28117","N"
"Black Walnut","Juglans nigra","Indiana","Monroe","Dunn's Woods","","","Originally a 20 acre tract reduced to 10 acres by campus buildings.","","169763","1","","","","Public-state","100.2'","Clinometer/laser rangefinder/sine","5.1'","61''","","","John Eichholz","2010-06-10","http%3A%2F%2Fwww.ents-bbs.org%2Fviewtopic.php%3Ff%3D79%26t%3D917%23p3154","N"
"Black Walnut","Juglans nigra","Indiana","Orange","Pioneer Mother's Memorial Forest","","","Near Paoli, Indiana
88 Acres","","169615","1","","","","Public - federal","109.3'","Clinometer/laser rangefinder/sine","11.7'","141''","","","Don Bragg","2005-06-30","http%3A%2F%2Fwww.ents-bbs.org%2Fviewtopic.php%3Ff%3D79%26t%3D6897","N"
"Black Walnut","Juglans nigra","Indiana","Orange","Pioneer Mother's Memorial Forest","","","Near Paoli, Indiana
88 Acres","","169939","1","","","","Public - federal","114.0'","Clinometer/laser rangefinder/sine","12.1'","145''","","","Bob Leverett","2009-07-10","http%3A%2F%2Fwww.ents-bbs.org%2Fviewtopic.php%3Ff%3D79%26t%3D6897","N"
"Black Walnut","Juglans nigra","Indiana","Orange","Pioneer Mother's Memorial Forest","","","Near Paoli, Indiana
88 Acres","","169848","1","","","","Public - federal","114.7'","Clinometer/laser rangefinder/sine","6.6'","79''","","","Randy Brown","2008-06-01","http%3A%2F%2Fwww.ents-bbs.org%2Fviewtopic.php%3Ff%3D79%26t%3D6897","N"
"Black Walnut","Juglans nigra","Indiana","Orange","Pioneer Mother's Memorial Forest","","","Near Paoli, Indiana
88 Acres","","169845","1","","","","Public - federal","116.5'","Clinometer/laser rangefinder/sine","11.8'","142''","","","Randy Brown","2008-06-01","http%3A%2F%2Fwww.ents-bbs.org%2Fviewtopic.php%3Ff%3D79%26t%3D6897","N"
"Black Walnut","Juglans nigra","Indiana","Orange","Pioneer Mother's Memorial Forest","","","Near Paoli, Indiana
88 Acres","","169855","1","","","","Public - federal","120.7'","Clinometer/laser rangefinder/sine","10.4'","125''","","1st Cove","Randy Brown","2008-06-01","http%3A%2F%2Fwww.ents-bbs.org%2Fviewtopic.php%3Ff%3D79%26t%3D6897","N"
"Black Walnut","Juglans nigra","Indiana","Orange","Pioneer Mother's Memorial Forest","","","Near Paoli, Indiana
88 Acres","","169865","1","","","","Public - federal","129.1'","Clinometer/laser rangefinder/sine","10.3'","123''","","2nd cove","Randy Brown","2008-06-01","http%3A%2F%2Fwww.ents-bbs.org%2Fviewtopic.php%3Ff%3D79%26t%3D6897","N"
"Black Walnut","Juglans nigra","Indiana","Orange","Pioneer Mother's Memorial Forest","","","Near Paoli, Indiana
88 Acres","","169866","1","","","","Public - federal","129.1'","Clinometer/laser rangefinder/sine","9.9'","119''","","2nd cove
Tree is dead","Randy Brown","2008-06-01","http%3A%2F%2Fwww.ents-bbs.org%2Fviewtopic.php%3Ff%3D79%26t%3D6897","N"
"Black Walnut","Juglans nigra","Indiana","Orange","Pioneer Mother's Memorial Forest","","","Near Paoli, Indiana
88 Acres","","169864","1","","","","Public - federal","135.0'","Clinometer/laser rangefinder/sine","10.5'","126''","","2nd cove","Randy Brown","2008-06-01","http%3A%2F%2Fwww.ents-bbs.org%2Fviewtopic.php%3Ff%3D79%26t%3D6897","N"
"Black Walnut","Juglans nigra","Indiana","Orange","Pioneer Mother's Memorial Forest","","","Near Paoli, Indiana
88 Acres","","169942","1","","","","Public - federal","138.0'","Clinometer/laser rangefinder/sine","10.8'","130''","","","Mark Rouw","2015-02-14","http%3A%2F%2Fwww.ents-bbs.org%2Fviewtopic.php%3Ff%3D79%26t%3D6897","N"
"Black Walnut","Juglans nigra","Kentucky","Boone","Dinsmore Nature Preserve - Homestead","","","Nature Conservancy turned this over to the Boone County Court.","","76485","1","","","560.0 ft","Public -Boone  County Court","82.3'","Clinometer/laser rangefinder/sine","","","","","Dale Luthringer","2009-07-22","http%3A%2F%2Fgroups.google.com%2Fgroup%2Fentstrees%2Fbrowse_thread%2Fthread%2F1dfdcdcfe302b15a%3Fhl%3Den","N"
"Black Walnut","Juglans nigra","Kentucky","Boone","Dinsmore Nature Preserve - Homestead","","","Nature Conservancy turned this over to the Boone County Court.","","76484","1","","","560.0 ft","Public -Boone  County Court","84.4'","Clinometer/laser rangefinder/sine","","","","Tree is a double stem, CBH taken at 1 1/2', 12.4'","Dale Luthringer","2009-07-22","http%3A%2F%2Fgroups.google.com%2Fgroup%2Fentstrees%2Fbrowse_thread%2Fthread%2F1dfdcdcfe302b15a%3Fhl%3Den","N"
"Black Walnut","Juglans nigra","Kentucky","Boone","Dinsmore Nature Preserve - Homestead","","","Nature Conservancy turned this over to the Boone County Court.","","76486","1","","","560.0 ft","Public -Boone  County Court","88.8'","Clinometer/laser rangefinder/sine","","","","","Dale Luthringer","2009-07-22","http%3A%2F%2Fgroups.google.com%2Fgroup%2Fentstrees%2Fbrowse_thread%2Fthread%2F1dfdcdcfe302b15a%3Fhl%3Den","N"
"Black Walnut","Juglans nigra","Kentucky","Boone","Dinsmore Nature Preserve - South","","","Nature Conservancy turned this over to the Boone County Court","","165561","1","","","560.0 ft","Public - Boone County Court","87.1'","Clinometer/laser rangefinder/sine","5.0'","60''","","Height is Not Less Than (NLT)","Dale Luthringer","2007-09-29","http%3A%2F%2Fwww.nativetreesociety.org%2Ffieldtrips%2Fkentucky%2Fdismore_woods.htm","N"
"Black Walnut","Juglans nigra","Kentucky","Boone","Dinsmore Nature Preserve - South","","","Nature Conservancy turned this over to the Boone County Court","","165562","1","","","560.0 ft","Public - Boone County Court","105.1'","Clinometer/laser rangefinder/sine","4.5'","54''","","Height is Not Less Than (NLT)","Dale Luthringer","2007-09-29","http%3A%2F%2Fwww.nativetreesociety.org%2Ffieldtrips%2Fkentucky%2Fdismore_woods.htm","N"
"Black Walnut","Juglans nigra","Kentucky","Edmonson","Mammoth Cave National Park","37 12.807","-086 09.054","","","297428","1","37 12.807","-086 09.054","515.0 ft","Public","120.0'","Clinometer/laser rangefinder/sine","9.9'","119''","","","Elijah Whitcomb","2023-06-23","","N"
"Black Walnut","Juglans nigra","Kentucky","Edmonson","Mammoth Cave National Park","37 11.662","-086 12.509","","","297765","1","37 11.662","-086 12.509","735.0 ft","Public","123.2'","Clinometer/laser rangefinder/sine","7.5'","90''","","","Elijah Whitcomb","2023-06-23","","N"
"Black Walnut","Juglans nigra","Kentucky","Edmonson","Mammoth Cave National Park","37 12.117","-086 12.338","","","297766","1","37 12.117","-086 12.338","435.0 ft","Public","123.2'","Clinometer/laser rangefinder/sine","9.0'","108''","","","Elijah Whitcomb","2023-06-23","","N"
"Black Walnut","Juglans nigra","Kentucky","Edmonson","Mammoth Cave National Park","37 11.276","-086 08.818","","","297717","1","37 11.276","-086 08.818","435.0 ft","Public","127.1'","Clinometer/laser rangefinder/sine","6.0'","72''","","","Elijah Whitcomb","2023-06-23","","N"
"Black Walnut","Juglans nigra","Kentucky","Edmonson","Mammoth Cave National Park","37 11.426","-086 11.379","","","297777","1","37 11.426","-086 11.379","445.0 ft","Public","128.1'","Clinometer/laser rangefinder/sine","5.4'","65''","","","Elijah Whitcomb","2023-06-23","","N"
"Black Walnut","Juglans nigra","Kentucky","Edmonson","Mammoth Cave National Park","37 11.127","-086 05.757","","","297572","1","37 11.127","-086 05.757","615.0 ft","Public","128.2'","Clinometer/laser rangefinder/sine","8.2'","98''","","","Elijah Whitcomb","2023-06-23","","N"
"Black Walnut","Juglans nigra","Kentucky","Edmonson","Mammoth Cave National Park","37 10.409","-086 08.492","","","297664","1","37 10.409","-086 08.492","670.0 ft","Public","128.3'","Clinometer/laser rangefinder/sine","7.6'","91''","","","Elijah Whitcomb","2023-06-23","","N"
"Black Walnut","Juglans nigra","Kentucky","Edmonson","Mammoth Cave National Park","37 12.357","-086 11.845","","","297767","1","37 12.357","-086 11.845","395.0 ft","Public","128.6'","Clinometer/laser rangefinder/sine","6.6'","79''","","","Elijah Whitcomb","2023-06-23","","N"
"Black Walnut","Juglans nigra","Kentucky","Edmonson","Mammoth Cave National Park","37 11.387","-086 08.758","","","297716","1","37 11.387","-086 08.758","490.0 ft","Public","130.1'","Clinometer/laser rangefinder/sine","7.3'","88''","","","Elijah Whitcomb","2023-06-23","","N"
"Black Walnut","Juglans nigra","Kentucky","Edmonson","Mammoth Cave National Park","37 12.730","-086 07.363","","","297496","1","37 12.730","-086 07.363","640.0 ft","Public","130.3'","Clinometer/laser rangefinder/sine","7.5'","90''","","","Elijah Whitcomb","2023-06-23","","N"
"Black Walnut","Juglans nigra","Kentucky","Edmonson","Mammoth Cave National Park","37 10.725","-086 06.572","","","297571","1","37 10.725","-086 06.572","465.0 ft","Public","131.8'","Clinometer/laser rangefinder/sine","7.4'","89''","","","Elijah Whitcomb","2023-06-23","","N"
"Black Walnut","Juglans nigra","Kentucky","Edmonson","Mammoth Cave National Park","37 12.056","-086 13.860","","","297291","1","37 12.056","-086 13.860","475.0 ft","Public","132.7'","Clinometer/laser rangefinder/sine","6.4'","77''","","","Elijah Whitcomb","2023-06-23","","N"
"Black Walnut","Juglans nigra","Kentucky","Edmonson","Mammoth Cave National Park","37 11.818","-086 13.558","","","297776","1","37 11.818","-086 13.558","480.0 ft","Public","133.3'","Clinometer/laser rangefinder/sine","6.3'","75''","","","Elijah Whitcomb","2023-06-23","","N"
"Black Walnut","Juglans nigra","Kentucky","Edmonson","Mammoth Cave National Park","37 12.850","-086 15.280","","","297323","1","37 12.850","-086 15.280","445.0 ft","Public","134.1'","Clinometer/laser rangefinder/sine","8.9'","107''","","","Elijah Whitcomb","2023-06-23","","N"
"Black Walnut","Juglans nigra","Kentucky","Edmonson","Mammoth Cave National Park","37 13.779","-086 06.471","","","297476","1","37 13.779","-086 06.471","595.0 ft","Public","134.8'","Clinometer/laser rangefinder/sine","7.5'","90''","","","Elijah Whitcomb","2023-06-23","","N"
"Black Walnut","Juglans nigra","Kentucky","Mccreary","Along The Cumberland River","","","","","76413","1","","","","Public - National Forest","","","8.7'","104''","","","Jim Scheef","2011-09-28","http%3A%2F%2Fwww.ents-bbs.org%2Fviewtopic.php%3Ff%3D82%26t%3D3049%23p12183","N"
"Black Walnut","Juglans nigra","Maryland","Anne Arundel","Chase Creek Woods","","","","","280918","1","","","","Private","107.1'","Clinometer/laser rangefinder/sine","7.9'","95''","","","Colby Rucker","2003-07-01","","N"
"Black Walnut","Juglans nigra","Maryland","Anne Arundel","Corcoran Environmental Study Area","","","","","128078","1","","","","Public","99.7'","Clinometer/laser rangefinder/sine","8.8'","106''","","","Colby Rucker","2002-04-08","","N"
"Black Walnut","Juglans nigra","Maryland","Baltimore","Loch Raven Reservior","","","9,200 acres minus 3,100 acres of water at crest..
Supplies the City of Baltimore and Baltimore County with drinking water.","","231361","1","","","","Public - city","124.0'","Clinometer/laser rangefinder/sine","5.2'","62''","","","George Fieo","2015-11-15","http%3A%2F%2Fwww.ents-bbs.org%2Fviewtopic.php%3Ff%3D85%26t%3D8746%26sid%3D97ab2f9c9694ae17b9e495f826350141","N"
"Black Walnut","Juglans nigra","Maryland","Baltimore","Loch Raven Reservior","","","9,200 acres minus 3,100 acres of water at crest..
Supplies the City of Baltimore and Baltimore County with drinking water.","","231362","1","","","","Public - city","130.8'","Clinometer/laser rangefinder/sine","4.6'","55''","","","George Fieo","2015-11-15","http%3A%2F%2Fwww.ents-bbs.org%2Fviewtopic.php%3Ff%3D85%26t%3D8746%26sid%3D97ab2f9c9694ae17b9e495f826350141","N"
"Black Walnut","Juglans nigra","Maryland","Baltimore City","Cylburn Arboretum","39 21.205","-076 39.137","","","102899","1","39 21.205","-076 39.137","400.0 ft","Public","86.3'","Clinometer/laser rangefinder/sine","11.3'","135''","","","Turner Sharp","2015-08-16","","N"
"Black Walnut","Juglans nigra","Maryland","Cecil","Conowingo-Funks Pond Recreational Area","","","","","231992","1","","","","Public - state","107.4'","Clinometer/laser rangefinder/sine","6.4'","77''","","","George Fieo","2013-11-12","http%3A%2F%2Fwww.ents-bbs.org%2Fviewtopic.php%3Ff%3D85%26t%3D8744%26sid%3D97ab2f9c9694ae17b9e495f826350141%23p44617","N"
"Black Walnut","Juglans nigra","Maryland","Cecil","Conowingo-Funks Pond Recreational Area","","","","","231993","1","","","","Public - state","107.9'","Clinometer/laser rangefinder/sine","","","","","George Fieo","2013-11-12","http%3A%2F%2Fwww.ents-bbs.org%2Fviewtopic.php%3Ff%3D85%26t%3D8744%26sid%3D97ab2f9c9694ae17b9e495f826350141%23p44617","N"
"Black Walnut","Juglans nigra","Maryland","Cecil","Fair Hill NRMA","","","Former William Dupont estate acquired by State of Maryland 1975. 5,600 acres.","","168112","1","","","400.0 ft","Public - State","121.8'","Clinometer/laser rangefinder/sine","9.2'","110''","","","George Fieo","2015-12-03","http%3A%2F%2Fwww.ents-bbs.org%2Fviewtopic.php%3Ff%3D85%26t%3D7354","N"
"Black Walnut","Juglans nigra","Maryland","Cecil","Fair Hill NRMA","","","Former William Dupont estate acquired by State of Maryland 1975. 5,600 acres.","","168113","1","","","400.0 ft","Public - State","127.5'","Clinometer/laser rangefinder/sine","8.2'","98''","","","George Fieo","2015-12-03","http%3A%2F%2Fwww.ents-bbs.org%2Fviewtopic.php%3Ff%3D85%26t%3D7354","N"
"Black Walnut","Juglans nigra","Maryland","Harford","Gunpowder Falls State Park","","","18,000 acres in Baltimore and Harford Counties","","231786","1","","","","Public - state","122.1'","Clinometer/laser rangefinder/sine","4.8'","58''","","","George Fieo","2016-11-20","http%3A%2F%2Fwww.ents-bbs.org%2Fviewtopic.php%3Ff%3D85%26t%3D8747%26sid%3D97ab2f9c9694ae17b9e495f826350141","N"
"Black Walnut","Juglans nigra","Maryland","Harford","Gunpowder Falls State Park","","","18,000 acres in Baltimore and Harford Counties","","231787","1","","","","Public - state","122.9'","Clinometer/laser rangefinder/sine","4.9'","58''","","","George Fieo","2016-11-20","http%3A%2F%2Fwww.ents-bbs.org%2Fviewtopic.php%3Ff%3D85%26t%3D8747%26sid%3D97ab2f9c9694ae17b9e495f826350141","N"
"Black Walnut","Juglans nigra","Maryland","Harford","Gunpowder Falls State Park","","","18,000 acres in Baltimore and Harford Counties","","231788","1","","","","Public - state","129.7'","Clinometer/laser rangefinder/sine","6.5'","78''","","","George Fieo","2016-11-20","http%3A%2F%2Fwww.ents-bbs.org%2Fviewtopic.php%3Ff%3D85%26t%3D8747%26sid%3D97ab2f9c9694ae17b9e495f826350141","N"
"Black Walnut","Juglans nigra","Maryland","Harford","Gunpowder Falls State Park","","","18,000 acres in Baltimore and Harford Counties","","231789","1","","","","Public - state","130.6'","Clinometer/laser rangefinder/sine","5.8'","70''","","","George Fieo","2016-11-20","http%3A%2F%2Fwww.ents-bbs.org%2Fviewtopic.php%3Ff%3D85%26t%3D8747%26sid%3D97ab2f9c9694ae17b9e495f826350141","N"
"Black Walnut","Juglans nigra","Maryland","Harford","Gunpowder Falls State Park","","","18,000 acres in Baltimore and Harford Counties","","231790","1","","","","Public - state","130.9'","Clinometer/laser rangefinder/sine","5.8'","70''","","","George Fieo","2016-11-20","http%3A%2F%2Fwww.ents-bbs.org%2Fviewtopic.php%3Ff%3D85%26t%3D8747%26sid%3D97ab2f9c9694ae17b9e495f826350141","N"
"Black Walnut","Juglans nigra","Maryland","Howard","Avalon Section Of Patapsco Valley State Park","","","16,043 acres in Baltimore and Howard Counties
Trees were measured in the Avalon and Orange Grove section of the park","","231011","1","","","","Public - state park","125.7'","Clinometer/laser rangefinder/sine","7.9'","95''","","","George Fieo","2017-12-15","http%3A%2F%2Fwww.ents-bbs.org%2Fviewtopic.php%3Ff%3D85%26t%3D8745%26sid%3D0f283f6872d048235790bc6c09610d80%23p44618","N"
"Black Walnut","Juglans nigra","Maryland","Howard","Waterford Farm","39 16.170","-077 03.688","","","153512","3","39 16.170","-077 03.688","","Private","83.9'","Clinometer/laser rangefinder/sine","13.1'","157''","","","Turner Sharp, Turner Sharp, Turner Sharp","2022-09-08","","N"
"Black Walnut","Juglans nigra","Maryland","Prince George's","Belt Woods - South Tract","","","This visit was to find and remeasure trees that Colby Rucker measured in 2001. His measurements can be found at:","","128400","1","","","","Public - State","","Clinometer/laser rangefinder/sine","5.9'","71''","","","Will Blozan, Darian Copiz, Gaines Mcmartin","2010-01-24","http%3A%2F%2Fgroups.google.com%2Fgroup%2Fentstrees%2Fbrowse_thread%2Fthread%2Fb8278e3db96bdc99%3Fhl%3Den","N"
"Black Walnut","Juglans nigra","Maryland","Prince George's","Belt Woods - South Tract","","","This visit was to find and remeasure trees that Colby Rucker measured in 2001. His measurements can be found at:","","128422","1","","","","Public - State","111.4'","Clinometer/laser rangefinder/sine","6.0'","72''","","","Colby Rucker","2001-09-30","http%3A%2F%2Fgroups.google.com%2Fgroup%2Fentstrees%2Fbrowse_thread%2Fthread%2Fb8278e3db96bdc99%3Fhl%3Den","N"
"Black Walnut","Juglans nigra","Maryland","Prince George's","White's Woods","","","Trees measured are to east and southeast of the mansion","","158507","1","","","","Public-county","122.0'","Clinometer/laser rangefinder/sine","10.5'","126''","","","Darian Copiz","2017-01-15","http%3A%2F%2Fwww.ents-bbs.org%2Fviewtopic.php%3Ff%3D85%26t%3D7916","N"
"Black Walnut","Juglans nigra","Michigan","Cass","Fred Russ Forest Experimental Station","","","","","239968","1","","","","Public - state","86.5'","Clinometer/laser rangefinder/sine","8.8'","106''","","","Don Bragg","2006-12-28","http%3A%2F%2Fwww.nativetreesociety.org%2Ffieldtrips%2Fmichigan%2Fruss_forest.htm","N"
"Black Walnut","Juglans nigra","Michigan","Cass","Fred Russ Forest Experimental Station","","","","","239974","1","","","","Public - state","95.0'","Clinometer/laser rangefinder/sine","11.1'","133''","","","Don Bragg","2006-12-28","http%3A%2F%2Fwww.nativetreesociety.org%2Ffieldtrips%2Fmichigan%2Fruss_forest.htm","N"
"Black Walnut","Juglans nigra","Michigan","Ottawa","Aman Park","42 58.581","-085 49.913","","","104967","1","42 58.581","-085 49.913","","Public","81.4'","Clinometer/laser rangefinder/sine","5.9'","71''","","","Greg Schmidt","2015-11-11","","N"
"Black Walnut","Juglans nigra","Minnesota","Hennepin","Elm Creek Park Reserve","45 09.949","-093 27.070","","","112161","1","45 09.949","-093 27.070","","Park District - Public","","Clinometer/laser rangefinder/sine","9.6'","115''","","","Riley Smith, Joseph Ewing","2015-12-13","","N"
"Black Walnut","Juglans nigra","North Carolina","Buncombe","Craven Gap South","","","","","40193","1","","","","Blue Ridge Parkway","103.0'","Clinometer/laser rangefinder/sine","","","","","Brian Beduhn","2012-03-03","http%3A%2F%2Fwww.ents-bbs.org%2Fviewtopic.php%3Ff%3D106%26t%3D2636","N"
"Black Walnut","Juglans nigra","North Carolina","Buncombe","Elk Pen Trail","","","","","40066","1","","","","Public","87.9'","Clinometer/laser rangefinder/sine","","","","","Brian Beduhn","2013-02-10","http%3A%2F%2Fwww.ents-bbs.org%2Fviewtopic.php%3Ff%3D106%26t%3D5041","N"
"Black Walnut","Juglans nigra","North Carolina","Forsyth","Tanglewood Park","","","Owned by Forsyth County.","","226784","1","","","","Public - county","126.2'","Clinometer/laser rangefinder/sine","8.5'","102''","","","Jess Riddle","2007-01-06","hhttp%3A%2F%2Fnativetreesociety.org%2Ffieldtrips%2Fnorth_carolina%2Ftanglewood_park2","N"
"Black Walnut","Juglans nigra","North Carolina","Transylvania","Saddle Gap","","","","","252460","1","","","","Public - federal","118.4'","Clinometer/laser rangefinder/sine","7.5'","90''","","","Jess Riddle","2011-01-07","http%3A%2F%2Fwww.ents-bbs.org%2Fviewtopic.php%3Ff%3D106%26t%3D1874%26sid%3D6a9d9b49f0fe25412fd4f71a79e2c5d9","N"
"Black Walnut","Juglans nigra","Nebraska","Cherry","Smith Falls State Park","","","265 Acres","","220442","1","","","","Public - state","70.9'","Clinometer/laser rangefinder/sine","5.0'","60''","","","Jess Riddle","2013-09-14","","N"
"Black Walnut","Juglans nigra","Nebraska","Dixon","Ponca State Park","","","1400 Acres.","","220459","1","","","","Public - state","89.3'","Clinometer/laser rangefinder/sine","5.3'","64''","","","Jess Riddle","2013-11-11","","N"
"Black Walnut","Juglans nigra","Nebraska","Dixon","Ponca State Park","","","1400 Acres.","","220458","1","","","","Public - state","90.4'","Clinometer/laser rangefinder/sine","6.3'","75''","","","Jess Riddle","2013-11-11","","N"
"Black Walnut","Juglans nigra","Nebraska","Dixon","Ponca State Park","","","1400 Acres.","","220457","1","","","","Public - state","91.9'","Clinometer/laser rangefinder/sine","5.5'","66''","","","Jess Riddle","2013-11-11","","N"
"Black Walnut","Juglans nigra","Nebraska","Dixon","Ponca State Park","","","1400 Acres.","","220456","1","","","","Public - state","92.9'","Clinometer/laser rangefinder/sine","5.7'","68''","","","Jess Riddle","2013-11-11","","N"
"Black Walnut","Juglans nigra","Nebraska","Sarpy","Fontenelle Forest","","","1400 Acres","","220674","1","","","","Private","","Clinometer/laser rangefinder/sine","9.5'","114''","","","Jess Riddle","2013-11-03","","N"
"Black Walnut","Juglans nigra","Nebraska","Sarpy","Fontenelle Forest","","","1400 Acres","","220675","1","","","","Private","113.8'","Clinometer/laser rangefinder/sine","9.8'","118''","","","Jess Riddle","2013-11-03","","N"
"Black Walnut","Juglans nigra","Nebraska","Sarpy","Fontenelle Forest","","","1400 Acres","","220673","1","","","","Private","121.4'","Clinometer/laser rangefinder/sine","","","","","Jess Riddle","2013-11-03","","N"
"Black Walnut","Juglans nigra","New Jersey","Burlington","Batsto Village","","","","","170436","1","","","","Public - sate","","Clinometer/laser rangefinder/sine","9.9'","119''","","","Barry Caselli","2009-01-31","http%3A%2F%2Fwww.ents-bbs.org%2Fviewtopic.php%3Ff%3D103%26t%3D6026%23p27156","N"
"Black Walnut","Juglans nigra","New York","Cattaraugus","Zoar Valley","","","","","257489","1","","","","Public","112.0'","Clinometer/laser rangefinder/sine","3.6'","43''","","In Sycamore grove on Valentine Flat.","Tom Diggins, Bruce Kershner, Bob Leverett","2003-11-05","http%3A%2F%2Fwww.ents-bbs.org%2Fviewtopic.php%3Ff%3D105%26t%3D7379","N"
"Black Walnut","Juglans nigra","New York","Cattaraugus","Zoar Valley","42 26.424","-078 53.382","","","221860","1","42 26.424","-078 53.382","865.0 ft","Public","113.0'","Clinometer/laser rangefinder/sine","5.7'","68''","","","Elijah Whitcomb, Erik Danielsen","2017-07-01","http%3A%2F%2Fwww.ents-bbs.org%2Fviewtopic.php%3Ff%3D105%26t%3D7379","N"
"Black Walnut","Juglans nigra","New York","Cattaraugus","Zoar Valley","","","","","257517","1","","","","Public","115.0'","Clinometer/laser rangefinder/sine","7.8'","93''","","","Tom Diggins, Bruce Kershner, Bob Leverett","2003-11-05","http%3A%2F%2Fwww.ents-bbs.org%2Fviewtopic.php%3Ff%3D105%26t%3D7379","N"
"Black Walnut","Juglans nigra","New York","Cattaraugus","Zoar Valley","","","","","265448","1","","","","Public","115.0'","Clinometer/laser rangefinder/sine","","","","","Tom Diggins","2002-11-19","http%3A%2F%2Fwww.ents-bbs.org%2Fviewtopic.php%3Ff%3D105%26t%3D7379","N"
"Black Walnut","Juglans nigra","New York","Cattaraugus","Zoar Valley","","","","","257505","1","","","","Public","124.0'","Clinometer/laser rangefinder/sine","","","","","Tom Diggins, Bruce Kershner, Bob Leverett","2003-11-05","http%3A%2F%2Fwww.ents-bbs.org%2Fviewtopic.php%3Ff%3D105%26t%3D7379","N"
"Black Walnut","Juglans nigra","New York","Cattaraugus","Zoar Valley","","","","","221814","1","","","","Public","124.7'","Clinometer/laser rangefinder/sine","4.0'","48''","","Young tree below Point Peter.  Measured 7/23/16.","Elijah Whitcomb, Erik Danielsen","2017-07-01","http%3A%2F%2Fwww.ents-bbs.org%2Fviewtopic.php%3Ff%3D105%26t%3D7379","N"
"Black Walnut","Juglans nigra","New York","Cattaraugus","Zoar Valley","","","","","221799","1","","","","Public","125.4'","Clinometer/laser rangefinder/sine","8.1'","97''","","","Elijah Whitcomb, Erik Danielsen","2017-07-01","http%3A%2F%2Fwww.ents-bbs.org%2Fviewtopic.php%3Ff%3D105%26t%3D7379","N"
"Black Walnut","Juglans nigra","New York","Cattaraugus","Zoar Valley","42 26.351","-078 53.082","","","221856","1","42 26.351","-078 53.082","965.0 ft","Public","126.7'","Clinometer/laser rangefinder/sine","9.9'","119''","","","Elijah Whitcomb, Erik Danielsen","2017-07-01","http%3A%2F%2Fwww.ents-bbs.org%2Fviewtopic.php%3Ff%3D105%26t%3D7379","N"
"Black Walnut","Juglans nigra","New York","Cattaraugus","Zoar Valley","","","","","265460","1","","","","Public","127.6'","Clinometer/laser rangefinder/sine","7.4'","89''","","","Tom Diggins","2002-11-19","http%3A%2F%2Fwww.ents-bbs.org%2Fviewtopic.php%3Ff%3D105%26t%3D7379","N"
"Black Walnut","Juglans nigra","New York","Cattaraugus","Zoar Valley","","","","","265461","1","","","","Public","128.8'","Clinometer/laser rangefinder/sine","7.6'","91''","","","Tom Diggins","2002-11-19","http%3A%2F%2Fwww.ents-bbs.org%2Fviewtopic.php%3Ff%3D105%26t%3D7379","N"
"Black Walnut","Juglans nigra","New York","Chautauqua","Canadaway Creek","","","","","262225","1","","","","Public - state","102.3'","Clinometer/laser rangefinder/sine","8.9'","107''","","","Erik Danieldon","2018-12-29","http%3A%2F%2Fwww.ents-bbs.org%2Fviewtopic.php%3Ff%3D105%26t%3D8475%26sid%3D790ff9aec04a19dc89f8f501cf95fd51","N"
"Black Walnut","Juglans nigra","New York","Chautauqua","Canadaway Creek","","","","","262224","1","","","","Public - state","103.0'","Clinometer/laser rangefinder/sine","11.0'","132''","","","Erik Danieldon","2018-12-29","http%3A%2F%2Fwww.ents-bbs.org%2Fviewtopic.php%3Ff%3D105%26t%3D8475%26sid%3D790ff9aec04a19dc89f8f501cf95fd51","N"
"Black Walnut","Juglans nigra","New York","Chautauqua","Canadaway Creek","","","","","262248","1","","","","Public - state","105.0'","Clinometer/laser rangefinder/sine","7.5'","90''","","","Erik Danielson","2019-01-17","http%3A%2F%2Fwww.ents-bbs.org%2Fviewtopic.php%3Ff%3D105%26t%3D8475%26sid%3D790ff9aec04a19dc89f8f501cf95fd51","N"
"Black Walnut","Juglans nigra","New York","Chautauqua","Canadaway Creek","","","","","262247","1","","","","Public - state","106.5'","Clinometer/laser rangefinder/sine","5.4'","65''","","","Erik Danielson","2019-01-17","http%3A%2F%2Fwww.ents-bbs.org%2Fviewtopic.php%3Ff%3D105%26t%3D8475%26sid%3D790ff9aec04a19dc89f8f501cf95fd51","N"
"Black Walnut","Juglans nigra","New York","Chautauqua","Canadaway Creek","","","","","262246","1","","","","Public - state","107.0'","Clinometer/laser rangefinder/sine","6.4'","77''","","","Erik Danielson","2019-01-17","http%3A%2F%2Fwww.ents-bbs.org%2Fviewtopic.php%3Ff%3D105%26t%3D8475%26sid%3D790ff9aec04a19dc89f8f501cf95fd51","N"
"Black Walnut","Juglans nigra","New York","Chautauqua","Chautauqua Creek Gorge","","","Trees measured during visits on 2/9/2019, 3/6/2019","","264168","1","","","","Public - state","106.8'","Clinometer/laser rangefinder/sine","","","","","Erik Danielson","2018-05-26","http%3A%2F%2Fwww.ents-bbs.org%2Fviewtopic.php%3Ff%3D105%26t%3D8107%26start%3D10%26sid%3D147272388024481ad73b800144c5c8ae","N"
"Black Walnut","Juglans nigra","New York","Columbia","Clermont State Historic Site","","","","","186057","1","","","","Public","108.9'","Clinometer/laser rangefinder/sine","9.4'","113''","","","Elijah Whitcomb","2019-03-17","","N"
"Black Walnut","Juglans nigra","New York","Dutchess","Staatsburgh State Historical Site","","","192 acres. It is part of the Mills-Norrie State Park complex with an additional 988 acres.","","261821","1","","","","Public - state","117.3'","Clinometer/laser rangefinder/sine","6.9'","83''","","","Elijah Whitcomb","2018-08-10","http%3A%2F%2Fwww.ents-bbs.org%2Fviewtopic.php%3Ff%3D105%26t%3D8249%26sid%3D7ec1593281317737acda18ab545581a7","N"
"Black Walnut","Juglans nigra","New York","Erie","Buckhorn Island State Park","","","Trees measured 8/14/2020, 9/24/2020.
895 acres","","281014","1","","","","Public - state","103.5'","Clinometer/laser rangefinder/sine","9.0'","108''","","","Erik Danielson","2020-09-24","http%3A%2F%2Fwww.ents-bbs.org%2Fviewtopic.php%3Ff%3D105%26t%3D8720%26sid%3Daef53288401235d377d10dca07017ed8%23p44468","N"
"Black Walnut","Juglans nigra","New York","Monroe","Irondeqouit Bay Park West","","","","","241012","1","","","","Public","110.6'","Clinometer/laser rangefinder/sine","","","","","Elijah Whitcomb","2021-04-05","","N"
"Black Walnut","Juglans nigra","New York","Monroe","Lucien Morin County Park","43 10.350","-077 31.532","","","322946","1","43 10.350","-077 31.532","","Public","116.3'","Clinometer/laser rangefinder/sine","10.8'","130''","","","Elijah Whitcomb","2025-12-26","","N"
"Black Walnut","Juglans nigra","New York","Monroe","Lucien Morin County Park","","","","","322944","1","","","","Public","126.0'","Clinometer/laser rangefinder/sine","5.9'","71''","","","Elijah Whitcomb","2025-12-26","","N"
"Black Walnut","Juglans nigra","New York","Monroe","Lucien Morin County Park","43 10.302","-077 31.512","","","322945","1","43 10.302","-077 31.512","325.0 ft","Public","132.3'","Clinometer/laser rangefinder/sine","9.5'","114''","","","Elijah Whitcomb","2025-12-26","","N"
"Black Walnut","Juglans nigra","New York","Oneida","Root Glen","","","","","192576","1","","","","Private","119.7'","Clinometer/laser rangefinder/sine","","","","","Elijah Whitcomb, Tom Howard","2016-04-02","","N"
"Black Walnut","Juglans nigra","New York","Tompkins","Cornell Plantations/Beebe Lake Woods","","","","","282317","1","","","","Private:  Cornell University","","Clinometer/laser rangefinder/sine","10.8'","129''","","","Elijah Whitcomb, Tom Howard","2020-11-08","http%3A%2F%2Fwww.ents-bbs.org%2Fviewtopic.php%3Ff%3D105%26t%3D6655","N"
"Black Walnut","Juglans nigra","New York","Tompkins","Robert H. Treman State Park","","","","","212970","1","","","","Public","110.4'","Clinometer/laser rangefinder/sine","","","","","Elijah Whitcomb","2019-06-10","","N"
"Black Walnut","Juglans nigra","New York","Tompkins","Taughannock Falls State Park","","","","","230099","1","","","","Public","123.6'","Clinometer/laser rangefinder/sine","","","","","Elijah Whitcomb","2021-01-10","","N"
"Black Walnut","Juglans nigra","New York","Wayne/Cayuga","Howland's Island","","","Part of the Montezuma NWF, Howland's Island is a multi-use public property. The land area is broken up by several large ponds, swamps, meadows, fields and cattail marshes.  Most of the forested land contains even-aged hardwood stands, though a few very large and old specimens can be found.","","220721","1","","","","Public (NYS)","86.0'","Clinometer/laser rangefinder/sine","","","","","Elijah Whitcomb","2020-11-16","http%3A%2F%2Fwww.ents-bbs.org%2Fviewtopic.php%3Ff%3D105%26t%3D3337","N"
"Black Walnut","Juglans nigra","New York","Wayne/Cayuga","Howland's Island","","","Part of the Montezuma NWF, Howland's Island is a multi-use public property. The land area is broken up by several large ponds, swamps, meadows, fields and cattail marshes.  Most of the forested land contains even-aged hardwood stands, though a few very large and old specimens can be found.","","220736","1","","","","Public (NYS)","93.0'","Clinometer/laser rangefinder/sine","5.1'","61''","","","Elijah Whitcomb","2020-11-16","http%3A%2F%2Fwww.ents-bbs.org%2Fviewtopic.php%3Ff%3D105%26t%3D3337","N"
"Black Walnut","Juglans nigra","New York","Wayne/Cayuga","Howland's Island","","","Part of the Montezuma NWF, Howland's Island is a multi-use public property. The land area is broken up by several large ponds, swamps, meadows, fields and cattail marshes.  Most of the forested land contains even-aged hardwood stands, though a few very large and old specimens can be found.","","220771","1","","","","Public (NYS)","102.4'","Clinometer/laser rangefinder/sine","8.2'","98''","","","Elijah Whitcomb","2020-11-16","http%3A%2F%2Fwww.ents-bbs.org%2Fviewtopic.php%3Ff%3D105%26t%3D3337","N"
"Black Walnut","Juglans nigra","New York","Wayne/Cayuga","Howland's Island","","","Part of the Montezuma NWF, Howland's Island is a multi-use public property. The land area is broken up by several large ponds, swamps, meadows, fields and cattail marshes.  Most of the forested land contains even-aged hardwood stands, though a few very large and old specimens can be found.","","220750","1","","","","Public (NYS)","102.5'","Clinometer/laser rangefinder/sine","7.0'","84''","","","Elijah Whitcomb","2020-11-16","http%3A%2F%2Fwww.ents-bbs.org%2Fviewtopic.php%3Ff%3D105%26t%3D3337","N"
"Black Walnut","Juglans nigra","New York","Wayne/Cayuga","Howland's Island","43 00.505","-076 04.108","Part of the Montezuma NWF, Howland's Island is a multi-use public property. The land area is broken up by several large ponds, swamps, meadows, fields and cattail marshes.  Most of the forested land contains even-aged hardwood stands, though a few very large and old specimens can be found.","","220914","1","43 00.505","-076 04.108","","Public (NYS)","110.8'","Clinometer/laser rangefinder/sine","7.8'","94''","","","Elijah Whitcomb","2020-11-16","http%3A%2F%2Fwww.ents-bbs.org%2Fviewtopic.php%3Ff%3D105%26t%3D3337","N"
"Black Walnut","Juglans nigra","New York","Wyoming/Livingston","Letchworth State Park","42 36.420","-078 00.303","","","217850","1","42 36.420","-078 00.303","","Public","115.5'","Clinometer/laser rangefinder/sine","8.1'","97''","","","Elijah Whitcomb","2020-10-11","http%3A%2F%2Fwww.ents-bbs.org%2Fviewtopic.php%3Ff%3D105%26t%3D7878","N"
"Black Walnut","Juglans nigra","New York","Wyoming/Livingston","Letchworth State Park","42 36.626","-078 00.047","","","217861","1","42 36.626","-078 00.047","","Public","122.3'","Clinometer/laser rangefinder/sine","9.8'","118''","","","Elijah Whitcomb","2020-10-11","http%3A%2F%2Fwww.ents-bbs.org%2Fviewtopic.php%3Ff%3D105%26t%3D7878","N"
"Black Walnut","Juglans nigra","New York","Wyoming/Livingston","Letchworth State Park","","","","","217860","1","","","","Public","124.8'","Clinometer/laser rangefinder/sine","","","","","Elijah Whitcomb","2020-10-11","http%3A%2F%2Fwww.ents-bbs.org%2Fviewtopic.php%3Ff%3D105%26t%3D7878","N"
"Black Walnut","Juglans nigra","New York","Wyoming/Livingston","Letchworth State Park","42 36.629","-078 00.067","","","217862","1","42 36.629","-078 00.067","","Public","126.3'","Clinometer/laser rangefinder/sine","8.3'","100''","","","Elijah Whitcomb","2020-10-11","http%3A%2F%2Fwww.ents-bbs.org%2Fviewtopic.php%3Ff%3D105%26t%3D7878","N"
"Black Walnut","Juglans nigra","Ohio","Butler","Miami University","","","Four Bur Oaks, including the largest one were measured on 2/3/2013 by M. Markworth.

see:http://www.ents-bbs.org/viewtopic.php?f=111&t=5009#p21622","","168452","1","","","","Public-state","","Clinometer/laser rangefinder/sine","11.1'","133''","","","Matt Markworth, Steve Galehouse","2013-05-08","http%3A%2F%2Fwww.ents-bbs.org%2Fviewtopic.php%3Ff%3D111%26t%3D5371%23p23473","N"
"Black Walnut","Juglans nigra","Ohio","Cuyahoga","Elmwood Park","","","Elmwood Park is a small park in Rocky River, less than 1/4 S of Lake Erie. Some of the park is developed, but most of the land is wooded, with low hills and valleys that appear to once have been creek beds.","","16577","1","","","","City park","103.2'","Clinometer/laser rangefinder/sine","7.5'","90''","","","Steve Galehouse","2011-11-01","","N"
"Black Walnut","Juglans nigra","Ohio","Cuyahoga","Mill Stream Run Reservation","","","","","18682","1","","","","Metropark","101.8'","Clinometer/laser rangefinder/sine","6.2'","74''","","","Steve Galehouse, Mitch Galehouse","2011-12-26","","N"
"Black Walnut","Juglans nigra","Ohio","Cuyahoga","Rocky River Floodplain Forest","41 17.938","-081 34.874","","","17328","1","41 17.938","-081 34.874","","public","92.0'","Clinometer/laser rangefinder/sine","14.2'","170''","","","Steve Galehouse","2011-11-02","","N"
"Black Walnut","Juglans nigra","Ohio","Cuyahoga","Rocky River Floodplain Forest","","","","","168883","1","","","","public","107.0'","Clinometer/laser rangefinder/sine","8.3'","99''","","","Steve Galehouse","2010-03-25","","N"
"Black Walnut","Juglans nigra","Ohio","Cuyahoga","Rocky River Floodplain Forest","","","","","17335","1","","","","public","114.6'","Clinometer/laser rangefinder/sine","7.9'","95''","","","Steve Galehouse","2011-11-02","","N"
"Black Walnut","Juglans nigra","Ohio","Cuyahoga","Rocky River Floodplain Forest","","","","","168885","1","","","","public","114.6'","Clinometer/laser rangefinder/sine","7.9'","95''","","","Steve Galehouse","2010-03-25","","N"
"Black Walnut","Juglans nigra","Ohio","Cuyahoga","Rocky River Floodplain Forest","","","","","17348","1","","","","public","116.8'","Clinometer/laser rangefinder/sine","9.8'","118''","","","Steve Galehouse","2011-11-02","","N"
"Black Walnut","Juglans nigra","Ohio","Cuyahoga","Rocky River Park","","","","","166909","1","","","","Public-city","101.0'","Clinometer/laser rangefinder/sine","7.4'","89''","","","Steve Galehouse","2009-03-22","http%3A%2F%2Fwww.nativetreesociety.org%2Ffieldtrips%2Fohio%2Frocky_river.htm","N"
"Black Walnut","Juglans nigra","Ohio","Cuyahoga","South Chagrin Reservation","41 25.117","-081 25.105","","","162513","1","41 25.117","-081 25.105","","public","118.0'","Clinometer/laser rangefinder/sine","6.4'","77''","","","Stefan Radivoyevitch","2016-12-05","","N"
"Black Walnut","Juglans nigra","Ohio","Franklin","Little Darby","","","","","162237","1","","","","Public-state","100.5'","Clinometer/laser rangefinder/sine","6.9'","83''","","","Rand Brown","2015-04-30","http%3A%2F%2Fwww.ents-bbs.org%2Fviewtopic.php%3Ff%3D111%26t%3D7024%23p33151","N"
"Black Walnut","Juglans nigra","Ohio","Franklin","Little Darby","","","","","162239","1","","","","Public-state","106.0'","Clinometer/laser rangefinder/sine","5.9'","71''","","","Rand Brown","2015-04-30","http%3A%2F%2Fwww.ents-bbs.org%2Fviewtopic.php%3Ff%3D111%26t%3D7024%23p33151","N"
"Black Walnut","Juglans nigra","Ohio","Franklin","Public Hunting Area- North Bend And West Benk Area","","","","","168403","1","","","","Public-state","98.0'","Clinometer/laser rangefinder/sine","","","","","Rand Brown","2015-05-07","http%3A%2F%2Fwww.ents-bbs.org%2Fviewtopic.php%3Ff%3D111%26t%3D6992%23p33226","N"
"Black Walnut","Juglans nigra","Ohio","Hamilton","California Woods Nature Preserve","","","113 Acres
Measurements made from 2014 thru 2017","","169544","1","","","","Pubkic - city","108.1'","Clinometer/laser rangefinder/sine","6.0'","72''","","","Matt Markworth","2014-02-27","http%3A%2F%2Fents-bbs.org%2Fviewtopic.php%3Ff%3D111%26t%3D6142%23p27831","N"
"Black Walnut","Juglans nigra","Ohio","Hamilton","California Woods Nature Preserve","","","113 Acres
Measurements made from 2014 thru 2017","","169553","1","","","","Pubkic - city","138.9'","Clinometer/laser rangefinder/sine","7.1'","85''","","","Matt Markworth","2014-02-27","http%3A%2F%2Fents-bbs.org%2Fviewtopic.php%3Ff%3D111%26t%3D6142%23p27831","N"
"Black Walnut","Juglans nigra","Ohio","Hamilton","Miami Whitewater Forest","","","","","165670","1","","","","Public-county","122.1'","Clinometer/laser rangefinder/sine","7.0'","84''","","","Matt Markworth","2013-01-26","http%3A%2F%2Fwww.ents-bbs.org%2Fviewtopic.php%3Ff%3D111%26t%3D4958","N"
"Black Walnut","Juglans nigra","Ohio","Hamilton","Miami Whitewater Forest","","","","","165703","1","","","","Public-county","129.7'","Clinometer/laser rangefinder/sine","8.1'","97''","","","Matt Markworth","2014-04-19","http%3A%2F%2Fwww.ents-bbs.org%2Fviewtopic.php%3Ff%3D111%26t%3D4958","N"
"Black Walnut","Juglans nigra","Ohio","Highland","Fort Hil Earthworks And Nature Preserve","","","1300 Acres
Based on three trip reports on the NTS BBS board dated:
2/23/2014, 6/27/2014 ,8/28/2014,11/23/2014","","168919","1","","","","Public-state","103.0'","Clinometer/laser rangefinder/sine","9.3'","111''","","","Robert Leverett, Matt Markworth, Rand Brown","2014-11-02","http%3A%2F%2Fwww.ents-bbs.org%2Fviewtopic.php%3Ff%3D111%26t%3D6128%23p27758","N"
"Black Walnut","Juglans nigra","Ohio","Highland","Fort Hil Earthworks And Nature Preserve","","","1300 Acres
Based on three trip reports on the NTS BBS board dated:
2/23/2014, 6/27/2014 ,8/28/2014,11/23/2014","","168918","1","","","","Public-state","105.0'","Clinometer/laser rangefinder/sine","8.8'","106''","","","Robert Leverett, Matt Markworth, Rand Brown","2014-11-02","http%3A%2F%2Fwww.ents-bbs.org%2Fviewtopic.php%3Ff%3D111%26t%3D6128%23p27758","N"
"Black Walnut","Juglans nigra","Ohio","Highland","Fort Hil Earthworks And Nature Preserve","","","1300 Acres
Based on three trip reports on the NTS BBS board dated:
2/23/2014, 6/27/2014 ,8/28/2014,11/23/2014","","168920","1","","","","Public-state","113.0'","Clinometer/laser rangefinder/sine","7.7'","92''","","","Robert Leverett, Matt Markworth, Rand Brown","2014-11-02","http%3A%2F%2Fwww.ents-bbs.org%2Fviewtopic.php%3Ff%3D111%26t%3D6128%23p27758","N"
"Black Walnut","Juglans nigra","Ohio","Lake","Holden Arboretum, Ohio","","","","","9799","1","","","","public","126.9'","","11.2'","134''","","","Edward Frank","2007-09-20","http%3A%2F%2Fwww.nativetreesociety.org%2Ffieldtrips%2Fohio%2Fholden%2Fholden_arboretum.htm","N"
"Black Walnut","Juglans nigra","Ohio","Lake","North Chagrin Reservation (Forest Only)","","","","","16081","1","","","","public","","Clinometer/laser rangefinder/sine","10.7'","128''","","","Daniel Reed, Steve Galehouse, Will Blozan","2011-09-05","","N"
"Black Walnut","Juglans nigra","Ohio","Lake","North Chagrin Reservation (Forest Only)","","","","","16041","1","","","","public","94.0'","Clinometer/laser rangefinder/sine","8.3'","100''","","","Daniel Reed, Steve Galehouse, Will Blozan","2011-09-05","","N"
"Black Walnut","Juglans nigra","Ohio","Lake","North Chagrin Reservation (Forest Only)","41 34.229","-081 25.335","","","15982","1","41 34.229","-081 25.335","","public","124.0'","Clinometer/laser rangefinder/sine","8.3'","100''","","1st visit: 123.2. 2nd visit: 124.03'","Daniel Reed, Steve Galehouse, Will Blozan","2011-09-05","","N"
"Black Walnut","Juglans nigra","Ohio","Lake","Stebbin's Gulch","41 36.265","-081 16.745","","","166900","1","41 36.265","-081 16.745","1052.0 ft","Private","106.4'","Clinometer/laser rangefinder/sine","7.4'","89''","","Stebbin's Gulch South","Steve Galehouse, Ed Frank, Randy Brown","2009-07-18","http%3A%2F%2Fwww.nativetreesociety.org%2Ffieldtrips%2Fohio%2Fholden2009%2Fholden1.htm","N"
"Black Walnut","Juglans nigra","Ohio","Licking","Blackhand Gorge Nature Preserve","","","","","166418","1","","","","public","116.4'","Clinometer/laser rangefinder/sine","8.1'","97''","","","Rand Brown","2011-01-03","","N"
"Black Walnut","Juglans nigra","Ohio","Licking","Blackhand Gorge Nature Preserve","","","","","166420","1","","","","public","121.3'","Clinometer/laser rangefinder/sine","7.3'","88''","","","Rand Brown","2011-01-03","","N"
"Black Walnut","Juglans nigra","Ohio","Logan","Davey Woods Nature Preserve, OH","","","","","9955","1","","","","Public","106.4'","","4.1'","49''","","","Randy Brown","2008-04-17","http%3A%2F%2Fwww.nativetreesociety.org%2Ffieldtrips%2Fohio%2Fdavey_woods_oh.htm","N"
"Black Walnut","Juglans nigra","Ohio","Logan","Davey Woods Nature Preserve, OH","","","","","9969","1","","","","Public","118.6'","","7.0'","84''","","","Randy Brown","2008-04-17","http%3A%2F%2Fwww.nativetreesociety.org%2Ffieldtrips%2Fohio%2Fdavey_woods_oh.htm","N"
"Black Walnut","Juglans nigra","Ohio","Lorain","Bacon Woods","","","","","15946","1","","","","MetroPark","113.2'","Clinometer/laser rangefinder/sine","10.5'","126''","","","Steve Galehouse","2011-10-13","","N"
"Black Walnut","Juglans nigra","Ohio","Lorain","Black River Metro Park","","","","","166516","1","","","","Public","107.0'","Clinometer/laser rangefinder/sine","","","","","Steve Galehouse","2007-01-27","http%3A%2F%2Fwww.nativetreesociety.org%2Ffieldtrips%2Fohio%2Fblackriver%2Fblackriver.htm","N"
"Black Walnut","Juglans nigra","Ohio","Mahoning","Kyle Woods, OH","","","","","166952","1","","","","public","","Clinometer/laser rangefinder/sine","6.0'","72''","","","Thomas Diggins","2003-04-04","","N"
"Black Walnut","Juglans nigra","Ohio","Montgomery","Germantown Metropark","","","","","35805","1","","","","Public - county","133.7'","Clinometer/laser rangefinder/sine","6.5'","78''","","","Matt Markworth","2013-04-06","http%3A%2F%2Fwww.ents-bbs.org%2Fviewtopic.php%3Ff%3D111%26t%3D4836","N"
"Black Walnut","Juglans nigra","Ohio","Montgomery","Germantown Metropark","","","","","230778","1","","","","Public - county","133.7'","Clinometer/laser rangefinder/sine","6.4'","77''","","","Matt Markworth","2014-03-10","http%3A%2F%2Fwww.ents-bbs.org%2Fviewtopic.php%3Ff%3D111%26t%3D4836","N"
"Black Walnut","Juglans nigra","Ohio","Seneca","Howard Collier State Nature Preserve","","","","","168470","1","","","","Public-state","99.7'","Clinometer/laser rangefinder/sine","5.8'","69''","","","Rand Brown","2011-01-19","http%3A%2F%2Fwww.ents-bbs.org%2Fviewtopic.php%3Ff%3D111%26t%3D1934%23p7148","N"
"Black Walnut","Juglans nigra","Ohio","Summit","Cuyahoga Valley Composite","","","This is a composite of the tallest trees by species previously recorded in a number of smaller sites within the Cuyahoga Valley, which are all part of the Akron/Summit County Metropark System or the Cuyahoga Valley National Park.","","63694","1","","","","Metropark, National Park","133.0'","Clinometer/laser rangefinder/sine","7.7'","92''","","Everett Woods","Steve Galehouse, Rand Brown","2011-11-06","","N"
"Black Walnut","Juglans nigra","Ohio","Summit","Everett Woods","","","","","2474","1","","","","Park","133.0'","Clinometer/laser rangefinder/sine","7.6'","92''","","","Rand Brown, Steve Galehouse","2011-04-03","","N"
"Black Walnut","Juglans nigra","Ohio","Summit","Hampton Hills","","","","","2437","1","","","","Park","121.0'","","5.4'","65''","","","Rand Brown, Steve Galehouse","2011-02-18","http%3A%2F%2Fwww.ents-bbs.org%2Fviewtopic.php%3Ff%3D111%26t%3D2091","N"
"Black Walnut","Juglans nigra","Ohio","Summit","O 'Neill Woods","","","","","16752","1","","","","Metropark","113.6'","Clinometer/laser rangefinder/sine","","","","","Steve Galehouse","2011-10-28","","N"
"Black Walnut","Juglans nigra","Ohio","Summit","Sand Run","","","","","18735","1","","","","Metropark","125.0'","Clinometer/laser rangefinder/sine","","","","","Steve Galehouse, Rand Brown","2010-11-09","","N"
"Black Walnut","Juglans nigra","Ohio","Trumbull","Warren OH Bottomland Hardwoods","","","","","9656","1","","","","public","111.8'","","","","70.0'","19' 6"" Double pith trunk","Thomas Diggins","2003-07-16","http%3A%2F%2Fwww.nativetreesociety.org%2Ffieldtrips%2Fohio%2Fwarren_oh.htm","N"
"Black Walnut","Juglans nigra","Ohio","Warren","Schappacher Park","","","4686 Old Irwin Road
Mason, Ohio","","187648","1","","","","Public - county","79.0'","Clinometer/laser rangefinder/sine","","","","","Matt Markworth","2018-08-18","http%3A%2F%2Fwww.ents-bbs.org%2Fviewtopic.php%3Ff%3D111%26t%3D8354","N"
"Black Walnut","Juglans nigra","Ohio","Washington","Universalist Society Of Belpre","39 16.619","-081 36.206","Site of the first Universalist Society Church in Ohio - 1825
Now privately owned with a remanent stand of older trees.","","272722","1","39 16.619","-081 36.206","640.0 ft","Private","66.9'","Clinometer/laser rangefinder/sine","5.2'","63''","","","Turner Sharp","2022-05-05","","N"
"Black Walnut","Juglans nigra","Ontario","Regional Municipality Of Niagara","Niagra Glen Nature Reserve","","","","","233005","1","","","","Public - state","87.1'","Clinometer/laser rangefinder/sine","6.1'","73''","","Height is Not Less Then (NLT)","Dale Luthringer","2003-07-02","Vhttp%3A%2F%2Fwww.nativetreesociety.org%2Ffieldtrips%2Fnew_york%2Fwestern_ny%2Fwestern_ny.htm","N"
"Black Walnut","Juglans nigra","Ontario","Regional Municipality Of Niagara","Swayze Falls","","","1815 acres (735 Hectares)","","232946","1","","","","Public - state","117.1'","Clinometer/laser rangefinder/sine","6.2'","74''","","Height is Not Less Then (NLT)","Dale Luthringer, Bruce Kershner, Gerry Horowitz","2006-05-03","http%3A%2F%2Fwww.nativetreesociety.org%2Ffieldtrips%2Fnew_york%2Fwestern_ny%2Fwestern_ny.htm","N"
"Black Walnut","Juglans nigra","Ontario","Regional Municipality Of Niagara","Swayze Falls","","","1815 acres (735 Hectares)","","232947","1","","","","Public - state","120.1'","Clinometer/laser rangefinder/sine","6.7'","80''","","Height is Not Less Then (NLT)","Dale Luthringer, Bruce Kershner, Gerry Horowitz","2006-05-03","http%3A%2F%2Fwww.nativetreesociety.org%2Ffieldtrips%2Fnew_york%2Fwestern_ny%2Fwestern_ny.htm","N"
"Black Walnut","Juglans nigra","Ontario","Toronto Division","Ontario Single Tree Sites","43 09.466","-079 02.914","","","240290","1","43 09.466","-079 02.914","","Public/Private","104.2'","Clinometer/laser rangefinder/sine","","","","Double stem tree
Measured by Dale Luthringer 10/16/2007. Tree located near Locust Grove in Queenston Heights Park, Ontario.","Various Various","2000-01-01","","N"
"Black Walnut","Juglans nigra","Ontario","Waterloo Regional Municipality","555 Riverbank Drive","43 25.741","-080 23.996","","","4071","1","43 25.741","-080 23.996","","Private","55.0'","Clinometer/laser rangefinder/sine","12.0'","144''","40.0'","12 other J. nigra specimens with girth over 75"" at this site.","William Van Hemessen, Maria Legault","2011-06-15","","N"
"Black Walnut","Juglans nigra","Pennsylvania","Beaver","Raccoon Creek State Park","","","7,572 acres","","120507","1","","","1100.0 ft","Public - State","99.7'","Clinometer/laser rangefinder/sine","6.4'","77''","","","Dale Luthringer","2008-03-19","http%3A%2F%2Fgroups.google.com%2Fgroup%2Fentstrees%2Fbrowse_thread%2Fthread%2F449ea1c542736359%3Fhl%3Den","N"
"Black Walnut","Juglans nigra","Pennsylvania","Bucks","Dark Hollow Park","","","","","166237","1","","","","Public - county","103.2'","Clinometer/laser rangefinder/sine","7.3'","88''","","","George Fieo","2009-08-08","nativetreesociety.org%2Ffieldtrips%2Fpenna%2F20090824-darkhollow%2Fdark_hollow_park_bucks_county_pa.htm","N"
"Black Walnut","Juglans nigra","Pennsylvania","Bucks","Dark Hollow Park","","","","","166238","1","","","","Public - county","110.1'","Clinometer/laser rangefinder/sine","6.0'","72''","","","George Fieo","2009-08-08","nativetreesociety.org%2Ffieldtrips%2Fpenna%2F20090824-darkhollow%2Fdark_hollow_park_bucks_county_pa.htm","N"
"Black Walnut","Juglans nigra","Pennsylvania","Bucks","Tyler State Park","40 13.419","-074 58.559","","","142857","1","40 13.419","-074 58.559","","State","123.0'","Clinometer/laser rangefinder/sine","5.2'","62''","","","George Fieo","2011-11-22","","N"
"Black Walnut","Juglans nigra","Pennsylvania","Chester","Cedar Hollow Preserve","","","","","142967","1","","","","Conservancy","106.4'","Clinometer/laser rangefinder/sine","5.5'","66''","","","George Fieo","2009-03-14","","N"
"Black Walnut","Juglans nigra","Pennsylvania","Chester","Laurels Preserve","","","Contains 500 acres of mature hardwood forest.","","212123","1","","","","Private","118.5'","Clinometer/laser rangefinder/sine","5.4'","65''","","","George Fieo","2019-06-15","http%3A%2F%2Fents-bbs.org%2Fviewtopic.php%3Ff%3D151%26t%3D8642","N"
"Black Walnut","Juglans nigra","Pennsylvania","Chester","Rushton Woods Preserve","","","Owned by Willistown Conservation Trust.","","280975","1","","","","Private","112.4'","Clinometer/laser rangefinder/sine","8.5'","102''","","","George Fieo","2015-12-03","http%3A%2F%2Fwww.ents-bbs.org%2Fviewtopic.php%3Ff%3D151%26t%3D7355%23p35328","N"
"Black Walnut","Juglans nigra","Pennsylvania","Chester","White Clay Creek Preserve","","","","","168329","1","","","","Public - state","122.0'","Clinometer/laser rangefinder/sine","4.8'","58''","","","George Fieo","2012-11-27","http%3A%2F%2Fwww.ents-bbs.org%2Fviewtopic.php%3Ff%3D151%26t%3D7152%23p33992","N"
"Black Walnut","Juglans nigra","Pennsylvania","Chester","White Clay Creek Preserve","","","","","168330","1","","","","Public - state","126.2'","Clinometer/laser rangefinder/sine","5.3'","64''","","","George Fieo","2012-11-27","http%3A%2F%2Fwww.ents-bbs.org%2Fviewtopic.php%3Ff%3D151%26t%3D7152%23p33992","N"
"Black Walnut","Juglans nigra","Pennsylvania","Chester","White Clay Creek Preserve","","","","","168331","1","","","","Public - state","134.2'","Clinometer/laser rangefinder/sine","6.3'","76''","","","George Fieo","2012-11-27","http%3A%2F%2Fwww.ents-bbs.org%2Fviewtopic.php%3Ff%3D151%26t%3D7152%23p33992","N"
"Black Walnut","Juglans nigra","Pennsylvania","Chester/Montgomery","Andruss Island","","","","","143112","1","","","","Non-Profit Organisation","89.3'","Clinometer/laser rangefinder/sine","7.9'","95''","","","George Fieo","2010-10-14","","N"
"Black Walnut","Juglans nigra","Pennsylvania","Chester/Montgomery","Andruss Island","","","","","143113","1","","","","Non-Profit Organisation","94.7'","Clinometer/laser rangefinder/sine","5.3'","64''","","","George Fieo","2010-10-14","","N"
"Black Walnut","Juglans nigra","Pennsylvania","Chester/Montgomery","Valley Forge National Park","","","","","143199","1","","","","Public, National Park","87.6'","Clinometer/laser rangefinder/sine","14.1'","169''","","Chester County","George Fieo","2009-01-20","","N"
"Black Walnut","Juglans nigra","Pennsylvania","Chester/Montgomery","Valley Forge National Park","","","","","143200","1","","","","Public, National Park","110.8'","Clinometer/laser rangefinder/sine","5.2'","62''","","Chester County","George Fieo","2009-01-20","","N"
"Black Walnut","Juglans nigra","Pennsylvania","Crawford","Conneaut Marsh","","","State Game Lands 213?","","167706","1","","","","Public?","78.1'","Clinometer/laser rangefinder/sine","3.6'","43''","","Height is Not Less Than (NLT)","Dale Luthringer","2006-12-05","http%3A%2F%2Fwww.nativetreesociety.org%2Ffieldtrips%2Fpenna%2Fconneaut%2Fconneaut_marsh1.htm","N"
"Black Walnut","Juglans nigra","Pennsylvania","Crawford","Conneaut Marsh","","","State Game Lands 213?","","167707","1","","","","Public?","84.1'","Clinometer/laser rangefinder/sine","6.7'","80''","","Height is Not Less Than (NLT)","Dale Luthringer","2006-12-05","http%3A%2F%2Fwww.nativetreesociety.org%2Ffieldtrips%2Fpenna%2Fconneaut%2Fconneaut_marsh1.htm","N"
"Black Walnut","Juglans nigra","Pennsylvania","Delaware","Ridley Creek State Park","","","","","143002","1","","","","State","123.6'","Clinometer/laser rangefinder/sine","7.0'","84''","","","George Fieo","2010-11-30","","N"
"Black Walnut","Juglans nigra","Pennsylvania","Delaware","Ridley Creek State Park","","","","","143003","1","","","","State","127.7'","Clinometer/laser rangefinder/sine","6.4'","77''","","","George Fieo","2010-11-30","","N"
"Black Walnut","Juglans nigra","Pennsylvania","Delaware","Smedley Park","39 54.889","-074 22.017","","","142816","1","39 54.889","-074 22.017","","County","109.3'","Clinometer/laser rangefinder/sine","6.8'","81''","","","George Fieo","2011-11-18","","N"
"Black Walnut","Juglans nigra","Pennsylvania","Erie","Erie Cemetery","","","","","167744","1","","","","Private","81.2'","Clinometer/laser rangefinder/sine","10.7'","128''","","","Dale Luthringer","2006-08-04","http%3A%2F%2Fwww.nativetreesociety.org%2Ffieldtrips%2Fpenna%2Ferie_cemetary%2Ferie_cemetery.htm","N"
"Black Walnut","Juglans nigra","Pennsylvania","Erie","Erie Cemetery","","","","","167745","1","","","","Private","104.0'","Clinometer/laser rangefinder/sine","9.8'","118''","","","Dale Luthringer","2006-08-04","http%3A%2F%2Fwww.nativetreesociety.org%2Ffieldtrips%2Fpenna%2Ferie_cemetary%2Ferie_cemetery.htm","N"
"Black Walnut","Juglans nigra","Pennsylvania","Erie","Gudgeonville And Upstream Of Route 98 Bridge","","","","","120188","1","","","","Private","83.6'","Clinometer/laser rangefinder/sine","","","","","Dale Luthringer","2009-11-10","http%3A%2F%2Fwww.ents-bbs.org%2Fviewtopic.php%3Ff%3D148%26t%3D760%23p2369","N"
"Black Walnut","Juglans nigra","Pennsylvania","Erie","Gudgeonville And Upstream Of Route 98 Bridge","","","","","120189","1","","","","Private","92.9'","Clinometer/laser rangefinder/sine","","","","","Dale Luthringer","2009-11-10","http%3A%2F%2Fwww.ents-bbs.org%2Fviewtopic.php%3Ff%3D148%26t%3D760%23p2369","N"
"Black Walnut","Juglans nigra","Pennsylvania","Erie","Walnut Creek Gorge","","","See post of 3/18/2008 for trips on 12/28/2007, 12/31/2007.
See post of 9/9/2008 for trips on 3/28/2008, 4/4/2008.","","140113","1","","","","Private","102.1'","Clinometer/laser rangefinder/sine","9.2'","110''","","Height is Not Less Than (NLT)","Dale Luthringer","2008-03-18","http%3A%2F%2Fwww.nativetreesociety.org%2Ffieldtrips%2Fpenna%2Fwalnut_creek_pa_update.htm","N"
"Black Walnut","Juglans nigra","Pennsylvania","Erie","Walnut Creek Gorge","","","See post of 3/18/2008 for trips on 12/28/2007, 12/31/2007.
See post of 9/9/2008 for trips on 3/28/2008, 4/4/2008.","","140089","1","","","","Private","105.1'","Clinometer/laser rangefinder/sine","7.7'","92''","","Height is Not Less Than (NLT)","Dale Luthringer","2008-03-18","http%3A%2F%2Fwww.nativetreesociety.org%2Ffieldtrips%2Fpenna%2Fwalnut_creek_pa_update.htm","N"
"Black Walnut","Juglans nigra","Pennsylvania","Erie","Walnut Creek Gorge","","","See post of 3/18/2008 for trips on 12/28/2007, 12/31/2007.
See post of 9/9/2008 for trips on 3/28/2008, 4/4/2008.","","140090","1","","","","Private","107.6'","Clinometer/laser rangefinder/sine","","","","","Dale Luthringer","2008-03-18","http%3A%2F%2Fwww.nativetreesociety.org%2Ffieldtrips%2Fpenna%2Fwalnut_creek_pa_update.htm","N"
"Black Walnut","Juglans nigra","Pennsylvania","Erie","Walnut Creek Gorge","","","See post of 3/18/2008 for trips on 12/28/2007, 12/31/2007.
See post of 9/9/2008 for trips on 3/28/2008, 4/4/2008.","","140114","1","","","","Private","107.8'","Clinometer/laser rangefinder/sine","9.6'","115''","","","Dale Luthringer","2008-03-18","http%3A%2F%2Fwww.nativetreesociety.org%2Ffieldtrips%2Fpenna%2Fwalnut_creek_pa_update.htm","N"
"Black Walnut","Juglans nigra","Pennsylvania","Erie","Walnut Creek Gorge","","","See post of 3/18/2008 for trips on 12/28/2007, 12/31/2007.
See post of 9/9/2008 for trips on 3/28/2008, 4/4/2008.","","140115","1","","","","Private","108.1'","Clinometer/laser rangefinder/sine","5.6'","67''","","Height is Not Less Than (NLT)","Dale Luthringer","2008-03-18","http%3A%2F%2Fwww.nativetreesociety.org%2Ffieldtrips%2Fpenna%2Fwalnut_creek_pa_update.htm","N"
"Black Walnut","Juglans nigra","Pennsylvania","Erie","Walnut Creek Gorge","","","See post of 3/18/2008 for trips on 12/28/2007, 12/31/2007.
See post of 9/9/2008 for trips on 3/28/2008, 4/4/2008.","","140091","1","","","","Private","114.1'","Clinometer/laser rangefinder/sine","7.4'","89''","","Height is Not Less Than (NLT)","Dale Luthringer","2008-03-18","http%3A%2F%2Fwww.nativetreesociety.org%2Ffieldtrips%2Fpenna%2Fwalnut_creek_pa_update.htm","N"
"Black Walnut","Juglans nigra","Pennsylvania","Erie","Walnut Creek Gorge","","","See post of 3/18/2008 for trips on 12/28/2007, 12/31/2007.
See post of 9/9/2008 for trips on 3/28/2008, 4/4/2008.","","140116","1","","","","Private","114.1'","Clinometer/laser rangefinder/sine","6.7'","80''","","Height is Not Less Than (NLT)","Dale Luthringer","2008-03-18","http%3A%2F%2Fwww.nativetreesociety.org%2Ffieldtrips%2Fpenna%2Fwalnut_creek_pa_update.htm","N"
"Black Walnut","Juglans nigra","Pennsylvania","Erie","Walnut Creek Gorge","","","See post of 3/18/2008 for trips on 12/28/2007, 12/31/2007.
See post of 9/9/2008 for trips on 3/28/2008, 4/4/2008.","","140117","1","","","","Private","117.8'","Clinometer/laser rangefinder/sine","6.0'","72''","","","Dale Luthringer","2008-03-18","http%3A%2F%2Fwww.nativetreesociety.org%2Ffieldtrips%2Fpenna%2Fwalnut_creek_pa_update.htm","N"
"Black Walnut","Juglans nigra","Pennsylvania","Erie","Walnut Creek Gorge","","","See post of 3/18/2008 for trips on 12/28/2007, 12/31/2007.
See post of 9/9/2008 for trips on 3/28/2008, 4/4/2008.","","140092","1","","","","Private","118.0'","Clinometer/laser rangefinder/sine","6.4'","77''","","","Dale Luthringer","2008-03-18","http%3A%2F%2Fwww.nativetreesociety.org%2Ffieldtrips%2Fpenna%2Fwalnut_creek_pa_update.htm","N"
"Black Walnut","Juglans nigra","Pennsylvania","Erie","Walnut Creek Gorge","42 03.220","-080 09.956","See post of 3/18/2008 for trips on 12/28/2007, 12/31/2007.
See post of 9/9/2008 for trips on 3/28/2008, 4/4/2008.","","140118","1","42 03.220","-080 09.956","","Private","123.4'","Clinometer/laser rangefinder/sine","5.2'","62''","","","Dale Luthringer","2008-03-18","http%3A%2F%2Fwww.nativetreesociety.org%2Ffieldtrips%2Fpenna%2Fwalnut_creek_pa_update.htm","N"
"Black Walnut","Juglans nigra","Pennsylvania","Erie","Walnut Creek Gorge","42 03.212","-080 09.954","See post of 3/18/2008 for trips on 12/28/2007, 12/31/2007.
See post of 9/9/2008 for trips on 3/28/2008, 4/4/2008.","","140119","1","42 03.212","-080 09.954","","Private","126.0'","Clinometer/laser rangefinder/sine","5.5'","66''","","","Dale Luthringer","2008-03-18","http%3A%2F%2Fwww.nativetreesociety.org%2Ffieldtrips%2Fpenna%2Fwalnut_creek_pa_update.htm","N"
"Black Walnut","Juglans nigra","Pennsylvania","Erie","Wintergreen Gorge","","","Trips were made 7/2/2003, 9/5/2003,10/10/2003,
11/3/2003,5/24/2004,10/15/2004","","120231","1","","","760.0 ft","Public","92.0'","Clinometer/laser rangefinder/sine","5.2'","62''","","Height is Not Less Than (NLT)","Dale Luthringer","2003-07-02","","N"
"Black Walnut","Juglans nigra","Pennsylvania","Erie","Wintergreen Gorge","","","Trips were made 7/2/2003, 9/5/2003,10/10/2003,
11/3/2003,5/24/2004,10/15/2004","","120255","1","","","620.0 ft","Public","111.9'","Clinometer/laser rangefinder/sine","5.0'","60''","","","Dale Luthringer","2003-07-02","","N"
"Black Walnut","Juglans nigra","Pennsylvania","Fayette","Friendship Hill","39 46.339","-079 55.714","","","18530","1","39 46.339","-079 55.714","","National Park","102.0'","Clinometer/laser rangefinder/sine","7.9'","95''","","","Steve Halow","2011-03-26","","N"
"Black Walnut","Juglans nigra","Pennsylvania","Forest","CFSP-River Cabins And Flats","","","Measurements made between 1/1/2002 and 8/6/2004","","145381","1","","","","Public-state","84.2'","Clinometer/laser rangefinder/sine","6.5'","78''","","At Cook Trail trail head.","Dale Luthringer","2004-08-06","","N"
"Black Walnut","Juglans nigra","Pennsylvania","Lawrence","Mcconnells Mill State Park","","","","","117322","1","","","1100.0 ft","Public - State Park","","Clinometer/laser rangefinder/sine","10.3'","123''","","Tree located in ""Walnut Flats"" area.","Anthony Kelly","2006-01-07","","N"
"Black Walnut","Juglans nigra","Pennsylvania","Lawrence","Mcconnells Mill State Park","","","","","117323","1","","","1100.0 ft","Public - State Park","","Clinometer/laser rangefinder/sine","7.8'","93''","","Tree located in ""Walnut Flats"" area.","Anthony Kelly","2006-01-07","","N"
"Black Walnut","Juglans nigra","Pennsylvania","Lawrence","Mcconnells Mill State Park","","","","","117419","1","","","","Public - State Park","78.1'","Clinometer/laser rangefinder/sine","4.3'","52''","","Tree is along Kilddo Trail- North side
Height is Not Less Than(NTL)","Anthony Kelly","2006-01-07","","N"
"Black Walnut","Juglans nigra","Pennsylvania","Lawrence","Mcconnells Mill State Park","","","","","117395","1","","","","Public - State Park","103.1'","Clinometer/laser rangefinder/sine","10.3'","123''","","","Anthony Kelly","2006-01-07","","N"
"Black Walnut","Juglans nigra","Pennsylvania","Lawrence","Mcconnells Mill State Park","","","","","117440","1","","","","Public - State Park","110.9'","Clinometer/laser rangefinder/sine","10.1'","121''","","Measured by D. Luthringer","Anthony Kelly","2006-01-07","","N"
"Black Walnut","Juglans nigra","Pennsylvania","Monroe","Flood Plain - Along Delaware River","41 03.838","-075 00.969","","","129386","1","41 03.838","-075 00.969","400.0 ft","Public - National Recreation Area","109.3'","Clinometer/laser rangefinder/sine","6.2'","74''","","","Dale Luthringer","2005-04-29","http%3A%2F%2Fwww.nativetreesociety.org%2Ffieldtrips%2Fpenna%2Fdelaware_water_gap.htm","N"
"Black Walnut","Juglans nigra","Pennsylvania","Montgomery","John James Audobon Center At Mill Grove","","","130 Acres with nine miles of trails.
Trees were also measured on 12/14/2008.","","134291","1","","","","Private","","Clinometer/laser rangefinder/sine","9.2'","110''","","","George Fieo","2008-12-05","http%3A%2F%2Fwww.nativetreesociety.org%2Ffieldtrips%2Fpenna%2Fpa_audubon_wildlife_sanctuary.htm","N"
"Black Walnut","Juglans nigra","Pennsylvania","Montgomery","John James Audobon Center At Mill Grove","","","130 Acres with nine miles of trails.
Trees were also measured on 12/14/2008.","","134316","1","","","","Private","86.3'","Clinometer/laser rangefinder/sine","9.2'","110''","","","George Fieo","2008-12-05","http%3A%2F%2Fwww.nativetreesociety.org%2Ffieldtrips%2Fpenna%2Fpa_audubon_wildlife_sanctuary.htm","N"
"Black Walnut","Juglans nigra","Pennsylvania","Montgomery","John James Audobon Center At Mill Grove","","","130 Acres with nine miles of trails.
Trees were also measured on 12/14/2008.","","134307","1","","","","Private","86.4'","Clinometer/laser rangefinder/sine","4.4'","53''","","","George Fieo","2008-12-05","http%3A%2F%2Fwww.nativetreesociety.org%2Ffieldtrips%2Fpenna%2Fpa_audubon_wildlife_sanctuary.htm","N"
"Black Walnut","Juglans nigra","Pennsylvania","Montgomery","Perkiomen Creek Park","","","","","137373","1","","","150.0 ft","Puglic - Counties","115.8'","Clinometer/laser rangefinder/sine","8.4'","101''","","","George Fieo","2010-03-15","http%3A%2F%2Fwww.ents-bbs.org%2Fviewtopic.php%3Ff%3D151%26t%3D103","N"
"Black Walnut","Juglans nigra","Pennsylvania","Montgomery","Valley Forge National Historical Park","","","","","166277","1","","","200.0 ft","Public - federal","93.9'","Clinometer/laser rangefinder/sine","18.1'","217''","","Maxwell Black Walnut","Scott Wade","2005-04-30","http%3A%2F%2Fwww.nativetreesociety.org%2Ffieldtrips%2Fpenna%2Fvalley_forge%2Fvalley_forge_park.htm","N"
"Black Walnut","Juglans nigra","Pennsylvania","Northampton","Henry's Wood - Jacobsburg State Park","","","Some measurements by D. Luthringer 3/31/2010
Also see:
http://www.ents-bbs.org/viewtopic.php?f=151&t=541","","222207","1","","","","Public - state","89.8'","Clinometer/laser rangefinder/sine","4.4'","53''","","","George Fieo, Dale Luthringer","2009-11-11","http%3A%2F%2Fgroups.google.com%2Fgroup%2Fentstrees%2Fbrowse_thread%2Fthread%2F18db47149de48864%3Fhl%3Den","N"
"Black Walnut","Juglans nigra","Pennsylvania","Northampton","Henry's Wood - Jacobsburg State Park","","","Some measurements by D. Luthringer 3/31/2010
Also see:
http://www.ents-bbs.org/viewtopic.php?f=151&t=541","","222208","1","","","","Public - state","94.9'","Clinometer/laser rangefinder/sine","6.3'","76''","","","George Fieo, Dale Luthringer","2009-11-11","http%3A%2F%2Fgroups.google.com%2Fgroup%2Fentstrees%2Fbrowse_thread%2Fthread%2F18db47149de48864%3Fhl%3Den","N"
"Black Walnut","Juglans nigra","Pennsylvania","Northampton","Henry's Wood - Jacobsburg State Park","","","Some measurements by D. Luthringer 3/31/2010
Also see:
http://www.ents-bbs.org/viewtopic.php?f=151&t=541","","222209","1","","","","Public - state","97.2'","Clinometer/laser rangefinder/sine","","","","","George Fieo, Dale Luthringer","2009-11-11","http%3A%2F%2Fgroups.google.com%2Fgroup%2Fentstrees%2Fbrowse_thread%2Fthread%2F18db47149de48864%3Fhl%3Den","N"
"Black Walnut","Juglans nigra","Pennsylvania","Philadelphia","Pennypack Park","","","Park stretches nine miles along Pennypack Creek.","","166990","1","","","","Public - City","98.8'","Clinometer/laser rangefinder/sine","14.3'","172''","","","Scott Wade, Meg Varney, Bill Sweeney","2007-03-22","http%3A%2F%2Fwww.nativetreesociety.org%2Ffieldtrips%2Fpenna%2Florimer_park.htm","N"
"Black Walnut","Juglans nigra","Pennsylvania","Philadelphia","Pennypack Park","","","","","143066","1","","","","City","103.8'","Clinometer/laser rangefinder/sine","14.7'","176''","","","George Fieo","2009-12-28","","N"
"Black Walnut","Juglans nigra","Pennsylvania","Philadelphia","Pennypack Park","","","","","143067","1","","","","City","120.2'","Clinometer/laser rangefinder/sine","5.2'","62''","","","George Fieo","2009-12-28","","N"
"Black Walnut","Juglans nigra","Pennsylvania","Philadelphia","Wissahickon Valley Park","","","","","173573","1","","","115.0 ft","Public - city","102.0'","Clinometer/laser rangefinder/sine","9.9'","119''","","","Will Blozan, Ben Blozan","2003-10-04","","N"
"Black Walnut","Juglans nigra","Pennsylvania","Philadelphia","Wissahickon Valley Park","40 02.029","-075 12.332","","","173673","1","40 02.029","-075 12.332","","Public - city","111.6'","Clinometer/laser rangefinder/sine","9.5'","114''","","","George Fieo","2011-11-15","","N"
"Black Walnut","Juglans nigra","Pennsylvania","Philadelphia","Wissahickon Valley Park","","","","","173572","1","","","150.0 ft","Public - city","121.2'","Clinometer/laser rangefinder/sine","5.5'","66''","","","Will Blozan, Ben Blozan","2003-10-04","","N"
"Black Walnut","Juglans nigra","Pennsylvania","Philadelphia","Wissahickon Valley Park","40 01.702","-075 11.922","","","173674","1","40 01.702","-075 11.922","","Public - city","122.7'","Clinometer/laser rangefinder/sine","6.3'","75''","","","George Fieo","2011-11-15","","N"
"Black Walnut","Juglans nigra","Pennsylvania","Sullivan","Ricketts Glen State Park","","","Trees measured were probably made throughout the park and represent maximum heights of 50 species.","","222050","1","","","","Public State Park","83.3'","Clinometer/laser rangefinder/sine","6.0'","72''","","","Rick Koval","2013-12-31","http%3A%2F%2Fwww.ents-bbs.org%2Fviewtopic.php%3Ff%3D150%26t%3D6078","N"
"Black Walnut","Juglans nigra","Pennsylvania","Warren","Buckaloons Recreation Area","","","USFS Campground","","139969","1","","","1150.0 ft","Public -federal","101.5'","Clinometer/laser rangefinder/sine","7.6'","91''","","","Dale Luthringer, Edward Frank, Carl Harting","2011-04-13","","N"
"Black Walnut","Juglans nigra","Pennsylvania","Warren","Stewad's Island","","","19 acres. The location is on an island immediately upstream of the main Steward's Island. The main island has 53 acres","","139247","1","","","1120.0 ft","Private","85.3'","Clinometer/laser rangefinder/sine","6.2'","74''","","Height is (Not Less Than)","Dale Luthriinger, Edward Frank, Anthony Kelly","2007-09-04","","N"
"Black Walnut","Juglans nigra","Pennsylvania","Warren","Thompson's Island","","","","","140026","1","","","1140.0 ft","Public - federal","107.6'","Clinometer/laser rangefinder/sine","7.7'","92''","","","Dale Luthringer, Edward Frank","2007-09-03","","N"
"Black Walnut","Juglans nigra","Pennsylvania","Warren","Thompson's Island","","","","","140027","1","","","1140.0 ft","Public - federal","110.3'","Clinometer/laser rangefinder/sine","7.7'","92''","","","Dale Luthringer, Edward Frank","2007-09-03","","N"
"Black Walnut","Juglans nigra","Pennsylvania","Washington","Mingo Creek County Park","40 12.332","-080 00.954","","","18630","1","40 12.332","-080 00.954","","County Government","85.0'","Clinometer/laser rangefinder/sine","10.8'","129''","","","Steve Halow","2011-10-24","","N"
"Black Walnut","Juglans nigra","Pennsylvania","Washington","Mingo Creek County Park","40 11.220","-080 03.035","","","18600","1","40 11.220","-080 03.035","","County Government","117.0'","Clinometer/laser rangefinder/sine","5.3'","63''","","","Steve Halow","2011-10-24","","N"
"Black Walnut","Juglans nigra","Rhode Island","Newport","Touro Park","41 29.140","-071 18.620","","","256810","1","41 29.140","-071 18.620","","Public - city","72.7'","Clinometer/laser rangefinder/sine","11.3'","135''","","","Turner Sharp","2021-10-14","","N"
"Black Walnut","Juglans nigra","South Carolina","Abbeville","Long Crane Creek","","","Some trees were measured along Big Curtail Creek(BCC) and will be indicated so under comments.","","237855","1","","","","Public - federal","","Clinometer/laser rangefinder/sine","5.0'","60''","","BCC","Jess Riddle","2002-05-16","http%3A%2F%2Fwww.nativetreesociety.org%2Ffieldtrips%2Fsouth_carolina%2Flong_cane_creek1.htm","N"
"Black Walnut","Juglans nigra","South Carolina","Abbeville","Long Crane Creek","","","Some trees were measured along Big Curtail Creek(BCC) and will be indicated so under comments.","","237899","1","","","","Public - federal","","Clinometer/laser rangefinder/sine","8.2'","98''","","BCC","Jess Riddle","2003-01-26","http%3A%2F%2Fwww.nativetreesociety.org%2Ffieldtrips%2Fsouth_carolina%2Flong_cane_creek1.htm","N"
"Black Walnut","Juglans nigra","South Carolina","Abbeville","Long Crane Creek","","","Some trees were measured along Big Curtail Creek(BCC) and will be indicated so under comments.","","237900","1","","","","Public - federal","109.3'","Clinometer/laser rangefinder/sine","7.6'","91''","","","Jess Riddle","2003-01-26","http%3A%2F%2Fwww.nativetreesociety.org%2Ffieldtrips%2Fsouth_carolina%2Flong_cane_creek1.htm","N"
"Black Walnut","Juglans nigra","South Carolina","Edgefield","Turkey Creek","","","Trees measured were close to Modocd","","236902","1","","","","Public - federal","106.0'","Clinometer/laser rangefinder/sine","6.2'","74''","","","Jess Riddle","2005-03-05","http%3A%2F%2Fwww.nativetreesociety.org%2Ffieldtrips%2Fsouth_carolina%2Fsumter%2Fsumter_national_forest_sc.htm","N"
"Black Walnut","Juglans nigra","South Carolina","Greenville","Little Pinnacle Mountain","","","11,300 acres encompassing Jones Gap State Park and Caesars Head","","281326","1","","","","Public - state","","Clinometer/laser rangefinder/sine","8.8'","106''","","","Jess Riddle","2002-05-29","http%3A%2F%2Fwww.nativetreesociety.org%2Ffieldtrips%2Fsouth_carolina%2Flittle_pinnacle_mountain.htm","N"
"Black Walnut","Juglans nigra","South Carolina","Greenville","Little Pinnacle Mountain","","","11,300 acres encompassing Jones Gap State Park and Caesars Head","","281327","1","","","","Public - state","","Clinometer/laser rangefinder/sine","7.0'","84''","","","Jess Riddle","2002-05-29","http%3A%2F%2Fwww.nativetreesociety.org%2Ffieldtrips%2Fsouth_carolina%2Flittle_pinnacle_mountain.htm","N"
"Black Walnut","Juglans nigra","South Carolina","Greenville","Little Pinnacle Mountain","","","11,300 acres encompassing Jones Gap State Park and Caesars Head","","281328","1","","","","Public - state","","Clinometer/laser rangefinder/sine","8.3'","99''","","","Jess Riddle","2002-05-29","http%3A%2F%2Fwww.nativetreesociety.org%2Ffieldtrips%2Fsouth_carolina%2Flittle_pinnacle_mountain.htm","N"
"Black Walnut","Juglans nigra","South Carolina","Oconee","Tamassee Knob","","","","","252811","1","","","","Public - federal","121.5'","Clinometer/laser rangefinder/sine","5.0'","60''","","","Jess Riddle","2003-03-15","http%3A%2F%2Fwww.ents-bbs.org%2Fviewtopic.php%3Ff%3D122%26t%3D7608","N"
"Black Walnut","Juglans nigra","South Carolina","Oconee","Tamassee Knob","","","","","252903","1","","","","Public - federal","125.3'","Clinometer/laser rangefinder/sine","6.3'","75''","","","Jess Riddle","2005-03-02","http%3A%2F%2Fwww.ents-bbs.org%2Fviewtopic.php%3Ff%3D122%26t%3D7608","N"
"Black Walnut","Juglans nigra","South Carolina","Oconee","Tamassee Knob","","","","","252904","1","","","","Public - federal","127.2'","Clinometer/laser rangefinder/sine","6.6'","79''","","","Jess Riddle","2005-03-02","http%3A%2F%2Fwww.ents-bbs.org%2Fviewtopic.php%3Ff%3D122%26t%3D7608","N"
"Black Walnut","Juglans nigra","South Carolina","Oconee","Tamassee Knob","","","","","253015","1","","","","Public - federal","132.4'","Clinometer/laser rangefinder/sine","5.1'","61''","","","Jess Riddle","2016-03-20","http%3A%2F%2Fwww.ents-bbs.org%2Fviewtopic.php%3Ff%3D122%26t%3D7608","N"
"Black Walnut","Juglans nigra","South Carolina","Oconee","Tamassee Knob","34 51.517","-083 05.274","","","252834","2","34 51.517","-083 05.274","","Public - federal","134.7'","Clinometer/laser rangefinder/sine","9.9'","119''","","","Jess Riddle, Jess Riddle","2016-03-20","http%3A%2F%2Fwww.ents-bbs.org%2Fviewtopic.php%3Ff%3D122%26t%3D7608","N"
"Black Walnut","Juglans nigra","South Carolina","Pickens","Wadakoe Mountain","","","Trees were also measured on 11/1/2004. 
See link:
http://www.nativetreesociety.org/fieldtrips/south_carolina/wadakoe_mountain.htm","","236275","1","","","","Public-Private","","Clinometer/laser rangefinder/sine","7.6'","91''","","Eastatoe Creek","Jess Riddle","2003-09-28","http%3A%2F%2Fwww.nativetreesociety.org%2Ffieldtrips%2Fsouth_carolina%2Fwadakoe_northend.htm","N"
"Black Walnut","Juglans nigra","South Carolina","Pickens","Wadakoe Mountain","","","Trees were also measured on 11/1/2004. 
See link:
http://www.nativetreesociety.org/fieldtrips/south_carolina/wadakoe_mountain.htm","","236267","1","","","","Public-Private","110.1'","Clinometer/laser rangefinder/sine","3.9'","47''","","Height is Not Less Than(NLT)
Peach Orchard","Jess Riddle","2003-09-28","http%3A%2F%2Fwww.nativetreesociety.org%2Ffieldtrips%2Fsouth_carolina%2Fwadakoe_northend.htm","N"
"Black Walnut","Juglans nigra","Tennessee","Cheatham","Cheatham WMA","36 15.776","-087 05.910","","","322090","1","36 15.776","-087 05.910","670.0 ft","Public","113.1'","Clinometer/laser rangefinder/sine","5.7'","68''","","","Elijah Whitcomb","2025-03-29","","N"
"Black Walnut","Juglans nigra","Tennessee","Cocke","Hen Wallow Creek","","","","","229825","1","","","","Public - national","113.5'","Clinometer/laser rangefinder/sine","","","","","Jess Riddle","2006-01-29","http%3A%2F%2Fnativetreesociety.org%2Ffieldtrips%2Fgsmnp%2Fhen_wallow_creek.htm","N"
"Black Walnut","Juglans nigra","Tennessee","Cocke","Hen Wallow Creek","","","","","229826","1","","","","Public - national","127.9'","Clinometer/laser rangefinder/sine","7.8'","93''","","","Jess Riddle","2006-01-29","http%3A%2F%2Fnativetreesociety.org%2Ffieldtrips%2Fgsmnp%2Fhen_wallow_creek.htm","N"
"Black Walnut","Juglans nigra","Tennessee","Cocke","Hen Wallow Creek","","","","","229827","1","","","","Public - national","132.0'","Clinometer/laser rangefinder/sine","5.8'","69''","","","Jess Riddle","2006-01-29","http%3A%2F%2Fnativetreesociety.org%2Ffieldtrips%2Fgsmnp%2Fhen_wallow_creek.htm","N"
"Black Walnut","Juglans nigra","Tennessee","Cocke","Hen Wallow Creek","","","","","229828","1","","","","Public - national","136.1'","Clinometer/laser rangefinder/sine","8.0'","96''","","","Jess Riddle","2006-01-29","http%3A%2F%2Fnativetreesociety.org%2Ffieldtrips%2Fgsmnp%2Fhen_wallow_creek.htm","N"
"Black Walnut","Juglans nigra","Tennessee","Cocke","Hen Wallow Creek","","","","","229829","1","","","","Public - national","144.3'","Clinometer/laser rangefinder/sine","13.8'","165''","","","Jess Riddle","2006-01-29","http%3A%2F%2Fnativetreesociety.org%2Ffieldtrips%2Fgsmnp%2Fhen_wallow_creek.htm","N"
"Black Walnut","Juglans nigra","Tennessee","Davidson","Edwin & Percy Warner Parks","36 03.282","-086 54.565","","","315781","1","36 03.282","-086 54.565","775.0 ft","Public","116.8'","Clinometer/laser rangefinder/sine","6.3'","76''","","","Elijah Whitcomb","2024-01-28","","N"
"Black Walnut","Juglans nigra","Tennessee","Davidson","Edwin & Percy Warner Parks","36 04.721","-086 52.555","","","315799","1","36 04.721","-086 52.555","820.0 ft","Public","121.8'","Clinometer/laser rangefinder/sine","9.8'","118''","","","Elijah Whitcomb","2024-01-28","","N"
"Black Walnut","Juglans nigra","Tennessee","Davidson","Edwin & Percy Warner Parks","36 03.934","-086 53.329","","","315853","1","36 03.934","-086 53.329","850.0 ft","Public","122.8'","Clinometer/laser rangefinder/sine","6.9'","83''","","","Elijah Whitcomb","2024-01-28","","N"
"Black Walnut","Juglans nigra","Tennessee","Davidson","Long Hunter State Park-Day Loop Trail","36 05.958","-086 34.045","","","282358","1","36 05.958","-086 34.045","555.0 ft","Public","91.0'","Clinometer/laser rangefinder/sine","6.6'","79''","","","Elijah Whitcomb","2021-08-22","","N"
"Black Walnut","Juglans nigra","Tennessee","Davidson","Nashville City Cemetery","36 08.827","-086 46.184","","","315448","1","36 08.827","-086 46.184","465.0 ft","Public","83.8'","Clinometer/laser rangefinder/sine","10.0'","120''","","","Elijah Whitcomb","2024-02-04","","N"
"Black Walnut","Juglans nigra","Tennessee","Davidson","Nashville City Cemetery","36 08.790","-086 46.120","","","315447","1","36 08.790","-086 46.120","440.0 ft","Public","91.3'","Clinometer/laser rangefinder/sine","8.6'","103''","","","Elijah Whitcomb","2024-02-04","","N"
"Black Walnut","Juglans nigra","Tennessee","Davidson","Radnor Lake State Park","36 03.585","-086 47.774","","","323272","1","36 03.585","-086 47.774","","Public","113.8'","Clinometer/laser rangefinder/sine","","","","","Elijah Whitcomb","2026-01-10","","N"
"Black Walnut","Juglans nigra","Tennessee","Davidson","Radnor Lake State Park","36 03.531","-086 48.214","","","323309","1","36 03.531","-086 48.214","860.0 ft","Public","129.7'","Clinometer/laser rangefinder/sine","","","","","Elijah Whitcomb","2026-01-10","","N"
"Black Walnut","Juglans nigra","Tennessee","Davidson","Radnor Lake State Park","36 03.885","-086 47.721","","","323273","1","36 03.885","-086 47.721","885.0 ft","Public","134.4'","Clinometer/laser rangefinder/sine","5.8'","70''","","","Elijah Whitcomb","2026-01-10","","N"
"Black Walnut","Juglans nigra","Tennessee","Davidson","Timberland Park/Big East Fork Reserve","35 58.866","-087 00.235","","","315526","1","35 58.866","-087 00.235","785.0 ft","Public/Private","119.5'","Clinometer/laser rangefinder/sine","6.1'","73''","","","Elijah Whitcomb","2024-02-25","","N"
"Black Walnut","Juglans nigra","Tennessee","Dekalb","Edgar Evins State Park","36 04.969","-085 48.553","","","320989","1","36 04.969","-085 48.553","730.0 ft","Public","110.7'","Clinometer/laser rangefinder/sine","4.0'","48''","","","Elijah Whitcomb","2025-02-01","","N"
"Black Walnut","Juglans nigra","Tennessee","Dekalb","Edgar Evins State Park","36 04.918","-085 48.516","","","320990","1","36 04.918","-085 48.516","735.0 ft","Public","119.3'","Clinometer/laser rangefinder/sine","4.3'","52''","","","Elijah Whitcomb","2025-02-01","","N"
"Black Walnut","Juglans nigra","Tennessee","Dekalb","Edgar Evins State Park","36 05.112","-085 48.789","","","321001","1","36 05.112","-085 48.789","890.0 ft","Public","121.5'","Clinometer/laser rangefinder/sine","5.5'","65''","","","Elijah Whitcomb","2025-02-01","","N"
"Black Walnut","Juglans nigra","Tennessee","Dekalb","Edgar Evins State Park","36 05.215","-085 48.853","","","321002","1","36 05.215","-085 48.853","905.0 ft","Public","133.0'","Clinometer/laser rangefinder/sine","9.1'","109''","","","Elijah Whitcomb","2025-02-01","","N"
"Black Walnut","Juglans nigra","Tennessee","Dickson","Montgomery Bell State Park","36 05.769","-087 17.412","","","323216","1","36 05.769","-087 17.412","735.0 ft","Public","127.6'","Clinometer/laser rangefinder/sine","5.7'","68''","","","Elijah Whitcomb","2026-01-02","","N"
"Black Walnut","Juglans nigra","Tennessee","Franklin","College Of The South","35 12.347","-085 56.950","","","323424","1","35 12.347","-085 56.950","1925.0 ft","Public","106.1'","Clinometer/laser rangefinder/sine","5.1'","61''","","","Elijah Whitcomb","2026-02-28","","N"
"Black Walnut","Juglans nigra","Tennessee","Franklin","Dick's Cove","35 13.310","-085 57.594","","","315704","1","35 13.310","-085 57.594","1680.0 ft","Private","117.3'","Clinometer/laser rangefinder/sine","4.8'","58''","","","Elijah Whitcomb","2024-04-13","","N"
"Black Walnut","Juglans nigra","Tennessee","Franklin","Lost Cove","35 09.273","-085 54.651","","","313888","1","35 09.273","-085 54.651","1100.0 ft","Public","116.0'","Clinometer/laser rangefinder/sine","6.2'","75''","","","Elijah Whitcomb","2023-12-09","","N"
"Black Walnut","Juglans nigra","Tennessee","Franklin","Shakerag Hollow","35 13.070","-085 54.908","","","323463","1","35 13.070","-085 54.908","1775.0 ft","Private","121.4'","Clinometer/laser rangefinder/sine","8.1'","97''","","","Elijah Whitcomb","2026-02-28","","N"
"Black Walnut","Juglans nigra","Tennessee","Franklin","Shakerag Hollow","","","","","253187","1","","","","Private","125.1'","Clinometer/laser rangefinder/sine","9.3'","111''","","","Jess Riddle","2014-01-03","","N"
"Black Walnut","Juglans nigra","Tennessee","Franklin","Shakerag Hollow","","","","","253186","1","","","","Private","129.7'","Clinometer/laser rangefinder/sine","6.8'","82''","","","Jess Riddle","2014-01-03","","N"
"Black Walnut","Juglans nigra","Tennessee","Franklin","Shakerag Hollow","35 13.077","-085 54.948","","","323448","1","35 13.077","-085 54.948","1835.0 ft","Private","132.2'","Clinometer/laser rangefinder/sine","10.3'","124''","","","Elijah Whitcomb","2026-02-28","","N"
"Black Walnut","Juglans nigra","Tennessee","Franklin","Shakerag Hollow","35 12.763","-085 54.424","","","323447","1","35 12.763","-085 54.424","1625.0 ft","Private","132.3'","Clinometer/laser rangefinder/sine","7.5'","90''","","","Elijah Whitcomb","2026-02-28","","N"
"Black Walnut","Juglans nigra","Tennessee","Franklin","Sherwood Forest State Natural Area","35 06.326","-085 54.323","","","313926","1","35 06.326","-085 54.323","1565.0 ft","Public","122.2'","Clinometer/laser rangefinder/sine","6.8'","81''","","","Elijah Whitcomb","2023-12-09","","N"
"Black Walnut","Juglans nigra","Tennessee","Grundy","Big Creek","35 25.757","-085 40.004","","","320595","1","35 25.757","-085 40.004","1330.0 ft","Public","115.3'","Clinometer/laser rangefinder/sine","4.8'","58''","","","Elijah Whitcomb","2025-01-04","","N"
"Black Walnut","Juglans nigra","Tennessee","Grundy","Collins Gulf","35 26.295","-085 36.283","","","322636","1","35 26.295","-085 36.283","1370.0 ft","Public","132.2'","Clinometer/laser rangefinder/sine","6.2'","75''","","","Elijah Whitcomb","2025-06-21","","N"
"Black Walnut","Juglans nigra","Tennessee","Grundy","Savage Gulf","","","30,800 Acres in 10 units
15,590 aces in the Savage Gulf Unit","","228350","1","","","","Public - state","127.3'","Clinometer/laser rangefinder/sine","10.0'","120''","","","Jess Riddle, Michael Davie","2005-07-01","http%3A%2F%2Fnativetreesociety.org%2Ffieldtrips%2Ftennessee%2Fsavage2%2Fsavage_gulf_redux.htm","N"
"Black Walnut","Juglans nigra","Tennessee","Grundy/Marion","Fiery Gizzard","35 12.670","-085 44.427","","","320165","1","35 12.670","-085 44.427","1300.0 ft","Public","111.4'","Clinometer/laser rangefinder/sine","3.3'","40''","","","Elijah Whitcomb","2024-11-30","","N"
"Black Walnut","Juglans nigra","Tennessee","Grundy/Marion","Fiery Gizzard","35 12.654","-085 44.291","","","320166","1","35 12.654","-085 44.291","1310.0 ft","Public","121.1'","Clinometer/laser rangefinder/sine","5.4'","65''","","","Elijah Whitcomb","2024-11-30","","N"
"Black Walnut","Juglans nigra","Tennessee","Lauderdale","Fort Pillow State Historic Park","35 37.491","-089 51.651","","","320403","1","35 37.491","-089 51.651","415.0 ft","Public","133.6'","Clinometer/laser rangefinder/sine","8.4'","101''","","","Elijah Whitcomb","2024-12-14","","N"
"Black Walnut","Juglans nigra","Tennessee","Lawrence","David Crockett State Park","35 15.063","-087 21.057","","","312605","1","35 15.063","-087 21.057","860.0 ft","Public","115.9'","Clinometer/laser rangefinder/sine","5.2'","62''","","","Elijah Whitcomb","2023-11-18","","N"
"Black Walnut","Juglans nigra","Tennessee","Macon","Winding Stairs Park","36 30.927","-086 03.215","","","323391","1","36 30.927","-086 03.215","815.0 ft","Public","119.3'","Clinometer/laser rangefinder/sine","6.4'","77''","","","Elijah Whitcomb","2026-02-20","","N"
"Black Walnut","Juglans nigra","Tennessee","Maury","Chickasaw Trace Park","35 40.224","-087 05.338","","","301171","1","35 40.224","-087 05.338","630.0 ft","Public","97.1'","Clinometer/laser rangefinder/sine","","","","","Elijah Whitcomb","2023-09-02","","N"
"Black Walnut","Juglans nigra","Tennessee","Morgan","Frozen Head State Park","36 07.031","-084 26.918","","","323606","1","36 07.031","-084 26.918","2525.0 ft","Public","122.9'","Clinometer/laser rangefinder/sine","","","","","Elijah Whitcomb, Jess Riddle","2026-05-16","","N"
"Black Walnut","Juglans nigra","Tennessee","Morgan","Frozen Head State Park","36 06.766","-084 30.127","","","323641","1","36 06.766","-084 30.127","2000.0 ft","Public","139.7'","Clinometer/laser rangefinder/sine","6.6'","79''","","","Elijah Whitcomb, Jess Riddle","2026-05-16","","N"
"Black Walnut","Juglans nigra","Tennessee","Morgan","Frozen Head State Park","36 09.508","-084 29.101","","","323799","1","36 09.508","-084 29.101","1855.0 ft","Public","145.3'","Clinometer/laser rangefinder/sine","7.1'","85''","","","Elijah Whitcomb, Jess Riddle","2026-05-16","","N"
"Black Walnut","Juglans nigra","Tennessee","Rutherford","Stones River National Battlefield","35 51.989","-086 26.171","","","292521","1","35 51.989","-086 26.171","590.0 ft","Public","93.0'","Clinometer/laser rangefinder/sine","6.8'","81''","","","Elijah Whitcomb","2023-05-21","","N"
"Black Walnut","Juglans nigra","Tennessee","Scott","Big South Fork","36 29.103","-084 39.840","","","323527","1","36 29.103","-084 39.840","990.0 ft","NPS","126.3'","Clinometer/laser rangefinder/sine","5.6'","67''","","","Elijah Whitcomb","2026-03-28","","N"
"Black Walnut","Juglans nigra","Tennessee","Scott","Big South Fork","36 34.438","-084 36.555","","","323494","1","36 34.438","-084 36.555","1065.0 ft","NPS","127.6'","Clinometer/laser rangefinder/sine","5.6'","67''","","","Elijah Whitcomb","2026-03-28","","N"
"Black Walnut","Juglans nigra","Tennessee","Scott","Big South Fork","36 34.723","-084 36.838","","","323588","1","36 34.723","-084 36.838","955.0 ft","NPS","127.8'","Clinometer/laser rangefinder/sine","6.2'","74''","","","Elijah Whitcomb","2026-03-28","","N"
"Black Walnut","Juglans nigra","Tennessee","Sevier","Boulevard Prong","35 41.680","-083 23.435","Trees measured in a group outing by B. Beduhn, W. Blozan, J. Childs, R. Granade, J. Riddle, & E. Whitcomb","","322104","1","35 41.680","-083 23.435","2160.0 ft","Public","134.1'","Clinometer/laser rangefinder/sine","","","","Along Porters Creek Trail","Elijah Whitcomb, Brian Beduhn, Jess Riddle","2025-04-12","","N"
"Black Walnut","Juglans nigra","Tennessee","Sevier","Porters Bowl","","","","","229887","1","","","","Public - national","","Clinometer/laser rangefinder/sine","7.3'","87''","","","Jess Riddle","2003-10-19","http%3A%2F%2Fnativetreesociety.org%2Ffieldtrips%2Fgsmnp%2Fgreenbrier.htm","N"
"Black Walnut","Juglans nigra","Tennessee","Sevier","Porters Bowl","","","","","229925","1","","","","Public - national","124.6'","Clinometer/laser rangefinder/sine","5.6'","67''","","","Jess Riddle","2004-11-03","http%3A%2F%2Fnativetreesociety.org%2Ffieldtrips%2Fgsmnp%2Fgreenbrier.htm","N"
"Black Walnut","Juglans nigra","Tennessee","Sevier","Porters Bowl","","","","","229926","1","","","","Public - national","128.5'","Clinometer/laser rangefinder/sine","7.3'","87''","","","Jess Riddle","2004-11-03","http%3A%2F%2Fnativetreesociety.org%2Ffieldtrips%2Fgsmnp%2Fgreenbrier.htm","N"
"Black Walnut","Juglans nigra","Tennessee","Shelby","Meeman-Shelby Forest State Park","35 20.367","-090 02.911","","","321787","1","35 20.367","-090 02.911","285.0 ft","Public","131.3'","Clinometer/laser rangefinder/sine","6.9'","82''","","","Elijah Whitcomb","2025-02-13","","N"
"Black Walnut","Juglans nigra","Tennessee","Shelby","Meeman-Shelby Forest State Park","35 20.470","-090 03.290","","","321816","1","35 20.470","-090 03.290","330.0 ft","Public","133.0'","Clinometer/laser rangefinder/sine","11.4'","137''","","","Elijah Whitcomb","2025-02-13","","N"
"Black Walnut","Juglans nigra","Tennessee","Shelby","Meeman-Shelby Forest State Park","35 19.734","-090 03.256","","","321853","1","35 19.734","-090 03.256","310.0 ft","Public","133.2'","Clinometer/laser rangefinder/sine","6.5'","78''","","","Elijah Whitcomb","2025-02-13","","N"
"Black Walnut","Juglans nigra","Tennessee","Shelby","T.O. Fuller State Park","35 03.770","-090 07.659","","","320782","1","35 03.770","-090 07.659","330.0 ft","Public","117.6'","Clinometer/laser rangefinder/sine","10.3'","123''","","","Elijah Whitcomb","2025-01-27","","N"
"Black Walnut","Juglans nigra","Tennessee","Stewart","Fort Donelson National Cemetery","36 29.398","-087 50.830","","","299302","1","36 29.398","-087 50.830","440.0 ft","Public","132.8'","Clinometer/laser rangefinder/sine","7.9'","94''","","","Elijah Whitcomb","2023-07-22","","N"
"Black Walnut","Juglans nigra","Tennessee","Sumner","Bledsoe Creek State Park","36 22.684","-086 21.053","","","282300","1","36 22.684","-086 21.053","495.0 ft","Public","73.0'","Clinometer/laser rangefinder/sine","2.9'","34''","","","Elijah Whitcomb","2021-09-26","","N"
"Black Walnut","Juglans nigra","Tennessee","Sumner","Bledsoe Creek State Park","36 22.771","-086 20.978","","","282301","1","36 22.771","-086 20.978","495.0 ft","Public","77.2'","Clinometer/laser rangefinder/sine","4.1'","49''","","","Elijah Whitcomb","2021-09-26","","N"
"Black Walnut","Juglans nigra","Tennessee","Sumner","Bledsoe Creek State Park","36 22.930","-086 20.967","","","282302","1","36 22.930","-086 20.967","500.0 ft","Public","91.5'","Clinometer/laser rangefinder/sine","4.5'","53''","","","Elijah Whitcomb","2021-09-26","","N"
"Black Walnut","Juglans nigra","Tennessee","Van Buren","Fall Creek Falls State Resort Park","35 40.624","-085 21.830","","","257664","1","35 40.624","-085 21.830","1385.0 ft","Public","101.4'","Clinometer/laser rangefinder/sine","3.8'","45''","","","Elijah Whitcomb","2021-10-23","","N"
"Black Walnut","Juglans nigra","Tennessee","Van Buren","Fall Creek Falls State Resort Park","35 40.895","-085 21.907","","","257665","1","35 40.895","-085 21.907","1270.0 ft","Public","110.0'","Clinometer/laser rangefinder/sine","7.7'","92''","","","Elijah Whitcomb","2021-10-23","","N"
"Black Walnut","Juglans nigra","Tennessee","Van Buren","Fall Creek Falls State Resort Park","35 40.947","-085 21.888","","","257668","1","35 40.947","-085 21.888","1160.0 ft","Public","128.8'","Clinometer/laser rangefinder/sine","8.9'","107''","","","Elijah Whitcomb","2021-10-23","","N"
"Black Walnut","Juglans nigra","Tennessee","Van Buren","Fall Creek Falls State Resort Park","35 40.909","-085 21.908","","","257666","1","35 40.909","-085 21.908","1260.0 ft","Public","135.2'","Clinometer/laser rangefinder/sine","7.1'","85''","","","Elijah Whitcomb","2021-10-23","","N"
"Black Walnut","Juglans nigra","Tennessee","Van Buren","Fall Creek Falls State Resort Park","35 40.932","-085 21.936","","","257667","1","35 40.932","-085 21.936","1200.0 ft","Public","145.2'","Clinometer/laser rangefinder/sine","8.3'","100''","","","Elijah Whitcomb","2021-10-23","","N"
"Black Walnut","Juglans nigra","Tennessee","Warren","Rock Island State Park","35 48.933","-085 38.586","","","314546","1","35 48.933","-085 38.586","730.0 ft","Public","111.8'","Clinometer/laser rangefinder/sine","4.9'","59''","","","Elijah Whitcomb","2023-12-30","","N"
"Black Walnut","Juglans nigra","Tennessee","Warren","Rock Island State Park","35 48.156","-085 37.577","","","314552","1","35 48.156","-085 37.577","795.0 ft","Public","121.6'","Clinometer/laser rangefinder/sine","","","","Next to spring house","Elijah Whitcomb","2023-12-30","","N"
"Black Walnut","Juglans nigra","Tennessee","White","Virgin Falls State Natural Area","35 50.502","-085 19.585","","","322888","1","35 50.502","-085 19.585","1070.0 ft","Public","127.5'","Clinometer/laser rangefinder/sine","6.0'","72''","","","Elijah Whitcomb","2025-11-22","","N"
"Black Walnut","Juglans nigra","Tennessee","Wilson","Cedars Of Lebanon State Park","36 04.667","-086 18.801","","","319058","1","36 04.667","-086 18.801","785.0 ft","Public","74.0'","Clinometer/laser rangefinder/sine","5.0'","59''","","","Elijah Whitcomb","2024-09-14","","N"
"Black Walnut","Juglans nigra","Virginia","Fairfax","Turkey Run Park","","","Part of George Washington Memorial Parkway.","","168522","1","","","","Public-federal.","120.3'","Clinometer/laser rangefinder/sine","11.2'","134''","","","Darian Copiz","2017-03-17","http%3A%2F%2Fwww.ents-bbs.org%2Fviewtopic.php%3Ff%3D128%26t%3D7961","N"
"Black Walnut","Juglans nigra","Virginia","Fairfax","Turkey Run Park","","","Part of George Washington Memorial Parkway.","","165590","1","","","","Public-federal.","127.2'","Clinometer/laser rangefinder/sine","8.3'","100''","","","Will Blozan, Darian Copiz","2010-12-05","http%3A%2F%2Fwww.ents-bbs.org%2Fviewtopic.php%3Ff%3D128%26t%3D7961","N"
"Black Walnut","Juglans nigra","Virginia","Fairfax","Turkey Run Park","","","Part of George Washington Memorial Parkway.","","168521","1","","","","Public-federal.","136.3'","Clinometer/laser rangefinder/sine","7.9'","95''","","","Darian Copiz","2017-03-17","http%3A%2F%2Fwww.ents-bbs.org%2Fviewtopic.php%3Ff%3D128%26t%3D7961","N"
"Black Walnut","Juglans nigra","Virginia","Floyd","Rocky Knob Recreation Area","","","","","136716","1","","","","Public - National Parkway","104.3'","Clinometer/laser rangefinder/sine","","","","","Brian Beduhn, Will Blozan","2015-10-13","http%3A%2F%2Fwww.ents-bbs.org%2Fviewtopic.php%3Ff%3D128%26t%3D7284","N"
"Black Walnut","Juglans nigra","Virginia","James City","Carter's Grove Plantation","37 12.715","-076 37.547","","","47488","1","37 12.715","-076 37.547","60.0 ft","Private","117.9'","Clinometer/laser rangefinder/sine","10.6'","127''","","","Colby Rucker","2002-07-15","","N"
"Black Walnut","Juglans nigra","Virginia","James City","Carter's Grove Plantation","37 12.715","-076 37.547","","","47487","1","37 12.715","-076 37.547","60.0 ft","Private","119.5'","Clinometer/laser rangefinder/sine","6.0'","72''","","","Colby Rucker","2002-07-15","","N"
"Black Walnut","Juglans nigra","Virginia","Orange","Montpelier - Landmark Forest","","","","","224303","1","","","","Private - open to public","129.2'","Clinometer/laser rangefinder/sine","7.7'","92''","","","Will Blozan, Jess Riddle","2005-10-17","","N"
"Black Walnut","Juglans nigra","Virginia","Orange","Montpelier - Plantation House Trees","","","","","224533","1","","","600.0 ft","Private - open to public","100.5'","Clinometer/laser rangefinder/sine","17.4'","209''","121.7'","Crown spread is maximum, Average is 108.5'","Will Blozan, Jess Riddle","2005-10-17","","N"
"Black Walnut","Juglans nigra","West Virginia","54 Counties","West Virginia Single Tree Sites","39 32.973","-078 01.783","Wood County is listed separately.
Most measuremens made before 2010 do not include height because the the methods used from 1963 thrue 2009 were very inaccurate.","","313073","1","39 32.973","-078 01.783","480.0 ft","Private & Publc","64.0'","Clinometer/laser rangefinder/sine","16.8'","202''","60.0'","Tree is in Berkeley County and measured by H. Peddicord on 9/11/2012
Crown spread is an average of two measurements.","Various Various","1963-01-01","","N"
"Black Walnut","Juglans nigra","West Virginia","54 Counties","West Virginia Single Tree Sites","37 43.710","-080 38.514","Wood County is listed separately.
Most measuremens made before 2010 do not include height because the the methods used from 1963 thrue 2009 were very inaccurate.","","313111","1","37 43.710","-080 38.514","1560.0 ft","Private & Publc","96.5'","Clinometer/laser rangefinder/sine","13.0'","156''","84.0'","Measured by M. Bailey, j> Harless 2019
Tree located on grounds of Greenbrier Baptist Church, Alderson, Greenbrier County.
Crown Spread is average of two measurements","Various Various","1963-01-01","","N"
"Black Walnut","Juglans nigra","West Virginia","54 Counties","West Virginia Single Tree Sites","37 47.071","-080 53.625","Wood County is listed separately.
Most measuremens made before 2010 do not include height because the the methods used from 1963 thrue 2009 were very inaccurate.","","313224","1","37 47.071","-080 53.625","1500.0 ft","Private & Publc","100.5'","Clinometer/laser rangefinder/sine","","","","Measured by T, Sharp 4/6/2021. Tree located near Sandstone, Summers County. From the NPS Sandstone Visitor Center there is a gravel road leading to to a water tank. Going uphill tree is on right next to road.","Various Various","1963-01-01","","N"
"Black Walnut","Juglans nigra","West Virginia","Berkeley","Yankauer Preserve","","","","","167308","1","","","400.0 ft","Private","81.4'","Clinometer/laser rangefinder/sine","5.4'","64''","","","Turner Sharp, Susan Sharp","2013-11-19","http%3A%2F%2Fwww.ents-bbs.org%2Fviewtopic.php%3Ff%3D131%26t%3D6020","N"
"Black Walnut","Juglans nigra","West Virginia","Fayette","Red Ash Island","","","Only an island at very high water.","","297279","1","","","","Public","116.8'","Clinometer/laser rangefinder/sine","3.9'","46''","","Height is Not Less Than (NLT)","Turner Sharp","2014-12-30","http%3A%2F%2Fwww.ents-bbs.org%2Fviewtopic.php%3Ff%3D131%26t%3D7046","N"
"Black Walnut","Juglans nigra","West Virginia","Kanawha","Spring Hill Cemetery Park","38 21.152","-081 36.829","On the National Register of Historic Places","","224358","1","38 21.152","-081 36.829","900.0 ft","Public -city","63.2'","Clinometer/laser rangefinder/sine","5.9'","70''","","Scruggs ""A"" section","Turner Sharp","2017-04-23","http%3A%2F%2Fwww.ents-bbs.org%2Fviewtopic.php%3Ff%3D131%26t%3D8210","N"
"Black Walnut","Juglans nigra","West Virginia","Nicholas","Panther Mountain Road","","","","","297265","1","","","1400.0 ft","Public - national recreational area","84.5'","Clinometer/laser rangefinder/sine","4.2'","50''","","","Turner Sharp","2011-10-10","","N"
"Black Walnut","Juglans nigra","West Virginia","Pendleton","Fanny Bennet Hemlock Grove","","","","","44717","1","","","3000.0 ft","Public - National Forest","78.1'","Clinometer/laser rangefinder/sine","3.7'","45''","","","Turner Sharp","2011-10-23","http%3A%2F%2Fwww.ents-bbs.org%2Fviewtopic.php%3Ff%3D131%26t%3D3964","N"
"Black Walnut","Juglans nigra","West Virginia","Preston","Mc Grew House","39 28.329","-079 41.177","House Built 1841.","","248853","1","39 28.329","-079 41.177","1800.0 ft","Public - county","53.9'","Clinometer/laser rangefinder/sine","3.7'","44''","","","Turner Sharp","2017-10-12","","N"
"Black Walnut","Juglans nigra","West Virginia","Preston","Mc Grew House","39 28.367","-079 41.145","House Built 1841.","","248863","1","39 28.367","-079 41.145","1800.0 ft","Public - county","55.6'","Clinometer/laser rangefinder/sine","5.3'","64''","","","Turner Sharp","2017-10-12","","N"
"Black Walnut","Juglans nigra","West Virginia","Preston","Mc Grew House","39 28.339","-079 41.147","House Built 1841.","","248858","1","39 28.339","-079 41.147","1800.0 ft","Public - county","67.7'","Clinometer/laser rangefinder/sine","6.3'","75''","","","Turner Sharp","2017-10-12","","N"
"Black Walnut","Juglans nigra","West Virginia","Preston","Mc Grew House","39 28.357","-079 41.147","House Built 1841.","","248860","1","39 28.357","-079 41.147","1800.0 ft","Public - county","81.7'","Clinometer/laser rangefinder/sine","6.5'","78''","","","Turner Sharp","2017-10-12","","N"
"Black Walnut","Juglans nigra","West Virginia","Raleigh","Glade Creek","","","","","297882","1","","","","Public - federal","101.8'","Clinometer/laser rangefinder/sine","5.0'","60''","","","Turner Sharp","2015-11-27","","N"
"Black Walnut","Juglans nigra","West Virginia","Ritchie","Bottomland Along North Fork Of Hughes River","","","","","274543","1","","","660.0 ft","Public - state","80.2'","Clinometer/laser rangefinder/sine","7.5'","90''","","","Turner Sharp","2011-12-09","","N"
"Black Walnut","Juglans nigra","West Virginia","Ritchie","Bottomland Along North Fork Of Hughes River","","","","","274527","1","","","680.0 ft","Public - state","80.7'","Clinometer/laser rangefinder/sine","4.2'","50''","","","Turner Sharp","2011-12-09","","N"
"Black Walnut","Juglans nigra","West Virginia","Ritchie","Giant Tree Trail","39 13.492","-081 06.657","","","97009","2","39 13.492","-081 06.657","800.0 ft","Public- State Park","119.2'","Clinometer/laser rangefinder/sine","8.3'","99''","48.0'","Crown spread is an average of of 2-axis method","Turner Sharp, Ken Zebo, Turner Sharp, William Sharp","2015-04-01","","N"
"Black Walnut","Juglans nigra","West Virginia","Ritchie","Murphy Preserve - South Tract","","","GPS coordinates are at the mouth of the hollow along Bunnell Run Road.","","167544","1","","","","Private - Nature Conservacy","107.8'","Clinometer/laser rangefinder/sine","4.5'","54''","","","Turner Sharp","2011-04-13","http%3A%2F%2Fwww.ents-bbs.org%2Fviewtopic.php%3Ff%3D131%26t%3D2700","N"
"Black Walnut","Juglans nigra","West Virginia","Wood","Blennerhassett Island State Historical Park","39 16.283","-081 36.004","","","272883","1","39 16.283","-081 36.004","590.0 ft","Public - state","86.5'","Clinometer/laser rangefinder/sine","14.0'","168''","","","Turner Sharp, Tom Connelly","2017-05-09","","N"
"Black Walnut","Juglans nigra","West Virginia","Wood","Blennerhassett Island State Historical Park","39 16.273","-081 35.959","","","272881","1","39 16.273","-081 35.959","590.0 ft","Public - state","90.2'","Clinometer/laser rangefinder/sine","12.7'","152''","","","Turner Sharp, Tom Connelly","2017-05-09","","N"
"Black Walnut","Juglans nigra","West Virginia","Wood","Blennerhassett Island State Historical Park","39 16.270","-081 35.970","","","217534","2","39 16.270","-081 35.970","","Public - state","91.8'","Clinometer/laser rangefinder/sine","13.9'","167''","90.0'","Crown spread is an average of the two axis method","Turner Sharp, Tom Connelly, Turner Sharp","2020-10-08","","N"
"Black Walnut","Juglans nigra","West Virginia","Wood","Blennerhassett Island State Historical Park","39 16.255","-081 36.006","","","273002","1","39 16.255","-081 36.006","","Public - state","93.7'","Clinometer/laser rangefinder/sine","14.5'","174''","78.0'","Rot in base of trunk.
Crown spread is an average of the two axis method","Turner Sharp","2020-10-08","","N"
"Black Walnut","Juglans nigra","West Virginia","Wood","Blennerhassett Island State Historical Park","39 16.282","-081 35.988","","","272882","1","39 16.282","-081 35.988","590.0 ft","Public - state","95.2'","Clinometer/laser rangefinder/sine","10.3'","123''","","","Turner Sharp, Tom Connelly","2017-05-09","","N"
"Black Walnut","Juglans nigra","West Virginia","Wood","Blennerhassett Island State Historical Park","","","","","306293","1","","","590.0 ft","Public - state","96.2'","Clinometer/laser rangefinder/sine","11.4'","137''","88.0'","","Turner Sharp, Susan Sharp","2010-11-11","","N"
"Black Walnut","Juglans nigra","West Virginia","Wood","Blennerhassett Island State Historical Park","","","","","306292","1","","","590.0 ft","Public - state","96.4'","Clinometer/laser rangefinder/sine","11.5'","138''","66.0'","","Turner Sharp, Susan Sharp","2010-11-11","","N"
"Black Walnut","Juglans nigra","West Virginia","Wood","Blennerhassett Island State Historical Park","","","","","306294","1","","","","Public - state","98.1'","Clinometer/laser rangefinder/sine","","","","Tree is in the 1930's plantation","Turner Sharp, Susan Sharp","2010-11-11","","N"
"Black Walnut","Juglans nigra","West Virginia","Wood","Blennerhassett Island State Historical Park","39 16.267","-081 36.009","","","272884","1","39 16.267","-081 36.009","590.0 ft","Public - state","100.9'","Clinometer/laser rangefinder/sine","12.9'","154''","","","Turner Sharp, Tom Connelly","2017-05-09","","N"
"Black Walnut","Juglans nigra","West Virginia","Wood","Blennerhassett Island State Historical Park","39 16.233","-081 35.916","","","218059","2","39 16.233","-081 35.916","600.0 ft","Public - state","104.9'","Clinometer/laser rangefinder/sine","10.8'","130''","","","Turner Sharp, Turner Sharp, Susan Sharp","2020-10-08","","N"
"Black Walnut","Juglans nigra","West Virginia","Wood","Blennerhassett Island State Historical Park","39 16.284","-081 35.981","","","217535","2","39 16.284","-081 35.981","","Public - state","108.4'","Clinometer/laser rangefinder/sine","14.0'","168''","84.0'","Crown spread is an average of the two axis method","Turner Sharp, Tom Connelly, Turner Sharp","2020-10-08","","N"
"Black Walnut","Juglans nigra","West Virginia","Wood","Henderson Hall Plantation","","","All Ash found in this stand in 2012 is now dead standing or on the ground.","","271806","1","","","640.0 ft","Private","","Clinometer/laser rangefinder/sine","12.1'","145''","","Tree was dead but standing, 50 percent of bark was gone.","Turner Sharp","2012-11-20","","N"
"Black Walnut","Juglans nigra","West Virginia","Wood","Henderson Hall Plantation","","","All Ash found in this stand in 2012 is now dead standing or on the ground.","","271796","1","","","680.0 ft","Private","63.9'","Clinometer/laser rangefinder/sine","8.4'","101''","","","Turner Sharp","2012-11-20","","N"
"Black Walnut","Juglans nigra","West Virginia","Wood","Henderson Hall Plantation","","","All Ash found in this stand in 2012 is now dead standing or on the ground.","","271788","1","","","680.0 ft","Private","79.9'","Clinometer/laser rangefinder/sine","10.0'","120''","","","Turner Sharp","2012-11-20","","N"
"Black Walnut","Juglans nigra","West Virginia","Wood","Henderson Hall Plantation","","","All Ash found in this stand in 2012 is now dead standing or on the ground.","","271798","1","","","600.0 ft","Private","100.0'","Clinometer/laser rangefinder/sine","7.8'","94''","","","Turner Sharp","2012-11-20","","N"
"Black Walnut","Juglans nigra","West Virginia","Wood","Henderson Hall Plantation","39 22.725","-081 28.762","All Ash found in this stand in 2012 is now dead standing or on the ground.","","206958","2","39 22.725","-081 28.762","","Private","106.1'","Clinometer/laser rangefinder/sine","9.4'","113''","","","Turner Sharp, Turner Sharp","2020-04-10","","N"
"Black Walnut","Juglans nigra","West Virginia","Wood","Henderson Hall Plantation","","","All Ash found in this stand in 2012 is now dead standing or on the ground.","","271825","1","","","640.0 ft","Private","110.3'","Clinometer/laser rangefinder/sine","8.9'","107''","","","Turner Sharp","2012-11-20","","N"
"Black Walnut","Juglans nigra","West Virginia","Wood","Henderson Hall Plantation","39 22.743","-081 28.750","All Ash found in this stand in 2012 is now dead standing or on the ground.","","206979","2","39 22.743","-081 28.750","","Private","120.3'","Clinometer/laser rangefinder/sine","8.1'","97''","45.0'","","Turner Sharp, Turner Sharp","2020-04-10","","N"
"Black Walnut","Juglans nigra","West Virginia","Wood","J. T. J. Preserve -  Bottomland","39 16.548","-081 30.710","","","272989","1","39 16.548","-081 30.710","590.0 ft","Public - city","85.9'","Clinometer/laser rangefinder/sine","4.6'","55''","","","Turner Sharp","2020-03-24","","N"
"Black Walnut","Juglans nigra","West Virginia","Wood","J. T. J. Preserve - Bottomland","39 16.644","-081 30.720","Trees on this section of the preserve are subject to annual flooding lasting for a day and up to two weeks.","","271540","1","39 16.644","-081 30.720","","Public - city","76.1'","Clinometer/laser rangefinder/sine","4.8'","58''","","","Turner Sharp","2011-01-04","","N"
"Black Walnut","Juglans nigra","West Virginia","Wood","J. T. J. Preserve - Bottomland","39 16.644","-081 30.727","Trees on this section of the preserve are subject to annual flooding lasting for a day and up to two weeks.","","272745","1","39 16.644","-081 30.727","","Public - city","80.4'","Clinometer/laser rangefinder/sine","5.2'","62''","","","Turner Sharp","2016-11-20","","N"
"Black Walnut","Juglans nigra","West Virginia","Wood","J. T. J. Preserve - Bottomland","39 16.636","-081 30.728","Trees on this section of the preserve are subject to annual flooding lasting for a day and up to two weeks.","","272744","1","39 16.636","-081 30.728","","Public - city","82.9'","Clinometer/laser rangefinder/sine","4.5'","54''","","","Turner Sharp","2016-11-20","","N"
"Black Walnut","Juglans nigra","West Virginia","Wood","J. T. J. Preserve - Bottomland","39 16.619","-081 30.726","Trees on this section of the preserve are subject to annual flooding lasting for a day and up to two weeks.","","271542","1","39 16.619","-081 30.726","","Public - city","88.1'","Clinometer/laser rangefinder/sine","3.8'","46''","","","Turner Sharp","2011-01-04","","N"
"Black Walnut","Juglans nigra","West Virginia","Wood","J. T. J. Preserve - Bottomland","39 16.619","-081 30.727","Trees on this section of the preserve are subject to annual flooding lasting for a day and up to two weeks.","","272747","1","39 16.619","-081 30.727","","Public - city","92.8'","Clinometer/laser rangefinder/sine","4.3'","51''","","","Turner Sharp","2016-11-20","","N"
"Black Walnut","Juglans nigra","West Virginia","Wood","J. T. J. Preserve - Bottomland","39 16.637","-081 30.726","Trees on this section of the preserve are subject to annual flooding lasting for a day and up to two weeks.","","140819","2","39 16.637","-081 30.726","","Public - city","94.7'","Clinometer/laser rangefinder/sine","4.1'","49''","","","Turner Sharp, Turner Sharp","2016-11-20","","N"
"Black Walnut","Juglans nigra","West Virginia","Wood","Neal Island","","","The upstream end of island has some mature trees. Parts ff the island  has healthy stands of Japaneese Knotweee 8-10 feet tall with occasional patches of stinging nettles.
Access by boat.","","271689","1","","","590.0 ft","Public - national","80.7'","Clinometer/laser rangefinder/sine","2.8'","34''","","","Turner Sharp","2011-12-19","","N"
"Black Walnut","Juglans nigra","West Virginia","Wood","Neal Island","","","The upstream end of island has some mature trees. Parts ff the island  has healthy stands of Japaneese Knotweee 8-10 feet tall with occasional patches of stinging nettles.
Access by boat.","","271691","1","","","590.0 ft","Public - national","81.0'","Clinometer/laser rangefinder/sine","5.9'","70''","","","Turner Sharp","2011-12-19","","N"
"Black Walnut","Juglans nigra","West Virginia","Wood","Oakwood","39 15.871","-081 32.581","","","291289","1","39 15.871","-081 32.581","640.0 ft","Private","73.2'","Clinometer/laser rangefinder/sine","9.4'","113''","52.0'","Crown spread is maximum, average is 47'","Turner Sharp","2013-04-03","","N"
"Black Walnut","Juglans nigra","West Virginia","Wood","ORINWR Williamstown Mainland Tract","","","The tract is across the road from the visitor center at the listed address.","","272786","1","","","","Public - national","56.9'","Clinometer/laser rangefinder/sine","4.2'","50''","","","Turner Sharp","2016-11-16","","N"
"Black Walnut","Juglans nigra","West Virginia","Wood","Quincy Hill Park","","","","","298203","1","","","740.0 ft","Public - city","73.3'","Clinometer/laser rangefinder/sine","5.3'","64''","39.0'","BR section
crown spread is maximum, average is 38'","Turner Sharp","2013-12-03","","N"
"Black Walnut","Juglans nigra","West Virginia","Wood","Washington Works Nature Trails","39 16.140","-081 39.393","Open to the public","","272853","1","39 16.140","-081 39.393","680.0 ft","Private","64.7'","Clinometer/laser rangefinder/sine","4.1'","49''","","Tag # 102","Turner Sharp, Rachael Klimas","2016-11-22","","N"
"Black Walnut","Juglans nigra","West Virginia","Wood","Willowbrook Ravine","","","","","292486","1","","","700.0 ft","Private","94.6'","Clinometer/laser rangefinder/sine","6.0'","72''","","","Turner Sharp","2012-01-07","","N"
"Black Walnut","Juglans nigra","West Virginia","Wood","Wood County Single Tree Sites","39 18.073","-081 32.560","includes the incorporated cities of Parkersburg, Vienna, Williamstown and North Hills.
Most measurements made before 2010 do not list a height because methods used to determine height   prior to 2010 were inaccurate,","","314950","1","39 18.073","-081 32.560","","Public and private","71.0'","Clinometer/laser rangefinder/sine","7.0'","84''","64.5'","Crown Spread is an average","Turner Sharp","2000-01-01","","N"
"Black Walnut","Juglans nigra","West Virginia","Wood","Wood County Single Tree Sites","39 16.384","-081 33.373","includes the incorporated cities of Parkersburg, Vienna, Williamstown and North Hills.
Most measurements made before 2010 do not list a height because methods used to determine height   prior to 2010 were inaccurate,","","314966","1","39 16.384","-081 33.373","","Public and private","71.1'","Clinometer/laser rangefinder/sine","7.0'","84''","64.5'","Tree is behind 1209 Ann Street, Parkersburg. 
Measured by T. Sharp 2015 and 2009.","Turner Sharp","2000-01-01","","N"
"Black Walnut","Juglans nigra","West Virginia","Wood","Worthington Golf Course","39 16.902","-081 31.062","","","272663","1","39 16.902","-081 31.062","590.0 ft","Private","67.4'","Clinometer/laser rangefinder/sine","5.4'","64''","","","Turner Sharp","2015-02-13","","N"
"Black Walnut","Juglans nigra","West Virginia","Wood - City Of Parkersburg","Mt. Olivet Cemetery Woodland","","","The cemetery is open to the public but permission must be obtained to access the woodland area.","","271741","1","","","700.0 ft","Private","73.4'","Clinometer/laser rangefinder/sine","7.3'","87''","","","Turner Sharp","2012-11-30","http%3A%2F%2Fwww.ents-bbs.org%2Fviewtopic.php%3Ff%3D131%26t%3D5545","N"
"Black Walnut","Juglans nigra","West Virginia","Wood County","Mcdonough Wildlife Preserve","","","Trees measured were on north facing slope below the Main Loop Trail","","296171","1","","","","Public- City Owned","","Clinometer/laser rangefinder/sine","6.7'","80''","","","Turner Sharp","2009-03-09","http%3A%2F%2Fwww.nativetreesociety.org%2Ffieldtrips%2Fwest_virginia%2Fmcdonough.htm","N"
"Black Walnut","Juglans nigra","West Virginia","Wood County","Mcdonough Wildlife Preserve","","","Trees measured were on north facing slope below the Main Loop Trail","","296162","1","","","","Public- City Owned","90.2'","Clinometer/laser rangefinder/sine","5.9'","71''","","","Turner Sharp","2009-03-09","http%3A%2F%2Fwww.nativetreesociety.org%2Ffieldtrips%2Fwest_virginia%2Fmcdonough.htm","N"
"Black Walnut","Juglans nigra","West Virginia","Wood County - City Of Parkersburg","Edison Arboretum","39 13.844","-081 31.916","Since the last visit to this stand in 2010 the Emerald Ash Borer has infected almost every Ash Tree and they are losing crown.","","120970","2","39 13.844","-081 31.916","","Public","75.0'","Clinometer/laser rangefinder/sine","3.0'","36''","","","Turner Sharp, Turner Sharp","2015-02-01","","N"
"Black Walnut","Juglans nigra","West Virginia","Wood County - City Of Parkersburg","Stern Tract - Upland","","","","","167569","1","","","","Private","74.8'","Clinometer/laser rangefinder/sine","4.4'","52''","","","Turner Sharp","2014-11-29","","N"
"Black Walnut","Juglans nigra","West Virginia","Wood County - City Of Parkersburg","Stern Tract - Upland","","","","","167557","1","","","","Private","82.4'","Clinometer/laser rangefinder/sine","2.7'","32''","","","Turner Sharp","2014-11-29","","N"
"Black Walnut","Juglans nigra","West Virginia","Wood County - City Of Parkersburg","Stern Tract - Upland","39 16.563","-081 30.856","","","167603","1","39 16.563","-081 30.856","","Private","84.1'","Clinometer/laser rangefinder/sine","7.1'","86''","","","Turner Sharp","2014-11-29","","N"
"Black Walnut","Juglans nigra","West Virginia","Wood County - City Of Parkersburg","Stern Tract - Upland","","","","","167571","1","","","","Private","97.8'","Clinometer/laser rangefinder/sine","6.0'","72''","","","Turner Sharp","2014-11-29","","N"
"Black Walnut","Juglans nigra","West Virginia","Wood County - City Of Parkersburg","Stern-Marlan Tract - Bottomland","","","Bottom land along Worthington Creek. Subject to periodic flooding. Elevation 590'","","272691","1","","","","Private","64.5'","Clinometer/laser rangefinder/sine","5.9'","71''","","","Turner Sharp","2014-11-25","","N"
"Black Walnut","Juglans nigra","West Virginia","Wood County - City Of Parkersburg","Stern-Marlan Tract - Bottomland","","","Bottom land along Worthington Creek. Subject to periodic flooding. Elevation 590'","","272670","1","","","","Private","85.9'","Clinometer/laser rangefinder/sine","5.8'","70''","","","Turner Sharp","2014-11-25","","N"
"Black Walnut","Juglans nigra","West Virginia","Wood County - City Of Parkersburg","Stern-Marlan Tract - Bottomland","","","Bottom land along Worthington Creek. Subject to periodic flooding. Elevation 590'","","272669","1","","","","Private","97.0'","Clinometer/laser rangefinder/sine","5.9'","71''","","","Turner Sharp","2014-11-25","","N"
"Black Walnut","Juglans nigra","West Virginia","Wood County - City Of Parkersburg","Stern-Marlan Tract - Bottomland","","","Bottom land along Worthington Creek. Subject to periodic flooding. Elevation 590'","","272690","1","","","","Private","105.3'","Clinometer/laser rangefinder/sine","7.2'","87''","","","Turner Sharp","2014-11-25","","N"