"Common Name","Botanical Name","State","County","Site","Site Latitude","Site Longitude","Location comments","Tree name","Tree id","Measurement number","Latitude","Longitude","Elevation","Ownership type","Height (ft)","Height measurement method","Girth (ft)","Girth (in)","Crown spread (ft)","Tree comments","Measurer(s)","Measured","Trip report url","Photos available"
"Tuliptree","Liriodendron tulipifera","Alabama","Jackson","Walls Of Jericho","34 58.685","-086 04.989","","","315739","1","34 58.685","-086 04.989","1700.0 ft","Public","131.3'","Clinometer/laser rangefinder/sine","6.6'","79''","","","Elijah Whitcomb","2024-04-20","","N"
"Tuliptree","Liriodendron tulipifera","Alabama","Jackson","Walls Of Jericho","34 59.211","-086 05.203","","","315716","1","34 59.211","-086 05.203","825.0 ft","Public","133.0'","Clinometer/laser rangefinder/sine","","","","","Elijah Whitcomb","2024-04-20","","N"
"Tuliptree","Liriodendron tulipifera","Alabama","Jackson","Walls Of Jericho","34 59.072","-086 05.492","","","315738","1","34 59.072","-086 05.492","845.0 ft","Public","143.0'","Clinometer/laser rangefinder/sine","","","","Double trunk","Elijah Whitcomb","2024-04-20","","N"
"Tuliptree","Liriodendron tulipifera","Alabama","Lawrence","Sispey River Picnic Area","","","","","233691","1","","","","Public - federal","","Clinometer/laser rangefinder/sine","9.4'","113''","","","Zack Stewart","2007-06-06","http%3A%2F%2Fwww.nativetreesociety.org%2Ffieldtrips%2Falabama%2Fsipsey_river_picnic_area.htm","N"
"Tuliptree","Liriodendron tulipifera","Alabama","Lawrence","Sispey River Picnic Area","","","","","233692","1","","","","Public - federal","","Clinometer/laser rangefinder/sine","8.8'","106''","","","Zack Stewart","2007-06-06","http%3A%2F%2Fwww.nativetreesociety.org%2Ffieldtrips%2Falabama%2Fsipsey_river_picnic_area.htm","N"
"Tuliptree","Liriodendron tulipifera","Alabama","Lawrence","West Flint Creek","","","181,230 aces in the National Forest","","233887","1","","","","Public - federal","128.6'","Clinometer/laser rangefinder/sine","","","","","Jess Riddle, Will Blozan","2006-01-06","http%3A%2F%2Fwww.nativetreesociety.org%2Ffieldtrips%2Falabama%2Fbankhead%2Fbankhead_national_forest.htm","N"
"Tuliptree","Liriodendron tulipifera","Alabama","Lawrence","West Flint Creek","","","181,230 aces in the National Forest","","233888","1","","","","Public - federal","136.4'","Clinometer/laser rangefinder/sine","7.3'","87''","","","Jess Riddle, Will Blozan","2006-01-06","http%3A%2F%2Fwww.nativetreesociety.org%2Ffieldtrips%2Falabama%2Fbankhead%2Fbankhead_national_forest.htm","N"
"Tuliptree","Liriodendron tulipifera","Alabama","Lawrence","West Flint Creek","","","181,230 aces in the National Forest","","233890","1","","","","Public - federal","138.0'","Clinometer/laser rangefinder/sine","7.0'","84''","","","Jess Riddle, Will Blozan","2006-01-06","http%3A%2F%2Fwww.nativetreesociety.org%2Ffieldtrips%2Falabama%2Fbankhead%2Fbankhead_national_forest.htm","N"
"Tuliptree","Liriodendron tulipifera","Alabama","Lawrence","West Flint Creek","","","181,230 aces in the National Forest","","233889","1","","","","Public - federal","138.1'","Clinometer/laser rangefinder/sine","","","","","Jess Riddle, Will Blozan","2006-01-06","http%3A%2F%2Fwww.nativetreesociety.org%2Ffieldtrips%2Falabama%2Fbankhead%2Fbankhead_national_forest.htm","N"
"Tuliptree","Liriodendron tulipifera","Alabama","Lawrence","West Flint Creek","","","181,230 aces in the National Forest","","233891","1","","","","Public - federal","139.7'","Clinometer/laser rangefinder/sine","","","","","Jess Riddle, Will Blozan","2006-01-06","http%3A%2F%2Fwww.nativetreesociety.org%2Ffieldtrips%2Falabama%2Fbankhead%2Fbankhead_national_forest.htm","N"
"Tuliptree","Liriodendron tulipifera","Alabama","Lawrence","West Flint Creek","","","181,230 aces in the National Forest","","233892","1","","","","Public - federal","139.9'","Clinometer/laser rangefinder/sine","7.7'","92''","","","Jess Riddle, Will Blozan","2006-01-06","http%3A%2F%2Fwww.nativetreesociety.org%2Ffieldtrips%2Falabama%2Fbankhead%2Fbankhead_national_forest.htm","N"
"Tuliptree","Liriodendron tulipifera","Arkansas","Ashley","Beech Creek In Overflow National Wildlife Refuge","","","12,247 Acres in the Overlow National Wildlife Refuge.
239 Acres tract along Beech Creek featuring mature Sugar Maple and Beech","","243104","1","","","","Public - federal","120.5'","Clinometer/laser rangefinder/sine","7.0'","84''","","","Jess Riddle","2014-07-04","http%3A%2F%2Fwww.ents-bbs.org%2Fviewtopic.php%3Ff%3D67%26t%3D6434%26sid%3Dc7b0c51175f428387223b27bc9c22940%23p29208","N"
"Tuliptree","Liriodendron tulipifera","Arkansas","Ashley","Beech Creek In Overflow National Wildlife Refuge","","","12,247 Acres in the Overlow National Wildlife Refuge.
239 Acres tract along Beech Creek featuring mature Sugar Maple and Beech","","243103","1","","","","Public - federal","122.4'","Clinometer/laser rangefinder/sine","5.3'","64''","","","Jess Riddle","2014-07-04","http%3A%2F%2Fwww.ents-bbs.org%2Fviewtopic.php%3Ff%3D67%26t%3D6434%26sid%3Dc7b0c51175f428387223b27bc9c22940%23p29208","N"
"Tuliptree","Liriodendron tulipifera","Connecticut","Fairfield","Lucius Pond Ordway/Devil's Den Preserve","","","1,746 Acres","","242603","1","","","","Public - Nature Conservancy","101.0'","Clinometer/laser rangefinder/sine","","","","Multi-stem tree
Saugatuck Trail","Sam Goodwin, Ryan Dallas","2012-01-09","http%3A%2F%2Fwww.ents-bbs.org%2Fviewtopic.php%3Ff%3D161%26t%3D3587%26sid%3D24164709fb7900e73daf958a7baa364f","N"
"Tuliptree","Liriodendron tulipifera","Connecticut","Fairfield","Lucius Pond Ordway/Devil's Den Preserve","","","1,746 Acres","","242600","1","","","","Public - Nature Conservancy","102.0'","Clinometer/laser rangefinder/sine","6.6'","79''","","Pent Trail","Sam Goodwin, Ryan Dallas","2012-01-09","http%3A%2F%2Fwww.ents-bbs.org%2Fviewtopic.php%3Ff%3D161%26t%3D3587%26sid%3D24164709fb7900e73daf958a7baa364f","N"
"Tuliptree","Liriodendron tulipifera","Connecticut","Fairfield","Lucius Pond Ordway/Devil's Den Preserve","","","1,746 Acres","","242599","1","","","","Public - Nature Conservancy","105.0'","Clinometer/laser rangefinder/sine","6.3'","76''","","Pent Trail","Sam Goodwin, Ryan Dallas","2012-01-09","http%3A%2F%2Fwww.ents-bbs.org%2Fviewtopic.php%3Ff%3D161%26t%3D3587%26sid%3D24164709fb7900e73daf958a7baa364f","N"
"Tuliptree","Liriodendron tulipifera","Connecticut","Fairfield","Lucius Pond Ordway/Devil's Den Preserve","","","1,746 Acres","","242601","1","","","","Public - Nature Conservancy","109.0'","Clinometer/laser rangefinder/sine","7.8'","94''","","Pent Trail","Sam Goodwin, Ryan Dallas","2012-01-09","http%3A%2F%2Fwww.ents-bbs.org%2Fviewtopic.php%3Ff%3D161%26t%3D3587%26sid%3D24164709fb7900e73daf958a7baa364f","N"
"Tuliptree","Liriodendron tulipifera","Connecticut","Fairfield","Lucius Pond Ordway/Devil's Den Preserve","","","1,746 Acres","","242602","1","","","","Public - Nature Conservancy","110.0'","Clinometer/laser rangefinder/sine","8.3'","100''","","Pent Trail","Sam Goodwin, Ryan Dallas","2012-01-09","http%3A%2F%2Fwww.ents-bbs.org%2Fviewtopic.php%3Ff%3D161%26t%3D3587%26sid%3D24164709fb7900e73daf958a7baa364f","N"
"Tuliptree","Liriodendron tulipifera","Connecticut","Fairfield","Lucius Pond Ordway/Devil's Den Preserve","","","1,746 Acres","","242606","1","","","","Public - Nature Conservancy","134.5'","Clinometer/laser rangefinder/sine","","","","0.2 miles northeast of PentTrail","Sam Goodwin, Ryan Dallas","2012-01-09","http%3A%2F%2Fwww.ents-bbs.org%2Fviewtopic.php%3Ff%3D161%26t%3D3587%26sid%3D24164709fb7900e73daf958a7baa364f","N"
"Tuliptree","Liriodendron tulipifera","Connecticut","Fairfield","Paugussett State Forest","","","","","242615","1","","","","Public - state","130.0'","Tree climb with tape drop","12.3'","147''","","","Andrew Joslin","2017-02-28","http%3A%2F%2Fwww.ents-bbs.org%2Fviewtopic.php%3Ff%3D161%26t%3D7948%26sid%3D24164709fb7900e73daf958a7baa364f%23p39596","N"
"Tuliptree","Liriodendron tulipifera","Connecticut","Hartford","East Granby Farms Recreational Center","","","","","242623","1","","","","Public - city","95.0'","Clinometer/laser rangefinder/sine","8.3'","99''","","","Sam Goodwin","2011-12-14","http%3A%2F%2Fwww.ents-bbs.org%2Fviewtopic.php%3Ff%3D161%26t%3D6755%26sid%3D24164709fb7900e73daf958a7baa364f%23p31205","N"
"Tuliptree","Liriodendron tulipifera","Connecticut","Hartford","Farmington River Park (Bloomfield)","","","78 acres","","242566","1","","","","Public - city","86.0'","Clinometer/laser rangefinder/sine","7.3'","87''","","","Sam Goodwin","2011-03-19","http%3A%2F%2Fwww.ents-bbs.org%2Fviewtopic.php%3Ff%3D161%26t%3D2216%26sid%3D6e036ea14bd1201febeff72eaf63d0a3%23p8410","N"
"Tuliptree","Liriodendron tulipifera","Connecticut","Hartford","Pennwood State Park","","","Some additional trees were listed in a posting on Google groups.","","243308","1","","","","Public - state park","97.0'","Clinometer/laser rangefinder/sine","4.6'","55''","","","Sam Goodwin","2010-03-12","http%3A%2F%2Fwww.ents-bbs.org%2Fviewtopic.php%3Ff%3D161%26t%3D119%26sid%3De71fd8ecae88fb4909b2191320272727%23p267","N"
"Tuliptree","Liriodendron tulipifera","Connecticut","Hartford","Pennwood State Park","41 50.468","-072 46.886","Some additional trees were listed in a posting on Google groups.","","243312","1","41 50.468","-072 46.886","","Public - state park","117.0'","Clinometer/laser rangefinder/sine","10.8'","129''","","Largest tulip-poplar known on site","Sam Goodwin","2010-03-12","http%3A%2F%2Fwww.ents-bbs.org%2Fviewtopic.php%3Ff%3D161%26t%3D119%26sid%3De71fd8ecae88fb4909b2191320272727%23p267","N"
"Tuliptree","Liriodendron tulipifera","Connecticut","Hartford","Spring Park","","","44 Acres","","242574","1","","","","Public - city","90.0'","Clinometer/laser rangefinder/sine","6.6'","79''","","Height is Not Less Than(NLT)","Sam Goodwin","2011-10-20","http%3A%2F%2Fwww.ents-bbs.org%2Fviewtopic.php%3Ff%3D161%26t%3D3168%26sid%3D6e036ea14bd1201febeff72eaf63d0a3","N"
"Tuliptree","Liriodendron tulipifera","Connecticut","Hartford","Spring Park","","","44 Acres","","242575","1","","","","Public - city","95.0'","Clinometer/laser rangefinder/sine","5.5'","66''","","Height is Not Less Than(NLT)","Sam Goodwin","2011-10-20","http%3A%2F%2Fwww.ents-bbs.org%2Fviewtopic.php%3Ff%3D161%26t%3D3168%26sid%3D6e036ea14bd1201febeff72eaf63d0a3","N"
"Tuliptree","Liriodendron tulipifera","Connecticut","Various","Connecticut Single Tree Sites","41 07.753","-073 25.782","","","256801","1","41 07.753","-073 25.782","","public -  private","135.2'","Clinometer/laser rangefinder/sine","","","","Measured by A. Joslin 1/14/2011 along a river in Norwalk, Fairfield County","Various Various","2000-06-01","","N"
"Tuliptree","Liriodendron tulipifera","District of Columbia","District Of Columbia","Flood Plain Along Potomac River Upstream Of Georgetown","","","This is a lineal park stretching 185 miles from, Georgetown, DC to Cumberland Maryuland","","174786","1","","","","Public - federal","92.4'","Clinometer/laser rangefinder/sine","16.0'","192''","","Circumference includes vines.","Darian Copiz","2014-12-15","http%3A%2F%2Fwww.ents-bbs.org%2Fviewtopic.php%3Ff%3D130%26t%3D7218","N"
"Tuliptree","Liriodendron tulipifera","District of Columbia","District Of Columbia","Flood Plain Along Potomac River Upstream Of Georgetown","","","This is a lineal park stretching 185 miles from, Georgetown, DC to Cumberland Maryuland","","174785","1","","","","Public - federal","131.3'","Clinometer/laser rangefinder/sine","","","","","Darian Copiz","2014-12-15","http%3A%2F%2Fwww.ents-bbs.org%2Fviewtopic.php%3Ff%3D130%26t%3D7218","N"
"Tuliptree","Liriodendron tulipifera","District of Columbia","District Of Columbia","Glover - Archbold Park","","","This park is administered by the the NPS Rock Creek
Park staff","","76129","1","","","200.0 ft","Public - National Park","152.4'","Clinometer/laser rangefinder/sine","10.2'","123''","","","Will Blozan, Darian Copiz, Gaines Mcmartin","2008-10-24","","N"
"Tuliptree","Liriodendron tulipifera","District of Columbia","District Of Columbia","Glover - Archbold Park","","","This park is administered by the the NPS Rock Creek
Park staff","","76130","1","","","200.0 ft","Public - National Park","153.5'","Clinometer/laser rangefinder/sine","8.8'","105''","","","Will Blozan, Darian Copiz, Gaines Mcmartin","2008-10-24","","N"
"Tuliptree","Liriodendron tulipifera","District of Columbia","District Of Columbia","Glover - Archbold Park","","","This park is administered by the the NPS Rock Creek
Park staff","","76131","1","","","200.0 ft","Public - National Park","155.3'","Clinometer/laser rangefinder/sine","8.6'","103''","","","Will Blozan, Darian Copiz, Gaines Mcmartin","2008-10-24","","N"
"Tuliptree","Liriodendron tulipifera","District of Columbia","District Of Columbia","Klingle Valley Parkway","","","This is an administrative unit of Rock Creek Park","","76055","1","","","200.0 ft","Public - National Park","130.8'","Clinometer/laser rangefinder/sine","11.5'","138''","","","Darian Copiz","2004-12-28","http%3A%2F%2Fwww.nativetreesociety.org%2Ffieldtrips%2Fwashington_dc%2Fklingle%2Fklingle_valley.htm","N"
"Tuliptree","Liriodendron tulipifera","District of Columbia","District Of Columbia","Klingle Valley Parkway","","","This is an administrative unit of Rock Creek Park","","76054","1","","","200.0 ft","Public - National Park","132.4'","Clinometer/laser rangefinder/sine","","","","","Darian Copiz","2004-12-28","http%3A%2F%2Fwww.nativetreesociety.org%2Ffieldtrips%2Fwashington_dc%2Fklingle%2Fklingle_valley.htm","N"
"Tuliptree","Liriodendron tulipifera","District of Columbia","District Of Columbia","Klingle Valley Parkway","","","This is an administrative unit of Rock Creek Park","","76053","1","","","200.0 ft","Public - National Park","137.8'","Clinometer/laser rangefinder/sine","10.8'","130''","","","Darian Copiz","2004-12-28","http%3A%2F%2Fwww.nativetreesociety.org%2Ffieldtrips%2Fwashington_dc%2Fklingle%2Fklingle_valley.htm","N"
"Tuliptree","Liriodendron tulipifera","District of Columbia","District Of Columbia","Klingle Valley Parkway","","","This is an administrative unit of Rock Creek Park","","76052","1","","","200.0 ft","Public - National Park","139.9'","Clinometer/laser rangefinder/sine","11.6'","139''","","","Darian Copiz","2004-12-28","http%3A%2F%2Fwww.nativetreesociety.org%2Ffieldtrips%2Fwashington_dc%2Fklingle%2Fklingle_valley.htm","N"
"Tuliptree","Liriodendron tulipifera","District of Columbia","District Of Columbia","Klingle Valley Parkway","","","This is an administrative unit of Rock Creek Park","","76051","1","","","200.0 ft","Public - National Park","141.3'","Clinometer/laser rangefinder/sine","9.4'","113''","","","Darian Copiz","2004-12-28","http%3A%2F%2Fwww.nativetreesociety.org%2Ffieldtrips%2Fwashington_dc%2Fklingle%2Fklingle_valley.htm","N"
"Tuliptree","Liriodendron tulipifera","District of Columbia","District Of Columbia","Melvin Hazen Trail Into Rock Creek Park","","","","","76094","1","","","200.0 ft","Public - National Park","157.8'","Clinometer/laser rangefinder/sine","13.5'","162''","","","Will Blozan","2005-01-03","http%3A%2F%2Fwww.nativetreesociety.org%2Ffieldtrips%2Fwashington_dc%2Frock_creek_park.htm","N"
"Tuliptree","Liriodendron tulipifera","District of Columbia","District Of Columbia","Melvin Hazen Trail Into Rock Creek Park","","","","","76095","1","","","200.0 ft","Public - National Park","162.5'","Clinometer/laser rangefinder/sine","9.3'","111''","","","Will Blozan","2005-01-03","http%3A%2F%2Fwww.nativetreesociety.org%2Ffieldtrips%2Fwashington_dc%2Frock_creek_park.htm","N"
"Tuliptree","Liriodendron tulipifera","District of Columbia","District Of Columbia","Potomac Palisades","","","This a lineal park stretching 185 miles along the Potomac River from Georgetown, DC to Cumberland, MD","","175027","1","","","","Public - federal","121.4'","Clinometer/laser rangefinder/sine","18.7'","224''","","","Darian Copiz","2015-03-15","http%3A%2F%2Fwww.ents-bbs.org%2Fviewtopic.php%3Ff%3D130%26t%3D7218","N"
"Tuliptree","Liriodendron tulipifera","District of Columbia","District Of Columbia","Potomac Palisades","","","This a lineal park stretching 185 miles along the Potomac River from Georgetown, DC to Cumberland, MD","","175026","1","","","","Public - federal","140.8'","Clinometer/laser rangefinder/sine","9.6'","115''","","","Darian Copiz","2015-03-15","http%3A%2F%2Fwww.ents-bbs.org%2Fviewtopic.php%3Ff%3D130%26t%3D7218","N"
"Tuliptree","Liriodendron tulipifera","District of Columbia","District Of Columbia","Theodore Roosevelt Island","","","Roosevelt Island is administered by the GW Memorial Parkway unit of the NPS","","128219","1","","","50.0 ft","Public - National Park","114.3'","Clinometer/laser rangefinder/sine","8.7'","104''","","","Darian Copiz","2005-12-12","http%3A%2F%2Fwww.nativetreesociety.org%2Ffieldtrips%2Fwashington_dc%2Froosevelt_island.htm","N"
"Tuliptree","Liriodendron tulipifera","District of Columbia","District Of Columbia","Theodore Roosevelt Island","","","Roosevelt Island is administered by the GW Memorial Parkway unit of the NPS","","128220","1","","","50.0 ft","Public - National Park","116.2'","Clinometer/laser rangefinder/sine","10.2'","122''","","","Darian Copiz","2005-12-12","http%3A%2F%2Fwww.nativetreesociety.org%2Ffieldtrips%2Fwashington_dc%2Froosevelt_island.htm","N"
"Tuliptree","Liriodendron tulipifera","District of Columbia","District Of Columbia","Trees Near Roadways And Parking Lots (Rock Creek Park)","","","","","126759","1","","","200.0 ft","Public - National Park","130.9'","Clinometer/laser rangefinder/sine","10.3'","123''","","","Will Blozan","2005-01-01","http%3A%2F%2Fwww.nativetreesociety.org%2Ffieldtrips%2Fwashington_dc%2Frock_creek_park.htm","N"
"Tuliptree","Liriodendron tulipifera","District of Columbia","District Of Columbia","Trees Near Roadways And Parking Lots (Rock Creek Park)","","","","","126760","1","","","200.0 ft","Public - National Park","135.7'","Clinometer/laser rangefinder/sine","10.5'","126''","","","Will Blozan","2005-01-01","http%3A%2F%2Fwww.nativetreesociety.org%2Ffieldtrips%2Fwashington_dc%2Frock_creek_park.htm","N"
"Tuliptree","Liriodendron tulipifera","District of Columbia","District Of Columbia","Washington, D. C. Single Tree Sites","38 54.795","-077 03.697","","","76109","1","38 54.795","-077 03.697","200.0 ft","Various","124.0'","Clinometer/laser rangefinder/sine","19.2'","230''","","Tree is located in Montose Park which is administered by the NPS Rock Creek Park unit.","Various Various","2008-01-01","","N"
"Tuliptree","Liriodendron tulipifera","Delaware","New Castle","Bellevue State Park","39 46.943","-075 29.821","","","75580","1","39 46.943","-075 29.821","","Public - State","106.4'","Clinometer/laser rangefinder/sine","12.8'","153''","","","Scott Wade, Meg Varnes","2007-02-21","http%3A%2F%2Fwww.nativetreesociety.org%2Ffieldtrips%2Fdelaware%2Frockwood%2Fdelaware_trees.htm","N"
"Tuliptree","Liriodendron tulipifera","Delaware","New Castle","Brandywine Creek State Park","","","","","142961","1","","","","State","122.3'","Clinometer/laser rangefinder/sine","15.9'","191''","","","George Fieo","2011-01-09","","N"
"Tuliptree","Liriodendron tulipifera","Delaware","New Castle","Brandywine Creek State Park","","","","","142960","1","","","","State","127.0'","Clinometer/laser rangefinder/sine","16.0'","192''","","","George Fieo","2011-01-09","","N"
"Tuliptree","Liriodendron tulipifera","Delaware","New Castle","Brandywine Creek State Park","39 48.011","-075 33.980","","","142918","1","39 48.011","-075 33.980","","State","140.8'","Clinometer/laser rangefinder/sine","17.3'","207''","","","George Fieo","2011-01-09","","N"
"Tuliptree","Liriodendron tulipifera","Delaware","New Castle","Brandywine Creek State Park","39 47.970","-075 34.045","","","142919","1","39 47.970","-075 34.045","","State","144.8'","Clinometer/laser rangefinder/sine","17.3'","207''","","","George Fieo","2011-01-09","","N"
"Tuliptree","Liriodendron tulipifera","Delaware","New Castle","Brandywine Creek State Park","39 48.642","-075 33.756","","","142920","1","39 48.642","-075 33.756","","State","149.1'","Clinometer/laser rangefinder/sine","19.0'","228''","","","George Fieo","2011-01-09","","N"
"Tuliptree","Liriodendron tulipifera","Delaware","New Castle","Brandywine Creek State Park","","","","","142921","1","","","","State","150.0'","Clinometer/laser rangefinder/sine","12.3'","147''","","","George Fieo","2011-01-09","","N"
"Tuliptree","Liriodendron tulipifera","Delaware","New Castle","Brandywine Creek State Park","","","","","142922","1","","","","State","150.3'","Clinometer/laser rangefinder/sine","13.8'","166''","","","George Fieo","2011-01-09","","N"
"Tuliptree","Liriodendron tulipifera","Delaware","New Castle","Brandywine Creek State Park","","","","","142923","1","","","","State","150.4'","Clinometer/laser rangefinder/sine","12.9'","155''","","","George Fieo","2011-01-09","","N"
"Tuliptree","Liriodendron tulipifera","Delaware","New Castle","Brandywine Creek State Park","","","","","142924","1","","","","State","150.5'","Clinometer/laser rangefinder/sine","12.2'","146''","","","George Fieo","2011-01-09","","N"
"Tuliptree","Liriodendron tulipifera","Delaware","New Castle","Brandywine Creek State Park","","","","","142925","1","","","","State","152.1'","Clinometer/laser rangefinder/sine","12.2'","146''","","","George Fieo","2011-01-09","","N"
"Tuliptree","Liriodendron tulipifera","Delaware","New Castle","Brandywine Creek State Park","","","","","142926","1","","","","State","152.2'","Clinometer/laser rangefinder/sine","13.8'","166''","","Within Tulip Tree Woods Preserve.","George Fieo","2011-01-09","","N"
"Tuliptree","Liriodendron tulipifera","Delaware","New Castle","Brandywine Creek State Park","","","","","142927","1","","","","State","152.6'","Clinometer/laser rangefinder/sine","12.9'","155''","","","George Fieo","2011-01-09","","N"
"Tuliptree","Liriodendron tulipifera","Delaware","New Castle","Brandywine Creek State Park","","","","","142928","1","","","","State","152.7'","Clinometer/laser rangefinder/sine","9.8'","118''","","","George Fieo","2011-01-09","","N"
"Tuliptree","Liriodendron tulipifera","Delaware","New Castle","Brandywine Creek State Park","","","","","142929","1","","","","State","152.9'","Clinometer/laser rangefinder/sine","8.2'","98''","","","George Fieo","2011-01-09","","N"
"Tuliptree","Liriodendron tulipifera","Delaware","New Castle","Brandywine Creek State Park","","","","","142930","1","","","","State","153.4'","Clinometer/laser rangefinder/sine","12.8'","154''","","","George Fieo","2011-01-09","","N"
"Tuliptree","Liriodendron tulipifera","Delaware","New Castle","Brandywine Creek State Park","","","","","142931","1","","","","State","153.5'","Clinometer/laser rangefinder/sine","12.4'","149''","","","George Fieo","2011-01-09","","N"
"Tuliptree","Liriodendron tulipifera","Delaware","New Castle","Brandywine Creek State Park","","","","","142932","1","","","","State","153.5'","Clinometer/laser rangefinder/sine","13.0'","156''","","","George Fieo","2011-01-09","","N"
"Tuliptree","Liriodendron tulipifera","Delaware","New Castle","Brandywine Creek State Park","39 48.625","-075 33.767","","","142933","1","39 48.625","-075 33.767","","State","153.7'","Clinometer/laser rangefinder/sine","13.4'","161''","","","George Fieo","2011-01-09","","N"
"Tuliptree","Liriodendron tulipifera","Delaware","New Castle","Brandywine Creek State Park","","","","","142934","1","","","","State","154.1'","Clinometer/laser rangefinder/sine","13.8'","165''","","","George Fieo","2011-01-09","","N"
"Tuliptree","Liriodendron tulipifera","Delaware","New Castle","Brandywine Creek State Park","39 48.241","-075 34.107","","","142935","1","39 48.241","-075 34.107","","State","154.1'","Clinometer/laser rangefinder/sine","15.2'","182''","","","George Fieo","2011-01-09","","N"
"Tuliptree","Liriodendron tulipifera","Delaware","New Castle","Brandywine Creek State Park","","","","","142936","1","","","","State","154.7'","Clinometer/laser rangefinder/sine","8.8'","106''","","","George Fieo","2011-01-09","","N"
"Tuliptree","Liriodendron tulipifera","Delaware","New Castle","Brandywine Creek State Park","","","","","142937","1","","","","State","156.0'","Clinometer/laser rangefinder/sine","11.1'","133''","","","George Fieo","2011-01-09","","N"
"Tuliptree","Liriodendron tulipifera","Delaware","New Castle","Brandywine Creek State Park","","","","","142938","1","","","","State","156.6'","Clinometer/laser rangefinder/sine","13.4'","161''","","Within Tulip Tree Woods Preserve.","George Fieo","2011-01-09","","N"
"Tuliptree","Liriodendron tulipifera","Delaware","New Castle","Brandywine Creek State Park","","","","","142939","1","","","","State","156.8'","Clinometer/laser rangefinder/sine","12.9'","155''","","Within Tulip Tree Woods Preserve.","George Fieo","2011-01-09","","N"
"Tuliptree","Liriodendron tulipifera","Delaware","New Castle","Brandywine Creek State Park","","","","","142940","1","","","","State","157.0'","Clinometer/laser rangefinder/sine","12.8'","153''","","","George Fieo","2011-01-09","","N"
"Tuliptree","Liriodendron tulipifera","Delaware","New Castle","Brandywine Creek State Park","","","","","142941","1","","","","State","157.5'","Clinometer/laser rangefinder/sine","6.8'","82''","","Within Tulip Tree Woods Preserve.","George Fieo","2011-01-09","","N"
"Tuliptree","Liriodendron tulipifera","Delaware","New Castle","Brandywine Creek State Park","","","","","142942","1","","","","State","158.0'","Clinometer/laser rangefinder/sine","12.2'","146''","","","George Fieo","2011-01-09","","N"
"Tuliptree","Liriodendron tulipifera","Delaware","New Castle","Brandywine Creek State Park","","","","","142943","1","","","","State","159.4'","Clinometer/laser rangefinder/sine","10.2'","122''","","","George Fieo","2011-01-09","","N"
"Tuliptree","Liriodendron tulipifera","Delaware","New Castle","Brandywine Creek State Park","","","","","142944","1","","","","State","160.1'","Clinometer/laser rangefinder/sine","13.6'","163''","","","George Fieo","2011-01-09","","N"
"Tuliptree","Liriodendron tulipifera","Delaware","New Castle","Brandywine Creek State Park","","","","","142945","1","","","","State","164.9'","Clinometer/laser rangefinder/sine","9.8'","117''","","","George Fieo","2011-01-09","","N"
"Tuliptree","Liriodendron tulipifera","Delaware","New Castle","Chesapeake Bay Girl Scout Council Property","","","40 Acres","","232253","1","","","","Private","141.2'","Clinometer/laser rangefinder/sine","12.5'","150''","","","George Fieo","2014-11-21","http%3A%2F%2Fwww.ents-bbs.org%2Fviewtopic.php%3Ff%3D71%26t%3D8741%26sid%3D4b23d5b42476125c3d869ba89d4ef743%23p44611","N"
"Tuliptree","Liriodendron tulipifera","Delaware","New Castle","Chesapeake Bay Girl Scout Council Property","","","40 Acres","","232247","1","","","","Private","143.5'","Clinometer/laser rangefinder/sine","9.4'","113''","","","George Fieo","2014-11-21","http%3A%2F%2Fwww.ents-bbs.org%2Fviewtopic.php%3Ff%3D71%26t%3D8741%26sid%3D4b23d5b42476125c3d869ba89d4ef743%23p44611","N"
"Tuliptree","Liriodendron tulipifera","Delaware","New Castle","Chesapeake Bay Girl Scout Council Property","","","40 Acres","","232248","1","","","","Private","154.4'","Clinometer/laser rangefinder/sine","8.2'","98''","","","George Fieo","2014-11-21","http%3A%2F%2Fwww.ents-bbs.org%2Fviewtopic.php%3Ff%3D71%26t%3D8741%26sid%3D4b23d5b42476125c3d869ba89d4ef743%23p44611","N"
"Tuliptree","Liriodendron tulipifera","Delaware","New Castle","Chesapeake Bay Girl Scout Council Property","","","40 Acres","","232249","1","","","","Private","159.0'","Clinometer/laser rangefinder/sine","9.9'","119''","","","George Fieo","2014-11-21","http%3A%2F%2Fwww.ents-bbs.org%2Fviewtopic.php%3Ff%3D71%26t%3D8741%26sid%3D4b23d5b42476125c3d869ba89d4ef743%23p44611","N"
"Tuliptree","Liriodendron tulipifera","Delaware","New Castle","Chesapeake Bay Girl Scout Council Property","","","40 Acres","","232250","1","","","","Private","159.4'","Clinometer/laser rangefinder/sine","9.5'","114''","","","George Fieo","2014-11-21","http%3A%2F%2Fwww.ents-bbs.org%2Fviewtopic.php%3Ff%3D71%26t%3D8741%26sid%3D4b23d5b42476125c3d869ba89d4ef743%23p44611","N"
"Tuliptree","Liriodendron tulipifera","Delaware","New Castle","Chesapeake Bay Girl Scout Council Property","","","40 Acres","","232251","1","","","","Private","161.0'","Clinometer/laser rangefinder/sine","10.9'","131''","","","George Fieo","2014-11-21","http%3A%2F%2Fwww.ents-bbs.org%2Fviewtopic.php%3Ff%3D71%26t%3D8741%26sid%3D4b23d5b42476125c3d869ba89d4ef743%23p44611","N"
"Tuliptree","Liriodendron tulipifera","Delaware","New Castle","Chesapeake Bay Girl Scout Council Property","","","40 Acres","","232254","1","","","","Private","161.6'","Clinometer/laser rangefinder/sine","12.4'","149''","","","George Fieo","2014-11-21","http%3A%2F%2Fwww.ents-bbs.org%2Fviewtopic.php%3Ff%3D71%26t%3D8741%26sid%3D4b23d5b42476125c3d869ba89d4ef743%23p44611","N"
"Tuliptree","Liriodendron tulipifera","Delaware","New Castle","Chesapeake Bay Girl Scout Council Property","","","40 Acres","","232252","1","","","","Private","167.0'","Clinometer/laser rangefinder/sine","10.4'","125''","","","George Fieo","2014-11-21","http%3A%2F%2Fwww.ents-bbs.org%2Fviewtopic.php%3Ff%3D71%26t%3D8741%26sid%3D4b23d5b42476125c3d869ba89d4ef743%23p44611","N"
"Tuliptree","Liriodendron tulipifera","Delaware","New Castle","First State National Historical Park","","","This historical park incorporates many historical sites throughout Delaware. It also includes about 1,100 acres of woodland along Brandywine River with 200 acres of these acres being in Pennsylvania.","","232134","1","","","","Public - federal","140.5'","Clinometer/laser rangefinder/sine","12.3'","148''","","","George Fieo","2014-10-25","http%3A%2F%2Fwww.ents-bbs.org%2Fviewtopic.php%3Ff%3D71%26t%3D8643%26sid%3D3fdcc58b0d25adce7768d60248ada623","N"
"Tuliptree","Liriodendron tulipifera","Delaware","New Castle","First State National Historical Park","","","This historical park incorporates many historical sites throughout Delaware. It also includes about 1,100 acres of woodland along Brandywine River with 200 acres of these acres being in Pennsylvania.","","232135","1","","","","Public - federal","141.7'","Clinometer/laser rangefinder/sine","13.5'","162''","","","George Fieo","2014-10-25","http%3A%2F%2Fwww.ents-bbs.org%2Fviewtopic.php%3Ff%3D71%26t%3D8643%26sid%3D3fdcc58b0d25adce7768d60248ada623","N"
"Tuliptree","Liriodendron tulipifera","Delaware","New Castle","First State National Historical Park","","","This historical park incorporates many historical sites throughout Delaware. It also includes about 1,100 acres of woodland along Brandywine River with 200 acres of these acres being in Pennsylvania.","","232136","1","","","","Public - federal","147.2'","Clinometer/laser rangefinder/sine","13.3'","159''","","","George Fieo","2014-10-25","http%3A%2F%2Fwww.ents-bbs.org%2Fviewtopic.php%3Ff%3D71%26t%3D8643%26sid%3D3fdcc58b0d25adce7768d60248ada623","N"
"Tuliptree","Liriodendron tulipifera","Delaware","New Castle","First State National Historical Park","","","This historical park incorporates many historical sites throughout Delaware. It also includes about 1,100 acres of woodland along Brandywine River with 200 acres of these acres being in Pennsylvania.","","232137","1","","","","Public - federal","150.1'","Clinometer/laser rangefinder/sine","11.5'","138''","","","George Fieo","2014-10-25","http%3A%2F%2Fwww.ents-bbs.org%2Fviewtopic.php%3Ff%3D71%26t%3D8643%26sid%3D3fdcc58b0d25adce7768d60248ada623","N"
"Tuliptree","Liriodendron tulipifera","Delaware","New Castle","First State National Historical Park","","","This historical park incorporates many historical sites throughout Delaware. It also includes about 1,100 acres of woodland along Brandywine River with 200 acres of these acres being in Pennsylvania.","","232138","1","","","","Public - federal","150.2'","Clinometer/laser rangefinder/sine","9.2'","110''","","","George Fieo","2014-10-25","http%3A%2F%2Fwww.ents-bbs.org%2Fviewtopic.php%3Ff%3D71%26t%3D8643%26sid%3D3fdcc58b0d25adce7768d60248ada623","N"
"Tuliptree","Liriodendron tulipifera","Delaware","New Castle","First State National Historical Park","","","This historical park incorporates many historical sites throughout Delaware. It also includes about 1,100 acres of woodland along Brandywine River with 200 acres of these acres being in Pennsylvania.","","232139","1","","","","Public - federal","150.4'","Clinometer/laser rangefinder/sine","7.2'","86''","","","George Fieo","2014-10-25","http%3A%2F%2Fwww.ents-bbs.org%2Fviewtopic.php%3Ff%3D71%26t%3D8643%26sid%3D3fdcc58b0d25adce7768d60248ada623","N"
"Tuliptree","Liriodendron tulipifera","Delaware","New Castle","First State National Historical Park","","","This historical park incorporates many historical sites throughout Delaware. It also includes about 1,100 acres of woodland along Brandywine River with 200 acres of these acres being in Pennsylvania.","","232140","1","","","","Public - federal","150.7'","Clinometer/laser rangefinder/sine","14.5'","174''","","","George Fieo","2014-10-25","http%3A%2F%2Fwww.ents-bbs.org%2Fviewtopic.php%3Ff%3D71%26t%3D8643%26sid%3D3fdcc58b0d25adce7768d60248ada623","N"
"Tuliptree","Liriodendron tulipifera","Delaware","New Castle","First State National Historical Park","","","This historical park incorporates many historical sites throughout Delaware. It also includes about 1,100 acres of woodland along Brandywine River with 200 acres of these acres being in Pennsylvania.","","232141","1","","","","Public - federal","151.1'","Clinometer/laser rangefinder/sine","10.9'","131''","","","George Fieo","2014-10-25","http%3A%2F%2Fwww.ents-bbs.org%2Fviewtopic.php%3Ff%3D71%26t%3D8643%26sid%3D3fdcc58b0d25adce7768d60248ada623","N"
"Tuliptree","Liriodendron tulipifera","Delaware","New Castle","First State National Historical Park","","","This historical park incorporates many historical sites throughout Delaware. It also includes about 1,100 acres of woodland along Brandywine River with 200 acres of these acres being in Pennsylvania.","","232142","1","","","","Public - federal","151.2'","Clinometer/laser rangefinder/sine","14.2'","170''","","","George Fieo","2014-10-25","http%3A%2F%2Fwww.ents-bbs.org%2Fviewtopic.php%3Ff%3D71%26t%3D8643%26sid%3D3fdcc58b0d25adce7768d60248ada623","N"
"Tuliptree","Liriodendron tulipifera","Delaware","New Castle","First State National Historical Park","","","This historical park incorporates many historical sites throughout Delaware. It also includes about 1,100 acres of woodland along Brandywine River with 200 acres of these acres being in Pennsylvania.","","232143","1","","","","Public - federal","151.2'","Clinometer/laser rangefinder/sine","14.6'","175''","","","George Fieo","2014-10-25","http%3A%2F%2Fwww.ents-bbs.org%2Fviewtopic.php%3Ff%3D71%26t%3D8643%26sid%3D3fdcc58b0d25adce7768d60248ada623","N"
"Tuliptree","Liriodendron tulipifera","Delaware","New Castle","First State National Historical Park","","","This historical park incorporates many historical sites throughout Delaware. It also includes about 1,100 acres of woodland along Brandywine River with 200 acres of these acres being in Pennsylvania.","","232144","1","","","","Public - federal","151.3'","Clinometer/laser rangefinder/sine","11.7'","140''","","","George Fieo","2014-10-25","http%3A%2F%2Fwww.ents-bbs.org%2Fviewtopic.php%3Ff%3D71%26t%3D8643%26sid%3D3fdcc58b0d25adce7768d60248ada623","N"
"Tuliptree","Liriodendron tulipifera","Delaware","New Castle","First State National Historical Park","","","This historical park incorporates many historical sites throughout Delaware. It also includes about 1,100 acres of woodland along Brandywine River with 200 acres of these acres being in Pennsylvania.","","232145","1","","","","Public - federal","151.6'","Clinometer/laser rangefinder/sine","11.2'","134''","","","George Fieo","2014-10-25","http%3A%2F%2Fwww.ents-bbs.org%2Fviewtopic.php%3Ff%3D71%26t%3D8643%26sid%3D3fdcc58b0d25adce7768d60248ada623","N"
"Tuliptree","Liriodendron tulipifera","Delaware","New Castle","First State National Historical Park","","","This historical park incorporates many historical sites throughout Delaware. It also includes about 1,100 acres of woodland along Brandywine River with 200 acres of these acres being in Pennsylvania.","","232146","1","","","","Public - federal","151.9'","Clinometer/laser rangefinder/sine","9.1'","109''","","","George Fieo","2014-10-25","http%3A%2F%2Fwww.ents-bbs.org%2Fviewtopic.php%3Ff%3D71%26t%3D8643%26sid%3D3fdcc58b0d25adce7768d60248ada623","N"
"Tuliptree","Liriodendron tulipifera","Delaware","New Castle","First State National Historical Park","","","This historical park incorporates many historical sites throughout Delaware. It also includes about 1,100 acres of woodland along Brandywine River with 200 acres of these acres being in Pennsylvania.","","232147","1","","","","Public - federal","152.6'","Clinometer/laser rangefinder/sine","9.7'","116''","","","George Fieo","2014-10-25","http%3A%2F%2Fwww.ents-bbs.org%2Fviewtopic.php%3Ff%3D71%26t%3D8643%26sid%3D3fdcc58b0d25adce7768d60248ada623","N"
"Tuliptree","Liriodendron tulipifera","Delaware","New Castle","First State National Historical Park","","","This historical park incorporates many historical sites throughout Delaware. It also includes about 1,100 acres of woodland along Brandywine River with 200 acres of these acres being in Pennsylvania.","","232148","1","","","","Public - federal","153.3'","Clinometer/laser rangefinder/sine","","","","","George Fieo","2014-10-25","http%3A%2F%2Fwww.ents-bbs.org%2Fviewtopic.php%3Ff%3D71%26t%3D8643%26sid%3D3fdcc58b0d25adce7768d60248ada623","N"
"Tuliptree","Liriodendron tulipifera","Delaware","New Castle","First State National Historical Park","","","This historical park incorporates many historical sites throughout Delaware. It also includes about 1,100 acres of woodland along Brandywine River with 200 acres of these acres being in Pennsylvania.","","232149","1","","","","Public - federal","153.4'","Clinometer/laser rangefinder/sine","18.6'","223''","","","George Fieo","2014-10-25","http%3A%2F%2Fwww.ents-bbs.org%2Fviewtopic.php%3Ff%3D71%26t%3D8643%26sid%3D3fdcc58b0d25adce7768d60248ada623","N"
"Tuliptree","Liriodendron tulipifera","Delaware","New Castle","First State National Historical Park","","","This historical park incorporates many historical sites throughout Delaware. It also includes about 1,100 acres of woodland along Brandywine River with 200 acres of these acres being in Pennsylvania.","","232150","1","","","","Public - federal","153.8'","Clinometer/laser rangefinder/sine","12.2'","146''","","","George Fieo","2014-10-25","http%3A%2F%2Fwww.ents-bbs.org%2Fviewtopic.php%3Ff%3D71%26t%3D8643%26sid%3D3fdcc58b0d25adce7768d60248ada623","N"
"Tuliptree","Liriodendron tulipifera","Delaware","New Castle","First State National Historical Park","","","This historical park incorporates many historical sites throughout Delaware. It also includes about 1,100 acres of woodland along Brandywine River with 200 acres of these acres being in Pennsylvania.","","232151","1","","","","Public - federal","154.0'","Clinometer/laser rangefinder/sine","12.8'","154''","","","George Fieo","2014-10-25","http%3A%2F%2Fwww.ents-bbs.org%2Fviewtopic.php%3Ff%3D71%26t%3D8643%26sid%3D3fdcc58b0d25adce7768d60248ada623","N"
"Tuliptree","Liriodendron tulipifera","Delaware","New Castle","First State National Historical Park","","","This historical park incorporates many historical sites throughout Delaware. It also includes about 1,100 acres of woodland along Brandywine River with 200 acres of these acres being in Pennsylvania.","","232152","1","","","","Public - federal","154.1'","Clinometer/laser rangefinder/sine","9.6'","115''","","","George Fieo","2014-10-25","http%3A%2F%2Fwww.ents-bbs.org%2Fviewtopic.php%3Ff%3D71%26t%3D8643%26sid%3D3fdcc58b0d25adce7768d60248ada623","N"
"Tuliptree","Liriodendron tulipifera","Delaware","New Castle","First State National Historical Park","","","This historical park incorporates many historical sites throughout Delaware. It also includes about 1,100 acres of woodland along Brandywine River with 200 acres of these acres being in Pennsylvania.","","232153","1","","","","Public - federal","154.4'","Clinometer/laser rangefinder/sine","9.9'","119''","","","George Fieo","2014-10-25","http%3A%2F%2Fwww.ents-bbs.org%2Fviewtopic.php%3Ff%3D71%26t%3D8643%26sid%3D3fdcc58b0d25adce7768d60248ada623","N"
"Tuliptree","Liriodendron tulipifera","Delaware","New Castle","First State National Historical Park","","","This historical park incorporates many historical sites throughout Delaware. It also includes about 1,100 acres of woodland along Brandywine River with 200 acres of these acres being in Pennsylvania.","","232154","1","","","","Public - federal","154.8'","Clinometer/laser rangefinder/sine","12.8'","154''","","","George Fieo","2014-10-25","http%3A%2F%2Fwww.ents-bbs.org%2Fviewtopic.php%3Ff%3D71%26t%3D8643%26sid%3D3fdcc58b0d25adce7768d60248ada623","N"
"Tuliptree","Liriodendron tulipifera","Delaware","New Castle","First State National Historical Park","","","This historical park incorporates many historical sites throughout Delaware. It also includes about 1,100 acres of woodland along Brandywine River with 200 acres of these acres being in Pennsylvania.","","232155","1","","","","Public - federal","155.4'","Clinometer/laser rangefinder/sine","11.6'","139''","","","George Fieo","2014-10-25","http%3A%2F%2Fwww.ents-bbs.org%2Fviewtopic.php%3Ff%3D71%26t%3D8643%26sid%3D3fdcc58b0d25adce7768d60248ada623","N"
"Tuliptree","Liriodendron tulipifera","Delaware","New Castle","First State National Historical Park","","","This historical park incorporates many historical sites throughout Delaware. It also includes about 1,100 acres of woodland along Brandywine River with 200 acres of these acres being in Pennsylvania.","","232156","1","","","","Public - federal","155.8'","Clinometer/laser rangefinder/sine","9.4'","113''","","","George Fieo","2014-10-25","http%3A%2F%2Fwww.ents-bbs.org%2Fviewtopic.php%3Ff%3D71%26t%3D8643%26sid%3D3fdcc58b0d25adce7768d60248ada623","N"
"Tuliptree","Liriodendron tulipifera","Delaware","New Castle","First State National Historical Park","","","This historical park incorporates many historical sites throughout Delaware. It also includes about 1,100 acres of woodland along Brandywine River with 200 acres of these acres being in Pennsylvania.","","232157","1","","","","Public - federal","158.1'","Clinometer/laser rangefinder/sine","11.4'","137''","","","George Fieo","2014-10-25","http%3A%2F%2Fwww.ents-bbs.org%2Fviewtopic.php%3Ff%3D71%26t%3D8643%26sid%3D3fdcc58b0d25adce7768d60248ada623","N"
"Tuliptree","Liriodendron tulipifera","Delaware","New Castle","First State National Historical Park","","","This historical park incorporates many historical sites throughout Delaware. It also includes about 1,100 acres of woodland along Brandywine River with 200 acres of these acres being in Pennsylvania.","","232158","1","","","","Public - federal","158.1'","Clinometer/laser rangefinder/sine","12.2'","146''","","","George Fieo","2014-10-25","http%3A%2F%2Fwww.ents-bbs.org%2Fviewtopic.php%3Ff%3D71%26t%3D8643%26sid%3D3fdcc58b0d25adce7768d60248ada623","N"
"Tuliptree","Liriodendron tulipifera","Delaware","New Castle","First State National Historical Park","","","This historical park incorporates many historical sites throughout Delaware. It also includes about 1,100 acres of woodland along Brandywine River with 200 acres of these acres being in Pennsylvania.","","232159","1","","","","Public - federal","158.6'","Clinometer/laser rangefinder/sine","8.2'","98''","","","George Fieo","2014-10-25","http%3A%2F%2Fwww.ents-bbs.org%2Fviewtopic.php%3Ff%3D71%26t%3D8643%26sid%3D3fdcc58b0d25adce7768d60248ada623","N"
"Tuliptree","Liriodendron tulipifera","Delaware","New Castle","First State National Historical Park","","","This historical park incorporates many historical sites throughout Delaware. It also includes about 1,100 acres of woodland along Brandywine River with 200 acres of these acres being in Pennsylvania.","","232160","1","","","","Public - federal","158.8'","Clinometer/laser rangefinder/sine","9.1'","109''","","","George Fieo","2014-10-25","http%3A%2F%2Fwww.ents-bbs.org%2Fviewtopic.php%3Ff%3D71%26t%3D8643%26sid%3D3fdcc58b0d25adce7768d60248ada623","N"
"Tuliptree","Liriodendron tulipifera","Delaware","New Castle","First State National Historical Park","","","This historical park incorporates many historical sites throughout Delaware. It also includes about 1,100 acres of woodland along Brandywine River with 200 acres of these acres being in Pennsylvania.","","232161","1","","","","Public - federal","159.3'","Clinometer/laser rangefinder/sine","8.7'","104''","","","George Fieo","2014-10-25","http%3A%2F%2Fwww.ents-bbs.org%2Fviewtopic.php%3Ff%3D71%26t%3D8643%26sid%3D3fdcc58b0d25adce7768d60248ada623","N"
"Tuliptree","Liriodendron tulipifera","Delaware","New Castle","First State National Historical Park","","","This historical park incorporates many historical sites throughout Delaware. It also includes about 1,100 acres of woodland along Brandywine River with 200 acres of these acres being in Pennsylvania.","","232162","1","","","","Public - federal","159.7'","Clinometer/laser rangefinder/sine","9.6'","115''","","","George Fieo","2014-10-25","http%3A%2F%2Fwww.ents-bbs.org%2Fviewtopic.php%3Ff%3D71%26t%3D8643%26sid%3D3fdcc58b0d25adce7768d60248ada623","N"
"Tuliptree","Liriodendron tulipifera","Delaware","New Castle","First State National Historical Park","","","This historical park incorporates many historical sites throughout Delaware. It also includes about 1,100 acres of woodland along Brandywine River with 200 acres of these acres being in Pennsylvania.","","232163","1","","","","Public - federal","160.6'","Clinometer/laser rangefinder/sine","11.8'","141''","","","George Fieo","2014-10-25","http%3A%2F%2Fwww.ents-bbs.org%2Fviewtopic.php%3Ff%3D71%26t%3D8643%26sid%3D3fdcc58b0d25adce7768d60248ada623","N"
"Tuliptree","Liriodendron tulipifera","Delaware","New Castle","First State National Historical Park","","","This historical park incorporates many historical sites throughout Delaware. It also includes about 1,100 acres of woodland along Brandywine River with 200 acres of these acres being in Pennsylvania.","","232164","1","","","","Public - federal","161.5'","Clinometer/laser rangefinder/sine","10.1'","121''","","","George Fieo","2014-10-25","http%3A%2F%2Fwww.ents-bbs.org%2Fviewtopic.php%3Ff%3D71%26t%3D8643%26sid%3D3fdcc58b0d25adce7768d60248ada623","N"
"Tuliptree","Liriodendron tulipifera","Delaware","New Castle","First State National Historical Park","","","This historical park incorporates many historical sites throughout Delaware. It also includes about 1,100 acres of woodland along Brandywine River with 200 acres of these acres being in Pennsylvania.","","232165","1","","","","Public - federal","161.7'","Clinometer/laser rangefinder/sine","11.8'","142''","","","George Fieo","2014-10-25","http%3A%2F%2Fwww.ents-bbs.org%2Fviewtopic.php%3Ff%3D71%26t%3D8643%26sid%3D3fdcc58b0d25adce7768d60248ada623","N"
"Tuliptree","Liriodendron tulipifera","Delaware","New Castle","Flint Woods {Reserve","","","37 Acres with additional acreage under conservation easement.","","232228","1","","","","Public - state","12.3'","Clinometer/laser rangefinder/sine","10.3'","123''","","","George Fieo","2014-11-19","http%3A%2F%2Fwww.ents-bbs.org%2Fviewtopic.php%3Ff%3D71%26t%3D8740%26sid%3D4b23d5b42476125c3d869ba89d4ef743","N"
"Tuliptree","Liriodendron tulipifera","Delaware","New Castle","Flint Woods {Reserve","","","37 Acres with additional acreage under conservation easement.","","232225","1","","","","Public - state","142.8'","Clinometer/laser rangefinder/sine","9.4'","113''","","","George Fieo","2014-11-19","http%3A%2F%2Fwww.ents-bbs.org%2Fviewtopic.php%3Ff%3D71%26t%3D8740%26sid%3D4b23d5b42476125c3d869ba89d4ef743","N"
"Tuliptree","Liriodendron tulipifera","Delaware","New Castle","Flint Woods {Reserve","","","37 Acres with additional acreage under conservation easement.","","232237","1","","","","Public - state","143.1'","Clinometer/laser rangefinder/sine","12.5'","150''","","","George Fieo","2014-11-19","http%3A%2F%2Fwww.ents-bbs.org%2Fviewtopic.php%3Ff%3D71%26t%3D8740%26sid%3D4b23d5b42476125c3d869ba89d4ef743","N"
"Tuliptree","Liriodendron tulipifera","Delaware","New Castle","Flint Woods {Reserve","","","37 Acres with additional acreage under conservation easement.","","232238","1","","","","Public - state","143.2'","Clinometer/laser rangefinder/sine","13.0'","156''","","","George Fieo","2014-11-19","http%3A%2F%2Fwww.ents-bbs.org%2Fviewtopic.php%3Ff%3D71%26t%3D8740%26sid%3D4b23d5b42476125c3d869ba89d4ef743","N"
"Tuliptree","Liriodendron tulipifera","Delaware","New Castle","Flint Woods {Reserve","","","37 Acres with additional acreage under conservation easement.","","232226","1","","","","Public - state","143.7'","Clinometer/laser rangefinder/sine","","","","","George Fieo","2014-11-19","http%3A%2F%2Fwww.ents-bbs.org%2Fviewtopic.php%3Ff%3D71%26t%3D8740%26sid%3D4b23d5b42476125c3d869ba89d4ef743","N"
"Tuliptree","Liriodendron tulipifera","Delaware","New Castle","Flint Woods {Reserve","","","37 Acres with additional acreage under conservation easement.","","232227","1","","","","Public - state","145.1'","Clinometer/laser rangefinder/sine","8.3'","100''","","","George Fieo","2014-11-19","http%3A%2F%2Fwww.ents-bbs.org%2Fviewtopic.php%3Ff%3D71%26t%3D8740%26sid%3D4b23d5b42476125c3d869ba89d4ef743","N"
"Tuliptree","Liriodendron tulipifera","Delaware","New Castle","Flint Woods {Reserve","","","37 Acres with additional acreage under conservation easement.","","232229","1","","","","Public - state","149.3'","Clinometer/laser rangefinder/sine","10.7'","128''","","","George Fieo","2014-11-19","http%3A%2F%2Fwww.ents-bbs.org%2Fviewtopic.php%3Ff%3D71%26t%3D8740%26sid%3D4b23d5b42476125c3d869ba89d4ef743","N"
"Tuliptree","Liriodendron tulipifera","Delaware","New Castle","Flint Woods {Reserve","","","37 Acres with additional acreage under conservation easement.","","232230","1","","","","Public - state","152.2'","Clinometer/laser rangefinder/sine","11.6'","139''","","","George Fieo","2014-11-19","http%3A%2F%2Fwww.ents-bbs.org%2Fviewtopic.php%3Ff%3D71%26t%3D8740%26sid%3D4b23d5b42476125c3d869ba89d4ef743","N"
"Tuliptree","Liriodendron tulipifera","Delaware","New Castle","Rockwood Park","","","","","75463","1","","","","Public - County Park","128.3'","Clinometer/laser rangefinder/sine","12.3'","148''","","","Scott Wade, Meg Varnes","2007-02-21","http%3A%2F%2Fwww.nativetreesociety.org%2Ffieldtrips%2Fdelaware%2Frockwood%2Fdelaware_trees.htm","N"
"Tuliptree","Liriodendron tulipifera","Delaware","New Castle","Valley Garden Park","","","","","231143","1","","","","Public - state","12.3'","Clinometer/laser rangefinder/sine","","","","","George Fieo","2014-11-14","http%3A%2F%2Fwww.ents-bbs.org%2Fviewtopic.php%3Ff%3D71%26t%3D8739%26sid%3D264949d81256c7e1aa45b2ce767588b4%23p44609","N"
"Tuliptree","Liriodendron tulipifera","Delaware","New Castle","Valley Garden Park","","","","","231142","1","","","","Public - state","132.2'","Clinometer/laser rangefinder/sine","15.5'","186''","","","George Fieo","2014-11-14","http%3A%2F%2Fwww.ents-bbs.org%2Fviewtopic.php%3Ff%3D71%26t%3D8739%26sid%3D264949d81256c7e1aa45b2ce767588b4%23p44609","N"
"Tuliptree","Liriodendron tulipifera","Delaware","New Castle","Valley Garden Park","","","","","231144","1","","","","Public - state","150.4'","Clinometer/laser rangefinder/sine","","","","","George Fieo","2014-11-14","http%3A%2F%2Fwww.ents-bbs.org%2Fviewtopic.php%3Ff%3D71%26t%3D8739%26sid%3D264949d81256c7e1aa45b2ce767588b4%23p44609","N"
"Tuliptree","Liriodendron tulipifera","Delaware","New Castle","Winterthur","","","","","168617","1","","","380.0 ft","Private","127.0'","Clinometer/laser rangefinder/sine","17.9'","215''","80.0'","","John Harvey","2014-06-14","http%3A%2F%2Fwww.ents-bbs.org%2Fviewtopic.php%3Ff%3D71%26t%3D6420%23p29114","N"
"Tuliptree","Liriodendron tulipifera","Delaware","New Castle","Winterthur","","","","","168628","1","","","380.0 ft","Private","127.6'","Clinometer/laser rangefinder/sine","15.6'","187''","","","Mike Dunn","2009-01-25","http%3A%2F%2Fwww.ents-bbs.org%2Fviewtopic.php%3Ff%3D71%26t%3D6420%23p29114","N"
"Tuliptree","Liriodendron tulipifera","Delaware","New Castle","Winterthur","","","","","168627","1","","","380.0 ft","Private","130.8'","Clinometer/laser rangefinder/sine","","","","","Mike Dunn","2009-01-25","http%3A%2F%2Fwww.ents-bbs.org%2Fviewtopic.php%3Ff%3D71%26t%3D6420%23p29114","N"
"Tuliptree","Liriodendron tulipifera","Delaware","New Castle","Winterthur","","","","","168626","1","","","380.0 ft","Private","131.2'","Clinometer/laser rangefinder/sine","","","","","Mike Dunn","2009-01-25","http%3A%2F%2Fwww.ents-bbs.org%2Fviewtopic.php%3Ff%3D71%26t%3D6420%23p29114","N"
"Tuliptree","Liriodendron tulipifera","Delaware","New Castle","Winterthur","","","","","168625","1","","","380.0 ft","Private","131.5'","Clinometer/laser rangefinder/sine","","","","","Mike Dunn","2009-01-25","http%3A%2F%2Fwww.ents-bbs.org%2Fviewtopic.php%3Ff%3D71%26t%3D6420%23p29114","N"
"Tuliptree","Liriodendron tulipifera","Delaware","New Castle","Winterthur","","","","","168624","1","","","380.0 ft","Private","133.6'","Clinometer/laser rangefinder/sine","","","","","Mike Dunn","2009-01-25","http%3A%2F%2Fwww.ents-bbs.org%2Fviewtopic.php%3Ff%3D71%26t%3D6420%23p29114","N"
"Tuliptree","Liriodendron tulipifera","Delaware","New Castle","Winterthur","","","","","168623","1","","","380.0 ft","Private","134.8'","Clinometer/laser rangefinder/sine","13.9'","167''","","","Mike Dunn","2009-01-25","http%3A%2F%2Fwww.ents-bbs.org%2Fviewtopic.php%3Ff%3D71%26t%3D6420%23p29114","N"
"Tuliptree","Liriodendron tulipifera","Delaware","New Castle","Winterthur","","","","","168622","1","","","380.0 ft","Private","136.0'","Clinometer/laser rangefinder/sine","","","","","Mike Dunn","2009-01-25","http%3A%2F%2Fwww.ents-bbs.org%2Fviewtopic.php%3Ff%3D71%26t%3D6420%23p29114","N"
"Tuliptree","Liriodendron tulipifera","Delaware","New Castle","Winterthur","","","","","168621","1","","","380.0 ft","Private","139.1'","Clinometer/laser rangefinder/sine","19.2'","230''","","","Mike Dunn","2009-01-25","http%3A%2F%2Fwww.ents-bbs.org%2Fviewtopic.php%3Ff%3D71%26t%3D6420%23p29114","N"
"Tuliptree","Liriodendron tulipifera","Delaware","New Castle","Winterthur","","","","","140141","1","","","","Private","141.6'","Clinometer/laser rangefinder/sine","19.4'","233''","","","Will Blozan, George Fieo, Scott Wade","2010-09-10","http%3A%2F%2Fwww.ents-bbs.org%2Fviewtopic.php%3Ff%3D71%26t%3D6420%23p29114","N"
"Tuliptree","Liriodendron tulipifera","Delaware","New Castle","Winterthur","","","","","168620","1","","","380.0 ft","Private","145.8'","Clinometer/laser rangefinder/sine","","","","","Mike Dunn","2009-01-25","http%3A%2F%2Fwww.ents-bbs.org%2Fviewtopic.php%3Ff%3D71%26t%3D6420%23p29114","N"
"Tuliptree","Liriodendron tulipifera","Delaware","New Castle","Winterthur","","","","","168619","1","","","380.0 ft","Private","146.5'","Clinometer/laser rangefinder/sine","","","","","Mike Dunn","2009-01-25","http%3A%2F%2Fwww.ents-bbs.org%2Fviewtopic.php%3Ff%3D71%26t%3D6420%23p29114","N"
"Tuliptree","Liriodendron tulipifera","Delaware","New Castle","Winterthur","","","","","168614","1","","","380.0 ft","Private","147.0'","Clinometer/laser rangefinder/sine","20.3'","244''","70.0'","","John Harvey","2014-06-14","http%3A%2F%2Fwww.ents-bbs.org%2Fviewtopic.php%3Ff%3D71%26t%3D6420%23p29114","N"
"Tuliptree","Liriodendron tulipifera","Delaware","New Castle","Winterthur","39 48.444","-075 36.083","","","140140","1","39 48.444","-075 36.083","","Private","150.7'","Clinometer/laser rangefinder/sine","20.1'","241''","","","Will Blozan, George Fieo, Scott Wade","2010-09-10","http%3A%2F%2Fwww.ents-bbs.org%2Fviewtopic.php%3Ff%3D71%26t%3D6420%23p29114","N"
"Tuliptree","Liriodendron tulipifera","Delaware","New Castle","Winterthur","39 48.292","-075 36.695","","","168613","1","39 48.292","-075 36.695","380.0 ft","Private","156.0'","Clinometer/laser rangefinder/sine","20.4'","245''","96.0'","","John Harvey","2014-06-14","http%3A%2F%2Fwww.ents-bbs.org%2Fviewtopic.php%3Ff%3D71%26t%3D6420%23p29114","N"
"Tuliptree","Liriodendron tulipifera","Delaware","New Castle","Winterthur","","","","","140143","1","","","","Private","156.3'","Clinometer/laser rangefinder/sine","17.5'","210''","","william Penn Tree","Will Blozan, George Fieo, Scott Wade","2010-09-10","http%3A%2F%2Fwww.ents-bbs.org%2Fviewtopic.php%3Ff%3D71%26t%3D6420%23p29114","N"
"Tuliptree","Liriodendron tulipifera","Delaware","New Castle","Winterthur","","","","","140142","1","","","","Private","157.2'","Clinometer/laser rangefinder/sine","","","","","Will Blozan, George Fieo, Scott Wade","2010-09-10","http%3A%2F%2Fwww.ents-bbs.org%2Fviewtopic.php%3Ff%3D71%26t%3D6420%23p29114","N"
"Tuliptree","Liriodendron tulipifera","Delaware","New Castle","Winterthur","","","","","168616","1","","","380.0 ft","Private","158.0'","Clinometer/laser rangefinder/sine","18.0'","216''","82.0'","","John Harvey","2014-06-14","http%3A%2F%2Fwww.ents-bbs.org%2Fviewtopic.php%3Ff%3D71%26t%3D6420%23p29114","N"
"Tuliptree","Liriodendron tulipifera","Delaware","New Castle","Winterthur","","","","","168618","1","","","380.0 ft","Private","158.8'","Clinometer/laser rangefinder/sine","19.2'","230''","96.0'","Crown spread is maximum, average is 87'","Mike Dunn","2009-01-25","http%3A%2F%2Fwww.ents-bbs.org%2Fviewtopic.php%3Ff%3D71%26t%3D6420%23p29114","N"
"Tuliptree","Liriodendron tulipifera","Delaware","New Castle","Winterthur","","","","","140139","1","","","","Private","162.3'","Clinometer/laser rangefinder/sine","17.7'","212''","110.0'","","Will Blozan, George Fieo, Scott Wade","2010-09-10","http%3A%2F%2Fwww.ents-bbs.org%2Fviewtopic.php%3Ff%3D71%26t%3D6420%23p29114","N"
"Tuliptree","Liriodendron tulipifera","Florida","Calhoun","Torreya State Park","30 34.601","-084 56.892","","","323413","1","30 34.601","-084 56.892","230.0 ft","Public","119.8'","Clinometer/laser rangefinder/sine","8.5'","101''","","","Elijah Whitcomb","2026-02-19","","N"
"Tuliptree","Liriodendron tulipifera","Georgia","Bleckley","Ocmulgee Flats","","","Ocmulgee Wildlife Management Area","","234740","1","","","","Public - federal","128.4'","Clinometer/laser rangefinder/sine","11.3'","136''","","","Jess Riddle","2006-01-14","http%3A%2F%2Fwww.nativetreesociety.org%2Ffieldtrips%2Fgeorgia%2Focmulgee_flats.htm","N"
"Tuliptree","Liriodendron tulipifera","Georgia","Dekalb","Herbert Taylor/Daniel Johnson Nature Preserve, Atlanta, GA","","","","","19235","1","","","","Park","147.5'","Clinometer/laser rangefinder/sine","13.0'","156''","","","Eli ?","2012-01-28","","N"
"Tuliptree","Liriodendron tulipifera","Georgia","Fannin","Flat Top Mountain","","","","","281429","1","","","","Public - federal","","Clinometer/laser rangefinder/sine","4.2'","50''","","","Jess Riddle","2005-06-30","http%3A%2F%2Fwww.nativetreesociety.org%2Ffieldtrips%2Fgeorgia%2Fflat_top_mountain.htm","N"
"Tuliptree","Liriodendron tulipifera","Georgia","Fannin","Flat Top Mountain","","","","","281427","1","","","","Public - federal","132.7'","Clinometer/laser rangefinder/sine","","","","","Jess Riddle","2005-06-30","http%3A%2F%2Fwww.nativetreesociety.org%2Ffieldtrips%2Fgeorgia%2Fflat_top_mountain.htm","N"
"Tuliptree","Liriodendron tulipifera","Georgia","Fannin","Flat Top Mountain","","","","","281428","1","","","","Public - federal","139.0'","Clinometer/laser rangefinder/sine","7.2'","86''","","","Jess Riddle","2005-06-30","http%3A%2F%2Fwww.nativetreesociety.org%2Ffieldtrips%2Fgeorgia%2Fflat_top_mountain.htm","N"
"Tuliptree","Liriodendron tulipifera","Georgia","Fannin","Flat Top Mountain","","","","","281430","1","","","","Public - federal","150.9'","Clinometer/laser rangefinder/sine","","","","","Jess Riddle","2005-06-30","http%3A%2F%2Fwww.nativetreesociety.org%2Ffieldtrips%2Fgeorgia%2Fflat_top_mountain.htm","N"
"Tuliptree","Liriodendron tulipifera","Georgia","Fannin","Flat Top Mountain","","","","","249577","1","","","","Public - federal","156.1'","Clinometer/laser rangefinder/sine","13.2'","158''","","Devils Den Branch","Jess Riddle, Doug Riddle","2007-01-15","http%3A%2F%2Fwww.nativetreesociety.org%2Ffieldtrips%2Fgeorgia%2Fflat_top_mountain.htm","N"
"Tuliptree","Liriodendron tulipifera","Georgia","Fannin","Flat Top Mountain","","","","","249564","1","","","","Public - federal","157.3'","Clinometer/laser rangefinder/sine","","","","","Jess Riddle, Doug Riddle","2007-01-15","http%3A%2F%2Fwww.nativetreesociety.org%2Ffieldtrips%2Fgeorgia%2Fflat_top_mountain.htm","N"
"Tuliptree","Liriodendron tulipifera","Georgia","Fannin","Flat Top Mountain","","","","","249565","1","","","","Public - federal","158.5'","Clinometer/laser rangefinder/sine","6.3'","75''","","","Jess Riddle, Doug Riddle","2007-01-15","http%3A%2F%2Fwww.nativetreesociety.org%2Ffieldtrips%2Fgeorgia%2Fflat_top_mountain.htm","N"
"Tuliptree","Liriodendron tulipifera","Georgia","Fannin","Flat Top Mountain","","","","","249566","1","","","","Public - federal","158.9'","Clinometer/laser rangefinder/sine","9.9'","119''","","","Jess Riddle, Doug Riddle","2007-01-15","http%3A%2F%2Fwww.nativetreesociety.org%2Ffieldtrips%2Fgeorgia%2Fflat_top_mountain.htm","N"
"Tuliptree","Liriodendron tulipifera","Georgia","Fannin","Flat Top Mountain","","","","","249567","1","","","","Public - federal","159.0'","Clinometer/laser rangefinder/sine","6.6'","79''","","","Jess Riddle, Doug Riddle","2007-01-15","http%3A%2F%2Fwww.nativetreesociety.org%2Ffieldtrips%2Fgeorgia%2Fflat_top_mountain.htm","N"
"Tuliptree","Liriodendron tulipifera","Georgia","Fannin","Flat Top Mountain","","","","","249568","1","","","","Public - federal","159.2'","Clinometer/laser rangefinder/sine","8.2'","98''","","","Jess Riddle, Doug Riddle","2007-01-15","http%3A%2F%2Fwww.nativetreesociety.org%2Ffieldtrips%2Fgeorgia%2Fflat_top_mountain.htm","N"
"Tuliptree","Liriodendron tulipifera","Georgia","Fannin","Flat Top Mountain","","","","","249569","1","","","","Public - federal","160.0'","Clinometer/laser rangefinder/sine","9.7'","116''","","","Jess Riddle, Doug Riddle","2007-01-15","http%3A%2F%2Fwww.nativetreesociety.org%2Ffieldtrips%2Fgeorgia%2Fflat_top_mountain.htm","N"
"Tuliptree","Liriodendron tulipifera","Georgia","Fannin","Flat Top Mountain","","","","","249570","1","","","","Public - federal","160.5'","Clinometer/laser rangefinder/sine","6.0'","72''","","","Jess Riddle, Doug Riddle","2007-01-15","http%3A%2F%2Fwww.nativetreesociety.org%2Ffieldtrips%2Fgeorgia%2Fflat_top_mountain.htm","N"
"Tuliptree","Liriodendron tulipifera","Georgia","Fannin","Flat Top Mountain","","","","","249575","1","","","","Public - federal","164.5'","Clinometer/laser rangefinder/sine","8.8'","106''","","Williamson Cove","Jess Riddle, Doug Riddle","2007-01-15","http%3A%2F%2Fwww.nativetreesociety.org%2Ffieldtrips%2Fgeorgia%2Fflat_top_mountain.htm","N"
"Tuliptree","Liriodendron tulipifera","Georgia","Fannin","Flat Top Mountain","","","","","249571","1","","","","Public - federal","165.1'","Clinometer/laser rangefinder/sine","7.8'","94''","","","Jess Riddle, Doug Riddle","2007-01-15","http%3A%2F%2Fwww.nativetreesociety.org%2Ffieldtrips%2Fgeorgia%2Fflat_top_mountain.htm","N"
"Tuliptree","Liriodendron tulipifera","Georgia","Fannin","Flat Top Mountain","","","","","249572","1","","","","Public - federal","166.0'","Clinometer/laser rangefinder/sine","7.3'","87''","","","Jess Riddle, Doug Riddle","2007-01-15","http%3A%2F%2Fwww.nativetreesociety.org%2Ffieldtrips%2Fgeorgia%2Fflat_top_mountain.htm","N"
"Tuliptree","Liriodendron tulipifera","Georgia","Fannin","Flat Top Mountain","","","","","249573","1","","","","Public - federal","166.0'","Clinometer/laser rangefinder/sine","7.7'","92''","","","Jess Riddle, Doug Riddle","2007-01-15","http%3A%2F%2Fwww.nativetreesociety.org%2Ffieldtrips%2Fgeorgia%2Fflat_top_mountain.htm","N"
"Tuliptree","Liriodendron tulipifera","Georgia","Fannin","Flat Top Mountain","","","","","249574","1","","","","Public - federal","167.6'","Clinometer/laser rangefinder/sine","8.1'","97''","","","Jess Riddle, Doug Riddle","2007-01-15","http%3A%2F%2Fwww.nativetreesociety.org%2Ffieldtrips%2Fgeorgia%2Fflat_top_mountain.htm","N"
"Tuliptree","Liriodendron tulipifera","Georgia","Fannin","Flat Top Mountain","","","","","249576","1","","","","Public - federal","169.1'","Clinometer/laser rangefinder/sine","8.9'","107''","","Williamson Cove","Jess Riddle, Doug Riddle","2007-01-15","http%3A%2F%2Fwww.nativetreesociety.org%2Ffieldtrips%2Fgeorgia%2Fflat_top_mountain.htm","N"
"Tuliptree","Liriodendron tulipifera","Georgia","Floyd","Marshall Forest","34 14.954","-085 11.982","","","322916","1","34 14.954","-085 11.982","785.0 ft","Private","146.5'","Clinometer/laser rangefinder/sine","6.0'","72''","","","Elijah Whitcomb","2025-11-27","","N"
"Tuliptree","Liriodendron tulipifera","Georgia","Fulton","Hampton- Beecher Hills Park","","","200 Acres","","249160","1","","","","Public - city","155.4'","Clinometer/laser rangefinder/sine","13.2'","158''","","","Eli Dickinson","2010-07-30","http%3A%2F%2Fwww.ents-bbs.org%2Fviewtopic.php%3Ff%3D73%26t%3D1156%26sid%3Da73770c2b894b38da07dbd9d5b148ced","N"
"Tuliptree","Liriodendron tulipifera","Georgia","Fulton","Piedmont Park","","","185 Acre Park","","235299","1","","","","Public - city","","Clinometer/laser rangefinder/sine","15.0'","180''","","Storza Woods","Jess Riddle","2005-04-17","http%3A%2F%2Fwww.nativetreesociety.org%2Ffieldtrips%2Fgeorgia%2Fatlanta_trees.htm","N"
"Tuliptree","Liriodendron tulipifera","Georgia","Fulton","Piedmont Park","","","185 Acre Park","","235300","1","","","","Public - city","127.1'","Clinometer/laser rangefinder/sine","","","","Storza Woods","Jess Riddle","2005-04-17","http%3A%2F%2Fwww.nativetreesociety.org%2Ffieldtrips%2Fgeorgia%2Fatlanta_trees.htm","N"
"Tuliptree","Liriodendron tulipifera","Georgia","Fulton","Piedmont Park","","","185 Acre Park","","235305","1","","","","Public - city","130.3'","Clinometer/laser rangefinder/sine","12.8'","153''","","Yonah Park","Jess Riddle","2005-04-17","http%3A%2F%2Fwww.nativetreesociety.org%2Ffieldtrips%2Fgeorgia%2Fatlanta_trees.htm","N"
"Tuliptree","Liriodendron tulipifera","Georgia","Fulton","Piedmont Park","","","185 Acre Park","","235301","1","","","","Public - city","136.6'","Clinometer/laser rangefinder/sine","","","","Storza Woods","Jess Riddle","2005-04-17","http%3A%2F%2Fwww.nativetreesociety.org%2Ffieldtrips%2Fgeorgia%2Fatlanta_trees.htm","N"
"Tuliptree","Liriodendron tulipifera","Georgia","Fulton","Single Tree Sites In Georgia","33 51.083","-084 27.686","","","249646","1","33 51.083","-084 27.686","","Public-Private","","Clinometer/laser rangefinder/sine","15.0'","180''","","Measured by J. Corey 1/1/2009 along the Chattahoochee River in the Atlanta area","Various Various","2001-02-01","","N"
"Tuliptree","Liriodendron tulipifera","Georgia","Fulton","Single Tree Sites In Georgia","33 46.319","-084 21.709","","","249649","1","33 46.319","-084 21.709","","Public-Private","135.6'","Clinometer/laser rangefinder/sine","19.3'","231''","105.0'","Measured by P. Jenkins, E. Dickerson 5/27/2015 in the Atlanta Georgia area.","Various Various","2001-02-01","","N"
"Tuliptree","Liriodendron tulipifera","Georgia","Harris","Callaway Gardens","","","6,500 acre resort and conference center near Pine Mountain, Georgia","","243246","1","","","","Private","115.5'","Clinometer/laser rangefinder/sine","13.1'","157''","","","John Eichholz","2005-02-28","http%3A%2F%2Fwww.nativetreesociety.org%2Ffieldtrips%2Fgeorgia%2Fcallaway_gardens.htm","N"
"Tuliptree","Liriodendron tulipifera","Georgia","Harris","Callaway Gardens","","","6,500 acre resort and conference center near Pine Mountain, Georgia","","243247","1","","","","Private","115.5'","Clinometer/laser rangefinder/sine","9.7'","116''","","","John Eichholz","2005-02-28","http%3A%2F%2Fwww.nativetreesociety.org%2Ffieldtrips%2Fgeorgia%2Fcallaway_gardens.htm","N"
"Tuliptree","Liriodendron tulipifera","Georgia","Harris","Callaway Gardens","","","6,500 acre resort and conference center near Pine Mountain, Georgia","","243245","1","","","","Private","118.4'","Clinometer/laser rangefinder/sine","4.7'","56''","","","John Eichholz","2005-02-28","http%3A%2F%2Fwww.nativetreesociety.org%2Ffieldtrips%2Fgeorgia%2Fcallaway_gardens.htm","N"
"Tuliptree","Liriodendron tulipifera","Georgia","Harris","Callaway Gardens","","","6,500 acre resort and conference center near Pine Mountain, Georgia","","243244","1","","","","Private","128.1'","Clinometer/laser rangefinder/sine","10.8'","130''","","","John Eichholz","2005-02-28","http%3A%2F%2Fwww.nativetreesociety.org%2Ffieldtrips%2Fgeorgia%2Fcallaway_gardens.htm","N"
"Tuliptree","Liriodendron tulipifera","Georgia","Murray","Cohutta Wilderness","","","","","234397","1","","","","Public - federal","10.9'","Clinometer/laser rangefinder/sine","7.3'","88''","","","Jess Riddle","2005-03-05","http%3A%2F%2Fwww.nativetreesociety.org%2Ffieldtrips%2Fgeorgia%2Fcohutta_wilderness_area_ga.htm","N"
"Tuliptree","Liriodendron tulipifera","Georgia","Murray","Cohutta Wilderness","","","","","234398","1","","","","Public - federal","138.1'","Clinometer/laser rangefinder/sine","9.9'","119''","","","Jess Riddle","2005-03-05","http%3A%2F%2Fwww.nativetreesociety.org%2Ffieldtrips%2Fgeorgia%2Fcohutta_wilderness_area_ga.htm","N"
"Tuliptree","Liriodendron tulipifera","Georgia","Murray","Cohutta Wilderness","","","","","234399","1","","","","Public - federal","140.7'","Clinometer/laser rangefinder/sine","10.7'","128''","","","Jess Riddle","2005-03-05","http%3A%2F%2Fwww.nativetreesociety.org%2Ffieldtrips%2Fgeorgia%2Fcohutta_wilderness_area_ga.htm","N"
"Tuliptree","Liriodendron tulipifera","Georgia","Murray","Cohutta Wilderness","","","","","234944","1","","","","Public - federal","141.7'","Clinometer/laser rangefinder/sine","","","","","Jess Riddle","2005-06-09","http%3A%2F%2Fwww.nativetreesociety.org%2Ffieldtrips%2Fgeorgia%2Fcohutta_wilderness_area_ga.htm","N"
"Tuliptree","Liriodendron tulipifera","Georgia","Murray","Cohutta Wilderness","","","","","234945","1","","","","Public - federal","143.6'","Clinometer/laser rangefinder/sine","5.9'","71''","","","Jess Riddle","2005-06-09","http%3A%2F%2Fwww.nativetreesociety.org%2Ffieldtrips%2Fgeorgia%2Fcohutta_wilderness_area_ga.htm","N"
"Tuliptree","Liriodendron tulipifera","Georgia","Murray","Cohutta Wilderness","","","","","235283","1","","","","Public - federal","150.4'","Clinometer/laser rangefinder/sine","9.1'","109''","","","Jess Riddle","2009-08-12","http%3A%2F%2Fwww.nativetreesociety.org%2Ffieldtrips%2Fgeorgia%2Fcohutta_wilderness_area_ga.htm","N"
"Tuliptree","Liriodendron tulipifera","Georgia","Murray","North Prong Sumac Creek","","","","","234752","1","","","","Public - federal","148.0'","Clinometer/laser rangefinder/sine","8.2'","98''","","","Jess Riddle","2003-11-27","http%3A%2F%2Fwww.nativetreesociety.org%2Ffieldtrips%2Fgeorgia%2Fnorth_prong_sumac_creek.htm","N"
"Tuliptree","Liriodendron tulipifera","Georgia","Putnam","Rock Creek","","","","","234463","1","","","","Public - federal","116.5'","Clinometer/laser rangefinder/sine","13.6'","163''","","","Jess Riddle","2005-12-12","http%3A%2F%2Fwww.nativetreesociety.org%2Ffieldtrips%2Fgeorgia%2Frock_creek%2Frock_creek_ga.htm","N"
"Tuliptree","Liriodendron tulipifera","Georgia","Putnam","Rock Creek","","","","","234464","1","","","","Public - federal","131.2'","Clinometer/laser rangefinder/sine","10.3'","123''","","","Jess Riddle","2005-12-12","http%3A%2F%2Fwww.nativetreesociety.org%2Ffieldtrips%2Fgeorgia%2Frock_creek%2Frock_creek_ga.htm","N"
"Tuliptree","Liriodendron tulipifera","Georgia","Rabun","Camp Creek","","","Trees were measured on an alluvial flat.","","235243","1","","","","Public - federal","140.1'","Clinometer/laser rangefinder/sine","","","","","Jess Riddle","2005-06-13","http%3A%2F%2Fwww.ents-bbs.org%2Fviewtopic.php%3Ff%3D73%26t%3D5736%26sid%3Da73770c2b894b38da07dbd9d5b148ced","N"
"Tuliptree","Liriodendron tulipifera","Georgia","Rabun","Camp Creek","","","Trees were measured on an alluvial flat.","","235244","1","","","","Public - federal","141.7'","Clinometer/laser rangefinder/sine","","","","","Jess Riddle","2005-06-13","http%3A%2F%2Fwww.ents-bbs.org%2Fviewtopic.php%3Ff%3D73%26t%3D5736%26sid%3Da73770c2b894b38da07dbd9d5b148ced","N"
"Tuliptree","Liriodendron tulipifera","Georgia","Rabun","Cliff Creek","","","","","235221","1","","","","Public - federal","141.1'","Clinometer/laser rangefinder/sine","6.4'","77''","","","Jess Riddle, Will Blozan","2005-09-06","http%3A%2F%2Fwww.ents-bbs.org%2Fviewtopic.php%3Ff%3D73%26t%3D1878%26sid%3Da73770c2b894b38da07dbd9d5b148ced","N"
"Tuliptree","Liriodendron tulipifera","Georgia","Rabun","Sand Branch","","","Sand Creek is just a place name holder","","249330","1","","","","Private","151.3'","Clinometer/laser rangefinder/sine","4.9'","59''","","","Jess Riddle","2012-01-16","http%3A%2F%2Fwww.ents-bbs.org%2Fviewtopic.php%3Ff%3D73%26t%3D3576%26sid%3Da73770c2b894b38da07dbd9d5b148ced","N"
"Tuliptree","Liriodendron tulipifera","Georgia","Rabun","Sand Branch","","","Sand Creek is just a place name holder","","249329","1","","","","Private","151.6'","Clinometer/laser rangefinder/sine","7.8'","93''","","","Jess Riddle","2012-01-16","http%3A%2F%2Fwww.ents-bbs.org%2Fviewtopic.php%3Ff%3D73%26t%3D3576%26sid%3Da73770c2b894b38da07dbd9d5b148ced","N"
"Tuliptree","Liriodendron tulipifera","Georgia","Rabun","Sand Branch","","","Sand Creek is just a place name holder","","249328","1","","","","Private","156.7'","Clinometer/laser rangefinder/sine","6.2'","74''","","","Jess Riddle","2012-01-16","http%3A%2F%2Fwww.ents-bbs.org%2Fviewtopic.php%3Ff%3D73%26t%3D3576%26sid%3Da73770c2b894b38da07dbd9d5b148ced","N"
"Tuliptree","Liriodendron tulipifera","Georgia","Rabun","Sand Branch","","","Sand Creek is just a place name holder","","249327","1","","","","Private","156.8'","Clinometer/laser rangefinder/sine","6.8'","82''","","","Jess Riddle","2012-01-16","http%3A%2F%2Fwww.ents-bbs.org%2Fviewtopic.php%3Ff%3D73%26t%3D3576%26sid%3Da73770c2b894b38da07dbd9d5b148ced","N"
"Tuliptree","Liriodendron tulipifera","Georgia","Rabun","Southern Nantahala Wilderness Area","","","11,663 acres in Georgia on Chattaloochee National Forest
11,732 acres in North Carolina on Nantahala National Forest","","234421","1","","","","Public - federal","149.2'","Clinometer/laser rangefinder/sine","","","","","Jess Riddle, Doug Riddle","2007-01-30","http%3A%2F%2Fwww.nativetreesociety.org%2Ffieldtrips%2Fnorth_carolina%2Fsouthern_nantahala_wilderness.htm","N"
"Tuliptree","Liriodendron tulipifera","Georgia","Rabun","Southern Nantahala Wilderness Area","","","11,663 acres in Georgia on Chattaloochee National Forest
11,732 acres in North Carolina on Nantahala National Forest","","234422","1","","","","Public - federal","150.0'","Clinometer/laser rangefinder/sine","10.5'","126''","","","Jess Riddle, Doug Riddle","2007-01-30","http%3A%2F%2Fwww.nativetreesociety.org%2Ffieldtrips%2Fnorth_carolina%2Fsouthern_nantahala_wilderness.htm","N"
"Tuliptree","Liriodendron tulipifera","Georgia","Rabun","Southern Nantahala Wilderness Area","","","11,663 acres in Georgia on Chattaloochee National Forest
11,732 acres in North Carolina on Nantahala National Forest","","234423","1","","","","Public - federal","151.3'","Clinometer/laser rangefinder/sine","9.3'","112''","","","Jess Riddle, Doug Riddle","2007-01-30","http%3A%2F%2Fwww.nativetreesociety.org%2Ffieldtrips%2Fnorth_carolina%2Fsouthern_nantahala_wilderness.htm","N"
"Tuliptree","Liriodendron tulipifera","Georgia","Rabun","Southern Nantahala Wilderness Area","","","11,663 acres in Georgia on Chattaloochee National Forest
11,732 acres in North Carolina on Nantahala National Forest","","234424","1","","","","Public - federal","152.7'","Clinometer/laser rangefinder/sine","8.4'","101''","","","Jess Riddle, Doug Riddle","2007-01-30","http%3A%2F%2Fwww.nativetreesociety.org%2Ffieldtrips%2Fnorth_carolina%2Fsouthern_nantahala_wilderness.htm","N"
"Tuliptree","Liriodendron tulipifera","Georgia","Stephens","Panther Creek","","","","","249125","1","","","","Public - federal","139.4'","Clinometer/laser rangefinder/sine","10.8'","130''","","","Jess Riddle","2005-03-18","http%3A%2F%2Fwww.ents-bbs.org%2Fviewtopic.php%3Ff%3D73%26t%3D3469%26sid%3Da73770c2b894b38da07dbd9d5b148ced","N"
"Tuliptree","Liriodendron tulipifera","Georgia","Stephens","Panther Creek","","","","","249126","1","","","","Public - federal","142.1'","Clinometer/laser rangefinder/sine","","","","","Jess Riddle","2005-03-18","http%3A%2F%2Fwww.ents-bbs.org%2Fviewtopic.php%3Ff%3D73%26t%3D3469%26sid%3Da73770c2b894b38da07dbd9d5b148ced","N"
"Tuliptree","Liriodendron tulipifera","Georgia","Stephens","Panther Creek","","","","","249127","1","","","","Public - federal","150.9'","Clinometer/laser rangefinder/sine","","","","","Jess Riddle","2005-03-18","http%3A%2F%2Fwww.ents-bbs.org%2Fviewtopic.php%3Ff%3D73%26t%3D3469%26sid%3Da73770c2b894b38da07dbd9d5b148ced","N"
"Tuliptree","Liriodendron tulipifera","Georgia","Stephens","Panther Creek","","","","","249128","1","","","","Public - federal","157.6'","Clinometer/laser rangefinder/sine","8.3'","99''","","","Jess Riddle","2005-03-18","http%3A%2F%2Fwww.ents-bbs.org%2Fviewtopic.php%3Ff%3D73%26t%3D3469%26sid%3Da73770c2b894b38da07dbd9d5b148ced","N"
"Tuliptree","Liriodendron tulipifera","Georgia","Towns","Ramp Cove-Kelly Ridge Roadless Area","","","","","234466","1","","","","Public - federal","159.0'","","","","","","Jess Riddle","2005-04-10","http%3A%2F%2Fwww.nativetreesociety.org%2Ffieldtrips%2Fgeorgia%2Framp_cove.htm","N"
"Tuliptree","Liriodendron tulipifera","Georgia","Towns","Tate Branch","","","","","249357","1","","","","Public - federal","155.6'","Clinometer/laser rangefinder/sine","7.1'","85''","","","Jess Riddle, Doug Riddle","2014-07-29","http%3A%2F%2Fwww.ents-bbs.org%2Fviewtopic.php%3Ff%3D73%26t%3D6482%26sid%3D1aeb3af7acb19736d80519620d28c1b0","N"
"Tuliptree","Liriodendron tulipifera","Georgia","Union","Sosebee Cove Scenic Area","","","","","234407","1","","","","Public - federal","144.2'","Clinometer/laser rangefinder/sine","","","","","Jess Riddle","2005-07-13","http%3A%2F%2Fwww.nativetreesociety.org%2Ffieldtrips%2Fgeorgia%2Fsosbee_cove.htm","N"
"Tuliptree","Liriodendron tulipifera","Georgia","Union","Sosebee Cove Scenic Area","","","","","234406","1","","","","Public - federal","152.4'","Clinometer/laser rangefinder/sine","","","","Height is Not Less Then(NLT)","Jess Riddle","2005-07-13","http%3A%2F%2Fwww.nativetreesociety.org%2Ffieldtrips%2Fgeorgia%2Fsosbee_cove.htm","N"
"Tuliptree","Liriodendron tulipifera","Georgia","Union","Sosebee Cove Scenic Area","","","","","234404","1","","","","Public - federal","153.2'","Clinometer/laser rangefinder/sine","17.8'","214''","","","Jess Riddle","2005-07-13","http%3A%2F%2Fwww.nativetreesociety.org%2Ffieldtrips%2Fgeorgia%2Fsosbee_cove.htm","N"
"Tuliptree","Liriodendron tulipifera","Georgia","Union","Sosebee Cove Scenic Area","","","","","234408","1","","","","Public - federal","153.4'","Clinometer/laser rangefinder/sine","","","","","Jess Riddle","2005-07-13","http%3A%2F%2Fwww.nativetreesociety.org%2Ffieldtrips%2Fgeorgia%2Fsosbee_cove.htm","N"
"Tuliptree","Liriodendron tulipifera","Georgia","Union","Sosebee Cove Scenic Area","","","","","234405","1","","","","Public - federal","153.7'","Clinometer/laser rangefinder/sine","","","","Height is Not Less Then(NLT)","Jess Riddle","2005-07-13","http%3A%2F%2Fwww.nativetreesociety.org%2Ffieldtrips%2Fgeorgia%2Fsosbee_cove.htm","N"
"Tuliptree","Liriodendron tulipifera","Georgia","Walker","Pigeon Mountain","","","Trees measured in ""The Pocket""","","234481","1","","","","Public - state","120.5'","Clinometer/laser rangefinder/sine","","","","","Jess Riddle","2005-07-20","http%3A%2F%2Fwww.nativetreesociety.org%2Ffieldtrips%2Fgeorgia%2Fpocket.htm","N"
"Tuliptree","Liriodendron tulipifera","Georgia","Walker","Pigeon Mountain","","","Trees measured in ""The Pocket""","","234482","1","","","","Public - state","128.1'","Clinometer/laser rangefinder/sine","","","","","Jess Riddle","2005-07-20","http%3A%2F%2Fwww.nativetreesociety.org%2Ffieldtrips%2Fgeorgia%2Fpocket.htm","N"
"Tuliptree","Liriodendron tulipifera","Georgia","White","Horse Creek","","","","","249316","1","","","","Public - federal","139.4'","Clinometer/laser rangefinder/sine","","","","","Jess Riddle","2013-03-27","http%3A%2F%2Fwww.ents-bbs.org%2Fviewtopic.php%3Ff%3D73%26t%3D5208%26sid%3Da73770c2b894b38da07dbd9d5b148ced%23p22715","N"
"Tuliptree","Liriodendron tulipifera","Georgia","White","Spoilcane Creek","","","","","249295","1","","","","Public - federal","146.5'","Clinometer/laser rangefinder/sine","7.2'","86''","","","Jess Riddle","2012-01-06","http%3A%2F%2Fwww.ents-bbs.org%2Fviewtopic.php%3Ff%3D73%26t%3D3514%26sid%3Da73770c2b894b38da07dbd9d5b148ced","N"
"Tuliptree","Liriodendron tulipifera","Georgia","White","Spoilcane Creek","","","","","249296","1","","","","Public - federal","150.5'","Clinometer/laser rangefinder/sine","7.6'","91''","","","Jess Riddle","2012-01-06","http%3A%2F%2Fwww.ents-bbs.org%2Fviewtopic.php%3Ff%3D73%26t%3D3514%26sid%3Da73770c2b894b38da07dbd9d5b148ced","N"
"Tuliptree","Liriodendron tulipifera","Illinois","Johnson","Cache River State Natural Area","","","15,000 Acres, three management sections: Little Black Slough, Lower Cache River, Glass Hill.","","170987","1","","","","Public - state","118.5'","Clinometer/laser rangefinder/sine","6.9'","83''","","Height is NTL (Not Less Than)","Don Bragg, Beth Koebel","2007-01-03","http%3A%2F%2Fwww.nativetreesociety.org%2Ffieldtrips%2Fillinois%2Fcache_river_nature_area.htm","N"
"Tuliptree","Liriodendron tulipifera","Illinois","Wabash","Beall Woods State Park","","","All trees measured where on or within sight of the Tulip Tree Trail.","","273891","1","","","","Public - state","136.7'","Clinometer/laser rangefinder/sine","","","","","Elijah Woods","2020-09-23","http%3A%2F%2Fents-bbs.org%2Fviewtopic.php%3Ff%3D78%26t%3D8733","N"
"Tuliptree","Liriodendron tulipifera","Illinois","Wabash","Beall Woods State Park","","","All trees measured where on or within sight of the Tulip Tree Trail.","","281058","1","","","","Public - state","141.5'","Clinometer/laser rangefinder/sine","11.3'","136''","","","Beth Koebel","2009-07-09","http%3A%2F%2Fents-bbs.org%2Fviewtopic.php%3Ff%3D78%26t%3D8733","N"
"Tuliptree","Liriodendron tulipifera","Indiana","Lawrence","Donaldson Woods Nature Preserve","","","145 acres","","169842","1","","","","Public - state","","Clinometer/laser rangefinder/sine","12.0'","145''","","","Don Bragg","2006-07-05","http%3A%2F%2Fwww.ents-bbs.org%2Fviewtopic.php%3Ff%3D79%26t%3D6186%23p28117","N"
"Tuliptree","Liriodendron tulipifera","Indiana","Lawrence","Donaldson Woods Nature Preserve","","","145 acres","","169836","1","","","","Public - state","114.8'","Clinometer/laser rangefinder/sine","10.0'","120''","","","Don Bragg","2006-07-05","http%3A%2F%2Fwww.ents-bbs.org%2Fviewtopic.php%3Ff%3D79%26t%3D6186%23p28117","N"
"Tuliptree","Liriodendron tulipifera","Indiana","Lawrence","Donaldson Woods Nature Preserve","","","145 acres","","169838","1","","","","Public - state","119.2'","Clinometer/laser rangefinder/sine","12.2'","146''","","","Don Bragg","2006-07-05","http%3A%2F%2Fwww.ents-bbs.org%2Fviewtopic.php%3Ff%3D79%26t%3D6186%23p28117","N"
"Tuliptree","Liriodendron tulipifera","Indiana","Lawrence","Donaldson Woods Nature Preserve","","","145 acres","","169837","1","","","","Public - state","127.5'","Clinometer/laser rangefinder/sine","15.0'","179''","","","Don Bragg","2006-07-05","http%3A%2F%2Fwww.ents-bbs.org%2Fviewtopic.php%3Ff%3D79%26t%3D6186%23p28117","N"
"Tuliptree","Liriodendron tulipifera","Indiana","Lawrence","Donaldson Woods Nature Preserve","","","145 acres","","169916","1","","","","Public - state","139.2'","Clinometer/laser rangefinder/sine","15.1'","182''","","","Randy Brown","2008-04-23","http%3A%2F%2Fwww.ents-bbs.org%2Fviewtopic.php%3Ff%3D79%26t%3D6186%23p28117","N"
"Tuliptree","Liriodendron tulipifera","Indiana","Lawrence","Donaldson Woods Nature Preserve","","","145 acres","","169840","1","","","","Public - state","139.5'","Clinometer/laser rangefinder/sine","14.6'","175''","","","Don Bragg","2006-07-05","http%3A%2F%2Fwww.ents-bbs.org%2Fviewtopic.php%3Ff%3D79%26t%3D6186%23p28117","N"
"Tuliptree","Liriodendron tulipifera","Indiana","Lawrence","Donaldson Woods Nature Preserve","","","145 acres","","169937","1","","","","Public - state","142.4'","Clinometer/laser rangefinder/sine","12.6'","151''","","","Randy Brown","2008-04-23","http%3A%2F%2Fwww.ents-bbs.org%2Fviewtopic.php%3Ff%3D79%26t%3D6186%23p28117","N"
"Tuliptree","Liriodendron tulipifera","Indiana","Lawrence","Donaldson Woods Nature Preserve","","","145 acres","","169931","1","","","","Public - state","147.7'","Clinometer/laser rangefinder/sine","15.1'","181''","","","Randy Brown","2008-04-23","http%3A%2F%2Fwww.ents-bbs.org%2Fviewtopic.php%3Ff%3D79%26t%3D6186%23p28117","N"
"Tuliptree","Liriodendron tulipifera","Indiana","Lawrence","Donaldson Woods Nature Preserve","","","145 acres","","169933","1","","","","Public - state","149.7'","Clinometer/laser rangefinder/sine","13.3'","160''","","","Randy Brown","2008-04-23","http%3A%2F%2Fwww.ents-bbs.org%2Fviewtopic.php%3Ff%3D79%26t%3D6186%23p28117","N"
"Tuliptree","Liriodendron tulipifera","Indiana","Lawrence","Donaldson Woods Nature Preserve","","","145 acres","","169923","1","","","","Public - state","150.8'","Clinometer/laser rangefinder/sine","14.7'","177''","","","Randy Brown","2008-04-23","http%3A%2F%2Fwww.ents-bbs.org%2Fviewtopic.php%3Ff%3D79%26t%3D6186%23p28117","N"
"Tuliptree","Liriodendron tulipifera","Indiana","Lawrence","Donaldson Woods Nature Preserve","","","145 acres","","169958","1","","","","Public - state","152.4'","Clinometer/laser rangefinder/sine","13.8'","166''","","","Matt Markworth","2014-03-25","http%3A%2F%2Fwww.ents-bbs.org%2Fviewtopic.php%3Ff%3D79%26t%3D6186%23p28117","N"
"Tuliptree","Liriodendron tulipifera","Indiana","Lawrence","Donaldson Woods Nature Preserve","","","145 acres","","169957","1","","","","Public - state","155.9'","Clinometer/laser rangefinder/sine","12.8'","154''","","","Matt Markworth","2014-03-25","http%3A%2F%2Fwww.ents-bbs.org%2Fviewtopic.php%3Ff%3D79%26t%3D6186%23p28117","N"
"Tuliptree","Liriodendron tulipifera","Indiana","Monroe","Dunn's Woods","","","Originally a 20 acre tract reduced to 10 acres by campus buildings.","","169749","1","","","","Public-state","105.3'","Clinometer/laser rangefinder/sine","10.5'","126''","","","John Eichholz","2010-06-10","http%3A%2F%2Fwww.ents-bbs.org%2Fviewtopic.php%3Ff%3D79%26t%3D917%23p3154","N"
"Tuliptree","Liriodendron tulipifera","Indiana","Monroe","Dunn's Woods","","","Originally a 20 acre tract reduced to 10 acres by campus buildings.","","169748","1","","","","Public-state","108.0'","Clinometer/laser rangefinder/sine","8.6'","103''","","","John Eichholz","2010-06-10","http%3A%2F%2Fwww.ents-bbs.org%2Fviewtopic.php%3Ff%3D79%26t%3D917%23p3154","N"
"Tuliptree","Liriodendron tulipifera","Indiana","Monroe","Dunn's Woods","","","Originally a 20 acre tract reduced to 10 acres by campus buildings.","","169747","1","","","","Public-state","117.9'","Clinometer/laser rangefinder/sine","9.2'","110''","","","John Eichholz","2010-06-10","http%3A%2F%2Fwww.ents-bbs.org%2Fviewtopic.php%3Ff%3D79%26t%3D917%23p3154","N"
"Tuliptree","Liriodendron tulipifera","Indiana","Montgomery","Pine Hills Nature Preserve","","","470 acre preserve within Shade State Park","","169772","1","","","","Public - state","136.0'","Clinometer/laser rangefinder/sine","10.6'","127''","","","Matt Markworth","2013-01-29","http%3A%2F%2Fwww.ents-bbs.org%2Fviewtopic.php%3Ff%3D79%26t%3D4991%23p21475","N"
"Tuliptree","Liriodendron tulipifera","Indiana","Orange","Pioneer Mother's Memorial Forest","","","Near Paoli, Indiana
88 Acres","","169617","1","","","","Public - federal","","Clinometer/laser rangefinder/sine","8.9'","107''","","","Don Bragg","2005-06-30","http%3A%2F%2Fwww.ents-bbs.org%2Fviewtopic.php%3Ff%3D79%26t%3D6897","N"
"Tuliptree","Liriodendron tulipifera","Indiana","Orange","Pioneer Mother's Memorial Forest","","","Near Paoli, Indiana
88 Acres","","169847","1","","","","Public - federal","121.3'","Clinometer/laser rangefinder/sine","9.7'","116''","","","Randy Brown","2008-06-01","http%3A%2F%2Fwww.ents-bbs.org%2Fviewtopic.php%3Ff%3D79%26t%3D6897","N"
"Tuliptree","Liriodendron tulipifera","Indiana","Orange","Pioneer Mother's Memorial Forest","","","Near Paoli, Indiana
88 Acres","","169620","1","","","","Public - federal","127.3'","Clinometer/laser rangefinder/sine","11.5'","138''","","","Don Bragg","2005-06-30","http%3A%2F%2Fwww.ents-bbs.org%2Fviewtopic.php%3Ff%3D79%26t%3D6897","N"
"Tuliptree","Liriodendron tulipifera","Indiana","Orange","Pioneer Mother's Memorial Forest","","","Near Paoli, Indiana
88 Acres","","169947","1","","","","Public - federal","133.5'","Clinometer/laser rangefinder/sine","10.5'","126''","","","Mark Rouw","2015-02-14","http%3A%2F%2Fwww.ents-bbs.org%2Fviewtopic.php%3Ff%3D79%26t%3D6897","N"
"Tuliptree","Liriodendron tulipifera","Indiana","Orange","Pioneer Mother's Memorial Forest","","","Near Paoli, Indiana
88 Acres","","169859","1","","","","Public - federal","140.3'","Clinometer/laser rangefinder/sine","8.8'","106''","","","Randy Brown","2008-06-01","http%3A%2F%2Fwww.ents-bbs.org%2Fviewtopic.php%3Ff%3D79%26t%3D6897","N"
"Tuliptree","Liriodendron tulipifera","Kentucky","Bell","Pine Mountain Resort Park - Hemlock Garden Trail","36 44.668","-083 42.559","","","138345","1","36 44.668","-083 42.559","1400.0 ft","Public - State","131.1'","Clinometer/laser rangefinder/sine","9.8'","118''","","","Robert Leverett","2007-06-14","http%3A%2F%2Fwww.nativetreesociety.org%2Fevents%2Fkentucky2007%2Fgoing_south.htm","N"
"Tuliptree","Liriodendron tulipifera","Kentucky","Boone","Dinsmore Nature Preserve - Homestead","","","Nature Conservancy turned this over to the Boone County Court.","","76488","1","","","560.0 ft","Public -Boone  County Court","113.8'","Clinometer/laser rangefinder/sine","","","","","Dale Luthringer","2009-07-22","http%3A%2F%2Fgroups.google.com%2Fgroup%2Fentstrees%2Fbrowse_thread%2Fthread%2F1dfdcdcfe302b15a%3Fhl%3Den","N"
"Tuliptree","Liriodendron tulipifera","Kentucky","Boone","Dinsmore Nature Preserve - South","","","Nature Conservancy turned this over to the Boone County Court","","165579","1","","","560.0 ft","Public - Boone County Court","117.1'","Clinometer/laser rangefinder/sine","7.9'","95''","","Height is Not Less Than (NLT)","Dale Luthringer","2007-09-29","http%3A%2F%2Fwww.nativetreesociety.org%2Ffieldtrips%2Fkentucky%2Fdismore_woods.htm","N"
"Tuliptree","Liriodendron tulipifera","Kentucky","Boone","Dinsmore Nature Preserve - South","","","Nature Conservancy turned this over to the Boone County Court","","165580","1","","","560.0 ft","Public - Boone County Court","120.1'","Clinometer/laser rangefinder/sine","9.3'","112''","","Height is Not Less Than (NLT)","Dale Luthringer","2007-09-29","http%3A%2F%2Fwww.nativetreesociety.org%2Ffieldtrips%2Fkentucky%2Fdismore_woods.htm","N"
"Tuliptree","Liriodendron tulipifera","Kentucky","Edmonson","Mammoth Cave National Park","37 11.462","-086 05.765","","","297578","1","37 11.462","-086 05.765","560.0 ft","Public","140.3'","Clinometer/laser rangefinder/sine","7.2'","86''","","","Elijah Whitcomb","2023-06-23","","N"
"Tuliptree","Liriodendron tulipifera","Kentucky","Edmonson","Mammoth Cave National Park","37 10.298","-086 06.686","","","297627","1","37 10.298","-086 06.686","615.0 ft","Public","140.3'","Clinometer/laser rangefinder/sine","11.8'","142''","","","Elijah Whitcomb","2023-06-23","","N"
"Tuliptree","Liriodendron tulipifera","Kentucky","Edmonson","Mammoth Cave National Park","37 12.403","-086 13.379","","","297827","1","37 12.403","-086 13.379","580.0 ft","Public","141.6'","Clinometer/laser rangefinder/sine","8.5'","102''","","","Elijah Whitcomb","2023-06-23","","N"
"Tuliptree","Liriodendron tulipifera","Kentucky","Edmonson","Mammoth Cave National Park","37 09.913","-086 09.430","","","297395","1","37 09.913","-086 09.430","475.0 ft","Public","144.8'","Clinometer/laser rangefinder/sine","8.2'","98''","","","Elijah Whitcomb","2023-06-23","","N"
"Tuliptree","Liriodendron tulipifera","Kentucky","Edmonson","Mammoth Cave National Park","37 10.746","-086 06.557","","","297573","1","37 10.746","-086 06.557","465.0 ft","Public","144.9'","Clinometer/laser rangefinder/sine","","","","Trunk fused with beech tree","Elijah Whitcomb","2023-06-23","","N"
"Tuliptree","Liriodendron tulipifera","Kentucky","Edmonson","Mammoth Cave National Park","37 14.675","-086 03.745","","","297534","1","37 14.675","-086 03.745","755.0 ft","Public","145.1'","Clinometer/laser rangefinder/sine","9.0'","108''","","","Elijah Whitcomb","2023-06-23","","N"
"Tuliptree","Liriodendron tulipifera","Kentucky","Edmonson","Mammoth Cave National Park","","","","","297586","1","","","","Public","145.3'","Clinometer/laser rangefinder/sine","","","","","Elijah Whitcomb","2023-06-23","","N"
"Tuliptree","Liriodendron tulipifera","Kentucky","Edmonson","Mammoth Cave National Park","37 10.726","-086 09.225","","","297657","1","37 10.726","-086 09.225","440.0 ft","Public","145.4'","Clinometer/laser rangefinder/sine","10.5'","126''","","","Elijah Whitcomb","2023-06-23","","N"
"Tuliptree","Liriodendron tulipifera","Kentucky","Edmonson","Mammoth Cave National Park","37 10.593","-086 07.324","","","297686","1","37 10.593","-086 07.324","665.0 ft","Public","145.4'","Clinometer/laser rangefinder/sine","10.9'","131''","","","Elijah Whitcomb","2023-06-23","","N"
"Tuliptree","Liriodendron tulipifera","Kentucky","Edmonson","Mammoth Cave National Park","37 13.061","-086 13.645","","","297301","1","37 13.061","-086 13.645","665.0 ft","Public","145.5'","Clinometer/laser rangefinder/sine","8.5'","102''","","","Elijah Whitcomb","2023-06-23","","N"
"Tuliptree","Liriodendron tulipifera","Kentucky","Edmonson","Mammoth Cave National Park","37 13.154","-086 07.792","","","297498","1","37 13.154","-086 07.792","710.0 ft","Public","145.5'","Clinometer/laser rangefinder/sine","10.4'","125''","","","Elijah Whitcomb","2023-06-23","","N"
"Tuliptree","Liriodendron tulipifera","Kentucky","Edmonson","Mammoth Cave National Park","37 11.363","-086 08.745","","","297728","1","37 11.363","-086 08.745","465.0 ft","Public","146.0'","Clinometer/laser rangefinder/sine","7.0'","84''","","","Elijah Whitcomb","2023-06-23","","N"
"Tuliptree","Liriodendron tulipifera","Kentucky","Edmonson","Mammoth Cave National Park","37 14.644","-086 03.686","","","297535","1","37 14.644","-086 03.686","760.0 ft","Public","146.2'","Clinometer/laser rangefinder/sine","11.3'","136''","","","Elijah Whitcomb","2023-06-23","","N"
"Tuliptree","Liriodendron tulipifera","Kentucky","Edmonson","Mammoth Cave National Park","37 10.640","-086 07.305","","","297687","1","37 10.640","-086 07.305","580.0 ft","Public","146.3'","Clinometer/laser rangefinder/sine","9.2'","110''","","","Elijah Whitcomb","2023-06-23","","N"
"Tuliptree","Liriodendron tulipifera","Kentucky","Edmonson","Mammoth Cave National Park","37 12.368","-086 07.383","","","297499","1","37 12.368","-086 07.383","650.0 ft","Public","146.4'","Clinometer/laser rangefinder/sine","11.2'","134''","","","Elijah Whitcomb","2023-06-23","","N"
"Tuliptree","Liriodendron tulipifera","Kentucky","Edmonson","Mammoth Cave National Park","37 10.509","-086 06.702","","","297626","1","37 10.509","-086 06.702","","Public","146.4'","Clinometer/laser rangefinder/sine","10.2'","122''","","","Elijah Whitcomb","2023-06-23","","N"
"Tuliptree","Liriodendron tulipifera","Kentucky","Edmonson","Mammoth Cave National Park","37 11.388","-086 07.612","","","297828","1","37 11.388","-086 07.612","485.0 ft","Public","146.5'","Clinometer/laser rangefinder/sine","9.5'","114''","","","Elijah Whitcomb","2023-06-23","","N"
"Tuliptree","Liriodendron tulipifera","Kentucky","Edmonson","Mammoth Cave National Park","37 11.382","-086 07.593","","","297829","1","37 11.382","-086 07.593","485.0 ft","Public","146.9'","Clinometer/laser rangefinder/sine","11.2'","134''","","","Elijah Whitcomb","2023-06-23","","N"
"Tuliptree","Liriodendron tulipifera","Kentucky","Edmonson","Mammoth Cave National Park","37 08.868","-086 05.247","","","297462","1","37 08.868","-086 05.247","775.0 ft","Public","147.1'","Clinometer/laser rangefinder/sine","12.5'","150''","","","Elijah Whitcomb","2023-06-23","","N"
"Tuliptree","Liriodendron tulipifera","Kentucky","Edmonson","Mammoth Cave National Park","37 13.689","-086 06.303","","","297477","1","37 13.689","-086 06.303","550.0 ft","Public","147.1'","Clinometer/laser rangefinder/sine","9.7'","116''","","","Elijah Whitcomb","2023-06-23","","N"
"Tuliptree","Liriodendron tulipifera","Kentucky","Edmonson","Mammoth Cave National Park","37 10.357","-086 07.265","","","297605","1","37 10.357","-086 07.265","585.0 ft","Public","147.4'","Clinometer/laser rangefinder/sine","9.9'","119''","","","Elijah Whitcomb","2023-06-23","","N"
"Tuliptree","Liriodendron tulipifera","Kentucky","Edmonson","Mammoth Cave National Park","37 10.507","-086 06.692","","","297625","1","37 10.507","-086 06.692","","Public","147.4'","Clinometer/laser rangefinder/sine","10.4'","125''","","","Elijah Whitcomb","2023-06-23","","N"
"Tuliptree","Liriodendron tulipifera","Kentucky","Edmonson","Mammoth Cave National Park","37 09.443","-086 06.941","","","297631","1","37 09.443","-086 06.941","600.0 ft","Public","147.5'","Clinometer/laser rangefinder/sine","8.2'","98''","","","Elijah Whitcomb","2023-06-23","","N"
"Tuliptree","Liriodendron tulipifera","Kentucky","Edmonson","Mammoth Cave National Park","37 12.719","-086 07.392","","","297500","1","37 12.719","-086 07.392","670.0 ft","Public","147.8'","Clinometer/laser rangefinder/sine","8.0'","96''","","","Elijah Whitcomb","2023-06-23","","N"
"Tuliptree","Liriodendron tulipifera","Kentucky","Edmonson","Mammoth Cave National Park","37 09.908","-086 07.555","","","297604","1","37 09.908","-086 07.555","630.0 ft","Public","147.8'","Clinometer/laser rangefinder/sine","11.2'","134''","","","Elijah Whitcomb","2023-06-23","","N"
"Tuliptree","Liriodendron tulipifera","Kentucky","Edmonson","Mammoth Cave National Park","37 10.268","-086 06.704","","","297628","1","37 10.268","-086 06.704","615.0 ft","Public","147.8'","Clinometer/laser rangefinder/sine","7.4'","89''","","","Elijah Whitcomb","2023-06-23","","N"
"Tuliptree","Liriodendron tulipifera","Kentucky","Edmonson","Mammoth Cave National Park","37 10.611","-086 07.322","","","297688","1","37 10.611","-086 07.322","625.0 ft","Public","148.1'","Clinometer/laser rangefinder/sine","11.3'","136''","","","Elijah Whitcomb","2023-06-23","","N"
"Tuliptree","Liriodendron tulipifera","Kentucky","Edmonson","Mammoth Cave National Park","37 08.593","-086 05.088","","","297457","1","37 08.593","-086 05.088","740.0 ft","Public","148.2'","Clinometer/laser rangefinder/sine","11.7'","140''","","","Elijah Whitcomb","2023-06-23","","N"
"Tuliptree","Liriodendron tulipifera","Kentucky","Edmonson","Mammoth Cave National Park","37 13.690","-086 06.299","","","297478","1","37 13.690","-086 06.299","545.0 ft","Public","148.4'","Clinometer/laser rangefinder/sine","9.1'","109''","","","Elijah Whitcomb","2023-06-23","","N"
"Tuliptree","Liriodendron tulipifera","Kentucky","Edmonson","Mammoth Cave National Park","37 10.810","-086 07.620","","","297689","1","37 10.810","-086 07.620","660.0 ft","Public","148.5'","Clinometer/laser rangefinder/sine","7.8'","94''","","","Elijah Whitcomb","2023-06-23","","N"
"Tuliptree","Liriodendron tulipifera","Kentucky","Edmonson","Mammoth Cave National Park","37 10.572","-086 07.707","","","297606","1","37 10.572","-086 07.707","585.0 ft","Public","148.8'","Clinometer/laser rangefinder/sine","8.6'","103''","","","Elijah Whitcomb","2023-06-23","","N"
"Tuliptree","Liriodendron tulipifera","Kentucky","Edmonson","Mammoth Cave National Park","37 10.508","-086 08.520","","","297654","1","37 10.508","-086 08.520","595.0 ft","Public","149.6'","Clinometer/laser rangefinder/sine","7.5'","90''","","","Elijah Whitcomb","2023-06-23","","N"
"Tuliptree","Liriodendron tulipifera","Kentucky","Edmonson","Mammoth Cave National Park","37 10.589","-086 08.010","","","297612","1","37 10.589","-086 08.010","575.0 ft","Public","150.1'","Clinometer/laser rangefinder/sine","9.8'","118''","","","Elijah Whitcomb","2023-06-23","","N"
"Tuliptree","Liriodendron tulipifera","Kentucky","Edmonson","Mammoth Cave National Park","37 11.237","-086 06.539","","","297574","1","37 11.237","-086 06.539","415.0 ft","Public","150.3'","Clinometer/laser rangefinder/sine","","","","","Elijah Whitcomb","2023-06-23","","N"
"Tuliptree","Liriodendron tulipifera","Kentucky","Edmonson","Mammoth Cave National Park","37 08.838","-086 05.335","","","297461","1","37 08.838","-086 05.335","735.0 ft","Public","150.4'","Clinometer/laser rangefinder/sine","7.5'","90''","","","Elijah Whitcomb","2023-06-23","","N"
"Tuliptree","Liriodendron tulipifera","Kentucky","Edmonson","Mammoth Cave National Park","37 11.769","-086 11.577","","","297794","1","37 11.769","-086 11.577","425.0 ft","Public","150.4'","Clinometer/laser rangefinder/sine","6.4'","77''","","","Elijah Whitcomb","2023-06-23","","N"
"Tuliptree","Liriodendron tulipifera","Kentucky","Edmonson","Mammoth Cave National Park","37 13.310","-086 11.670","","","297388","1","37 13.310","-086 11.670","575.0 ft","Public","150.6'","Clinometer/laser rangefinder/sine","9.9'","119''","","","Elijah Whitcomb","2023-06-23","","N"
"Tuliptree","Liriodendron tulipifera","Kentucky","Edmonson","Mammoth Cave National Park","37 11.476","-086 05.791","","","297579","1","37 11.476","-086 05.791","555.0 ft","Public","151.0'","Clinometer/laser rangefinder/sine","8.2'","98''","","","Elijah Whitcomb","2023-06-23","","N"
"Tuliptree","Liriodendron tulipifera","Kentucky","Edmonson","Mammoth Cave National Park","37 11.434","-086 11.375","","","297793","1","37 11.434","-086 11.375","445.0 ft","Public","151.8'","Clinometer/laser rangefinder/sine","9.0'","108''","","","Elijah Whitcomb","2023-06-23","","N"
"Tuliptree","Liriodendron tulipifera","Kentucky","Edmonson","Mammoth Cave National Park","37 10.372","-086 07.921","","","297607","1","37 10.372","-086 07.921","620.0 ft","Public","152.0'","Clinometer/laser rangefinder/sine","8.9'","107''","","","Elijah Whitcomb","2023-06-23","","N"
"Tuliptree","Liriodendron tulipifera","Kentucky","Edmonson","Mammoth Cave National Park","37 13.327","-086 12.991","","","297335","1","37 13.327","-086 12.991","515.0 ft","Public","152.1'","Clinometer/laser rangefinder/sine","","","","","Elijah Whitcomb","2023-06-23","","N"
"Tuliptree","Liriodendron tulipifera","Kentucky","Edmonson","Mammoth Cave National Park","37 10.851","-086 07.603","","","297691","1","37 10.851","-086 07.603","605.0 ft","Public","152.4'","Clinometer/laser rangefinder/sine","7.0'","84''","","","Elijah Whitcomb","2023-06-23","","N"
"Tuliptree","Liriodendron tulipifera","Kentucky","Edmonson","Mammoth Cave National Park","37 12.934","-086 12.655","","","297418","1","37 12.934","-086 12.655","560.0 ft","Public","152.5'","Clinometer/laser rangefinder/sine","9.4'","113''","","","Elijah Whitcomb","2023-06-23","","N"
"Tuliptree","Liriodendron tulipifera","Kentucky","Edmonson","Mammoth Cave National Park","37 10.315","-086 07.889","","","297609","1","37 10.315","-086 07.889","620.0 ft","Public","152.6'","Clinometer/laser rangefinder/sine","10.3'","124''","","","Elijah Whitcomb","2023-06-23","","N"
"Tuliptree","Liriodendron tulipifera","Kentucky","Edmonson","Mammoth Cave National Park","37 12.349","-086 14.817","","","297315","1","37 12.349","-086 14.817","440.0 ft","Public","152.7'","Clinometer/laser rangefinder/sine","9.0'","108''","","","Elijah Whitcomb","2023-06-23","","N"
"Tuliptree","Liriodendron tulipifera","Kentucky","Edmonson","Mammoth Cave National Park","37 10.308","-086 07.896","","","297608","1","37 10.308","-086 07.896","625.0 ft","Public","152.7'","Clinometer/laser rangefinder/sine","8.4'","101''","","","Elijah Whitcomb","2023-06-23","","N"
"Tuliptree","Liriodendron tulipifera","Kentucky","Edmonson","Mammoth Cave National Park","37 10.504","-086 08.531","","","297653","1","37 10.504","-086 08.531","590.0 ft","Public","153.0'","Clinometer/laser rangefinder/sine","9.4'","113''","","","Elijah Whitcomb","2023-06-23","","N"
"Tuliptree","Liriodendron tulipifera","Kentucky","Edmonson","Mammoth Cave National Park","37 11.564","-086 08.866","","","297729","1","37 11.564","-086 08.866","515.0 ft","Public","153.0'","Clinometer/laser rangefinder/sine","7.8'","94''","","","Elijah Whitcomb","2023-06-23","","N"
"Tuliptree","Liriodendron tulipifera","Kentucky","Edmonson","Mammoth Cave National Park","37 08.521","-086 05.053","","","297460","1","37 08.521","-086 05.053","760.0 ft","Public","153.1'","Clinometer/laser rangefinder/sine","11.0'","132''","","","Elijah Whitcomb","2023-06-23","","N"
"Tuliptree","Liriodendron tulipifera","Kentucky","Edmonson","Mammoth Cave National Park","37 10.856","-086 07.570","","","297693","1","37 10.856","-086 07.570","610.0 ft","Public","153.2'","Clinometer/laser rangefinder/sine","8.7'","104''","","","Elijah Whitcomb","2023-06-23","","N"
"Tuliptree","Liriodendron tulipifera","Kentucky","Edmonson","Mammoth Cave National Park","37 10.207","-086 06.717","","","297629","1","37 10.207","-086 06.717","605.0 ft","Public","153.3'","Clinometer/laser rangefinder/sine","9.0'","108''","","","Elijah Whitcomb","2023-06-23","","N"
"Tuliptree","Liriodendron tulipifera","Kentucky","Edmonson","Mammoth Cave National Park","37 13.279","-086 12.491","","","297336","1","37 13.279","-086 12.491","625.0 ft","Public","153.6'","Clinometer/laser rangefinder/sine","10.1'","121''","","","Elijah Whitcomb","2023-06-23","","N"
"Tuliptree","Liriodendron tulipifera","Kentucky","Edmonson","Mammoth Cave National Park","37 11.066","-086 05.719","","","297576","1","37 11.066","-086 05.719","690.0 ft","Public","154.1'","Clinometer/laser rangefinder/sine","11.7'","140''","","","Elijah Whitcomb","2023-06-23","","N"
"Tuliptree","Liriodendron tulipifera","Kentucky","Edmonson","Mammoth Cave National Park","37 10.337","-086 07.906","","","297610","1","37 10.337","-086 07.906","625.0 ft","Public","154.2'","Clinometer/laser rangefinder/sine","12.2'","146''","","","Elijah Whitcomb","2023-06-23","","N"
"Tuliptree","Liriodendron tulipifera","Kentucky","Edmonson","Mammoth Cave National Park","37 08.556","-086 04.988","","","297459","1","37 08.556","-086 04.988","730.0 ft","Public","154.3'","Clinometer/laser rangefinder/sine","9.7'","116''","","","Elijah Whitcomb","2023-06-23","","N"
"Tuliptree","Liriodendron tulipifera","Kentucky","Edmonson","Mammoth Cave National Park","37 10.491","-086 08.556","","","297656","1","37 10.491","-086 08.556","605.0 ft","Public","154.3'","Clinometer/laser rangefinder/sine","9.5'","114''","","","Elijah Whitcomb","2023-06-23","","N"
"Tuliptree","Liriodendron tulipifera","Kentucky","Edmonson","Mammoth Cave National Park","37 13.912","-086 11.956","","","297364","1","37 13.912","-086 11.956","630.0 ft","Public","154.4'","Clinometer/laser rangefinder/sine","9.0'","108''","","","Elijah Whitcomb","2023-06-23","","N"
"Tuliptree","Liriodendron tulipifera","Kentucky","Edmonson","Mammoth Cave National Park","37 08.866","-086 05.389","","","297458","1","37 08.866","-086 05.389","725.0 ft","Public","155.0'","Clinometer/laser rangefinder/sine","7.6'","91''","","","Elijah Whitcomb","2023-06-23","","N"
"Tuliptree","Liriodendron tulipifera","Kentucky","Edmonson","Mammoth Cave National Park","37 10.861","-086 07.603","","","297692","1","37 10.861","-086 07.603","610.0 ft","Public","155.0'","Clinometer/laser rangefinder/sine","8.2'","98''","","","Elijah Whitcomb","2023-06-23","","N"
"Tuliptree","Liriodendron tulipifera","Kentucky","Edmonson","Mammoth Cave National Park","37 13.562","-086 12.040","","","297365","1","37 13.562","-086 12.040","580.0 ft","Public","155.1'","Clinometer/laser rangefinder/sine","10.7'","128''","","","Elijah Whitcomb","2023-06-23","","N"
"Tuliptree","Liriodendron tulipifera","Kentucky","Edmonson","Mammoth Cave National Park","37 10.369","-086 07.933","","","297611","1","37 10.369","-086 07.933","630.0 ft","Public","156.0'","Clinometer/laser rangefinder/sine","10.3'","124''","","","Elijah Whitcomb","2023-06-23","","N"
"Tuliptree","Liriodendron tulipifera","Kentucky","Edmonson","Mammoth Cave National Park","37 10.281","-086 08.410","","","297652","1","37 10.281","-086 08.410","630.0 ft","Public","156.1'","Clinometer/laser rangefinder/sine","8.9'","107''","","","Elijah Whitcomb","2023-06-23","","N"
"Tuliptree","Liriodendron tulipifera","Kentucky","Edmonson","Mammoth Cave National Park","37 13.349","-086 12.506","","","297337","1","37 13.349","-086 12.506","575.0 ft","Public","156.5'","Clinometer/laser rangefinder/sine","7.6'","91''","","","Elijah Whitcomb","2023-06-23","","N"
"Tuliptree","Liriodendron tulipifera","Kentucky","Edmonson","Mammoth Cave National Park","37 08.558","-086 05.045","","","297463","1","37 08.558","-086 05.045","735.0 ft","Public","156.6'","Clinometer/laser rangefinder/sine","10.2'","122''","","","Elijah Whitcomb","2023-06-23","","N"
"Tuliptree","Liriodendron tulipifera","Kentucky","Edmonson","Mammoth Cave National Park","37 11.319","-086 05.887","","","297575","1","37 11.319","-086 05.887","585.0 ft","Public","156.6'","Clinometer/laser rangefinder/sine","10.3'","124''","","","Elijah Whitcomb","2023-06-23","","N"
"Tuliptree","Liriodendron tulipifera","Kentucky","Edmonson","Mammoth Cave National Park","37 11.066","-086 05.709","","","297577","1","37 11.066","-086 05.709","685.0 ft","Public","157.5'","Clinometer/laser rangefinder/sine","9.4'","113''","","","Elijah Whitcomb","2023-06-23","","N"
"Tuliptree","Liriodendron tulipifera","Kentucky","Edmonson","Mammoth Cave National Park","37 10.285","-086 06.692","","","297630","1","37 10.285","-086 06.692","595.0 ft","Public","157.6'","Clinometer/laser rangefinder/sine","8.6'","103''","","","Elijah Whitcomb","2023-06-23","","N"
"Tuliptree","Liriodendron tulipifera","Kentucky","Edmonson","Mammoth Cave National Park","37 08.521","-086 04.515","","","297464","1","37 08.521","-086 04.515","740.0 ft","Public","158.2'","Clinometer/laser rangefinder/sine","10.3'","124''","","","Elijah Whitcomb","2023-06-23","","N"
"Tuliptree","Liriodendron tulipifera","Kentucky","Edmonson","Mammoth Cave National Park","37 10.489","-086 08.539","","","297655","1","37 10.489","-086 08.539","610.0 ft","Public","158.4'","Clinometer/laser rangefinder/sine","14.2'","170''","","","Elijah Whitcomb","2023-06-23","","N"
"Tuliptree","Liriodendron tulipifera","Kentucky","Edmonson","Mammoth Cave National Park","37 10.856","-086 07.596","","","297690","1","37 10.856","-086 07.596","600.0 ft","Public","159.0'","Clinometer/laser rangefinder/sine","8.0'","96''","","","Elijah Whitcomb","2023-06-23","","N"
"Tuliptree","Liriodendron tulipifera","Kentucky","Edmonson","Mammoth Cave National Park","37 10.885","-086 07.573","","","297694","1","37 10.885","-086 07.573","595.0 ft","Public","161.2'","Clinometer/laser rangefinder/sine","8.7'","104''","","","Elijah Whitcomb","2023-06-23","","N"
"Tuliptree","Liriodendron tulipifera","Kentucky","Franklin","Kentucky Single Tree Sites","36 53.144","-084 26.550","","","174559","1","36 53.144","-084 26.550","1000.0 ft","Public/ Private","172.0'","Tree climb with tape drop","18.6'","223''","","Tree climb and measurement 11/6/2010 by Tim Robison, Landon Smith, Duane Hook
Tree located in Beaver Creek Wildlife Management Area of Daniel Boone National Forest, McCreary County.","Various Various","2000-01-01","","N"
"Tuliptree","Liriodendron tulipifera","Kentucky","Franklin","Old State Capital Square","","","","","112327","1","","","","Public - state","84.4'","Clinometer/laser rangefinder/sine","7.3'","88''","","","Turner Sharp","2015-12-02","","N"
"Tuliptree","Liriodendron tulipifera","Kentucky","Harlan","Blanton Forest Nature Preserve","","","","","138352","1","","","","Public -  State","135.3'","Clinometer/laser rangefinder/sine","7.4'","89''","","","Robert Leverett","2007-06-16","http%3A%2F%2Fwww.nativetreesociety.org%2Fevents%2Fkentucky2007%2Fgoing_south.htm","N"
"Tuliptree","Liriodendron tulipifera","Kentucky","Letcher","Lilly Cornett Woods","","","Must make an appointment to access the property","","76453","1","","","1200.0 ft","Public - State Natural Area","","Clinometer/laser rangefinder/sine","11.5'","138''","","","Dale Luthringer","2004-02-17","http%3A%2F%2Fwww.nativetreesociety.org%2Ffieldtrips%2Fkentucky%2Flilley_cornett_woods.htm","N"
"Tuliptree","Liriodendron tulipifera","Kentucky","Letcher","Lilly Cornett Woods","","","Must make an appointment to access the property","","76454","1","","","1200.0 ft","Public - State Natural Area","162.1'","Clinometer/laser rangefinder/sine","10.2'","122''","","","Dale Luthringer","2004-02-17","http%3A%2F%2Fwww.nativetreesociety.org%2Ffieldtrips%2Fkentucky%2Flilley_cornett_woods.htm","N"
"Tuliptree","Liriodendron tulipifera","Kentucky","Menifee","Red River Gorge","","","Tree was measured in the Clifty Wilderness.","","232318","1","","","","Public - federal","157.3'","Clinometer/laser rangefinder/sine","","","","","Matt Markworth","2016-01-09","http%3A%2F%2Fwww.ents-bbs.org%2Fviewtopic.php%3Ff%3D82%26t%3D7437%26sid%3D29c48802a639a76198bc62819e1475c2%26start","N"
"Tuliptree","Liriodendron tulipifera","Kentucky","Trigg","Hematite Lake","36 53.517","-088 03.259","","","322687","1","36 53.517","-088 03.259","370.0 ft","Public","134.4'","Clinometer/laser rangefinder/sine","9.4'","113''","","","Elijah Whitcomb","2025-09-20","","N"
"Tuliptree","Liriodendron tulipifera","Kentucky","Trigg","Hematite Lake","36 53.504","-088 03.212","","","322688","1","36 53.504","-088 03.212","390.0 ft","Public","142.3'","Clinometer/laser rangefinder/sine","10.6'","127''","","","Elijah Whitcomb","2025-09-20","","N"
"Tuliptree","Liriodendron tulipifera","Kentucky","Trigg","Hematite Lake","36 53.492","-088 03.111","","","322689","1","36 53.492","-088 03.111","410.0 ft","Public","152.8'","Clinometer/laser rangefinder/sine","11.5'","138''","","","Elijah Whitcomb","2025-09-20","","N"
"Tuliptree","Liriodendron tulipifera","Massachusetts","Franklin","Shelburne Falls Area","","","","","235567","1","","","","Public-Private","105.6'","Clinometer/laser rangefinder/sine","13.2'","158''","","","John Eichholz","2004-11-05","http%3A%2F%2Fwww.nativetreesociety.org%2Ffieldtrips%2Fmass%2Fshelburne04.htm","N"
"Tuliptree","Liriodendron tulipifera","Massachusetts","Franklin","Whately Tract","","","","","235475","1","","","","Private","72.0'","Clinometer/laser rangefinder/sine","2.6'","31''","","","Gary Beluzo","2007-01-06","http%3A%2F%2Fwww.nativetreesociety.org%2Ffieldtrips%2Fmass%2Fliriodendron_in_franklin.htm","N"
"Tuliptree","Liriodendron tulipifera","Massachusetts","Franklin","Whately Tract","","","","","235470","1","","","","Private","86.2'","Clinometer/laser rangefinder/sine","4.5'","54''","","","Gary Beluzo","2007-01-06","http%3A%2F%2Fwww.nativetreesociety.org%2Ffieldtrips%2Fmass%2Fliriodendron_in_franklin.htm","N"
"Tuliptree","Liriodendron tulipifera","Massachusetts","Franklin","Whately Tract","","","","","235476","1","","","","Private","88.5'","Clinometer/laser rangefinder/sine","3.3'","40''","","","Gary Beluzo","2007-01-06","http%3A%2F%2Fwww.nativetreesociety.org%2Ffieldtrips%2Fmass%2Fliriodendron_in_franklin.htm","N"
"Tuliptree","Liriodendron tulipifera","Massachusetts","Franklin","Whately Tract","","","","","235469","1","","","","Private","90.8'","Clinometer/laser rangefinder/sine","4.5'","54''","","","Gary Beluzo","2007-01-06","http%3A%2F%2Fwww.nativetreesociety.org%2Ffieldtrips%2Fmass%2Fliriodendron_in_franklin.htm","N"
"Tuliptree","Liriodendron tulipifera","Massachusetts","Franklin","Whately Tract","","","","","235474","1","","","","Private","94.5'","Clinometer/laser rangefinder/sine","4.3'","52''","","","Gary Beluzo","2007-01-06","http%3A%2F%2Fwww.nativetreesociety.org%2Ffieldtrips%2Fmass%2Fliriodendron_in_franklin.htm","N"
"Tuliptree","Liriodendron tulipifera","Massachusetts","Franklin","Whately Tract","","","","","235478","1","","","","Private","94.5'","Clinometer/laser rangefinder/sine","3.9'","47''","","","Gary Beluzo","2007-01-06","http%3A%2F%2Fwww.nativetreesociety.org%2Ffieldtrips%2Fmass%2Fliriodendron_in_franklin.htm","N"
"Tuliptree","Liriodendron tulipifera","Massachusetts","Franklin","Whately Tract","","","","","235464","1","","","","Private","94.9'","Clinometer/laser rangefinder/sine","5.1'","61''","","","Gary Beluzo","2007-01-06","http%3A%2F%2Fwww.nativetreesociety.org%2Ffieldtrips%2Fmass%2Fliriodendron_in_franklin.htm","N"
"Tuliptree","Liriodendron tulipifera","Massachusetts","Franklin","Whately Tract","","","","","235472","1","","","","Private","96.0'","Clinometer/laser rangefinder/sine","4.9'","59''","","","Gary Beluzo","2007-01-06","http%3A%2F%2Fwww.nativetreesociety.org%2Ffieldtrips%2Fmass%2Fliriodendron_in_franklin.htm","N"
"Tuliptree","Liriodendron tulipifera","Massachusetts","Franklin","Whately Tract","","","","","235477","1","","","","Private","96.0'","Clinometer/laser rangefinder/sine","4.9'","59''","","","Gary Beluzo","2007-01-06","http%3A%2F%2Fwww.nativetreesociety.org%2Ffieldtrips%2Fmass%2Fliriodendron_in_franklin.htm","N"
"Tuliptree","Liriodendron tulipifera","Massachusetts","Franklin","Whately Tract","","","","","235465","1","","","","Private","98.1'","Clinometer/laser rangefinder/sine","3.9'","47''","","","Gary Beluzo","2007-01-06","http%3A%2F%2Fwww.nativetreesociety.org%2Ffieldtrips%2Fmass%2Fliriodendron_in_franklin.htm","N"
"Tuliptree","Liriodendron tulipifera","Massachusetts","Franklin","Whately Tract","","","","","235480","1","","","","Private","100.2'","Clinometer/laser rangefinder/sine","4.5'","54''","","","Gary Beluzo","2007-01-06","http%3A%2F%2Fwww.nativetreesociety.org%2Ffieldtrips%2Fmass%2Fliriodendron_in_franklin.htm","N"
"Tuliptree","Liriodendron tulipifera","Massachusetts","Franklin","Whately Tract","","","","","235479","1","","","","Private","100.5'","Clinometer/laser rangefinder/sine","4.6'","55''","","","Gary Beluzo","2007-01-06","http%3A%2F%2Fwww.nativetreesociety.org%2Ffieldtrips%2Fmass%2Fliriodendron_in_franklin.htm","N"
"Tuliptree","Liriodendron tulipifera","Massachusetts","Franklin","Whately Tract","","","","","235467","1","","","","Private","101.9'","Clinometer/laser rangefinder/sine","4.0'","48''","","","Gary Beluzo","2007-01-06","http%3A%2F%2Fwww.nativetreesociety.org%2Ffieldtrips%2Fmass%2Fliriodendron_in_franklin.htm","N"
"Tuliptree","Liriodendron tulipifera","Massachusetts","Franklin","Whately Tract","","","","","235473","1","","","","Private","102.0'","Clinometer/laser rangefinder/sine","4.7'","56''","","","Gary Beluzo","2007-01-06","http%3A%2F%2Fwww.nativetreesociety.org%2Ffieldtrips%2Fmass%2Fliriodendron_in_franklin.htm","N"
"Tuliptree","Liriodendron tulipifera","Massachusetts","Franklin","Whately Tract","","","","","235468","1","","","","Private","103.2'","Clinometer/laser rangefinder/sine","6.3'","76''","","","Gary Beluzo","2007-01-06","http%3A%2F%2Fwww.nativetreesociety.org%2Ffieldtrips%2Fmass%2Fliriodendron_in_franklin.htm","N"
"Tuliptree","Liriodendron tulipifera","Massachusetts","Franklin","Whately Tract","","","","","235471","1","","","","Private","103.5'","Clinometer/laser rangefinder/sine","6.3'","76''","","","Gary Beluzo","2007-01-06","http%3A%2F%2Fwww.nativetreesociety.org%2Ffieldtrips%2Fmass%2Fliriodendron_in_franklin.htm","N"
"Tuliptree","Liriodendron tulipifera","Massachusetts","Franklin","Whately Tract","","","","","235466","1","","","","Private","105.5'","Clinometer/laser rangefinder/sine","4.1'","49''","","","Gary Beluzo","2007-01-06","http%3A%2F%2Fwww.nativetreesociety.org%2Ffieldtrips%2Fmass%2Fliriodendron_in_franklin.htm","N"
"Tuliptree","Liriodendron tulipifera","Massachusetts","Hampden","Robinson State Park","","","Trees were measured in two different coves","","235628","1","","","","Public - state","100.5'","Clinometer/laser rangefinder/sine","9.4'","113''","","","Gary Beluzo","2006-11-29","http%3A%2F%2Fwww.nativetreesociety.org%2Ffieldtrips%2Fmass%2Frobinson%2Frobinson_state_park_update.htm","N"
"Tuliptree","Liriodendron tulipifera","Massachusetts","Hampden","Robinson State Park","","","Trees were measured in two different coves","","235626","1","","","","Public - state","116.5'","Clinometer/laser rangefinder/sine","9.3'","112''","","","Gary Beluzo","2006-11-29","http%3A%2F%2Fwww.nativetreesociety.org%2Ffieldtrips%2Fmass%2Frobinson%2Frobinson_state_park_update.htm","N"
"Tuliptree","Liriodendron tulipifera","Massachusetts","Hampden","Robinson State Park","","","Trees were measured in two different coves","","235625","1","","","","Public - state","117.2'","Clinometer/laser rangefinder/sine","9.5'","114''","","","Gary Beluzo","2006-11-29","http%3A%2F%2Fwww.nativetreesociety.org%2Ffieldtrips%2Fmass%2Frobinson%2Frobinson_state_park_update.htm","N"
"Tuliptree","Liriodendron tulipifera","Massachusetts","Hampden","Robinson State Park","","","Trees were measured in two different coves","","235633","1","","","","Public - state","118.0'","Clinometer/laser rangefinder/sine","8.4'","101''","","","Gary Beluzo","2006-11-29","http%3A%2F%2Fwww.nativetreesociety.org%2Ffieldtrips%2Fmass%2Frobinson%2Frobinson_state_park_update.htm","N"
"Tuliptree","Liriodendron tulipifera","Massachusetts","Hampden","Robinson State Park","","","Trees were measured in two different coves","","235634","1","","","","Public - state","118.3'","Clinometer/laser rangefinder/sine","9.4'","113''","","","Gary Beluzo","2006-11-29","http%3A%2F%2Fwww.nativetreesociety.org%2Ffieldtrips%2Fmass%2Frobinson%2Frobinson_state_park_update.htm","N"
"Tuliptree","Liriodendron tulipifera","Massachusetts","Hampden","Robinson State Park","","","Trees were measured in two different coves","","235612","1","","","","Public - state","118.6'","Clinometer/laser rangefinder/sine","","","","","John Eichholz","2006-12-03","http%3A%2F%2Fwww.nativetreesociety.org%2Ffieldtrips%2Fmass%2Frobinson%2Frobinson_state_park_update.htm","N"
"Tuliptree","Liriodendron tulipifera","Massachusetts","Hampden","Robinson State Park","","","Trees were measured in two different coves","","235631","1","","","","Public - state","119.2'","Clinometer/laser rangefinder/sine","8.5'","102''","","","Gary Beluzo","2006-11-29","http%3A%2F%2Fwww.nativetreesociety.org%2Ffieldtrips%2Fmass%2Frobinson%2Frobinson_state_park_update.htm","N"
"Tuliptree","Liriodendron tulipifera","Massachusetts","Hampden","Robinson State Park","","","Trees were measured in two different coves","","235629","1","","","","Public - state","119.5'","Clinometer/laser rangefinder/sine","11.7'","140''","","","Gary Beluzo","2006-11-29","http%3A%2F%2Fwww.nativetreesociety.org%2Ffieldtrips%2Fmass%2Frobinson%2Frobinson_state_park_update.htm","N"
"Tuliptree","Liriodendron tulipifera","Massachusetts","Hampden","Robinson State Park","","","Trees were measured in two different coves","","235627","1","","","","Public - state","123.6'","Clinometer/laser rangefinder/sine","10.1'","121''","","","Gary Beluzo","2006-11-29","http%3A%2F%2Fwww.nativetreesociety.org%2Ffieldtrips%2Fmass%2Frobinson%2Frobinson_state_park_update.htm","N"
"Tuliptree","Liriodendron tulipifera","Massachusetts","Hampden","Robinson State Park","","","Trees were measured in two different coves","","235611","1","","","","Public - state","123.9'","Clinometer/laser rangefinder/sine","8.5'","102''","","","John Eichholz","2006-12-03","http%3A%2F%2Fwww.nativetreesociety.org%2Ffieldtrips%2Fmass%2Frobinson%2Frobinson_state_park_update.htm","N"
"Tuliptree","Liriodendron tulipifera","Massachusetts","Hampden","Robinson State Park","","","Trees were measured in two different coves","","235632","1","","","","Public - state","126.1'","Clinometer/laser rangefinder/sine","8.6'","103''","","","Gary Beluzo","2006-11-29","http%3A%2F%2Fwww.nativetreesociety.org%2Ffieldtrips%2Fmass%2Frobinson%2Frobinson_state_park_update.htm","N"
"Tuliptree","Liriodendron tulipifera","Massachusetts","Hampden","Robinson State Park","","","Trees were measured in two different coves","","235610","1","","","","Public - state","126.8'","Clinometer/laser rangefinder/sine","11.0'","132''","","","John Eichholz","2006-12-03","http%3A%2F%2Fwww.nativetreesociety.org%2Ffieldtrips%2Fmass%2Frobinson%2Frobinson_state_park_update.htm","N"
"Tuliptree","Liriodendron tulipifera","Massachusetts","Hampden","Robinson State Park","","","Trees were measured in two different coves","","235630","1","","","","Public - state","131.3'","Clinometer/laser rangefinder/sine","12.4'","149''","","","Gary Beluzo","2006-11-29","http%3A%2F%2Fwww.nativetreesociety.org%2Ffieldtrips%2Fmass%2Frobinson%2Frobinson_state_park_update.htm","N"
"Tuliptree","Liriodendron tulipifera","Massachusetts","Hampden","Robinson State Park","","","Trees were measured in two different coves","","235613","1","","","","Public - state","140.9'","Clinometer/laser rangefinder/sine","","","","","John Eichholz","2006-12-03","http%3A%2F%2Fwww.nativetreesociety.org%2Ffieldtrips%2Fmass%2Frobinson%2Frobinson_state_park_update.htm","N"
"Tuliptree","Liriodendron tulipifera","Massachusetts","Hampshire","Emily Dickinson House And Museum","","","","","235850","1","","","","Public - state","123.4'","Clinometer/laser rangefinder/sine","11.3'","136''","","","Andrew Joslin","2009-02-22","http%3A%2F%2Fwww.nativetreesociety.org%2Ffieldtrips%2Fmass%2Famherst_hadley1.htm","N"
"Tuliptree","Liriodendron tulipifera","Massachusetts","Hampshire","Lower Broad Brook","42 21.082","-072 40.664","","","2388","1","42 21.082","-072 40.664","250.0 ft","Private","126.0'","Clinometer/laser rangefinder/sine","6.7'","80''","47.0'","Monica's Tuliptree","Robert Leverett","2011-03-19","","N"
"Tuliptree","Liriodendron tulipifera","Massachusetts","Hampshire","Lower Broad Brook","42 21.063","-072 40.641","","","19218","1","42 21.063","-072 40.641","220.0 ft","Private","126.7'","Clinometer/laser rangefinder/sine","6.0'","72''","45.0'","","Robert Leverett","2012-01-20","","N"
"Tuliptree","Liriodendron tulipifera","Massachusetts","Hampshire","Lower Broad Brook","42 21.082","-072 40.664","","","2387","1","42 21.082","-072 40.664","250.0 ft","Private","130.3'","Clinometer/laser rangefinder/sine","6.8'","82''","50.0'","","Robert Leverett","2011-03-19","","N"
"Tuliptree","Liriodendron tulipifera","Massachusetts","Plymouth","Russell Pond","","","","","235460","1","","","","Private-Land Trust","","Clinometer/laser rangefinder/sine","11.7'","140''","","","Gary Beluzo","2007-01-16","http%3A%2F%2Fwww.nativetreesociety.org%2Ffieldtrips%2Fmass%2Fliriodendron_in_franklin.htm","N"
"Tuliptree","Liriodendron tulipifera","Massachusetts","Plymouth","Russell Pond","","","","","235461","1","","","","Private-Land Trust","","Clinometer/laser rangefinder/sine","10.9'","131''","","","Gary Beluzo","2007-01-16","http%3A%2F%2Fwww.nativetreesociety.org%2Ffieldtrips%2Fmass%2Fliriodendron_in_franklin.htm","N"
"Tuliptree","Liriodendron tulipifera","Massachusetts","Plymouth","Russell Pond","","","","","235462","1","","","","Private-Land Trust","","Clinometer/laser rangefinder/sine","10.1'","121''","","","Gary Beluzo","2007-01-16","http%3A%2F%2Fwww.nativetreesociety.org%2Ffieldtrips%2Fmass%2Fliriodendron_in_franklin.htm","N"
"Tuliptree","Liriodendron tulipifera","Massachusetts","Plymouth","Russell Pond","","","","","235463","1","","","","Private-Land Trust","","Clinometer/laser rangefinder/sine","9.8'","118''","","","Gary Beluzo","2007-01-16","http%3A%2F%2Fwww.nativetreesociety.org%2Ffieldtrips%2Fmass%2Fliriodendron_in_franklin.htm","N"
"Tuliptree","Liriodendron tulipifera","Massachusetts","Suffolk","Massachusetts Single Tree Sites","42 06.873","-072 48.069","","","255996","1","42 06.873","-072 48.069","","Public-Private","","Clinometer/laser rangefinder/sine","14.2'","170''","","Measured by G. Beluzo 1/16/2007, North Loomis Road, Granville(part of Springfield), Hampden County.","Various Various","2001-01-01","","N"
"Tuliptree","Liriodendron tulipifera","Massachusetts","Suffolk","Massachusetts Single Tree Sites","41 49.032","-071 07.785","","","255997","1","41 49.032","-071 07.785","","Public-Private","97.5'","Clinometer/laser rangefinder/sine","14.3'","172''","","Known as the Dighton Tuliptree,
Measured by D. Bidlack 2/3/2007 at the Dighton Community Church, 2036 Elm Street, Dighton, Bristol County.","Various Various","2001-01-01","","N"
"Tuliptree","Liriodendron tulipifera","Maryland","Anne Arundel","Chase Creek Woods","","","","","280959","1","","","","Private","","Clinometer/laser rangefinder/sine","19.8'","238''","","","Colby Rucker","2003-07-01","","N"
"Tuliptree","Liriodendron tulipifera","Maryland","Anne Arundel","Chase Creek Woods","39 01.863","-076 30.556","","","280906","1","39 01.863","-076 30.556","","Private","157.6'","Clinometer/laser rangefinder/sine","9.6'","115''","","","Colby Rucker","2003-07-01","","N"
"Tuliptree","Liriodendron tulipifera","Maryland","Anne Arundel","Corcoran Environmental Study Area","","","","","128107","1","","","","Public","","Clinometer/laser rangefinder/sine","13.3'","159''","","","Colby Rucker","2002-04-08","","N"
"Tuliptree","Liriodendron tulipifera","Maryland","Anne Arundel","Corcoran Environmental Study Area","39 02.031","-076 25.020","","","128073","1","39 02.031","-076 25.020","","Public","142.1'","Clinometer/laser rangefinder/sine","12.3'","148''","","","Colby Rucker","2002-04-08","","N"
"Tuliptree","Liriodendron tulipifera","Maryland","Anne Arundel","Eco Trail Of Downs Memorial Park","","","","","128127","1","","","","Public County","","","5.2'","62''","","","Matthew Hannum","2007-07-01","","N"
"Tuliptree","Liriodendron tulipifera","Maryland","Anne Arundel","Ray's Pond","39 01.840","-076 31.120","Trees are located in ravine above Rays Pond","","45351","1","39 01.840","-076 31.120","","Private","154.6'","Clinometer/laser rangefinder/sine","15.6'","187''","","","Rucker Colby","2002-08-11","","N"
"Tuliptree","Liriodendron tulipifera","Maryland","Baltimore","Loch Raven Reservior","","","9,200 acres minus 3,100 acres of water at crest..
Supplies the City of Baltimore and Baltimore County with drinking water.","","231428","1","","","","Public - city","147.3'","Clinometer/laser rangefinder/sine","13.5'","161''","","","George Fieo","2015-11-15","http%3A%2F%2Fwww.ents-bbs.org%2Fviewtopic.php%3Ff%3D85%26t%3D8746%26sid%3D97ab2f9c9694ae17b9e495f826350141","N"
"Tuliptree","Liriodendron tulipifera","Maryland","Baltimore","Loch Raven Reservior","","","9,200 acres minus 3,100 acres of water at crest..
Supplies the City of Baltimore and Baltimore County with drinking water.","","231429","1","","","","Public - city","149.8'","Clinometer/laser rangefinder/sine","12.8'","154''","","","George Fieo","2015-11-15","http%3A%2F%2Fwww.ents-bbs.org%2Fviewtopic.php%3Ff%3D85%26t%3D8746%26sid%3D97ab2f9c9694ae17b9e495f826350141","N"
"Tuliptree","Liriodendron tulipifera","Maryland","Baltimore","Loch Raven Reservior","","","9,200 acres minus 3,100 acres of water at crest..
Supplies the City of Baltimore and Baltimore County with drinking water.","","231392","1","","","","Public - city","150.8'","Clinometer/laser rangefinder/sine","10.0'","120''","","","George Fieo","2015-11-15","http%3A%2F%2Fwww.ents-bbs.org%2Fviewtopic.php%3Ff%3D85%26t%3D8746%26sid%3D97ab2f9c9694ae17b9e495f826350141","N"
"Tuliptree","Liriodendron tulipifera","Maryland","Baltimore","Loch Raven Reservior","","","9,200 acres minus 3,100 acres of water at crest..
Supplies the City of Baltimore and Baltimore County with drinking water.","","231393","1","","","","Public - city","151.2'","Clinometer/laser rangefinder/sine","","","","","George Fieo","2015-11-15","http%3A%2F%2Fwww.ents-bbs.org%2Fviewtopic.php%3Ff%3D85%26t%3D8746%26sid%3D97ab2f9c9694ae17b9e495f826350141","N"
"Tuliptree","Liriodendron tulipifera","Maryland","Baltimore","Loch Raven Reservior","","","9,200 acres minus 3,100 acres of water at crest..
Supplies the City of Baltimore and Baltimore County with drinking water.","","231396","1","","","","Public - city","151.4'","Clinometer/laser rangefinder/sine","9.2'","110''","","","George Fieo","2015-11-15","http%3A%2F%2Fwww.ents-bbs.org%2Fviewtopic.php%3Ff%3D85%26t%3D8746%26sid%3D97ab2f9c9694ae17b9e495f826350141","N"
"Tuliptree","Liriodendron tulipifera","Maryland","Baltimore","Loch Raven Reservior","","","9,200 acres minus 3,100 acres of water at crest..
Supplies the City of Baltimore and Baltimore County with drinking water.","","231397","1","","","","Public - city","151.5'","Clinometer/laser rangefinder/sine","9.8'","117''","","","George Fieo","2015-11-15","http%3A%2F%2Fwww.ents-bbs.org%2Fviewtopic.php%3Ff%3D85%26t%3D8746%26sid%3D97ab2f9c9694ae17b9e495f826350141","N"
"Tuliptree","Liriodendron tulipifera","Maryland","Baltimore","Loch Raven Reservior","","","9,200 acres minus 3,100 acres of water at crest..
Supplies the City of Baltimore and Baltimore County with drinking water.","","231394","1","","","","Public - city","151.6'","Clinometer/laser rangefinder/sine","8.3'","100''","","","George Fieo","2015-11-15","http%3A%2F%2Fwww.ents-bbs.org%2Fviewtopic.php%3Ff%3D85%26t%3D8746%26sid%3D97ab2f9c9694ae17b9e495f826350141","N"
"Tuliptree","Liriodendron tulipifera","Maryland","Baltimore","Loch Raven Reservior","","","9,200 acres minus 3,100 acres of water at crest..
Supplies the City of Baltimore and Baltimore County with drinking water.","","231395","1","","","","Public - city","151.8'","Clinometer/laser rangefinder/sine","9.2'","110''","","","George Fieo","2015-11-15","http%3A%2F%2Fwww.ents-bbs.org%2Fviewtopic.php%3Ff%3D85%26t%3D8746%26sid%3D97ab2f9c9694ae17b9e495f826350141","N"
"Tuliptree","Liriodendron tulipifera","Maryland","Baltimore","Loch Raven Reservior","","","9,200 acres minus 3,100 acres of water at crest..
Supplies the City of Baltimore and Baltimore County with drinking water.","","231398","1","","","","Public - city","152.3'","Clinometer/laser rangefinder/sine","9.2'","110''","","","George Fieo","2015-11-15","http%3A%2F%2Fwww.ents-bbs.org%2Fviewtopic.php%3Ff%3D85%26t%3D8746%26sid%3D97ab2f9c9694ae17b9e495f826350141","N"
"Tuliptree","Liriodendron tulipifera","Maryland","Baltimore","Loch Raven Reservior","","","9,200 acres minus 3,100 acres of water at crest..
Supplies the City of Baltimore and Baltimore County with drinking water.","","231399","1","","","","Public - city","152.3'","Clinometer/laser rangefinder/sine","8.7'","104''","","","George Fieo","2015-11-15","http%3A%2F%2Fwww.ents-bbs.org%2Fviewtopic.php%3Ff%3D85%26t%3D8746%26sid%3D97ab2f9c9694ae17b9e495f826350141","N"
"Tuliptree","Liriodendron tulipifera","Maryland","Baltimore","Loch Raven Reservior","","","9,200 acres minus 3,100 acres of water at crest..
Supplies the City of Baltimore and Baltimore County with drinking water.","","231409","1","","","","Public - city","153.0'","Clinometer/laser rangefinder/sine","13.6'","163''","","","George Fieo","2015-11-15","http%3A%2F%2Fwww.ents-bbs.org%2Fviewtopic.php%3Ff%3D85%26t%3D8746%26sid%3D97ab2f9c9694ae17b9e495f826350141","N"
"Tuliptree","Liriodendron tulipifera","Maryland","Baltimore","Loch Raven Reservior","","","9,200 acres minus 3,100 acres of water at crest..
Supplies the City of Baltimore and Baltimore County with drinking water.","","231400","1","","","","Public - city","153.7'","Clinometer/laser rangefinder/sine","8.6'","103''","","","George Fieo","2015-11-15","http%3A%2F%2Fwww.ents-bbs.org%2Fviewtopic.php%3Ff%3D85%26t%3D8746%26sid%3D97ab2f9c9694ae17b9e495f826350141","N"
"Tuliptree","Liriodendron tulipifera","Maryland","Baltimore","Loch Raven Reservior","","","9,200 acres minus 3,100 acres of water at crest..
Supplies the City of Baltimore and Baltimore County with drinking water.","","231410","1","","","","Public - city","153.8'","Clinometer/laser rangefinder/sine","14.5'","174''","","","George Fieo","2015-11-15","http%3A%2F%2Fwww.ents-bbs.org%2Fviewtopic.php%3Ff%3D85%26t%3D8746%26sid%3D97ab2f9c9694ae17b9e495f826350141","N"
"Tuliptree","Liriodendron tulipifera","Maryland","Baltimore","Loch Raven Reservior","","","9,200 acres minus 3,100 acres of water at crest..
Supplies the City of Baltimore and Baltimore County with drinking water.","","231401","1","","","","Public - city","154.1'","Clinometer/laser rangefinder/sine","9.9'","119''","","","George Fieo","2015-11-15","http%3A%2F%2Fwww.ents-bbs.org%2Fviewtopic.php%3Ff%3D85%26t%3D8746%26sid%3D97ab2f9c9694ae17b9e495f826350141","N"
"Tuliptree","Liriodendron tulipifera","Maryland","Baltimore","Loch Raven Reservior","","","9,200 acres minus 3,100 acres of water at crest..
Supplies the City of Baltimore and Baltimore County with drinking water.","","231411","1","","","","Public - city","154.7'","Clinometer/laser rangefinder/sine","12.9'","155''","","","George Fieo","2015-11-15","http%3A%2F%2Fwww.ents-bbs.org%2Fviewtopic.php%3Ff%3D85%26t%3D8746%26sid%3D97ab2f9c9694ae17b9e495f826350141","N"
"Tuliptree","Liriodendron tulipifera","Maryland","Baltimore","Loch Raven Reservior","","","9,200 acres minus 3,100 acres of water at crest..
Supplies the City of Baltimore and Baltimore County with drinking water.","","231402","1","","","","Public - city","156.0'","Clinometer/laser rangefinder/sine","9.8'","117''","","","George Fieo","2015-11-15","http%3A%2F%2Fwww.ents-bbs.org%2Fviewtopic.php%3Ff%3D85%26t%3D8746%26sid%3D97ab2f9c9694ae17b9e495f826350141","N"
"Tuliptree","Liriodendron tulipifera","Maryland","Baltimore","Loch Raven Reservior","","","9,200 acres minus 3,100 acres of water at crest..
Supplies the City of Baltimore and Baltimore County with drinking water.","","231412","1","","","","Public - city","156.9'","Clinometer/laser rangefinder/sine","13.1'","157''","","","George Fieo","2015-11-15","http%3A%2F%2Fwww.ents-bbs.org%2Fviewtopic.php%3Ff%3D85%26t%3D8746%26sid%3D97ab2f9c9694ae17b9e495f826350141","N"
"Tuliptree","Liriodendron tulipifera","Maryland","Baltimore","Loch Raven Reservior","","","9,200 acres minus 3,100 acres of water at crest..
Supplies the City of Baltimore and Baltimore County with drinking water.","","231403","1","","","","Public - city","157.0'","Clinometer/laser rangefinder/sine","9.6'","115''","","","George Fieo","2015-11-15","http%3A%2F%2Fwww.ents-bbs.org%2Fviewtopic.php%3Ff%3D85%26t%3D8746%26sid%3D97ab2f9c9694ae17b9e495f826350141","N"
"Tuliptree","Liriodendron tulipifera","Maryland","Baltimore","Loch Raven Reservior","","","9,200 acres minus 3,100 acres of water at crest..
Supplies the City of Baltimore and Baltimore County with drinking water.","","231404","1","","","","Public - city","157.9'","Clinometer/laser rangefinder/sine","","","10.1'","","George Fieo","2015-11-15","http%3A%2F%2Fwww.ents-bbs.org%2Fviewtopic.php%3Ff%3D85%26t%3D8746%26sid%3D97ab2f9c9694ae17b9e495f826350141","N"
"Tuliptree","Liriodendron tulipifera","Maryland","Baltimore","Loch Raven Reservior","","","9,200 acres minus 3,100 acres of water at crest..
Supplies the City of Baltimore and Baltimore County with drinking water.","","231413","1","","","","Public - city","158.1'","Clinometer/laser rangefinder/sine","13.4'","161''","","","George Fieo","2015-11-15","http%3A%2F%2Fwww.ents-bbs.org%2Fviewtopic.php%3Ff%3D85%26t%3D8746%26sid%3D97ab2f9c9694ae17b9e495f826350141","N"
"Tuliptree","Liriodendron tulipifera","Maryland","Baltimore","Loch Raven Reservior","","","9,200 acres minus 3,100 acres of water at crest..
Supplies the City of Baltimore and Baltimore County with drinking water.","","231405","1","","","","Public - city","158.7'","Clinometer/laser rangefinder/sine","","","","","George Fieo","2015-11-15","http%3A%2F%2Fwww.ents-bbs.org%2Fviewtopic.php%3Ff%3D85%26t%3D8746%26sid%3D97ab2f9c9694ae17b9e495f826350141","N"
"Tuliptree","Liriodendron tulipifera","Maryland","Baltimore","Loch Raven Reservior","","","9,200 acres minus 3,100 acres of water at crest..
Supplies the City of Baltimore and Baltimore County with drinking water.","","231406","1","","","","Public - city","159.4'","Clinometer/laser rangefinder/sine","9.3'","111''","","","George Fieo","2015-11-15","http%3A%2F%2Fwww.ents-bbs.org%2Fviewtopic.php%3Ff%3D85%26t%3D8746%26sid%3D97ab2f9c9694ae17b9e495f826350141","N"
"Tuliptree","Liriodendron tulipifera","Maryland","Baltimore","Loch Raven Reservior","","","9,200 acres minus 3,100 acres of water at crest..
Supplies the City of Baltimore and Baltimore County with drinking water.","","231407","1","","","","Public - city","159.6'","Clinometer/laser rangefinder/sine","9.9'","119''","","","George Fieo","2015-11-15","http%3A%2F%2Fwww.ents-bbs.org%2Fviewtopic.php%3Ff%3D85%26t%3D8746%26sid%3D97ab2f9c9694ae17b9e495f826350141","N"
"Tuliptree","Liriodendron tulipifera","Maryland","Baltimore","Loch Raven Reservior","","","9,200 acres minus 3,100 acres of water at crest..
Supplies the City of Baltimore and Baltimore County with drinking water.","","231408","1","","","","Public - city","170.4'","Clinometer/laser rangefinder/sine","13.5'","162''","","","George Fieo","2015-11-15","http%3A%2F%2Fwww.ents-bbs.org%2Fviewtopic.php%3Ff%3D85%26t%3D8746%26sid%3D97ab2f9c9694ae17b9e495f826350141","N"
"Tuliptree","Liriodendron tulipifera","Maryland","Baltimore City","Gwynns Falls/Leakin Park","39 18.524","-076 41.502","","","48048","1","39 18.524","-076 41.502","200.0 ft","Public - city","","","13.3'","160''","","","Mick Ricereto","2012-04-15","","N"
"Tuliptree","Liriodendron tulipifera","Maryland","Baltimore City","Gwynns Falls/Leakin Park","","","","","48049","1","","","","Public - city","","","15.3'","184''","","","Mick Ricereto","2012-04-15","","N"
"Tuliptree","Liriodendron tulipifera","Maryland","Baltimore City","Gwynns Falls/Leakin Park","","","","","48050","1","","","","Public - city","","","17.5'","210''","","","Mick Ricereto","2012-04-15","","N"
"Tuliptree","Liriodendron tulipifera","Maryland","Baltimore City","Gwynns Falls/Leakin Park","","","","","48051","1","","","","Public - city","","","22.0'","264''","","Tree is along Franklintown Loop Trail","Mick Ricereto","2012-04-15","","N"
"Tuliptree","Liriodendron tulipifera","Maryland","Baltimore City","Gwynns Falls/Leakin Park","","","","","48052","1","","","","Public - city","","","20.0'","240''","","","Mick Ricereto","2012-04-15","","N"
"Tuliptree","Liriodendron tulipifera","Maryland","Baltimore City","Leakin Park","","","1,216 contiguous  Acres","","231464","1","","","","Public - city","136.7'","Clinometer/laser rangefinder/sine","21.4'","257''","","","George Fieo","2016-01-03","http%3A%2F%2Fwww.ents-bbs.org%2Fviewtopic.php%3Ff%3D85%26t%3D8743%26sid%3Dbb55fa56e2402571f9c4b9568c9c097d","N"
"Tuliptree","Liriodendron tulipifera","Maryland","Baltimore City","Leakin Park","","","1,216 contiguous  Acres","","231465","1","","","","Public - city","138.4'","Clinometer/laser rangefinder/sine","14.3'","172''","","","George Fieo","2016-01-03","http%3A%2F%2Fwww.ents-bbs.org%2Fviewtopic.php%3Ff%3D85%26t%3D8743%26sid%3Dbb55fa56e2402571f9c4b9568c9c097d","N"
"Tuliptree","Liriodendron tulipifera","Maryland","Baltimore City","Leakin Park","","","1,216 contiguous  Acres","","231466","1","","","","Public - city","142.7'","Clinometer/laser rangefinder/sine","15.4'","185''","","","George Fieo","2016-01-03","http%3A%2F%2Fwww.ents-bbs.org%2Fviewtopic.php%3Ff%3D85%26t%3D8743%26sid%3Dbb55fa56e2402571f9c4b9568c9c097d","N"
"Tuliptree","Liriodendron tulipifera","Maryland","Baltimore City","Leakin Park","","","1,216 contiguous  Acres","","231467","1","","","","Public - city","145.0'","Clinometer/laser rangefinder/sine","13.2'","158''","","","George Fieo","2016-01-03","http%3A%2F%2Fwww.ents-bbs.org%2Fviewtopic.php%3Ff%3D85%26t%3D8743%26sid%3Dbb55fa56e2402571f9c4b9568c9c097d","N"
"Tuliptree","Liriodendron tulipifera","Maryland","Baltimore City","Leakin Park","","","1,216 contiguous  Acres","","231457","1","","","","Public - city","146.5'","Clinometer/laser rangefinder/sine","9.5'","113''","","","George Fieo","2016-01-03","http%3A%2F%2Fwww.ents-bbs.org%2Fviewtopic.php%3Ff%3D85%26t%3D8743%26sid%3Dbb55fa56e2402571f9c4b9568c9c097d","N"
"Tuliptree","Liriodendron tulipifera","Maryland","Baltimore City","Leakin Park","","","1,216 contiguous  Acres","","231468","1","","","","Public - city","146.6'","Clinometer/laser rangefinder/sine","13.1'","157''","","","George Fieo","2016-01-03","http%3A%2F%2Fwww.ents-bbs.org%2Fviewtopic.php%3Ff%3D85%26t%3D8743%26sid%3Dbb55fa56e2402571f9c4b9568c9c097d","N"
"Tuliptree","Liriodendron tulipifera","Maryland","Baltimore City","Leakin Park","","","1,216 contiguous  Acres","","231458","1","","","","Public - city","146.8'","Clinometer/laser rangefinder/sine","10.9'","131''","","","George Fieo","2016-01-03","http%3A%2F%2Fwww.ents-bbs.org%2Fviewtopic.php%3Ff%3D85%26t%3D8743%26sid%3Dbb55fa56e2402571f9c4b9568c9c097d","N"
"Tuliptree","Liriodendron tulipifera","Maryland","Baltimore City","Leakin Park","","","1,216 contiguous  Acres","","231469","1","","","","Public - city","146.9'","Clinometer/laser rangefinder/sine","13.5'","161''","","","George Fieo","2016-01-03","http%3A%2F%2Fwww.ents-bbs.org%2Fviewtopic.php%3Ff%3D85%26t%3D8743%26sid%3Dbb55fa56e2402571f9c4b9568c9c097d","N"
"Tuliptree","Liriodendron tulipifera","Maryland","Baltimore City","Leakin Park","","","1,216 contiguous  Acres","","231459","1","","","","Public - city","147.5'","Clinometer/laser rangefinder/sine","","","","","George Fieo","2016-01-03","http%3A%2F%2Fwww.ents-bbs.org%2Fviewtopic.php%3Ff%3D85%26t%3D8743%26sid%3Dbb55fa56e2402571f9c4b9568c9c097d","N"
"Tuliptree","Liriodendron tulipifera","Maryland","Baltimore City","Leakin Park","","","1,216 contiguous  Acres","","231470","1","","","","Public - city","147.5'","Clinometer/laser rangefinder/sine","","","","","George Fieo","2016-01-03","http%3A%2F%2Fwww.ents-bbs.org%2Fviewtopic.php%3Ff%3D85%26t%3D8743%26sid%3Dbb55fa56e2402571f9c4b9568c9c097d","N"
"Tuliptree","Liriodendron tulipifera","Maryland","Baltimore City","Leakin Park","","","1,216 contiguous  Acres","","231460","1","","","","Public - city","148.2'","Clinometer/laser rangefinder/sine","11.8'","141''","","","George Fieo","2016-01-03","http%3A%2F%2Fwww.ents-bbs.org%2Fviewtopic.php%3Ff%3D85%26t%3D8743%26sid%3Dbb55fa56e2402571f9c4b9568c9c097d","N"
"Tuliptree","Liriodendron tulipifera","Maryland","Baltimore City","Leakin Park","","","1,216 contiguous  Acres","","231461","1","","","","Public - city","148.7'","Clinometer/laser rangefinder/sine","10.0'","120''","","","George Fieo","2016-01-03","http%3A%2F%2Fwww.ents-bbs.org%2Fviewtopic.php%3Ff%3D85%26t%3D8743%26sid%3Dbb55fa56e2402571f9c4b9568c9c097d","N"
"Tuliptree","Liriodendron tulipifera","Maryland","Baltimore City","Leakin Park","","","1,216 contiguous  Acres","","231462","1","","","","Public - city","151.7'","Clinometer/laser rangefinder/sine","","","","","George Fieo","2016-01-03","http%3A%2F%2Fwww.ents-bbs.org%2Fviewtopic.php%3Ff%3D85%26t%3D8743%26sid%3Dbb55fa56e2402571f9c4b9568c9c097d","N"
"Tuliptree","Liriodendron tulipifera","Maryland","Baltimore City","Leakin Park","","","1,216 contiguous  Acres","","231463","1","","","","Public - city","155.1'","Clinometer/laser rangefinder/sine","10.8'","130''","","","George Fieo","2016-01-03","http%3A%2F%2Fwww.ents-bbs.org%2Fviewtopic.php%3Ff%3D85%26t%3D8743%26sid%3Dbb55fa56e2402571f9c4b9568c9c097d","N"
"Tuliptree","Liriodendron tulipifera","Maryland","Cecil","Conowingo-Funks Pond Recreational Area","","","","","232044","1","","","","Public - state","116.7'","Clinometer/laser rangefinder/sine","19.4'","233''","","","George Fieo","2013-11-12","http%3A%2F%2Fwww.ents-bbs.org%2Fviewtopic.php%3Ff%3D85%26t%3D8744%26sid%3D97ab2f9c9694ae17b9e495f826350141%23p44617","N"
"Tuliptree","Liriodendron tulipifera","Maryland","Cecil","Conowingo-Funks Pond Recreational Area","","","","","232045","1","","","","Public - state","135.4'","Clinometer/laser rangefinder/sine","16.1'","193''","","","George Fieo","2013-11-12","http%3A%2F%2Fwww.ents-bbs.org%2Fviewtopic.php%3Ff%3D85%26t%3D8744%26sid%3D97ab2f9c9694ae17b9e495f826350141%23p44617","N"
"Tuliptree","Liriodendron tulipifera","Maryland","Cecil","Conowingo-Funks Pond Recreational Area","","","","","232030","1","","","","Public - state","148.8'","Clinometer/laser rangefinder/sine","11.3'","136''","","","George Fieo","2013-11-12","http%3A%2F%2Fwww.ents-bbs.org%2Fviewtopic.php%3Ff%3D85%26t%3D8744%26sid%3D97ab2f9c9694ae17b9e495f826350141%23p44617","N"
"Tuliptree","Liriodendron tulipifera","Maryland","Cecil","Conowingo-Funks Pond Recreational Area","","","","","232031","1","","","","Public - state","149.3'","Clinometer/laser rangefinder/sine","11.2'","134''","","","George Fieo","2013-11-12","http%3A%2F%2Fwww.ents-bbs.org%2Fviewtopic.php%3Ff%3D85%26t%3D8744%26sid%3D97ab2f9c9694ae17b9e495f826350141%23p44617","N"
"Tuliptree","Liriodendron tulipifera","Maryland","Cecil","Conowingo-Funks Pond Recreational Area","","","","","232032","1","","","","Public - state","150.1'","Clinometer/laser rangefinder/sine","7.2'","86''","","","George Fieo","2013-11-12","http%3A%2F%2Fwww.ents-bbs.org%2Fviewtopic.php%3Ff%3D85%26t%3D8744%26sid%3D97ab2f9c9694ae17b9e495f826350141%23p44617","N"
"Tuliptree","Liriodendron tulipifera","Maryland","Cecil","Conowingo-Funks Pond Recreational Area","","","","","232033","1","","","","Public - state","150.3'","Clinometer/laser rangefinder/sine","10.7'","128''","","","George Fieo","2013-11-12","http%3A%2F%2Fwww.ents-bbs.org%2Fviewtopic.php%3Ff%3D85%26t%3D8744%26sid%3D97ab2f9c9694ae17b9e495f826350141%23p44617","N"
"Tuliptree","Liriodendron tulipifera","Maryland","Cecil","Conowingo-Funks Pond Recreational Area","","","","","232034","1","","","","Public - state","150.5'","Clinometer/laser rangefinder/sine","11.5'","138''","","","George Fieo","2013-11-12","http%3A%2F%2Fwww.ents-bbs.org%2Fviewtopic.php%3Ff%3D85%26t%3D8744%26sid%3D97ab2f9c9694ae17b9e495f826350141%23p44617","N"
"Tuliptree","Liriodendron tulipifera","Maryland","Cecil","Conowingo-Funks Pond Recreational Area","","","","","232035","1","","","","Public - state","150.6'","Clinometer/laser rangefinder/sine","9.6'","115''","","","George Fieo","2013-11-12","http%3A%2F%2Fwww.ents-bbs.org%2Fviewtopic.php%3Ff%3D85%26t%3D8744%26sid%3D97ab2f9c9694ae17b9e495f826350141%23p44617","N"
"Tuliptree","Liriodendron tulipifera","Maryland","Cecil","Conowingo-Funks Pond Recreational Area","","","","","232036","1","","","","Public - state","150.7'","Clinometer/laser rangefinder/sine","7.8'","94''","","","George Fieo","2013-11-12","http%3A%2F%2Fwww.ents-bbs.org%2Fviewtopic.php%3Ff%3D85%26t%3D8744%26sid%3D97ab2f9c9694ae17b9e495f826350141%23p44617","N"
"Tuliptree","Liriodendron tulipifera","Maryland","Cecil","Conowingo-Funks Pond Recreational Area","","","","","232037","1","","","","Public - state","152.2'","Clinometer/laser rangefinder/sine","10.0'","120''","","","George Fieo","2013-11-12","http%3A%2F%2Fwww.ents-bbs.org%2Fviewtopic.php%3Ff%3D85%26t%3D8744%26sid%3D97ab2f9c9694ae17b9e495f826350141%23p44617","N"
"Tuliptree","Liriodendron tulipifera","Maryland","Cecil","Conowingo-Funks Pond Recreational Area","","","","","232038","1","","","","Public - state","152.2'","Clinometer/laser rangefinder/sine","11.1'","133''","","","George Fieo","2013-11-12","http%3A%2F%2Fwww.ents-bbs.org%2Fviewtopic.php%3Ff%3D85%26t%3D8744%26sid%3D97ab2f9c9694ae17b9e495f826350141%23p44617","N"
"Tuliptree","Liriodendron tulipifera","Maryland","Cecil","Conowingo-Funks Pond Recreational Area","","","","","232039","1","","","","Public - state","154.2'","Clinometer/laser rangefinder/sine","8.2'","98''","","","George Fieo","2013-11-12","http%3A%2F%2Fwww.ents-bbs.org%2Fviewtopic.php%3Ff%3D85%26t%3D8744%26sid%3D97ab2f9c9694ae17b9e495f826350141%23p44617","N"
"Tuliptree","Liriodendron tulipifera","Maryland","Cecil","Conowingo-Funks Pond Recreational Area","","","","","232040","1","","","","Public - state","154.2'","Clinometer/laser rangefinder/sine","8.6'","103''","","","George Fieo","2013-11-12","http%3A%2F%2Fwww.ents-bbs.org%2Fviewtopic.php%3Ff%3D85%26t%3D8744%26sid%3D97ab2f9c9694ae17b9e495f826350141%23p44617","N"
"Tuliptree","Liriodendron tulipifera","Maryland","Cecil","Conowingo-Funks Pond Recreational Area","","","","","232041","1","","","","Public - state","155.2'","Clinometer/laser rangefinder/sine","10.0'","120''","","","George Fieo","2013-11-12","http%3A%2F%2Fwww.ents-bbs.org%2Fviewtopic.php%3Ff%3D85%26t%3D8744%26sid%3D97ab2f9c9694ae17b9e495f826350141%23p44617","N"
"Tuliptree","Liriodendron tulipifera","Maryland","Cecil","Conowingo-Funks Pond Recreational Area","","","","","232042","1","","","","Public - state","158.3'","Clinometer/laser rangefinder/sine","9.0'","108''","","","George Fieo","2013-11-12","http%3A%2F%2Fwww.ents-bbs.org%2Fviewtopic.php%3Ff%3D85%26t%3D8744%26sid%3D97ab2f9c9694ae17b9e495f826350141%23p44617","N"
"Tuliptree","Liriodendron tulipifera","Maryland","Cecil","Conowingo-Funks Pond Recreational Area","","","","","232043","1","","","","Public - state","159.5'","Clinometer/laser rangefinder/sine","7.5'","90''","","","George Fieo","2013-11-12","http%3A%2F%2Fwww.ents-bbs.org%2Fviewtopic.php%3Ff%3D85%26t%3D8744%26sid%3D97ab2f9c9694ae17b9e495f826350141%23p44617","N"
"Tuliptree","Liriodendron tulipifera","Maryland","Cecil","Fair Hill NRMA","","","Former William Dupont estate acquired by State of Maryland 1975. 5,600 acres.","","168147","1","","","400.0 ft","Public - State","155.7'","Clinometer/laser rangefinder/sine","9.2'","110''","","","George Fieo","2015-12-03","http%3A%2F%2Fwww.ents-bbs.org%2Fviewtopic.php%3Ff%3D85%26t%3D7354","N"
"Tuliptree","Liriodendron tulipifera","Maryland","Cecil","Fair Hill NRMA","","","Former William Dupont estate acquired by State of Maryland 1975. 5,600 acres.","","168148","1","","","400.0 ft","Public - State","155.7'","Clinometer/laser rangefinder/sine","10.2'","122''","","","George Fieo","2015-12-03","http%3A%2F%2Fwww.ents-bbs.org%2Fviewtopic.php%3Ff%3D85%26t%3D7354","N"
"Tuliptree","Liriodendron tulipifera","Maryland","Cecil","Fair Hill NRMA","","","Former William Dupont estate acquired by State of Maryland 1975. 5,600 acres.","","168149","1","","","400.0 ft","Public - State","155.9'","Clinometer/laser rangefinder/sine","10.4'","125''","","","George Fieo","2015-12-03","http%3A%2F%2Fwww.ents-bbs.org%2Fviewtopic.php%3Ff%3D85%26t%3D7354","N"
"Tuliptree","Liriodendron tulipifera","Maryland","Cecil","Fair Hill NRMA","","","Former William Dupont estate acquired by State of Maryland 1975. 5,600 acres.","","168150","1","","","400.0 ft","Public - State","156.2'","Clinometer/laser rangefinder/sine","10.2'","122''","","","George Fieo","2015-12-03","http%3A%2F%2Fwww.ents-bbs.org%2Fviewtopic.php%3Ff%3D85%26t%3D7354","N"
"Tuliptree","Liriodendron tulipifera","Maryland","Cecil","Fair Hill NRMA","","","Former William Dupont estate acquired by State of Maryland 1975. 5,600 acres.","","168151","1","","","400.0 ft","Public - State","162.3'","Clinometer/laser rangefinder/sine","10.4'","125''","","","George Fieo","2015-12-03","http%3A%2F%2Fwww.ents-bbs.org%2Fviewtopic.php%3Ff%3D85%26t%3D7354","N"
"Tuliptree","Liriodendron tulipifera","Maryland","Charles","Chapman State Park","","","This forest comprises 2,200 acres. Trees were measured near Champman's Landing","","45343","1","","","","Public - state","113.8'","Clinometer/laser rangefinder/sine","17.4'","209''","60.0'","","Darian Copiz","2008-02-01","","N"
"Tuliptree","Liriodendron tulipifera","Maryland","Charles","Chapman State Park","","","This forest comprises 2,200 acres. Trees were measured near Champman's Landing","","45344","1","","","","Public - state","133.0'","Clinometer/laser rangefinder/sine","","","","","Darian Copiz","2008-02-01","","N"
"Tuliptree","Liriodendron tulipifera","Maryland","Frederick","Catoctin Mountain Park","","","","","140163","1","","","1780.0 ft","Public - National Park Service","124.5'","Clinometer/laser rangefinder/sine","","","","","Robert Leverett","2009-12-01","","N"
"Tuliptree","Liriodendron tulipifera","Maryland","Frederick","Catoctin Mountain Park","39 39.224","-077 27.868","","","140162","1","39 39.224","-077 27.868","1780.0 ft","Public - National Park Service","128.2'","Clinometer/laser rangefinder/sine","","","","","Robert Leverett","2009-12-01","","N"
"Tuliptree","Liriodendron tulipifera","Maryland","Frederick","Catoctin Mountain Park","","","","","140164","1","","","1780.0 ft","Public - National Park Service","130.5'","Clinometer/laser rangefinder/sine","","","","","Robert Leverett","2009-12-01","","N"
"Tuliptree","Liriodendron tulipifera","Maryland","Frederick","Catoctin Mountain Park","","","","","140165","1","","","1780.0 ft","Public - National Park Service","132.5'","Clinometer/laser rangefinder/sine","","","","","Robert Leverett","2009-12-01","","N"
"Tuliptree","Liriodendron tulipifera","Maryland","Frederick","Catoctin Mountain Park","","","","","140166","1","","","1780.0 ft","Public - National Park Service","133.8'","Clinometer/laser rangefinder/sine","","","","","Robert Leverett","2009-12-01","","N"
"Tuliptree","Liriodendron tulipifera","Maryland","Frederick","Catoctin Mountain Park","","","","","140167","1","","","1780.0 ft","Public - National Park Service","141.5'","Clinometer/laser rangefinder/sine","","","","","Robert Leverett","2009-12-01","","N"
"Tuliptree","Liriodendron tulipifera","Maryland","Harford","Broad Creek Memorial Scout Reservation","","","","","45325","1","","","","Private","133.0'","Clinometer/laser rangefinder/sine","8.9'","107''","","","Darian Copiz","2005-02-01","","N"
"Tuliptree","Liriodendron tulipifera","Maryland","Harford","Gunpowder Falls State Park","","","18,000 acres in Baltimore and Harford Counties","","231834","1","","","","Public - state","147.4'","Clinometer/laser rangefinder/sine","12.0'","144''","","","George Fieo","2016-11-20","http%3A%2F%2Fwww.ents-bbs.org%2Fviewtopic.php%3Ff%3D85%26t%3D8747%26sid%3D97ab2f9c9694ae17b9e495f826350141","N"
"Tuliptree","Liriodendron tulipifera","Maryland","Harford","Gunpowder Falls State Park","","","18,000 acres in Baltimore and Harford Counties","","231835","1","","","","Public - state","149.3'","Clinometer/laser rangefinder/sine","12.5'","150''","","","George Fieo","2016-11-20","http%3A%2F%2Fwww.ents-bbs.org%2Fviewtopic.php%3Ff%3D85%26t%3D8747%26sid%3D97ab2f9c9694ae17b9e495f826350141","N"
"Tuliptree","Liriodendron tulipifera","Maryland","Harford","Gunpowder Falls State Park","","","18,000 acres in Baltimore and Harford Counties","","231823","1","","","","Public - state","150.2'","Clinometer/laser rangefinder/sine","8.2'","98''","","","George Fieo","2016-11-20","http%3A%2F%2Fwww.ents-bbs.org%2Fviewtopic.php%3Ff%3D85%26t%3D8747%26sid%3D97ab2f9c9694ae17b9e495f826350141","N"
"Tuliptree","Liriodendron tulipifera","Maryland","Harford","Gunpowder Falls State Park","","","18,000 acres in Baltimore and Harford Counties","","231824","1","","","","Public - state","150.8'","Clinometer/laser rangefinder/sine","7.8'","93''","","","George Fieo","2016-11-20","http%3A%2F%2Fwww.ents-bbs.org%2Fviewtopic.php%3Ff%3D85%26t%3D8747%26sid%3D97ab2f9c9694ae17b9e495f826350141","N"
"Tuliptree","Liriodendron tulipifera","Maryland","Harford","Gunpowder Falls State Park","","","18,000 acres in Baltimore and Harford Counties","","231825","1","","","","Public - state","151.7'","Clinometer/laser rangefinder/sine","8.8'","106''","","","George Fieo","2016-11-20","http%3A%2F%2Fwww.ents-bbs.org%2Fviewtopic.php%3Ff%3D85%26t%3D8747%26sid%3D97ab2f9c9694ae17b9e495f826350141","N"
"Tuliptree","Liriodendron tulipifera","Maryland","Harford","Gunpowder Falls State Park","","","18,000 acres in Baltimore and Harford Counties","","231826","1","","","","Public - state","152.0'","Clinometer/laser rangefinder/sine","10.8'","130''","","","George Fieo","2016-11-20","http%3A%2F%2Fwww.ents-bbs.org%2Fviewtopic.php%3Ff%3D85%26t%3D8747%26sid%3D97ab2f9c9694ae17b9e495f826350141","N"
"Tuliptree","Liriodendron tulipifera","Maryland","Harford","Gunpowder Falls State Park","","","18,000 acres in Baltimore and Harford Counties","","231827","1","","","","Public - state","152.6'","Clinometer/laser rangefinder/sine","10.1'","121''","","","George Fieo","2016-11-20","http%3A%2F%2Fwww.ents-bbs.org%2Fviewtopic.php%3Ff%3D85%26t%3D8747%26sid%3D97ab2f9c9694ae17b9e495f826350141","N"
"Tuliptree","Liriodendron tulipifera","Maryland","Harford","Gunpowder Falls State Park","","","18,000 acres in Baltimore and Harford Counties","","231828","1","","","","Public - state","155.6'","Clinometer/laser rangefinder/sine","8.2'","98''","","","George Fieo","2016-11-20","http%3A%2F%2Fwww.ents-bbs.org%2Fviewtopic.php%3Ff%3D85%26t%3D8747%26sid%3D97ab2f9c9694ae17b9e495f826350141","N"
"Tuliptree","Liriodendron tulipifera","Maryland","Harford","Gunpowder Falls State Park","","","18,000 acres in Baltimore and Harford Counties","","231836","1","","","","Public - state","155.6'","Clinometer/laser rangefinder/sine","14.2'","170''","","","George Fieo","2016-11-20","http%3A%2F%2Fwww.ents-bbs.org%2Fviewtopic.php%3Ff%3D85%26t%3D8747%26sid%3D97ab2f9c9694ae17b9e495f826350141","N"
"Tuliptree","Liriodendron tulipifera","Maryland","Harford","Gunpowder Falls State Park","","","18,000 acres in Baltimore and Harford Counties","","231829","1","","","","Public - state","155.7'","Clinometer/laser rangefinder/sine","9.6'","115''","","","George Fieo","2016-11-20","http%3A%2F%2Fwww.ents-bbs.org%2Fviewtopic.php%3Ff%3D85%26t%3D8747%26sid%3D97ab2f9c9694ae17b9e495f826350141","N"
"Tuliptree","Liriodendron tulipifera","Maryland","Harford","Gunpowder Falls State Park","","","18,000 acres in Baltimore and Harford Counties","","231831","1","","","","Public - state","155.9'","Clinometer/laser rangefinder/sine","9.9'","119''","","","George Fieo","2016-11-20","http%3A%2F%2Fwww.ents-bbs.org%2Fviewtopic.php%3Ff%3D85%26t%3D8747%26sid%3D97ab2f9c9694ae17b9e495f826350141","N"
"Tuliptree","Liriodendron tulipifera","Maryland","Harford","Gunpowder Falls State Park","","","18,000 acres in Baltimore and Harford Counties","","231830","1","","","","Public - state","156.7'","Clinometer/laser rangefinder/sine","11.5'","138''","","","George Fieo","2016-11-20","http%3A%2F%2Fwww.ents-bbs.org%2Fviewtopic.php%3Ff%3D85%26t%3D8747%26sid%3D97ab2f9c9694ae17b9e495f826350141","N"
"Tuliptree","Liriodendron tulipifera","Maryland","Harford","Gunpowder Falls State Park","","","18,000 acres in Baltimore and Harford Counties","","231832","1","","","","Public - state","157.2'","Clinometer/laser rangefinder/sine","11.3'","135''","","","George Fieo","2016-11-20","http%3A%2F%2Fwww.ents-bbs.org%2Fviewtopic.php%3Ff%3D85%26t%3D8747%26sid%3D97ab2f9c9694ae17b9e495f826350141","N"
"Tuliptree","Liriodendron tulipifera","Maryland","Harford","Gunpowder Falls State Park","","","18,000 acres in Baltimore and Harford Counties","","231833","1","","","","Public - state","159.3'","Clinometer/laser rangefinder/sine","8.9'","107''","","","George Fieo","2016-11-20","http%3A%2F%2Fwww.ents-bbs.org%2Fviewtopic.php%3Ff%3D85%26t%3D8747%26sid%3D97ab2f9c9694ae17b9e495f826350141","N"
"Tuliptree","Liriodendron tulipifera","Maryland","Howard","Avalon Section Of Patapsco Valley State Park","","","16,043 acres in Baltimore and Howard Counties
Trees were measured in the Avalon and Orange Grove section of the park","","230931","1","","","","Public - state park","","","10.6'","127''","","","Matthew Hannum","2007-04-29","http%3A%2F%2Fwww.ents-bbs.org%2Fviewtopic.php%3Ff%3D85%26t%3D8745%26sid%3D0f283f6872d048235790bc6c09610d80%23p44618","N"
"Tuliptree","Liriodendron tulipifera","Maryland","Howard","Avalon Section Of Patapsco Valley State Park","","","16,043 acres in Baltimore and Howard Counties
Trees were measured in the Avalon and Orange Grove section of the park","","230932","1","","","","Public - state park","","","8.5'","102''","","","Matthew Hannum","2007-04-29","http%3A%2F%2Fwww.ents-bbs.org%2Fviewtopic.php%3Ff%3D85%26t%3D8745%26sid%3D0f283f6872d048235790bc6c09610d80%23p44618","N"
"Tuliptree","Liriodendron tulipifera","Maryland","Howard","Avalon Section Of Patapsco Valley State Park","","","16,043 acres in Baltimore and Howard Counties
Trees were measured in the Avalon and Orange Grove section of the park","","230933","1","","","","Public - state park","","","10.1'","121''","","","Matthew Hannum","2007-04-29","http%3A%2F%2Fwww.ents-bbs.org%2Fviewtopic.php%3Ff%3D85%26t%3D8745%26sid%3D0f283f6872d048235790bc6c09610d80%23p44618","N"
"Tuliptree","Liriodendron tulipifera","Maryland","Howard","Avalon Section Of Patapsco Valley State Park","","","16,043 acres in Baltimore and Howard Counties
Trees were measured in the Avalon and Orange Grove section of the park","","231053","1","","","","Public - state park","141.8'","Clinometer/laser rangefinder/sine","13.1'","157''","","","George Fieo","2017-12-15","http%3A%2F%2Fwww.ents-bbs.org%2Fviewtopic.php%3Ff%3D85%26t%3D8745%26sid%3D0f283f6872d048235790bc6c09610d80%23p44618","N"
"Tuliptree","Liriodendron tulipifera","Maryland","Howard","Avalon Section Of Patapsco Valley State Park","","","16,043 acres in Baltimore and Howard Counties
Trees were measured in the Avalon and Orange Grove section of the park","","231054","1","","","","Public - state park","143.3'","Clinometer/laser rangefinder/sine","17.0'","204''","","","George Fieo","2017-12-15","http%3A%2F%2Fwww.ents-bbs.org%2Fviewtopic.php%3Ff%3D85%26t%3D8745%26sid%3D0f283f6872d048235790bc6c09610d80%23p44618","N"
"Tuliptree","Liriodendron tulipifera","Maryland","Howard","Avalon Section Of Patapsco Valley State Park","","","16,043 acres in Baltimore and Howard Counties
Trees were measured in the Avalon and Orange Grove section of the park","","231055","1","","","","Public - state park","145.2'","Clinometer/laser rangefinder/sine","13.3'","160''","","","George Fieo","2017-12-15","http%3A%2F%2Fwww.ents-bbs.org%2Fviewtopic.php%3Ff%3D85%26t%3D8745%26sid%3D0f283f6872d048235790bc6c09610d80%23p44618","N"
"Tuliptree","Liriodendron tulipifera","Maryland","Howard","Avalon Section Of Patapsco Valley State Park","","","16,043 acres in Baltimore and Howard Counties
Trees were measured in the Avalon and Orange Grove section of the park","","231031","1","","","","Public - state park","150.5'","Clinometer/laser rangefinder/sine","10.3'","123''","","","George Fieo","2017-12-15","http%3A%2F%2Fwww.ents-bbs.org%2Fviewtopic.php%3Ff%3D85%26t%3D8745%26sid%3D0f283f6872d048235790bc6c09610d80%23p44618","N"
"Tuliptree","Liriodendron tulipifera","Maryland","Howard","Avalon Section Of Patapsco Valley State Park","","","16,043 acres in Baltimore and Howard Counties
Trees were measured in the Avalon and Orange Grove section of the park","","231056","1","","","","Public - state park","151.7'","Clinometer/laser rangefinder/sine","17.7'","212''","","","George Fieo","2017-12-15","http%3A%2F%2Fwww.ents-bbs.org%2Fviewtopic.php%3Ff%3D85%26t%3D8745%26sid%3D0f283f6872d048235790bc6c09610d80%23p44618","N"
"Tuliptree","Liriodendron tulipifera","Maryland","Howard","Avalon Section Of Patapsco Valley State Park","","","16,043 acres in Baltimore and Howard Counties
Trees were measured in the Avalon and Orange Grove section of the park","","231032","1","","","","Public - state park","153.1'","Clinometer/laser rangefinder/sine","","","","","George Fieo","2017-12-15","http%3A%2F%2Fwww.ents-bbs.org%2Fviewtopic.php%3Ff%3D85%26t%3D8745%26sid%3D0f283f6872d048235790bc6c09610d80%23p44618","N"
"Tuliptree","Liriodendron tulipifera","Maryland","Howard","Avalon Section Of Patapsco Valley State Park","","","16,043 acres in Baltimore and Howard Counties
Trees were measured in the Avalon and Orange Grove section of the park","","231033","1","","","","Public - state park","153.1'","Clinometer/laser rangefinder/sine","10.0'","120''","","","George Fieo","2017-12-15","http%3A%2F%2Fwww.ents-bbs.org%2Fviewtopic.php%3Ff%3D85%26t%3D8745%26sid%3D0f283f6872d048235790bc6c09610d80%23p44618","N"
"Tuliptree","Liriodendron tulipifera","Maryland","Howard","Avalon Section Of Patapsco Valley State Park","","","16,043 acres in Baltimore and Howard Counties
Trees were measured in the Avalon and Orange Grove section of the park","","231057","1","","","","Public - state park","153.2'","Clinometer/laser rangefinder/sine","14.0'","168''","","","George Fieo","2017-12-15","http%3A%2F%2Fwww.ents-bbs.org%2Fviewtopic.php%3Ff%3D85%26t%3D8745%26sid%3D0f283f6872d048235790bc6c09610d80%23p44618","N"
"Tuliptree","Liriodendron tulipifera","Maryland","Howard","Avalon Section Of Patapsco Valley State Park","","","16,043 acres in Baltimore and Howard Counties
Trees were measured in the Avalon and Orange Grove section of the park","","231034","1","","","","Public - state park","153.7'","Clinometer/laser rangefinder/sine","10.1'","121''","","","George Fieo","2017-12-15","http%3A%2F%2Fwww.ents-bbs.org%2Fviewtopic.php%3Ff%3D85%26t%3D8745%26sid%3D0f283f6872d048235790bc6c09610d80%23p44618","N"
"Tuliptree","Liriodendron tulipifera","Maryland","Howard","Avalon Section Of Patapsco Valley State Park","","","16,043 acres in Baltimore and Howard Counties
Trees were measured in the Avalon and Orange Grove section of the park","","231035","1","","","","Public - state park","154.3'","Clinometer/laser rangefinder/sine","8.6'","103''","","","George Fieo","2017-12-15","http%3A%2F%2Fwww.ents-bbs.org%2Fviewtopic.php%3Ff%3D85%26t%3D8745%26sid%3D0f283f6872d048235790bc6c09610d80%23p44618","N"
"Tuliptree","Liriodendron tulipifera","Maryland","Howard","Avalon Section Of Patapsco Valley State Park","","","16,043 acres in Baltimore and Howard Counties
Trees were measured in the Avalon and Orange Grove section of the park","","231036","1","","","","Public - state park","154.3'","Clinometer/laser rangefinder/sine","8.8'","106''","","","George Fieo","2017-12-15","http%3A%2F%2Fwww.ents-bbs.org%2Fviewtopic.php%3Ff%3D85%26t%3D8745%26sid%3D0f283f6872d048235790bc6c09610d80%23p44618","N"
"Tuliptree","Liriodendron tulipifera","Maryland","Howard","Avalon Section Of Patapsco Valley State Park","","","16,043 acres in Baltimore and Howard Counties
Trees were measured in the Avalon and Orange Grove section of the park","","231037","1","","","","Public - state park","154.4'","Clinometer/laser rangefinder/sine","10.2'","122''","","","George Fieo","2017-12-15","http%3A%2F%2Fwww.ents-bbs.org%2Fviewtopic.php%3Ff%3D85%26t%3D8745%26sid%3D0f283f6872d048235790bc6c09610d80%23p44618","N"
"Tuliptree","Liriodendron tulipifera","Maryland","Howard","Avalon Section Of Patapsco Valley State Park","","","16,043 acres in Baltimore and Howard Counties
Trees were measured in the Avalon and Orange Grove section of the park","","231038","1","","","","Public - state park","154.5'","Clinometer/laser rangefinder/sine","9.9'","119''","","","George Fieo","2017-12-15","http%3A%2F%2Fwww.ents-bbs.org%2Fviewtopic.php%3Ff%3D85%26t%3D8745%26sid%3D0f283f6872d048235790bc6c09610d80%23p44618","N"
"Tuliptree","Liriodendron tulipifera","Maryland","Howard","Avalon Section Of Patapsco Valley State Park","","","16,043 acres in Baltimore and Howard Counties
Trees were measured in the Avalon and Orange Grove section of the park","","231039","1","","","","Public - state park","155.6'","Clinometer/laser rangefinder/sine","11.2'","134''","","","George Fieo","2017-12-15","http%3A%2F%2Fwww.ents-bbs.org%2Fviewtopic.php%3Ff%3D85%26t%3D8745%26sid%3D0f283f6872d048235790bc6c09610d80%23p44618","N"
"Tuliptree","Liriodendron tulipifera","Maryland","Howard","Avalon Section Of Patapsco Valley State Park","","","16,043 acres in Baltimore and Howard Counties
Trees were measured in the Avalon and Orange Grove section of the park","","231040","1","","","","Public - state park","156.6'","Clinometer/laser rangefinder/sine","10.9'","131''","","","George Fieo","2017-12-15","http%3A%2F%2Fwww.ents-bbs.org%2Fviewtopic.php%3Ff%3D85%26t%3D8745%26sid%3D0f283f6872d048235790bc6c09610d80%23p44618","N"
"Tuliptree","Liriodendron tulipifera","Maryland","Howard","Avalon Section Of Patapsco Valley State Park","","","16,043 acres in Baltimore and Howard Counties
Trees were measured in the Avalon and Orange Grove section of the park","","231058","1","","","","Public - state park","156.9'","Clinometer/laser rangefinder/sine","13.3'","160''","","","George Fieo","2017-12-15","http%3A%2F%2Fwww.ents-bbs.org%2Fviewtopic.php%3Ff%3D85%26t%3D8745%26sid%3D0f283f6872d048235790bc6c09610d80%23p44618","N"
"Tuliptree","Liriodendron tulipifera","Maryland","Howard","Avalon Section Of Patapsco Valley State Park","","","16,043 acres in Baltimore and Howard Counties
Trees were measured in the Avalon and Orange Grove section of the park","","231041","1","","","","Public - state park","157.3'","Clinometer/laser rangefinder/sine","10.3'","124''","","","George Fieo","2017-12-15","http%3A%2F%2Fwww.ents-bbs.org%2Fviewtopic.php%3Ff%3D85%26t%3D8745%26sid%3D0f283f6872d048235790bc6c09610d80%23p44618","N"
"Tuliptree","Liriodendron tulipifera","Maryland","Howard","Avalon Section Of Patapsco Valley State Park","","","16,043 acres in Baltimore and Howard Counties
Trees were measured in the Avalon and Orange Grove section of the park","","231042","1","","","","Public - state park","158.7'","Clinometer/laser rangefinder/sine","10.5'","126''","","","George Fieo","2017-12-15","http%3A%2F%2Fwww.ents-bbs.org%2Fviewtopic.php%3Ff%3D85%26t%3D8745%26sid%3D0f283f6872d048235790bc6c09610d80%23p44618","N"
"Tuliptree","Liriodendron tulipifera","Maryland","Howard","Dorsey Branch","39 16.112","-077 01.059","","","44865","1","39 16.112","-077 01.059","540.0 ft","Private","107.5'","Clinometer/laser rangefinder/sine","12.7'","152''","","Tree is probably on County Road Right-of-Way","Turner Sharp","2011-11-27","http%3A%2F%2Fwww.ents-bbs.org%2Fviewtopic.php%3Ff%3D85%26t%3D4002","N"
"Tuliptree","Liriodendron tulipifera","Maryland","Howard","Dorsey Branch","","","","","44871","1","","","540.0 ft","Private","111.1'","Clinometer/laser rangefinder/sine","9.2'","110''","","","Turner Sharp","2011-11-27","http%3A%2F%2Fwww.ents-bbs.org%2Fviewtopic.php%3Ff%3D85%26t%3D4002","N"
"Tuliptree","Liriodendron tulipifera","Maryland","Howard","Dorsey Branch","","","","","44872","1","","","540.0 ft","Private","113.2'","Clinometer/laser rangefinder/sine","10.7'","128''","","","Turner Sharp","2011-11-27","http%3A%2F%2Fwww.ents-bbs.org%2Fviewtopic.php%3Ff%3D85%26t%3D4002","N"
"Tuliptree","Liriodendron tulipifera","Maryland","Howard","Dorsey Branch","","","","","44870","1","","","540.0 ft","Private","116.0'","Clinometer/laser rangefinder/sine","","","","Fused twin stem. Measured height of tallest stem","Turner Sharp","2011-11-27","http%3A%2F%2Fwww.ents-bbs.org%2Fviewtopic.php%3Ff%3D85%26t%3D4002","N"
"Tuliptree","Liriodendron tulipifera","Maryland","Howard","Dorsey Branch","","","","","44868","1","","","540.0 ft","Private","119.9'","Clinometer/laser rangefinder/sine","9.0'","108''","","","Turner Sharp","2011-11-27","http%3A%2F%2Fwww.ents-bbs.org%2Fviewtopic.php%3Ff%3D85%26t%3D4002","N"
"Tuliptree","Liriodendron tulipifera","Maryland","Howard","Dorsey Branch","","","","","44867","1","","","540.0 ft","Private","123.0'","Clinometer/laser rangefinder/sine","11.6'","139''","","","Turner Sharp","2011-11-27","http%3A%2F%2Fwww.ents-bbs.org%2Fviewtopic.php%3Ff%3D85%26t%3D4002","N"
"Tuliptree","Liriodendron tulipifera","Maryland","Howard","Dorsey Branch","","","","","44869","1","","","540.0 ft","Private","132.5'","Clinometer/laser rangefinder/sine","10.8'","129''","","","Turner Sharp","2011-11-27","http%3A%2F%2Fwww.ents-bbs.org%2Fviewtopic.php%3Ff%3D85%26t%3D4002","N"
"Tuliptree","Liriodendron tulipifera","Maryland","Howard","Ellicott City","","","","","45368","1","","","","Private?","112.3'","Clinometer/laser rangefinder/sine","16.8'","202''","","","Colby Rucker","2001-08-26","","N"
"Tuliptree","Liriodendron tulipifera","Maryland","Howard","Ellicott City","39 16.194","-076 47.731","","","45367","1","39 16.194","-076 47.731","240.0 ft","Private?","116.0'","Clinometer/laser rangefinder/sine","15.1'","181''","","","Colby Rucker","2001-08-26","","N"
"Tuliptree","Liriodendron tulipifera","Maryland","Prince George's","Belt Woods - South Tract","","","This visit was to find and remeasure trees that Colby Rucker measured in 2001. His measurements can be found at:","","128396","1","","","","Public - State","","Clinometer/laser rangefinder/sine","16.5'","198''","","","Will Blozan, Darian Copiz, Gaines Mcmartin","2010-01-24","http%3A%2F%2Fgroups.google.com%2Fgroup%2Fentstrees%2Fbrowse_thread%2Fthread%2Fb8278e3db96bdc99%3Fhl%3Den","N"
"Tuliptree","Liriodendron tulipifera","Maryland","Prince George's","Belt Woods - South Tract","","","This visit was to find and remeasure trees that Colby Rucker measured in 2001. His measurements can be found at:","","128409","1","","","","Public - State","131.3'","Clinometer/laser rangefinder/sine","14.7'","176''","","","Colby Rucker","2001-09-30","http%3A%2F%2Fgroups.google.com%2Fgroup%2Fentstrees%2Fbrowse_thread%2Fthread%2Fb8278e3db96bdc99%3Fhl%3Den","N"
"Tuliptree","Liriodendron tulipifera","Maryland","Prince George's","Belt Woods - South Tract","","","This visit was to find and remeasure trees that Colby Rucker measured in 2001. His measurements can be found at:","","128408","1","","","","Public - State","152.1'","Clinometer/laser rangefinder/sine","12.4'","149''","","","Colby Rucker","2001-09-30","http%3A%2F%2Fgroups.google.com%2Fgroup%2Fentstrees%2Fbrowse_thread%2Fthread%2Fb8278e3db96bdc99%3Fhl%3Den","N"
"Tuliptree","Liriodendron tulipifera","Maryland","Prince George's","Belt Woods - South Tract","","","This visit was to find and remeasure trees that Colby Rucker measured in 2001. His measurements can be found at:","","128407","1","","","","Public - State","152.3'","Clinometer/laser rangefinder/sine","15.8'","189''","","","Colby Rucker","2001-09-30","http%3A%2F%2Fgroups.google.com%2Fgroup%2Fentstrees%2Fbrowse_thread%2Fthread%2Fb8278e3db96bdc99%3Fhl%3Den","N"
"Tuliptree","Liriodendron tulipifera","Maryland","Prince George's","Belt Woods - South Tract","","","This visit was to find and remeasure trees that Colby Rucker measured in 2001. His measurements can be found at:","","128406","1","","","","Public - State","152.5'","Clinometer/laser rangefinder/sine","11.2'","134''","","","Colby Rucker","2001-09-30","http%3A%2F%2Fgroups.google.com%2Fgroup%2Fentstrees%2Fbrowse_thread%2Fthread%2Fb8278e3db96bdc99%3Fhl%3Den","N"
"Tuliptree","Liriodendron tulipifera","Maryland","Prince George's","Belt Woods - South Tract","","","This visit was to find and remeasure trees that Colby Rucker measured in 2001. His measurements can be found at:","","128405","1","","","","Public - State","152.9'","Clinometer/laser rangefinder/sine","12.2'","146''","","","Colby Rucker","2001-09-30","http%3A%2F%2Fgroups.google.com%2Fgroup%2Fentstrees%2Fbrowse_thread%2Fthread%2Fb8278e3db96bdc99%3Fhl%3Den","N"
"Tuliptree","Liriodendron tulipifera","Maryland","Prince George's","Belt Woods - South Tract","","","This visit was to find and remeasure trees that Colby Rucker measured in 2001. His measurements can be found at:","","128404","1","","","","Public - State","153.7'","Clinometer/laser rangefinder/sine","10.6'","127''","","","Colby Rucker","2001-09-30","http%3A%2F%2Fgroups.google.com%2Fgroup%2Fentstrees%2Fbrowse_thread%2Fthread%2Fb8278e3db96bdc99%3Fhl%3Den","N"
"Tuliptree","Liriodendron tulipifera","Maryland","Prince George's","Belt Woods - South Tract","","","This visit was to find and remeasure trees that Colby Rucker measured in 2001. His measurements can be found at:","","128392","1","","","","Public - State","159.1'","Clinometer/laser rangefinder/sine","14.4'","173''","","Measured by Gaines McMartin","Will Blozan, Darian Copiz, Gaines Mcmartin","2010-01-24","http%3A%2F%2Fgroups.google.com%2Fgroup%2Fentstrees%2Fbrowse_thread%2Fthread%2Fb8278e3db96bdc99%3Fhl%3Den","N"
"Tuliptree","Liriodendron tulipifera","Maryland","Prince George's","Belt Woods - South Tract","","","This visit was to find and remeasure trees that Colby Rucker measured in 2001. His measurements can be found at:","","128403","1","","","","Public - State","159.6'","Clinometer/laser rangefinder/sine","10.7'","128''","","","Colby Rucker","2001-09-30","http%3A%2F%2Fgroups.google.com%2Fgroup%2Fentstrees%2Fbrowse_thread%2Fthread%2Fb8278e3db96bdc99%3Fhl%3Den","N"
"Tuliptree","Liriodendron tulipifera","Maryland","Prince George's","Belt Woods - South Tract","","","This visit was to find and remeasure trees that Colby Rucker measured in 2001. His measurements can be found at:","","128389","1","","","","Public - State","161.2'","Clinometer/laser rangefinder/sine","12.9'","155''","","A re-measurement of one 0f Colbys 2001 trees.","Will Blozan, Darian Copiz, Gaines Mcmartin","2010-01-24","http%3A%2F%2Fgroups.google.com%2Fgroup%2Fentstrees%2Fbrowse_thread%2Fthread%2Fb8278e3db96bdc99%3Fhl%3Den","N"
"Tuliptree","Liriodendron tulipifera","Maryland","Prince George's","Belt Woods - South Tract","38 54.171","-076 45.596","This visit was to find and remeasure trees that Colby Rucker measured in 2001. His measurements can be found at:","","45099","2","38 54.171","-076 45.596","","Public - State","164.1'","Clinometer/laser rangefinder/sine","13.2'","158''","","Measured by Will Blozan
A re-measurement of one of Colbys 2001 trees originally measured at 159.9' x 12.4'","Will Blozan, Darian Copiz, Gaines Mcmartin, Colby Rucker","2010-01-24","http%3A%2F%2Fgroups.google.com%2Fgroup%2Fentstrees%2Fbrowse_thread%2Fthread%2Fb8278e3db96bdc99%3Fhl%3Den","N"
"Tuliptree","Liriodendron tulipifera","Maryland","Prince George's","Patuxent Wildlife Research Center","","","","","45421","1","","","","Public - Federal, Fish & Wildlife","127.5'","Clinometer/laser rangefinder/sine","15.0'","180''","","","Darian Copiz","2011-08-23","http%3A%2F%2Fwww.ents-bbs.org%2Fviewtopic.php%3Ff%3D85%26t%3D2899","N"
"Tuliptree","Liriodendron tulipifera","Maryland","Prince George's","Patuxent Wildlife Research Center","","","","","45420","1","","","","Public - Federal, Fish & Wildlife","137.1'","Clinometer/laser rangefinder/sine","13.0'","156''","","","Darian Copiz","2011-08-23","http%3A%2F%2Fwww.ents-bbs.org%2Fviewtopic.php%3Ff%3D85%26t%3D2899","N"
"Tuliptree","Liriodendron tulipifera","Maryland","Prince George's","Swan Point Creek","","","site is within the Jug Bay Natural Area.","","158449","1","","","","Public-state","158.1'","Clinometer/laser rangefinder/sine","15.4'","185''","","","Darian Copiz","2017-01-14","http%3A%2F%2Fwww.ents-bbs.org%2Fviewtopic.php%3Ff%3D85%26t%3D7917%23p39221","N"
"Tuliptree","Liriodendron tulipifera","Maryland","Prince George's","White's Woods","","","Trees measured are to east and southeast of the mansion","","158502","1","","","","Public-county","110.1'","Clinometer/laser rangefinder/sine","19.8'","238''","","Circumference taken at 5 1/2'","Darian Copiz","2017-01-15","http%3A%2F%2Fwww.ents-bbs.org%2Fviewtopic.php%3Ff%3D85%26t%3D7916","N"
"Tuliptree","Liriodendron tulipifera","Maryland","Prince George's","White's Woods","","","Trees measured are to east and southeast of the mansion","","158499","1","","","","Public-county","142.1'","Clinometer/laser rangefinder/sine","19.0'","228''","","","Darian Copiz","2017-01-15","http%3A%2F%2Fwww.ents-bbs.org%2Fviewtopic.php%3Ff%3D85%26t%3D7916","N"
"Tuliptree","Liriodendron tulipifera","Maryland","Prince George's","White's Woods","","","Trees measured are to east and southeast of the mansion","","158501","1","","","","Public-county","142.1'","Clinometer/laser rangefinder/sine","19.0'","228''","","","Darian Copiz","2017-01-15","http%3A%2F%2Fwww.ents-bbs.org%2Fviewtopic.php%3Ff%3D85%26t%3D7916","N"
"Tuliptree","Liriodendron tulipifera","Maryland","Prince George's","White's Woods","","","Trees measured are to east and southeast of the mansion","","158498","1","","","","Public-county","159.4'","Clinometer/laser rangefinder/sine","11.2'","134''","","","Darian Copiz","2017-01-15","http%3A%2F%2Fwww.ents-bbs.org%2Fviewtopic.php%3Ff%3D85%26t%3D7916","N"
"Tuliptree","Liriodendron tulipifera","Maryland","Prince George's","White's Woods","","","Trees measured are to east and southeast of the mansion","","158500","1","","","","Public-county","159.4'","Clinometer/laser rangefinder/sine","11.2'","134''","","","Darian Copiz","2017-01-15","http%3A%2F%2Fwww.ents-bbs.org%2Fviewtopic.php%3Ff%3D85%26t%3D7916","N"
"Tuliptree","Liriodendron tulipifera","Maryland","Various Counties","Maryland Single Tree Sites","39 14.924","-076 50.663","","","163351","1","39 14.924","-076 50.663","400.0 ft","Private. Public","106.1'","Clinometer/laser rangefinder/sine","21.0'","252''","","Measured by T. Sharp 1/3/2018.
Tree located adjacent to Dorsey,s Search Loop Trail off of Columbia Road, Columbia, Howard County, Md.
Previously measured  by J. Harvey on 1/10/2014 at 21.0' x 140'","Various Various","2010-01-01","","N"
"Tuliptree","Liriodendron tulipifera","Maryland","Various Counties","Maryland Single Tree Sites","39 02.885","-076 32.106","","","163343","1","39 02.885","-076 32.106","","Private. Public","116.1'","Clinometer/laser rangefinder/sine","22.7'","272''","","Tree is located above Ringold Cove near Arnold, Anne Arundel County, MD.
Measured by Colby Rucker 2/11/2001","Various Various","2010-01-01","","N"
"Tuliptree","Liriodendron tulipifera","Maryland","Washington","Killiamsburg Woods","","","","","158515","1","","","","Public-federal","151.4'","Clinometer/laser rangefinder/sine","10.0'","120''","","","Darian Copiz","2017-01-16","http%3A%2F%2Fwww.ents-bbs.org%2Fviewtopic.php%3Ff%3D85%26t%3D7960","N"
"Tuliptree","Liriodendron tulipifera","Maryland","Washington","Killiamsburg Woods","","","","","158514","1","","","","Public-federal","164.8'","Clinometer/laser rangefinder/sine","9.2'","110''","","","Darian Copiz","2017-01-16","http%3A%2F%2Fwww.ents-bbs.org%2Fviewtopic.php%3Ff%3D85%26t%3D7960","N"
"Tuliptree","Liriodendron tulipifera","Michigan","Berrien","Warren Woods State Park","41 50.117","-086 37.535","","","103988","1","41 50.117","-086 37.535","","Public","120.7'","Clinometer/laser rangefinder/sine","16.4'","197''","","Had to measure height from two locations to get top and bottom, using bridge as common reference.","Greg Schmidt","2014-05-23","","N"
"Tuliptree","Liriodendron tulipifera","Michigan","Calhoun","Voorhees Sanctuary","","","","","151974","1","","","","Private","124.0'","Clinometer/laser rangefinder/sine","7.6'","91''","","","Greg Schmidt","2017-06-23","","N"
"Tuliptree","Liriodendron tulipifera","Michigan","Cass","Fred Russ Forest Experimental Station","","","","","239970","1","","","","Public - state","120.0'","Clinometer/laser rangefinder/sine","11.5'","139''","","","Don Bragg","2006-12-28","http%3A%2F%2Fwww.nativetreesociety.org%2Ffieldtrips%2Fmichigan%2Fruss_forest.htm","N"
"Tuliptree","Liriodendron tulipifera","Michigan","Cass","Fred Russ Forest Experimental Station","","","","","239972","1","","","","Public - state","121.5'","Clinometer/laser rangefinder/sine","11.5'","138''","","","Don Bragg","2006-12-28","http%3A%2F%2Fwww.nativetreesociety.org%2Ffieldtrips%2Fmichigan%2Fruss_forest.htm","N"
"Tuliptree","Liriodendron tulipifera","Michigan","Cass","Fred Russ Forest Experimental Station","","","","","239971","1","","","","Public - state","128.0'","Clinometer/laser rangefinder/sine","10.2'","122''","","","Don Bragg","2006-12-28","http%3A%2F%2Fwww.nativetreesociety.org%2Ffieldtrips%2Fmichigan%2Fruss_forest.htm","N"
"Tuliptree","Liriodendron tulipifera","Michigan","Cass","Fred Russ Forest Experimental Station","","","","","239973","1","","","","Public - state","134.0'","Clinometer/laser rangefinder/sine","15.1'","181''","","","Don Bragg","2006-12-28","http%3A%2F%2Fwww.nativetreesociety.org%2Ffieldtrips%2Fmichigan%2Fruss_forest.htm","N"
"Tuliptree","Liriodendron tulipifera","Michigan","Kent","Blandford Nature Center","","","","","104005","1","","","","Private","108.9'","Clinometer/laser rangefinder/sine","7.3'","88''","","","Greg Schmidt, Bradley Schmidt","2015-11-01","http%3A%2F%2Fwww.ents-bbs.org%2Fviewtopic.php%3Ff%3D90%26t%3D7312","N"
"Tuliptree","Liriodendron tulipifera","Michigan","Kent","Blandford Nature Center","","","","","104006","1","","","","Private","116.8'","Clinometer/laser rangefinder/sine","8.3'","99''","","","Greg Schmidt, Bradley Schmidt","2015-11-01","http%3A%2F%2Fwww.ents-bbs.org%2Fviewtopic.php%3Ff%3D90%26t%3D7312","N"
"Tuliptree","Liriodendron tulipifera","Michigan","Kent","Blandford Nature Center","42 59.735","-085 44.259","","","103998","1","42 59.735","-085 44.259","","Private","123.4'","Clinometer/laser rangefinder/sine","8.5'","102''","","","Greg Schmidt, Bradley Schmidt","2015-11-01","http%3A%2F%2Fwww.ents-bbs.org%2Fviewtopic.php%3Ff%3D90%26t%3D7312","N"
"Tuliptree","Liriodendron tulipifera","Michigan","Kent","Walker City Park","43 01.120","-085 41.623","","","103217","1","43 01.120","-085 41.623","","Public","96.5'","Clinometer/laser rangefinder/sine","8.7'","104''","","","Greg Schmidt","2015-11-10","","N"
"Tuliptree","Liriodendron tulipifera","Michigan","Kent","Walker City Park","43 01.143","-085 41.667","","","103216","1","43 01.143","-085 41.667","","Public","100.4'","Clinometer/laser rangefinder/sine","7.6'","92''","","","Greg Schmidt","2015-11-10","","N"
"Tuliptree","Liriodendron tulipifera","Michigan","Kent","Walker City Park","43 01.154","-085 41.669","","","103218","1","43 01.154","-085 41.669","","Public","118.1'","Clinometer/laser rangefinder/sine","10.7'","129''","","Nikon hypsometer ranged from 25.8 to 37.0 m due to obstructions. I stood about 20-40 m from tree. Since it is likely that I did get the top, and there was some slope below the base of the tree, I reported one of the lower numbers for height. First measured May 20, 2015 @ 36 m tall x 99 cm dbh.","Greg Schmidt","2015-11-10","","N"
"Tuliptree","Liriodendron tulipifera","Michigan","St. Joseph","Fabius State Game Area","","","","","126138","1","","","","State","131.9'","Clinometer/laser rangefinder/sine","8.9'","107''","","","Greg Schmidt","2016-06-14","","N"
"Tuliptree","Liriodendron tulipifera","Mississippi","Jefferson","Bullen Creek","","","Parkway stretches from Nashville, Tennessee to Natchez, Mississippi.  250+ miles miles are in Mississippi","","235998","1","","","","Public - federal","137.0'","Clinometer/laser rangefinder/sine","9.9'","119''","","","Don Bragg","2006-11-18","http%3A%2F%2Fwww.nativetreesociety.org%2Ffieldtrips%2Fmississippi%2Fbullen%2Fbullen_creek.htm","N"
"Tuliptree","Liriodendron tulipifera","Mississippi","Noxubee","Noxubee National Wildlife Reserve","","","Trees measured per trip reports on 11/25/2018, 12/06/2018, 04/05/2019.","","251396","1","","","","Public - federal","9.5'","Clinometer/laser rangefinder/sine","8.3'","100''","","Measured along Noxubee River and Oktoc Creek","Larry Tucei","2014-01-27","http%3A%2F%2Fwww.ents-bbs.org%2Fviewtopic.php%3Ff%3D95%26t%3D8547%26sid%3D0f79a30839ac89ac82cc365c21d27dd6","N"
"Tuliptree","Liriodendron tulipifera","Mississippi","Noxubee","Noxubee National Wildlife Reserve","","","Trees measured per trip reports on 11/25/2018, 12/06/2018, 04/05/2019.","","251406","1","","","","Public - federal","106.5'","Clinometer/laser rangefinder/sine","8.0'","96''","","Different locations along the Noxubee River.","Larry Tucei","2014-01-27","http%3A%2F%2Fwww.ents-bbs.org%2Fviewtopic.php%3Ff%3D95%26t%3D8547%26sid%3D0f79a30839ac89ac82cc365c21d27dd6","N"
"Tuliptree","Liriodendron tulipifera","Mississippi","Noxubee","Noxubee National Wildlife Reserve","","","Trees measured per trip reports on 11/25/2018, 12/06/2018, 04/05/2019.","","251411","1","","","","Public - federal","112.5'","Clinometer/laser rangefinder/sine","9.8'","118''","","Different locations along the Noxubee River.","Larry Tucei","2014-01-27","http%3A%2F%2Fwww.ents-bbs.org%2Fviewtopic.php%3Ff%3D95%26t%3D8547%26sid%3D0f79a30839ac89ac82cc365c21d27dd6","N"
"Tuliptree","Liriodendron tulipifera","Mississippi","Noxubee","Noxubee National Wildlife Reserve","","","Trees measured per trip reports on 11/25/2018, 12/06/2018, 04/05/2019.","","251161","1","","","","Public - federal","126.0'","Clinometer/laser rangefinder/sine","7.9'","95''","44.0'","Along ""Trail of Big Trees""","Larry Tucei","2009-01-02","http%3A%2F%2Fwww.ents-bbs.org%2Fviewtopic.php%3Ff%3D95%26t%3D8547%26sid%3D0f79a30839ac89ac82cc365c21d27dd6","N"
"Tuliptree","Liriodendron tulipifera","Mississippi","Noxubee","Noxubee National Wildlife Reserve","","","Trees measured per trip reports on 11/25/2018, 12/06/2018, 04/05/2019.","","251151","1","","","","Public - federal","130.5'","Clinometer/laser rangefinder/sine","9.2'","110''","","Near Keaton Tower/Wilderness Trail","Larry Tucei","2015-01-23","http%3A%2F%2Fwww.ents-bbs.org%2Fviewtopic.php%3Ff%3D95%26t%3D8547%26sid%3D0f79a30839ac89ac82cc365c21d27dd6","N"
"Tuliptree","Liriodendron tulipifera","Mississippi","Noxubee","Noxubee National Wildlife Reserve","","","Trees measured per trip reports on 11/25/2018, 12/06/2018, 04/05/2019.","","251182","1","","","","Public - federal","132.0'","Clinometer/laser rangefinder/sine","","","","","Larry Tucei","2011-01-28","http%3A%2F%2Fwww.ents-bbs.org%2Fviewtopic.php%3Ff%3D95%26t%3D8547%26sid%3D0f79a30839ac89ac82cc365c21d27dd6","N"
"Tuliptree","Liriodendron tulipifera","Mississippi","Noxubee","Noxubee National Wildlife Reserve","","","Trees measured per trip reports on 11/25/2018, 12/06/2018, 04/05/2019.","","251605","1","","","","Public - federal","132.0'","Clinometer/laser rangefinder/sine","10.8'","129''","","Douglas Bluff","Larry Tucei","2016-01-01","http%3A%2F%2Fwww.ents-bbs.org%2Fviewtopic.php%3Ff%3D95%26t%3D8547%26sid%3D0f79a30839ac89ac82cc365c21d27dd6","N"
"Tuliptree","Liriodendron tulipifera","Mississippi","Noxubee","Noxubee National Wildlife Reserve","","","Trees measured per trip reports on 11/25/2018, 12/06/2018, 04/05/2019.","","251052","1","","","","Public - federal","136.5'","Clinometer/laser rangefinder/sine","9.4'","113''","","","Jess Riddle","2014-12-26","http%3A%2F%2Fwww.ents-bbs.org%2Fviewtopic.php%3Ff%3D95%26t%3D8547%26sid%3D0f79a30839ac89ac82cc365c21d27dd6","N"
"Tuliptree","Liriodendron tulipifera","Mississippi","Noxubee","Noxubee National Wildlife Reserve","","","Trees measured per trip reports on 11/25/2018, 12/06/2018, 04/05/2019.","","251578","1","","","","Public - federal","138.0'","Clinometer/laser rangefinder/sine","8.3'","99''","","Pike Road","Larry Tucei","2016-01-01","http%3A%2F%2Fwww.ents-bbs.org%2Fviewtopic.php%3Ff%3D95%26t%3D8547%26sid%3D0f79a30839ac89ac82cc365c21d27dd6","N"
"Tuliptree","Liriodendron tulipifera","Mississippi","Noxubee","Noxubee National Wildlife Reserve","","","Trees measured per trip reports on 11/25/2018, 12/06/2018, 04/05/2019.","","251646","1","","","","Public - federal","138.0'","Clinometer/laser rangefinder/sine","8.8'","106''","","","Larry Tucei","2018-01-03","http%3A%2F%2Fwww.ents-bbs.org%2Fviewtopic.php%3Ff%3D95%26t%3D8547%26sid%3D0f79a30839ac89ac82cc365c21d27dd6","N"
"Tuliptree","Liriodendron tulipifera","Mississippi","Noxubee","Noxubee National Wildlife Reserve","","","Trees measured per trip reports on 11/25/2018, 12/06/2018, 04/05/2019.","","251577","1","","","","Public - federal","139.5'","Clinometer/laser rangefinder/sine","8.2'","98''","","Pike Road","Larry Tucei","2016-01-01","http%3A%2F%2Fwww.ents-bbs.org%2Fviewtopic.php%3Ff%3D95%26t%3D8547%26sid%3D0f79a30839ac89ac82cc365c21d27dd6","N"
"Tuliptree","Liriodendron tulipifera","Mississippi","Warren","Vicksburg National Military Park","32 22.203","-090 50.394","","","320708","1","32 22.203","-090 50.394","310.0 ft","Public","144.4'","Clinometer/laser rangefinder/sine","","","","","Elijah Whitcomb","2025-01-07","","N"
"Tuliptree","Liriodendron tulipifera","Mississippi","Warren","Vicksburg National Military Park","","","","","251066","1","","","","Public","148.4'","Clinometer/laser rangefinder/sine","11.6'","139''","","","Jess Riddle","2015-12-28","","N"
"Tuliptree","Liriodendron tulipifera","Mississippi","Warren","Vicksburg National Military Park","32 21.746","-090 50.420","","","320709","1","32 21.746","-090 50.420","230.0 ft","Public","161.0'","Clinometer/laser rangefinder/sine","","","","","Elijah Whitcomb","2025-01-07","","N"
"Tuliptree","Liriodendron tulipifera","North Carolina","Buncombe","Bent Creek Experiment Station","","","Most of the trees measured were along the Wolf Creek Trail.
A Poison Ivy vine  was measure to a height 100.3'.","","227918","1","","","","Public - national","107.7'","Clinometer/laser rangefinder/sine","","","","","James Parton","2009-02-15","http%3A%2F%2Fnativetreesociety.org%2Ffieldtrips%2Fnorth_carolina%2Fbent_creek_nc.htm","N"
"Tuliptree","Liriodendron tulipifera","North Carolina","Buncombe","Blue Ridge Parkway Headquarters To Swannanoa River","","","","","39465","1","","","","Blue Ridge Parkway","125.5'","","","","","","Brian Beduhn","2013-04-13","http%3A%2F%2Fwww.ents-bbs.org%2Fviewtopic.php%3Ff%3D106%26t%3D5040","N"
"Tuliptree","Liriodendron tulipifera","North Carolina","Buncombe","Blue Ridge Parkway Headquarters To Swannanoa River","","","","","39464","1","","","","Blue Ridge Parkway","129.4'","","","","","","Brian Beduhn","2013-04-13","http%3A%2F%2Fwww.ents-bbs.org%2Fviewtopic.php%3Ff%3D106%26t%3D5040","N"
"Tuliptree","Liriodendron tulipifera","North Carolina","Buncombe","Craven Gap South","","","","","40180","1","","","","Blue Ridge Parkway","131.0'","Clinometer/laser rangefinder/sine","","","","","Brian Beduhn","2012-03-03","http%3A%2F%2Fwww.ents-bbs.org%2Fviewtopic.php%3Ff%3D106%26t%3D2636","N"
"Tuliptree","Liriodendron tulipifera","North Carolina","Buncombe","Craven Gap South","","","","","40179","1","","","","Blue Ridge Parkway","131.8'","Clinometer/laser rangefinder/sine","","","","","Brian Beduhn","2012-03-03","http%3A%2F%2Fwww.ents-bbs.org%2Fviewtopic.php%3Ff%3D106%26t%3D2636","N"
"Tuliptree","Liriodendron tulipifera","North Carolina","Buncombe","Craven Gap South","","","","","40178","1","","","","Blue Ridge Parkway","133.0'","Clinometer/laser rangefinder/sine","","","","","Brian Beduhn","2012-03-03","http%3A%2F%2Fwww.ents-bbs.org%2Fviewtopic.php%3Ff%3D106%26t%3D2636","N"
"Tuliptree","Liriodendron tulipifera","North Carolina","Buncombe","Craven Gap South","","","","","40199","1","","","","Blue Ridge Parkway","133.0'","Clinometer/laser rangefinder/sine","","","","","Brian Beduhn","2012-03-03","http%3A%2F%2Fwww.ents-bbs.org%2Fviewtopic.php%3Ff%3D106%26t%3D2636","N"
"Tuliptree","Liriodendron tulipifera","North Carolina","Buncombe","Craven Gap South","","","","","40176","1","","","","Blue Ridge Parkway","133.9'","Clinometer/laser rangefinder/sine","","","","","Brian Beduhn","2012-03-03","http%3A%2F%2Fwww.ents-bbs.org%2Fviewtopic.php%3Ff%3D106%26t%3D2636","N"
"Tuliptree","Liriodendron tulipifera","North Carolina","Buncombe","Craven Gap South","","","","","40177","1","","","","Blue Ridge Parkway","134.4'","Clinometer/laser rangefinder/sine","","","","","Brian Beduhn","2012-03-03","http%3A%2F%2Fwww.ents-bbs.org%2Fviewtopic.php%3Ff%3D106%26t%3D2636","N"
"Tuliptree","Liriodendron tulipifera","North Carolina","Buncombe","Craven Gap South","","","","","40175","1","","","","Blue Ridge Parkway","138.6'","Clinometer/laser rangefinder/sine","","","","","Brian Beduhn","2012-03-03","http%3A%2F%2Fwww.ents-bbs.org%2Fviewtopic.php%3Ff%3D106%26t%3D2636","N"
"Tuliptree","Liriodendron tulipifera","North Carolina","Buncombe","Elk Pen Trail","","","","","40084","1","","","","Public","135.3'","Clinometer/laser rangefinder/sine","","","","","Brian Beduhn","2013-02-10","http%3A%2F%2Fwww.ents-bbs.org%2Fviewtopic.php%3Ff%3D106%26t%3D5041","N"
"Tuliptree","Liriodendron tulipifera","North Carolina","Buncombe","Elk Pen Trail","","","","","40085","1","","","","Public","136.0'","Clinometer/laser rangefinder/sine","","","","","Brian Beduhn","2013-02-10","http%3A%2F%2Fwww.ents-bbs.org%2Fviewtopic.php%3Ff%3D106%26t%3D5041","N"
"Tuliptree","Liriodendron tulipifera","North Carolina","Buncombe","Elk Pen Trail","","","","","40086","1","","","","Public","137.8'","Clinometer/laser rangefinder/sine","","","","","Brian Beduhn","2013-02-10","http%3A%2F%2Fwww.ents-bbs.org%2Fviewtopic.php%3Ff%3D106%26t%3D5041","N"
"Tuliptree","Liriodendron tulipifera","North Carolina","Buncombe","Elk Pen Trail","","","","","40087","1","","","","Public","138.7'","Clinometer/laser rangefinder/sine","","","","","Brian Beduhn","2013-02-10","http%3A%2F%2Fwww.ents-bbs.org%2Fviewtopic.php%3Ff%3D106%26t%3D5041","N"
"Tuliptree","Liriodendron tulipifera","North Carolina","Buncombe","Elk Pen Trail","","","","","40088","1","","","","Public","142.2'","Clinometer/laser rangefinder/sine","","","","","Brian Beduhn","2013-02-10","http%3A%2F%2Fwww.ents-bbs.org%2Fviewtopic.php%3Ff%3D106%26t%3D5041","N"
"Tuliptree","Liriodendron tulipifera","North Carolina","Buncombe","Elk Pen Trail","","","","","40089","1","","","","Public","143.8'","Clinometer/laser rangefinder/sine","","","","","Brian Beduhn","2013-02-10","http%3A%2F%2Fwww.ents-bbs.org%2Fviewtopic.php%3Ff%3D106%26t%3D5041","N"
"Tuliptree","Liriodendron tulipifera","North Carolina","Buncombe","Hominy Valley Overlook","","","Hominy Valley Overlook at Mile Post 404.
'Golden Grove""","","252142","1","","","","Public - federal","125.6'","","","","","Multi-stem tree","James Parton","2010-11-05","http%3A%2F%2Fwww.ents-bbs.org%2Fviewtopic.php%3Ff%3D106%26t%3D1600%26sid%3D54ce2aad79a1af6421973bf0430fe82c","N"
"Tuliptree","Liriodendron tulipifera","North Carolina","Buncombe","Hominy Valley Overlook","","","Hominy Valley Overlook at Mile Post 404.
'Golden Grove""","","252130","1","","","","Public - federal","134.5'","Clinometer/laser rangefinder/sine","7.9'","95''","","","James Parton","2008-11-08","http%3A%2F%2Fwww.ents-bbs.org%2Fviewtopic.php%3Ff%3D106%26t%3D1600%26sid%3D54ce2aad79a1af6421973bf0430fe82c","N"
"Tuliptree","Liriodendron tulipifera","North Carolina","Buncombe","Hominy Valley Overlook","","","Hominy Valley Overlook at Mile Post 404.
'Golden Grove""","","252143","1","","","","Public - federal","136.6'","","","","","","James Parton","2010-11-05","http%3A%2F%2Fwww.ents-bbs.org%2Fviewtopic.php%3Ff%3D106%26t%3D1600%26sid%3D54ce2aad79a1af6421973bf0430fe82c","N"
"Tuliptree","Liriodendron tulipifera","North Carolina","Buncombe","Hominy Valley Overlook","","","Hominy Valley Overlook at Mile Post 404.
'Golden Grove""","","252144","1","","","","Public - federal","138.2'","","","","","","James Parton","2010-11-05","http%3A%2F%2Fwww.ents-bbs.org%2Fviewtopic.php%3Ff%3D106%26t%3D1600%26sid%3D54ce2aad79a1af6421973bf0430fe82c","N"
"Tuliptree","Liriodendron tulipifera","North Carolina","Buncombe","Hominy Valley Overlook","","","Hominy Valley Overlook at Mile Post 404.
'Golden Grove""","","252131","1","","","","Public - federal","139.6'","Clinometer/laser rangefinder/sine","9.5'","114''","","","James Parton","2008-11-08","http%3A%2F%2Fwww.ents-bbs.org%2Fviewtopic.php%3Ff%3D106%26t%3D1600%26sid%3D54ce2aad79a1af6421973bf0430fe82c","N"
"Tuliptree","Liriodendron tulipifera","North Carolina","Buncombe","Lake Julian Park","","","","","227870","1","","","","Public-Private","96.0'","Clinometer/laser rangefinder/sine","7.2'","86''","","Located Section on near Haywood Road and Old Shoals Road.","James Parton","2008-11-01","http%3A%2F%2Fwww.ents-bbs.org%2Fviewtopic.php%3Ff%3D106%26t%3D1805%26sid%3D75ec212a9b138fb27cc678c4fe2bdea4","N"
"Tuliptree","Liriodendron tulipifera","North Carolina","Buncombe","Lake Julian Park","","","","","227893","1","","","","Public-Private","104.6'","Clinometer/laser rangefinder/sine","6.5'","78''","","Section4: Long Shoals","James Parton","2008-11-01","http%3A%2F%2Fwww.ents-bbs.org%2Fviewtopic.php%3Ff%3D106%26t%3D1805%26sid%3D75ec212a9b138fb27cc678c4fe2bdea4","N"
"Tuliptree","Liriodendron tulipifera","North Carolina","Buncombe","Lake Julian Park","","","","","227905","1","","","","Public-Private","108.7'","Clinometer/laser rangefinder/sine","11.4'","137''","","Section 5","James Parton","2008-11-01","http%3A%2F%2Fwww.ents-bbs.org%2Fviewtopic.php%3Ff%3D106%26t%3D1805%26sid%3D75ec212a9b138fb27cc678c4fe2bdea4","N"
"Tuliptree","Liriodendron tulipifera","North Carolina","Buncombe","Lake Julian Park","","","","","227879","1","","","","Public-Private","112.1'","Clinometer/laser rangefinder/sine","6.5'","78''","","Section 3: Past trestle bridge","James Parton","2008-11-01","http%3A%2F%2Fwww.ents-bbs.org%2Fviewtopic.php%3Ff%3D106%26t%3D1805%26sid%3D75ec212a9b138fb27cc678c4fe2bdea4","N"
"Tuliptree","Liriodendron tulipifera","North Carolina","Buncombe","Lake Julian Park","","","","","227906","1","","","","Public-Private","115.5'","Clinometer/laser rangefinder/sine","10.8'","130''","","Section 5","James Parton","2008-11-01","http%3A%2F%2Fwww.ents-bbs.org%2Fviewtopic.php%3Ff%3D106%26t%3D1805%26sid%3D75ec212a9b138fb27cc678c4fe2bdea4","N"
"Tuliptree","Liriodendron tulipifera","North Carolina","Buncombe","Lake Julian Park","","","","","227903","1","","","","Public-Private","123.0'","Clinometer/laser rangefinder/sine","7.7'","92''","","Section 5","James Parton","2008-11-01","http%3A%2F%2Fwww.ents-bbs.org%2Fviewtopic.php%3Ff%3D106%26t%3D1805%26sid%3D75ec212a9b138fb27cc678c4fe2bdea4","N"
"Tuliptree","Liriodendron tulipifera","North Carolina","Buncombe","Lake Julian Park","","","","","227904","1","","","","Public-Private","123.0'","Clinometer/laser rangefinder/sine","7.0'","84''","","Section 5","James Parton","2008-11-01","http%3A%2F%2Fwww.ents-bbs.org%2Fviewtopic.php%3Ff%3D106%26t%3D1805%26sid%3D75ec212a9b138fb27cc678c4fe2bdea4","N"
"Tuliptree","Liriodendron tulipifera","North Carolina","Buncombe","Mountain To Sea Trail- Rattlesnake Lodge","35 40.146","-082 28.407","Can access the Rattle Snake Lodge Trail either from Reems or the Blue Ridge parkway via Ox Creek Road. This trail is part of the state Mountain to Sea Trail system.","","252194","1","35 40.146","-082 28.407","3300.0 ft","Public - federal","96.4'","Clinometer/laser rangefinder/sine","10.3'","124''","","","James Parton","2011-02-23","http%3A%2F%2Fwww.ents-bbs.org%2Fviewtopic.php%3Ff%3D106%26t%3D2105%26sid%3D75ec212a9b138fb27cc678c4fe2bdea4","N"
"Tuliptree","Liriodendron tulipifera","North Carolina","Buncombe","Mountain To Sea Trail- Rattlesnake Lodge","35 40.100","-082 28.218","Can access the Rattle Snake Lodge Trail either from Reems or the Blue Ridge parkway via Ox Creek Road. This trail is part of the state Mountain to Sea Trail system.","","252199","1","35 40.100","-082 28.218","","Public - federal","106.9'","Clinometer/laser rangefinder/sine","8.3'","100''","","","James Parton","2011-02-23","http%3A%2F%2Fwww.ents-bbs.org%2Fviewtopic.php%3Ff%3D106%26t%3D2105%26sid%3D75ec212a9b138fb27cc678c4fe2bdea4","N"
"Tuliptree","Liriodendron tulipifera","North Carolina","Buncombe","Mountain To Sea Trail- Rattlesnake Lodge","35 40.039","-082 28.100","Can access the Rattle Snake Lodge Trail either from Reems or the Blue Ridge parkway via Ox Creek Road. This trail is part of the state Mountain to Sea Trail system.","","252198","1","35 40.039","-082 28.100","","Public - federal","111.3'","Clinometer/laser rangefinder/sine","6.9'","83''","","","James Parton","2011-02-23","http%3A%2F%2Fwww.ents-bbs.org%2Fviewtopic.php%3Ff%3D106%26t%3D2105%26sid%3D75ec212a9b138fb27cc678c4fe2bdea4","N"
"Tuliptree","Liriodendron tulipifera","North Carolina","Buncombe","Mountain To Sea Trail- Rattlesnake Lodge","35 40.039","-082 28.106","Can access the Rattle Snake Lodge Trail either from Reems or the Blue Ridge parkway via Ox Creek Road. This trail is part of the state Mountain to Sea Trail system.","","252197","1","35 40.039","-082 28.106","","Public - federal","115.1'","Clinometer/laser rangefinder/sine","9.9'","119''","","","James Parton","2011-02-23","http%3A%2F%2Fwww.ents-bbs.org%2Fviewtopic.php%3Ff%3D106%26t%3D2105%26sid%3D75ec212a9b138fb27cc678c4fe2bdea4","N"
"Tuliptree","Liriodendron tulipifera","North Carolina","Buncombe","Mountain To Sea Trail- Rattlesnake Lodge","","","Can access the Rattle Snake Lodge Trail either from Reems or the Blue Ridge parkway via Ox Creek Road. This trail is part of the state Mountain to Sea Trail system.","","252195","1","","","","Public - federal","129.0'","Clinometer/laser rangefinder/sine","10.4'","125''","","","James Parton","2011-02-23","http%3A%2F%2Fwww.ents-bbs.org%2Fviewtopic.php%3Ff%3D106%26t%3D2105%26sid%3D75ec212a9b138fb27cc678c4fe2bdea4","N"
"Tuliptree","Liriodendron tulipifera","North Carolina","Buncombe","Mountains-To-Sea Trail  (Busbee Reservoir)","","","The Mountains-to-Sea Trail intersects a road running between two reservoirs.  The site is nearer the upper reservoir, just north of the Blue Ridge Parkway.  The tall grove of white pines is part of the immediate site.","","40228","1","","","","Blue Ridge Parkway","126.7'","Clinometer/laser rangefinder/sine","","","","","Brian Beduhn","2013-02-09","http%3A%2F%2Fwww.ents-bbs.org%2Fviewtopic.php%3Ff%3D106%26t%3D5040","N"
"Tuliptree","Liriodendron tulipifera","North Carolina","Buncombe","Mountains-To-Sea Trail  (Busbee Reservoir)","","","The Mountains-to-Sea Trail intersects a road running between two reservoirs.  The site is nearer the upper reservoir, just north of the Blue Ridge Parkway.  The tall grove of white pines is part of the immediate site.","","40229","1","","","","Blue Ridge Parkway","130.9'","Clinometer/laser rangefinder/sine","","","","","Brian Beduhn","2013-02-09","http%3A%2F%2Fwww.ents-bbs.org%2Fviewtopic.php%3Ff%3D106%26t%3D5040","N"
"Tuliptree","Liriodendron tulipifera","North Carolina","Buncombe","Mountains-To-Sea Trail  (Busbee Reservoir)","","","The Mountains-to-Sea Trail intersects a road running between two reservoirs.  The site is nearer the upper reservoir, just north of the Blue Ridge Parkway.  The tall grove of white pines is part of the immediate site.","","40264","1","","","","Blue Ridge Parkway","131.5'","Clinometer/laser rangefinder/sine","","","","","Brian Beduhn","2013-02-09","http%3A%2F%2Fwww.ents-bbs.org%2Fviewtopic.php%3Ff%3D106%26t%3D5040","N"
"Tuliptree","Liriodendron tulipifera","North Carolina","Buncombe","Mountains-To-Sea Trail  (Busbee Reservoir)","","","The Mountains-to-Sea Trail intersects a road running between two reservoirs.  The site is nearer the upper reservoir, just north of the Blue Ridge Parkway.  The tall grove of white pines is part of the immediate site.","","40230","1","","","","Blue Ridge Parkway","134.9'","Clinometer/laser rangefinder/sine","","","","","Brian Beduhn","2013-02-09","http%3A%2F%2Fwww.ents-bbs.org%2Fviewtopic.php%3Ff%3D106%26t%3D5040","N"
"Tuliptree","Liriodendron tulipifera","North Carolina","Buncombe","Mountains-To-Sea Trail  (Busbee Reservoir)","","","The Mountains-to-Sea Trail intersects a road running between two reservoirs.  The site is nearer the upper reservoir, just north of the Blue Ridge Parkway.  The tall grove of white pines is part of the immediate site.","","40231","1","","","","Blue Ridge Parkway","136.3'","Clinometer/laser rangefinder/sine","","","","","Brian Beduhn","2013-02-09","http%3A%2F%2Fwww.ents-bbs.org%2Fviewtopic.php%3Ff%3D106%26t%3D5040","N"
"Tuliptree","Liriodendron tulipifera","North Carolina","Buncombe","Mountains-To-Sea Trail  (Busbee Reservoir)","","","The Mountains-to-Sea Trail intersects a road running between two reservoirs.  The site is nearer the upper reservoir, just north of the Blue Ridge Parkway.  The tall grove of white pines is part of the immediate site.","","40232","1","","","","Blue Ridge Parkway","137.2'","Clinometer/laser rangefinder/sine","","","","","Brian Beduhn","2013-02-09","http%3A%2F%2Fwww.ents-bbs.org%2Fviewtopic.php%3Ff%3D106%26t%3D5040","N"
"Tuliptree","Liriodendron tulipifera","North Carolina","Buncombe","Mountains-To-Sea Trail  (Busbee Reservoir)","","","The Mountains-to-Sea Trail intersects a road running between two reservoirs.  The site is nearer the upper reservoir, just north of the Blue Ridge Parkway.  The tall grove of white pines is part of the immediate site.","","40265","1","","","","Blue Ridge Parkway","137.9'","Clinometer/laser rangefinder/sine","","","","","Brian Beduhn","2013-02-09","http%3A%2F%2Fwww.ents-bbs.org%2Fviewtopic.php%3Ff%3D106%26t%3D5040","N"
"Tuliptree","Liriodendron tulipifera","North Carolina","Buncombe","Mountains-To-Sea Trail  (Busbee Reservoir)","","","The Mountains-to-Sea Trail intersects a road running between two reservoirs.  The site is nearer the upper reservoir, just north of the Blue Ridge Parkway.  The tall grove of white pines is part of the immediate site.","","40266","1","","","","Blue Ridge Parkway","140.1'","Clinometer/laser rangefinder/sine","","","","","Brian Beduhn","2013-02-09","http%3A%2F%2Fwww.ents-bbs.org%2Fviewtopic.php%3Ff%3D106%26t%3D5040","N"
"Tuliptree","Liriodendron tulipifera","North Carolina","Buncombe","Mountains-To-Sea Trail  (Busbee Reservoir)","","","The Mountains-to-Sea Trail intersects a road running between two reservoirs.  The site is nearer the upper reservoir, just north of the Blue Ridge Parkway.  The tall grove of white pines is part of the immediate site.","","40233","1","","","","Blue Ridge Parkway","140.9'","Clinometer/laser rangefinder/sine","","","","","Brian Beduhn","2013-02-09","http%3A%2F%2Fwww.ents-bbs.org%2Fviewtopic.php%3Ff%3D106%26t%3D5040","N"
"Tuliptree","Liriodendron tulipifera","North Carolina","Buncombe","Mountains-To-Sea Trail  (Busbee Reservoir)","","","The Mountains-to-Sea Trail intersects a road running between two reservoirs.  The site is nearer the upper reservoir, just north of the Blue Ridge Parkway.  The tall grove of white pines is part of the immediate site.","","40267","1","","","","Blue Ridge Parkway","142.1'","Clinometer/laser rangefinder/sine","","","","","Brian Beduhn","2013-02-09","http%3A%2F%2Fwww.ents-bbs.org%2Fviewtopic.php%3Ff%3D106%26t%3D5040","N"
"Tuliptree","Liriodendron tulipifera","North Carolina","Buncombe","Waterfall Creek/Carter Creek","","","","","227747","1","","","","Public - national","","Clinometer/laser rangefinder/sine","14.2'","170''","","","Jess Riddle, Josh Kelly","2006-09-06","http%3A%2F%2Fnativetreesociety.org%2Ffieldtrips%2Fnorth_carolina%2Fwaterfall_creek%2Fwaterfall_creek.htm","N"
"Tuliptree","Liriodendron tulipifera","North Carolina","Buncombe","Waterfall Creek/Carter Creek","","","","","227748","1","","","4700.0 ft","Public - national","","Clinometer/laser rangefinder/sine","15.6'","187''","","","Jess Riddle, Josh Kelly","2006-09-06","http%3A%2F%2Fnativetreesociety.org%2Ffieldtrips%2Fnorth_carolina%2Fwaterfall_creek%2Fwaterfall_creek.htm","N"
"Tuliptree","Liriodendron tulipifera","North Carolina","Clay","Southern Nantahala Wilderness Area","","","11,703 acres in North Carolina in Nantahala National Forest.
11,770 acres in Georgia in Chattahoochee National Forest","","227737","1","","","","Public - national","149.2'","Clinometer/laser rangefinder/sine","","","","","Jess Riddle, Doug Riddle","2007-01-30","http%3A%2F%2Fnativetreesociety.org%2Ffieldtrips%2Fnorth_carolina%2Fsouthern_nantahala_wilderness.htm","N"
"Tuliptree","Liriodendron tulipifera","North Carolina","Clay","Southern Nantahala Wilderness Area","","","11,703 acres in North Carolina in Nantahala National Forest.
11,770 acres in Georgia in Chattahoochee National Forest","","227738","1","","","","Public - national","150.0'","Clinometer/laser rangefinder/sine","10.5'","126''","","","Jess Riddle, Doug Riddle","2007-01-30","http%3A%2F%2Fnativetreesociety.org%2Ffieldtrips%2Fnorth_carolina%2Fsouthern_nantahala_wilderness.htm","N"
"Tuliptree","Liriodendron tulipifera","North Carolina","Clay","Southern Nantahala Wilderness Area","","","11,703 acres in North Carolina in Nantahala National Forest.
11,770 acres in Georgia in Chattahoochee National Forest","","227739","1","","","","Public - national","151.3'","Clinometer/laser rangefinder/sine","7.3'","88''","","","Jess Riddle, Doug Riddle","2007-01-30","http%3A%2F%2Fnativetreesociety.org%2Ffieldtrips%2Fnorth_carolina%2Fsouthern_nantahala_wilderness.htm","N"
"Tuliptree","Liriodendron tulipifera","North Carolina","Clay","Southern Nantahala Wilderness Area","","","11,703 acres in North Carolina in Nantahala National Forest.
11,770 acres in Georgia in Chattahoochee National Forest","","227740","1","","","","Public - national","152.7'","Clinometer/laser rangefinder/sine","8.4'","101''","","","Jess Riddle, Doug Riddle","2007-01-30","http%3A%2F%2Fnativetreesociety.org%2Ffieldtrips%2Fnorth_carolina%2Fsouthern_nantahala_wilderness.htm","N"
"Tuliptree","Liriodendron tulipifera","North Carolina","Cocke","Kalanu Prong","","","Kalanu Prong into False Gap Prong, into Porters Creek into Little Pigeon River","","229609","1","","","","Public - national","","Clinometer/laser rangefinder/sine","20.1'","241''","","","Jess Riddle","2006-03-12","http%3A%2F%2Fnativetreesociety.org%2Ffieldtrips%2Fgsmnp%2Fkalanu_prong.htm","N"
"Tuliptree","Liriodendron tulipifera","North Carolina","Cocke","Kalanu Prong","","","Kalanu Prong into False Gap Prong, into Porters Creek into Little Pigeon River","","229611","1","","","","Public - national","146.2'","Clinometer/laser rangefinder/sine","22.8'","274''","","Known as the 'Greenbrier Giant'","Jess Riddle","2006-03-12","http%3A%2F%2Fnativetreesociety.org%2Ffieldtrips%2Fgsmnp%2Fkalanu_prong.htm","N"
"Tuliptree","Liriodendron tulipifera","North Carolina","Cocke","Kalanu Prong","","","Kalanu Prong into False Gap Prong, into Porters Creek into Little Pigeon River","","229610","1","","","","Public - national","157.1'","Clinometer/laser rangefinder/sine","22.1'","265''","","","Jess Riddle","2006-03-12","http%3A%2F%2Fnativetreesociety.org%2Ffieldtrips%2Fgsmnp%2Fkalanu_prong.htm","N"
"Tuliptree","Liriodendron tulipifera","North Carolina","Forsyth","Tanglewood Park","","","Owned by Forsyth County.","","226778","1","","","","Public - county","146.4'","Clinometer/laser rangefinder/sine","10.5'","126''","","","Jess Riddle","2007-01-06","hhttp%3A%2F%2Fnativetreesociety.org%2Ffieldtrips%2Fnorth_carolina%2Ftanglewood_park2","N"
"Tuliptree","Liriodendron tulipifera","North Carolina","Forsyth","Tanglewood Park","","","Owned by Forsyth County.","","226779","1","","","","Public - county","149.9'","Clinometer/laser rangefinder/sine","10.8'","130''","","","Jess Riddle","2007-01-06","hhttp%3A%2F%2Fnativetreesociety.org%2Ffieldtrips%2Fnorth_carolina%2Ftanglewood_park2","N"
"Tuliptree","Liriodendron tulipifera","North Carolina","Forsyth","Tanglewood Park","","","Owned by Forsyth County.","","226780","1","","","","Public - county","151.7'","Clinometer/laser rangefinder/sine","7.2'","86''","","","Jess Riddle","2007-01-06","hhttp%3A%2F%2Fnativetreesociety.org%2Ffieldtrips%2Fnorth_carolina%2Ftanglewood_park2","N"
"Tuliptree","Liriodendron tulipifera","North Carolina","Forsyth","Tanglewood Park","","","Owned by Forsyth County.","","226781","1","","","","Public - county","152.7'","Clinometer/laser rangefinder/sine","9.1'","109''","","","Jess Riddle","2007-01-06","hhttp%3A%2F%2Fnativetreesociety.org%2Ffieldtrips%2Fnorth_carolina%2Ftanglewood_park2","N"
"Tuliptree","Liriodendron tulipifera","North Carolina","Forsyth","Tanglewood Park","","","Owned by Forsyth County.","","226782","1","","","","Public - county","160.4'","Clinometer/laser rangefinder/sine","8.5'","102''","","","Jess Riddle","2007-01-06","hhttp%3A%2F%2Fnativetreesociety.org%2Ffieldtrips%2Fnorth_carolina%2Ftanglewood_park2","N"
"Tuliptree","Liriodendron tulipifera","North Carolina","Graham","Grassy Branch Area","","","","","243455","1","","","","Public - national","145.8'","Clinometer/laser rangefinder/sine","15.8'","189''","","Drainage East of Obediah Gap.","Jess Riddle","2004-06-13","http%3A%2F%2Fnativetreesociety.org%2Ffieldtrips%2Fnorth_carolina%2Fjoyce_kilmer.htm","N"
"Tuliptree","Liriodendron tulipifera","North Carolina","Graham","Joyce Kilmer Memorial Forest","","","Also contained in the Joyce Kilmer - Slickock Wilderness area.","","227382","1","","","","Public - national","","Clinometer/laser rangefinder/sine","13.6'","163''","","","James Parton","2008-05-01","http%3A%2F%2Fnativetreesociety.org%2Ffieldtrips%2Fnorth_carolina%2Fjkmf%2Fjoyce_kilmer_memorial_forest_2008a.htm","N"
"Tuliptree","Liriodendron tulipifera","North Carolina","Graham","Joyce Kilmer Memorial Forest","","","Also contained in the Joyce Kilmer - Slickock Wilderness area.","","227383","1","","","","Public - national","","Clinometer/laser rangefinder/sine","15.3'","183''","","","James Parton","2008-05-01","http%3A%2F%2Fnativetreesociety.org%2Ffieldtrips%2Fnorth_carolina%2Fjkmf%2Fjoyce_kilmer_memorial_forest_2008a.htm","N"
"Tuliptree","Liriodendron tulipifera","North Carolina","Graham","Joyce Kilmer Memorial Forest","","","Also contained in the Joyce Kilmer - Slickock Wilderness area.","","227384","1","","","","Public - national","","Clinometer/laser rangefinder/sine","14.8'","178''","","","James Parton","2008-05-01","http%3A%2F%2Fnativetreesociety.org%2Ffieldtrips%2Fnorth_carolina%2Fjkmf%2Fjoyce_kilmer_memorial_forest_2008a.htm","N"
"Tuliptree","Liriodendron tulipifera","North Carolina","Graham","Joyce Kilmer Memorial Forest","","","Also contained in the Joyce Kilmer - Slickock Wilderness area.","","227387","1","","","","Public - national","","Clinometer/laser rangefinder/sine","13.0'","156''","","","James Parton","2008-05-01","http%3A%2F%2Fnativetreesociety.org%2Ffieldtrips%2Fnorth_carolina%2Fjkmf%2Fjoyce_kilmer_memorial_forest_2008a.htm","N"
"Tuliptree","Liriodendron tulipifera","North Carolina","Graham","Joyce Kilmer Memorial Forest","","","Also contained in the Joyce Kilmer - Slickock Wilderness area.","","227388","1","","","","Public - national","","Clinometer/laser rangefinder/sine","17.5'","210''","","","James Parton","2008-05-01","http%3A%2F%2Fnativetreesociety.org%2Ffieldtrips%2Fnorth_carolina%2Fjkmf%2Fjoyce_kilmer_memorial_forest_2008a.htm","N"
"Tuliptree","Liriodendron tulipifera","North Carolina","Graham","Joyce Kilmer Memorial Forest","","","Also contained in the Joyce Kilmer - Slickock Wilderness area.","","227389","1","","","","Public - national","","Clinometer/laser rangefinder/sine","15.6'","187''","","","James Parton","2008-05-01","http%3A%2F%2Fnativetreesociety.org%2Ffieldtrips%2Fnorth_carolina%2Fjkmf%2Fjoyce_kilmer_memorial_forest_2008a.htm","N"
"Tuliptree","Liriodendron tulipifera","North Carolina","Graham","Joyce Kilmer Memorial Forest","","","Also contained in the Joyce Kilmer - Slickock Wilderness area.","","227390","1","","","","Public - national","","Clinometer/laser rangefinder/sine","15.7'","188''","","","James Parton","2008-05-01","http%3A%2F%2Fnativetreesociety.org%2Ffieldtrips%2Fnorth_carolina%2Fjkmf%2Fjoyce_kilmer_memorial_forest_2008a.htm","N"
"Tuliptree","Liriodendron tulipifera","North Carolina","Graham","Joyce Kilmer Memorial Forest","","","Also contained in the Joyce Kilmer - Slickock Wilderness area.","","227391","1","","","","Public - national","","Clinometer/laser rangefinder/sine","13.0'","156''","","","James Parton","2008-05-01","http%3A%2F%2Fnativetreesociety.org%2Ffieldtrips%2Fnorth_carolina%2Fjkmf%2Fjoyce_kilmer_memorial_forest_2008a.htm","N"
"Tuliptree","Liriodendron tulipifera","North Carolina","Graham","Joyce Kilmer Memorial Forest","","","Also contained in the Joyce Kilmer - Slickock Wilderness area.","","227393","1","","","","Public - national","","Clinometer/laser rangefinder/sine","18.2'","218''","","","James Parton","2008-05-01","http%3A%2F%2Fnativetreesociety.org%2Ffieldtrips%2Fnorth_carolina%2Fjkmf%2Fjoyce_kilmer_memorial_forest_2008a.htm","N"
"Tuliptree","Liriodendron tulipifera","North Carolina","Graham","Joyce Kilmer Memorial Forest","","","Also contained in the Joyce Kilmer - Slickock Wilderness area.","","227394","1","","","","Public - national","","Clinometer/laser rangefinder/sine","21.3'","256''","","","James Parton","2008-05-01","http%3A%2F%2Fnativetreesociety.org%2Ffieldtrips%2Fnorth_carolina%2Fjkmf%2Fjoyce_kilmer_memorial_forest_2008a.htm","N"
"Tuliptree","Liriodendron tulipifera","North Carolina","Graham","Joyce Kilmer Memorial Forest","","","Also contained in the Joyce Kilmer - Slickock Wilderness area.","","227395","1","","","","Public - national","","Clinometer/laser rangefinder/sine","16.4'","197''","","One of two side-by-side trees","James Parton","2008-05-01","http%3A%2F%2Fnativetreesociety.org%2Ffieldtrips%2Fnorth_carolina%2Fjkmf%2Fjoyce_kilmer_memorial_forest_2008a.htm","N"
"Tuliptree","Liriodendron tulipifera","North Carolina","Graham","Joyce Kilmer Memorial Forest","","","Also contained in the Joyce Kilmer - Slickock Wilderness area.","","227396","1","","","","Public - national","","Clinometer/laser rangefinder/sine","16.4'","197''","","One of two side-by-side trees.","James Parton","2008-05-01","http%3A%2F%2Fnativetreesociety.org%2Ffieldtrips%2Fnorth_carolina%2Fjkmf%2Fjoyce_kilmer_memorial_forest_2008a.htm","N"
"Tuliptree","Liriodendron tulipifera","North Carolina","Graham","Joyce Kilmer Memorial Forest","","","Also contained in the Joyce Kilmer - Slickock Wilderness area.","","227397","1","","","","Public - national","","Clinometer/laser rangefinder/sine","14.5'","174''","","","James Parton","2008-05-01","http%3A%2F%2Fnativetreesociety.org%2Ffieldtrips%2Fnorth_carolina%2Fjkmf%2Fjoyce_kilmer_memorial_forest_2008a.htm","N"
"Tuliptree","Liriodendron tulipifera","North Carolina","Graham","Joyce Kilmer Memorial Forest","","","Also contained in the Joyce Kilmer - Slickock Wilderness area.","","227398","1","","","","Public - national","","Clinometer/laser rangefinder/sine","17.8'","213''","","","James Parton","2008-05-01","http%3A%2F%2Fnativetreesociety.org%2Ffieldtrips%2Fnorth_carolina%2Fjkmf%2Fjoyce_kilmer_memorial_forest_2008a.htm","N"
"Tuliptree","Liriodendron tulipifera","North Carolina","Graham","Joyce Kilmer Memorial Forest","","","Also contained in the Joyce Kilmer - Slickock Wilderness area.","","227399","1","","","","Public - national","","Clinometer/laser rangefinder/sine","13.2'","158''","","","James Parton","2008-05-01","http%3A%2F%2Fnativetreesociety.org%2Ffieldtrips%2Fnorth_carolina%2Fjkmf%2Fjoyce_kilmer_memorial_forest_2008a.htm","N"
"Tuliptree","Liriodendron tulipifera","North Carolina","Graham","Joyce Kilmer Memorial Forest","","","Also contained in the Joyce Kilmer - Slickock Wilderness area.","","227401","1","","","","Public - national","","Clinometer/laser rangefinder/sine","16.1'","193''","","","James Parton","2008-05-01","http%3A%2F%2Fnativetreesociety.org%2Ffieldtrips%2Fnorth_carolina%2Fjkmf%2Fjoyce_kilmer_memorial_forest_2008a.htm","N"
"Tuliptree","Liriodendron tulipifera","North Carolina","Graham","Joyce Kilmer Memorial Forest","","","Also contained in the Joyce Kilmer - Slickock Wilderness area.","","227402","1","","","","Public - national","","Clinometer/laser rangefinder/sine","17.3'","208''","","","James Parton","2008-05-01","http%3A%2F%2Fnativetreesociety.org%2Ffieldtrips%2Fnorth_carolina%2Fjkmf%2Fjoyce_kilmer_memorial_forest_2008a.htm","N"
"Tuliptree","Liriodendron tulipifera","North Carolina","Graham","Joyce Kilmer Memorial Forest","","","Also contained in the Joyce Kilmer - Slickock Wilderness area.","","227403","1","","","","Public - national","","Clinometer/laser rangefinder/sine","14.4'","173''","","","James Parton","2008-05-01","http%3A%2F%2Fnativetreesociety.org%2Ffieldtrips%2Fnorth_carolina%2Fjkmf%2Fjoyce_kilmer_memorial_forest_2008a.htm","N"
"Tuliptree","Liriodendron tulipifera","North Carolina","Graham","Joyce Kilmer Memorial Forest","","","Also contained in the Joyce Kilmer - Slickock Wilderness area.","","227404","1","","","","Public - national","","Clinometer/laser rangefinder/sine","14.2'","170''","","","James Parton","2008-05-01","http%3A%2F%2Fnativetreesociety.org%2Ffieldtrips%2Fnorth_carolina%2Fjkmf%2Fjoyce_kilmer_memorial_forest_2008a.htm","N"
"Tuliptree","Liriodendron tulipifera","North Carolina","Graham","Joyce Kilmer Memorial Forest","","","Also contained in the Joyce Kilmer - Slickock Wilderness area.","","227516","1","","","","Public - national","117.3'","Clinometer/laser rangefinder/sine","19.5'","234''","","","Michael Davie","2004-04-29","http%3A%2F%2Fnativetreesociety.org%2Ffieldtrips%2Fnorth_carolina%2Fjkmf%2Fjoyce_kilmer_memorial_forest_2008a.htm","N"
"Tuliptree","Liriodendron tulipifera","North Carolina","Graham","Joyce Kilmer Memorial Forest","","","Also contained in the Joyce Kilmer - Slickock Wilderness area.","","227386","1","","","","Public - national","119.9'","Clinometer/laser rangefinder/sine","","","","","James Parton","2008-05-01","http%3A%2F%2Fnativetreesociety.org%2Ffieldtrips%2Fnorth_carolina%2Fjkmf%2Fjoyce_kilmer_memorial_forest_2008a.htm","N"
"Tuliptree","Liriodendron tulipifera","North Carolina","Graham","Joyce Kilmer Memorial Forest","","","Also contained in the Joyce Kilmer - Slickock Wilderness area.","","227400","1","","","","Public - national","139.7'","Clinometer/laser rangefinder/sine","15.0'","180''","","","James Parton","2008-05-01","http%3A%2F%2Fnativetreesociety.org%2Ffieldtrips%2Fnorth_carolina%2Fjkmf%2Fjoyce_kilmer_memorial_forest_2008a.htm","N"
"Tuliptree","Liriodendron tulipifera","North Carolina","Graham","Joyce Kilmer Memorial Forest","","","Also contained in the Joyce Kilmer - Slickock Wilderness area.","","227517","1","","","","Public - national","141.5'","Clinometer/laser rangefinder/sine","15.9'","191''","","","Michael Davie","2004-04-29","http%3A%2F%2Fnativetreesociety.org%2Ffieldtrips%2Fnorth_carolina%2Fjkmf%2Fjoyce_kilmer_memorial_forest_2008a.htm","N"
"Tuliptree","Liriodendron tulipifera","North Carolina","Graham","Joyce Kilmer Memorial Forest","","","Also contained in the Joyce Kilmer - Slickock Wilderness area.","","227514","1","","","","Public - national","147.4'","Clinometer/laser rangefinder/sine","12.5'","150''","","","Michael Davie","2004-04-29","http%3A%2F%2Fnativetreesociety.org%2Ffieldtrips%2Fnorth_carolina%2Fjkmf%2Fjoyce_kilmer_memorial_forest_2008a.htm","N"
"Tuliptree","Liriodendron tulipifera","North Carolina","Graham","Joyce Kilmer Memorial Forest","","","Also contained in the Joyce Kilmer - Slickock Wilderness area.","","227523","1","","","","Public - national","147.7'","Clinometer/laser rangefinder/sine","","","","","Michael Davie","2004-04-29","http%3A%2F%2Fnativetreesociety.org%2Ffieldtrips%2Fnorth_carolina%2Fjkmf%2Fjoyce_kilmer_memorial_forest_2008a.htm","N"
"Tuliptree","Liriodendron tulipifera","North Carolina","Graham","Joyce Kilmer Memorial Forest","","","Also contained in the Joyce Kilmer - Slickock Wilderness area.","","227392","1","","","","Public - national","148.6'","Clinometer/laser rangefinder/sine","20.4'","245''","","","James Parton","2008-05-01","http%3A%2F%2Fnativetreesociety.org%2Ffieldtrips%2Fnorth_carolina%2Fjkmf%2Fjoyce_kilmer_memorial_forest_2008a.htm","N"
"Tuliptree","Liriodendron tulipifera","North Carolina","Graham","Joyce Kilmer Memorial Forest","","","Also contained in the Joyce Kilmer - Slickock Wilderness area.","","227521","1","","","","Public - national","148.8'","Clinometer/laser rangefinder/sine","","","","","Michael Davie","2004-04-29","http%3A%2F%2Fnativetreesociety.org%2Ffieldtrips%2Fnorth_carolina%2Fjkmf%2Fjoyce_kilmer_memorial_forest_2008a.htm","N"
"Tuliptree","Liriodendron tulipifera","North Carolina","Graham","Joyce Kilmer Memorial Forest","","","Also contained in the Joyce Kilmer - Slickock Wilderness area.","","227385","1","","","","Public - national","150.0'","Clinometer/laser rangefinder/sine","16.3'","195''","","","James Parton","2008-05-01","http%3A%2F%2Fnativetreesociety.org%2Ffieldtrips%2Fnorth_carolina%2Fjkmf%2Fjoyce_kilmer_memorial_forest_2008a.htm","N"
"Tuliptree","Liriodendron tulipifera","North Carolina","Graham","Joyce Kilmer Memorial Forest","","","Also contained in the Joyce Kilmer - Slickock Wilderness area.","","227518","1","","","","Public - national","152.9'","Clinometer/laser rangefinder/sine","","","","","Michael Davie","2004-04-29","http%3A%2F%2Fnativetreesociety.org%2Ffieldtrips%2Fnorth_carolina%2Fjkmf%2Fjoyce_kilmer_memorial_forest_2008a.htm","N"
"Tuliptree","Liriodendron tulipifera","North Carolina","Graham","Joyce Kilmer Memorial Forest","","","Also contained in the Joyce Kilmer - Slickock Wilderness area.","","227519","1","","","","Public - national","152.9'","Clinometer/laser rangefinder/sine","13.2'","158''","","","Michael Davie","2004-04-29","http%3A%2F%2Fnativetreesociety.org%2Ffieldtrips%2Fnorth_carolina%2Fjkmf%2Fjoyce_kilmer_memorial_forest_2008a.htm","N"
"Tuliptree","Liriodendron tulipifera","North Carolina","Graham","Joyce Kilmer Memorial Forest","","","Also contained in the Joyce Kilmer - Slickock Wilderness area.","","227520","1","","","","Public - national","153.4'","Clinometer/laser rangefinder/sine","15.4'","185''","","","Michael Davie","2004-04-29","http%3A%2F%2Fnativetreesociety.org%2Ffieldtrips%2Fnorth_carolina%2Fjkmf%2Fjoyce_kilmer_memorial_forest_2008a.htm","N"
"Tuliptree","Liriodendron tulipifera","North Carolina","Graham","Joyce Kilmer Memorial Forest","","","Also contained in the Joyce Kilmer - Slickock Wilderness area.","","227522","1","","","","Public - national","155.6'","Clinometer/laser rangefinder/sine","15.7'","188''","","","Michael Davie","2004-04-29","http%3A%2F%2Fnativetreesociety.org%2Ffieldtrips%2Fnorth_carolina%2Fjkmf%2Fjoyce_kilmer_memorial_forest_2008a.htm","N"
"Tuliptree","Liriodendron tulipifera","North Carolina","Graham","Joyce Kilmer Memorial Forest","","","Also contained in the Joyce Kilmer - Slickock Wilderness area.","","227515","1","","","","Public - national","164.5'","Clinometer/laser rangefinder/sine","15.1'","181''","","","Michael Davie","2004-04-29","http%3A%2F%2Fnativetreesociety.org%2Ffieldtrips%2Fnorth_carolina%2Fjkmf%2Fjoyce_kilmer_memorial_forest_2008a.htm","N"
"Tuliptree","Liriodendron tulipifera","North Carolina","Graham","Santeetlah Creek","","","","","227028","1","","","","Public - national","136.3'","Clinometer/laser rangefinder/sine","","","","Indian Creek","Jess Riddle","2009-09-08","http%3A%2F%2Fnativetreesociety.org%2Ffieldtrips%2Fnorth_carolina%2Fsanteetlah_creek.htm","N"
"Tuliptree","Liriodendron tulipifera","North Carolina","Graham","Santeetlah Creek","","","","","227012","1","","","","Public - national","145.5'","Clinometer/laser rangefinder/sine","","","","On Santeetlah Creek","Jess Riddle","2009-09-08","http%3A%2F%2Fnativetreesociety.org%2Ffieldtrips%2Fnorth_carolina%2Fsanteetlah_creek.htm","N"
"Tuliptree","Liriodendron tulipifera","North Carolina","Graham","Santeetlah Creek","","","","","227029","1","","","","Public - national","154.5'","Clinometer/laser rangefinder/sine","17.0'","204''","","Indian Creek","Jess Riddle","2009-09-08","http%3A%2F%2Fnativetreesociety.org%2Ffieldtrips%2Fnorth_carolina%2Fsanteetlah_creek.htm","N"
"Tuliptree","Liriodendron tulipifera","North Carolina","Graham","Wright Creek","","","","","227974","1","","","","Public - national","","Clinometer/laser rangefinder/sine","20.6'","247''","","","Josh Kelly, Hugh Irwin, Brent Martin","2009-02-10","http%3A%2F%2Fnativetreesociety.org%2Ffieldtrips%2Fnorth_carolina%2F20footpoplar%2F20footpoplar.htm","N"
"Tuliptree","Liriodendron tulipifera","North Carolina","Graham","Wright Creek","","","","","227973","1","","","","Public - national","150.0'","Clinometer/laser rangefinder/sine","14.4'","173''","","","Josh Kelly, Hugh Irwin, Brent Martin","2009-02-10","http%3A%2F%2Fnativetreesociety.org%2Ffieldtrips%2Fnorth_carolina%2F20footpoplar%2F20footpoplar.htm","N"
"Tuliptree","Liriodendron tulipifera","North Carolina","Guilford","Guilford Courthouse","","","","","40736","1","","","","Public","124.6'","Clinometer/laser rangefinder/sine","13.0'","156''","","","Brian Beduhn","2012-11-24","http%3A%2F%2Fwww.ents-bbs.org%2Fviewtopic.php%3Ff%3D106%26t%3D4752","N"
"Tuliptree","Liriodendron tulipifera","North Carolina","Guilford","Guilford Courthouse","","","","","40737","1","","","","Public","125.5'","Clinometer/laser rangefinder/sine","13.0'","156''","","","Brian Beduhn","2012-11-24","http%3A%2F%2Fwww.ents-bbs.org%2Fviewtopic.php%3Ff%3D106%26t%3D4752","N"
"Tuliptree","Liriodendron tulipifera","North Carolina","Guilford","Guilford Courthouse","","","","","40740","1","","","","Public","131.4'","Clinometer/laser rangefinder/sine","","","","","Brian Beduhn","2012-11-24","http%3A%2F%2Fwww.ents-bbs.org%2Fviewtopic.php%3Ff%3D106%26t%3D4752","N"
"Tuliptree","Liriodendron tulipifera","North Carolina","Guilford","Guilford Courthouse","","","","","40739","1","","","","Public","132.0'","Clinometer/laser rangefinder/sine","","","","","Brian Beduhn","2012-11-24","http%3A%2F%2Fwww.ents-bbs.org%2Fviewtopic.php%3Ff%3D106%26t%3D4752","N"
"Tuliptree","Liriodendron tulipifera","North Carolina","Guilford","Guilford Courthouse","","","","","40738","1","","","","Public","132.1'","Clinometer/laser rangefinder/sine","","","","","Brian Beduhn","2012-11-24","http%3A%2F%2Fwww.ents-bbs.org%2Fviewtopic.php%3Ff%3D106%26t%3D4752","N"
"Tuliptree","Liriodendron tulipifera","North Carolina","Guilford","Guilford Courthouse","","","","","40723","1","","","","Public","133.5'","Clinometer/laser rangefinder/sine","","","","","Brian Beduhn","2012-11-24","http%3A%2F%2Fwww.ents-bbs.org%2Fviewtopic.php%3Ff%3D106%26t%3D4752","N"
"Tuliptree","Liriodendron tulipifera","North Carolina","Guilford","Owl's Roost Trail","","","","","40814","1","","","","Private, Trails Public","140.6'","Clinometer/laser rangefinder/sine","","","","","Brian Beduhn","2011-11-25","http%3A%2F%2Fwww.ents-bbs.org%2Fviewtopic.php%3Ff%3D106%26t%3D3321","N"
"Tuliptree","Liriodendron tulipifera","North Carolina","Guilford","Price Park","","","","","40752","1","","","","Public","120.5'","Clinometer/laser rangefinder/sine","","","","","Brian Beduhn","2012-02-11","http%3A%2F%2Fwww.ents-bbs.org%2Fviewtopic.php%3Ff%3D106%26t%3D3321","N"
"Tuliptree","Liriodendron tulipifera","North Carolina","Guilford","Price Park","","","","","40753","1","","","","Public","120.6'","Clinometer/laser rangefinder/sine","","","","","Brian Beduhn","2012-02-11","http%3A%2F%2Fwww.ents-bbs.org%2Fviewtopic.php%3Ff%3D106%26t%3D3321","N"
"Tuliptree","Liriodendron tulipifera","North Carolina","Guilford","Price Park","","","","","40754","1","","","","Public","122.3'","Clinometer/laser rangefinder/sine","","","","","Brian Beduhn","2012-02-11","http%3A%2F%2Fwww.ents-bbs.org%2Fviewtopic.php%3Ff%3D106%26t%3D3321","N"
"Tuliptree","Liriodendron tulipifera","North Carolina","Guilford","Price Park","","","","","40755","1","","","","Public","125.6'","Clinometer/laser rangefinder/sine","","","","","Brian Beduhn","2012-02-11","http%3A%2F%2Fwww.ents-bbs.org%2Fviewtopic.php%3Ff%3D106%26t%3D3321","N"
"Tuliptree","Liriodendron tulipifera","North Carolina","Guilford","Price Park","","","","","40756","1","","","","Public","127.3'","Clinometer/laser rangefinder/sine","","","","","Brian Beduhn","2012-02-11","http%3A%2F%2Fwww.ents-bbs.org%2Fviewtopic.php%3Ff%3D106%26t%3D3321","N"
"Tuliptree","Liriodendron tulipifera","North Carolina","Guilford","Price Park","","","","","40757","1","","","","Public","127.8'","Clinometer/laser rangefinder/sine","","","","","Brian Beduhn","2012-02-11","http%3A%2F%2Fwww.ents-bbs.org%2Fviewtopic.php%3Ff%3D106%26t%3D3321","N"
"Tuliptree","Liriodendron tulipifera","North Carolina","Guilford","Price Park","","","","","40758","1","","","","Public","131.5'","Clinometer/laser rangefinder/sine","","","","","Brian Beduhn","2012-02-11","http%3A%2F%2Fwww.ents-bbs.org%2Fviewtopic.php%3Ff%3D106%26t%3D3321","N"
"Tuliptree","Liriodendron tulipifera","North Carolina","Guilford","The Grande/The Bluffs","","","","","40621","1","","","","Private Homes/Neighborhood","124.9'","Clinometer/laser rangefinder/sine","","","","","Brian Beduhn","2012-12-02","http%3A%2F%2Fwww.ents-bbs.org%2Fviewtopic.php%3Ff%3D106%26t%3D4761","N"
"Tuliptree","Liriodendron tulipifera","North Carolina","Haywood","Big Creek","","","","","230472","1","","","","Public - federal","","Clinometer/laser rangefinder/sine","12.4'","149''","","","James Parton","2009-03-29","http%3A%2F%2Fwww.nativetreesociety.org%2Ffieldtrips%2Fgsmnp%2Fbig_creek%2Fbig_creek.htm","N"
"Tuliptree","Liriodendron tulipifera","North Carolina","Haywood","Big Creek","","","","","230474","1","","","","Public - federal","12.7'","Clinometer/laser rangefinder/sine","10.3'","123''","","","James Parton","2009-03-29","http%3A%2F%2Fwww.nativetreesociety.org%2Ffieldtrips%2Fgsmnp%2Fbig_creek%2Fbig_creek.htm","N"
"Tuliptree","Liriodendron tulipifera","North Carolina","Haywood","Big Creek","","","","","230475","1","","","","Public - federal","140.0'","Clinometer/laser rangefinder/sine","","","","","James Parton","2009-03-29","http%3A%2F%2Fwww.nativetreesociety.org%2Ffieldtrips%2Fgsmnp%2Fbig_creek%2Fbig_creek.htm","N"
"Tuliptree","Liriodendron tulipifera","North Carolina","Haywood","Big Creek","","","","","230470","1","","","","Public - federal","146.1'","Clinometer/laser rangefinder/sine","9.8'","117''","","","James Parton","2009-03-29","http%3A%2F%2Fwww.nativetreesociety.org%2Ffieldtrips%2Fgsmnp%2Fbig_creek%2Fbig_creek.htm","N"
"Tuliptree","Liriodendron tulipifera","North Carolina","Haywood","Big Creek","","","","","230473","1","","","","Public - federal","150.5'","Clinometer/laser rangefinder/sine","11.4'","137''","","","James Parton","2009-03-29","http%3A%2F%2Fwww.nativetreesociety.org%2Ffieldtrips%2Fgsmnp%2Fbig_creek%2Fbig_creek.htm","N"
"Tuliptree","Liriodendron tulipifera","North Carolina","Haywood","Big Creek","","","","","230476","1","","","","Public - federal","150.5'","Clinometer/laser rangefinder/sine","9.0'","108''","","","James Parton","2009-03-29","http%3A%2F%2Fwww.nativetreesociety.org%2Ffieldtrips%2Fgsmnp%2Fbig_creek%2Fbig_creek.htm","N"
"Tuliptree","Liriodendron tulipifera","North Carolina","Haywood","Big Creek","","","","","230471","1","","","","Public - federal","151.4'","Clinometer/laser rangefinder/sine","9.5'","114''","","","James Parton","2009-03-29","http%3A%2F%2Fwww.nativetreesociety.org%2Ffieldtrips%2Fgsmnp%2Fbig_creek%2Fbig_creek.htm","N"
"Tuliptree","Liriodendron tulipifera","North Carolina","Haywood","Cataloochee","","","On North side of Big Fork Ridge","","230013","1","","","","Public - national","139.5'","Clinometer/laser rangefinder/sine","8.8'","106''","","","Dale Luthringer","2002-10-21","http%3A%2F%2Fnativetreesociety.org%2Ffieldtrips%2Fgsmnp%2Fcatching_up.htm","N"
"Tuliptree","Liriodendron tulipifera","North Carolina","Haywood","Cataloochee","","","On North side of Big Fork Ridge","","230012","1","","","","Public - national","149.5'","Clinometer/laser rangefinder/sine","11.3'","136''","","","Dale Luthringer","2002-10-21","http%3A%2F%2Fnativetreesociety.org%2Ffieldtrips%2Fgsmnp%2Fcatching_up.htm","N"
"Tuliptree","Liriodendron tulipifera","North Carolina","Haywood","Cataloochee","","","On North side of Big Fork Ridge","","230011","1","","","","Public - national","151.6'","Clinometer/laser rangefinder/sine","15.3'","184''","","","Dale Luthringer","2002-10-21","http%3A%2F%2Fnativetreesociety.org%2Ffieldtrips%2Fgsmnp%2Fcatching_up.htm","N"
"Tuliptree","Liriodendron tulipifera","North Carolina","Haywood","Cataloochee","","","On North side of Big Fork Ridge","","230014","1","","","","Public - national","152.7'","Clinometer/laser rangefinder/sine","11.7'","140''","","","Dale Luthringer","2002-10-21","http%3A%2F%2Fnativetreesociety.org%2Ffieldtrips%2Fgsmnp%2Fcatching_up.htm","N"
"Tuliptree","Liriodendron tulipifera","North Carolina","Haywood","Cataloochee","","","On North side of Big Fork Ridge","","230015","1","","","","Public - national","157.9'","Clinometer/laser rangefinder/sine","","","","","Dale Luthringer","2002-10-21","http%3A%2F%2Fnativetreesociety.org%2Ffieldtrips%2Fgsmnp%2Fcatching_up.htm","N"
"Tuliptree","Liriodendron tulipifera","North Carolina","Haywood","Cataloochee","","","On North side of Big Fork Ridge","","230382","1","","","","Public - national","165.6'","Clinometer/laser rangefinder/sine","7.1'","85''","","","Bob Leverett","2007-06-20","http%3A%2F%2Fnativetreesociety.org%2Ffieldtrips%2Fgsmnp%2Fcatching_up.htm","N"
"Tuliptree","Liriodendron tulipifera","North Carolina","Haywood","Cataloochee","","","On North side of Big Fork Ridge","","230010","1","","","","Public - national","167.7'","Clinometer/laser rangefinder/sine","","","","","Dale Luthringer","2002-10-21","http%3A%2F%2Fnativetreesociety.org%2Ffieldtrips%2Fgsmnp%2Fcatching_up.htm","N"
"Tuliptree","Liriodendron tulipifera","North Carolina","Haywood","Chestnut Branch","","","Chestnut Creek into Big Creek into Pigeon River
Trees were also measured on Kilby Branch which goes into Big Creek into Pigeon River","","230426","1","","","","Public - federal","154.6'","Clinometer/laser rangefinder/sine","","","","Height is Not Less Then (NLT)
Measured on Kilby Branch","Jess Riddle, Michael Davie","2004-11-19","http%3A%2F%2Fwww.nativetreesociety.org%2Ffieldtrips%2Fgsmnp%2Fupper_chestnut_branch.htm","N"
"Tuliptree","Liriodendron tulipifera","North Carolina","Haywood","Dude Branch","","","Dude Branch into Correll Branch into Litle Cataloochee Creek into Cataloochee Creek.","","230176","1","","","","Public - federal","171.7'","Clinometer/laser rangefinder/sine","19.4'","233''","","","Michael Davie","2003-11-23","http%3A%2F%2Fwww.nativetreesociety.org%2Ffieldtrips%2Fgsmnp%2Fdude_branch.htm","N"
"Tuliptree","Liriodendron tulipifera","North Carolina","Haywood","Hurricane Creek","","","Hurricane Creek into Rough Fork into Cataloochee Creek","","230340","1","","","","Public - federal","158.3'","Clinometer/laser rangefinder/sine","12.3'","147''","","","Jess Riddle, Will Blozan","2006-12-22","http%3A%2F%2Fwww.nativetreesociety.org%2Ffieldtrips%2Fgsmnp%2Fhurricane_creek06.htm","N"
"Tuliptree","Liriodendron tulipifera","North Carolina","Haywood","Hurricane Creek","","","Hurricane Creek into Rough Fork into Cataloochee Creek","","230341","1","","","","Public - federal","161.7'","Clinometer/laser rangefinder/sine","11.5'","138''","","","Jess Riddle, Will Blozan","2006-12-22","http%3A%2F%2Fwww.nativetreesociety.org%2Ffieldtrips%2Fgsmnp%2Fhurricane_creek06.htm","N"
"Tuliptree","Liriodendron tulipifera","North Carolina","Haywood","Hurricane Creek","","","Hurricane Creek into Rough Fork into Cataloochee Creek","","230342","1","","","","Public - federal","165.3'","Clinometer/laser rangefinder/sine","11.4'","137''","","","Jess Riddle, Will Blozan","2006-12-22","http%3A%2F%2Fwww.nativetreesociety.org%2Ffieldtrips%2Fgsmnp%2Fhurricane_creek06.htm","N"
"Tuliptree","Liriodendron tulipifera","North Carolina","Haywood","Hurricane Creek","","","Hurricane Creek into Rough Fork into Cataloochee Creek","","230343","1","","","","Public - federal","165.8'","Clinometer/laser rangefinder/sine","14.0'","168''","","","Jess Riddle, Will Blozan","2006-12-22","http%3A%2F%2Fwww.nativetreesociety.org%2Ffieldtrips%2Fgsmnp%2Fhurricane_creek06.htm","N"
"Tuliptree","Liriodendron tulipifera","North Carolina","Haywood","Hurricane Creek","","","Hurricane Creek into Rough Fork into Cataloochee Creek","","230344","1","","","","Public - federal","175.8'","Clinometer/laser rangefinder/sine","14.6'","175''","","","Jess Riddle, Will Blozan","2006-12-22","http%3A%2F%2Fwww.nativetreesociety.org%2Ffieldtrips%2Fgsmnp%2Fhurricane_creek06.htm","N"
"Tuliptree","Liriodendron tulipifera","North Carolina","Haywood","Mckee Branch","","","McKee Branch into Caldwell Fork into Cataloochee Creek,","","230147","1","","","","Public - federal","","Clinometer/laser rangefinder/sine","14.3'","172''","","","Michael Davie","2005-02-25","http%3A%2F%2Fwww.nativetreesociety.org%2Ffieldtrips%2Fgsmnp%2Fmckee_branch.htm","N"
"Tuliptree","Liriodendron tulipifera","North Carolina","Haywood","Mckee Branch","","","McKee Branch into Caldwell Fork into Cataloochee Creek,","","230148","1","","","","Public - federal","","Clinometer/laser rangefinder/sine","17.6'","211''","","","Michael Davie","2005-02-25","http%3A%2F%2Fwww.nativetreesociety.org%2Ffieldtrips%2Fgsmnp%2Fmckee_branch.htm","N"
"Tuliptree","Liriodendron tulipifera","North Carolina","Haywood","Mckee Branch","","","McKee Branch into Caldwell Fork into Cataloochee Creek,","","230149","1","","","","Public - federal","","Clinometer/laser rangefinder/sine","14.4'","173''","","","Michael Davie","2005-02-25","http%3A%2F%2Fwww.nativetreesociety.org%2Ffieldtrips%2Fgsmnp%2Fmckee_branch.htm","N"
"Tuliptree","Liriodendron tulipifera","North Carolina","Haywood","Mckee Branch","","","McKee Branch into Caldwell Fork into Cataloochee Creek,","","230150","1","","","","Public - federal","","Clinometer/laser rangefinder/sine","15.8'","190''","","","Michael Davie","2005-02-25","http%3A%2F%2Fwww.nativetreesociety.org%2Ffieldtrips%2Fgsmnp%2Fmckee_branch.htm","N"
"Tuliptree","Liriodendron tulipifera","North Carolina","Haywood","Mckee Branch","","","McKee Branch into Caldwell Fork into Cataloochee Creek,","","230151","1","","","","Public - federal","124.8'","Clinometer/laser rangefinder/sine","","","","","Michael Davie","2005-02-25","http%3A%2F%2Fwww.nativetreesociety.org%2Ffieldtrips%2Fgsmnp%2Fmckee_branch.htm","N"
"Tuliptree","Liriodendron tulipifera","North Carolina","Haywood","Pretty Hollow Creek","","","Trees were also measured on two tributaries -Onion Bed Branch and Cooks Creek","","230145","1","","","","Public - federal","118.1'","Clinometer/laser rangefinder/sine","","","","","Jess Riddle","2003-10-05","http%3A%2F%2Fwww.nativetreesociety.org%2Ffieldtrips%2Fgsmnp%2Fpretty_hollow_creek.htm","N"
"Tuliptree","Liriodendron tulipifera","North Carolina","Haywood","Pretty Hollow Creek","","","Trees were also measured on two tributaries -Onion Bed Branch and Cooks Creek","","230146","1","","","","Public - federal","159.8'","Clinometer/laser rangefinder/sine","","","","","Jess Riddle","2003-10-05","http%3A%2F%2Fwww.nativetreesociety.org%2Ffieldtrips%2Fgsmnp%2Fpretty_hollow_creek.htm","N"
"Tuliptree","Liriodendron tulipifera","North Carolina","Haywood","Pretty Hollow Gap Trail","","","See also: 
http://www.ents-bbs.org/viewtopic.php?f=74&t=567&sid=5889e46023df58e7bc6da42345d72d3e","","252461","1","","","","Public - federal","150.0'","Clinometer/laser rangefinder/sine","","","","","James Parton, Will Blozan","2010-08-22","http%3A%2F%2Fwww.ents-bbs.org%2Fviewtopic.php%3Ff%3D11%26t%3D573%26sid%3D5889e46023df58e7bc6da42345d72d3e","N"
"Tuliptree","Liriodendron tulipifera","North Carolina","Haywood","Sag Branch","","","","","230122","1","","","","Public - federal","167.7'","Clinometer/laser rangefinder/sine","22.2'","267''","8.4'","Tree is on West Prong of Sag Branch,
2430 cubic feet of trunk, volume, 1560 cubic feet branch volume.","Robert Vanpelt, Ed Coyle, Will Blozan","2004-02-24","http%3A%2F%2Fwww.nativetreesociety.org%2Ffieldtrips%2Fgsmnp%2Fsag_branch_cataloochee.htm","N"
"Tuliptree","Liriodendron tulipifera","North Carolina","Haywood","Skiffley Creek","","","Trees were also measured on Dry Branch which is a tributary to an adjoining drainage called Groundhog Creek","","243538","1","","","","Public - national","155.6'","Clinometer/laser rangefinder/sine","9.0'","108''","","Dry Branch","Jess Riddle","2006-11-01","http%3A%2F%2Fnativetreesociety.org%2Ffieldtrips%2Fnorth_carolina%2Fskiffley_creek_and_dry_branch.htm","N"
"Tuliptree","Liriodendron tulipifera","North Carolina","Haywood","Skiffley Creek","","","Trees were also measured on Dry Branch which is a tributary to an adjoining drainage called Groundhog Creek","","243539","1","","","","Public - national","156.9'","Clinometer/laser rangefinder/sine","","","","Dry Branch","Jess Riddle","2006-11-01","http%3A%2F%2Fnativetreesociety.org%2Ffieldtrips%2Fnorth_carolina%2Fskiffley_creek_and_dry_branch.htm","N"
"Tuliptree","Liriodendron tulipifera","North Carolina","Haywood","Skiffley Creek","","","Trees were also measured on Dry Branch which is a tributary to an adjoining drainage called Groundhog Creek","","243540","1","","","","Public - national","164.1'","Clinometer/laser rangefinder/sine","6.8'","82''","","Dry Branch","Jess Riddle","2006-11-01","http%3A%2F%2Fnativetreesociety.org%2Ffieldtrips%2Fnorth_carolina%2Fskiffley_creek_and_dry_branch.htm","N"
"Tuliptree","Liriodendron tulipifera","North Carolina","Haywood","Smokey Mountains National Park","","","","","204865","1","","","","public","162.0'","Clinometer/laser rangefinder/sine","","","","","Stefan Radivoyevitch","2020-02-27","","N"
"Tuliptree","Liriodendron tulipifera","North Carolina","Haywood","Smokey Mountains National Park","","","","","204863","1","","","","public","163.0'","Clinometer/laser rangefinder/sine","","","","","Stefan Radivoyevitch","2020-02-27","","N"
"Tuliptree","Liriodendron tulipifera","North Carolina","Haywood","Smokey Mountains National Park","","","","","204864","1","","","","public","163.0'","Clinometer/laser rangefinder/sine","","","","","Stefan Radivoyevitch","2020-02-27","","N"
"Tuliptree","Liriodendron tulipifera","North Carolina","Haywood","Smokey Mountains National Park","","","","","204862","1","","","","public","164.0'","Clinometer/laser rangefinder/sine","","","","","Stefan Radivoyevitch","2020-02-27","","N"
"Tuliptree","Liriodendron tulipifera","North Carolina","Haywood","Smokey Mountains National Park","","","","","204861","1","","","","public","165.0'","Clinometer/laser rangefinder/sine","","","","","Stefan Radivoyevitch","2020-02-27","","N"
"Tuliptree","Liriodendron tulipifera","North Carolina","Haywood","Smokey Mountains National Park","","","","","204859","1","","","","public","167.0'","Clinometer/laser rangefinder/sine","","","","","Stefan Radivoyevitch","2020-02-27","","N"
"Tuliptree","Liriodendron tulipifera","North Carolina","Haywood","Smokey Mountains National Park","","","","","204860","1","","","","public","167.0'","Clinometer/laser rangefinder/sine","","","","","Stefan Radivoyevitch","2020-02-27","","N"
"Tuliptree","Liriodendron tulipifera","North Carolina","Haywood","Smokey Mountains National Park","","","","","204858","1","","","","public","168.0'","Clinometer/laser rangefinder/sine","14.8'","178''","","up-slope height measurement

tree  located by Will Blozan","Stefan Radivoyevitch","2020-02-27","","N"
"Tuliptree","Liriodendron tulipifera","North Carolina","Henderson","Calvary Episcopal Church","","","","","235516","1","","","","Private","","Clinometer/laser rangefinder/sine","8.3'","99''","","","James Parton","2008-03-18","http%3A%2F%2Fnativetreesociety.org%2Ffieldtrips%2Fnorth_carolina%2Fcalvary_htm","N"
"Tuliptree","Liriodendron tulipifera","North Carolina","Henderson","Carl Sandburg Home National Historical Site","","","Carl Sandburg Home National Historical Site","","229405","1","","","","Public - federal","","Clinometer/laser rangefinder/sine","11.3'","135''","","","James Parton","2008-01-12","http%3A%2F%2Fwww.ents-bbs.org%2Fviewtopic.php%3Ff%3D106%26t%3D911%26sid%3Da2220255d71bc8241b5bc342c81238c3","N"
"Tuliptree","Liriodendron tulipifera","North Carolina","Henderson","Carl Sandburg Home National Historical Site","","","Carl Sandburg Home National Historical Site","","229406","1","","","","Public - federal","128.0'","Clinometer/laser rangefinder/sine","12.3'","148''","","Height is Not Less Than (NLT)","James Parton","2008-01-12","http%3A%2F%2Fwww.ents-bbs.org%2Fviewtopic.php%3Ff%3D106%26t%3D911%26sid%3Da2220255d71bc8241b5bc342c81238c3","N"
"Tuliptree","Liriodendron tulipifera","North Carolina","Henderson","Jackson Park","","","220 acres
Also see:
http://nativetreesociety.org/fieldtrips/north_carolina/jacksonpark/jackson_park_hendersonville2.htm","","227590","1","","","","Public - city","","Clinometer/laser rangefinder/sine","7.4'","89''","","","James Parton","2008-04-06","http%3A%2F%2Fnativetreesociety.org%2Ffieldtrips%2Fnorth_carolina%2Fjacksonpark%2Fjackson_park_hendersonville2.htm","N"
"Tuliptree","Liriodendron tulipifera","North Carolina","Henderson","Kings Mountain","","","","","227913","1","","","","Private","111.0'","Clinometer/laser rangefinder/sine","","","","","James Parton","2009-01-10","http%3A%2F%2Fnativetreesociety.org%2Ffieldtrips%2Fnorth_carolina%2F20090110-kingsmountain%2F","N"
"Tuliptree","Liriodendron tulipifera","North Carolina","Henderson","Lanning Woods","","","Mostly Private property of James Lanning between Fletcher and Mountain Home.","","252259","1","","","","Private","100.5'","Clinometer/laser rangefinder/sine","7.0'","84''","","","James Parton","2010-12-26","http%3A%2F%2Fwww.ents-bbs.org%2Fviewtopic.php%3Ff%3D106%26t%3D1833%26sid%3D7881d3c4690831c012a37d164b92e700","N"
"Tuliptree","Liriodendron tulipifera","North Carolina","Henderson","Lanning Woods","","","Mostly Private property of James Lanning between Fletcher and Mountain Home.","","252257","1","","","","Private","104.4'","Clinometer/laser rangefinder/sine","","","","","James Parton","2010-12-26","http%3A%2F%2Fwww.ents-bbs.org%2Fviewtopic.php%3Ff%3D106%26t%3D1833%26sid%3D7881d3c4690831c012a37d164b92e700","N"
"Tuliptree","Liriodendron tulipifera","North Carolina","Henderson","Lanning Woods","","","Mostly Private property of James Lanning between Fletcher and Mountain Home.","","252258","1","","","","Private","105.1'","Clinometer/laser rangefinder/sine","6.4'","77''","","","James Parton","2010-12-26","http%3A%2F%2Fwww.ents-bbs.org%2Fviewtopic.php%3Ff%3D106%26t%3D1833%26sid%3D7881d3c4690831c012a37d164b92e700","N"
"Tuliptree","Liriodendron tulipifera","North Carolina","Henderson","Lanning Woods","","","Mostly Private property of James Lanning between Fletcher and Mountain Home.","","252260","1","","","","Private","106.5'","Clinometer/laser rangefinder/sine","6.3'","75''","","","James Parton","2010-12-26","http%3A%2F%2Fwww.ents-bbs.org%2Fviewtopic.php%3Ff%3D106%26t%3D1833%26sid%3D7881d3c4690831c012a37d164b92e700","N"
"Tuliptree","Liriodendron tulipifera","North Carolina","Henderson","Mountain-To-Sea Trail","","","","","227959","1","","","","Public - national","119.5'","Clinometer/laser rangefinder/sine","8.1'","97''","","","James Parton","2009-01-25","http%3A%2F%2Fnativetreesociety.org%2Ffieldtrips%2Fnorth_carolina%2F20090125-blueridgeparkway%2F","N"
"Tuliptree","Liriodendron tulipifera","North Carolina","Henderson","Paris Woods","","","","","227123","1","","","","Private","","Clinometer/laser rangefinder/sine","6.0'","72''","","","James Parton","2007-12-23","http%3A%2F%2Fnativetreesociety.org%2Ffieldtrips%2Fnorth_carolina%2Fparis%2Fparis_woods.htm","N"
"Tuliptree","Liriodendron tulipifera","North Carolina","Henderson","Paris Woods","","","","","227124","1","","","","Private","","Clinometer/laser rangefinder/sine","5.9'","71''","","","James Parton","2007-12-23","http%3A%2F%2Fnativetreesociety.org%2Ffieldtrips%2Fnorth_carolina%2Fparis%2Fparis_woods.htm","N"
"Tuliptree","Liriodendron tulipifera","North Carolina","Henderson","Paris Woods","","","","","227125","1","","","","Private","","Clinometer/laser rangefinder/sine","7.4'","89''","","","James Parton","2007-12-23","http%3A%2F%2Fnativetreesociety.org%2Ffieldtrips%2Fnorth_carolina%2Fparis%2Fparis_woods.htm","N"
"Tuliptree","Liriodendron tulipifera","North Carolina","Henderson","Yellow Gap","","","Trees measured along roads and trails leading to Yellow Gap. from the vicinity of the North River Mills Campground.","","252148","1","","","","Public - federal","133.5'","Clinometer/laser rangefinder/sine","5.9'","71''","","","James Parton","2010-09-07","http%3A%2F%2Fwww.ents-bbs.org%2Fviewtopic.php%3Ff%3D106%26t%3D1323%26sid%3D75ec212a9b138fb27cc678c4fe2bdea4","N"
"Tuliptree","Liriodendron tulipifera","North Carolina","Henderson","Yellow Gap","","","Trees measured along roads and trails leading to Yellow Gap. from the vicinity of the North River Mills Campground.","","252149","1","","","","Public - federal","139.0'","Clinometer/laser rangefinder/sine","7.3'","87''","","","James Parton","2010-09-07","http%3A%2F%2Fwww.ents-bbs.org%2Fviewtopic.php%3Ff%3D106%26t%3D1323%26sid%3D75ec212a9b138fb27cc678c4fe2bdea4","N"
"Tuliptree","Liriodendron tulipifera","North Carolina","Henderson","Yellow Gap","","","Trees measured along roads and trails leading to Yellow Gap. from the vicinity of the North River Mills Campground.","","252151","1","","","","Public - federal","139.4'","Clinometer/laser rangefinder/sine","","","","","James Parton","2010-09-07","http%3A%2F%2Fwww.ents-bbs.org%2Fviewtopic.php%3Ff%3D106%26t%3D1323%26sid%3D75ec212a9b138fb27cc678c4fe2bdea4","N"
"Tuliptree","Liriodendron tulipifera","North Carolina","Henderson","Yellow Gap","","","Trees measured along roads and trails leading to Yellow Gap. from the vicinity of the North River Mills Campground.","","252150","1","","","","Public - federal","139.5'","Clinometer/laser rangefinder/sine","7.0'","84''","","","James Parton","2010-09-07","http%3A%2F%2Fwww.ents-bbs.org%2Fviewtopic.php%3Ff%3D106%26t%3D1323%26sid%3D75ec212a9b138fb27cc678c4fe2bdea4","N"
"Tuliptree","Liriodendron tulipifera","North Carolina","Henderson","Yellow Gap","","","Trees measured along roads and trails leading to Yellow Gap. from the vicinity of the North River Mills Campground.","","252147","1","","","","Public - federal","139.6'","Clinometer/laser rangefinder/sine","6.2'","74''","","","James Parton","2010-09-07","http%3A%2F%2Fwww.ents-bbs.org%2Fviewtopic.php%3Ff%3D106%26t%3D1323%26sid%3D75ec212a9b138fb27cc678c4fe2bdea4","N"
"Tuliptree","Liriodendron tulipifera","North Carolina","Jackson","East Barkers Creek","","","Measurerers also included J. Kelly.","","252167","1","","","","Public - federal","164.2'","Clinometer/laser rangefinder/sine","","","","","Jess Riddle, Will Blozan, Micharl Davie","2011-12-08","http%3A%2F%2Fwww.ents-bbs.org%2Fviewtopic.php%3Ff%3D106%26t%3D1882%26sid%3D75ec212a9b138fb27cc678c4fe2bdea4","N"
"Tuliptree","Liriodendron tulipifera","North Carolina","Jackson","East Barkers Creek","","","Measurerers also included J. Kelly.","","252168","1","","","","Public - federal","165.4'","Clinometer/laser rangefinder/sine","","","","","Jess Riddle, Will Blozan, Micharl Davie","2011-12-08","http%3A%2F%2Fwww.ents-bbs.org%2Fviewtopic.php%3Ff%3D106%26t%3D1882%26sid%3D75ec212a9b138fb27cc678c4fe2bdea4","N"
"Tuliptree","Liriodendron tulipifera","North Carolina","Jackson","East Barkers Creek","","","Measurerers also included J. Kelly.","","252169","1","","","","Public - federal","166.0'","Clinometer/laser rangefinder/sine","","","","","Jess Riddle, Will Blozan, Micharl Davie","2011-12-08","http%3A%2F%2Fwww.ents-bbs.org%2Fviewtopic.php%3Ff%3D106%26t%3D1882%26sid%3D75ec212a9b138fb27cc678c4fe2bdea4","N"
"Tuliptree","Liriodendron tulipifera","North Carolina","Jackson","East Barkers Creek","","","Measurerers also included J. Kelly.","","252170","1","","","","Public - federal","168.5'","Clinometer/laser rangefinder/sine","6.0'","72''","","","Jess Riddle, Will Blozan, Micharl Davie","2011-12-08","http%3A%2F%2Fwww.ents-bbs.org%2Fviewtopic.php%3Ff%3D106%26t%3D1882%26sid%3D75ec212a9b138fb27cc678c4fe2bdea4","N"
"Tuliptree","Liriodendron tulipifera","North Carolina","Jackson","East Barkers Creek","","","Measurerers also included J. Kelly.","","252171","1","","","","Public - federal","169.7'","Clinometer/laser rangefinder/sine","","","","","Jess Riddle, Will Blozan, Micharl Davie","2011-12-08","http%3A%2F%2Fwww.ents-bbs.org%2Fviewtopic.php%3Ff%3D106%26t%3D1882%26sid%3D75ec212a9b138fb27cc678c4fe2bdea4","N"
"Tuliptree","Liriodendron tulipifera","North Carolina","Jackson","East Barkers Creek","","","Measurerers also included J. Kelly.","","252172","1","","","","Public - federal","171.4'","Clinometer/laser rangefinder/sine","8.8'","106''","","","Jess Riddle, Will Blozan, Micharl Davie","2011-12-08","http%3A%2F%2Fwww.ents-bbs.org%2Fviewtopic.php%3Ff%3D106%26t%3D1882%26sid%3D75ec212a9b138fb27cc678c4fe2bdea4","N"
"Tuliptree","Liriodendron tulipifera","North Carolina","Jackson","East Barkers Creek","","","Measurerers also included J. Kelly.","","252173","1","","","","Public - federal","171.4'","Clinometer/laser rangefinder/sine","6.3'","76''","","","Jess Riddle, Will Blozan, Micharl Davie","2011-12-08","http%3A%2F%2Fwww.ents-bbs.org%2Fviewtopic.php%3Ff%3D106%26t%3D1882%26sid%3D75ec212a9b138fb27cc678c4fe2bdea4","N"
"Tuliptree","Liriodendron tulipifera","North Carolina","Jackson","East Barkers Creek","","","Measurerers also included J. Kelly.","","252174","1","","","","Public - federal","171.8'","Clinometer/laser rangefinder/sine","8.3'","100''","","","Jess Riddle, Will Blozan, Micharl Davie","2011-12-08","http%3A%2F%2Fwww.ents-bbs.org%2Fviewtopic.php%3Ff%3D106%26t%3D1882%26sid%3D75ec212a9b138fb27cc678c4fe2bdea4","N"
"Tuliptree","Liriodendron tulipifera","North Carolina","Jackson","East Barkers Creek","","","Measurerers also included J. Kelly.","","252175","1","","","","Public - federal","172.1'","Clinometer/laser rangefinder/sine","7.0'","84''","","","Jess Riddle, Will Blozan, Micharl Davie","2011-12-08","http%3A%2F%2Fwww.ents-bbs.org%2Fviewtopic.php%3Ff%3D106%26t%3D1882%26sid%3D75ec212a9b138fb27cc678c4fe2bdea4","N"
"Tuliptree","Liriodendron tulipifera","North Carolina","Jackson","East Barkers Creek","","","Measurerers also included J. Kelly.","","252176","1","","","","Public - federal","172.8'","Clinometer/laser rangefinder/sine","5.8'","69''","","","Jess Riddle, Will Blozan, Micharl Davie","2011-12-08","http%3A%2F%2Fwww.ents-bbs.org%2Fviewtopic.php%3Ff%3D106%26t%3D1882%26sid%3D75ec212a9b138fb27cc678c4fe2bdea4","N"
"Tuliptree","Liriodendron tulipifera","North Carolina","Jackson","East Barkers Creek","","","Measurerers also included J. Kelly.","","252177","1","","","","Public - federal","173.1'","Clinometer/laser rangefinder/sine","8.3'","99''","","","Jess Riddle, Will Blozan, Micharl Davie","2011-12-08","http%3A%2F%2Fwww.ents-bbs.org%2Fviewtopic.php%3Ff%3D106%26t%3D1882%26sid%3D75ec212a9b138fb27cc678c4fe2bdea4","N"
"Tuliptree","Liriodendron tulipifera","North Carolina","Jackson","East Barkers Creek","","","Measurerers also included J. Kelly.","","252178","1","","","","Public - federal","175.9'","Clinometer/laser rangefinder/sine","8.8'","106''","","","Jess Riddle, Will Blozan, Micharl Davie","2011-12-08","http%3A%2F%2Fwww.ents-bbs.org%2Fviewtopic.php%3Ff%3D106%26t%3D1882%26sid%3D75ec212a9b138fb27cc678c4fe2bdea4","N"
"Tuliptree","Liriodendron tulipifera","North Carolina","Jackson","East Barkers Creek","","","Measurerers also included J. Kelly.","","252179","1","","","","Public - federal","176.1'","Clinometer/laser rangefinder/sine","8.0'","97''","","","Jess Riddle, Will Blozan, Micharl Davie","2011-12-08","http%3A%2F%2Fwww.ents-bbs.org%2Fviewtopic.php%3Ff%3D106%26t%3D1882%26sid%3D75ec212a9b138fb27cc678c4fe2bdea4","N"
"Tuliptree","Liriodendron tulipifera","North Carolina","Jackson","East Barkers Creek","","","Measurerers also included J. Kelly.","","252180","1","","","","Public - federal","176.3'","Clinometer/laser rangefinder/sine","9.6'","115''","","","Jess Riddle, Will Blozan, Micharl Davie","2011-12-08","http%3A%2F%2Fwww.ents-bbs.org%2Fviewtopic.php%3Ff%3D106%26t%3D1882%26sid%3D75ec212a9b138fb27cc678c4fe2bdea4","N"
"Tuliptree","Liriodendron tulipifera","North Carolina","Jackson","East Barkers Creek","","","Measurerers also included J. Kelly.","","252181","1","","","","Public - federal","176.7'","Clinometer/laser rangefinder/sine","8.2'","98''","","","Jess Riddle, Will Blozan, Micharl Davie","2011-12-08","http%3A%2F%2Fwww.ents-bbs.org%2Fviewtopic.php%3Ff%3D106%26t%3D1882%26sid%3D75ec212a9b138fb27cc678c4fe2bdea4","N"
"Tuliptree","Liriodendron tulipifera","North Carolina","Jackson","East Barkers Creek","","","Measurerers also included J. Kelly.","","252182","1","","","","Public - federal","177.1'","Clinometer/laser rangefinder/sine","9.2'","110''","","","Jess Riddle, Will Blozan, Micharl Davie","2011-12-08","http%3A%2F%2Fwww.ents-bbs.org%2Fviewtopic.php%3Ff%3D106%26t%3D1882%26sid%3D75ec212a9b138fb27cc678c4fe2bdea4","N"
"Tuliptree","Liriodendron tulipifera","North Carolina","Jackson","East Barkers Creek","","","Measurerers also included J. Kelly.","","252183","1","","","","Public - federal","178.1'","Clinometer/laser rangefinder/sine","7.5'","90''","","","Jess Riddle, Will Blozan, Micharl Davie","2011-12-08","http%3A%2F%2Fwww.ents-bbs.org%2Fviewtopic.php%3Ff%3D106%26t%3D1882%26sid%3D75ec212a9b138fb27cc678c4fe2bdea4","N"
"Tuliptree","Liriodendron tulipifera","North Carolina","Jackson","East Barkers Creek","","","Measurerers also included J. Kelly.","","252184","1","","","","Public - federal","179.8'","Clinometer/laser rangefinder/sine","5.9'","71''","","","Jess Riddle, Will Blozan, Micharl Davie","2011-12-08","http%3A%2F%2Fwww.ents-bbs.org%2Fviewtopic.php%3Ff%3D106%26t%3D1882%26sid%3D75ec212a9b138fb27cc678c4fe2bdea4","N"
"Tuliptree","Liriodendron tulipifera","North Carolina","Jackson","East Barkers Creek","","","Measurerers also included J. Kelly.","","252185","1","","","","Public - federal","181.7'","Clinometer/laser rangefinder/sine","9.8'","118''","","","Jess Riddle, Will Blozan, Micharl Davie","2011-12-08","http%3A%2F%2Fwww.ents-bbs.org%2Fviewtopic.php%3Ff%3D106%26t%3D1882%26sid%3D75ec212a9b138fb27cc678c4fe2bdea4","N"
"Tuliptree","Liriodendron tulipifera","North Carolina","Jackson","East Barkers Creek","","","Measurerers also included J. Kelly.","","252186","1","","","","Public - federal","183.6'","Clinometer/laser rangefinder/sine","","","","","Jess Riddle, Will Blozan, Micharl Davie","2011-12-08","http%3A%2F%2Fwww.ents-bbs.org%2Fviewtopic.php%3Ff%3D106%26t%3D1882%26sid%3D75ec212a9b138fb27cc678c4fe2bdea4","N"
"Tuliptree","Liriodendron tulipifera","North Carolina","Jackson","East Barkers Creek","","","Measurerers also included J. Kelly.","","252187","1","","","","Public - federal","184.5'","Clinometer/laser rangefinder/sine","8.0'","96''","","","Jess Riddle, Will Blozan, Micharl Davie","2011-12-08","http%3A%2F%2Fwww.ents-bbs.org%2Fviewtopic.php%3Ff%3D106%26t%3D1882%26sid%3D75ec212a9b138fb27cc678c4fe2bdea4","N"
"Tuliptree","Liriodendron tulipifera","North Carolina","Madison","Dry Creek","","","","","227688","1","","","","Public - national","132.5'","Clinometer/laser rangefinder/sine","9.6'","115''","","","Josh Kelly","2006-03-14","http%3A%2F%2Fnativetreesociety.org%2Ffieldtrips%2Fnorth_carolina%2Fdry_creek.htm","N"
"Tuliptree","Liriodendron tulipifera","North Carolina","Madison","Dry Creek","","","","","227689","1","","","","Public - national","145.4'","Clinometer/laser rangefinder/sine","","","","","Josh Kelly","2006-03-14","http%3A%2F%2Fnativetreesociety.org%2Ffieldtrips%2Fnorth_carolina%2Fdry_creek.htm","N"
"Tuliptree","Liriodendron tulipifera","North Carolina","Madison","Dry Creek","","","","","227690","1","","","","Public - national","156.7'","Clinometer/laser rangefinder/sine","","","","","Josh Kelly","2006-03-14","http%3A%2F%2Fnativetreesociety.org%2Ffieldtrips%2Fnorth_carolina%2Fdry_creek.htm","N"
"Tuliptree","Liriodendron tulipifera","North Carolina","Madison","Shelton Laurel","","","","","226359","1","","","","Public - national","149.0'","Clinometer/laser rangefinder/sine","11.1'","133''","","","Michael Davie, Josh Kelley","2006-05-25","http%3A%2F%2Fnativetreesociety.org%2Ffieldtrips%2Fnorth_carolina%2Fshelton%2Fshelton_laurel.htm","N"
"Tuliptree","Liriodendron tulipifera","North Carolina","Madison","Shelton Laurel","","","","","226358","1","","","","Public - national","162.2'","Clinometer/laser rangefinder/sine","14.2'","170''","","","Michael Davie, Josh Kelley","2006-05-25","http%3A%2F%2Fnativetreesociety.org%2Ffieldtrips%2Fnorth_carolina%2Fshelton%2Fshelton_laurel.htm","N"
"Tuliptree","Liriodendron tulipifera","North Carolina","Orange","Battle Park","","","","","252306","1","","","","Public - state","99.3'","Clinometer/laser rangefinder/sine","","","","'Davie'  Poplar, Campus tree.","Paul Braandt","2013-01-14","http%3A%2F%2Fwww.ents-bbs.org%2Fviewtopic.php%3Ff%3D106%26t%3D4882%26sid%3D5d2aded422e4a23e509a9deed392150f","N"
"Tuliptree","Liriodendron tulipifera","North Carolina","Orange","Battle Park","","","","","252299","1","","","","Public - state","113.9'","Clinometer/laser rangefinder/sine","","","","","Paul Braandt","2013-01-14","http%3A%2F%2Fwww.ents-bbs.org%2Fviewtopic.php%3Ff%3D106%26t%3D4882%26sid%3D5d2aded422e4a23e509a9deed392150f","N"
"Tuliptree","Liriodendron tulipifera","North Carolina","Orange","Battle Park","","","","","252300","1","","","","Public - state","118.6'","Clinometer/laser rangefinder/sine","","","","","Paul Braandt","2013-01-14","http%3A%2F%2Fwww.ents-bbs.org%2Fviewtopic.php%3Ff%3D106%26t%3D4882%26sid%3D5d2aded422e4a23e509a9deed392150f","N"
"Tuliptree","Liriodendron tulipifera","North Carolina","Orange","Battle Park","","","","","252287","1","","","","Public - state","121.4'","Clinometer/laser rangefinder/sine","11.3'","135''","","Labelled ""Monarch"" of the Forest and located in small cove north of creek.","John Eichholz","2008-03-02","http%3A%2F%2Fwww.ents-bbs.org%2Fviewtopic.php%3Ff%3D106%26t%3D4882%26sid%3D5d2aded422e4a23e509a9deed392150f","N"
"Tuliptree","Liriodendron tulipifera","North Carolina","Orange","Battle Park","","","","","252301","1","","","","Public - state","123.3'","Clinometer/laser rangefinder/sine","","","","","Paul Braandt","2013-01-14","http%3A%2F%2Fwww.ents-bbs.org%2Fviewtopic.php%3Ff%3D106%26t%3D4882%26sid%3D5d2aded422e4a23e509a9deed392150f","N"
"Tuliptree","Liriodendron tulipifera","North Carolina","Orange","Battle Park","","","","","252302","1","","","","Public - state","127.6'","Clinometer/laser rangefinder/sine","","","","","Paul Braandt","2013-01-14","http%3A%2F%2Fwww.ents-bbs.org%2Fviewtopic.php%3Ff%3D106%26t%3D4882%26sid%3D5d2aded422e4a23e509a9deed392150f","N"
"Tuliptree","Liriodendron tulipifera","North Carolina","Orange","Battle Park","","","","","252286","1","","","","Public - state","130.3'","Clinometer/laser rangefinder/sine","8.3'","99''","","","John Eichholz","2008-03-02","http%3A%2F%2Fwww.ents-bbs.org%2Fviewtopic.php%3Ff%3D106%26t%3D4882%26sid%3D5d2aded422e4a23e509a9deed392150f","N"
"Tuliptree","Liriodendron tulipifera","North Carolina","Orange","Duke University Research Forest","","","7,000 acres in six units located in Orange, Durham, Alamance counties.,","","252368","1","","","","Public - state","131.5'","Clinometer/laser rangefinder/sine","","","","","Patrick Braandt","2013-01-23","http%3A%2F%2Fwww.ents-bbs.org%2Fviewtopic.php%3Ff%3D106%26t%3D4943%26sid%3D5d2aded422e4a23e509a9deed392150f%23p21313","N"
"Tuliptree","Liriodendron tulipifera","North Carolina","Orange","Eno River, Hillsborough","","","","","252361","1","","","","Public - Private","","Clinometer/laser rangefinder/sine","10.3'","124''","","","Patrick Brandt","2013-01-16","","N"
"Tuliptree","Liriodendron tulipifera","North Carolina","Orange","Eno River, Hillsborough","","","","","252362","1","","","","Public - Private","","Clinometer/laser rangefinder/sine","11.3'","135''","","","Patrick Brandt","2013-01-16","","N"
"Tuliptree","Liriodendron tulipifera","North Carolina","Orange","Eno River, Hillsborough","","","","","252363","1","","","","Public - Private","122.1'","Clinometer/laser rangefinder/sine","","","","","Patrick Brandt","2013-01-16","","N"
"Tuliptree","Liriodendron tulipifera","North Carolina","Orange","Eno River, Hillsborough","","","","","49004","1","","","","Public - Private","143.0'","Tree climb with tape drop","","","","","Patrick Brandt","2013-01-04","","N"
"Tuliptree","Liriodendron tulipifera","North Carolina","Orange","Eno River, Hillsborough","","","","","252360","1","","","","Public - Private","143.4'","Clinometer/laser rangefinder/sine","13.0'","156''","71.5'","Contains aprroximately 1000 cubic feet.","Patrick Brandt","2013-01-16","","N"
"Tuliptree","Liriodendron tulipifera","North Carolina","Orange","Exchange Club Park","","","16 acers privately owned but open to the public.","","252373","1","","","","Public-Private","110.9'","Clinometer/laser rangefinder/sine","","","","","Patrick Braandt","2013-02-07","http%3A%2F%2Fwww.ents-bbs.org%2Fviewtopic.php%3Ff%3D106%26t%3D5023%26sid%3D82764ad59fa2d319ae70c2e81e19695f","N"
"Tuliptree","Liriodendron tulipifera","North Carolina","Orange","Exchange Club Park","","","16 acers privately owned but open to the public.","","252375","1","","","","Public-Private","112.6'","Clinometer/laser rangefinder/sine","9.2'","110''","","","Patrick Braandt","2013-02-07","http%3A%2F%2Fwww.ents-bbs.org%2Fviewtopic.php%3Ff%3D106%26t%3D5023%26sid%3D82764ad59fa2d319ae70c2e81e19695f","N"
"Tuliptree","Liriodendron tulipifera","North Carolina","Orange","Exchange Club Park","","","16 acers privately owned but open to the public.","","252376","1","","","","Public-Private","114.2'","Clinometer/laser rangefinder/sine","8.2'","98''","","","Patrick Braandt","2013-02-07","http%3A%2F%2Fwww.ents-bbs.org%2Fviewtopic.php%3Ff%3D106%26t%3D5023%26sid%3D82764ad59fa2d319ae70c2e81e19695f","N"
"Tuliptree","Liriodendron tulipifera","North Carolina","Orange","Exchange Club Park","","","16 acers privately owned but open to the public.","","252372","1","","","","Public-Private","114.5'","Clinometer/laser rangefinder/sine","9.1'","109''","","","Patrick Braandt","2013-02-07","http%3A%2F%2Fwww.ents-bbs.org%2Fviewtopic.php%3Ff%3D106%26t%3D5023%26sid%3D82764ad59fa2d319ae70c2e81e19695f","N"
"Tuliptree","Liriodendron tulipifera","North Carolina","Orange","Exchange Club Park","","","16 acers privately owned but open to the public.","","252377","1","","","","Public-Private","115.9'","Clinometer/laser rangefinder/sine","7.9'","95''","","","Patrick Braandt","2013-02-07","http%3A%2F%2Fwww.ents-bbs.org%2Fviewtopic.php%3Ff%3D106%26t%3D5023%26sid%3D82764ad59fa2d319ae70c2e81e19695f","N"
"Tuliptree","Liriodendron tulipifera","North Carolina","Orange","Exchange Club Park","","","16 acers privately owned but open to the public.","","252374","1","","","","Public-Private","117.8'","Clinometer/laser rangefinder/sine","","","","Multi-stem","Patrick Braandt","2013-02-07","http%3A%2F%2Fwww.ents-bbs.org%2Fviewtopic.php%3Ff%3D106%26t%3D5023%26sid%3D82764ad59fa2d319ae70c2e81e19695f","N"
"Tuliptree","Liriodendron tulipifera","North Carolina","Orange","Exchange Club Park","","","16 acers privately owned but open to the public.","","252378","1","","","","Public-Private","122.1'","Clinometer/laser rangefinder/sine","6.5'","78''","","","Patrick Braandt","2013-02-07","http%3A%2F%2Fwww.ents-bbs.org%2Fviewtopic.php%3Ff%3D106%26t%3D5023%26sid%3D82764ad59fa2d319ae70c2e81e19695f","N"
"Tuliptree","Liriodendron tulipifera","North Carolina","Polk","Green River Game Lands","","","10,000+ acres.
Trees were measured per trip reports 9/2/1010.9/27/2010, 1/21/2011.","","252023","1","","","","Public - state","","Clinometer/laser rangefinder/sine","8.1'","97''","","On Bishop Branch Trail.","James Parton","2008-01-12","http%3A%2F%2Fwww.ents-bbs.org%2Fviewtopic.php%3Ff%3D106%26t%3D1302%26sid%3Da2220255d71bc8241b5bc342c81238c3%23p4603","N"
"Tuliptree","Liriodendron tulipifera","North Carolina","Polk","Green River Game Lands","","","10,000+ acres.
Trees were measured per trip reports 9/2/1010.9/27/2010, 1/21/2011.","","252024","1","","","","Public - state","","Clinometer/laser rangefinder/sine","9.9'","119''","","On Bishop Branch Trail.","James Parton","2008-01-12","http%3A%2F%2Fwww.ents-bbs.org%2Fviewtopic.php%3Ff%3D106%26t%3D1302%26sid%3Da2220255d71bc8241b5bc342c81238c3%23p4603","N"
"Tuliptree","Liriodendron tulipifera","North Carolina","Polk","Green River Game Lands","","","10,000+ acres.
Trees were measured per trip reports 9/2/1010.9/27/2010, 1/21/2011.","","252025","1","","","","Public - state","","Clinometer/laser rangefinder/sine","8.1'","97''","","On Bishop Branch Trail.","James Parton","2008-01-12","http%3A%2F%2Fwww.ents-bbs.org%2Fviewtopic.php%3Ff%3D106%26t%3D1302%26sid%3Da2220255d71bc8241b5bc342c81238c3%23p4603","N"
"Tuliptree","Liriodendron tulipifera","North Carolina","Polk","Green River Game Lands","","","10,000+ acres.
Trees were measured per trip reports 9/2/1010.9/27/2010, 1/21/2011.","","252040","1","","","","Public - state","","Clinometer/laser rangefinder/sine","6.6'","79''","","Pulliam Creek Trail","James Parton","2008-01-12","http%3A%2F%2Fwww.ents-bbs.org%2Fviewtopic.php%3Ff%3D106%26t%3D1302%26sid%3Da2220255d71bc8241b5bc342c81238c3%23p4603","N"
"Tuliptree","Liriodendron tulipifera","North Carolina","Polk","Green River Game Lands","","","10,000+ acres.
Trees were measured per trip reports 9/2/1010.9/27/2010, 1/21/2011.","","252106","1","","","","Public - state","108.4'","Clinometer/laser rangefinder/sine","8.5'","102''","","Along Big Hungry Road","James Parton","2011-01-21","http%3A%2F%2Fwww.ents-bbs.org%2Fviewtopic.php%3Ff%3D106%26t%3D1302%26sid%3Da2220255d71bc8241b5bc342c81238c3%23p4603","N"
"Tuliptree","Liriodendron tulipifera","North Carolina","Polk","Green River Game Lands","","","10,000+ acres.
Trees were measured per trip reports 9/2/1010.9/27/2010, 1/21/2011.","","252111","1","","","","Public - state","120.3'","Clinometer/laser rangefinder/sine","","","","Pulliam Creek Trail","James Parton","2011-01-21","http%3A%2F%2Fwww.ents-bbs.org%2Fviewtopic.php%3Ff%3D106%26t%3D1302%26sid%3Da2220255d71bc8241b5bc342c81238c3%23p4603","N"
"Tuliptree","Liriodendron tulipifera","North Carolina","Polk","Green River Game Lands","","","10,000+ acres.
Trees were measured per trip reports 9/2/1010.9/27/2010, 1/21/2011.","","252112","1","","","","Public - state","123.2'","Clinometer/laser rangefinder/sine","8.0'","96''","","Pulliam Creek Trail","James Parton","2011-01-21","http%3A%2F%2Fwww.ents-bbs.org%2Fviewtopic.php%3Ff%3D106%26t%3D1302%26sid%3Da2220255d71bc8241b5bc342c81238c3%23p4603","N"
"Tuliptree","Liriodendron tulipifera","North Carolina","Polk","Green River Game Lands","","","10,000+ acres.
Trees were measured per trip reports 9/2/1010.9/27/2010, 1/21/2011.","","252113","1","","","","Public - state","135.7'","Clinometer/laser rangefinder/sine","7.2'","86''","","Pulliam Creek Trail","James Parton","2011-01-21","http%3A%2F%2Fwww.ents-bbs.org%2Fviewtopic.php%3Ff%3D106%26t%3D1302%26sid%3Da2220255d71bc8241b5bc342c81238c3%23p4603","N"
"Tuliptree","Liriodendron tulipifera","North Carolina","Polk","Green River Game Lands","","","10,000+ acres.
Trees were measured per trip reports 9/2/1010.9/27/2010, 1/21/2011.","","252124","1","","","","Public - state","141.0'","Clinometer/laser rangefinder/sine","7.8'","93''","","Pulliam Creek Trail","James Parton","2011-01-21","http%3A%2F%2Fwww.ents-bbs.org%2Fviewtopic.php%3Ff%3D106%26t%3D1302%26sid%3Da2220255d71bc8241b5bc342c81238c3%23p4603","N"
"Tuliptree","Liriodendron tulipifera","North Carolina","Polk","Green River Game Lands","","","10,000+ acres.
Trees were measured per trip reports 9/2/1010.9/27/2010, 1/21/2011.","","252123","1","","","","Public - state","145.2'","Clinometer/laser rangefinder/sine","5.8'","69''","","Pulliam Creek Trail","James Parton","2011-01-21","http%3A%2F%2Fwww.ents-bbs.org%2Fviewtopic.php%3Ff%3D106%26t%3D1302%26sid%3Da2220255d71bc8241b5bc342c81238c3%23p4603","N"
"Tuliptree","Liriodendron tulipifera","North Carolina","Polk","Green River Game Lands","","","10,000+ acres.
Trees were measured per trip reports 9/2/1010.9/27/2010, 1/21/2011.","","252115","1","","","","Public - state","150.6'","Clinometer/laser rangefinder/sine","8.9'","107''","","Pulliam Creek Trail","James Parton","2011-01-21","http%3A%2F%2Fwww.ents-bbs.org%2Fviewtopic.php%3Ff%3D106%26t%3D1302%26sid%3Da2220255d71bc8241b5bc342c81238c3%23p4603","N"
"Tuliptree","Liriodendron tulipifera","North Carolina","Polk","Green River Game Lands","","","10,000+ acres.
Trees were measured per trip reports 9/2/1010.9/27/2010, 1/21/2011.","","252121","1","","","","Public - state","151.1'","Clinometer/laser rangefinder/sine","7.4'","89''","","Pulliam Creek Trail","James Parton","2011-01-21","http%3A%2F%2Fwww.ents-bbs.org%2Fviewtopic.php%3Ff%3D106%26t%3D1302%26sid%3Da2220255d71bc8241b5bc342c81238c3%23p4603","N"
"Tuliptree","Liriodendron tulipifera","North Carolina","Polk","Green River Game Lands","","","10,000+ acres.
Trees were measured per trip reports 9/2/1010.9/27/2010, 1/21/2011.","","252122","1","","","","Public - state","152.9'","Clinometer/laser rangefinder/sine","6.1'","73''","","Pulliam Creek Trail","James Parton","2011-01-21","http%3A%2F%2Fwww.ents-bbs.org%2Fviewtopic.php%3Ff%3D106%26t%3D1302%26sid%3Da2220255d71bc8241b5bc342c81238c3%23p4603","N"
"Tuliptree","Liriodendron tulipifera","North Carolina","Polk","Green River Game Lands","","","10,000+ acres.
Trees were measured per trip reports 9/2/1010.9/27/2010, 1/21/2011.","","252120","1","","","","Public - state","153.8'","Clinometer/laser rangefinder/sine","6.7'","80''","","Pulliam Creek Trail","James Parton","2011-01-21","http%3A%2F%2Fwww.ents-bbs.org%2Fviewtopic.php%3Ff%3D106%26t%3D1302%26sid%3Da2220255d71bc8241b5bc342c81238c3%23p4603","N"
"Tuliptree","Liriodendron tulipifera","North Carolina","Polk","Green River Game Lands","","","10,000+ acres.
Trees were measured per trip reports 9/2/1010.9/27/2010, 1/21/2011.","","252114","1","","","","Public - state","155.4'","Clinometer/laser rangefinder/sine","6.7'","80''","","Pulliam Creek Trail","James Parton","2011-01-21","http%3A%2F%2Fwww.ents-bbs.org%2Fviewtopic.php%3Ff%3D106%26t%3D1302%26sid%3Da2220255d71bc8241b5bc342c81238c3%23p4603","N"
"Tuliptree","Liriodendron tulipifera","North Carolina","Swain","Bradley Fork","","","Bradley Fork into Oconaluftee River","","230407","1","","","","Public - federal","130.1'","Clinometer/laser rangefinder/sine","6.6'","79''","","","James Parton","2008-12-02","http%3A%2F%2Fwww.nativetreesociety.org%2Ffieldtrips%2Fgsmnp%2Fbradleyforkclimb2%2Fbradley_fork_.htm","N"
"Tuliptree","Liriodendron tulipifera","North Carolina","Swain","Bradley Fork","","","Bradley Fork into Oconaluftee River","","230406","1","","","","Public - federal","137.3'","Clinometer/laser rangefinder/sine","8.8'","106''","","","James Parton","2008-12-02","http%3A%2F%2Fwww.nativetreesociety.org%2Ffieldtrips%2Fgsmnp%2Fbradleyforkclimb2%2Fbradley_fork_.htm","N"
"Tuliptree","Liriodendron tulipifera","North Carolina","Swain","Bradley Fork","","","Bradley Fork into Oconaluftee River","","230408","1","","","","Public - federal","158.1'","Clinometer/laser rangefinder/sine","10.1'","121''","","","James Parton","2008-12-02","http%3A%2F%2Fwww.nativetreesociety.org%2Ffieldtrips%2Fgsmnp%2Fbradleyforkclimb2%2Fbradley_fork_.htm","N"
"Tuliptree","Liriodendron tulipifera","North Carolina","Swain","Bradley Fork","","","Bradley Fork into Oconaluftee River","","230397","1","","","","Public - federal","164.3'","Clinometer/laser rangefinder/sine","10.4'","125''","","","Jess Riddle, Michael Davie","2008-08-07","http%3A%2F%2Fwww.nativetreesociety.org%2Ffieldtrips%2Fgsmnp%2Fbradleyforkclimb2%2Fbradley_fork_.htm","N"
"Tuliptree","Liriodendron tulipifera","North Carolina","Swain","Bradley Fork","","","Bradley Fork into Oconaluftee River","","230398","1","","","","Public - federal","165.2'","Clinometer/laser rangefinder/sine","8.5'","102''","","","Jess Riddle, Michael Davie","2008-08-07","http%3A%2F%2Fwww.nativetreesociety.org%2Ffieldtrips%2Fgsmnp%2Fbradleyforkclimb2%2Fbradley_fork_.htm","N"
"Tuliptree","Liriodendron tulipifera","North Carolina","Swain","Bradley Fork","","","Bradley Fork into Oconaluftee River","","230399","1","","","","Public - federal","165.3'","Clinometer/laser rangefinder/sine","7.7'","92''","","","Jess Riddle, Michael Davie","2008-08-07","http%3A%2F%2Fwww.nativetreesociety.org%2Ffieldtrips%2Fgsmnp%2Fbradleyforkclimb2%2Fbradley_fork_.htm","N"
"Tuliptree","Liriodendron tulipifera","North Carolina","Swain","Bradley Fork","","","Bradley Fork into Oconaluftee River","","230400","1","","","","Public - federal","166.2'","Clinometer/laser rangefinder/sine","12.3'","147''","","","Jess Riddle, Michael Davie","2008-08-07","http%3A%2F%2Fwww.nativetreesociety.org%2Ffieldtrips%2Fgsmnp%2Fbradleyforkclimb2%2Fbradley_fork_.htm","N"
"Tuliptree","Liriodendron tulipifera","North Carolina","Swain","Bradley Fork","","","Bradley Fork into Oconaluftee River","","230401","1","","","","Public - federal","167.4'","Clinometer/laser rangefinder/sine","7.4'","89''","","","Jess Riddle, Michael Davie","2008-08-07","http%3A%2F%2Fwww.nativetreesociety.org%2Ffieldtrips%2Fgsmnp%2Fbradleyforkclimb2%2Fbradley_fork_.htm","N"
"Tuliptree","Liriodendron tulipifera","North Carolina","Swain","Bradley Fork","","","Bradley Fork into Oconaluftee River","","230402","1","","","","Public - federal","168.6'","Clinometer/laser rangefinder/sine","7.5'","90''","","","Jess Riddle, Michael Davie","2008-08-07","http%3A%2F%2Fwww.nativetreesociety.org%2Ffieldtrips%2Fgsmnp%2Fbradleyforkclimb2%2Fbradley_fork_.htm","N"
"Tuliptree","Liriodendron tulipifera","North Carolina","Swain","Bradley Fork","","","Bradley Fork into Oconaluftee River","","230403","1","","","","Public - federal","170.6'","Clinometer/laser rangefinder/sine","8.1'","97''","","","Jess Riddle, Michael Davie","2008-08-07","http%3A%2F%2Fwww.nativetreesociety.org%2Ffieldtrips%2Fgsmnp%2Fbradleyforkclimb2%2Fbradley_fork_.htm","N"
"Tuliptree","Liriodendron tulipifera","North Carolina","Swain","Bradley Fork","","","Bradley Fork into Oconaluftee River","","230409","1","","","","Public - federal","181.4'","Tree climb with tape drop","","","","Climbed and tape dro0p by W. Blozan.
Virginia Creeper found to 166.5'","James Parton","2008-12-02","http%3A%2F%2Fwww.nativetreesociety.org%2Ffieldtrips%2Fgsmnp%2Fbradleyforkclimb2%2Fbradley_fork_.htm","N"
"Tuliptree","Liriodendron tulipifera","North Carolina","Swain","Cliff Branch","","","","","229664","1","","","","Public - national","154.2'","Clinometer/laser rangefinder/sine","9.2'","110''","","","Jess Riddle","2006-05-23","http%3A%2F%2Fnativetreesociety.org%2Ffieldtrips%2Fgsmnp%2Fkanati_fork.htm","N"
"Tuliptree","Liriodendron tulipifera","North Carolina","Swain","Cliff Branch","","","","","229665","1","","","","Public - national","154.5'","Clinometer/laser rangefinder/sine","6.3'","76''","","","Jess Riddle","2006-05-23","http%3A%2F%2Fnativetreesociety.org%2Ffieldtrips%2Fgsmnp%2Fkanati_fork.htm","N"
"Tuliptree","Liriodendron tulipifera","North Carolina","Swain","Cliff Branch","","","","","229666","1","","","","Public - national","154.7'","Clinometer/laser rangefinder/sine","9.5'","114''","","","Jess Riddle","2006-05-23","http%3A%2F%2Fnativetreesociety.org%2Ffieldtrips%2Fgsmnp%2Fkanati_fork.htm","N"
"Tuliptree","Liriodendron tulipifera","North Carolina","Swain","Cliff Branch","","","","","229667","1","","","","Public - national","160.1'","Clinometer/laser rangefinder/sine","9.0'","108''","","","Jess Riddle","2006-05-23","http%3A%2F%2Fnativetreesociety.org%2Ffieldtrips%2Fgsmnp%2Fkanati_fork.htm","N"
"Tuliptree","Liriodendron tulipifera","North Carolina","Swain","Cliff Branch","","","","","229668","1","","","","Public - national","160.5'","Clinometer/laser rangefinder/sine","","","","","Jess Riddle","2006-05-23","http%3A%2F%2Fnativetreesociety.org%2Ffieldtrips%2Fgsmnp%2Fkanati_fork.htm","N"
"Tuliptree","Liriodendron tulipifera","North Carolina","Swain","Cliff Branch","","","","","229669","1","","","","Public - national","160.7'","Clinometer/laser rangefinder/sine","9.0'","108''","","","Jess Riddle","2006-05-23","http%3A%2F%2Fnativetreesociety.org%2Ffieldtrips%2Fgsmnp%2Fkanati_fork.htm","N"
"Tuliptree","Liriodendron tulipifera","North Carolina","Swain","Cliff Branch","","","","","229670","1","","","","Public - national","161.5'","Clinometer/laser rangefinder/sine","7.0'","84''","","","Jess Riddle","2006-05-23","http%3A%2F%2Fnativetreesociety.org%2Ffieldtrips%2Fgsmnp%2Fkanati_fork.htm","N"
"Tuliptree","Liriodendron tulipifera","North Carolina","Swain","Cliff Branch","","","","","229671","1","","","","Public - national","161.8'","Clinometer/laser rangefinder/sine","7.6'","91''","","","Jess Riddle","2006-05-23","http%3A%2F%2Fnativetreesociety.org%2Ffieldtrips%2Fgsmnp%2Fkanati_fork.htm","N"
"Tuliptree","Liriodendron tulipifera","North Carolina","Swain","Cliff Branch","","","","","229672","1","","","","Public - national","165.0'","Clinometer/laser rangefinder/sine","9.9'","119''","","","Jess Riddle","2006-05-23","http%3A%2F%2Fnativetreesociety.org%2Ffieldtrips%2Fgsmnp%2Fkanati_fork.htm","N"
"Tuliptree","Liriodendron tulipifera","North Carolina","Swain","Cliff Branch","","","","","229673","1","","","","Public - national","165.9'","Clinometer/laser rangefinder/sine","8.3'","99''","","","Jess Riddle","2006-05-23","http%3A%2F%2Fnativetreesociety.org%2Ffieldtrips%2Fgsmnp%2Fkanati_fork.htm","N"
"Tuliptree","Liriodendron tulipifera","North Carolina","Swain","Cliff Branch","","","","","229674","1","","","","Public - national","166.7'","Clinometer/laser rangefinder/sine","8.8'","106''","","","Jess Riddle","2006-05-23","http%3A%2F%2Fnativetreesociety.org%2Ffieldtrips%2Fgsmnp%2Fkanati_fork.htm","N"
"Tuliptree","Liriodendron tulipifera","North Carolina","Swain","Cliff Branch","","","","","229675","1","","","","Public - national","167.0'","Clinometer/laser rangefinder/sine","7.8'","94''","","","Jess Riddle","2006-05-23","http%3A%2F%2Fnativetreesociety.org%2Ffieldtrips%2Fgsmnp%2Fkanati_fork.htm","N"
"Tuliptree","Liriodendron tulipifera","North Carolina","Swain","Cliff Branch","","","","","229676","1","","","","Public - national","171.2'","Clinometer/laser rangefinder/sine","10.8'","129''","","","Jess Riddle","2006-05-23","http%3A%2F%2Fnativetreesociety.org%2Ffieldtrips%2Fgsmnp%2Fkanati_fork.htm","N"
"Tuliptree","Liriodendron tulipifera","North Carolina","Swain","Cliff Branch","","","","","229677","1","","","","Public - national","172.4'","Clinometer/laser rangefinder/sine","9.3'","112''","","","Jess Riddle","2006-05-23","http%3A%2F%2Fnativetreesociety.org%2Ffieldtrips%2Fgsmnp%2Fkanati_fork.htm","N"
"Tuliptree","Liriodendron tulipifera","North Carolina","Swain","Cliff Branch","","","","","229678","1","","","","Public - national","173.3'","Clinometer/laser rangefinder/sine","7.9'","95''","","","Jess Riddle","2006-05-23","http%3A%2F%2Fnativetreesociety.org%2Ffieldtrips%2Fgsmnp%2Fkanati_fork.htm","N"
"Tuliptree","Liriodendron tulipifera","North Carolina","Swain","Cliff Branch","","","","","229679","1","","","","Public - national","176.1'","Clinometer/laser rangefinder/sine","","","","","Jess Riddle","2006-05-23","http%3A%2F%2Fnativetreesociety.org%2Ffieldtrips%2Fgsmnp%2Fkanati_fork.htm","N"
"Tuliptree","Liriodendron tulipifera","North Carolina","Swain","Deep Creek","","","","","230040","1","","","","Public - national","145.0'","Clinometer/laser rangefinder/sine","9.4'","113''","","","Dale Luthringer","2002-10-22","http%3A%2F%2Fnativetreesociety.org%2Ffieldtrips%2Fgsmnp%2Fbeetree%2Fbeetree_creek.htm","N"
"Tuliptree","Liriodendron tulipifera","North Carolina","Swain","Deep Creek","","","","","230039","1","","","","Public - national","154.3'","Clinometer/laser rangefinder/sine","9.6'","115''","","","Dale Luthringer","2002-10-22","http%3A%2F%2Fnativetreesociety.org%2Ffieldtrips%2Fgsmnp%2Fbeetree%2Fbeetree_creek.htm","N"
"Tuliptree","Liriodendron tulipifera","North Carolina","Swain","Fork Ridge Trail","","","","","252481","1","","","","Public - federal","","Clinometer/laser rangefinder/sine","17.1'","205''","","Left Fork Deep Creek","Josh Kelly, Ian Breckheimer","2010-07-21","http%3A%2F%2Fwww.ents-bbs.org%2Fviewtopic.php%3Ff%3D74%26t%3D6258%26sid%3D5889e46023df58e7bc6da42345d72d3e","N"
"Tuliptree","Liriodendron tulipifera","North Carolina","Swain","Fork Ridge Trail","","","","","252484","1","","","","Public - federal","142.0'","Clinometer/laser rangefinder/sine","","","","","Patrick Brandt","2014-04-17","http%3A%2F%2Fwww.ents-bbs.org%2Fviewtopic.php%3Ff%3D74%26t%3D6258%26sid%3D5889e46023df58e7bc6da42345d72d3e","N"
"Tuliptree","Liriodendron tulipifera","North Carolina","Swain","Fork Ridge Trail","","","","","252485","1","","","","Public - federal","165.3'","Clinometer/laser rangefinder/sine","","","","","Patrick Brandt","2014-04-17","http%3A%2F%2Fwww.ents-bbs.org%2Fviewtopic.php%3Ff%3D74%26t%3D6258%26sid%3D5889e46023df58e7bc6da42345d72d3e","N"
"Tuliptree","Liriodendron tulipifera","North Carolina","Swain","Fork Ridge Trail","","","","","252487","1","","","","Public - federal","170.0'","Clinometer/laser rangefinder/sine","19.1'","229''","","","Patrick Brandt","2014-04-17","http%3A%2F%2Fwww.ents-bbs.org%2Fviewtopic.php%3Ff%3D74%26t%3D6258%26sid%3D5889e46023df58e7bc6da42345d72d3e","N"
"Tuliptree","Liriodendron tulipifera","North Carolina","Swain","Fork Ridge Trail","","","","","252483","1","","","","Public - federal","172.7'","Clinometer/laser rangefinder/sine","21.1'","253''","","","Patrick Brandt","2014-04-17","http%3A%2F%2Fwww.ents-bbs.org%2Fviewtopic.php%3Ff%3D74%26t%3D6258%26sid%3D5889e46023df58e7bc6da42345d72d3e","N"
"Tuliptree","Liriodendron tulipifera","North Carolina","Swain","Fork Ridge Trail","","","","","252486","1","","","","Public - federal","173.5'","Clinometer/laser rangefinder/sine","11.7'","140''","","","Patrick Brandt","2014-04-17","http%3A%2F%2Fwww.ents-bbs.org%2Fviewtopic.php%3Ff%3D74%26t%3D6258%26sid%3D5889e46023df58e7bc6da42345d72d3e","N"
"Tuliptree","Liriodendron tulipifera","North Carolina","Swain","Fork Ridge Trail","35 34.760","-083 27.309","","","252473","2","35 34.760","-083 27.309","","Public - federal","191.2'","Clinometer/laser rangefinder/sine","","","","","Josh Kelly, Ian Breckheimer, Patrick Brandt","2014-04-17","http%3A%2F%2Fwww.ents-bbs.org%2Fviewtopic.php%3Ff%3D74%26t%3D6258%26sid%3D5889e46023df58e7bc6da42345d72d3e","N"
"Tuliptree","Liriodendron tulipifera","North Carolina","Swain","Kanati Fork","","","Kanati Fork into the Oconaluftee River","","229356","1","","","","Public - national","155.1'","Clinometer/laser rangefinder/sine","","","","","Jess Riddle","2006-05-23","http%3A%2F%2Fnativetreesociety.org%2Ffieldtrips%2Fgsmnp%2Fkanati_fork.htm","N"
"Tuliptree","Liriodendron tulipifera","North Carolina","Swain","Kanati Fork","","","Kanati Fork into the Oconaluftee River","","229357","1","","","","Public - national","162.7'","Clinometer/laser rangefinder/sine","7.0'","84''","","","Jess Riddle","2006-05-23","http%3A%2F%2Fnativetreesociety.org%2Ffieldtrips%2Fgsmnp%2Fkanati_fork.htm","N"
"Tuliptree","Liriodendron tulipifera","North Carolina","Swain","Kanati Fork","","","Kanati Fork into the Oconaluftee River","","229358","1","","","","Public - national","163.1'","Clinometer/laser rangefinder/sine","9.4'","113''","","","Jess Riddle","2006-05-23","http%3A%2F%2Fnativetreesociety.org%2Ffieldtrips%2Fgsmnp%2Fkanati_fork.htm","N"
"Tuliptree","Liriodendron tulipifera","North Carolina","Swain","Kanati Fork","","","Kanati Fork into the Oconaluftee River","","229359","1","","","","Public - national","164.7'","Clinometer/laser rangefinder/sine","7.3'","88''","","","Jess Riddle","2006-05-23","http%3A%2F%2Fnativetreesociety.org%2Ffieldtrips%2Fgsmnp%2Fkanati_fork.htm","N"
"Tuliptree","Liriodendron tulipifera","North Carolina","Swain","Kanati Fork","","","Kanati Fork into the Oconaluftee River","","229360","1","","","","Public - national","167.1'","Clinometer/laser rangefinder/sine","","","","","Jess Riddle","2006-05-23","http%3A%2F%2Fnativetreesociety.org%2Ffieldtrips%2Fgsmnp%2Fkanati_fork.htm","N"
"Tuliptree","Liriodendron tulipifera","North Carolina","Swain","Mingus Creek","","","Mingus Creek into Oconaluftee River,","","229304","1","","","","Public - national","148.8'","Clinometer/laser rangefinder/sine","4.5'","54''","","","Jess Riddle","2007-04-30","http%3A%2F%2Fnativetreesociety.org%2Ffieldtrips%2Fgsmnp%2Fmingus_creek.htm","N"
"Tuliptree","Liriodendron tulipifera","North Carolina","Swain","Mingus Creek","","","Mingus Creek into Oconaluftee River,","","229305","1","","","","Public - national","161.0'","Clinometer/laser rangefinder/sine","7.4'","89''","","","Jess Riddle","2007-04-30","http%3A%2F%2Fnativetreesociety.org%2Ffieldtrips%2Fgsmnp%2Fmingus_creek.htm","N"
"Tuliptree","Liriodendron tulipifera","North Carolina","Swain","Mingus Creek","","","Mingus Creek into Oconaluftee River,","","229306","1","","","","Public - national","162.7'","Clinometer/laser rangefinder/sine","6.9'","83''","","","Jess Riddle","2007-04-30","http%3A%2F%2Fnativetreesociety.org%2Ffieldtrips%2Fgsmnp%2Fmingus_creek.htm","N"
"Tuliptree","Liriodendron tulipifera","North Carolina","Swain","Mingus Creek","","","Mingus Creek into Oconaluftee River,","","229307","1","","","","Public - national","164.0'","Clinometer/laser rangefinder/sine","5.3'","63''","","","Jess Riddle","2007-04-30","http%3A%2F%2Fnativetreesociety.org%2Ffieldtrips%2Fgsmnp%2Fmingus_creek.htm","N"
"Tuliptree","Liriodendron tulipifera","North Carolina","Swain","Mingus Creek","","","Mingus Creek into Oconaluftee River,","","229308","1","","","","Public - national","167.1'","Clinometer/laser rangefinder/sine","7.9'","95''","","","Jess Riddle","2007-04-30","http%3A%2F%2Fnativetreesociety.org%2Ffieldtrips%2Fgsmnp%2Fmingus_creek.htm","N"
"Tuliptree","Liriodendron tulipifera","North Carolina","Swain","Mingus Creek","","","Mingus Creek into Oconaluftee River,","","229309","1","","","","Public - national","168.5'","Clinometer/laser rangefinder/sine","9.3'","111''","","","Jess Riddle","2007-04-30","http%3A%2F%2Fnativetreesociety.org%2Ffieldtrips%2Fgsmnp%2Fmingus_creek.htm","N"
"Tuliptree","Liriodendron tulipifera","North Carolina","Swain","Mingus Creek","","","Mingus Creek into Oconaluftee River,","","229310","1","","","","Public - national","168.6'","Clinometer/laser rangefinder/sine","7.9'","95''","","","Jess Riddle","2007-04-30","http%3A%2F%2Fnativetreesociety.org%2Ffieldtrips%2Fgsmnp%2Fmingus_creek.htm","N"
"Tuliptree","Liriodendron tulipifera","North Carolina","Swain","Mingus Creek","","","Mingus Creek into Oconaluftee River,","","229311","1","","","","Public - national","168.9'","Clinometer/laser rangefinder/sine","10.8'","130''","","","Jess Riddle","2007-04-30","http%3A%2F%2Fnativetreesociety.org%2Ffieldtrips%2Fgsmnp%2Fmingus_creek.htm","N"
"Tuliptree","Liriodendron tulipifera","North Carolina","Swain","Mingus Creek","","","Mingus Creek into Oconaluftee River,","","229312","1","","","","Public - national","169.3'","Clinometer/laser rangefinder/sine","8.4'","101''","","","Jess Riddle","2007-04-30","http%3A%2F%2Fnativetreesociety.org%2Ffieldtrips%2Fgsmnp%2Fmingus_creek.htm","N"
"Tuliptree","Liriodendron tulipifera","North Carolina","Swain","Mingus Creek","","","Mingus Creek into Oconaluftee River,","","229313","1","","","","Public - national","170.2'","Clinometer/laser rangefinder/sine","5.1'","61''","","","Jess Riddle","2007-04-30","http%3A%2F%2Fnativetreesociety.org%2Ffieldtrips%2Fgsmnp%2Fmingus_creek.htm","N"
"Tuliptree","Liriodendron tulipifera","North Carolina","Swain","Mingus Creek","","","Mingus Creek into Oconaluftee River,","","229314","1","","","","Public - national","170.8'","Clinometer/laser rangefinder/sine","8.1'","97''","","","Jess Riddle","2007-04-30","http%3A%2F%2Fnativetreesociety.org%2Ffieldtrips%2Fgsmnp%2Fmingus_creek.htm","N"
"Tuliptree","Liriodendron tulipifera","North Carolina","Swain","Mingus Creek","","","Mingus Creek into Oconaluftee River,","","229315","1","","","","Public - national","171.4'","Clinometer/laser rangefinder/sine","7.7'","92''","","","Jess Riddle","2007-04-30","http%3A%2F%2Fnativetreesociety.org%2Ffieldtrips%2Fgsmnp%2Fmingus_creek.htm","N"
"Tuliptree","Liriodendron tulipifera","North Carolina","Swain","Tabor Branch","","","Tabor Fork into Bradley Fork into Oconaluftee River.","","229094","1","","","","Public - national","161.6'","Clinometer/laser rangefinder/sine","11.2'","134''","","","Jess Riddle, Michael Davie","2007-03-05","http%3A%2F%2Fnativetreesociety.org%2Ffieldtrips%2Fgsmnp%2Ftabor_branch.htm","N"
"Tuliptree","Liriodendron tulipifera","North Carolina","Swain","Welch Branch","","","","","252575","1","","","","Public - federal","169.1'","Clinometer/laser rangefinder/sine","","","","","Josh Kelly, Michael Davie, Will Blozan","2011-04-07","http%3A%2F%2Fwww.ents-bbs.org%2Fviewtopic.php%3Ff%3D74%26t%3D2320%26sid%3D5889e46023df58e7bc6da42345d72d3e","N"
"Tuliptree","Liriodendron tulipifera","North Carolina","Swain","Welch Branch","","","","","252576","1","","","","Public - federal","170.2'","Clinometer/laser rangefinder/sine","","","","","Josh Kelly, Michael Davie, Will Blozan","2011-04-07","http%3A%2F%2Fwww.ents-bbs.org%2Fviewtopic.php%3Ff%3D74%26t%3D2320%26sid%3D5889e46023df58e7bc6da42345d72d3e","N"
"Tuliptree","Liriodendron tulipifera","North Carolina","Swain","Welch Branch","","","","","252577","1","","","","Public - federal","170.2'","Clinometer/laser rangefinder/sine","","","","","Josh Kelly, Michael Davie, Will Blozan","2011-04-07","http%3A%2F%2Fwww.ents-bbs.org%2Fviewtopic.php%3Ff%3D74%26t%3D2320%26sid%3D5889e46023df58e7bc6da42345d72d3e","N"
"Tuliptree","Liriodendron tulipifera","North Carolina","Swain","Welch Branch","","","","","252578","1","","","","Public - federal","170.3'","Clinometer/laser rangefinder/sine","","","","","Josh Kelly, Michael Davie, Will Blozan","2011-04-07","http%3A%2F%2Fwww.ents-bbs.org%2Fviewtopic.php%3Ff%3D74%26t%3D2320%26sid%3D5889e46023df58e7bc6da42345d72d3e","N"
"Tuliptree","Liriodendron tulipifera","North Carolina","Swain","Welch Branch","","","","","252579","1","","","","Public - federal","170.8'","Clinometer/laser rangefinder/sine","","","","","Josh Kelly, Michael Davie, Will Blozan","2011-04-07","http%3A%2F%2Fwww.ents-bbs.org%2Fviewtopic.php%3Ff%3D74%26t%3D2320%26sid%3D5889e46023df58e7bc6da42345d72d3e","N"
"Tuliptree","Liriodendron tulipifera","North Carolina","Swain","Welch Branch","","","","","252580","1","","","","Public - federal","171.4'","Clinometer/laser rangefinder/sine","","","","","Josh Kelly, Michael Davie, Will Blozan","2011-04-07","http%3A%2F%2Fwww.ents-bbs.org%2Fviewtopic.php%3Ff%3D74%26t%3D2320%26sid%3D5889e46023df58e7bc6da42345d72d3e","N"
"Tuliptree","Liriodendron tulipifera","North Carolina","Swain","Welch Branch","","","","","252581","1","","","","Public - federal","171.5'","Clinometer/laser rangefinder/sine","","","","","Josh Kelly, Michael Davie, Will Blozan","2011-04-07","http%3A%2F%2Fwww.ents-bbs.org%2Fviewtopic.php%3Ff%3D74%26t%3D2320%26sid%3D5889e46023df58e7bc6da42345d72d3e","N"
"Tuliptree","Liriodendron tulipifera","North Carolina","Swain","Welch Branch","","","","","252582","1","","","","Public - federal","171.5'","Clinometer/laser rangefinder/sine","","","","","Josh Kelly, Michael Davie, Will Blozan","2011-04-07","http%3A%2F%2Fwww.ents-bbs.org%2Fviewtopic.php%3Ff%3D74%26t%3D2320%26sid%3D5889e46023df58e7bc6da42345d72d3e","N"
"Tuliptree","Liriodendron tulipifera","North Carolina","Swain","Welch Branch","","","","","252583","1","","","","Public - federal","171.6'","Clinometer/laser rangefinder/sine","","","","","Josh Kelly, Michael Davie, Will Blozan","2011-04-07","http%3A%2F%2Fwww.ents-bbs.org%2Fviewtopic.php%3Ff%3D74%26t%3D2320%26sid%3D5889e46023df58e7bc6da42345d72d3e","N"
"Tuliptree","Liriodendron tulipifera","North Carolina","Swain","Welch Branch","","","","","252584","1","","","","Public - federal","172.1'","Clinometer/laser rangefinder/sine","","","","","Josh Kelly, Michael Davie, Will Blozan","2011-04-07","http%3A%2F%2Fwww.ents-bbs.org%2Fviewtopic.php%3Ff%3D74%26t%3D2320%26sid%3D5889e46023df58e7bc6da42345d72d3e","N"
"Tuliptree","Liriodendron tulipifera","North Carolina","Swain","Welch Branch","","","","","252585","1","","","","Public - federal","172.3'","Clinometer/laser rangefinder/sine","","","","","Josh Kelly, Michael Davie, Will Blozan","2011-04-07","http%3A%2F%2Fwww.ents-bbs.org%2Fviewtopic.php%3Ff%3D74%26t%3D2320%26sid%3D5889e46023df58e7bc6da42345d72d3e","N"
"Tuliptree","Liriodendron tulipifera","North Carolina","Swain","Welch Branch","","","","","252586","1","","","","Public - federal","172.3'","Clinometer/laser rangefinder/sine","","","","","Josh Kelly, Michael Davie, Will Blozan","2011-04-07","http%3A%2F%2Fwww.ents-bbs.org%2Fviewtopic.php%3Ff%3D74%26t%3D2320%26sid%3D5889e46023df58e7bc6da42345d72d3e","N"
"Tuliptree","Liriodendron tulipifera","North Carolina","Swain","Welch Branch","","","","","252587","1","","","","Public - federal","172.3'","Clinometer/laser rangefinder/sine","","","","","Josh Kelly, Michael Davie, Will Blozan","2011-04-07","http%3A%2F%2Fwww.ents-bbs.org%2Fviewtopic.php%3Ff%3D74%26t%3D2320%26sid%3D5889e46023df58e7bc6da42345d72d3e","N"
"Tuliptree","Liriodendron tulipifera","North Carolina","Swain","Welch Branch","","","","","252588","1","","","","Public - federal","172.6'","Clinometer/laser rangefinder/sine","","","","","Josh Kelly, Michael Davie, Will Blozan","2011-04-07","http%3A%2F%2Fwww.ents-bbs.org%2Fviewtopic.php%3Ff%3D74%26t%3D2320%26sid%3D5889e46023df58e7bc6da42345d72d3e","N"
"Tuliptree","Liriodendron tulipifera","North Carolina","Swain","Welch Branch","","","","","252589","1","","","","Public - federal","172.8'","Clinometer/laser rangefinder/sine","","","","","Josh Kelly, Michael Davie, Will Blozan","2011-04-07","http%3A%2F%2Fwww.ents-bbs.org%2Fviewtopic.php%3Ff%3D74%26t%3D2320%26sid%3D5889e46023df58e7bc6da42345d72d3e","N"
"Tuliptree","Liriodendron tulipifera","North Carolina","Swain","Welch Branch","","","","","252590","1","","","","Public - federal","173.1'","Clinometer/laser rangefinder/sine","","","","","Josh Kelly, Michael Davie, Will Blozan","2011-04-07","http%3A%2F%2Fwww.ents-bbs.org%2Fviewtopic.php%3Ff%3D74%26t%3D2320%26sid%3D5889e46023df58e7bc6da42345d72d3e","N"
"Tuliptree","Liriodendron tulipifera","North Carolina","Swain","Welch Branch","","","","","252591","1","","","","Public - federal","173.5'","Clinometer/laser rangefinder/sine","","","","","Josh Kelly, Michael Davie, Will Blozan","2011-04-07","http%3A%2F%2Fwww.ents-bbs.org%2Fviewtopic.php%3Ff%3D74%26t%3D2320%26sid%3D5889e46023df58e7bc6da42345d72d3e","N"
"Tuliptree","Liriodendron tulipifera","North Carolina","Swain","Welch Branch","","","","","252592","1","","","","Public - federal","174.0'","Clinometer/laser rangefinder/sine","","","","","Josh Kelly, Michael Davie, Will Blozan","2011-04-07","http%3A%2F%2Fwww.ents-bbs.org%2Fviewtopic.php%3Ff%3D74%26t%3D2320%26sid%3D5889e46023df58e7bc6da42345d72d3e","N"
"Tuliptree","Liriodendron tulipifera","North Carolina","Swain","Welch Branch","","","","","252593","1","","","","Public - federal","175.6'","Clinometer/laser rangefinder/sine","9.2'","110''","","","Josh Kelly, Michael Davie, Will Blozan","2011-04-07","http%3A%2F%2Fwww.ents-bbs.org%2Fviewtopic.php%3Ff%3D74%26t%3D2320%26sid%3D5889e46023df58e7bc6da42345d72d3e","N"
"Tuliptree","Liriodendron tulipifera","North Carolina","Swain","Welch Branch","","","","","252594","1","","","","Public - federal","176.1'","Clinometer/laser rangefinder/sine","7.8'","93''","","","Josh Kelly, Michael Davie, Will Blozan","2011-04-07","http%3A%2F%2Fwww.ents-bbs.org%2Fviewtopic.php%3Ff%3D74%26t%3D2320%26sid%3D5889e46023df58e7bc6da42345d72d3e","N"
"Tuliptree","Liriodendron tulipifera","North Carolina","Swain","Welch Branch","","","","","252595","1","","","","Public - federal","176.4'","Clinometer/laser rangefinder/sine","","","","","Josh Kelly, Michael Davie, Will Blozan","2011-04-07","http%3A%2F%2Fwww.ents-bbs.org%2Fviewtopic.php%3Ff%3D74%26t%3D2320%26sid%3D5889e46023df58e7bc6da42345d72d3e","N"
"Tuliptree","Liriodendron tulipifera","North Carolina","Swain","Welch Branch","","","","","252596","1","","","","Public - federal","177.3'","Clinometer/laser rangefinder/sine","8.1'","98''","","","Josh Kelly, Michael Davie, Will Blozan","2011-04-07","http%3A%2F%2Fwww.ents-bbs.org%2Fviewtopic.php%3Ff%3D74%26t%3D2320%26sid%3D5889e46023df58e7bc6da42345d72d3e","N"
"Tuliptree","Liriodendron tulipifera","North Carolina","Swain","Welch Branch","","","","","252597","1","","","","Public - federal","177.4'","Clinometer/laser rangefinder/sine","6.9'","83''","","","Josh Kelly, Michael Davie, Will Blozan","2011-04-07","http%3A%2F%2Fwww.ents-bbs.org%2Fviewtopic.php%3Ff%3D74%26t%3D2320%26sid%3D5889e46023df58e7bc6da42345d72d3e","N"
"Tuliptree","Liriodendron tulipifera","North Carolina","Swain","Welch Branch","","","","","252598","1","","","","Public - federal","177.8'","Clinometer/laser rangefinder/sine","8.3'","100''","","","Josh Kelly, Michael Davie, Will Blozan","2011-04-07","http%3A%2F%2Fwww.ents-bbs.org%2Fviewtopic.php%3Ff%3D74%26t%3D2320%26sid%3D5889e46023df58e7bc6da42345d72d3e","N"
"Tuliptree","Liriodendron tulipifera","North Carolina","Swain","Welch Branch","","","","","252599","1","","","","Public - federal","178.3'","Clinometer/laser rangefinder/sine","7.8'","94''","","","Josh Kelly, Michael Davie, Will Blozan","2011-04-07","http%3A%2F%2Fwww.ents-bbs.org%2Fviewtopic.php%3Ff%3D74%26t%3D2320%26sid%3D5889e46023df58e7bc6da42345d72d3e","N"
"Tuliptree","Liriodendron tulipifera","North Carolina","Swain","Welch Branch","","","","","252600","1","","","","Public - federal","179.2'","Clinometer/laser rangefinder/sine","","","","Multi-stem","Josh Kelly, Michael Davie, Will Blozan","2011-04-07","http%3A%2F%2Fwww.ents-bbs.org%2Fviewtopic.php%3Ff%3D74%26t%3D2320%26sid%3D5889e46023df58e7bc6da42345d72d3e","N"
"Tuliptree","Liriodendron tulipifera","North Carolina","Swain","Welch Branch","","","","","252601","1","","","","Public - federal","180.7'","Clinometer/laser rangefinder/sine","8.9'","107''","","","Josh Kelly, Michael Davie, Will Blozan","2011-04-07","http%3A%2F%2Fwww.ents-bbs.org%2Fviewtopic.php%3Ff%3D74%26t%3D2320%26sid%3D5889e46023df58e7bc6da42345d72d3e","N"
"Tuliptree","Liriodendron tulipifera","North Carolina","Swain","Welch Branch","","","","","252602","1","","","","Public - federal","183.9'","Clinometer/laser rangefinder/sine","8.8'","106''","","","Josh Kelly, Michael Davie, Will Blozan","2011-04-07","http%3A%2F%2Fwww.ents-bbs.org%2Fviewtopic.php%3Ff%3D74%26t%3D2320%26sid%3D5889e46023df58e7bc6da42345d72d3e","N"
"Tuliptree","Liriodendron tulipifera","North Carolina","Swain","Welch Branch","","","","","252603","1","","","","Public - federal","187.4'","Clinometer/laser rangefinder/sine","9.3'","112''","","","Josh Kelly, Michael Davie, Will Blozan","2011-04-07","http%3A%2F%2Fwww.ents-bbs.org%2Fviewtopic.php%3Ff%3D74%26t%3D2320%26sid%3D5889e46023df58e7bc6da42345d72d3e","N"
"Tuliptree","Liriodendron tulipifera","North Carolina","Transylvania","Foothills Trail (Toxaway, Rock Creek)","","","","","40603","1","","","","Public","169.0'","Clinometer/laser rangefinder/sine","","","","","Brian Beduhn, Will Blozan","2012-12-16","http%3A%2F%2Fwww.ents-bbs.org%2Fviewtopic.php%3Ff%3D106%26t%3D4803","N"
"Tuliptree","Liriodendron tulipifera","North Carolina","Transylvania","King Creek","","","","","281402","1","","","","Public - federal","156.8'","Clinometer/laser rangefinder/sine","","","","","Jess Riddle","2012-01-10","http%3A%2F%2Fwww.ents-bbs.org%2Fviewtopic.php%3Ff%3D106%26t%3D3536%26sid%3D5d2aded422e4a23e509a9deed392150f","N"
"Tuliptree","Liriodendron tulipifera","North Carolina","Transylvania","King Creek","","","","","281403","1","","","","Public - federal","160.8'","Clinometer/laser rangefinder/sine","","","","","Jess Riddle","2012-01-10","http%3A%2F%2Fwww.ents-bbs.org%2Fviewtopic.php%3Ff%3D106%26t%3D3536%26sid%3D5d2aded422e4a23e509a9deed392150f","N"
"Tuliptree","Liriodendron tulipifera","North Carolina","Transylvania","King Creek","","","","","281404","1","","","","Public - federal","163.7'","Clinometer/laser rangefinder/sine","7.4'","89''","","","Jess Riddle","2012-01-10","http%3A%2F%2Fwww.ents-bbs.org%2Fviewtopic.php%3Ff%3D106%26t%3D3536%26sid%3D5d2aded422e4a23e509a9deed392150f","N"
"Tuliptree","Liriodendron tulipifera","North Carolina","Transylvania","King Creek","","","","","281405","1","","","","Public - federal","164.1'","Clinometer/laser rangefinder/sine","","","","","Jess Riddle","2012-01-10","http%3A%2F%2Fwww.ents-bbs.org%2Fviewtopic.php%3Ff%3D106%26t%3D3536%26sid%3D5d2aded422e4a23e509a9deed392150f","N"
"Tuliptree","Liriodendron tulipifera","North Carolina","Transylvania","King Creek","","","","","281406","1","","","","Public - federal","166.7'","Clinometer/laser rangefinder/sine","","","","","Jess Riddle","2012-01-10","http%3A%2F%2Fwww.ents-bbs.org%2Fviewtopic.php%3Ff%3D106%26t%3D3536%26sid%3D5d2aded422e4a23e509a9deed392150f","N"
"Tuliptree","Liriodendron tulipifera","North Carolina","Transylvania","King Creek","","","","","281407","1","","","","Public - federal","170.8'","Clinometer/laser rangefinder/sine","8.2'","98''","","","Jess Riddle","2012-01-10","http%3A%2F%2Fwww.ents-bbs.org%2Fviewtopic.php%3Ff%3D106%26t%3D3536%26sid%3D5d2aded422e4a23e509a9deed392150f","N"
"Tuliptree","Liriodendron tulipifera","North Carolina","Transylvania","Rich Mountain","","","Partly owned by the Rich Mountain Conservancy","","227000","1","","","","Private , public","89.3'","Clinometer/laser rangefinder/sine","7.4'","89''","","","James Parton, Smitty Petersen, Kim Lyman","2008-11-10","http%3A%2F%2Fnativetreesociety.org%2Ffieldtrips%2Fnorth_carolina%2Frichmt%2Frich_mountain_nc.htm","N"
"Tuliptree","Liriodendron tulipifera","North Carolina","Transylvania","Saddle Gap","","","","","252454","1","","","","Public - federal","143.7'","Clinometer/laser rangefinder/sine","","","","","Jess Riddle","2011-01-07","http%3A%2F%2Fwww.ents-bbs.org%2Fviewtopic.php%3Ff%3D106%26t%3D1874%26sid%3D6a9d9b49f0fe25412fd4f71a79e2c5d9","N"
"Tuliptree","Liriodendron tulipifera","North Carolina","Transylvania","Saddle Gap","","","","","252456","1","","","","Public - federal","145.5'","Clinometer/laser rangefinder/sine","","","","","Jess Riddle","2011-01-07","http%3A%2F%2Fwww.ents-bbs.org%2Fviewtopic.php%3Ff%3D106%26t%3D1874%26sid%3D6a9d9b49f0fe25412fd4f71a79e2c5d9","N"
"Tuliptree","Liriodendron tulipifera","North Carolina","Transylvania","Saddle Gap","","","","","252458","1","","","","Public - federal","148.1'","Clinometer/laser rangefinder/sine","7.0'","84''","","","Jess Riddle","2011-01-07","http%3A%2F%2Fwww.ents-bbs.org%2Fviewtopic.php%3Ff%3D106%26t%3D1874%26sid%3D6a9d9b49f0fe25412fd4f71a79e2c5d9","N"
"Tuliptree","Liriodendron tulipifera","North Carolina","Transylvania","Saddle Gap","","","","","252457","1","","","","Public - federal","150.0'","Clinometer/laser rangefinder/sine","7.5'","90''","","","Jess Riddle","2011-01-07","http%3A%2F%2Fwww.ents-bbs.org%2Fviewtopic.php%3Ff%3D106%26t%3D1874%26sid%3D6a9d9b49f0fe25412fd4f71a79e2c5d9","N"
"Tuliptree","Liriodendron tulipifera","North Carolina","Transylvania","Saddle Gap","","","","","252452","1","","","","Public - federal","155.2'","Clinometer/laser rangefinder/sine","","","","","Jess Riddle","2011-01-07","http%3A%2F%2Fwww.ents-bbs.org%2Fviewtopic.php%3Ff%3D106%26t%3D1874%26sid%3D6a9d9b49f0fe25412fd4f71a79e2c5d9","N"
"Tuliptree","Liriodendron tulipifera","North Carolina","Transylvania","Saddle Gap","","","","","252453","1","","","","Public - federal","160.2'","Clinometer/laser rangefinder/sine","","","","","Jess Riddle","2011-01-07","http%3A%2F%2Fwww.ents-bbs.org%2Fviewtopic.php%3Ff%3D106%26t%3D1874%26sid%3D6a9d9b49f0fe25412fd4f71a79e2c5d9","N"
"Tuliptree","Liriodendron tulipifera","North Carolina","Transylvania","Saddle Gap","","","","","252455","1","","","","Public - federal","164.6'","Clinometer/laser rangefinder/sine","7.8'","93''","","","Jess Riddle","2011-01-07","http%3A%2F%2Fwww.ents-bbs.org%2Fviewtopic.php%3Ff%3D106%26t%3D1874%26sid%3D6a9d9b49f0fe25412fd4f71a79e2c5d9","N"
"Tuliptree","Liriodendron tulipifera","North Carolina","Transylvania","Saddle Gap","","","","","252459","1","","","","Public - federal","165.0'","Clinometer/laser rangefinder/sine","5.8'","70''","","","Jess Riddle","2011-01-07","http%3A%2F%2Fwww.ents-bbs.org%2Fviewtopic.php%3Ff%3D106%26t%3D1874%26sid%3D6a9d9b49f0fe25412fd4f71a79e2c5d9","N"
"Tuliptree","Liriodendron tulipifera","North Carolina","Transylvania","Sycamore Flats Picnic Area","","","","","243552","1","","","","Public - national","","Clinometer/laser rangefinder/sine","13.7'","164''","","","James Parton","2008-04-01","","N"
"Tuliptree","Liriodendron tulipifera","North Carolina","Transylvania","Sycamore Flats Picnic Area","","","","","243550","1","","","","Public - national","134.1'","Clinometer/laser rangefinder/sine","12.7'","152''","","","James Parton","2008-04-01","","N"
"Tuliptree","Liriodendron tulipifera","North Carolina","Transylvania","Sycamore Flats Picnic Area","","","","","243551","1","","","","Public - national","140.9'","Clinometer/laser rangefinder/sine","10.1'","121''","","","James Parton","2008-04-01","","N"
"Tuliptree","Liriodendron tulipifera","North Carolina","Transylvania","Whitewater River & Waterfall","","","","","39880","1","","","","Public","123.0'","Clinometer/laser rangefinder/sine","","","","","Brian Beduhn","2013-01-19","http%3A%2F%2Fwww.ents-bbs.org%2Fviewtopic.php%3Ff%3D106%26t%3D4913%26p%3D21201%23p21201","N"
"Tuliptree","Liriodendron tulipifera","North Carolina","Transylvania","Whitewater River & Waterfall","","","","","39881","1","","","","Public","133.8'","Clinometer/laser rangefinder/sine","","","","","Brian Beduhn","2013-01-19","http%3A%2F%2Fwww.ents-bbs.org%2Fviewtopic.php%3Ff%3D106%26t%3D4913%26p%3D21201%23p21201","N"
"Tuliptree","Liriodendron tulipifera","North Carolina","Transylvania","Whitewater River & Waterfall","","","","","39882","1","","","","Public","134.1'","Clinometer/laser rangefinder/sine","","","","","Brian Beduhn","2013-01-19","http%3A%2F%2Fwww.ents-bbs.org%2Fviewtopic.php%3Ff%3D106%26t%3D4913%26p%3D21201%23p21201","N"
"Tuliptree","Liriodendron tulipifera","North Carolina","Transylvania","Whitewater River & Waterfall","","","","","39883","1","","","","Public","142.9'","Clinometer/laser rangefinder/sine","","","","","Brian Beduhn","2013-01-19","http%3A%2F%2Fwww.ents-bbs.org%2Fviewtopic.php%3Ff%3D106%26t%3D4913%26p%3D21201%23p21201","N"
"Tuliptree","Liriodendron tulipifera","North Carolina","Wake","North Carolina Single Tree Sites","35 16.271","-082 26.593","","","252313","1","35 16.271","-082 26.593","","Public and Private","","Clinometer/laser rangefinder/sine","16.5'","198''","","Measured by J. Parton. 2/10/2008. Tree located off of Memminger Road, Flat Rock","Various Various","2000-01-01","","N"
"Tuliptree","Liriodendron tulipifera","North Carolina","Wake","North Carolina Single Tree Sites","35 56.288","-079 04.389","","","252353","1","35 56.288","-079 04.389","","Public and Private","117.0'","Clinometer/laser rangefinder/sine","8.8'","106''","143.5'","Measured and modeled by P. Bryant 12/27/2011 in Carolina North Forest . This 750 acres forest is owned by the University of North Carolina and is near Chapel Hill. Orange County.  Crown spread is an average, maximum is 145.5'.
Volume is 427.5 cubic feet.","Various Various","2000-01-01","","N"
"Tuliptree","Liriodendron tulipifera","North Carolina","Wake","North Carolina Single Tree Sites","35 10.939","-083 22.893","","","252309","1","35 10.939","-083 22.893","","Public and Private","125.5'","Clinometer/laser rangefinder/sine","27.0'","324''","","Measured by R. Leverett in 1996 near Franklin, NC.
Height was to a dead top.
Known as the Wasilik Poplar","Various Various","2000-01-01","","N"
"Tuliptree","Liriodendron tulipifera","North Carolina","Wake","North Carolina Single Tree Sites","35 20.670","-083 59.453","","","252332","1","35 20.670","-083 59.453","","Public and Private","147.4'","Clinometer/laser rangefinder/sine","11.0'","132''","","Measured by J. Riddle 6/13/2004 along Santeetlah Creek Road, Grahm County.","Various Various","2000-01-01","","N"
"Tuliptree","Liriodendron tulipifera","North Carolina","Wilkes","Callaway Gap","","","","","252384","1","","","","Public - federal","","Clinometer/laser rangefinder/sine","10.6'","127''","","","Court Ash","2014-12-28","http%3A%2F%2Fwww.ents-bbs.org%2Fviewtopic.php%3Ff%3D106%26t%3D6809%26sid%3D00c5ab0d6317e5416270acdc4d3c7ea3","N"
"Tuliptree","Liriodendron tulipifera","New Jersey","Burlington","Batsto Village","","","","","170432","1","","","","Public - sate","","Clinometer/laser rangefinder/sine","11.8'","142''","","","Barry Caselli","2009-01-31","http%3A%2F%2Fwww.ents-bbs.org%2Fviewtopic.php%3Ff%3D103%26t%3D6026%23p27156","N"
"Tuliptree","Liriodendron tulipifera","New Jersey","Camden","Saddler's Woods","","","Measured by J. Harvey on 5/22/2014. Trees are located in Saddler's Woods, Haddon Township, Camden County.
25 acres","","170601","1","","","","Public - township","120.0'","Clinometer/laser rangefinder/sine","15.4'","185''","","","John Harvey","2014-05-22","http%3A%2F%2Fwww.ents-bbs.org%2Fviewtopic.php%3Ff%3D103%26t%3D6365","N"
"Tuliptree","Liriodendron tulipifera","New Jersey","Camden","Saddler's Woods","","","Measured by J. Harvey on 5/22/2014. Trees are located in Saddler's Woods, Haddon Township, Camden County.
25 acres","","170597","1","","","","Public - township","125.0'","Clinometer/laser rangefinder/sine","17.3'","208''","","","John Harvey","2014-05-22","http%3A%2F%2Fwww.ents-bbs.org%2Fviewtopic.php%3Ff%3D103%26t%3D6365","N"
"Tuliptree","Liriodendron tulipifera","New Jersey","Camden","Saddler's Woods","","","Measured by J. Harvey on 5/22/2014. Trees are located in Saddler's Woods, Haddon Township, Camden County.
25 acres","","170600","1","","","","Public - township","127.0'","Clinometer/laser rangefinder/sine","13.8'","165''","","","John Harvey","2014-05-22","http%3A%2F%2Fwww.ents-bbs.org%2Fviewtopic.php%3Ff%3D103%26t%3D6365","N"
"Tuliptree","Liriodendron tulipifera","New Jersey","Camden","Saddler's Woods","","","Measured by J. Harvey on 5/22/2014. Trees are located in Saddler's Woods, Haddon Township, Camden County.
25 acres","","170598","1","","","","Public - township","128.0'","","12.0'","144''","","","John Harvey","2014-05-22","http%3A%2F%2Fwww.ents-bbs.org%2Fviewtopic.php%3Ff%3D103%26t%3D6365","N"
"Tuliptree","Liriodendron tulipifera","New Jersey","Camden","Saddler's Woods","","","Measured by J. Harvey on 5/22/2014. Trees are located in Saddler's Woods, Haddon Township, Camden County.
25 acres","","170599","1","","","","Public - township","129.4'","Clinometer/laser rangefinder/sine","13.3'","159''","","","John Harvey","2014-05-22","http%3A%2F%2Fwww.ents-bbs.org%2Fviewtopic.php%3Ff%3D103%26t%3D6365","N"
"Tuliptree","Liriodendron tulipifera","New Jersey","Camden","Saddler's Woods","","","Measured by J. Harvey on 5/22/2014. Trees are located in Saddler's Woods, Haddon Township, Camden County.
25 acres","","170596","1","","","","Public - township","132.0'","Clinometer/laser rangefinder/sine","11.0'","132''","","","John Harvey","2014-05-22","http%3A%2F%2Fwww.ents-bbs.org%2Fviewtopic.php%3Ff%3D103%26t%3D6365","N"
"Tuliptree","Liriodendron tulipifera","New Jersey","Cumberland","Bear Swamp","","","","","170945","1","","","","State -public, private","","Clinometer/laser rangefinder/sine","19.0'","228''","","standing snag - dead","John Harvey","2013-09-26","http%3A%2F%2Fwww.ents-bbs.org%2Fviewtopic.php%3Ff%3D103%26t%3D6024%23p27147","N"
"Tuliptree","Liriodendron tulipifera","New Jersey","Cumberland","Bear Swamp","","","","","170946","1","","","","State -public, private","","","15.0'","180''","","","John Harvey","2013-09-26","http%3A%2F%2Fwww.ents-bbs.org%2Fviewtopic.php%3Ff%3D103%26t%3D6024%23p27147","N"
"Tuliptree","Liriodendron tulipifera","New Jersey","Cumberland","Bear Swamp","","","","","170943","1","","","","State -public, private","15.8'","","","","","","John Harvey","2014-01-13","http%3A%2F%2Fwww.ents-bbs.org%2Fviewtopic.php%3Ff%3D103%26t%3D6024%23p27147","N"
"Tuliptree","Liriodendron tulipifera","New Jersey","Cumberland","Bear Swamp","","","","","170488","1","","","","State -public, private","85.6'","Clinometer/laser rangefinder/sine","9.9'","119''","","","Scott Wade, Meg Varnes, Bill Sweeney","2006-12-28","http%3A%2F%2Fwww.ents-bbs.org%2Fviewtopic.php%3Ff%3D103%26t%3D6024%23p27147","N"
"Tuliptree","Liriodendron tulipifera","New Jersey","Gloucester","Mantua Nature Preserve","","","","","170939","1","","","","Public - county","127.0'","Clinometer/laser rangefinder/sine","18.7'","224''","85.0'","","John Harvey","2014-10-07","http%3A%2F%2Fwww.ents-bbs.org%2Fviewtopic.php%3Ff%3D103%26t%3D6654","N"
"Tuliptree","Liriodendron tulipifera","New Jersey","Gloucester","Mantua Nature Preserve","","","","","170940","1","","","","Public - county","145.0'","Clinometer/laser rangefinder/sine","16.8'","201''","90.0'","","John Harvey","2014-10-07","http%3A%2F%2Fwww.ents-bbs.org%2Fviewtopic.php%3Ff%3D103%26t%3D6654","N"
"Tuliptree","Liriodendron tulipifera","New Jersey","Gloucester","Mantua Nature Preserve","","","","","170934","1","","","","Public - county","151.6'","Clinometer/laser rangefinder/sine","12.8'","154''","","","John Harvey","2014-09-15","http%3A%2F%2Fwww.ents-bbs.org%2Fviewtopic.php%3Ff%3D103%26t%3D6654","N"
"Tuliptree","Liriodendron tulipifera","New Jersey","Mercer","New Jersey Single Tree Sites","39 22.898","-074 37.412","","","171536","1","39 22.898","-074 37.412","","Public, Private","","Clinometer/laser rangefinder/sine","11.8'","142''","","Measured by B. Caselli on 1/29/2009. It is a street tree in Egg Harbor City, Atlantic County.","Various Various","2001-01-01","","N"
"Tuliptree","Liriodendron tulipifera","New Jersey","Mercer","New Jersey Single Tree Sites","","","","","171541","1","","","","Public, Private","","Clinometer/laser rangefinder/sine","11.7'","140''","","Measured by B. Caselli on 2/9/2009. Tree located near Hamburg Avenue, Egg Harbor City, Atlantic County","Various Various","2001-01-01","","N"
"Tuliptree","Liriodendron tulipifera","New Jersey","Mercer","New Jersey Single Tree Sites","39 31.614","-074 38.648","","","171554","1","39 31.614","-074 38.648","","Public, Private","","Clinometer/laser rangefinder/sine","11.4'","137''","","Measured by B. Caselli on 5/24/2009. Tree located on 100 Chicagp  Avenue, Egg Harbor City, Atlantic County","Various Various","2001-01-01","","N"
"Tuliptree","Liriodendron tulipifera","New Jersey","Mercer","New Jersey Single Tree Sites","39 30.714","-075 14.206","","","171556","1","39 30.714","-075 14.206","","Public, Private","","Clinometer/laser rangefinder/sine","16.3'","195''","","Measured by B. Caselli 9/19/2009. Tree located in Deerfield Presbyterian Church cemetery","Various Various","2001-01-01","","N"
"Tuliptree","Liriodendron tulipifera","New Jersey","Mercer","New Jersey Single Tree Sites","39 38.248","-074 48.215","","","171563","1","39 38.248","-074 48.215","","Public, Private","","Clinometer/laser rangefinder/sine","14.8'","178''","","Measured by B. Caselli on 11/21/2011. Located in Hammonton, Atlantic County.","Various Various","2001-01-01","","N"
"Tuliptree","Liriodendron tulipifera","New Jersey","Mercer","New Jersey Single Tree Sites","39 33.831","-075 27.344","","","171580","1","39 33.831","-075 27.344","","Public, Private","","Clinometer/laser rangefinder/sine","16.0'","192''","","Measured by J. Harvey on 7/19/2014. Tree located in East View Cemetery, Salem, Salem County","Various Various","2001-01-01","","N"
"Tuliptree","Liriodendron tulipifera","New Jersey","Mercer","New Jersey Single Tree Sites","39 27.634","-075 08.929","","","171605","1","39 27.634","-075 08.929","","Public, Private","","Clinometer/laser rangefinder/sine","17.4'","209''","","","Various Various","2001-01-01","","N"
"Tuliptree","Liriodendron tulipifera","New Jersey","Mercer","New Jersey Single Tree Sites","39 43.031","-075 21.942","","","171573","1","39 43.031","-075 21.942","","Public, Private","145.0'","Clinometer/laser rangefinder/sine","","","","Measured by J. Harvey 11/19/2013, Tree located along Oldmans Creek in Salem County.","Various Various","2001-01-01","","N"
"Tuliptree","Liriodendron tulipifera","New Jersey","Mercer","Princeton University","","","Trees were measured in a naturalized area","","171031","1","","","","Private","","Clinometer/laser rangefinder/sine","12.3'","148''","","","Scott Wade, Megan Varnes","2005-07-26","http%3A%2F%2Fwww.nativetreesociety.org%2Ffieldtrips%2Fnew_jersey%2Fprinceton%2Fprinceton.htm","N"
"Tuliptree","Liriodendron tulipifera","New Jersey","Mercer","Princeton University","","","Trees were measured in a naturalized area","","171029","1","","","","Private","111.7'","Clinometer/laser rangefinder/sine","16.7'","200''","91.0'","","Scott Wade, Megan Varnes","2005-07-26","http%3A%2F%2Fwww.nativetreesociety.org%2Ffieldtrips%2Fnew_jersey%2Fprinceton%2Fprinceton.htm","N"
"Tuliptree","Liriodendron tulipifera","New Jersey","Mercer","Princeton University","","","Trees were measured in a naturalized area","","171030","1","","","","Private","126.4'","Clinometer/laser rangefinder/sine","12.0'","144''","","","Scott Wade, Megan Varnes","2005-07-26","http%3A%2F%2Fwww.nativetreesociety.org%2Ffieldtrips%2Fnew_jersey%2Fprinceton%2Fprinceton.htm","N"
"Tuliptree","Liriodendron tulipifera","New Jersey","Morris","Morristown National Historic Park","","","2000 acres","","170210","1","","","","Public - federal","126.0'","Clinometer/laser rangefinder/sine","14.9'","179''","","","Robert Leverett","2010-10-26","http%3A%2F%2Fwww.ents-bbs.org%2Fviewtopic.php%3Ff%3D103%26t%3D1559","N"
"Tuliptree","Liriodendron tulipifera","New Jersey","Morris","Morristown National Historic Park","","","2000 acres","","170209","1","","","","Public - federal","129.5'","Clinometer/laser rangefinder/sine","15.5'","186''","","","Robert Leverett","2010-10-26","http%3A%2F%2Fwww.ents-bbs.org%2Fviewtopic.php%3Ff%3D103%26t%3D1559","N"
"Tuliptree","Liriodendron tulipifera","New Jersey","Morris","Morristown National Historic Park","","","2000 acres","","170208","1","","","","Public - federal","150.2'","Clinometer/laser rangefinder/sine","13.5'","162''","","","Robert Leverett","2010-10-26","http%3A%2F%2Fwww.ents-bbs.org%2Fviewtopic.php%3Ff%3D103%26t%3D1559","N"
"Tuliptree","Liriodendron tulipifera","New York","Albany","New York Single Tree Sites","40 52.870","-073 54.924","","","263298","1","40 52.870","-073 54.924","","Public-Private","120.7'","Clinometer/laser rangefinder/sine","19.2'","230''","97.2'","Measured by E. Danielson, D. Berg, Z. Wang on 1/21/2016 on private property in the Spuyten Duyvil neighborhood,  Bronx. Crown spread is maximum average is 91.8'","Various Various","2000-02-01","","N"
"Tuliptree","Liriodendron tulipifera","New York","Bronx","Pelham Bay Park","","","","","260434","1","","","","Public - county","117.7'","Clinometer/laser rangefinder/sine","","","","","Erik Danielson, David Berg","2016-04-13","ents-bbs.org%2Fviewtopic.php%3Ff%3D105%26t%3D7420%26sid%3De9b5b3b04e3a1d8597b486e4297a43b9%26start%3D10%23p39663","N"
"Tuliptree","Liriodendron tulipifera","New York","Bronx","Pelham Bay Park","","","","","260405","1","","","","Public - county","118.6'","Clinometer/laser rangefinder/sine","","","","","Erik Danielson, David Berg","2016-04-13","ents-bbs.org%2Fviewtopic.php%3Ff%3D105%26t%3D7420%26sid%3De9b5b3b04e3a1d8597b486e4297a43b9%26start%3D10%23p39663","N"
"Tuliptree","Liriodendron tulipifera","New York","Bronx","Pelham Bay Park","","","","","260403","1","","","","Public - county","119.9'","Clinometer/laser rangefinder/sine","14.6'","175''","","","Erik Danielson, David Berg","2016-04-13","ents-bbs.org%2Fviewtopic.php%3Ff%3D105%26t%3D7420%26sid%3De9b5b3b04e3a1d8597b486e4297a43b9%26start%3D10%23p39663","N"
"Tuliptree","Liriodendron tulipifera","New York","Bronx","Pelham Bay Park","","","","","260404","1","","","","Public - county","123.2'","Clinometer/laser rangefinder/sine","","","","","Erik Danielson, David Berg","2016-04-13","ents-bbs.org%2Fviewtopic.php%3Ff%3D105%26t%3D7420%26sid%3De9b5b3b04e3a1d8597b486e4297a43b9%26start%3D10%23p39663","N"
"Tuliptree","Liriodendron tulipifera","New York","Bronx","Pelham Bay Park","","","","","260433","1","","","","Public - county","130.6'","Clinometer/laser rangefinder/sine","12.7'","152''","","","Erik Danielson, David Berg","2016-04-13","ents-bbs.org%2Fviewtopic.php%3Ff%3D105%26t%3D7420%26sid%3De9b5b3b04e3a1d8597b486e4297a43b9%26start%3D10%23p39663","N"
"Tuliptree","Liriodendron tulipifera","New York","Bronx","Pelham Bay Park","","","","","260432","1","","","","Public - county","132.2'","Clinometer/laser rangefinder/sine","13.8'","166''","","","Erik Danielson, David Berg","2016-04-13","ents-bbs.org%2Fviewtopic.php%3Ff%3D105%26t%3D7420%26sid%3De9b5b3b04e3a1d8597b486e4297a43b9%26start%3D10%23p39663","N"
"Tuliptree","Liriodendron tulipifera","New York","Bronx","Pelham Bay Park","","","","","260402","1","","","","Public - county","136.5'","Clinometer/laser rangefinder/sine","15.1'","181''","","","Erik Danielson","2017-03-12","ents-bbs.org%2Fviewtopic.php%3Ff%3D105%26t%3D7420%26sid%3De9b5b3b04e3a1d8597b486e4297a43b9%26start%3D10%23p39663","N"
"Tuliptree","Liriodendron tulipifera","New York","Brooklyn","Green-Wood Cemetery","","","478 Acres","","258132","1","","","","Public-Private","110.5'","Clinometer/laser rangefinder/sine","16.4'","197''","","","Erik Danielson","2016-03-21","http%3A%2F%2Fwww.ents-bbs.org%2Fviewtopic.php%3Ff%3D105%26t%3D7610%26sid%3Da5df369d81886bd5190d6a4e7feb5dd7","N"
"Tuliptree","Liriodendron tulipifera","New York","Brooklyn","Green-Wood Cemetery","","","478 Acres","","258131","1","","","","Public-Private","111.8'","Clinometer/laser rangefinder/sine","13.4'","161''","","","Erik Danielson","2016-03-21","http%3A%2F%2Fwww.ents-bbs.org%2Fviewtopic.php%3Ff%3D105%26t%3D7610%26sid%3Da5df369d81886bd5190d6a4e7feb5dd7","N"
"Tuliptree","Liriodendron tulipifera","New York","Brooklyn","Green-Wood Cemetery","","","478 Acres","","258130","1","","","","Public-Private","112.2'","Clinometer/laser rangefinder/sine","16.9'","203''","","","Erik Danielson","2016-03-21","http%3A%2F%2Fwww.ents-bbs.org%2Fviewtopic.php%3Ff%3D105%26t%3D7610%26sid%3Da5df369d81886bd5190d6a4e7feb5dd7","N"
"Tuliptree","Liriodendron tulipifera","New York","Brooklyn","Green-Wood Cemetery","","","478 Acres","","258129","1","","","","Public-Private","120.9'","Clinometer/laser rangefinder/sine","","","","","Erik Danielson","2016-03-21","http%3A%2F%2Fwww.ents-bbs.org%2Fviewtopic.php%3Ff%3D105%26t%3D7610%26sid%3Da5df369d81886bd5190d6a4e7feb5dd7","N"
"Tuliptree","Liriodendron tulipifera","New York","Brooklyn","Prospect Park","","","Measurements were made 8/8/2016 and 3/12/2017","","280524","1","","","","Public - county","116.6'","Clinometer/laser rangefinder/sine","","","","","Erik Danielson","2016-04-09","http%3A%2F%2Fwww.ents-bbs.org%2Fviewtopic.php%3Ff%3D105%26t%3D7638%26sid%3D60eba587880cce73bb509f21b4be94c1%23p38399","N"
"Tuliptree","Liriodendron tulipifera","New York","Brooklyn","Prospect Park","","","Measurements were made 8/8/2016 and 3/12/2017","","280523","1","","","","Public - county","121.9'","Clinometer/laser rangefinder/sine","","","","","Erik Danielson","2016-04-09","http%3A%2F%2Fwww.ents-bbs.org%2Fviewtopic.php%3Ff%3D105%26t%3D7638%26sid%3D60eba587880cce73bb509f21b4be94c1%23p38399","N"
"Tuliptree","Liriodendron tulipifera","New York","Brooklyn","Prospect Park","","","Measurements were made 8/8/2016 and 3/12/2017","","280512","1","","","","Public - county","124.0'","Clinometer/laser rangefinder/sine","","","","In Quaker Cemetery","Erik Danielson","2017-03-12","http%3A%2F%2Fwww.ents-bbs.org%2Fviewtopic.php%3Ff%3D105%26t%3D7638%26sid%3D60eba587880cce73bb509f21b4be94c1%23p38399","N"
"Tuliptree","Liriodendron tulipifera","New York","Cattaraugus","Big Basin","","","","","264987","1","","","","Public - state","124.5'","Clinometer/laser rangefinder/sine","8.9'","107''","","","Erik Danielson","2020-01-02","http%3A%2F%2Fwww.ents-bbs.org%2Fviewtopic.php%3Ff%3D105%26t%3D8543%26start%3D20%26sid%3Dbc15a04e1c5a2e8ee05f8b7d15e76b09","N"
"Tuliptree","Liriodendron tulipifera","New York","Cattaraugus","Big Basin","","","","","264986","1","","","","Public - state","125.0'","Clinometer/laser rangefinder/sine","8.7'","104''","","","Erik Danielson","2020-01-02","http%3A%2F%2Fwww.ents-bbs.org%2Fviewtopic.php%3Ff%3D105%26t%3D8543%26start%3D20%26sid%3Dbc15a04e1c5a2e8ee05f8b7d15e76b09","N"
"Tuliptree","Liriodendron tulipifera","New York","Cattaraugus","Big Basin","","","","","264827","1","","","","Public - state","129.0'","Clinometer/laser rangefinder/sine","","","","Multi-stem tree.","Erik Danielson","2019-04-06","http%3A%2F%2Fwww.ents-bbs.org%2Fviewtopic.php%3Ff%3D105%26t%3D8543%26start%3D20%26sid%3Dbc15a04e1c5a2e8ee05f8b7d15e76b09","N"
"Tuliptree","Liriodendron tulipifera","New York","Cattaraugus","Big Basin","","","","","264985","1","","","","Public - state","129.5'","Clinometer/laser rangefinder/sine","9.3'","112''","","","Erik Danielson","2020-01-02","http%3A%2F%2Fwww.ents-bbs.org%2Fviewtopic.php%3Ff%3D105%26t%3D8543%26start%3D20%26sid%3Dbc15a04e1c5a2e8ee05f8b7d15e76b09","N"
"Tuliptree","Liriodendron tulipifera","New York","Cattaraugus","Big Basin","","","","","265041","1","","","","Public - state","131.8'","Clinometer/laser rangefinder/sine","","","","","Erik Danielson","2021-08-24","http%3A%2F%2Fwww.ents-bbs.org%2Fviewtopic.php%3Ff%3D105%26t%3D8543%26start%3D20%26sid%3Dbc15a04e1c5a2e8ee05f8b7d15e76b09","N"
"Tuliptree","Liriodendron tulipifera","New York","Cattaraugus","Big Basin","","","","","264984","1","","","","Public - state","132.5'","Clinometer/laser rangefinder/sine","8.5'","102''","","","Erik Danielson","2020-01-02","http%3A%2F%2Fwww.ents-bbs.org%2Fviewtopic.php%3Ff%3D105%26t%3D8543%26start%3D20%26sid%3Dbc15a04e1c5a2e8ee05f8b7d15e76b09","N"
"Tuliptree","Liriodendron tulipifera","New York","Cattaraugus","Big Basin","","","","","265040","1","","","","Public - state","139.5'","Clinometer/laser rangefinder/sine","8.1'","97''","","","Erik Danielson","2021-08-24","http%3A%2F%2Fwww.ents-bbs.org%2Fviewtopic.php%3Ff%3D105%26t%3D8543%26start%3D20%26sid%3Dbc15a04e1c5a2e8ee05f8b7d15e76b09","N"
"Tuliptree","Liriodendron tulipifera","New York","Cattaraugus","Trackless West","","","A White Pine on Pine Creek was measured on 12/31/2019","","281353","1","","","","Public - state","115.0'","Clinometer/laser rangefinder/sine","","","","Multi-stem","Erik Danielson","2017-10-21","http%3A%2F%2Fwww.ents-bbs.org%2Fviewtopic.php%3Ff%3D105%26t%3D8116%26sid%3D75c3cd14aea4e263f5660ee32feb86dd","N"
"Tuliptree","Liriodendron tulipifera","New York","Cattaraugus","Trackless West","","","A White Pine on Pine Creek was measured on 12/31/2019","","281352","1","","","","Public - state","116.0'","Clinometer/laser rangefinder/sine","6.0'","72''","","","Erik Danielson","2017-10-21","http%3A%2F%2Fwww.ents-bbs.org%2Fviewtopic.php%3Ff%3D105%26t%3D8116%26sid%3D75c3cd14aea4e263f5660ee32feb86dd","N"
"Tuliptree","Liriodendron tulipifera","New York","Cattaraugus","Trackless West","","","A White Pine on Pine Creek was measured on 12/31/2019","","281334","1","","","","Public - state","121.5'","Clinometer/laser rangefinder/sine","8.3'","100''","","","Erik Danielson","2017-10-21","http%3A%2F%2Fwww.ents-bbs.org%2Fviewtopic.php%3Ff%3D105%26t%3D8116%26sid%3D75c3cd14aea4e263f5660ee32feb86dd","N"
"Tuliptree","Liriodendron tulipifera","New York","Cattaraugus","Trackless West","","","A White Pine on Pine Creek was measured on 12/31/2019","","281351","1","","","","Public - state","125.6'","Clinometer/laser rangefinder/sine","5.3'","63''","","","Erik Danielson","2017-10-21","http%3A%2F%2Fwww.ents-bbs.org%2Fviewtopic.php%3Ff%3D105%26t%3D8116%26sid%3D75c3cd14aea4e263f5660ee32feb86dd","N"
"Tuliptree","Liriodendron tulipifera","New York","Cattaraugus","Trackless West","","","A White Pine on Pine Creek was measured on 12/31/2019","","281350","1","","","","Public - state","127.5'","Clinometer/laser rangefinder/sine","6.9'","83''","","","Erik Danielson","2017-10-21","http%3A%2F%2Fwww.ents-bbs.org%2Fviewtopic.php%3Ff%3D105%26t%3D8116%26sid%3D75c3cd14aea4e263f5660ee32feb86dd","N"
"Tuliptree","Liriodendron tulipifera","New York","Cattaraugus","Trackless West","","","A White Pine on Pine Creek was measured on 12/31/2019","","281377","1","","","","Public - state","130.0'","Clinometer/laser rangefinder/sine","7.8'","94''","","","Erik Danielson","2017-10-21","http%3A%2F%2Fwww.ents-bbs.org%2Fviewtopic.php%3Ff%3D105%26t%3D8116%26sid%3D75c3cd14aea4e263f5660ee32feb86dd","N"
"Tuliptree","Liriodendron tulipifera","New York","Cattaraugus","Trackless West","","","A White Pine on Pine Creek was measured on 12/31/2019","","281376","1","","","","Public - state","130.5'","Clinometer/laser rangefinder/sine","6.9'","83''","","","Erik Danielson","2017-10-21","http%3A%2F%2Fwww.ents-bbs.org%2Fviewtopic.php%3Ff%3D105%26t%3D8116%26sid%3D75c3cd14aea4e263f5660ee32feb86dd","N"
"Tuliptree","Liriodendron tulipifera","New York","Cattaraugus","Trackless West","","","A White Pine on Pine Creek was measured on 12/31/2019","","281375","1","","","","Public - state","132.5'","Clinometer/laser rangefinder/sine","6.1'","73''","","","Erik Danielson","2017-10-21","http%3A%2F%2Fwww.ents-bbs.org%2Fviewtopic.php%3Ff%3D105%26t%3D8116%26sid%3D75c3cd14aea4e263f5660ee32feb86dd","N"
"Tuliptree","Liriodendron tulipifera","New York","Cattaraugus","Trackless West","","","A White Pine on Pine Creek was measured on 12/31/2019","","266347","1","","","","Public - state","136.5'","Clinometer/laser rangefinder/sine","8.7'","104''","","","Erik Danielson","2019-03-27","http%3A%2F%2Fwww.ents-bbs.org%2Fviewtopic.php%3Ff%3D105%26t%3D8116%26sid%3D75c3cd14aea4e263f5660ee32feb86dd","N"
"Tuliptree","Liriodendron tulipifera","New York","Cattaraugus","Trackless West","","","A White Pine on Pine Creek was measured on 12/31/2019","","266346","1","","","","Public - state","137.5'","Clinometer/laser rangefinder/sine","9.0'","108''","","","Erik Danielson","2019-03-27","http%3A%2F%2Fwww.ents-bbs.org%2Fviewtopic.php%3Ff%3D105%26t%3D8116%26sid%3D75c3cd14aea4e263f5660ee32feb86dd","N"
"Tuliptree","Liriodendron tulipifera","New York","Cattaraugus","Zoar Valley","","","","","265457","1","","","","Public","","Clinometer/laser rangefinder/sine","5.6'","67''","","","Tom Diggins","2002-11-19","http%3A%2F%2Fwww.ents-bbs.org%2Fviewtopic.php%3Ff%3D105%26t%3D7379","N"
"Tuliptree","Liriodendron tulipifera","New York","Cattaraugus","Zoar Valley","","","","","280006","1","","","","Public","135.7'","Clinometer/laser rangefinder/sine","","","","","Tom Diggins","2005-05-29","http%3A%2F%2Fwww.ents-bbs.org%2Fviewtopic.php%3Ff%3D105%26t%3D7379","N"
"Tuliptree","Liriodendron tulipifera","New York","Cattaraugus","Zoar Valley","","","","","280007","1","","","","Public","139.3'","Clinometer/laser rangefinder/sine","","","","","Tom Diggins","2005-05-29","http%3A%2F%2Fwww.ents-bbs.org%2Fviewtopic.php%3Ff%3D105%26t%3D7379","N"
"Tuliptree","Liriodendron tulipifera","New York","Cattaraugus","Zoar Valley","","","","","280008","1","","","","Public","144.1'","Clinometer/laser rangefinder/sine","8.7'","104''","","","Tom Diggins","2005-05-29","http%3A%2F%2Fwww.ents-bbs.org%2Fviewtopic.php%3Ff%3D105%26t%3D7379","N"
"Tuliptree","Liriodendron tulipifera","New York","Cattaraugus","Zoar Valley","","","","","265444","1","","","","Public","149.5'","Clinometer/laser rangefinder/sine","10.7'","128''","","","Tom Diggins","2002-11-19","http%3A%2F%2Fwww.ents-bbs.org%2Fviewtopic.php%3Ff%3D105%26t%3D7379","N"
"Tuliptree","Liriodendron tulipifera","New York","Cattaraugus","Zoar Valley","","","","","221820","1","","","","Public","152.4'","Clinometer/laser rangefinder/sine","10.9'","131''","","","Elijah Whitcomb, Erik Danielsen","2017-07-01","http%3A%2F%2Fwww.ents-bbs.org%2Fviewtopic.php%3Ff%3D105%26t%3D7379","N"
"Tuliptree","Liriodendron tulipifera","New York","Cattaraugus","Zoar Valley","","","","","221842","1","","","","Public","152.5'","Clinometer/laser rangefinder/sine","10.0'","120''","","","Elijah Whitcomb, Erik Danielsen","2017-07-01","http%3A%2F%2Fwww.ents-bbs.org%2Fviewtopic.php%3Ff%3D105%26t%3D7379","N"
"Tuliptree","Liriodendron tulipifera","New York","Cattaraugus","Zoar Valley","","","","","257506","1","","","","Public","156.0'","Clinometer/laser rangefinder/sine","","","","","Tom Diggins, Bruce Kershner, Bob Leverett","2003-11-05","http%3A%2F%2Fwww.ents-bbs.org%2Fviewtopic.php%3Ff%3D105%26t%3D7379","N"
"Tuliptree","Liriodendron tulipifera","New York","Cattaraugus","Zoar Valley","","","","","221855","1","","","","Public","161.1'","Clinometer/laser rangefinder/sine","","","","","Elijah Whitcomb, Erik Danielsen","2017-07-01","http%3A%2F%2Fwww.ents-bbs.org%2Fviewtopic.php%3Ff%3D105%26t%3D7379","N"
"Tuliptree","Liriodendron tulipifera","New York","Cattaraugus","Zoar Valley","42 26.418","-078 53.294","","","221792","1","42 26.418","-078 53.294","890.0 ft","Public","161.3'","Clinometer/laser rangefinder/sine","11.2'","134''","","","Elijah Whitcomb, Erik Danielsen","2017-07-01","http%3A%2F%2Fwww.ents-bbs.org%2Fviewtopic.php%3Ff%3D105%26t%3D7379","N"
"Tuliptree","Liriodendron tulipifera","New York","Cattaraugus","Zoar Valley","","","","","221853","1","","","","Public","163.5'","Clinometer/laser rangefinder/sine","8.4'","101''","","","Elijah Whitcomb, Erik Danielsen","2017-07-01","http%3A%2F%2Fwww.ents-bbs.org%2Fviewtopic.php%3Ff%3D105%26t%3D7379","N"
"Tuliptree","Liriodendron tulipifera","New York","Cayuga","Fillmore Glen State Park","","","","","151522","1","","","","Public","115.0'","Clinometer/laser rangefinder/sine","","","","","Elijah Whitcomb","2017-05-13","http%3A%2F%2Fwww.ents-bbs.org%2Fviewtopic.php%3Ff%3D105%26t%3D7713","N"
"Tuliptree","Liriodendron tulipifera","New York","Cayuga","Fillmore Glen State Park","","","","","151512","1","","","","Public","125.4'","Clinometer/laser rangefinder/sine","","","","","Elijah Whitcomb","2017-05-13","http%3A%2F%2Fwww.ents-bbs.org%2Fviewtopic.php%3Ff%3D105%26t%3D7713","N"
"Tuliptree","Liriodendron tulipifera","New York","Cayuga","Fort Hill Cemetery","42 55.498","-076 34.453","","","214928","1","42 55.498","-076 34.453","710.0 ft","Public","105.5'","Clinometer/laser rangefinder/sine","15.6'","187''","","","Elijah Whitcomb","2020-09-07","","N"
"Tuliptree","Liriodendron tulipifera","New York","Cayuga","Fort Hill Cemetery","42 55.523","-076 34.422","","","214929","1","42 55.523","-076 34.422","745.0 ft","Public","116.8'","Clinometer/laser rangefinder/sine","","","","","Elijah Whitcomb","2020-09-07","","N"
"Tuliptree","Liriodendron tulipifera","New York","Cayuga, Onondaga","Erie Canal Towpath Trail","43 03.216","-076 32.446","","","20443","1","43 03.216","-076 32.446","","Public","108.0'","Clinometer/laser rangefinder/sine","","","","","Elijah Whitcomb","2012-02-26","","N"
"Tuliptree","Liriodendron tulipifera","New York","Cayuga, Onondaga","Erie Canal Towpath Trail","43 03.297","-076 32.427","","","20444","1","43 03.297","-076 32.427","","Public","111.0'","Clinometer/laser rangefinder/sine","","","","","Elijah Whitcomb","2012-02-26","","N"
"Tuliptree","Liriodendron tulipifera","New York","Chautauqua","Canadaway Creek","","","","","263238","1","","","","Public - state","102.6'","Clinometer/laser rangefinder/sine","6.0'","72''","","","Erik Danielson","2016-02-18","http%3A%2F%2Fwww.ents-bbs.org%2Fviewtopic.php%3Ff%3D105%26t%3D8475%26sid%3D790ff9aec04a19dc89f8f501cf95fd51","N"
"Tuliptree","Liriodendron tulipifera","New York","Chautauqua","Canadaway Creek","","","","","262245","1","","","","Public - state","105.5'","Clinometer/laser rangefinder/sine","5.4'","65''","","","Erik Danielson","2019-01-17","http%3A%2F%2Fwww.ents-bbs.org%2Fviewtopic.php%3Ff%3D105%26t%3D8475%26sid%3D790ff9aec04a19dc89f8f501cf95fd51","N"
"Tuliptree","Liriodendron tulipifera","New York","Chautauqua","Canadaway Creek","","","","","263237","1","","","","Public - state","106.2'","Clinometer/laser rangefinder/sine","6.4'","77''","","","Erik Danielson","2016-02-18","http%3A%2F%2Fwww.ents-bbs.org%2Fviewtopic.php%3Ff%3D105%26t%3D8475%26sid%3D790ff9aec04a19dc89f8f501cf95fd51","N"
"Tuliptree","Liriodendron tulipifera","New York","Chautauqua","Canadaway Creek","","","","","262244","1","","","","Public - state","110.0'","Clinometer/laser rangefinder/sine","6.8'","82''","","","Erik Danielson","2019-01-17","http%3A%2F%2Fwww.ents-bbs.org%2Fviewtopic.php%3Ff%3D105%26t%3D8475%26sid%3D790ff9aec04a19dc89f8f501cf95fd51","N"
"Tuliptree","Liriodendron tulipifera","New York","Chautauqua","Canadaway Creek","","","","","263236","1","","","","Public - state","111.3'","Clinometer/laser rangefinder/sine","","","","","Erik Danielson","2016-02-18","http%3A%2F%2Fwww.ents-bbs.org%2Fviewtopic.php%3Ff%3D105%26t%3D8475%26sid%3D790ff9aec04a19dc89f8f501cf95fd51","N"
"Tuliptree","Liriodendron tulipifera","New York","Chautauqua","Canadaway Creek","","","","","263235","1","","","","Public - state","113.5'","Clinometer/laser rangefinder/sine","7.1'","85''","","","Erik Danielson","2016-02-18","http%3A%2F%2Fwww.ents-bbs.org%2Fviewtopic.php%3Ff%3D105%26t%3D8475%26sid%3D790ff9aec04a19dc89f8f501cf95fd51","N"
"Tuliptree","Liriodendron tulipifera","New York","Chautauqua","Canadaway Creek","","","","","263234","1","","","","Public - state","116.7'","Clinometer/laser rangefinder/sine","","","","","Erik Danielson","2016-02-18","http%3A%2F%2Fwww.ents-bbs.org%2Fviewtopic.php%3Ff%3D105%26t%3D8475%26sid%3D790ff9aec04a19dc89f8f501cf95fd51","N"
"Tuliptree","Liriodendron tulipifera","New York","Chautauqua","Canadaway Creek","","","","","262243","1","","","","Public - state","117.5'","Clinometer/laser rangefinder/sine","10.4'","125''","","","Erik Danielson","2019-01-17","http%3A%2F%2Fwww.ents-bbs.org%2Fviewtopic.php%3Ff%3D105%26t%3D8475%26sid%3D790ff9aec04a19dc89f8f501cf95fd51","N"
"Tuliptree","Liriodendron tulipifera","New York","Chautauqua","Canadaway Creek","","","","","263233","1","","","","Public - state","120.9'","Clinometer/laser rangefinder/sine","8.5'","102''","","","Erik Danielson","2016-02-18","http%3A%2F%2Fwww.ents-bbs.org%2Fviewtopic.php%3Ff%3D105%26t%3D8475%26sid%3D790ff9aec04a19dc89f8f501cf95fd51","N"
"Tuliptree","Liriodendron tulipifera","New York","Chautauqua","Canadaway Creek","","","","","263232","1","","","","Public - state","129.0'","Clinometer/laser rangefinder/sine","8.3'","100''","","","Erik Danielson","2016-02-18","http%3A%2F%2Fwww.ents-bbs.org%2Fviewtopic.php%3Ff%3D105%26t%3D8475%26sid%3D790ff9aec04a19dc89f8f501cf95fd51","N"
"Tuliptree","Liriodendron tulipifera","New York","Chautauqua","Canadaway Creek","","","","","263208","1","","","","Public - state","129.8'","Clinometer/laser rangefinder/sine","8.7'","104''","","","Erik Danielson","2016-02-18","http%3A%2F%2Fwww.ents-bbs.org%2Fviewtopic.php%3Ff%3D105%26t%3D8475%26sid%3D790ff9aec04a19dc89f8f501cf95fd51","N"
"Tuliptree","Liriodendron tulipifera","New York","Chautauqua","Canadaway Creek","","","","","263207","1","","","","Public - state","134.1'","Clinometer/laser rangefinder/sine","","","","","Erik Danielson","2016-02-18","http%3A%2F%2Fwww.ents-bbs.org%2Fviewtopic.php%3Ff%3D105%26t%3D8475%26sid%3D790ff9aec04a19dc89f8f501cf95fd51","N"
"Tuliptree","Liriodendron tulipifera","New York","Chautauqua","Chautauqua Creek Gorge","","","Trees measured during visits on 2/9/2019, 3/6/2019","","264159","1","","","","Public - state","123.0'","Clinometer/laser rangefinder/sine","","","","","Erik Danielson","2018-05-26","http%3A%2F%2Fwww.ents-bbs.org%2Fviewtopic.php%3Ff%3D105%26t%3D8107%26start%3D10%26sid%3D147272388024481ad73b800144c5c8ae","N"
"Tuliptree","Liriodendron tulipifera","New York","Chautauqua","Chautauqua Creek Gorge","","","Trees measured during visits on 2/9/2019, 3/6/2019","","264205","1","","","","Public - state","123.5'","Clinometer/laser rangefinder/sine","7.7'","92''","","","Erik Danielson","2018-05-26","http%3A%2F%2Fwww.ents-bbs.org%2Fviewtopic.php%3Ff%3D105%26t%3D8107%26start%3D10%26sid%3D147272388024481ad73b800144c5c8ae","N"
"Tuliptree","Liriodendron tulipifera","New York","Chautauqua","Chautauqua Creek Gorge","","","Trees measured during visits on 2/9/2019, 3/6/2019","","264158","1","","","","Public - state","124.5'","Clinometer/laser rangefinder/sine","","","","","Erik Danielson","2018-05-26","http%3A%2F%2Fwww.ents-bbs.org%2Fviewtopic.php%3Ff%3D105%26t%3D8107%26start%3D10%26sid%3D147272388024481ad73b800144c5c8ae","N"
"Tuliptree","Liriodendron tulipifera","New York","Chautauqua","Chautauqua Creek Gorge","","","Trees measured during visits on 2/9/2019, 3/6/2019","","264157","1","","","","Public - state","126.0'","Clinometer/laser rangefinder/sine","","","","","Erik Danielson","2018-05-26","http%3A%2F%2Fwww.ents-bbs.org%2Fviewtopic.php%3Ff%3D105%26t%3D8107%26start%3D10%26sid%3D147272388024481ad73b800144c5c8ae","N"
"Tuliptree","Liriodendron tulipifera","New York","Chautauqua","Chautauqua Creek Gorge","","","Trees measured during visits on 2/9/2019, 3/6/2019","","264156","1","","","","Public - state","132.5'","Clinometer/laser rangefinder/sine","","","","","Erik Danielson","2018-05-26","http%3A%2F%2Fwww.ents-bbs.org%2Fviewtopic.php%3Ff%3D105%26t%3D8107%26start%3D10%26sid%3D147272388024481ad73b800144c5c8ae","N"
"Tuliptree","Liriodendron tulipifera","New York","Chautauqua","Chautauqua Creek Gorge","","","Trees measured during visits on 2/9/2019, 3/6/2019","","264119","1","","","","Public - state","133.5'","Clinometer/laser rangefinder/sine","7.8'","94''","","","Erik Danielson","2019-03-06","http%3A%2F%2Fwww.ents-bbs.org%2Fviewtopic.php%3Ff%3D105%26t%3D8107%26start%3D10%26sid%3D147272388024481ad73b800144c5c8ae","N"
"Tuliptree","Liriodendron tulipifera","New York","Chautauqua","Chautauqua Creek Gorge","","","Trees measured during visits on 2/9/2019, 3/6/2019","","264204","1","","","","Public - state","135.0'","Clinometer/laser rangefinder/sine","","","","","Erik Danielson","2018-05-26","http%3A%2F%2Fwww.ents-bbs.org%2Fviewtopic.php%3Ff%3D105%26t%3D8107%26start%3D10%26sid%3D147272388024481ad73b800144c5c8ae","N"
"Tuliptree","Liriodendron tulipifera","New York","Chautauqua","Chautauqua Creek Gorge","","","Trees measured during visits on 2/9/2019, 3/6/2019","","264118","1","","","","Public - state","135.5'","Clinometer/laser rangefinder/sine","8.6'","103''","","","Erik Danielson","2019-03-06","http%3A%2F%2Fwww.ents-bbs.org%2Fviewtopic.php%3Ff%3D105%26t%3D8107%26start%3D10%26sid%3D147272388024481ad73b800144c5c8ae","N"
"Tuliptree","Liriodendron tulipifera","New York","Chautauqua","Chautauqua Creek Gorge","","","Trees measured during visits on 2/9/2019, 3/6/2019","","264183","1","","","","Public - state","135.5'","Clinometer/laser rangefinder/sine","8.5'","102''","","","Erik Danielson","2018-05-26","http%3A%2F%2Fwww.ents-bbs.org%2Fviewtopic.php%3Ff%3D105%26t%3D8107%26start%3D10%26sid%3D147272388024481ad73b800144c5c8ae","N"
"Tuliptree","Liriodendron tulipifera","New York","Chautauqua","Chautauqua Creek Gorge","","","Trees measured during visits on 2/9/2019, 3/6/2019","","264155","1","","","","Public - state","137.0'","Clinometer/laser rangefinder/sine","","","","","Erik Danielson","2018-05-26","http%3A%2F%2Fwww.ents-bbs.org%2Fviewtopic.php%3Ff%3D105%26t%3D8107%26start%3D10%26sid%3D147272388024481ad73b800144c5c8ae","N"
"Tuliptree","Liriodendron tulipifera","New York","Chautauqua","Chautauqua Creek Gorge","","","Trees measured during visits on 2/9/2019, 3/6/2019","","264117","1","","","","Public - state","139.3'","Clinometer/laser rangefinder/sine","","","","","Erik Danielson","2019-03-06","http%3A%2F%2Fwww.ents-bbs.org%2Fviewtopic.php%3Ff%3D105%26t%3D8107%26start%3D10%26sid%3D147272388024481ad73b800144c5c8ae","N"
"Tuliptree","Liriodendron tulipifera","New York","Chautauqua","Chautauqua Creek Gorge","","","Trees measured during visits on 2/9/2019, 3/6/2019","","264173","1","","","","Public - state","140.9'","Clinometer/laser rangefinder/sine","7.0'","84''","","","Erik Danielson","2018-05-26","http%3A%2F%2Fwww.ents-bbs.org%2Fviewtopic.php%3Ff%3D105%26t%3D8107%26start%3D10%26sid%3D147272388024481ad73b800144c5c8ae","N"
"Tuliptree","Liriodendron tulipifera","New York","Chautauqua","Chautauqua Creek Gorge","","","Trees measured during visits on 2/9/2019, 3/6/2019","","264172","1","","","","Public - state","141.0'","Clinometer/laser rangefinder/sine","8.1'","97''","","","Erik Danielson","2018-05-26","http%3A%2F%2Fwww.ents-bbs.org%2Fviewtopic.php%3Ff%3D105%26t%3D8107%26start%3D10%26sid%3D147272388024481ad73b800144c5c8ae","N"
"Tuliptree","Liriodendron tulipifera","New York","Chautauqua","Chautauqua Creek Gorge","","","Trees measured during visits on 2/9/2019, 3/6/2019","","264116","1","","","","Public - state","145.5'","Clinometer/laser rangefinder/sine","6.9'","83''","","","Erik Danielson","2019-03-06","http%3A%2F%2Fwww.ents-bbs.org%2Fviewtopic.php%3Ff%3D105%26t%3D8107%26start%3D10%26sid%3D147272388024481ad73b800144c5c8ae","N"
"Tuliptree","Liriodendron tulipifera","New York","Chautauqua","Fredonia College (SUNY) Woodlot","","","","","258940","1","","","","Public - state","106.8'","Clinometer/laser rangefinder/sine","8.8'","106''","","","Erik Danielson","2016-01-03","http%3A%2F%2Fwww.ents-bbs.org%2Fviewtopic.php%3Ff%3D105%26t%3D7439%26sid%3D09816f915ab8eb7380e5089116daacfd","N"
"Tuliptree","Liriodendron tulipifera","New York","Chautauqua","Fredonia College (SUNY) Woodlot","","","","","258939","1","","","","Public - state","108.7'","Clinometer/laser rangefinder/sine","8.2'","98''","","","Erik Danielson","2016-01-03","http%3A%2F%2Fwww.ents-bbs.org%2Fviewtopic.php%3Ff%3D105%26t%3D7439%26sid%3D09816f915ab8eb7380e5089116daacfd","N"
"Tuliptree","Liriodendron tulipifera","New York","Chautauqua","Fredonia College (SUNY) Woodlot","","","","","258938","1","","","","Public - state","112.4'","Clinometer/laser rangefinder/sine","8.7'","104''","","","Erik Danielson","2016-01-03","http%3A%2F%2Fwww.ents-bbs.org%2Fviewtopic.php%3Ff%3D105%26t%3D7439%26sid%3D09816f915ab8eb7380e5089116daacfd","N"
"Tuliptree","Liriodendron tulipifera","New York","Chautauqua","Fredonia College (SUNY) Woodlot","","","","","258937","1","","","","Public - state","116.0'","Clinometer/laser rangefinder/sine","12.8'","154''","","","Erik Danielson","2016-01-03","http%3A%2F%2Fwww.ents-bbs.org%2Fviewtopic.php%3Ff%3D105%26t%3D7439%26sid%3D09816f915ab8eb7380e5089116daacfd","N"
"Tuliptree","Liriodendron tulipifera","New York","Chautauqua","Fredonia College (SUNY) Woodlot","","","","","258936","1","","","","Public - state","117.9'","Clinometer/laser rangefinder/sine","","","","","Erik Danielson","2016-01-03","http%3A%2F%2Fwww.ents-bbs.org%2Fviewtopic.php%3Ff%3D105%26t%3D7439%26sid%3D09816f915ab8eb7380e5089116daacfd","N"
"Tuliptree","Liriodendron tulipifera","New York","Chautauqua","Long Point State Park","","","","","242723","1","","","","Public - state","103.5'","Clinometer/laser rangefinder/sine","7.4'","89''","","","Dale Luthringer, Bruce Kershner, Gerry Horowitz","2006-05-07","http%3A%2F%2Fwww.ents-bbs.org%2Fviewtopic.php%3Ff%3D105%26t%3D8077%26sid%3D6b0f6b34c4c50c35d114e981206bd7cd","N"
"Tuliptree","Liriodendron tulipifera","New York","Chautauqua","Long Point State Park","","","","","242724","1","","","","Public - state","104.8'","Clinometer/laser rangefinder/sine","10.3'","124''","","","Dale Luthringer, Bruce Kershner, Gerry Horowitz","2006-05-07","http%3A%2F%2Fwww.ents-bbs.org%2Fviewtopic.php%3Ff%3D105%26t%3D8077%26sid%3D6b0f6b34c4c50c35d114e981206bd7cd","N"
"Tuliptree","Liriodendron tulipifera","New York","Chautauqua","Long Point State Park","","","","","242725","1","","","","Public - state","126.5'","Clinometer/laser rangefinder/sine","9.7'","116''","","","Dale Luthringer, Bruce Kershner, Gerry Horowitz","2006-05-07","http%3A%2F%2Fwww.ents-bbs.org%2Fviewtopic.php%3Ff%3D105%26t%3D8077%26sid%3D6b0f6b34c4c50c35d114e981206bd7cd","N"
"Tuliptree","Liriodendron tulipifera","New York","Columbia","Clermont State Historic Site","","","","","186054","1","","","","Public","116.8'","Clinometer/laser rangefinder/sine","15.9'","191''","","","Elijah Whitcomb","2019-03-17","","N"
"Tuliptree","Liriodendron tulipifera","New York","Columbia","Clermont State Historic Site","","","","","186053","1","","","","Public","127.2'","Clinometer/laser rangefinder/sine","","","","","Elijah Whitcomb","2019-03-17","","N"
"Tuliptree","Liriodendron tulipifera","New York","Columbia","Clermont State Historic Site","","","","","186052","1","","","","Public","131.5'","Clinometer/laser rangefinder/sine","11.2'","134''","","","Elijah Whitcomb","2019-03-17","","N"
"Tuliptree","Liriodendron tulipifera","New York","Dutchess","Corbin Hill","41 35.908","-073 35.638","80-120 year old regrowth with very small remnant old growth patch.  Site is dominated by eastern hemlock, tuliptree, black birch, yellow birch and northern red oak.","","169242","1","41 35.908","-073 35.638","460.0 ft","Public","130.1'","Clinometer/laser rangefinder/sine","7.8'","93''","","Tallest accurately measured tuliptree in eastern New York outside of Hudson River watershed and north of Westchester County.","Joshua Harkness","2018-11-29","","N"
"Tuliptree","Liriodendron tulipifera","New York","Dutchess","Franklin D. Roosevelt Presidential Library & Museum","","","","","186245","1","","","","Public","139.2'","Clinometer/laser rangefinder/sine","16.2'","194''","","","Elijah Whitcomb","2019-02-24","","N"
"Tuliptree","Liriodendron tulipifera","New York","Dutchess","Franklin D. Roosevelt Presidential Library & Museum","","","","","186239","1","","","","Public","146.7'","Clinometer/laser rangefinder/sine","","","","","Elijah Whitcomb","2019-02-24","","N"
"Tuliptree","Liriodendron tulipifera","New York","Dutchess","Hudson Highlands, Gordon Brook","","","","","185988","1","","","","Public","139.0'","Clinometer/laser rangefinder/sine","","","","","Elijah Whitcomb","2019-04-14","","N"
"Tuliptree","Liriodendron tulipifera","New York","Dutchess","Montgomery Place Historic Estate","","","380 acres
Trees measured 2/11/2o19, 4/8/2019","","262676","1","","","","Public-Private","141.5'","Clinometer/laser rangefinder/sine","9.5'","114''","","","Elijah Whitcomb, Erik Danielson","2017-05-16","http%3A%2F%2Fwww.ents-bbs.org%2Fviewtopic.php%3Ff%3D105%26t%3D8017%26sid%3Debe5f44155303a2b87efa82bb19eee69","N"
"Tuliptree","Liriodendron tulipifera","New York","Dutchess","Staatsburgh State Historical Site","","","192 acres. It is part of the Mills-Norrie State Park complex with an additional 988 acres.","","261818","1","","","","Public - state","130.8'","Clinometer/laser rangefinder/sine","10.3'","124''","","","Elijah Whitcomb","2018-08-10","http%3A%2F%2Fwww.ents-bbs.org%2Fviewtopic.php%3Ff%3D105%26t%3D8249%26sid%3D7ec1593281317737acda18ab545581a7","N"
"Tuliptree","Liriodendron tulipifera","New York","Dutchess","Vanderbilt Estate At Hyde Park","","","","","186275","1","","","","Public","146.7'","Clinometer/laser rangefinder/sine","9.0'","108''","","","Elijah Whitcomb","2019-02-11","","N"
"Tuliptree","Liriodendron tulipifera","New York","Dutchess","Vanderbilt Estate At Hyde Park","","","","","186279","1","","","","Public","147.5'","Clinometer/laser rangefinder/sine","14.1'","169''","","","Elijah Whitcomb","2019-02-11","","N"
"Tuliptree","Liriodendron tulipifera","New York","Dutchess","Vanderbilt Estate At Hyde Park","","","","","186271","1","","","","Public","148.3'","Clinometer/laser rangefinder/sine","13.5'","162''","","","Elijah Whitcomb","2019-02-11","","N"
"Tuliptree","Liriodendron tulipifera","New York","Dutchess","Vanderbilt Estate At Hyde Park","","","","","186269","1","","","","Public","150.3'","Clinometer/laser rangefinder/sine","12.8'","153''","","","Elijah Whitcomb","2019-02-11","","N"
"Tuliptree","Liriodendron tulipifera","New York","Dutchess","Vanderbilt Estate At Hyde Park","","","","","186268","1","","","","Public","151.1'","Clinometer/laser rangefinder/sine","15.0'","180''","","","Elijah Whitcomb","2019-02-11","","N"
"Tuliptree","Liriodendron tulipifera","New York","Dutchess","Vanderbilt Estate At Hyde Park","","","","","186274","1","","","","Public","151.8'","Clinometer/laser rangefinder/sine","11.5'","138''","","","Elijah Whitcomb","2019-02-11","","N"
"Tuliptree","Liriodendron tulipifera","New York","Dutchess","Vanderbilt Estate At Hyde Park","","","","","186273","1","","","","Public","152.6'","Clinometer/laser rangefinder/sine","12.5'","150''","","","Elijah Whitcomb","2019-02-11","","N"
"Tuliptree","Liriodendron tulipifera","New York","Dutchess","Vanderbilt Estate At Hyde Park","","","","","186270","1","","","","Public","153.3'","Clinometer/laser rangefinder/sine","12.1'","145''","","","Elijah Whitcomb","2019-02-11","","N"
"Tuliptree","Liriodendron tulipifera","New York","Dutchess","Vanderbilt Estate At Hyde Park","","","","","186277","1","","","","Public","154.8'","Clinometer/laser rangefinder/sine","9.6'","115''","","","Elijah Whitcomb","2019-02-11","","N"
"Tuliptree","Liriodendron tulipifera","New York","Dutchess","Vanderbilt Estate At Hyde Park","","","","","186278","1","","","","Public","155.1'","Clinometer/laser rangefinder/sine","10.9'","131''","","","Elijah Whitcomb","2019-02-11","","N"
"Tuliptree","Liriodendron tulipifera","New York","Dutchess","Vanderbilt Estate At Hyde Park","","","","","186272","1","","","","Public","156.2'","Clinometer/laser rangefinder/sine","10.5'","126''","","","Elijah Whitcomb","2019-02-11","","N"
"Tuliptree","Liriodendron tulipifera","New York","Dutchess","Vanderbilt Estate At Hyde Park","","","","","186276","1","","","","Public","156.7'","Clinometer/laser rangefinder/sine","11.1'","133''","","","Elijah Whitcomb","2019-02-11","","N"
"Tuliptree","Liriodendron tulipifera","New York","Dutchess","Vanderbilt Estate At Hyde Park","","","","","186267","1","","","","Public","157.6'","Clinometer/laser rangefinder/sine","11.8'","142''","","","Elijah Whitcomb","2019-02-11","","N"
"Tuliptree","Liriodendron tulipifera","New York","Erie","Zoar Valley - North Rim","","","Two feet of snow cover may have affected tree height calculation.","","275151","1","","","","Public - state","135.5'","Clinometer/laser rangefinder/sine","10.8'","130''","","","Erik Danielson","2018-02-11","http%3A%2F%2Fwww.ents-bbs.org%2Fviewtopic.php%3Ff%3D105%26t%3D8200%26sid%3Ddb13fd70bc49170bba0fb52260ebd1e8%23p41321","N"
"Tuliptree","Liriodendron tulipifera","New York","Erie","Zoar Valley - North Rim","","","Two feet of snow cover may have affected tree height calculation.","","275150","1","","","","Public - state","142.0'","Clinometer/laser rangefinder/sine","11.1'","133''","","","Erik Danielson","2018-02-11","http%3A%2F%2Fwww.ents-bbs.org%2Fviewtopic.php%3Ff%3D105%26t%3D8200%26sid%3Ddb13fd70bc49170bba0fb52260ebd1e8%23p41321","N"
"Tuliptree","Liriodendron tulipifera","New York","Manhattan","Inwood Hill Park","","","Trees were measured during a series of visits between 12/20/2015 and 4/08/2016","","259924","1","","","","Public - city","12.0'","Clinometer/laser rangefinder/sine","","","","","Erik Danielson","2016-04-08","http%3A%2F%2Fwww.ents-bbs.org%2Fviewtopic.php%3Ff%3D105%26t%3D7396%26sid%3D82c231524f625f1e32dd5d64e14763f8","N"
"Tuliptree","Liriodendron tulipifera","New York","Manhattan","Inwood Hill Park","","","Trees were measured during a series of visits between 12/20/2015 and 4/08/2016","","259947","1","","","","Public - city","12.1'","Clinometer/laser rangefinder/sine","","","","","Erik Danielson","2016-04-08","http%3A%2F%2Fwww.ents-bbs.org%2Fviewtopic.php%3Ff%3D105%26t%3D7396%26sid%3D82c231524f625f1e32dd5d64e14763f8","N"
"Tuliptree","Liriodendron tulipifera","New York","Manhattan","Inwood Hill Park","","","Trees were measured during a series of visits between 12/20/2015 and 4/08/2016","","259987","1","","","","Public - city","128.9'","Clinometer/laser rangefinder/sine","12.7'","152''","","","Erik Danielson","2016-04-08","http%3A%2F%2Fwww.ents-bbs.org%2Fviewtopic.php%3Ff%3D105%26t%3D7396%26sid%3D82c231524f625f1e32dd5d64e14763f8","N"
"Tuliptree","Liriodendron tulipifera","New York","Manhattan","Inwood Hill Park","","","Trees were measured during a series of visits between 12/20/2015 and 4/08/2016","","259927","1","","","","Public - city","138.4'","Clinometer/laser rangefinder/sine","11.5'","138''","","","Erik Danielson","2016-04-08","http%3A%2F%2Fwww.ents-bbs.org%2Fviewtopic.php%3Ff%3D105%26t%3D7396%26sid%3D82c231524f625f1e32dd5d64e14763f8","N"
"Tuliptree","Liriodendron tulipifera","New York","Manhattan","Inwood Hill Park","","","Trees were measured during a series of visits between 12/20/2015 and 4/08/2016","","259951","1","","","","Public - city","138.4'","Clinometer/laser rangefinder/sine","","","","","Erik Danielson","2016-04-08","http%3A%2F%2Fwww.ents-bbs.org%2Fviewtopic.php%3Ff%3D105%26t%3D7396%26sid%3D82c231524f625f1e32dd5d64e14763f8","N"
"Tuliptree","Liriodendron tulipifera","New York","Manhattan","Inwood Hill Park","","","Trees were measured during a series of visits between 12/20/2015 and 4/08/2016","","259926","1","","","","Public - city","140.1'","Clinometer/laser rangefinder/sine","","","","","Erik Danielson","2016-04-08","http%3A%2F%2Fwww.ents-bbs.org%2Fviewtopic.php%3Ff%3D105%26t%3D7396%26sid%3D82c231524f625f1e32dd5d64e14763f8","N"
"Tuliptree","Liriodendron tulipifera","New York","Manhattan","Inwood Hill Park","","","Trees were measured during a series of visits between 12/20/2015 and 4/08/2016","","259950","1","","","","Public - city","141.2'","Clinometer/laser rangefinder/sine","","","","","Erik Danielson","2016-04-08","http%3A%2F%2Fwww.ents-bbs.org%2Fviewtopic.php%3Ff%3D105%26t%3D7396%26sid%3D82c231524f625f1e32dd5d64e14763f8","N"
"Tuliptree","Liriodendron tulipifera","New York","Manhattan","Inwood Hill Park","","","Trees were measured during a series of visits between 12/20/2015 and 4/08/2016","","259986","1","","","","Public - city","142.4'","Clinometer/laser rangefinder/sine","8.8'","106''","","","Erik Danielson","2016-04-08","http%3A%2F%2Fwww.ents-bbs.org%2Fviewtopic.php%3Ff%3D105%26t%3D7396%26sid%3D82c231524f625f1e32dd5d64e14763f8","N"
"Tuliptree","Liriodendron tulipifera","New York","Manhattan","Inwood Hill Park","","","Trees were measured during a series of visits between 12/20/2015 and 4/08/2016","","259925","1","","","","Public - city","143.4'","Clinometer/laser rangefinder/sine","","","","","Erik Danielson","2016-04-08","http%3A%2F%2Fwww.ents-bbs.org%2Fviewtopic.php%3Ff%3D105%26t%3D7396%26sid%3D82c231524f625f1e32dd5d64e14763f8","N"
"Tuliptree","Liriodendron tulipifera","New York","Manhattan","Inwood Hill Park","","","Trees were measured during a series of visits between 12/20/2015 and 4/08/2016","","259923","1","","","","Public - city","143.6'","Clinometer/laser rangefinder/sine","16.4'","197''","","","Erik Danielson","2016-04-08","http%3A%2F%2Fwww.ents-bbs.org%2Fviewtopic.php%3Ff%3D105%26t%3D7396%26sid%3D82c231524f625f1e32dd5d64e14763f8","N"
"Tuliptree","Liriodendron tulipifera","New York","Manhattan","Inwood Hill Park","","","Trees were measured during a series of visits between 12/20/2015 and 4/08/2016","","259949","1","","","","Public - city","143.7'","Clinometer/laser rangefinder/sine","","","","","Erik Danielson","2016-04-08","http%3A%2F%2Fwww.ents-bbs.org%2Fviewtopic.php%3Ff%3D105%26t%3D7396%26sid%3D82c231524f625f1e32dd5d64e14763f8","N"
"Tuliptree","Liriodendron tulipifera","New York","Manhattan","Inwood Hill Park","","","Trees were measured during a series of visits between 12/20/2015 and 4/08/2016","","259948","1","","","","Public - city","144.9'","Clinometer/laser rangefinder/sine","","","","","Erik Danielson","2016-04-08","http%3A%2F%2Fwww.ents-bbs.org%2Fviewtopic.php%3Ff%3D105%26t%3D7396%26sid%3D82c231524f625f1e32dd5d64e14763f8","N"
"Tuliptree","Liriodendron tulipifera","New York","Manhattan","Inwood Hill Park","","","Trees were measured during a series of visits between 12/20/2015 and 4/08/2016","","259980","1","","","","Public - city","145.0'","Clinometer/laser rangefinder/sine","12.1'","145''","","","Erik Danielson","2016-04-08","http%3A%2F%2Fwww.ents-bbs.org%2Fviewtopic.php%3Ff%3D105%26t%3D7396%26sid%3D82c231524f625f1e32dd5d64e14763f8","N"
"Tuliptree","Liriodendron tulipifera","New York","Manhattan","Inwood Hill Park","","","Trees were measured during a series of visits between 12/20/2015 and 4/08/2016","","259922","1","","","","Public - city","145.5'","Clinometer/laser rangefinder/sine","12.7'","152''","","","Erik Danielson","2016-04-08","http%3A%2F%2Fwww.ents-bbs.org%2Fviewtopic.php%3Ff%3D105%26t%3D7396%26sid%3D82c231524f625f1e32dd5d64e14763f8","N"
"Tuliptree","Liriodendron tulipifera","New York","Manhattan","Inwood Hill Park","","","Trees were measured during a series of visits between 12/20/2015 and 4/08/2016","","259946","1","","","","Public - city","145.5'","Clinometer/laser rangefinder/sine","13.8'","166''","","","Erik Danielson","2016-04-08","http%3A%2F%2Fwww.ents-bbs.org%2Fviewtopic.php%3Ff%3D105%26t%3D7396%26sid%3D82c231524f625f1e32dd5d64e14763f8","N"
"Tuliptree","Liriodendron tulipifera","New York","Manhattan","Inwood Hill Park","","","Trees were measured during a series of visits between 12/20/2015 and 4/08/2016","","260017","1","","","","Public - city","145.8'","Clinometer/laser rangefinder/sine","","","","","Erik Danielson","2016-04-08","http%3A%2F%2Fwww.ents-bbs.org%2Fviewtopic.php%3Ff%3D105%26t%3D7396%26sid%3D82c231524f625f1e32dd5d64e14763f8","N"
"Tuliptree","Liriodendron tulipifera","New York","Manhattan","Inwood Hill Park","","","Trees were measured during a series of visits between 12/20/2015 and 4/08/2016","","259985","1","","","","Public - city","146.0'","Clinometer/laser rangefinder/sine","11.7'","140''","","","Erik Danielson","2016-04-08","http%3A%2F%2Fwww.ents-bbs.org%2Fviewtopic.php%3Ff%3D105%26t%3D7396%26sid%3D82c231524f625f1e32dd5d64e14763f8","N"
"Tuliptree","Liriodendron tulipifera","New York","Manhattan","Inwood Hill Park","","","Trees were measured during a series of visits between 12/20/2015 and 4/08/2016","","260016","1","","","","Public - city","146.0'","Clinometer/laser rangefinder/sine","10.7'","128''","","","Erik Danielson","2016-04-08","http%3A%2F%2Fwww.ents-bbs.org%2Fviewtopic.php%3Ff%3D105%26t%3D7396%26sid%3D82c231524f625f1e32dd5d64e14763f8","N"
"Tuliptree","Liriodendron tulipifera","New York","Manhattan","Inwood Hill Park","","","Trees were measured during a series of visits between 12/20/2015 and 4/08/2016","","259921","1","","","","Public - city","147.4'","Clinometer/laser rangefinder/sine","","","","","Erik Danielson","2016-04-08","http%3A%2F%2Fwww.ents-bbs.org%2Fviewtopic.php%3Ff%3D105%26t%3D7396%26sid%3D82c231524f625f1e32dd5d64e14763f8","N"
"Tuliptree","Liriodendron tulipifera","New York","Manhattan","Inwood Hill Park","","","Trees were measured during a series of visits between 12/20/2015 and 4/08/2016","","259945","1","","","","Public - city","147.4'","Clinometer/laser rangefinder/sine","16.4'","197''","","","Erik Danielson","2016-04-08","http%3A%2F%2Fwww.ents-bbs.org%2Fviewtopic.php%3Ff%3D105%26t%3D7396%26sid%3D82c231524f625f1e32dd5d64e14763f8","N"
"Tuliptree","Liriodendron tulipifera","New York","Manhattan","Inwood Hill Park","","","Trees were measured during a series of visits between 12/20/2015 and 4/08/2016","","259920","1","","","","Public - city","147.5'","Clinometer/laser rangefinder/sine","","","","","Erik Danielson","2016-04-08","http%3A%2F%2Fwww.ents-bbs.org%2Fviewtopic.php%3Ff%3D105%26t%3D7396%26sid%3D82c231524f625f1e32dd5d64e14763f8","N"
"Tuliptree","Liriodendron tulipifera","New York","Manhattan","Inwood Hill Park","","","Trees were measured during a series of visits between 12/20/2015 and 4/08/2016","","259984","1","","","","Public - city","148.5'","Clinometer/laser rangefinder/sine","12.1'","145''","","","Erik Danielson","2016-04-08","http%3A%2F%2Fwww.ents-bbs.org%2Fviewtopic.php%3Ff%3D105%26t%3D7396%26sid%3D82c231524f625f1e32dd5d64e14763f8","N"
"Tuliptree","Liriodendron tulipifera","New York","Manhattan","Inwood Hill Park","","","Trees were measured during a series of visits between 12/20/2015 and 4/08/2016","","260030","1","","","","Public - city","148.8'","Clinometer/laser rangefinder/sine","10.7'","128''","","","Erik Danielson","2016-04-08","http%3A%2F%2Fwww.ents-bbs.org%2Fviewtopic.php%3Ff%3D105%26t%3D7396%26sid%3D82c231524f625f1e32dd5d64e14763f8","N"
"Tuliptree","Liriodendron tulipifera","New York","Manhattan","Inwood Hill Park","","","Trees were measured during a series of visits between 12/20/2015 and 4/08/2016","","259943","1","","","","Public - city","149.4'","Clinometer/laser rangefinder/sine","12.6'","151''","","","Erik Danielson","2016-04-08","http%3A%2F%2Fwww.ents-bbs.org%2Fviewtopic.php%3Ff%3D105%26t%3D7396%26sid%3D82c231524f625f1e32dd5d64e14763f8","N"
"Tuliptree","Liriodendron tulipifera","New York","Manhattan","Inwood Hill Park","","","Trees were measured during a series of visits between 12/20/2015 and 4/08/2016","","259944","1","","","","Public - city","150.7'","Clinometer/laser rangefinder/sine","8.9'","107''","","","Erik Danielson","2016-04-08","http%3A%2F%2Fwww.ents-bbs.org%2Fviewtopic.php%3Ff%3D105%26t%3D7396%26sid%3D82c231524f625f1e32dd5d64e14763f8","N"
"Tuliptree","Liriodendron tulipifera","New York","Manhattan","Inwood Hill Park","","","Trees were measured during a series of visits between 12/20/2015 and 4/08/2016","","259919","1","","","","Public - city","150.8'","Clinometer/laser rangefinder/sine","","","","","Erik Danielson","2016-04-08","http%3A%2F%2Fwww.ents-bbs.org%2Fviewtopic.php%3Ff%3D105%26t%3D7396%26sid%3D82c231524f625f1e32dd5d64e14763f8","N"
"Tuliptree","Liriodendron tulipifera","New York","Manhattan","Inwood Hill Park","","","Trees were measured during a series of visits between 12/20/2015 and 4/08/2016","","259942","1","","","","Public - city","151.2'","Clinometer/laser rangefinder/sine","11.2'","134''","","","Erik Danielson","2016-04-08","http%3A%2F%2Fwww.ents-bbs.org%2Fviewtopic.php%3Ff%3D105%26t%3D7396%26sid%3D82c231524f625f1e32dd5d64e14763f8","N"
"Tuliptree","Liriodendron tulipifera","New York","Manhattan","Inwood Hill Park","","","Trees were measured during a series of visits between 12/20/2015 and 4/08/2016","","260046","1","","","","Public - city","151.2'","Clinometer/laser rangefinder/sine","16.4'","197''","","Previous measurement was 150' x 192""","Erik Danielson","2016-04-08","http%3A%2F%2Fwww.ents-bbs.org%2Fviewtopic.php%3Ff%3D105%26t%3D7396%26sid%3D82c231524f625f1e32dd5d64e14763f8","N"
"Tuliptree","Liriodendron tulipifera","New York","Monroe","Abraham Lincoln Park","43 11.082","-077 30.946","","","323078","1","43 11.082","-077 30.946","","Public","150.6'","Clinometer/laser rangefinder/sine","11.6'","139''","","","Elijah Whitcomb","2025-12-26","","N"
"Tuliptree","Liriodendron tulipifera","New York","Monroe","Durand Eastman Park","","","","","281813","1","","","","Public","136.8'","Clinometer/laser rangefinder/sine","8.9'","107''","","","Elijah Whitcomb","2020-10-05","","N"
"Tuliptree","Liriodendron tulipifera","New York","Monroe","Durand Eastman Park","","","","","281814","1","","","","Public","137.4'","Clinometer/laser rangefinder/sine","","","","","Elijah Whitcomb","2020-10-05","","N"
"Tuliptree","Liriodendron tulipifera","New York","Monroe","Durand Eastman Park","","","","","281815","1","","","","Public","143.4'","Clinometer/laser rangefinder/sine","","","","","Elijah Whitcomb","2020-10-05","","N"
"Tuliptree","Liriodendron tulipifera","New York","Monroe","Durand Eastman Park","","","","","281868","1","","","","Public","150.1'","Clinometer/laser rangefinder/sine","","","","","Elijah Whitcomb","2020-10-05","","N"
"Tuliptree","Liriodendron tulipifera","New York","Monroe","Ellison Park","","","","","323123","1","","","","Public","145.2'","Clinometer/laser rangefinder/sine","","","","","Elijah Whitcomb","2025-12-26","http%3A%2F%2Fwww.ents-bbs.org%2Fviewtopic.php%3Ff%3D105%26t%3D7882%26start%3D10","N"
"Tuliptree","Liriodendron tulipifera","New York","Monroe","Ellison Park","","","","","323122","1","","","","Public","148.7'","Clinometer/laser rangefinder/sine","9.4'","113''","","","Elijah Whitcomb","2025-12-26","http%3A%2F%2Fwww.ents-bbs.org%2Fviewtopic.php%3Ff%3D105%26t%3D7882%26start%3D10","N"
"Tuliptree","Liriodendron tulipifera","New York","Monroe","Ellison Park","43 08.560","-077 30.894","","","323144","1","43 08.560","-077 30.894","","Public","157.4'","Clinometer/laser rangefinder/sine","12.2'","146''","","","Elijah Whitcomb","2025-12-26","http%3A%2F%2Fwww.ents-bbs.org%2Fviewtopic.php%3Ff%3D105%26t%3D7882%26start%3D10","N"
"Tuliptree","Liriodendron tulipifera","New York","Monroe","Genessee Valley Park","","","","","189770","1","","","","Public","124.7'","Clinometer/laser rangefinder/sine","10.9'","131''","","","Elijah Whitcomb","2019-04-01","http%3A%2F%2Fwww.ents-bbs.org%2Fviewtopic.php%3Ff%3D105%26t%3D8540","N"
"Tuliptree","Liriodendron tulipifera","New York","Monroe","Gosnell Big Woods Preserve","","","163 Acres","","261369","1","","","","Public-Private","137.3'","Clinometer/laser rangefinder/sine","","","","","Elijah Whitcomb","2017-12-16","http%3A%2F%2Fwww.ents-bbs.org%2Fviewtopic.php%3Ff%3D105%26t%3D8143%26sid%3D34b1f252e0301bfead49f3effe40ffb9","N"
"Tuliptree","Liriodendron tulipifera","New York","Monroe","Gosnell Big Woods Preserve","","","163 Acres","","261368","1","","","","Public-Private","143.0'","Clinometer/laser rangefinder/sine","10.0'","120''","","","Elijah Whitcomb","2017-12-16","http%3A%2F%2Fwww.ents-bbs.org%2Fviewtopic.php%3Ff%3D105%26t%3D8143%26sid%3D34b1f252e0301bfead49f3effe40ffb9","N"
"Tuliptree","Liriodendron tulipifera","New York","Monroe","Gosnell Big Woods Preserve","","","163 Acres","","261367","1","","","","Public-Private","150.1'","Clinometer/laser rangefinder/sine","6.3'","75''","","","Elijah Whitcomb","2017-12-16","http%3A%2F%2Fwww.ents-bbs.org%2Fviewtopic.php%3Ff%3D105%26t%3D8143%26sid%3D34b1f252e0301bfead49f3effe40ffb9","N"
"Tuliptree","Liriodendron tulipifera","New York","Monroe","Hart’S Woods","","","","","186046","1","","","","Public","134.9'","Clinometer/laser rangefinder/sine","","","","","Elijah Whitcomb, Tom Howard","2019-03-24","","N"
"Tuliptree","Liriodendron tulipifera","New York","Monroe","Irondeqouit Bay Park West","","","","","241006","1","","","","Public","142.0'","Clinometer/laser rangefinder/sine","","","","","Elijah Whitcomb","2021-04-05","","N"
"Tuliptree","Liriodendron tulipifera","New York","Monroe","Irondeqouit Bay Park West","","","","","241018","1","","","","Public","146.4'","Clinometer/laser rangefinder/sine","9.3'","112''","","","Elijah Whitcomb","2021-04-05","","N"
"Tuliptree","Liriodendron tulipifera","New York","Monroe","Lucien Morin County Park","","","","","322933","1","","","","Public","139.7'","Clinometer/laser rangefinder/sine","9.7'","116''","","","Elijah Whitcomb","2025-12-26","","N"
"Tuliptree","Liriodendron tulipifera","New York","Monroe","Lucien Morin County Park","","","","","322932","1","","","","Public","142.1'","Clinometer/laser rangefinder/sine","9.6'","115''","","","Elijah Whitcomb","2025-12-26","","N"
"Tuliptree","Liriodendron tulipifera","New York","Monroe","Lucien Morin County Park","","","","","322930","1","","","","Public","144.8'","Clinometer/laser rangefinder/sine","","","","","Elijah Whitcomb","2025-12-26","","N"
"Tuliptree","Liriodendron tulipifera","New York","Monroe","Lucien Morin County Park","","","","","322931","1","","","","Public","147.6'","Clinometer/laser rangefinder/sine","8.4'","101''","","","Elijah Whitcomb","2025-12-26","","N"
"Tuliptree","Liriodendron tulipifera","New York","Monroe","Lucien Morin County Park","","","","","322929","1","","","","Public","150.7'","Clinometer/laser rangefinder/sine","7.2'","86''","","","Elijah Whitcomb","2025-12-26","","N"
"Tuliptree","Liriodendron tulipifera","New York","Monroe","Lucien Morin County Park","","","","","260641","1","","","","Public","154.1'","Clinometer/laser rangefinder/sine","9.1'","109''","","","Elijah Whitcomb","2016-05-22","","N"
"Tuliptree","Liriodendron tulipifera","New York","Monroe","Lucien Morin County Park","43 10.237","-077 31.545","","","322925","1","43 10.237","-077 31.545","","Public","156.8'","Clinometer/laser rangefinder/sine","9.4'","113''","","","Elijah Whitcomb","2025-12-26","","N"
"Tuliptree","Liriodendron tulipifera","New York","Monroe","Mt. Hope Cemetery","","","Burial site of Susan B. Anthony, Frederick Douglas, and Nathaniel Rochester.","","220930","1","","","","Public","96.0'","Clinometer/laser rangefinder/sine","","","","","Elijah Whitcomb, Tom Howard","2015-05-03","http%3A%2F%2Fwww.ents-bbs.org%2Fviewtopic.php%3Ff%3D105%26t%3D7036","N"
"Tuliptree","Liriodendron tulipifera","New York","Monroe","Powder Mills Park","43 02.722","-077 28.709","","","207791","1","43 02.722","-077 28.709","","Public","135.3'","Clinometer/laser rangefinder/sine","13.7'","165''","","","Elijah Whitcomb","2017-05-07","","N"
"Tuliptree","Liriodendron tulipifera","New York","Monroe","Tryon Park","","","","","240839","1","","","","Public","140.6'","Clinometer/laser rangefinder/sine","","","","","Elijah Whitcomb","2021-03-15","","N"
"Tuliptree","Liriodendron tulipifera","New York","Monroe","Tryon Park","43 10.221","-077 32.206","","","240840","1","43 10.221","-077 32.206","","Public","147.4'","Clinometer/laser rangefinder/sine","10.9'","131''","","","Elijah Whitcomb","2021-03-15","","N"
"Tuliptree","Liriodendron tulipifera","New York","Monroe","Tryon Park","43 10.185","-077 32.241","","","240857","1","43 10.185","-077 32.241","330.0 ft","Public","148.2'","Clinometer/laser rangefinder/sine","9.5'","114''","","","Elijah Whitcomb","2021-03-15","","N"
"Tuliptree","Liriodendron tulipifera","New York","Monroe","Washington Grove City Park","","","","","263726","1","","","","Public","","Clinometer/laser rangefinder/sine","10.0'","119''","","","Tom Howard, Larry Champoux, Elijah Whitcomb","2012-05-21","www.ents-bbs.org%2Fviewtopic.php%3Ff%3D105%26t%3D3263%26sid%3D3803bc1bcaa14bd290e6457a0afd92d0%26start%3D40%23p43745","N"
"Tuliptree","Liriodendron tulipifera","New York","Monroe","Washington Grove City Park","","","","","266370","1","","","","Public","111.2'","Clinometer/laser rangefinder/sine","","","","","Patrick Brandt","2014-03-25","www.ents-bbs.org%2Fviewtopic.php%3Ff%3D105%26t%3D3263%26sid%3D3803bc1bcaa14bd290e6457a0afd92d0%26start%3D40%23p43745","N"
"Tuliptree","Liriodendron tulipifera","New York","Monroe","Washington Grove City Park","","","","","264087","1","","","","Public","114.4'","Clinometer/laser rangefinder/sine","","","","","Tom Howard, Elijah Whitcomb","2015-04-24","www.ents-bbs.org%2Fviewtopic.php%3Ff%3D105%26t%3D3263%26sid%3D3803bc1bcaa14bd290e6457a0afd92d0%26start%3D40%23p43745","N"
"Tuliptree","Liriodendron tulipifera","New York","Monroe","Washington Grove City Park","","","","","264088","1","","","","Public","117.0'","Clinometer/laser rangefinder/sine","","","","","Tom Howard, Elijah Whitcomb","2015-04-24","www.ents-bbs.org%2Fviewtopic.php%3Ff%3D105%26t%3D3263%26sid%3D3803bc1bcaa14bd290e6457a0afd92d0%26start%3D40%23p43745","N"
"Tuliptree","Liriodendron tulipifera","New York","Monroe","Washington Grove City Park","","","","","211690","1","","","","Public","121.0'","Clinometer/laser rangefinder/sine","","","","","Elijah Whitcomb, Tom Howard","2015-12-12","www.ents-bbs.org%2Fviewtopic.php%3Ff%3D105%26t%3D3263%26sid%3D3803bc1bcaa14bd290e6457a0afd92d0%26start%3D40%23p43745","N"
"Tuliptree","Liriodendron tulipifera","New York","Monroe","Washington Grove City Park","","","","","263631","1","","","","Public","121.0'","Clinometer/laser rangefinder/sine","","","","","Elijah Whitcomb","2012-11-24","www.ents-bbs.org%2Fviewtopic.php%3Ff%3D105%26t%3D3263%26sid%3D3803bc1bcaa14bd290e6457a0afd92d0%26start%3D40%23p43745","N"
"Tuliptree","Liriodendron tulipifera","New York","Monroe","Washington Grove City Park","","","","","266369","1","","","","Public","122.2'","Clinometer/laser rangefinder/sine","","","","","Patrick Brandt","2014-03-25","www.ents-bbs.org%2Fviewtopic.php%3Ff%3D105%26t%3D3263%26sid%3D3803bc1bcaa14bd290e6457a0afd92d0%26start%3D40%23p43745","N"
"Tuliptree","Liriodendron tulipifera","New York","Monroe","Washington Grove City Park","","","","","264092","1","","","","Public","124.6'","Clinometer/laser rangefinder/sine","","","","","Tom Howard, Elijah Whitcomb","2015-04-24","www.ents-bbs.org%2Fviewtopic.php%3Ff%3D105%26t%3D3263%26sid%3D3803bc1bcaa14bd290e6457a0afd92d0%26start%3D40%23p43745","N"
"Tuliptree","Liriodendron tulipifera","New York","Monroe","Washington Grove City Park","","","","","211698","1","","","","Public","125.6'","Clinometer/laser rangefinder/sine","8.2'","98''","","","Elijah Whitcomb, Tom Howard","2015-12-12","www.ents-bbs.org%2Fviewtopic.php%3Ff%3D105%26t%3D3263%26sid%3D3803bc1bcaa14bd290e6457a0afd92d0%26start%3D40%23p43745","N"
"Tuliptree","Liriodendron tulipifera","New York","Monroe","Washington Grove City Park","","","","","263632","1","","","","Public","126.0'","Clinometer/laser rangefinder/sine","8.6'","103''","","","Elijah Whitcomb","2012-11-24","www.ents-bbs.org%2Fviewtopic.php%3Ff%3D105%26t%3D3263%26sid%3D3803bc1bcaa14bd290e6457a0afd92d0%26start%3D40%23p43745","N"
"Tuliptree","Liriodendron tulipifera","New York","Monroe","Washington Grove City Park","","","","","211699","1","","","","Public","127.3'","Clinometer/laser rangefinder/sine","9.2'","110''","","","Elijah Whitcomb, Tom Howard","2015-12-12","www.ents-bbs.org%2Fviewtopic.php%3Ff%3D105%26t%3D3263%26sid%3D3803bc1bcaa14bd290e6457a0afd92d0%26start%3D40%23p43745","N"
"Tuliptree","Liriodendron tulipifera","New York","Monroe","Washington Grove City Park","","","","","211691","1","","","","Public","132.8'","Clinometer/laser rangefinder/sine","8.7'","104''","","","Elijah Whitcomb, Tom Howard","2015-12-12","www.ents-bbs.org%2Fviewtopic.php%3Ff%3D105%26t%3D3263%26sid%3D3803bc1bcaa14bd290e6457a0afd92d0%26start%3D40%23p43745","N"
"Tuliptree","Liriodendron tulipifera","New York","Nassau","Shu Swamp","","","60 acres
Also known as the Charles T. Church Nature Preserve","","258337","1","","","","Public-Private","127.2'","Clinometer/laser rangefinder/sine","","","","","Erik Danielson","2016-04-22","http%3A%2F%2Fwww.ents-bbs.org%2Fviewtopic.php%3Ff%3D105%26t%3D7662%26sid%3Dc5e8d2b41b9f1f19f1de028e023dbcbf","N"
"Tuliptree","Liriodendron tulipifera","New York","Nassau","Shu Swamp","","","60 acres
Also known as the Charles T. Church Nature Preserve","","258336","1","","","","Public-Private","132.3'","Clinometer/laser rangefinder/sine","","","","","Erik Danielson","2016-04-22","http%3A%2F%2Fwww.ents-bbs.org%2Fviewtopic.php%3Ff%3D105%26t%3D7662%26sid%3Dc5e8d2b41b9f1f19f1de028e023dbcbf","N"
"Tuliptree","Liriodendron tulipifera","New York","Nassau","Shu Swamp","","","60 acres
Also known as the Charles T. Church Nature Preserve","","258322","1","","","","Public-Private","144.6'","Clinometer/laser rangefinder/sine","","","","","Erik Danielson","2016-04-22","http%3A%2F%2Fwww.ents-bbs.org%2Fviewtopic.php%3Ff%3D105%26t%3D7662%26sid%3Dc5e8d2b41b9f1f19f1de028e023dbcbf","N"
"Tuliptree","Liriodendron tulipifera","New York","Nassau","Shu Swamp","","","60 acres
Also known as the Charles T. Church Nature Preserve","","258321","1","","","","Public-Private","145.0'","Clinometer/laser rangefinder/sine","","","","","Erik Danielson","2016-04-22","http%3A%2F%2Fwww.ents-bbs.org%2Fviewtopic.php%3Ff%3D105%26t%3D7662%26sid%3Dc5e8d2b41b9f1f19f1de028e023dbcbf","N"
"Tuliptree","Liriodendron tulipifera","New York","Nassau","Shu Swamp","","","60 acres
Also known as the Charles T. Church Nature Preserve","","258320","1","","","","Public-Private","145.4'","Clinometer/laser rangefinder/sine","","","","","Erik Danielson","2016-04-22","http%3A%2F%2Fwww.ents-bbs.org%2Fviewtopic.php%3Ff%3D105%26t%3D7662%26sid%3Dc5e8d2b41b9f1f19f1de028e023dbcbf","N"
"Tuliptree","Liriodendron tulipifera","New York","Nassau","Shu Swamp","","","60 acres
Also known as the Charles T. Church Nature Preserve","","258319","1","","","","Public-Private","153.7'","Clinometer/laser rangefinder/sine","","","","","Erik Danielson","2016-04-22","http%3A%2F%2Fwww.ents-bbs.org%2Fviewtopic.php%3Ff%3D105%26t%3D7662%26sid%3Dc5e8d2b41b9f1f19f1de028e023dbcbf","N"
"Tuliptree","Liriodendron tulipifera","New York","Nassau","Shu Swamp","","","60 acres
Also known as the Charles T. Church Nature Preserve","","258318","1","","","","Public-Private","154.0'","Clinometer/laser rangefinder/sine","","","","","Erik Danielson","2016-04-22","http%3A%2F%2Fwww.ents-bbs.org%2Fviewtopic.php%3Ff%3D105%26t%3D7662%26sid%3Dc5e8d2b41b9f1f19f1de028e023dbcbf","N"
"Tuliptree","Liriodendron tulipifera","New York","Nassau","Shu Swamp","","","60 acres
Also known as the Charles T. Church Nature Preserve","","258317","1","","","","Public-Private","154.1'","Clinometer/laser rangefinder/sine","","","","","Erik Danielson","2016-04-22","http%3A%2F%2Fwww.ents-bbs.org%2Fviewtopic.php%3Ff%3D105%26t%3D7662%26sid%3Dc5e8d2b41b9f1f19f1de028e023dbcbf","N"
"Tuliptree","Liriodendron tulipifera","New York","Nassau","Shu Swamp","","","60 acres
Also known as the Charles T. Church Nature Preserve","","258316","1","","","","Public-Private","154.4'","Clinometer/laser rangefinder/sine","","","","","Erik Danielson","2016-04-22","http%3A%2F%2Fwww.ents-bbs.org%2Fviewtopic.php%3Ff%3D105%26t%3D7662%26sid%3Dc5e8d2b41b9f1f19f1de028e023dbcbf","N"
"Tuliptree","Liriodendron tulipifera","New York","Nassau","Shu Swamp","","","60 acres
Also known as the Charles T. Church Nature Preserve","","258315","1","","","","Public-Private","156.3'","Clinometer/laser rangefinder/sine","","","","","Erik Danielson","2016-04-22","http%3A%2F%2Fwww.ents-bbs.org%2Fviewtopic.php%3Ff%3D105%26t%3D7662%26sid%3Dc5e8d2b41b9f1f19f1de028e023dbcbf","N"
"Tuliptree","Liriodendron tulipifera","New York","Nassau","Shu Swamp","","","60 acres
Also known as the Charles T. Church Nature Preserve","","258314","1","","","","Public-Private","157.3'","Clinometer/laser rangefinder/sine","","","","","Erik Danielson","2016-04-22","http%3A%2F%2Fwww.ents-bbs.org%2Fviewtopic.php%3Ff%3D105%26t%3D7662%26sid%3Dc5e8d2b41b9f1f19f1de028e023dbcbf","N"
"Tuliptree","Liriodendron tulipifera","New York","Nassau","Tiffany Creek Preserve","","","","","260072","1","","","","Public - county","127.0'","Clinometer/laser rangefinder/sine","13.2'","158''","","","Erik Danielson","2016-04-22","http%3A%2F%2Fwww.ents-bbs.org%2Fviewtopic.php%3Ff%3D105%26t%3D7660%26sid%3D60eba587880cce73bb509f21b4be94c1","N"
"Tuliptree","Liriodendron tulipifera","New York","Nassau","Tiffany Creek Preserve","","","","","260054","1","","","","Public - county","128.6'","Clinometer/laser rangefinder/sine","11.7'","140''","","","Erik Danielson","2016-04-22","http%3A%2F%2Fwww.ents-bbs.org%2Fviewtopic.php%3Ff%3D105%26t%3D7660%26sid%3D60eba587880cce73bb509f21b4be94c1","N"
"Tuliptree","Liriodendron tulipifera","New York","Nassau","Tiffany Creek Preserve","","","","","260053","1","","","","Public - county","130.6'","Clinometer/laser rangefinder/sine","","","","","Erik Danielson","2016-04-22","http%3A%2F%2Fwww.ents-bbs.org%2Fviewtopic.php%3Ff%3D105%26t%3D7660%26sid%3D60eba587880cce73bb509f21b4be94c1","N"
"Tuliptree","Liriodendron tulipifera","New York","Nassau","Tiffany Creek Preserve","","","","","260052","1","","","","Public - county","133.4'","Clinometer/laser rangefinder/sine","","","","","Erik Danielson","2016-04-22","http%3A%2F%2Fwww.ents-bbs.org%2Fviewtopic.php%3Ff%3D105%26t%3D7660%26sid%3D60eba587880cce73bb509f21b4be94c1","N"
"Tuliptree","Liriodendron tulipifera","New York","Nassau","Tiffany Creek Preserve","","","","","260051","1","","","","Public - county","136.4'","Clinometer/laser rangefinder/sine","","","","","Erik Danielson","2016-04-22","http%3A%2F%2Fwww.ents-bbs.org%2Fviewtopic.php%3Ff%3D105%26t%3D7660%26sid%3D60eba587880cce73bb509f21b4be94c1","N"
"Tuliptree","Liriodendron tulipifera","New York","Nassau","Tiffany Creek Preserve","","","","","260071","1","","","","Public - county","140.8'","Clinometer/laser rangefinder/sine","","","","","Erik Danielson","2016-04-22","http%3A%2F%2Fwww.ents-bbs.org%2Fviewtopic.php%3Ff%3D105%26t%3D7660%26sid%3D60eba587880cce73bb509f21b4be94c1","N"
"Tuliptree","Liriodendron tulipifera","New York","Nassau","Tiffany Creek Preserve","","","","","260070","1","","","","Public - county","142.7'","Clinometer/laser rangefinder/sine","","","","","Erik Danielson","2016-04-22","http%3A%2F%2Fwww.ents-bbs.org%2Fviewtopic.php%3Ff%3D105%26t%3D7660%26sid%3D60eba587880cce73bb509f21b4be94c1","N"
"Tuliptree","Liriodendron tulipifera","New York","Nassau","Tiffany Creek Preserve","","","","","260080","1","","","","Public - county","143.5'","Clinometer/laser rangefinder/sine","7.2'","86''","","","Erik Danielson","2016-04-22","http%3A%2F%2Fwww.ents-bbs.org%2Fviewtopic.php%3Ff%3D105%26t%3D7660%26sid%3D60eba587880cce73bb509f21b4be94c1","N"
"Tuliptree","Liriodendron tulipifera","New York","Nassau","Tiffany Creek Preserve","","","","","260069","1","","","","Public - county","144.4'","Clinometer/laser rangefinder/sine","","","","","Erik Danielson","2016-04-22","http%3A%2F%2Fwww.ents-bbs.org%2Fviewtopic.php%3Ff%3D105%26t%3D7660%26sid%3D60eba587880cce73bb509f21b4be94c1","N"
"Tuliptree","Liriodendron tulipifera","New York","Nassau","Tiffany Creek Preserve","","","","","260079","1","","","","Public - county","145.0'","Clinometer/laser rangefinder/sine","10.4'","125''","","","Erik Danielson","2016-04-22","http%3A%2F%2Fwww.ents-bbs.org%2Fviewtopic.php%3Ff%3D105%26t%3D7660%26sid%3D60eba587880cce73bb509f21b4be94c1","N"
"Tuliptree","Liriodendron tulipifera","New York","Nassau","Tiffany Creek Preserve","","","","","260068","1","","","","Public - county","145.3'","Clinometer/laser rangefinder/sine","","","","","Erik Danielson","2016-04-22","http%3A%2F%2Fwww.ents-bbs.org%2Fviewtopic.php%3Ff%3D105%26t%3D7660%26sid%3D60eba587880cce73bb509f21b4be94c1","N"
"Tuliptree","Liriodendron tulipifera","New York","Nassau","Tiffany Creek Preserve","","","","","260067","1","","","","Public - county","146.0'","Clinometer/laser rangefinder/sine","","","","","Erik Danielson","2016-04-22","http%3A%2F%2Fwww.ents-bbs.org%2Fviewtopic.php%3Ff%3D105%26t%3D7660%26sid%3D60eba587880cce73bb509f21b4be94c1","N"
"Tuliptree","Liriodendron tulipifera","New York","Nassau","Tiffany Creek Preserve","","","","","260078","1","","","","Public - county","146.0'","Clinometer/laser rangefinder/sine","12.3'","148''","","","Erik Danielson","2016-04-22","http%3A%2F%2Fwww.ents-bbs.org%2Fviewtopic.php%3Ff%3D105%26t%3D7660%26sid%3D60eba587880cce73bb509f21b4be94c1","N"
"Tuliptree","Liriodendron tulipifera","New York","Nassau","Tiffany Creek Preserve","","","","","260066","1","","","","Public - county","148.7'","Clinometer/laser rangefinder/sine","","","","","Erik Danielson","2016-04-22","http%3A%2F%2Fwww.ents-bbs.org%2Fviewtopic.php%3Ff%3D105%26t%3D7660%26sid%3D60eba587880cce73bb509f21b4be94c1","N"
"Tuliptree","Liriodendron tulipifera","New York","Nassau","Tiffany Creek Preserve","","","","","260077","1","","","","Public - county","150.2'","Clinometer/laser rangefinder/sine","9.4'","113''","","","Erik Danielson","2016-04-22","http%3A%2F%2Fwww.ents-bbs.org%2Fviewtopic.php%3Ff%3D105%26t%3D7660%26sid%3D60eba587880cce73bb509f21b4be94c1","N"
"Tuliptree","Liriodendron tulipifera","New York","Nassau","Welwyn Preserve County Park","","","Trees were measured on 12/5/2016 and 12/19/2016","","257266","1","","","","Public - county","142.2'","Clinometer/laser rangefinder/sine","12.0'","144''","","","Edward Coyle","2004-12-01","http%3A%2F%2Fwww.ents-bbs.org%2Fviewtopic.php%3Ff%3D105%26t%3D7667%26sid%3D82c231524f625f1e32dd5d64e14763f8","N"
"Tuliptree","Liriodendron tulipifera","New York","Nassau","Welwyn Preserve County Park","","","Trees were measured on 12/5/2016 and 12/19/2016","","260174","1","","","","Public - county","142.5'","Clinometer/laser rangefinder/sine","","","","","Erik Danielson","2016-12-19","http%3A%2F%2Fwww.ents-bbs.org%2Fviewtopic.php%3Ff%3D105%26t%3D7667%26sid%3D82c231524f625f1e32dd5d64e14763f8","N"
"Tuliptree","Liriodendron tulipifera","New York","Nassau","Welwyn Preserve County Park","","","Trees were measured on 12/5/2016 and 12/19/2016","","258990","1","","","","Public - county","142.8'","Clinometer/laser rangefinder/sine","","","","","Erik Danielson","2016-04-24","http%3A%2F%2Fwww.ents-bbs.org%2Fviewtopic.php%3Ff%3D105%26t%3D7667%26sid%3D82c231524f625f1e32dd5d64e14763f8","N"
"Tuliptree","Liriodendron tulipifera","New York","Nassau","Welwyn Preserve County Park","","","Trees were measured on 12/5/2016 and 12/19/2016","","260173","1","","","","Public - county","143.0'","Clinometer/laser rangefinder/sine","","","","","Erik Danielson","2016-12-19","http%3A%2F%2Fwww.ents-bbs.org%2Fviewtopic.php%3Ff%3D105%26t%3D7667%26sid%3D82c231524f625f1e32dd5d64e14763f8","N"
"Tuliptree","Liriodendron tulipifera","New York","Nassau","Welwyn Preserve County Park","","","Trees were measured on 12/5/2016 and 12/19/2016","","258989","1","","","","Public - county","143.6'","Clinometer/laser rangefinder/sine","","","","","Erik Danielson","2016-04-24","http%3A%2F%2Fwww.ents-bbs.org%2Fviewtopic.php%3Ff%3D105%26t%3D7667%26sid%3D82c231524f625f1e32dd5d64e14763f8","N"
"Tuliptree","Liriodendron tulipifera","New York","Nassau","Welwyn Preserve County Park","","","Trees were measured on 12/5/2016 and 12/19/2016","","258988","1","","","","Public - county","145.1'","Clinometer/laser rangefinder/sine","","","","","Erik Danielson","2016-04-24","http%3A%2F%2Fwww.ents-bbs.org%2Fviewtopic.php%3Ff%3D105%26t%3D7667%26sid%3D82c231524f625f1e32dd5d64e14763f8","N"
"Tuliptree","Liriodendron tulipifera","New York","Nassau","Welwyn Preserve County Park","","","Trees were measured on 12/5/2016 and 12/19/2016","","258991","1","","","","Public - county","145.7'","Clinometer/laser rangefinder/sine","","","","","Erik Danielson","2016-04-24","http%3A%2F%2Fwww.ents-bbs.org%2Fviewtopic.php%3Ff%3D105%26t%3D7667%26sid%3D82c231524f625f1e32dd5d64e14763f8","N"
"Tuliptree","Liriodendron tulipifera","New York","Nassau","Welwyn Preserve County Park","","","Trees were measured on 12/5/2016 and 12/19/2016","","258987","1","","","","Public - county","145.8'","Clinometer/laser rangefinder/sine","","","","","Erik Danielson","2016-04-24","http%3A%2F%2Fwww.ents-bbs.org%2Fviewtopic.php%3Ff%3D105%26t%3D7667%26sid%3D82c231524f625f1e32dd5d64e14763f8","N"
"Tuliptree","Liriodendron tulipifera","New York","Nassau","Welwyn Preserve County Park","","","Trees were measured on 12/5/2016 and 12/19/2016","","257267","1","","","","Public - county","147.1'","Clinometer/laser rangefinder/sine","9.2'","110''","","","Edward Coyle","2004-12-01","http%3A%2F%2Fwww.ents-bbs.org%2Fviewtopic.php%3Ff%3D105%26t%3D7667%26sid%3D82c231524f625f1e32dd5d64e14763f8","N"
"Tuliptree","Liriodendron tulipifera","New York","Nassau","Welwyn Preserve County Park","","","Trees were measured on 12/5/2016 and 12/19/2016","","260172","1","","","","Public - county","148.0'","Clinometer/laser rangefinder/sine","","","","","Erik Danielson","2016-12-19","http%3A%2F%2Fwww.ents-bbs.org%2Fviewtopic.php%3Ff%3D105%26t%3D7667%26sid%3D82c231524f625f1e32dd5d64e14763f8","N"
"Tuliptree","Liriodendron tulipifera","New York","Nassau","Welwyn Preserve County Park","","","Trees were measured on 12/5/2016 and 12/19/2016","","260171","1","","","","Public - county","148.5'","Clinometer/laser rangefinder/sine","","","","","Erik Danielson","2016-12-19","http%3A%2F%2Fwww.ents-bbs.org%2Fviewtopic.php%3Ff%3D105%26t%3D7667%26sid%3D82c231524f625f1e32dd5d64e14763f8","N"
"Tuliptree","Liriodendron tulipifera","New York","Nassau","Welwyn Preserve County Park","","","Trees were measured on 12/5/2016 and 12/19/2016","","258986","1","","","","Public - county","148.6'","Clinometer/laser rangefinder/sine","","","","","Erik Danielson","2016-04-24","http%3A%2F%2Fwww.ents-bbs.org%2Fviewtopic.php%3Ff%3D105%26t%3D7667%26sid%3D82c231524f625f1e32dd5d64e14763f8","N"
"Tuliptree","Liriodendron tulipifera","New York","Nassau","Welwyn Preserve County Park","","","Trees were measured on 12/5/2016 and 12/19/2016","","257268","1","","","","Public - county","149.0'","Clinometer/laser rangefinder/sine","","","","","Edward Coyle","2004-12-01","http%3A%2F%2Fwww.ents-bbs.org%2Fviewtopic.php%3Ff%3D105%26t%3D7667%26sid%3D82c231524f625f1e32dd5d64e14763f8","N"
"Tuliptree","Liriodendron tulipifera","New York","Nassau","Welwyn Preserve County Park","","","Trees were measured on 12/5/2016 and 12/19/2016","","260169","1","","","","Public - county","149.0'","Clinometer/laser rangefinder/sine","","","","","Erik Danielson","2016-12-19","http%3A%2F%2Fwww.ents-bbs.org%2Fviewtopic.php%3Ff%3D105%26t%3D7667%26sid%3D82c231524f625f1e32dd5d64e14763f8","N"
"Tuliptree","Liriodendron tulipifera","New York","Nassau","Welwyn Preserve County Park","","","Trees were measured on 12/5/2016 and 12/19/2016","","260170","1","","","","Public - county","149.0'","Clinometer/laser rangefinder/sine","","","","","Erik Danielson","2016-12-19","http%3A%2F%2Fwww.ents-bbs.org%2Fviewtopic.php%3Ff%3D105%26t%3D7667%26sid%3D82c231524f625f1e32dd5d64e14763f8","N"
"Tuliptree","Liriodendron tulipifera","New York","Nassau","Welwyn Preserve County Park","","","Trees were measured on 12/5/2016 and 12/19/2016","","257269","1","","","","Public - county","149.3'","Clinometer/laser rangefinder/sine","11.8'","142''","","","Edward Coyle","2004-12-01","http%3A%2F%2Fwww.ents-bbs.org%2Fviewtopic.php%3Ff%3D105%26t%3D7667%26sid%3D82c231524f625f1e32dd5d64e14763f8","N"
"Tuliptree","Liriodendron tulipifera","New York","Nassau","Welwyn Preserve County Park","","","Trees were measured on 12/5/2016 and 12/19/2016","","257270","1","","","","Public - county","149.6'","Clinometer/laser rangefinder/sine","13.6'","163''","","","Edward Coyle","2004-12-01","http%3A%2F%2Fwww.ents-bbs.org%2Fviewtopic.php%3Ff%3D105%26t%3D7667%26sid%3D82c231524f625f1e32dd5d64e14763f8","N"
"Tuliptree","Liriodendron tulipifera","New York","Nassau","Welwyn Preserve County Park","","","Trees were measured on 12/5/2016 and 12/19/2016","","260168","1","","","","Public - county","150.0'","Clinometer/laser rangefinder/sine","","","","","Erik Danielson","2016-12-19","http%3A%2F%2Fwww.ents-bbs.org%2Fviewtopic.php%3Ff%3D105%26t%3D7667%26sid%3D82c231524f625f1e32dd5d64e14763f8","N"
"Tuliptree","Liriodendron tulipifera","New York","Nassau","Welwyn Preserve County Park","","","Trees were measured on 12/5/2016 and 12/19/2016","","260167","1","","","","Public - county","151.5'","Clinometer/laser rangefinder/sine","","","","","Erik Danielson","2016-12-19","http%3A%2F%2Fwww.ents-bbs.org%2Fviewtopic.php%3Ff%3D105%26t%3D7667%26sid%3D82c231524f625f1e32dd5d64e14763f8","N"
"Tuliptree","Liriodendron tulipifera","New York","Nassau","Welwyn Preserve County Park","","","Trees were measured on 12/5/2016 and 12/19/2016","","260166","1","","","","Public - county","152.0'","Clinometer/laser rangefinder/sine","","","","","Erik Danielson","2016-12-19","http%3A%2F%2Fwww.ents-bbs.org%2Fviewtopic.php%3Ff%3D105%26t%3D7667%26sid%3D82c231524f625f1e32dd5d64e14763f8","N"
"Tuliptree","Liriodendron tulipifera","New York","Nassau","Welwyn Preserve County Park","","","Trees were measured on 12/5/2016 and 12/19/2016","","260164","1","","","","Public - county","152.5'","Clinometer/laser rangefinder/sine","","","","","Erik Danielson","2016-12-19","http%3A%2F%2Fwww.ents-bbs.org%2Fviewtopic.php%3Ff%3D105%26t%3D7667%26sid%3D82c231524f625f1e32dd5d64e14763f8","N"
"Tuliptree","Liriodendron tulipifera","New York","Nassau","Welwyn Preserve County Park","","","Trees were measured on 12/5/2016 and 12/19/2016","","260165","1","","","","Public - county","152.5'","Clinometer/laser rangefinder/sine","","","","","Erik Danielson","2016-12-19","http%3A%2F%2Fwww.ents-bbs.org%2Fviewtopic.php%3Ff%3D105%26t%3D7667%26sid%3D82c231524f625f1e32dd5d64e14763f8","N"
"Tuliptree","Liriodendron tulipifera","New York","Nassau","Welwyn Preserve County Park","","","Trees were measured on 12/5/2016 and 12/19/2016","","260177","1","","","","Public - county","152.6'","Clinometer/laser rangefinder/sine","13.3'","160''","","","Erik Danielson","2016-12-19","http%3A%2F%2Fwww.ents-bbs.org%2Fviewtopic.php%3Ff%3D105%26t%3D7667%26sid%3D82c231524f625f1e32dd5d64e14763f8","N"
"Tuliptree","Liriodendron tulipifera","New York","Nassau","Welwyn Preserve County Park","","","Trees were measured on 12/5/2016 and 12/19/2016","","260176","1","","","","Public - county","152.7'","Clinometer/laser rangefinder/sine","14.2'","170''","","","Erik Danielson","2016-12-19","http%3A%2F%2Fwww.ents-bbs.org%2Fviewtopic.php%3Ff%3D105%26t%3D7667%26sid%3D82c231524f625f1e32dd5d64e14763f8","N"
"Tuliptree","Liriodendron tulipifera","New York","Nassau","Welwyn Preserve County Park","","","Trees were measured on 12/5/2016 and 12/19/2016","","260163","1","","","","Public - county","153.0'","Clinometer/laser rangefinder/sine","","","","","Erik Danielson","2016-12-19","http%3A%2F%2Fwww.ents-bbs.org%2Fviewtopic.php%3Ff%3D105%26t%3D7667%26sid%3D82c231524f625f1e32dd5d64e14763f8","N"
"Tuliptree","Liriodendron tulipifera","New York","Nassau","Welwyn Preserve County Park","","","Trees were measured on 12/5/2016 and 12/19/2016","","260162","1","","","","Public - county","155.5'","Clinometer/laser rangefinder/sine","","","","","Erik Danielson","2016-12-19","http%3A%2F%2Fwww.ents-bbs.org%2Fviewtopic.php%3Ff%3D105%26t%3D7667%26sid%3D82c231524f625f1e32dd5d64e14763f8","N"
"Tuliptree","Liriodendron tulipifera","New York","Nassau","Welwyn Preserve County Park","","","Trees were measured on 12/5/2016 and 12/19/2016","","260161","1","","","","Public - county","157.0'","","","","","","Erik Danielson","2016-12-19","http%3A%2F%2Fwww.ents-bbs.org%2Fviewtopic.php%3Ff%3D105%26t%3D7667%26sid%3D82c231524f625f1e32dd5d64e14763f8","N"
"Tuliptree","Liriodendron tulipifera","New York","Nassau","Welwyn Preserve County Park","","","Trees were measured on 12/5/2016 and 12/19/2016","","260175","1","","","","Public - county","158.0'","Clinometer/laser rangefinder/sine","8.8'","106''","","","Erik Danielson","2016-12-19","http%3A%2F%2Fwww.ents-bbs.org%2Fviewtopic.php%3Ff%3D105%26t%3D7667%26sid%3D82c231524f625f1e32dd5d64e14763f8","N"
"Tuliptree","Liriodendron tulipifera","New York","Oneida","Root Glen","","","","","192575","1","","","","Private","132.2'","Clinometer/laser rangefinder/sine","","","","","Elijah Whitcomb, Tom Howard","2016-04-02","","N"
"Tuliptree","Liriodendron tulipifera","New York","Oneida","Verona Beach State Park","","","1735 acres","","261830","1","","","","Public - state","114.2'","Clinometer/laser rangefinder/sine","8.0'","96''","","","Tom Howard, Elijah Whitcomb","2018-05-07","http%3A%2F%2Fwww.ents-bbs.org%2Fviewtopic.php%3Ff%3D105%26t%3D8271%26sid%3D7ec1593281317737acda18ab545581a7","N"
"Tuliptree","Liriodendron tulipifera","New York","Oneida","Verona Beach State Park","","","1735 acres","","261829","1","","","","Public - state","115.6'","Clinometer/laser rangefinder/sine","8.7'","104''","","","Tom Howard, Elijah Whitcomb","2018-05-07","http%3A%2F%2Fwww.ents-bbs.org%2Fviewtopic.php%3Ff%3D105%26t%3D8271%26sid%3D7ec1593281317737acda18ab545581a7","N"
"Tuliptree","Liriodendron tulipifera","New York","Onondaga","Beaver Lake Nature Center","43 11.142","-076 23.991","","","213015","1","43 11.142","-076 23.991","680.0 ft","Public","134.8'","Clinometer/laser rangefinder/sine","10.4'","125''","","","Elijah Whitcomb, Tom Howard","2015-11-01","","N"
"Tuliptree","Liriodendron tulipifera","New York","Onondaga","Green Lakes State Park","","","","","257753","1","","","","Public","120.3'","Clinometer/laser rangefinder/sine","8.5'","102''","","","Tom Howard, Elijah Whitcomb, Robert Henry","2015-04-27","http%3A%2F%2Fwww.ents-bbs.org%2Fviewtopic.php%3Ff%3D105%26t%3D2419","N"
"Tuliptree","Liriodendron tulipifera","New York","Onondaga","Green Lakes State Park","","","","","257749","1","","","","Public","133.0'","Clinometer/laser rangefinder/sine","","","","","Tom Howard, Elijah Whitcomb, Robert Henry","2015-04-27","http%3A%2F%2Fwww.ents-bbs.org%2Fviewtopic.php%3Ff%3D105%26t%3D2419","N"
"Tuliptree","Liriodendron tulipifera","New York","Onondaga","Green Lakes State Park","","","","","257754","1","","","","Public","133.2'","Clinometer/laser rangefinder/sine","","","","","Tom Howard, Elijah Whitcomb, Robert Henry","2015-04-27","http%3A%2F%2Fwww.ents-bbs.org%2Fviewtopic.php%3Ff%3D105%26t%3D2419","N"
"Tuliptree","Liriodendron tulipifera","New York","Onondaga","Green Lakes State Park","","","","","257755","1","","","","Public","136.0'","Clinometer/laser rangefinder/sine","","","","","Tom Howard, Elijah Whitcomb, Robert Henry","2015-04-27","http%3A%2F%2Fwww.ents-bbs.org%2Fviewtopic.php%3Ff%3D105%26t%3D2419","N"
"Tuliptree","Liriodendron tulipifera","New York","Onondaga","Green Lakes State Park","","","","","257756","1","","","","Public","139.3'","Clinometer/laser rangefinder/sine","","","","","Tom Howard, Elijah Whitcomb, Robert Henry","2015-04-27","http%3A%2F%2Fwww.ents-bbs.org%2Fviewtopic.php%3Ff%3D105%26t%3D2419","N"
"Tuliptree","Liriodendron tulipifera","New York","Onondaga","Green Lakes State Park","","","","","221113","1","","","","Public","140.5'","Clinometer/laser rangefinder/sine","10.8'","129''","","","Elijah Whitcomb, Tom Howard, Bob Henry","2020-11-15","http%3A%2F%2Fwww.ents-bbs.org%2Fviewtopic.php%3Ff%3D105%26t%3D2419","N"
"Tuliptree","Liriodendron tulipifera","New York","Onondaga","Green Lakes State Park","","","","","257751","1","","","","Public","140.7'","Clinometer/laser rangefinder/sine","","","","","Tom Howard, Elijah Whitcomb, Robert Henry","2015-04-27","http%3A%2F%2Fwww.ents-bbs.org%2Fviewtopic.php%3Ff%3D105%26t%3D2419","N"
"Tuliptree","Liriodendron tulipifera","New York","Onondaga","Green Lakes State Park","","","","","257758","1","","","","Public","140.7'","Clinometer/laser rangefinder/sine","","","","","Tom Howard, Elijah Whitcomb, Robert Henry","2015-04-27","http%3A%2F%2Fwww.ents-bbs.org%2Fviewtopic.php%3Ff%3D105%26t%3D2419","N"
"Tuliptree","Liriodendron tulipifera","New York","Onondaga","Green Lakes State Park","","","","","263472","1","","","","Public","141.0'","Clinometer/laser rangefinder/sine","9.4'","113''","","","Jess Riddle","2015-12-27","http%3A%2F%2Fwww.ents-bbs.org%2Fviewtopic.php%3Ff%3D105%26t%3D2419","N"
"Tuliptree","Liriodendron tulipifera","New York","Onondaga","Green Lakes State Park","","","","","221081","1","","","","Public","141.1'","Clinometer/laser rangefinder/sine","11.0'","132''","","","Elijah Whitcomb, Tom Howard, Bob Henry","2020-11-15","http%3A%2F%2Fwww.ents-bbs.org%2Fviewtopic.php%3Ff%3D105%26t%3D2419","N"
"Tuliptree","Liriodendron tulipifera","New York","Onondaga","Green Lakes State Park","","","","","221080","1","","","","Public","141.6'","Clinometer/laser rangefinder/sine","12.7'","152''","","","Elijah Whitcomb, Tom Howard, Bob Henry","2020-11-15","http%3A%2F%2Fwww.ents-bbs.org%2Fviewtopic.php%3Ff%3D105%26t%3D2419","N"
"Tuliptree","Liriodendron tulipifera","New York","Onondaga","Green Lakes State Park","","","","","221125","1","","","","Public","142.2'","Clinometer/laser rangefinder/sine","11.6'","139''","","","Elijah Whitcomb, Tom Howard, Bob Henry","2020-11-15","http%3A%2F%2Fwww.ents-bbs.org%2Fviewtopic.php%3Ff%3D105%26t%3D2419","N"
"Tuliptree","Liriodendron tulipifera","New York","Onondaga","Green Lakes State Park","","","","","257757","1","","","","Public","142.3'","Clinometer/laser rangefinder/sine","","","","","Tom Howard, Elijah Whitcomb, Robert Henry","2015-04-27","http%3A%2F%2Fwww.ents-bbs.org%2Fviewtopic.php%3Ff%3D105%26t%3D2419","N"
"Tuliptree","Liriodendron tulipifera","New York","Onondaga","Green Lakes State Park","","","","","257750","1","","","","Public","142.8'","Clinometer/laser rangefinder/sine","","","","","Tom Howard, Elijah Whitcomb, Robert Henry","2015-04-27","http%3A%2F%2Fwww.ents-bbs.org%2Fviewtopic.php%3Ff%3D105%26t%3D2419","N"
"Tuliptree","Liriodendron tulipifera","New York","Onondaga","Green Lakes State Park","","","","","221112","1","","","","Public","143.0'","Clinometer/laser rangefinder/sine","10.4'","125''","","","Elijah Whitcomb, Tom Howard, Bob Henry","2020-11-15","http%3A%2F%2Fwww.ents-bbs.org%2Fviewtopic.php%3Ff%3D105%26t%3D2419","N"
"Tuliptree","Liriodendron tulipifera","New York","Onondaga","Green Lakes State Park","","","","","221111","1","","","","Public","143.1'","Clinometer/laser rangefinder/sine","10.8'","129''","","","Elijah Whitcomb, Tom Howard, Bob Henry","2020-11-15","http%3A%2F%2Fwww.ents-bbs.org%2Fviewtopic.php%3Ff%3D105%26t%3D2419","N"
"Tuliptree","Liriodendron tulipifera","New York","Onondaga","Green Lakes State Park","","","","","263473","1","","","","Public","143.7'","Clinometer/laser rangefinder/sine","10.3'","123''","","","Jess Riddle","2015-12-27","http%3A%2F%2Fwww.ents-bbs.org%2Fviewtopic.php%3Ff%3D105%26t%3D2419","N"
"Tuliptree","Liriodendron tulipifera","New York","Onondaga","Green Lakes State Park","","","","","257752","1","","","","Public","144.0'","Clinometer/laser rangefinder/sine","","","","","Tom Howard, Elijah Whitcomb, Robert Henry","2015-04-27","http%3A%2F%2Fwww.ents-bbs.org%2Fviewtopic.php%3Ff%3D105%26t%3D2419","N"
"Tuliptree","Liriodendron tulipifera","New York","Onondaga","Green Lakes State Park","","","","","221079","1","","","","Public","145.0'","Clinometer/laser rangefinder/sine","9.3'","111''","","","Elijah Whitcomb, Tom Howard, Bob Henry","2020-11-15","http%3A%2F%2Fwww.ents-bbs.org%2Fviewtopic.php%3Ff%3D105%26t%3D2419","N"
"Tuliptree","Liriodendron tulipifera","New York","Onondaga","Green Lakes State Park","","","","","221110","1","","","","Public","145.2'","Clinometer/laser rangefinder/sine","12.1'","145''","","","Elijah Whitcomb, Tom Howard, Bob Henry","2020-11-15","http%3A%2F%2Fwww.ents-bbs.org%2Fviewtopic.php%3Ff%3D105%26t%3D2419","N"
"Tuliptree","Liriodendron tulipifera","New York","Onondaga","Green Lakes State Park","","","","","221126","1","","","","Public","145.4'","Clinometer/laser rangefinder/sine","","","","","Elijah Whitcomb, Tom Howard, Bob Henry","2020-11-15","http%3A%2F%2Fwww.ents-bbs.org%2Fviewtopic.php%3Ff%3D105%26t%3D2419","N"
"Tuliptree","Liriodendron tulipifera","New York","Onondaga","Green Lakes State Park","","","","","257748","1","","","","Public","147.9'","Clinometer/laser rangefinder/sine","","","","","Tom Howard, Elijah Whitcomb, Robert Henry","2015-04-27","http%3A%2F%2Fwww.ents-bbs.org%2Fviewtopic.php%3Ff%3D105%26t%3D2419","N"
"Tuliptree","Liriodendron tulipifera","New York","Onondaga","Green Lakes State Park","","","","","221078","1","","","","Public","148.5'","Clinometer/laser rangefinder/sine","9.5'","114''","","","Elijah Whitcomb, Tom Howard, Bob Henry","2020-11-15","http%3A%2F%2Fwww.ents-bbs.org%2Fviewtopic.php%3Ff%3D105%26t%3D2419","N"
"Tuliptree","Liriodendron tulipifera","New York","Onondaga","Green Lakes State Park","","","","","221077","1","","","","Public","151.4'","Clinometer/laser rangefinder/sine","10.6'","128''","","Originally reported as 147.0'.","Elijah Whitcomb, Tom Howard, Bob Henry","2020-11-15","http%3A%2F%2Fwww.ents-bbs.org%2Fviewtopic.php%3Ff%3D105%26t%3D2419","N"
"Tuliptree","Liriodendron tulipifera","New York","Onondaga","Liverpool School Maple Grove","","","","","221019","1","","","","Public-Private","121.5'","Clinometer/laser rangefinder/sine","10.6'","127''","","","Elijah Whitcomb, Tom Howard","2016-12-05","http%3A%2F%2Fwww.ents-bbs.org%2Fviewtopic.php%3Ff%3D105%26t%3D7426%26sid%3Dc5ed2ba57ebfaf34b1030c97de047870%23p41639","N"
"Tuliptree","Liriodendron tulipifera","New York","Onondaga","Liverpool School Maple Grove","","","","","262932","1","","","","Public-Private","121.5'","Clinometer/laser rangefinder/sine","","","","","Tom Howard, Elijah Whitcomb","2015-12-28","http%3A%2F%2Fwww.ents-bbs.org%2Fviewtopic.php%3Ff%3D105%26t%3D7426%26sid%3Dc5ed2ba57ebfaf34b1030c97de047870%23p41639","N"
"Tuliptree","Liriodendron tulipifera","New York","Onondaga","Long Branch Park","","","","","263323","1","","","","Public","119.0'","Clinometer/laser rangefinder/sine","","","","Height is Not Less Then (NLT)","Tom Howard, Elijah Whitcomb","2014-09-07","","N"
"Tuliptree","Liriodendron tulipifera","New York","Onondaga","Long Branch Park","","","","","263326","1","","","","Public","121.2'","Clinometer/laser rangefinder/sine","","","","","Tom Howard, Elijah Whitcomb","2014-09-07","","N"
"Tuliptree","Liriodendron tulipifera","New York","Onondaga","Long Branch Park","","","","","263325","1","","","","Public","123.5'","Clinometer/laser rangefinder/sine","","","","","Tom Howard, Elijah Whitcomb","2014-09-07","","N"
"Tuliptree","Liriodendron tulipifera","New York","Onondaga","Long Branch Park","","","","","263372","1","","","","Public","128.0'","Clinometer/laser rangefinder/sine","","","","","Elijah Whitcomb","2015-11-26","","N"
"Tuliptree","Liriodendron tulipifera","New York","Onondaga","Long Branch Park","","","","","263324","1","","","","Public","129.0'","Clinometer/laser rangefinder/sine","","","","","Tom Howard, Elijah Whitcomb","2014-09-07","","N"
"Tuliptree","Liriodendron tulipifera","New York","Onondaga","Long Branch Park","","","","","230430","1","","","","Public","129.3'","Clinometer/laser rangefinder/sine","10.7'","128''","","Remeasured 11/26/15.","Elijah Whitcomb, Tom Howard, Robert Henry","2021-01-17","","N"
"Tuliptree","Liriodendron tulipifera","New York","Onondaga","Long Branch Park","","","","","263371","1","","","","Public","130.9'","Clinometer/laser rangefinder/sine","","","","","Elijah Whitcomb","2015-11-26","","N"
"Tuliptree","Liriodendron tulipifera","New York","Onondaga","Long Branch Park","43 07.065","-076 15.196","","","230451","1","43 07.065","-076 15.196","380.0 ft","Public","131.3'","Clinometer/laser rangefinder/sine","10.4'","125''","","On small knoll next to John Glenn Blvd.","Elijah Whitcomb, Tom Howard, Robert Henry","2021-01-17","","N"
"Tuliptree","Liriodendron tulipifera","New York","Onondaga","Long Branch Park","","","","","263353","1","","","","Public","132.2'","Clinometer/laser rangefinder/sine","","","","","Elijah Whitcomb","2019-04-08","","N"
"Tuliptree","Liriodendron tulipifera","New York","Onondaga","Long Branch Park","","","","","230452","1","","","","Public","133.2'","Clinometer/laser rangefinder/sine","9.6'","115''","","Curvy tree in tall tree grove.","Elijah Whitcomb, Tom Howard, Robert Henry","2021-01-17","","N"
"Tuliptree","Liriodendron tulipifera","New York","Onondaga","Long Branch Park","43 07.060","-076 15.188","","","230450","1","43 07.060","-076 15.188","380.0 ft","Public","133.4'","Clinometer/laser rangefinder/sine","11.0'","132''","","On small knoll next to John Glenn Blvd.","Elijah Whitcomb, Tom Howard, Robert Henry","2021-01-17","","N"
"Tuliptree","Liriodendron tulipifera","New York","Onondaga","Long Branch Park","","","","","263362","1","","","","Public","133.4'","Clinometer/laser rangefinder/sine","10.4'","125''","","","Elijah Whitcomb","2020-01-28","","N"
"Tuliptree","Liriodendron tulipifera","New York","Onondaga","Oakwood Cemetery","","","","","220491","1","","","","Public","90.0'","Clinometer/laser rangefinder/sine","","","","","Elijah Whitcomb, Tom Howard","2020-11-15","","N"
"Tuliptree","Liriodendron tulipifera","New York","Onondaga","Whiskey Hollow","43 06.889","-076 23.212","","","229743","1","43 06.889","-076 23.212","530.0 ft","Private","120.3'","Clinometer/laser rangefinder/sine","5.6'","67''","","","Elijah Whitcomb","2021-01-03","","N"
"Tuliptree","Liriodendron tulipifera","New York","Onondaga","Whiskey Hollow","43 07.057","-076 23.589","","","229742","1","43 07.057","-076 23.589","610.0 ft","Private","132.2'","Clinometer/laser rangefinder/sine","8.5'","102''","","","Elijah Whitcomb","2021-01-03","","N"
"Tuliptree","Liriodendron tulipifera","New York","Onondaga","Whiskey Hollow","43 07.054","-076 23.586","","","229741","1","43 07.054","-076 23.586","605.0 ft","Private","136.6'","Clinometer/laser rangefinder/sine","8.8'","106''","","","Elijah Whitcomb","2021-01-03","","N"
"Tuliptree","Liriodendron tulipifera","New York","Orange","Storm King State Park","","","","","186145","1","","","","Public","131.2'","Clinometer/laser rangefinder/sine","","","","","Elijah Whitcomb","2019-04-07","","N"
"Tuliptree","Liriodendron tulipifera","New York","Orange","Storm King State Park","","","","","186139","1","","","","Public","132.3'","Clinometer/laser rangefinder/sine","","","","","Elijah Whitcomb","2019-04-07","","N"
"Tuliptree","Liriodendron tulipifera","New York","Orange","Storm King State Park","","","","","186136","1","","","","Public","132.7'","Clinometer/laser rangefinder/sine","","","","","Elijah Whitcomb","2019-04-07","","N"
"Tuliptree","Liriodendron tulipifera","New York","Orange","Storm King State Park","","","","","186135","1","","","","Public","133.4'","Clinometer/laser rangefinder/sine","","","","","Elijah Whitcomb","2019-04-07","","N"
"Tuliptree","Liriodendron tulipifera","New York","Orange","Storm King State Park","","","","","186138","1","","","","Public","135.3'","Clinometer/laser rangefinder/sine","","","","","Elijah Whitcomb","2019-04-07","","N"
"Tuliptree","Liriodendron tulipifera","New York","Orange","Storm King State Park","","","","","186140","1","","","","Public","136.0'","Clinometer/laser rangefinder/sine","","","","","Elijah Whitcomb","2019-04-07","","N"
"Tuliptree","Liriodendron tulipifera","New York","Orange","Storm King State Park","","","","","186141","1","","","","Public","141.3'","Clinometer/laser rangefinder/sine","","","","","Elijah Whitcomb","2019-04-07","","N"
"Tuliptree","Liriodendron tulipifera","New York","Orange","Storm King State Park","","","","","186143","1","","","","Public","145.3'","Clinometer/laser rangefinder/sine","","","","","Elijah Whitcomb","2019-04-07","","N"
"Tuliptree","Liriodendron tulipifera","New York","Orange","Storm King State Park","","","","","186137","1","","","","Public","145.8'","Clinometer/laser rangefinder/sine","","","","","Elijah Whitcomb","2019-04-07","","N"
"Tuliptree","Liriodendron tulipifera","New York","Orange","Storm King State Park","","","","","186144","1","","","","Public","149.0'","Clinometer/laser rangefinder/sine","","","","","Elijah Whitcomb","2019-04-07","","N"
"Tuliptree","Liriodendron tulipifera","New York","Orange","Storm King State Park","","","","","186142","1","","","","Public","155.1'","Clinometer/laser rangefinder/sine","","","","","Elijah Whitcomb","2019-04-07","","N"
"Tuliptree","Liriodendron tulipifera","New York","Oswego","Curtiss-Gale WMA","","","","","257311","1","","","","Public","85.0'","Clinometer/laser rangefinder/sine","9.8'","117''","","","Tom Howard, Robert Henry, Beth Frey","2002-09-14","","N"
"Tuliptree","Liriodendron tulipifera","New York","Oswego","Curtiss-Gale WMA","","","","","221384","1","","","","Public","134.8'","Clinometer/laser rangefinder/sine","10.6'","127''","","","Elijah Whitcomb","2019-05-21","","N"
"Tuliptree","Liriodendron tulipifera","New York","Oswego","Curtiss-Gale WMA","","","","","221383","1","","","","Public","138.2'","Clinometer/laser rangefinder/sine","9.9'","119''","","","Elijah Whitcomb","2019-05-21","","N"
"Tuliptree","Liriodendron tulipifera","New York","Oswego","Curtiss-Gale WMA","","","","","221382","1","","","","Public","143.6'","Clinometer/laser rangefinder/sine","9.6'","115''","","","Elijah Whitcomb","2019-05-21","","N"
"Tuliptree","Liriodendron tulipifera","New York","Oswego","Pioneer Cemetery","","","","","271210","1","","","","Public-Private","103.4'","Clinometer/laser rangefinder/sine","13.9'","167''","","","Tom Howard, Elijah Whitcomb","2014-04-07","http%3A%2F%2Fwww.ents-bbs.org%2Fviewtopic.php%3Ff%3D105%26t%3D6390%26sid%3D9b993092a03968d095a5dff49c4aee1c","N"
"Tuliptree","Liriodendron tulipifera","New York","Oswego","Pioneer Cemetery","","","","","271209","1","","","","Public-Private","116.3'","Clinometer/laser rangefinder/sine","15.6'","187''","","","Tom Howard, Elijah Whitcomb","2014-04-07","http%3A%2F%2Fwww.ents-bbs.org%2Fviewtopic.php%3Ff%3D105%26t%3D6390%26sid%3D9b993092a03968d095a5dff49c4aee1c","N"
"Tuliptree","Liriodendron tulipifera","New York","Putnam","Constitution Marsh","","","","","186015","1","","","","Private","133.5'","Clinometer/laser rangefinder/sine","","","","","Elijah Whitcomb","2019-04-14","","N"
"Tuliptree","Liriodendron tulipifera","New York","Putnam","Constitution Marsh","","","","","186016","1","","","","Private","135.3'","Clinometer/laser rangefinder/sine","","","","","Elijah Whitcomb","2019-04-14","","N"
"Tuliptree","Liriodendron tulipifera","New York","Queens","Alley Pond Park","","","657 acres with 549 acres forever wild.","","258422","1","","","","Public - state","132.7'","Clinometer/laser rangefinder/sine","19.8'","238''","","Tree Known as the 'Queens Giant'","Erik Danielson, Ryan Leclair","2016-09-24","http%3A%2F%2Fwww.ents-bbs.org%2Fviewtopic.php%3Ff%3D105%26t%3D7815%26sid%3Dc5e8d2b41b9f1f19f1de028e023dbcbf","N"
"Tuliptree","Liriodendron tulipifera","New York","Queens","Alley Pond Park","","","657 acres with 549 acres forever wild.","","258424","1","","","","Public - state","134.5'","Clinometer/laser rangefinder/sine","","","","","Erik Danielson, Ryan Leclair","2016-09-24","http%3A%2F%2Fwww.ents-bbs.org%2Fviewtopic.php%3Ff%3D105%26t%3D7815%26sid%3Dc5e8d2b41b9f1f19f1de028e023dbcbf","N"
"Tuliptree","Liriodendron tulipifera","New York","Queens","Alley Pond Park","","","657 acres with 549 acres forever wild.","","258423","1","","","","Public - state","147.0'","Clinometer/laser rangefinder/sine","14.9'","179''","","","Erik Danielson, Ryan Leclair","2016-09-24","http%3A%2F%2Fwww.ents-bbs.org%2Fviewtopic.php%3Ff%3D105%26t%3D7815%26sid%3Dc5e8d2b41b9f1f19f1de028e023dbcbf","N"
"Tuliptree","Liriodendron tulipifera","New York","Richmond","Allison Park","","","21 acres","","258569","1","","","","Public - county","95.9'","Clinometer/laser rangefinder/sine","16.0'","192''","","Measured in Allison Pool Park","Erik Danielson","2015-12-05","http%3A%2F%2Fwww.ents-bbs.org%2Fviewtopic.php%3Ff%3D105%26t%3D7364%26sid%3D2fe68124a5f5fe6b022b45365a014844","N"
"Tuliptree","Liriodendron tulipifera","New York","Richmond","Allison Park","","","21 acres","","258568","1","","","","Public - county","114.1'","Clinometer/laser rangefinder/sine","","","","Measured in Allison Pool Park","Erik Danielson","2015-12-05","http%3A%2F%2Fwww.ents-bbs.org%2Fviewtopic.php%3Ff%3D105%26t%3D7364%26sid%3D2fe68124a5f5fe6b022b45365a014844","N"
"Tuliptree","Liriodendron tulipifera","New York","Richmond","Allison Park","","","21 acres","","258567","1","","","","Public - county","117.6'","Clinometer/laser rangefinder/sine","","","","Measured in Allison Pool Park","Erik Danielson","2015-12-05","http%3A%2F%2Fwww.ents-bbs.org%2Fviewtopic.php%3Ff%3D105%26t%3D7364%26sid%3D2fe68124a5f5fe6b022b45365a014844","N"
"Tuliptree","Liriodendron tulipifera","New York","Richmond","Allison Park","","","21 acres","","258566","1","","","","Public - county","123.5'","Clinometer/laser rangefinder/sine","13.8'","166''","","Measured in Allison Pool Park","Erik Danielson","2015-12-05","http%3A%2F%2Fwww.ents-bbs.org%2Fviewtopic.php%3Ff%3D105%26t%3D7364%26sid%3D2fe68124a5f5fe6b022b45365a014844","N"
"Tuliptree","Liriodendron tulipifera","New York","Richmond","Allison Park","","","21 acres","","258565","1","","","","Public - county","126.0'","Clinometer/laser rangefinder/sine","14.5'","174''","","Measured in Allison Pool Park","Erik Danielson","2015-12-05","http%3A%2F%2Fwww.ents-bbs.org%2Fviewtopic.php%3Ff%3D105%26t%3D7364%26sid%3D2fe68124a5f5fe6b022b45365a014844","N"
"Tuliptree","Liriodendron tulipifera","New York","Richmond","Clove Lakes Park","","","Trees were measured 12/20/2015 and 3/3/2016","","265812","1","","","","Public - city","108.2'","Clinometer/laser rangefinder/sine","15.5'","186''","","","Erik Danielson","2015-12-20","http%3A%2F%2Fwww.ents-bbs.org%2Fviewtopic.php%3Ff%3D105%26t%3D7397%26sid%3De9b5b3b04e3a1d8597b486e4297a43b9","N"
"Tuliptree","Liriodendron tulipifera","New York","Richmond","Clove Lakes Park","","","Trees were measured 12/20/2015 and 3/3/2016","","265811","1","","","","Public - city","109.3'","Clinometer/laser rangefinder/sine","15.7'","188''","","","Erik Danielson","2015-12-20","http%3A%2F%2Fwww.ents-bbs.org%2Fviewtopic.php%3Ff%3D105%26t%3D7397%26sid%3De9b5b3b04e3a1d8597b486e4297a43b9","N"
"Tuliptree","Liriodendron tulipifera","New York","Richmond","Clove Lakes Park","","","Trees were measured 12/20/2015 and 3/3/2016","","265836","1","","","","Public - city","113.2'","Clinometer/laser rangefinder/sine","","","","","Erik Danielson","2015-12-20","http%3A%2F%2Fwww.ents-bbs.org%2Fviewtopic.php%3Ff%3D105%26t%3D7397%26sid%3De9b5b3b04e3a1d8597b486e4297a43b9","N"
"Tuliptree","Liriodendron tulipifera","New York","Richmond","Clove Lakes Park","","","Trees were measured 12/20/2015 and 3/3/2016","","265839","1","","","","Public - city","118.2'","Clinometer/laser rangefinder/sine","","","","","Erik Danielson","2015-12-20","http%3A%2F%2Fwww.ents-bbs.org%2Fviewtopic.php%3Ff%3D105%26t%3D7397%26sid%3De9b5b3b04e3a1d8597b486e4297a43b9","N"
"Tuliptree","Liriodendron tulipifera","New York","Richmond","Clove Lakes Park","","","Trees were measured 12/20/2015 and 3/3/2016","","265838","1","","","","Public - city","119.0'","Clinometer/laser rangefinder/sine","","","","","Erik Danielson","2015-12-20","http%3A%2F%2Fwww.ents-bbs.org%2Fviewtopic.php%3Ff%3D105%26t%3D7397%26sid%3De9b5b3b04e3a1d8597b486e4297a43b9","N"
"Tuliptree","Liriodendron tulipifera","New York","Richmond","Clove Lakes Park","","","Trees were measured 12/20/2015 and 3/3/2016","","265899","1","","","","Public - city","119.0'","Clinometer/laser rangefinder/sine","5.6'","67''","","In Clove Lakes Park","Erik Danielson","2015-09-22","http%3A%2F%2Fwww.ents-bbs.org%2Fviewtopic.php%3Ff%3D105%26t%3D7397%26sid%3De9b5b3b04e3a1d8597b486e4297a43b9","N"
"Tuliptree","Liriodendron tulipifera","New York","Richmond","Clove Lakes Park","","","Trees were measured 12/20/2015 and 3/3/2016","","265810","1","","","","Public - city","120.4'","Clinometer/laser rangefinder/sine","12.9'","155''","","","Erik Danielson","2015-12-20","http%3A%2F%2Fwww.ents-bbs.org%2Fviewtopic.php%3Ff%3D105%26t%3D7397%26sid%3De9b5b3b04e3a1d8597b486e4297a43b9","N"
"Tuliptree","Liriodendron tulipifera","New York","Richmond","Clove Lakes Park","","","Trees were measured 12/20/2015 and 3/3/2016","","265809","1","","","","Public - city","120.8'","Clinometer/laser rangefinder/sine","12.3'","148''","","","Erik Danielson","2015-12-20","http%3A%2F%2Fwww.ents-bbs.org%2Fviewtopic.php%3Ff%3D105%26t%3D7397%26sid%3De9b5b3b04e3a1d8597b486e4297a43b9","N"
"Tuliptree","Liriodendron tulipifera","New York","Richmond","Clove Lakes Park","","","Trees were measured 12/20/2015 and 3/3/2016","","265898","1","","","","Public - city","123.5'","Clinometer/laser rangefinder/sine","6.1'","74''","","In Clove Lakes Park","Erik Danielson","2015-09-22","http%3A%2F%2Fwww.ents-bbs.org%2Fviewtopic.php%3Ff%3D105%26t%3D7397%26sid%3De9b5b3b04e3a1d8597b486e4297a43b9","N"
"Tuliptree","Liriodendron tulipifera","New York","Richmond","Clove Lakes Park","","","Trees were measured 12/20/2015 and 3/3/2016","","265808","1","","","","Public - city","126.0'","Clinometer/laser rangefinder/sine","13.1'","157''","","","Erik Danielson","2015-12-20","http%3A%2F%2Fwww.ents-bbs.org%2Fviewtopic.php%3Ff%3D105%26t%3D7397%26sid%3De9b5b3b04e3a1d8597b486e4297a43b9","N"
"Tuliptree","Liriodendron tulipifera","New York","Richmond","Clove Lakes Park","","","Trees were measured 12/20/2015 and 3/3/2016","","265837","1","","","","Public - city","126.4'","Clinometer/laser rangefinder/sine","","","","","Erik Danielson","2015-12-20","http%3A%2F%2Fwww.ents-bbs.org%2Fviewtopic.php%3Ff%3D105%26t%3D7397%26sid%3De9b5b3b04e3a1d8597b486e4297a43b9","N"
"Tuliptree","Liriodendron tulipifera","New York","Richmond","Clove Lakes Park","","","Trees were measured 12/20/2015 and 3/3/2016","","265807","1","","","","Public - city","126.6'","Clinometer/laser rangefinder/sine","23.5'","282''","99.6'","Crown spread is an average of the two axis method. Maximum is 117'
Known as the ""Clove Lakes Colossus'","Erik Danielson","2015-12-20","http%3A%2F%2Fwww.ents-bbs.org%2Fviewtopic.php%3Ff%3D105%26t%3D7397%26sid%3De9b5b3b04e3a1d8597b486e4297a43b9","N"
"Tuliptree","Liriodendron tulipifera","New York","Richmond","Clove Lakes Park","","","Trees were measured 12/20/2015 and 3/3/2016","","265900","1","","","","Public - city","128.0'","Clinometer/laser rangefinder/sine","11.8'","142''","","Wolfe's Pond Park","Erik Danielson","2015-09-22","http%3A%2F%2Fwww.ents-bbs.org%2Fviewtopic.php%3Ff%3D105%26t%3D7397%26sid%3De9b5b3b04e3a1d8597b486e4297a43b9","N"
"Tuliptree","Liriodendron tulipifera","New York","Richmond","Corson's Brook Woods","","","21 Acres","","258244","1","","","","Private","120.7'","Clinometer/laser rangefinder/sine","","","","","Erik Danielson","2016-04-01","http%3A%2F%2Fwww.ents-bbs.org%2Fviewtopic.php%3Ff%3D105%26t%3D7363%26sid%3D5a6e017133ea02fd52261a4e1e950e4e%23p38394","N"
"Tuliptree","Liriodendron tulipifera","New York","Richmond","Corson's Brook Woods","","","21 Acres","","258249","1","","","","Private","124.1'","Clinometer/laser rangefinder/sine","","","","","Erik Danielson","2016-04-01","http%3A%2F%2Fwww.ents-bbs.org%2Fviewtopic.php%3Ff%3D105%26t%3D7363%26sid%3D5a6e017133ea02fd52261a4e1e950e4e%23p38394","N"
"Tuliptree","Liriodendron tulipifera","New York","Richmond","Corson's Brook Woods","","","21 Acres","","258248","1","","","","Private","124.5'","Clinometer/laser rangefinder/sine","","","","","Erik Danielson","2016-04-01","http%3A%2F%2Fwww.ents-bbs.org%2Fviewtopic.php%3Ff%3D105%26t%3D7363%26sid%3D5a6e017133ea02fd52261a4e1e950e4e%23p38394","N"
"Tuliptree","Liriodendron tulipifera","New York","Richmond","Corson's Brook Woods","","","21 Acres","","258243","1","","","","Private","126.4'","Clinometer/laser rangefinder/sine","","","","","Erik Danielson","2016-04-01","http%3A%2F%2Fwww.ents-bbs.org%2Fviewtopic.php%3Ff%3D105%26t%3D7363%26sid%3D5a6e017133ea02fd52261a4e1e950e4e%23p38394","N"
"Tuliptree","Liriodendron tulipifera","New York","Richmond","Corson's Brook Woods","","","21 Acres","","258247","1","","","","Private","126.5'","Clinometer/laser rangefinder/sine","","","","","Erik Danielson","2016-04-01","http%3A%2F%2Fwww.ents-bbs.org%2Fviewtopic.php%3Ff%3D105%26t%3D7363%26sid%3D5a6e017133ea02fd52261a4e1e950e4e%23p38394","N"
"Tuliptree","Liriodendron tulipifera","New York","Richmond","Corson's Brook Woods","","","21 Acres","","258242","1","","","","Private","128.0'","Clinometer/laser rangefinder/sine","12.2'","146''","","","Erik Danielson","2016-04-01","http%3A%2F%2Fwww.ents-bbs.org%2Fviewtopic.php%3Ff%3D105%26t%3D7363%26sid%3D5a6e017133ea02fd52261a4e1e950e4e%23p38394","N"
"Tuliptree","Liriodendron tulipifera","New York","Richmond","Corson's Brook Woods","","","21 Acres","","258246","1","","","","Private","128.6'","Clinometer/laser rangefinder/sine","","","","","Erik Danielson","2016-04-01","http%3A%2F%2Fwww.ents-bbs.org%2Fviewtopic.php%3Ff%3D105%26t%3D7363%26sid%3D5a6e017133ea02fd52261a4e1e950e4e%23p38394","N"
"Tuliptree","Liriodendron tulipifera","New York","Richmond","Corson's Brook Woods","","","21 Acres","","258241","1","","","","Private","130.3'","Clinometer/laser rangefinder/sine","9.6'","115''","","","Erik Danielson","2016-04-01","http%3A%2F%2Fwww.ents-bbs.org%2Fviewtopic.php%3Ff%3D105%26t%3D7363%26sid%3D5a6e017133ea02fd52261a4e1e950e4e%23p38394","N"
"Tuliptree","Liriodendron tulipifera","New York","Richmond","Corson's Brook Woods","","","21 Acres","","258245","1","","","","Private","133.1'","Clinometer/laser rangefinder/sine","","","","","Erik Danielson","2016-04-01","http%3A%2F%2Fwww.ents-bbs.org%2Fviewtopic.php%3Ff%3D105%26t%3D7363%26sid%3D5a6e017133ea02fd52261a4e1e950e4e%23p38394","N"
"Tuliptree","Liriodendron tulipifera","New York","Richmond","North Mount Loretto State Forest","","","74 acres","","258378","1","","","","Public - county","116.5'","Clinometer/laser rangefinder/sine","10.8'","130''","","","Erik Danielson","2015-09-22","http%3A%2F%2Fwww.ents-bbs.org%2Fviewtopic.php%3Ff%3D105%26t%3D7245","N"
"Tuliptree","Liriodendron tulipifera","New York","Richmond","North Mount Loretto State Forest","","","74 acres","","258379","1","","","","Public - county","122.9'","Clinometer/laser rangefinder/sine","8.8'","106''","","","Erik Danielson","2015-09-22","http%3A%2F%2Fwww.ents-bbs.org%2Fviewtopic.php%3Ff%3D105%26t%3D7245","N"
"Tuliptree","Liriodendron tulipifera","New York","Richmond","North Mount Loretto State Forest","","","74 acres","","258380","1","","","","Public - county","128.7'","Clinometer/laser rangefinder/sine","","","","","Erik Danielson","2015-09-22","http%3A%2F%2Fwww.ents-bbs.org%2Fviewtopic.php%3Ff%3D105%26t%3D7245","N"
"Tuliptree","Liriodendron tulipifera","New York","Richmond","North Mount Loretto State Forest","","","74 acres","","258381","1","","","","Public - county","133.5'","Clinometer/laser rangefinder/sine","12.6'","151''","","","Erik Danielson","2015-09-22","http%3A%2F%2Fwww.ents-bbs.org%2Fviewtopic.php%3Ff%3D105%26t%3D7245","N"
"Tuliptree","Liriodendron tulipifera","New York","Richmond","The Greenbelt","","","","","260277","1","","","","Public - county","111.0'","Clinometer/laser rangefinder/sine","","","","Willow Brook Park","Erik Danielson","2016-02-21","http%3A%2F%2Fwww.ents-bbs.org%2Fviewtopic.php%3Ff%3D105%26t%3D7541%26sid%3Ded2fa30b6553b50502468b82dfb9fe41","N"
"Tuliptree","Liriodendron tulipifera","New York","Richmond","The Greenbelt","","","","","260276","1","","","","Public - county","112.1'","Clinometer/laser rangefinder/sine","","","","Willow Brook Park","Erik Danielson","2016-02-21","http%3A%2F%2Fwww.ents-bbs.org%2Fviewtopic.php%3Ff%3D105%26t%3D7541%26sid%3Ded2fa30b6553b50502468b82dfb9fe41","N"
"Tuliptree","Liriodendron tulipifera","New York","Richmond","The Greenbelt","","","","","260275","1","","","","Public - county","113.3'","Clinometer/laser rangefinder/sine","","","","Willow Brook Park","Erik Danielson","2016-02-21","http%3A%2F%2Fwww.ents-bbs.org%2Fviewtopic.php%3Ff%3D105%26t%3D7541%26sid%3Ded2fa30b6553b50502468b82dfb9fe41","N"
"Tuliptree","Liriodendron tulipifera","New York","Richmond","The Greenbelt","","","","","260258","1","","","","Public - county","115.5'","Clinometer/laser rangefinder/sine","","","","High Rock Park","Erik Danielson","2016-02-21","http%3A%2F%2Fwww.ents-bbs.org%2Fviewtopic.php%3Ff%3D105%26t%3D7541%26sid%3Ded2fa30b6553b50502468b82dfb9fe41","N"
"Tuliptree","Liriodendron tulipifera","New York","Richmond","The Greenbelt","","","","","260289","1","","","","Public - county","120.0'","Clinometer/laser rangefinder/sine","10.6'","127''","","Cemetery property","Erik Danielson","2016-02-21","http%3A%2F%2Fwww.ents-bbs.org%2Fviewtopic.php%3Ff%3D105%26t%3D7541%26sid%3Ded2fa30b6553b50502468b82dfb9fe41","N"
"Tuliptree","Liriodendron tulipifera","New York","Richmond","The Greenbelt","","","","","260257","1","","","","Public - county","121.0'","Clinometer/laser rangefinder/sine","11.0'","132''","","High Rock Park","Erik Danielson","2016-02-21","http%3A%2F%2Fwww.ents-bbs.org%2Fviewtopic.php%3Ff%3D105%26t%3D7541%26sid%3Ded2fa30b6553b50502468b82dfb9fe41","N"
"Tuliptree","Liriodendron tulipifera","New York","Richmond","The Greenbelt","","","","","260288","1","","","","Public - county","121.5'","Clinometer/laser rangefinder/sine","10.9'","131''","","Cemetery property","Erik Danielson","2016-02-21","http%3A%2F%2Fwww.ents-bbs.org%2Fviewtopic.php%3Ff%3D105%26t%3D7541%26sid%3Ded2fa30b6553b50502468b82dfb9fe41","N"
"Tuliptree","Liriodendron tulipifera","New York","Richmond","The Greenbelt","","","","","260287","1","","","","Public - county","123.0'","Clinometer/laser rangefinder/sine","11.5'","138''","","Cemetery property","Erik Danielson","2016-02-21","http%3A%2F%2Fwww.ents-bbs.org%2Fviewtopic.php%3Ff%3D105%26t%3D7541%26sid%3Ded2fa30b6553b50502468b82dfb9fe41","N"
"Tuliptree","Liriodendron tulipifera","New York","Richmond","The Greenbelt","","","","","260212","1","","","","Public - county","123.5'","Clinometer/laser rangefinder/sine","","","","High Rock Park","Erik Danielson","2016-02-21","http%3A%2F%2Fwww.ents-bbs.org%2Fviewtopic.php%3Ff%3D105%26t%3D7541%26sid%3Ded2fa30b6553b50502468b82dfb9fe41","N"
"Tuliptree","Liriodendron tulipifera","New York","Richmond","The Greenbelt","","","","","260211","1","","","","Public - county","123.7'","Clinometer/laser rangefinder/sine","8.8'","106''","","High Rock Park","Erik Danielson","2016-02-21","http%3A%2F%2Fwww.ents-bbs.org%2Fviewtopic.php%3Ff%3D105%26t%3D7541%26sid%3Ded2fa30b6553b50502468b82dfb9fe41","N"
"Tuliptree","Liriodendron tulipifera","New York","Richmond","The Greenbelt","","","","","260292","1","","","","Public - county","124.5'","Clinometer/laser rangefinder/sine","","","","High Rock Park","Erik Danielson","2016-02-21","http%3A%2F%2Fwww.ents-bbs.org%2Fviewtopic.php%3Ff%3D105%26t%3D7541%26sid%3Ded2fa30b6553b50502468b82dfb9fe41","N"
"Tuliptree","Liriodendron tulipifera","New York","Richmond","The Greenbelt","","","","","260256","1","","","","Public - county","125.0'","Clinometer/laser rangefinder/sine","8.3'","100''","","High Rock Park","Erik Danielson","2016-02-21","http%3A%2F%2Fwww.ents-bbs.org%2Fviewtopic.php%3Ff%3D105%26t%3D7541%26sid%3Ded2fa30b6553b50502468b82dfb9fe41","N"
"Tuliptree","Liriodendron tulipifera","New York","Richmond","The Greenbelt","","","","","260210","1","","","","Public - county","128.2'","Clinometer/laser rangefinder/sine","13.0'","156''","","High Rock Park","Erik Danielson","2016-02-21","http%3A%2F%2Fwww.ents-bbs.org%2Fviewtopic.php%3Ff%3D105%26t%3D7541%26sid%3Ded2fa30b6553b50502468b82dfb9fe41","N"
"Tuliptree","Liriodendron tulipifera","New York","Richmond","The Greenbelt","","","","","260209","1","","","","Public - county","128.7'","Clinometer/laser rangefinder/sine","","","","High Rock Park","Erik Danielson","2016-02-21","http%3A%2F%2Fwww.ents-bbs.org%2Fviewtopic.php%3Ff%3D105%26t%3D7541%26sid%3Ded2fa30b6553b50502468b82dfb9fe41","N"
"Tuliptree","Liriodendron tulipifera","New York","Richmond","The Greenbelt","","","","","260208","1","","","","Public - county","133.5'","Clinometer/laser rangefinder/sine","12.6'","151''","","High Rock Park","Erik Danielson","2016-02-21","http%3A%2F%2Fwww.ents-bbs.org%2Fviewtopic.php%3Ff%3D105%26t%3D7541%26sid%3Ded2fa30b6553b50502468b82dfb9fe41","N"
"Tuliptree","Liriodendron tulipifera","New York","Schuyler","Watkins Glen State Park","","","","","186105","1","","","","Public","99.8'","Clinometer/laser rangefinder/sine","","","","","Elijah Whitcomb","2019-02-11","","N"
"Tuliptree","Liriodendron tulipifera","New York","Seneca","Cayuga Lake State Park","","","","","221062","1","","","","Public","124.1'","Clinometer/laser rangefinder/sine","10.1'","121''","","","Elijah Whitcomb, Tom Howard","2020-11-16","http%3A%2F%2Fwww.ents-bbs.org%2Fviewtopic.php%3Ff%3D105%26t%3D7243","N"
"Tuliptree","Liriodendron tulipifera","New York","Seneca","Cayuga Lake State Park","","","","","221068","1","","","","Public","127.9'","Clinometer/laser rangefinder/sine","","","","","Elijah Whitcomb, Tom Howard","2020-11-16","http%3A%2F%2Fwww.ents-bbs.org%2Fviewtopic.php%3Ff%3D105%26t%3D7243","N"
"Tuliptree","Liriodendron tulipifera","New York","Seneca","Cayuga Lake State Park","","","","","221075","1","","","","Public","128.8'","Clinometer/laser rangefinder/sine","","","","","Elijah Whitcomb, Tom Howard","2020-11-16","http%3A%2F%2Fwww.ents-bbs.org%2Fviewtopic.php%3Ff%3D105%26t%3D7243","N"
"Tuliptree","Liriodendron tulipifera","New York","Seneca","Cayuga Lake State Park","","","","","221074","1","","","","Public","130.0'","Clinometer/laser rangefinder/sine","8.4'","101''","","","Elijah Whitcomb, Tom Howard","2020-11-16","http%3A%2F%2Fwww.ents-bbs.org%2Fviewtopic.php%3Ff%3D105%26t%3D7243","N"
"Tuliptree","Liriodendron tulipifera","New York","Suffolk","Seminary Of Immaculate Conception","","","Trees measured in woodland behind seminary.","","264366","1","","","","Private","136.5'","Clinometer/laser rangefinder/sine","9.5'","114''","","","Erik Danielson, Daniel Karpan","2017-03-13","http%3A%2F%2Fwww.ents-bbs.org%2Fviewtopic.php%3Ff%3D105%26t%3D7958%26sid%3Dd931350e7604e1f4aba1a18082d94ded%23p39680","N"
"Tuliptree","Liriodendron tulipifera","New York","Suffolk","Seminary Of Immaculate Conception","","","Trees measured in woodland behind seminary.","","264365","1","","","","Private","144.5'","Clinometer/laser rangefinder/sine","11.5'","138''","","","Erik Danielson, Daniel Karpan","2017-03-13","http%3A%2F%2Fwww.ents-bbs.org%2Fviewtopic.php%3Ff%3D105%26t%3D7958%26sid%3Dd931350e7604e1f4aba1a18082d94ded%23p39680","N"
"Tuliptree","Liriodendron tulipifera","New York","Suffolk","Seminary Of Immaculate Conception","","","Trees measured in woodland behind seminary.","","264364","1","","","","Private","151.1'","Clinometer/laser rangefinder/sine","11.9'","143''","","","Erik Danielson, Daniel Karpan","2017-03-13","http%3A%2F%2Fwww.ents-bbs.org%2Fviewtopic.php%3Ff%3D105%26t%3D7958%26sid%3Dd931350e7604e1f4aba1a18082d94ded%23p39680","N"
"Tuliptree","Liriodendron tulipifera","New York","Tompkins","Cornell Plantations/Beebe Lake Woods","42 26.991","-076 28.352","","","282327","1","42 26.991","-076 28.352","","Private:  Cornell University","117.0'","Clinometer/laser rangefinder/sine","","","","","Elijah Whitcomb, Tom Howard","2020-11-08","http%3A%2F%2Fwww.ents-bbs.org%2Fviewtopic.php%3Ff%3D105%26t%3D6655","N"
"Tuliptree","Liriodendron tulipifera","New York","Tompkins","Cornell Plantations/Beebe Lake Woods","","","","","282311","1","","","","Private:  Cornell University","120.0'","","","","","Measured by Tom Howard.","Elijah Whitcomb, Tom Howard","2020-11-08","http%3A%2F%2Fwww.ents-bbs.org%2Fviewtopic.php%3Ff%3D105%26t%3D6655","N"
"Tuliptree","Liriodendron tulipifera","New York","Tompkins","Cornell Plantations/Beebe Lake Woods","","","","","261861","1","","","","Private:  Cornell University","120.6'","Clinometer/laser rangefinder/sine","","","","","Elijah Whitcomb","2018-04-16","http%3A%2F%2Fwww.ents-bbs.org%2Fviewtopic.php%3Ff%3D105%26t%3D6655","N"
"Tuliptree","Liriodendron tulipifera","New York","Tompkins","Fischer Old Growth Natural Area","","","","","205439","1","","","","Public","143.0'","Clinometer/laser rangefinder/sine","","","","","Elijah Whitcomb","2018-09-16","http%3A%2F%2Fwww.ents-bbs.org%2Fviewtopic.php%3Ff%3D105%26t%3D8383","N"
"Tuliptree","Liriodendron tulipifera","New York","Tompkins","Fischer Old Growth Natural Area","","","","","205443","1","","","","Public","146.0'","Clinometer/laser rangefinder/sine","","","","","Elijah Whitcomb","2018-09-16","http%3A%2F%2Fwww.ents-bbs.org%2Fviewtopic.php%3Ff%3D105%26t%3D8383","N"
"Tuliptree","Liriodendron tulipifera","New York","Tompkins","Fischer Old Growth Natural Area","","","","","205442","1","","","","Public","149.3'","Clinometer/laser rangefinder/sine","9.6'","116''","","","Elijah Whitcomb","2018-09-16","http%3A%2F%2Fwww.ents-bbs.org%2Fviewtopic.php%3Ff%3D105%26t%3D8383","N"
"Tuliptree","Liriodendron tulipifera","New York","Tompkins","Palmer Woods","","","","","230079","1","","","","Public","114.0'","Clinometer/laser rangefinder/sine","","","","","Elijah Whitcomb, Tom Howard","2021-01-10","","N"
"Tuliptree","Liriodendron tulipifera","New York","Tompkins","Palmer Woods","42 27.588","-076 28.763","","","230084","1","42 27.588","-076 28.763","895.0 ft","Public","123.6'","Clinometer/laser rangefinder/sine","9.1'","109''","","","Elijah Whitcomb, Tom Howard","2021-01-10","","N"
"Tuliptree","Liriodendron tulipifera","New York","Tompkins","Robert H. Treman State Park","","","","","212951","1","","","","Public","132.6'","Clinometer/laser rangefinder/sine","","","","","Elijah Whitcomb","2019-06-10","","N"
"Tuliptree","Liriodendron tulipifera","New York","Tompkins","Robert H. Treman State Park","42 23.925","-076 33.380","","","212952","1","42 23.925","-076 33.380","590.0 ft","Public","144.0'","Clinometer/laser rangefinder/sine","","","","","Elijah Whitcomb","2019-06-10","","N"
"Tuliptree","Liriodendron tulipifera","New York","Tompkins","Smith Woods","","","","","221331","1","","","","Public","134.0'","Clinometer/laser rangefinder/sine","11.4'","137''","","","Elijah Whitcomb, Tom Howard","2020-10-04","http%3A%2F%2Fwww.ents-bbs.org%2Fviewtopic.php%3Ff%3D105%26t%3D7265","N"
"Tuliptree","Liriodendron tulipifera","New York","Tompkins","Smith Woods","","","","","221334","1","","","","Public","136.4'","Clinometer/laser rangefinder/sine","12.7'","152''","","","Elijah Whitcomb, Tom Howard","2020-10-04","http%3A%2F%2Fwww.ents-bbs.org%2Fviewtopic.php%3Ff%3D105%26t%3D7265","N"
"Tuliptree","Liriodendron tulipifera","New York","Tompkins","Smith Woods","","","","","221290","1","","","","Public","138.7'","Clinometer/laser rangefinder/sine","","","","","Elijah Whitcomb, Tom Howard","2020-10-04","http%3A%2F%2Fwww.ents-bbs.org%2Fviewtopic.php%3Ff%3D105%26t%3D7265","N"
"Tuliptree","Liriodendron tulipifera","New York","Tompkins","Smith Woods","","","","","221330","1","","","","Public","140.1'","Clinometer/laser rangefinder/sine","9.1'","109''","","","Elijah Whitcomb, Tom Howard","2020-10-04","http%3A%2F%2Fwww.ents-bbs.org%2Fviewtopic.php%3Ff%3D105%26t%3D7265","N"
"Tuliptree","Liriodendron tulipifera","New York","Tompkins","Smith Woods","","","","","221333","1","","","","Public","142.1'","Clinometer/laser rangefinder/sine","11.5'","138''","","","Elijah Whitcomb, Tom Howard","2020-10-04","http%3A%2F%2Fwww.ents-bbs.org%2Fviewtopic.php%3Ff%3D105%26t%3D7265","N"
"Tuliptree","Liriodendron tulipifera","New York","Tompkins","Smith Woods","42 32.224","-076 38.765","","","221329","1","42 32.224","-076 38.765","990.0 ft","Public","143.6'","Clinometer/laser rangefinder/sine","9.3'","112''","","","Elijah Whitcomb, Tom Howard","2020-10-04","http%3A%2F%2Fwww.ents-bbs.org%2Fviewtopic.php%3Ff%3D105%26t%3D7265","N"
"Tuliptree","Liriodendron tulipifera","New York","Tompkins","Taughannock Falls State Park","","","","","230097","1","","","","Public","131.0'","Clinometer/laser rangefinder/sine","","","","","Elijah Whitcomb","2021-01-10","","N"
"Tuliptree","Liriodendron tulipifera","New York","Tompkins","Taughannock Falls State Park","","","","","230096","1","","","","Public","140.3'","Clinometer/laser rangefinder/sine","","","","","Elijah Whitcomb","2021-01-10","","N"
"Tuliptree","Liriodendron tulipifera","New York","Ulster","Palmaghatt Kill Ravine","","","22,275 acres managed by the Palisades Interstate Park commission and the New York Office of Parks, Recreation and Historic Preservation.","","257044","1","","","","Public - state","108.0'","Clinometer/laser rangefinder/sine","10.2'","122''","","","Harold Stoner","2002-11-09","http%3A%2F%2Fwww.nativetreesociety.org%2Ffieldtrips%2Fnew_york%2Fpalmaghatt_survey_report.htm","N"
"Tuliptree","Liriodendron tulipifera","New York","Wayne","Zurich Bog","","","","","221769","1","","","","Private","130.0'","Clinometer/laser rangefinder/sine","","","","","Elijah Whitcomb","2019-06-03","","N"
"Tuliptree","Liriodendron tulipifera","New York","Wayne/Cayuga","Howland's Island","43 04.283","-076 41.811","Part of the Montezuma NWF, Howland's Island is a multi-use public property. The land area is broken up by several large ponds, swamps, meadows, fields and cattail marshes.  Most of the forested land contains even-aged hardwood stands, though a few very large and old specimens can be found.","","220710","1","43 04.283","-076 41.811","","Public (NYS)","107.5'","Clinometer/laser rangefinder/sine","6.5'","78''","","","Elijah Whitcomb","2020-11-16","http%3A%2F%2Fwww.ents-bbs.org%2Fviewtopic.php%3Ff%3D105%26t%3D3337","N"
"Tuliptree","Liriodendron tulipifera","New York","Wayne/Cayuga","Howland's Island","","","Part of the Montezuma NWF, Howland's Island is a multi-use public property. The land area is broken up by several large ponds, swamps, meadows, fields and cattail marshes.  Most of the forested land contains even-aged hardwood stands, though a few very large and old specimens can be found.","","220772","1","","","","Public (NYS)","120.4'","Clinometer/laser rangefinder/sine","7.4'","89''","","","Elijah Whitcomb","2020-11-16","http%3A%2F%2Fwww.ents-bbs.org%2Fviewtopic.php%3Ff%3D105%26t%3D3337","N"
"Tuliptree","Liriodendron tulipifera","New York","Wayne/Cayuga","Howland's Island","","","Part of the Montezuma NWF, Howland's Island is a multi-use public property. The land area is broken up by several large ponds, swamps, meadows, fields and cattail marshes.  Most of the forested land contains even-aged hardwood stands, though a few very large and old specimens can be found.","","220795","1","","","","Public (NYS)","125.7'","Clinometer/laser rangefinder/sine","6.8'","81''","","Measured by Jess Riddle, posted to NTS BBS 3/11/2012.","Elijah Whitcomb","2020-11-16","http%3A%2F%2Fwww.ents-bbs.org%2Fviewtopic.php%3Ff%3D105%26t%3D3337","N"
"Tuliptree","Liriodendron tulipifera","New York","Wayne/Cayuga","Howland's Island","","","Part of the Montezuma NWF, Howland's Island is a multi-use public property. The land area is broken up by several large ponds, swamps, meadows, fields and cattail marshes.  Most of the forested land contains even-aged hardwood stands, though a few very large and old specimens can be found.","","220794","1","","","","Public (NYS)","126.2'","Clinometer/laser rangefinder/sine","6.2'","74''","","Measured by Jess Riddle, posted to NTS BBS 3/11/2012.","Elijah Whitcomb","2020-11-16","http%3A%2F%2Fwww.ents-bbs.org%2Fviewtopic.php%3Ff%3D105%26t%3D3337","N"
"Tuliptree","Liriodendron tulipifera","New York","Wayne/Cayuga","Howland's Island","","","Part of the Montezuma NWF, Howland's Island is a multi-use public property. The land area is broken up by several large ponds, swamps, meadows, fields and cattail marshes.  Most of the forested land contains even-aged hardwood stands, though a few very large and old specimens can be found.","","220868","1","","","","Public (NYS)","126.7'","Clinometer/laser rangefinder/sine","","","","Double trunk","Elijah Whitcomb","2020-11-16","http%3A%2F%2Fwww.ents-bbs.org%2Fviewtopic.php%3Ff%3D105%26t%3D3337","N"
"Tuliptree","Liriodendron tulipifera","New York","Wayne/Cayuga","Howland's Island","","","Part of the Montezuma NWF, Howland's Island is a multi-use public property. The land area is broken up by several large ponds, swamps, meadows, fields and cattail marshes.  Most of the forested land contains even-aged hardwood stands, though a few very large and old specimens can be found.","","220774","1","","","","Public (NYS)","134.9'","Clinometer/laser rangefinder/sine","10.4'","125''","","Straight-up laser shot.  Tree likely in mid-130s.  Height revised 11/2/13.  Increase due to reduced leaf clutter and better visibility to top.  Girth updated 5/25/15.","Elijah Whitcomb","2020-11-16","http%3A%2F%2Fwww.ents-bbs.org%2Fviewtopic.php%3Ff%3D105%26t%3D3337","N"
"Tuliptree","Liriodendron tulipifera","New York","Wayne/Cayuga","Howland's Island","","","Part of the Montezuma NWF, Howland's Island is a multi-use public property. The land area is broken up by several large ponds, swamps, meadows, fields and cattail marshes.  Most of the forested land contains even-aged hardwood stands, though a few very large and old specimens can be found.","","220818","1","","","","Public (NYS)","135.0'","Clinometer/laser rangefinder/sine","","","","","Elijah Whitcomb","2020-11-16","http%3A%2F%2Fwww.ents-bbs.org%2Fviewtopic.php%3Ff%3D105%26t%3D3337","N"
"Tuliptree","Liriodendron tulipifera","New York","Westchester","Halle Ravine","","","","","260725","1","","","","Public-Private","123.0'","Clinometer/laser rangefinder/sine","7.8'","94''","","","Erik Danielson","2017-08-07","http%3A%2F%2Fwww.ents-bbs.org%2Fviewtopic.php%3Ff%3D105%26t%3D8071%26sid%3D6b0f6b34c4c50c35d114e981206bd7cd","N"
"Tuliptree","Liriodendron tulipifera","New York","Westchester","Halle Ravine","","","","","260724","1","","","","Public-Private","124.0'","Clinometer/laser rangefinder/sine","8.7'","104''","","","Erik Danielson","2017-08-07","http%3A%2F%2Fwww.ents-bbs.org%2Fviewtopic.php%3Ff%3D105%26t%3D8071%26sid%3D6b0f6b34c4c50c35d114e981206bd7cd","N"
"Tuliptree","Liriodendron tulipifera","New York","Westchester","Halle Ravine","","","","","260723","1","","","","Public-Private","137.5'","Clinometer/laser rangefinder/sine","10.8'","130''","","","Erik Danielson","2017-08-07","http%3A%2F%2Fwww.ents-bbs.org%2Fviewtopic.php%3Ff%3D105%26t%3D8071%26sid%3D6b0f6b34c4c50c35d114e981206bd7cd","N"
"Tuliptree","Liriodendron tulipifera","New York","Westchester","Halle Ravine","","","","","260722","1","","","","Public-Private","143.5'","Clinometer/laser rangefinder/sine","9.1'","109''","","","Erik Danielson","2017-08-07","http%3A%2F%2Fwww.ents-bbs.org%2Fviewtopic.php%3Ff%3D105%26t%3D8071%26sid%3D6b0f6b34c4c50c35d114e981206bd7cd","N"
"Tuliptree","Liriodendron tulipifera","New York","Westchester","Mianus River Gorge Preserve","","","935 Acres","","258513","1","","","","Private","109.6'","Clinometer/laser rangefinder/sine","","","","Along Red Trail","Erik Danielson","2016-10-17","http%3A%2F%2Fwww.ents-bbs.org%2Fviewtopic.php%3Ff%3D105%26t%3D7848%26sid%3Ded2fa30b6553b50502468b82dfb9fe41","N"
"Tuliptree","Liriodendron tulipifera","New York","Westchester","Mianus River Gorge Preserve","","","935 Acres","","258503","1","","","","Private","110.9'","Clinometer/laser rangefinder/sine","","","","","Erik Danielson","2016-10-17","http%3A%2F%2Fwww.ents-bbs.org%2Fviewtopic.php%3Ff%3D105%26t%3D7848%26sid%3Ded2fa30b6553b50502468b82dfb9fe41","N"
"Tuliptree","Liriodendron tulipifera","New York","Westchester","Mianus River Gorge Preserve","","","935 Acres","","258502","1","","","","Private","112.5'","Clinometer/laser rangefinder/sine","","","","","Erik Danielson","2016-10-17","http%3A%2F%2Fwww.ents-bbs.org%2Fviewtopic.php%3Ff%3D105%26t%3D7848%26sid%3Ded2fa30b6553b50502468b82dfb9fe41","N"
"Tuliptree","Liriodendron tulipifera","New York","Westchester","Mianus River Gorge Preserve","","","935 Acres","","258518","1","","","","Private","118.8'","Clinometer/laser rangefinder/sine","","","","In Hemlock Cathedral","Erik Danielson","2016-10-17","http%3A%2F%2Fwww.ents-bbs.org%2Fviewtopic.php%3Ff%3D105%26t%3D7848%26sid%3Ded2fa30b6553b50502468b82dfb9fe41","N"
"Tuliptree","Liriodendron tulipifera","New York","Westchester","Mianus River Gorge Preserve","","","935 Acres","","258512","1","","","","Private","119.6'","Clinometer/laser rangefinder/sine","","","","Along Red Trail","Erik Danielson","2016-10-17","http%3A%2F%2Fwww.ents-bbs.org%2Fviewtopic.php%3Ff%3D105%26t%3D7848%26sid%3Ded2fa30b6553b50502468b82dfb9fe41","N"
"Tuliptree","Liriodendron tulipifera","New York","Westchester","Mianus River Gorge Preserve","","","935 Acres","","258501","1","","","","Private","120.7'","Clinometer/laser rangefinder/sine","","","","","Erik Danielson","2016-10-17","http%3A%2F%2Fwww.ents-bbs.org%2Fviewtopic.php%3Ff%3D105%26t%3D7848%26sid%3Ded2fa30b6553b50502468b82dfb9fe41","N"
"Tuliptree","Liriodendron tulipifera","New York","Westchester","Mianus River Gorge Preserve","","","935 Acres","","258511","1","","","","Private","126.9'","Clinometer/laser rangefinder/sine","","","","Along Red Trail","Erik Danielson","2016-10-17","http%3A%2F%2Fwww.ents-bbs.org%2Fviewtopic.php%3Ff%3D105%26t%3D7848%26sid%3Ded2fa30b6553b50502468b82dfb9fe41","N"
"Tuliptree","Liriodendron tulipifera","New York","Westchester","Mianus River Gorge Preserve","","","935 Acres","","258510","1","","","","Private","127.8'","Clinometer/laser rangefinder/sine","","","","Along Red Trail","Erik Danielson","2016-10-17","http%3A%2F%2Fwww.ents-bbs.org%2Fviewtopic.php%3Ff%3D105%26t%3D7848%26sid%3Ded2fa30b6553b50502468b82dfb9fe41","N"
"Tuliptree","Liriodendron tulipifera","New York","Westchester","Rockefeller State Park Preserve","","","","","202570","1","","","","Public","150.7'","Clinometer/laser rangefinder/sine","11.1'","133''","","","Elijah Whitcomb, Erik Danielsen","2020-01-12","","N"
"Tuliptree","Liriodendron tulipifera","New York","Westchester","Rockefeller State Park Preserve","","","","","202569","1","","","","Public","154.0'","Clinometer/laser rangefinder/sine","10.0'","120''","","","Elijah Whitcomb, Erik Danielsen","2020-01-12","","N"
"Tuliptree","Liriodendron tulipifera","New York","Westchester","Rockefeller State Park Preserve","","","","","202568","1","","","","Public","156.4'","Clinometer/laser rangefinder/sine","10.2'","122''","","","Elijah Whitcomb, Erik Danielsen","2020-01-12","","N"
"Tuliptree","Liriodendron tulipifera","New York","Wyoming","Letchworth State Park","","","","","194052","1","","","","Public","117.0'","Clinometer/laser rangefinder/sine","5.6'","67''","","","Dale Luthringer","2008-09-29","","N"
"Tuliptree","Liriodendron tulipifera","New York","Wyoming","Letchworth State Park","","","","","194058","1","","","","Public","119.1'","Clinometer/laser rangefinder/sine","8.1'","97''","","","Dale Luthringer","2008-09-29","","N"
"Tuliptree","Liriodendron tulipifera","New York","Wyoming/Livingston","Letchworth State Park","","","","","217820","1","","","","Public","132.8'","Clinometer/laser rangefinder/sine","","","","","Elijah Whitcomb","2020-10-11","http%3A%2F%2Fwww.ents-bbs.org%2Fviewtopic.php%3Ff%3D105%26t%3D7878","N"
"Tuliptree","Liriodendron tulipifera","New York","Wyoming/Livingston","Letchworth State Park","42 35.527","-078 00.873","","","217799","1","42 35.527","-078 00.873","","Public","136.2'","Clinometer/laser rangefinder/sine","10.5'","126''","","","Elijah Whitcomb","2020-10-11","http%3A%2F%2Fwww.ents-bbs.org%2Fviewtopic.php%3Ff%3D105%26t%3D7878","N"
"Tuliptree","Liriodendron tulipifera","New York","Wyoming/Livingston","Letchworth State Park","42 35.525","-078 00.863","","","217800","1","42 35.525","-078 00.863","","Public","138.5'","Clinometer/laser rangefinder/sine","10.1'","122''","","","Elijah Whitcomb","2020-10-11","http%3A%2F%2Fwww.ents-bbs.org%2Fviewtopic.php%3Ff%3D105%26t%3D7878","N"
"Tuliptree","Liriodendron tulipifera","New York","Wyoming/Livingston","Letchworth State Park","","","","","217766","1","","","","Public","140.5'","Clinometer/laser rangefinder/sine","11.2'","135''","","","Elijah Whitcomb","2020-10-11","http%3A%2F%2Fwww.ents-bbs.org%2Fviewtopic.php%3Ff%3D105%26t%3D7878","N"
"Tuliptree","Liriodendron tulipifera","New York","Wyoming/Livingston","Letchworth State Park","","","","","217812","1","","","","Public","141.0'","Clinometer/laser rangefinder/sine","","","","","Elijah Whitcomb","2020-10-11","http%3A%2F%2Fwww.ents-bbs.org%2Fviewtopic.php%3Ff%3D105%26t%3D7878","N"
"Tuliptree","Liriodendron tulipifera","New York","Wyoming/Livingston","Letchworth State Park","","","","","217794","1","","","","Public","141.3'","Clinometer/laser rangefinder/sine","10.4'","125''","","","Elijah Whitcomb","2020-10-11","http%3A%2F%2Fwww.ents-bbs.org%2Fviewtopic.php%3Ff%3D105%26t%3D7878","N"
"Tuliptree","Liriodendron tulipifera","New York","Wyoming/Livingston","Letchworth State Park","","","","","217823","1","","","","Public","142.0'","Clinometer/laser rangefinder/sine","","","","","Elijah Whitcomb","2020-10-11","http%3A%2F%2Fwww.ents-bbs.org%2Fviewtopic.php%3Ff%3D105%26t%3D7878","N"
"Tuliptree","Liriodendron tulipifera","New York","Wyoming/Livingston","Letchworth State Park","42 36.234","-078 00.094","","","217822","1","42 36.234","-078 00.094","","Public","144.4'","Clinometer/laser rangefinder/sine","10.0'","120''","","","Elijah Whitcomb","2020-10-11","http%3A%2F%2Fwww.ents-bbs.org%2Fviewtopic.php%3Ff%3D105%26t%3D7878","N"
"Tuliptree","Liriodendron tulipifera","New York","Wyoming/Livingston","Letchworth State Park","","","","","217821","1","","","","Public","144.8'","Clinometer/laser rangefinder/sine","","","","","Elijah Whitcomb","2020-10-11","http%3A%2F%2Fwww.ents-bbs.org%2Fviewtopic.php%3Ff%3D105%26t%3D7878","N"
"Tuliptree","Liriodendron tulipifera","New York","Wyoming/Livingston","Letchworth State Park","42 34.899","-078 02.818","","","217868","1","42 34.899","-078 02.818","","Public","145.3'","Clinometer/laser rangefinder/sine","11.7'","140''","","","Elijah Whitcomb","2020-10-11","http%3A%2F%2Fwww.ents-bbs.org%2Fviewtopic.php%3Ff%3D105%26t%3D7878","N"
"Tuliptree","Liriodendron tulipifera","New York","Wyoming/Livingston","Letchworth State Park","42 35.487","-078 00.509","","","217792","1","42 35.487","-078 00.509","","Public","150.6'","Clinometer/laser rangefinder/sine","10.1'","121''","","","Elijah Whitcomb","2020-10-11","http%3A%2F%2Fwww.ents-bbs.org%2Fviewtopic.php%3Ff%3D105%26t%3D7878","N"
"Tuliptree","Liriodendron tulipifera","Ohio","Ashland","Clearfork Gorge","","","","","165817","1","","","","public","129.0'","Clinometer/laser rangefinder/sine","8.3'","100''","","","Steve Galehouse, Rand Brown","2011-03-18","","N"
"Tuliptree","Liriodendron tulipifera","Ohio","Ashland","Clearfork Gorge","","","","","165818","1","","","","public","134.6'","Clinometer/laser rangefinder/sine","8.8'","105''","","","Steve Galehouse, Rand Brown","2011-03-18","","N"
"Tuliptree","Liriodendron tulipifera","Ohio","Ashland","Clearfork Gorge","","","","","165819","1","","","","public","135.0'","Clinometer/laser rangefinder/sine","7.9'","95''","","","Steve Galehouse, Rand Brown","2011-03-18","","N"
"Tuliptree","Liriodendron tulipifera","Ohio","Ashland","Clearfork Gorge","","","","","165820","1","","","","public","138.0'","Clinometer/laser rangefinder/sine","","","","","Steve Galehouse, Rand Brown","2011-03-18","","N"
"Tuliptree","Liriodendron tulipifera","Ohio","Ashland","Clearfork Gorge","40 36.983","-082 19.142","","","2401","1","40 36.983","-082 19.142","","public","138.5'","Clinometer/laser rangefinder/sine","","","","Across river from tall tulips and hemlocks.","Rand Brown, Steve Galehouse","2011-03-17","","N"
"Tuliptree","Liriodendron tulipifera","Ohio","Ashland","Clearfork Gorge","","","","","165821","1","","","","public","141.0'","Clinometer/laser rangefinder/sine","8.8'","106''","","","Steve Galehouse, Rand Brown","2011-03-18","","N"
"Tuliptree","Liriodendron tulipifera","Ohio","Ashland","Clearfork Gorge","","","","","165822","1","","","","public","142.0'","Clinometer/laser rangefinder/sine","8.8'","106''","","","Steve Galehouse, Rand Brown","2011-03-18","","N"
"Tuliptree","Liriodendron tulipifera","Ohio","Ashland","Clearfork Gorge","40 36.932","-082 19.247","","","2400","1","40 36.932","-082 19.247","","public","151.0'","Clinometer/laser rangefinder/sine","10.3'","123''","","Near tallest tuliptree.","Rand Brown, Steve Galehouse","2011-03-17","","N"
"Tuliptree","Liriodendron tulipifera","Ohio","Ashland","Clearfork Gorge","","","","","173487","1","","","","public","152.0'","Clinometer/laser rangefinder/sine","","","","single measurement from up-slope position","Stefan Radivoyevitch","2018-05-02","","N"
"Tuliptree","Liriodendron tulipifera","Ohio","Ashland","Clearfork Gorge","40 37.168","-082 19.770","","","159201","2","40 37.168","-082 19.770","","public","156.0'","Clinometer/laser rangefinder/sine","","","","","Stefan Radivoyevitch, Stefan Radivoyevitch","2017-03-30","","N"
"Tuliptree","Liriodendron tulipifera","Ohio","Ashland","Clearfork Gorge","40 36.909","-082 19.228","","","2399","1","40 36.909","-082 19.228","","public","163.2'","Clinometer/laser rangefinder/sine","9.4'","113''","","","Rand Brown, Steve Galehouse","2011-03-17","","N"
"Tuliptree","Liriodendron tulipifera","Ohio","Ashland","Mohican Memorial State Park","","","","","161633","1","","","","Public-state","160.0'","Clinometer/laser rangefinder/sine","","","","Height is Not Less Than (NLT)","Matt Markworth","2013-11-17","http%3A%2F%2Fwww.ents-bbs.org%2Fviewtopic.php%3Ff%3D111%26t%3D5858%23p26274","N"
"Tuliptree","Liriodendron tulipifera","Ohio","Athens","Lin Hall Grounds","","","","","96894","1","","","","Public, State","97.6'","Clinometer/laser rangefinder/sine","8.8'","106''","","","Turner Sharp","2012-12-28","","N"
"Tuliptree","Liriodendron tulipifera","Ohio","Athens","Riddle Nature Preserve","","","106 acres managed by the City of Athens.","","165799","1","","","800.0 ft","Public-state","115.9'","Clinometer/laser rangefinder/sine","6.5'","78''","","","Randy Brown","2008-04-08","http%3A%2F%2Fwww.nativetreesociety.org%2Ffieldtrips%2Fohio%2Friddle%2Friddle_hawk_woods.htm","N"
"Tuliptree","Liriodendron tulipifera","Ohio","Athens","Riddle Nature Preserve","","","106 acres managed by the City of Athens.","","165800","1","","","","Public-state","119.5'","Clinometer/laser rangefinder/sine","","","","","Randy Brown","2008-04-08","http%3A%2F%2Fwww.nativetreesociety.org%2Ffieldtrips%2Fohio%2Friddle%2Friddle_hawk_woods.htm","N"
"Tuliptree","Liriodendron tulipifera","Ohio","Athens","Riddle Nature Preserve","","","106 acres managed by the City of Athens.","","165802","1","","","","Public-state","120.6'","Clinometer/laser rangefinder/sine","7.8'","94''","","","Randy Brown","2008-04-08","http%3A%2F%2Fwww.nativetreesociety.org%2Ffieldtrips%2Fohio%2Friddle%2Friddle_hawk_woods.htm","N"
"Tuliptree","Liriodendron tulipifera","Ohio","Athens","Riddle Nature Preserve","","","106 acres managed by the City of Athens.","","165803","1","","","","Public-state","131.6'","Clinometer/laser rangefinder/sine","6.6'","79''","","","Randy Brown","2008-04-08","http%3A%2F%2Fwww.nativetreesociety.org%2Ffieldtrips%2Fohio%2Friddle%2Friddle_hawk_woods.htm","N"
"Tuliptree","Liriodendron tulipifera","Ohio","Athens","Riddle Nature Preserve","","","106 acres managed by the City of Athens.","","165805","1","","","","Public-state","134.7'","Clinometer/laser rangefinder/sine","8.3'","100''","","","Randy Brown","2008-04-08","http%3A%2F%2Fwww.nativetreesociety.org%2Ffieldtrips%2Fohio%2Friddle%2Friddle_hawk_woods.htm","N"
"Tuliptree","Liriodendron tulipifera","Ohio","Athens","Riddle Nature Preserve","","","106 acres managed by the City of Athens.","","165801","1","","","","Public-state","135.0'","Clinometer/laser rangefinder/sine","7.7'","93''","","","Randy Brown","2008-04-08","http%3A%2F%2Fwww.nativetreesociety.org%2Ffieldtrips%2Fohio%2Friddle%2Friddle_hawk_woods.htm","N"
"Tuliptree","Liriodendron tulipifera","Ohio","Athens","Riddle Nature Preserve","","","106 acres managed by the City of Athens.","","165804","1","","","","Public-state","136.1'","Clinometer/laser rangefinder/sine","8.3'","99''","","4"" grapevine","Randy Brown","2008-04-08","http%3A%2F%2Fwww.nativetreesociety.org%2Ffieldtrips%2Fohio%2Friddle%2Friddle_hawk_woods.htm","N"
"Tuliptree","Liriodendron tulipifera","Ohio","Belmont","Dysart Woods, SE Ohio","","","","","9896","1","","","","public","124.9'","","8.8'","106''","","","Thomas Diggins","2007-04-01","","N"
"Tuliptree","Liriodendron tulipifera","Ohio","Belmont","Dysart Woods, SE Ohio","","","","","9895","1","","","","public","128.8'","","12.0'","144''","","","Thomas Diggins","2007-04-01","","N"
"Tuliptree","Liriodendron tulipifera","Ohio","Belmont","Dysart Woods, SE Ohio","","","","","9894","1","","","","public","133.0'","","","","","","Thomas Diggins","2007-04-01","","N"
"Tuliptree","Liriodendron tulipifera","Ohio","Belmont","Dysart Woods, SE Ohio","","","","","9893","1","","","","public","141.8'","","9.8'","117''","","","Thomas Diggins","2007-04-01","","N"
"Tuliptree","Liriodendron tulipifera","Ohio","Belmont","Dysart Woods, SE Ohio","","","","","9892","1","","","","public","144.4'","","9.2'","110''","","","Thomas Diggins","2007-04-01","","N"
"Tuliptree","Liriodendron tulipifera","Ohio","Butler","Miami University","","","Four Bur Oaks, including the largest one were measured on 2/3/2013 by M. Markworth.

see:http://www.ents-bbs.org/viewtopic.php?f=111&t=5009#p21622","","168458","1","","","","Public-state","","Clinometer/laser rangefinder/sine","10.5'","126''","","","Matt Markworth, Steve Galehouse","2013-05-08","http%3A%2F%2Fwww.ents-bbs.org%2Fviewtopic.php%3Ff%3D111%26t%3D5371%23p23473","N"
"Tuliptree","Liriodendron tulipifera","Ohio","Cuyahoga","Bedford Reservation","","","","","14786","1","","","","Public - county","119.4'","Clinometer/laser rangefinder/sine","","","","","Steve Galehouse","2011-10-02","http%3A%2F%2Fwww.ents-bbs.org%2Fviewtopic.php%3Ff%3D111%26t%3D3075%23p38944","N"
"Tuliptree","Liriodendron tulipifera","Ohio","Cuyahoga","Bradley Woods Metropark","","","","","18693","1","","","","Park","120.5'","Clinometer/laser rangefinder/sine","9.9'","119''","","","Steve Galehouse","2009-12-16","","N"
"Tuliptree","Liriodendron tulipifera","Ohio","Cuyahoga","Bradley Woods Metropark","","","","","166921","1","","","","Park","133.0'","Clinometer/laser rangefinder/sine","","","","","Steve Galehouse","2009-03-20","","N"
"Tuliptree","Liriodendron tulipifera","Ohio","Cuyahoga","Brecksville Reservation","41 17.341","-081 34.393","","","173490","2","41 17.341","-081 34.393","","public","124.0'","Clinometer/laser rangefinder/sine","13.2'","158''","","","Stefan Radivoyevitch, Stefan Radivoyevitch","2017-04-19","","N"
"Tuliptree","Liriodendron tulipifera","Ohio","Cuyahoga","Brecksville Reservation","","","","","5876","1","","","","public","130.4'","Clinometer/laser rangefinder/sine","10.1'","121''","","","Steve Galehouse","2011-08-18","","N"
"Tuliptree","Liriodendron tulipifera","Ohio","Cuyahoga","Brecksville Reservation","","","","","173491","1","","","","public","151.0'","Clinometer/laser rangefinder/sine","","","","last measured  11/28/17","Stefan Radivoyevitch","2017-04-19","","N"
"Tuliptree","Liriodendron tulipifera","Ohio","Cuyahoga","Brecksville Reservation","41 17.340","-081 34.393","","","173489","1","41 17.340","-081 34.393","","public","154.0'","Clinometer/laser rangefinder/sine","11.3'","136''","","last measured 9/29/2016 
height rounded to lowest foot
no tape wrap
 eyeballed the base
handheld measurement
vicinity coordinates","Stefan Radivoyevitch","2017-04-19","","N"
"Tuliptree","Liriodendron tulipifera","Ohio","Cuyahoga","Elmwood Park","","","Elmwood Park is a small park in Rocky River, less than 1/4 S of Lake Erie. Some of the park is developed, but most of the land is wooded, with low hills and valleys that appear to once have been creek beds.","","16578","1","","","","City park","119.4'","Clinometer/laser rangefinder/sine","","","","","Steve Galehouse","2011-11-01","","N"
"Tuliptree","Liriodendron tulipifera","Ohio","Cuyahoga","Forest Ridge Preserve","","","","","162980","1","","","","public","130.0'","","12.0'","144''","","","Stefan Radivoyevitch","2016-09-25","","N"
"Tuliptree","Liriodendron tulipifera","Ohio","Cuyahoga","Lake View Cemetery","","","Started 1869","","161629","1","","","","Private","109.1'","Clinometer/laser rangefinder/sine","15.7'","188''","","","Steve Galehouse, Mitch Galehouse, Diane Galehouse","2012-02-05","http%3A%2F%2Fwww.ents-bbs.org%2Fviewtopic.php%3Ff%3D111%26t%3D3662","N"
"Tuliptree","Liriodendron tulipifera","Ohio","Cuyahoga","Mill Stream Run Reservation","","","","","18674","1","","","","Metropark","111.3'","Clinometer/laser rangefinder/sine","8.4'","101''","","","Steve Galehouse, Mitch Galehouse","2011-12-26","","N"
"Tuliptree","Liriodendron tulipifera","Ohio","Cuyahoga","Mill Stream Run Reservation","","","","","18668","1","","","","Metropark","116.1'","Clinometer/laser rangefinder/sine","6.4'","77''","","","Steve Galehouse, Mitch Galehouse","2011-12-26","","N"
"Tuliptree","Liriodendron tulipifera","Ohio","Cuyahoga","Rocky River Floodplain Forest","","","","","168873","1","","","","public","135.7'","Clinometer/laser rangefinder/sine","12.8'","153''","","","Steve Galehouse","2010-03-25","","N"
"Tuliptree","Liriodendron tulipifera","Ohio","Cuyahoga","Rocky River Floodplain Forest","","","","","17329","1","","","","public","136.0'","Clinometer/laser rangefinder/sine","14.2'","170''","","","Steve Galehouse","2011-11-02","","N"
"Tuliptree","Liriodendron tulipifera","Ohio","Cuyahoga","Rocky River Floodplain Forest","","","","","168884","1","","","","public","136.0'","Clinometer/laser rangefinder/sine","14.2'","170''","","","Steve Galehouse","2010-03-25","","N"
"Tuliptree","Liriodendron tulipifera","Ohio","Cuyahoga","Rocky River Park","","","","","166911","1","","","","Public-city","121.0'","Clinometer/laser rangefinder/sine","9.8'","118''","","","Steve Galehouse","2009-03-22","http%3A%2F%2Fwww.nativetreesociety.org%2Ffieldtrips%2Fohio%2Frocky_river.htm","N"
"Tuliptree","Liriodendron tulipifera","Ohio","Cuyahoga","Rocky River Upland Forest","","","","","2443","1","","","","Public","126.4'","","10.3'","123''","","","Steve Galehouse","2010-11-02","","N"
"Tuliptree","Liriodendron tulipifera","Ohio","Cuyahoga","South Chagrin Reservation","","","","","162512","1","","","","public","146.0'","","","","","double stem","Stefan Radivoyevitch","2016-12-05","","N"
"Tuliptree","Liriodendron tulipifera","Ohio","Cuyahoga","Tinker's Creek, Bedford Reservation","","","","","18855","1","","","","Metropark","130.5'","Clinometer/laser rangefinder/sine","9.6'","115''","","","Rand Brown","2008-04-15","","N"
"Tuliptree","Liriodendron tulipifera","Ohio","Cuyahoga","Tinker's Creek, Bedford Reservation","","","","","18860","1","","","","Metropark","131.7'","Clinometer/laser rangefinder/sine","9.8'","118''","","","Rand Brown","2008-04-15","","N"
"Tuliptree","Liriodendron tulipifera","Ohio","Erie","Edison Woods Metropark","","","","","166488","1","","","","Public","123.5'","Clinometer/laser rangefinder/sine","9.7'","116''","","","Steve Galehouse","2009-12-13","http%3A%2F%2Fgroups.google.com%2Fgroup%2Fentstrees%2Fbrowse_thread%2Fthread%2Fe6af06b9b0363491%3Fhl%3Den","N"
"Tuliptree","Liriodendron tulipifera","Ohio","Fulton","Goll Woods State Natural Area","","","","","9634","1","","","","public","","","14.5'","174''","","","Will Blozan, Tom Diggins","2007-04-15","http%3A%2F%2Fwww.nativetreesociety.org%2Ffieldtrips%2Fohio%2Fgoll_woods%2Fgoll_woods_state_natural_area.htm","N"
"Tuliptree","Liriodendron tulipifera","Ohio","Fulton","Goll Woods State Natural Area","","","","","9622","1","","","","public","129.1'","","","","","","Will Blozan, Tom Diggins","2007-04-15","http%3A%2F%2Fwww.nativetreesociety.org%2Ffieldtrips%2Fohio%2Fgoll_woods%2Fgoll_woods_state_natural_area.htm","N"
"Tuliptree","Liriodendron tulipifera","Ohio","Greene","Clifton Gorge State Nature Preserve","","","","","52732","1","","","","Public","130.9'","Clinometer/laser rangefinder/sine","11.7'","140''","","","Matt Markworth","2013-11-23","","N"
"Tuliptree","Liriodendron tulipifera","Ohio","Greene","Clifton Gorge State Nature Preserve","","","","","52733","1","","","","Public","137.4'","Clinometer/laser rangefinder/sine","10.3'","124''","","","Matt Markworth","2013-11-23","","N"
"Tuliptree","Liriodendron tulipifera","Ohio","Hamilton","California Woods Nature Preserve","","","113 Acres
Measurements made from 2014 thru 2017","","169529","1","","","","Pubkic - city","120.1'","Clinometer/laser rangefinder/sine","11.6'","139''","","","Matt Markworth","2014-02-27","http%3A%2F%2Fents-bbs.org%2Fviewtopic.php%3Ff%3D111%26t%3D6142%23p27831","N"
"Tuliptree","Liriodendron tulipifera","Ohio","Hamilton","California Woods Nature Preserve","","","113 Acres
Measurements made from 2014 thru 2017","","169528","1","","","","Pubkic - city","142.5'","Clinometer/laser rangefinder/sine","12.3'","148''","","","Matt Markworth","2014-02-27","http%3A%2F%2Fents-bbs.org%2Fviewtopic.php%3Ff%3D111%26t%3D6142%23p27831","N"
"Tuliptree","Liriodendron tulipifera","Ohio","Hamilton","California Woods Nature Preserve","","","113 Acres
Measurements made from 2014 thru 2017","","169527","1","","","","Pubkic - city","143.9'","Clinometer/laser rangefinder/sine","8.3'","100''","","","Matt Markworth","2014-02-27","http%3A%2F%2Fents-bbs.org%2Fviewtopic.php%3Ff%3D111%26t%3D6142%23p27831","N"
"Tuliptree","Liriodendron tulipifera","Ohio","Hamilton","California Woods Nature Preserve","","","113 Acres
Measurements made from 2014 thru 2017","","169526","1","","","","Pubkic - city","147.6'","Clinometer/laser rangefinder/sine","7.5'","90''","","","Matt Markworth","2014-02-27","http%3A%2F%2Fents-bbs.org%2Fviewtopic.php%3Ff%3D111%26t%3D6142%23p27831","N"
"Tuliptree","Liriodendron tulipifera","Ohio","Hamilton","California Woods Nature Preserve","","","113 Acres
Measurements made from 2014 thru 2017","","169525","1","","","","Pubkic - city","148.6'","Clinometer/laser rangefinder/sine","8.8'","106''","","","Matt Markworth","2014-02-27","http%3A%2F%2Fents-bbs.org%2Fviewtopic.php%3Ff%3D111%26t%3D6142%23p27831","N"
"Tuliptree","Liriodendron tulipifera","Ohio","Hamilton","California Woods Nature Preserve","","","113 Acres
Measurements made from 2014 thru 2017","","169549","1","","","","Pubkic - city","153.6'","Clinometer/laser rangefinder/sine","","","","","Matt Markworth","2014-02-27","http%3A%2F%2Fents-bbs.org%2Fviewtopic.php%3Ff%3D111%26t%3D6142%23p27831","N"
"Tuliptree","Liriodendron tulipifera","Ohio","Hamilton","Miami Whitewater Forest","","","","","165665","1","","","","Public-county","130.3'","Clinometer/laser rangefinder/sine","9.0'","108''","","","Matt Markworth","2013-01-26","http%3A%2F%2Fwww.ents-bbs.org%2Fviewtopic.php%3Ff%3D111%26t%3D4958","N"
"Tuliptree","Liriodendron tulipifera","Ohio","Hamilton","Miami Whitewater Forest","","","","","165702","1","","","","Public-county","146.9'","Clinometer/laser rangefinder/sine","9.3'","111''","","","Matt Markworth","2014-04-19","http%3A%2F%2Fwww.ents-bbs.org%2Fviewtopic.php%3Ff%3D111%26t%3D4958","N"
"Tuliptree","Liriodendron tulipifera","Ohio","Highland","Fort Hil Earthworks And Nature Preserve","","","1300 Acres
Based on three trip reports on the NTS BBS board dated:
2/23/2014, 6/27/2014 ,8/28/2014,11/23/2014","","168900","1","","","","Public-state","144.2'","Clinometer/laser rangefinder/sine","9.8'","118''","","","Robert Leverett, Matt Markworth, Rand Brown","2014-11-02","http%3A%2F%2Fwww.ents-bbs.org%2Fviewtopic.php%3Ff%3D111%26t%3D6128%23p27758","N"
"Tuliptree","Liriodendron tulipifera","Ohio","Highland","Fort Hil Earthworks And Nature Preserve","","","1300 Acres
Based on three trip reports on the NTS BBS board dated:
2/23/2014, 6/27/2014 ,8/28/2014,11/23/2014","","168931","1","","","","Public-state","150.9'","Clinometer/laser rangefinder/sine","9.7'","116''","","","Robert Leverett, Matt Markworth, Rand Brown","2014-11-02","http%3A%2F%2Fwww.ents-bbs.org%2Fviewtopic.php%3Ff%3D111%26t%3D6128%23p27758","N"
"Tuliptree","Liriodendron tulipifera","Ohio","Highland","Highland Nature Sanctuary","","","From trip reports posted on the NTS BBS page dated:
8/28/2012, 11/2/14.","","168952","1","","","","Private","111.0'","Clinometer/laser rangefinder/sine","","","","","Robert Leverett, Matt Markworth, Rand Brown","2014-06-27","http%3A%2F%2Fwww.ents-bbs.org%2Fviewtopic.php%3Ff%3D111%26t%3D6705","N"
"Tuliptree","Liriodendron tulipifera","Ohio","Highland","Highland Nature Sanctuary","","","From trip reports posted on the NTS BBS page dated:
8/28/2012, 11/2/14.","","168954","1","","","","Private","122.0'","Clinometer/laser rangefinder/sine","","","","","Robert Leverett, Matt Markworth, Rand Brown","2014-06-27","http%3A%2F%2Fwww.ents-bbs.org%2Fviewtopic.php%3Ff%3D111%26t%3D6705","N"
"Tuliptree","Liriodendron tulipifera","Ohio","Highland","Highland Nature Sanctuary","","","From trip reports posted on the NTS BBS page dated:
8/28/2012, 11/2/14.","","168948","1","","","","Private","124.0'","Clinometer/laser rangefinder/sine","","","","","Robert Leverett, Matt Markworth, Rand Brown","2014-06-27","http%3A%2F%2Fwww.ents-bbs.org%2Fviewtopic.php%3Ff%3D111%26t%3D6705","N"
"Tuliptree","Liriodendron tulipifera","Ohio","Highland","Highland Nature Sanctuary","","","From trip reports posted on the NTS BBS page dated:
8/28/2012, 11/2/14.","","168955","1","","","","Private","125.0'","Clinometer/laser rangefinder/sine","","","","","Robert Leverett, Matt Markworth, Rand Brown","2014-06-27","http%3A%2F%2Fwww.ents-bbs.org%2Fviewtopic.php%3Ff%3D111%26t%3D6705","N"
"Tuliptree","Liriodendron tulipifera","Ohio","Highland","Highland Nature Sanctuary","","","From trip reports posted on the NTS BBS page dated:
8/28/2012, 11/2/14.","","168953","1","","","","Private","127.0'","Clinometer/laser rangefinder/sine","","","","","Robert Leverett, Matt Markworth, Rand Brown","2014-06-27","http%3A%2F%2Fwww.ents-bbs.org%2Fviewtopic.php%3Ff%3D111%26t%3D6705","N"
"Tuliptree","Liriodendron tulipifera","Ohio","Highland","Highland Nature Sanctuary","","","From trip reports posted on the NTS BBS page dated:
8/28/2012, 11/2/14.","","168950","1","","","","Private","128.0'","Clinometer/laser rangefinder/sine","","","","","Robert Leverett, Matt Markworth, Rand Brown","2014-06-27","http%3A%2F%2Fwww.ents-bbs.org%2Fviewtopic.php%3Ff%3D111%26t%3D6705","N"
"Tuliptree","Liriodendron tulipifera","Ohio","Highland","Highland Nature Sanctuary","","","From trip reports posted on the NTS BBS page dated:
8/28/2012, 11/2/14.","","168947","1","","","","Private","129.0'","Clinometer/laser rangefinder/sine","","","","","Robert Leverett, Matt Markworth, Rand Brown","2014-06-27","http%3A%2F%2Fwww.ents-bbs.org%2Fviewtopic.php%3Ff%3D111%26t%3D6705","N"
"Tuliptree","Liriodendron tulipifera","Ohio","Highland","Highland Nature Sanctuary","","","From trip reports posted on the NTS BBS page dated:
8/28/2012, 11/2/14.","","168951","1","","","","Private","132.0'","Clinometer/laser rangefinder/sine","","","","","Robert Leverett, Matt Markworth, Rand Brown","2014-06-27","http%3A%2F%2Fwww.ents-bbs.org%2Fviewtopic.php%3Ff%3D111%26t%3D6705","N"
"Tuliptree","Liriodendron tulipifera","Ohio","Highland","Highland Nature Sanctuary","","","From trip reports posted on the NTS BBS page dated:
8/28/2012, 11/2/14.","","168949","1","","","","Private","134.0'","Clinometer/laser rangefinder/sine","","","","","Robert Leverett, Matt Markworth, Rand Brown","2014-06-27","http%3A%2F%2Fwww.ents-bbs.org%2Fviewtopic.php%3Ff%3D111%26t%3D6705","N"
"Tuliptree","Liriodendron tulipifera","Ohio","Highland","Highland Nature Sanctuary","","","From trip reports posted on the NTS BBS page dated:
8/28/2012, 11/2/14.","","168942","1","","","","Private","137.0'","Clinometer/laser rangefinder/sine","","","","Below Zen House","Robert Leverett, Matt Markworth, Rand Brown","2014-06-27","http%3A%2F%2Fwww.ents-bbs.org%2Fviewtopic.php%3Ff%3D111%26t%3D6705","N"
"Tuliptree","Liriodendron tulipifera","Ohio","Highland","Pike Ste Forest","","","Trees measured were in two coves.","","161916","1","","","","Public-state","142.0'","Clinometer/laser rangefinder/sine","9.2'","110''","","","Matt Markworth, Rand Brown","2014-02-23","http%3A%2F%2Fwww.ents-bbs.org%2Fviewtopic.php%3Ff%3D111%26t%3D6128%23p27758","N"
"Tuliptree","Liriodendron tulipifera","Ohio","Highland","Pike Ste Forest","","","Trees measured were in two coves.","","161921","1","","","","Public-state","142.0'","Clinometer/laser rangefinder/sine","9.3'","112''","","","Matt Markworth, Rand Brown","2014-02-23","http%3A%2F%2Fwww.ents-bbs.org%2Fviewtopic.php%3Ff%3D111%26t%3D6128%23p27758","N"
"Tuliptree","Liriodendron tulipifera","Ohio","Highland","Pike Ste Forest","","","Trees measured were in two coves.","","161917","1","","","","Public-state","144.9'","Clinometer/laser rangefinder/sine","8.8'","105''","","","Matt Markworth, Rand Brown","2014-02-23","http%3A%2F%2Fwww.ents-bbs.org%2Fviewtopic.php%3Ff%3D111%26t%3D6128%23p27758","N"
"Tuliptree","Liriodendron tulipifera","Ohio","Highland","Pike Ste Forest","","","Trees measured were in two coves.","","161928","1","","","","Public-state","145.4'","Clinometer/laser rangefinder/sine","12.4'","149''","","","Matt Markworth, Rand Brown","2014-02-23","http%3A%2F%2Fwww.ents-bbs.org%2Fviewtopic.php%3Ff%3D111%26t%3D6128%23p27758","N"
"Tuliptree","Liriodendron tulipifera","Ohio","Highland","Pike Ste Forest","","","Trees measured were in two coves.","","161929","1","","","","Public-state","147.9'","Clinometer/laser rangefinder/sine","8.9'","107''","","","Matt Markworth, Rand Brown","2014-02-23","http%3A%2F%2Fwww.ents-bbs.org%2Fviewtopic.php%3Ff%3D111%26t%3D6128%23p27758","N"
"Tuliptree","Liriodendron tulipifera","Ohio","Highland","Pike Ste Forest","","","Trees measured were in two coves.","","161918","1","","","","Public-state","150.9'","Clinometer/laser rangefinder/sine","9.7'","116''","","","Matt Markworth, Rand Brown","2014-02-23","http%3A%2F%2Fwww.ents-bbs.org%2Fviewtopic.php%3Ff%3D111%26t%3D6128%23p27758","N"
"Tuliptree","Liriodendron tulipifera","Ohio","Hocking","Hocking Hills Region","","","","","162570","1","","","","public","172.0'","Clinometer/laser rangefinder/sine","","","","The Galehouse Tree was found and measured by cadre tree measurer Matt Markworth to a height of 170' x 9'11""cbh on 1/31/2015.

I used my highest measurement due to better visibility of top from a higher location.","Stefan Radivoyevitch","2017-01-22","","N"
"Tuliptree","Liriodendron tulipifera","Ohio","Hocking","Hocking Hills SP, OH","","","","","9827","1","","","","public","123.6'","","","","","","Thomas Diggins","2005-04-02","","N"
"Tuliptree","Liriodendron tulipifera","Ohio","Hocking","Hocking Hills SP, OH","","","","","9829","1","","","","public","131.4'","","","","","","Thomas Diggins","2005-04-02","","N"
"Tuliptree","Liriodendron tulipifera","Ohio","Hocking","Hocking Hills SP, OH","","","","","9828","1","","","","public","133.3'","","","","","","Thomas Diggins","2005-04-02","","N"
"Tuliptree","Liriodendron tulipifera","Ohio","Hocking","Hocking Hills SP, OH","","","","","9825","1","","","","public","139.4'","","6.1'","73''","","","Thomas Diggins","2005-04-02","","N"
"Tuliptree","Liriodendron tulipifera","Ohio","Hocking","Hocking Hills SP, OH","","","","","9826","1","","","","public","140.2'","","8.5'","102''","","","Thomas Diggins","2005-04-02","","N"
"Tuliptree","Liriodendron tulipifera","Ohio","Hocking","Hocking Hills SP, OH","","","","","9842","1","","","","public","140.5'","","5.3'","63''","","","Thomas Diggins","2005-04-02","","N"
"Tuliptree","Liriodendron tulipifera","Ohio","Hocking","Hocking Hills SP, OH","","","","","18841","1","","","","public","154.3'","Clinometer/laser rangefinder/sine","9.2'","110''","","","Rand Brown","2011-01-17","","N"
"Tuliptree","Liriodendron tulipifera","Ohio","Hocking","Hocking Hills State Forest","","","","","162503","1","","","","public","156.0'","","","","","Spruce Run  drainage","Stefan Radivoyevitch","2017-11-07","","N"
"Tuliptree","Liriodendron tulipifera","Ohio","Hocking","Hocking State Forest","","","This State Forest was started in 1924 and presently(2017) contains 9,600 acres.
Three State Nature Preserves are located in the State Forest. ConklesHollow (unrestricted access), Sheick and Little Rock Hollows (restricted access)","","162113","1","","","","Public-state","166.5'","Clinometer/laser rangefinder/sine","9.3'","111''","","","Matt Markworth","2015-01-11","http%3A%2F%2Fwww.ents-bbs.org%2Fviewtopic.php%3Ff%3D111%26t%3D6827","N"
"Tuliptree","Liriodendron tulipifera","Ohio","Huron","Along The Vermillion River","","","","","166430","1","","","","Public","143.8'","Clinometer/laser rangefinder/sine","","","","","Steve Galehouse","2010-12-11","http%3A%2F%2Fwww.ents-bbs.org%2Fviewtopic.php%3Ff%3D111%26t%3D1762%23p6380","N"
"Tuliptree","Liriodendron tulipifera","Ohio","Huron","Augusta-Anne Olsen State Nature Preserve","","","","","16275","1","","","","State","126.9'","Clinometer/laser rangefinder/sine","","","","","Steve Galehouse","2011-10-25","","N"
"Tuliptree","Liriodendron tulipifera","Ohio","Lake","North Chagrin Reservation (Forest Only)","","","","","15993","1","","","","public","111.5'","Clinometer/laser rangefinder/sine","10.3'","123''","","","Daniel Reed, Steve Galehouse, Will Blozan","2011-09-05","","N"
"Tuliptree","Liriodendron tulipifera","Ohio","Lake","North Chagrin Reservation (Forest Only)","41 34.008","-081 25.385","","","16042","1","41 34.008","-081 25.385","","public","118.5'","Clinometer/laser rangefinder/sine","12.2'","146''","","","Daniel Reed, Steve Galehouse, Will Blozan","2011-09-05","","N"
"Tuliptree","Liriodendron tulipifera","Ohio","Lake","North Chagrin Reservation (Forest Only)","","","","","16048","1","","","","public","120.0'","Clinometer/laser rangefinder/sine","11.8'","142''","","","Daniel Reed, Steve Galehouse, Will Blozan","2011-09-05","","N"
"Tuliptree","Liriodendron tulipifera","Ohio","Lake","North Chagrin Reservation (Forest Only)","","","","","16044","1","","","","public","126.0'","Clinometer/laser rangefinder/sine","12.2'","146''","","","Daniel Reed, Steve Galehouse, Will Blozan","2011-09-05","","N"
"Tuliptree","Liriodendron tulipifera","Ohio","Lake","North Chagrin Reservation (Forest Only)","","","","","16051","1","","","","public","127.5'","Clinometer/laser rangefinder/sine","11.0'","132''","","","Daniel Reed, Steve Galehouse, Will Blozan","2011-09-05","","N"
"Tuliptree","Liriodendron tulipifera","Ohio","Lake","North Chagrin Reservation (Forest Only)","","","","","16031","1","","","","public","129.4'","Clinometer/laser rangefinder/sine","11.5'","138''","","","Daniel Reed, Steve Galehouse, Will Blozan","2011-09-05","","N"
"Tuliptree","Liriodendron tulipifera","Ohio","Lake","North Chagrin Reservation (Forest Only)","41 34.039","-081 25.413","","","16071","1","41 34.039","-081 25.413","","public","135.0'","Clinometer/laser rangefinder/sine","13.2'","158''","","","Daniel Reed, Steve Galehouse, Will Blozan","2011-09-05","","N"
"Tuliptree","Liriodendron tulipifera","Ohio","Lake","North Chagrin Reservation (Forest Only)","","","","","16047","1","","","","public","136.5'","Clinometer/laser rangefinder/sine","13.7'","164''","","","Daniel Reed, Steve Galehouse, Will Blozan","2011-09-05","","N"
"Tuliptree","Liriodendron tulipifera","Ohio","Lake","North Chagrin Reservation (Forest Only)","","","","","166954","1","","","","public","137.0'","Clinometer/laser rangefinder/sine","14.8'","178''","","","Stefan Radivoyevitch","2017-04-04","","N"
"Tuliptree","Liriodendron tulipifera","Ohio","Lake","North Chagrin Reservation (Forest Only)","","","","","15975","1","","","","public","137.4'","Clinometer/laser rangefinder/sine","13.8'","165''","79.0'","","Daniel Reed, Steve Galehouse, Will Blozan","2011-09-05","","N"
"Tuliptree","Liriodendron tulipifera","Ohio","Lake","North Chagrin Reservation (Forest Only)","","","","","16045","1","","","","public","138.0'","Clinometer/laser rangefinder/sine","11.9'","143''","","","Daniel Reed, Steve Galehouse, Will Blozan","2011-09-05","","N"
"Tuliptree","Liriodendron tulipifera","Ohio","Lake","North Chagrin Reservation (Forest Only)","","","","","173497","1","","","","public","144.0'","","","","","measured 2/13/18","Stefan Radivoyevitch","2018-02-20","","N"
"Tuliptree","Liriodendron tulipifera","Ohio","Lake","North Chagrin Reservation (Forest Only)","","","","","173502","1","","","","public","144.0'","","","","","measured 11/9/16","Stefan Radivoyevitch","2018-02-20","","N"
"Tuliptree","Liriodendron tulipifera","Ohio","Lake","North Chagrin Reservation (Forest Only)","","","","","173501","1","","","","public","146.0'","","","","","measured 2/13/18","Stefan Radivoyevitch","2018-02-20","","N"
"Tuliptree","Liriodendron tulipifera","Ohio","Lake","North Chagrin Reservation (Forest Only)","","","","","173494","1","","","","public","148.0'","","","","","Growing vigorously. Last measured on 3/16/17 to a height of 144'","Stefan Radivoyevitch","2018-02-20","","N"
"Tuliptree","Liriodendron tulipifera","Ohio","Lake","North Chagrin Reservation (Forest Only)","","","","","173498","1","","","","public","148.0'","","10.5'","126''","","last measured 2/13/18; broken dead top leader

previously measured:

153' x 10'6"" by S. Radivoyevitch on 11/22/16

153.5' x 10.5' by Reed, Galehouse, Blozan on 9/5/11","Stefan Radivoyevitch","2018-02-20","","N"
"Tuliptree","Liriodendron tulipifera","Ohio","Lake","North Chagrin Reservation (Forest Only)","","","","","173500","1","","","","public","148.0'","","","","","measured 12/4/17","Stefan Radivoyevitch","2018-02-20","","N"
"Tuliptree","Liriodendron tulipifera","Ohio","Lake","North Chagrin Reservation (Forest Only)","","","","","173496","1","","","","public","150.0'","","10.8'","129''","","measured 11/22/16","Stefan Radivoyevitch","2018-02-20","","N"
"Tuliptree","Liriodendron tulipifera","Ohio","Lake","North Chagrin Reservation (Forest Only)","","","","","15992","1","","","","public","150.8'","Clinometer/laser rangefinder/sine","8.6'","103''","","","Daniel Reed, Steve Galehouse, Will Blozan","2011-09-05","","N"
"Tuliptree","Liriodendron tulipifera","Ohio","Lake","North Chagrin Reservation (Forest Only)","","","","","173495","1","","","","public","152.0'","","8.9'","107''","","measured 11/22/16","Stefan Radivoyevitch","2018-02-20","","N"
"Tuliptree","Liriodendron tulipifera","Ohio","Lake","North Chagrin Reservation (Forest Only)","","","","","173499","1","","","","public","153.0'","","9.0'","109''","","measured 11/22/16","Stefan Radivoyevitch","2018-02-20","","N"
"Tuliptree","Liriodendron tulipifera","Ohio","Lake","North Chagrin Reservation (Forest Only)","41 34.772","-081 25.314","","","15990","1","41 34.772","-081 25.314","","public","153.5'","Clinometer/laser rangefinder/sine","10.5'","126''","","","Daniel Reed, Steve Galehouse, Will Blozan","2011-09-05","","N"
"Tuliptree","Liriodendron tulipifera","Ohio","Lake","North Chagrin Reservation (Forest Only)","","","","","173493","1","","","","public","155.0'","","","","","exposed roots being eroded by stream bank is threatening the tree","Stefan Radivoyevitch","2018-02-20","","N"
"Tuliptree","Liriodendron tulipifera","Ohio","Lake","North Chagrin Reservation (Forest Only)","","","","","15991","1","","","","public","157.3'","Clinometer/laser rangefinder/sine","11.9'","143''","","","Daniel Reed, Steve Galehouse, Will Blozan","2011-09-05","","N"
"Tuliptree","Liriodendron tulipifera","Ohio","Lake","North Chagrin Reservation (Forest Only)","","","","","173492","1","","","","public","162.0'","","12.1'","146''","","Ave. hit of five different measurements. Max hit was 164.

Note: This is the same tree measured in 2011 to a height of 157.3 by Reed, Galehouse, Blozan","Stefan Radivoyevitch","2018-02-20","","N"
"Tuliptree","Liriodendron tulipifera","Ohio","Lake","Stebbin's Gulch","41 36.213","-081 18.561","","","166882","1","41 36.213","-081 18.561","","Private","136.9'","Clinometer/laser rangefinder/sine","10.5'","126''","","Stebbin's Gulch South","Steve Galehouse, Ed Frank, Randy Brown","2009-07-18","http%3A%2F%2Fwww.nativetreesociety.org%2Ffieldtrips%2Fohio%2Fholden2009%2Fholden1.htm","N"
"Tuliptree","Liriodendron tulipifera","Ohio","Lake","Stebbin's Gulch","","","","","166897","1","","","","Private","142.5'","Clinometer/laser rangefinder/sine","9.4'","113''","","Stebbin's Gulch South","Steve Galehouse, Ed Frank, Randy Brown","2009-07-18","http%3A%2F%2Fwww.nativetreesociety.org%2Ffieldtrips%2Fohio%2Fholden2009%2Fholden1.htm","N"
"Tuliptree","Liriodendron tulipifera","Ohio","Licking","Blackhand Gorge Nature Preserve","","","","","166415","1","","","","public","130.3'","Clinometer/laser rangefinder/sine","8.9'","107''","","","Rand Brown","2011-01-03","","N"
"Tuliptree","Liriodendron tulipifera","Ohio","Licking","Blackhand Gorge Nature Preserve","","","","","166410","1","","","","public","130.9'","Clinometer/laser rangefinder/sine","6.5'","78''","","","Rand Brown","2011-01-03","","N"
"Tuliptree","Liriodendron tulipifera","Ohio","Licking","Blackhand Gorge Nature Preserve","","","","","166414","1","","","","public","142.6'","Clinometer/laser rangefinder/sine","10.4'","125''","","","Rand Brown","2011-01-03","","N"
"Tuliptree","Liriodendron tulipifera","Ohio","Licking","Blackhand Gorge Nature Preserve","","","","","166425","1","","","","public","147.1'","Clinometer/laser rangefinder/sine","8.3'","99''","","","Rand Brown","2011-01-03","","N"
"Tuliptree","Liriodendron tulipifera","Ohio","Licking","Blackhand Gorge Nature Preserve","","","","","166426","1","","","","public","147.8'","Clinometer/laser rangefinder/sine","9.6'","115''","","","Rand Brown","2011-01-03","","N"
"Tuliptree","Liriodendron tulipifera","Ohio","Licking","Blackhand Gorge Nature Preserve","","","","","166416","1","","","","public","148.5'","Clinometer/laser rangefinder/sine","9.3'","112''","","","Rand Brown","2011-01-03","","N"
"Tuliptree","Liriodendron tulipifera","Ohio","Licking","Blackhand Gorge Nature Preserve","","","","","196230","1","","","","public","152.0'","Clinometer/laser rangefinder/sine","","","","I suspect but am not certain that this is the same tree that Rand Brown measured at 148.5' on 1/3/11.  The girth seems about right from a distance . Located near tall sycamore.","Stefan Radivoyevitch","2019-11-20","","N"
"Tuliptree","Liriodendron tulipifera","Ohio","Licking","Blackhand Gorge Nature Preserve","","","","","196231","1","","","","public","153.9'","Clinometer/laser rangefinder/sine","","","","farther up stream but nearby in same grove","Stefan Radivoyevitch","2019-11-20","","N"
"Tuliptree","Liriodendron tulipifera","Ohio","Logan","Davey Woods Nature Preserve, OH","","","","","9978","1","","","","Public","118.0'","","","","","","Randy Brown","2008-04-17","http%3A%2F%2Fwww.nativetreesociety.org%2Ffieldtrips%2Fohio%2Fdavey_woods_oh.htm","N"
"Tuliptree","Liriodendron tulipifera","Ohio","Logan","Davey Woods Nature Preserve, OH","","","","","9963","1","","","","Public","126.2'","","9.9'","119''","","","Randy Brown","2008-04-17","http%3A%2F%2Fwww.nativetreesociety.org%2Ffieldtrips%2Fohio%2Fdavey_woods_oh.htm","N"
"Tuliptree","Liriodendron tulipifera","Ohio","Logan","Davey Woods Nature Preserve, OH","","","","","9962","1","","","","Public","129.0'","","11.0'","132''","","","Randy Brown","2008-04-17","http%3A%2F%2Fwww.nativetreesociety.org%2Ffieldtrips%2Fohio%2Fdavey_woods_oh.htm","N"
"Tuliptree","Liriodendron tulipifera","Ohio","Logan","Davey Woods Nature Preserve, OH","","","","","9964","1","","","","Public","130.4'","","10.3'","123''","","","Randy Brown","2008-04-17","http%3A%2F%2Fwww.nativetreesociety.org%2Ffieldtrips%2Fohio%2Fdavey_woods_oh.htm","N"
"Tuliptree","Liriodendron tulipifera","Ohio","Logan","Davey Woods Nature Preserve, OH","","","","","9965","1","","","","Public","133.7'","","11.8'","142''","","","Randy Brown","2008-04-17","http%3A%2F%2Fwww.nativetreesociety.org%2Ffieldtrips%2Fohio%2Fdavey_woods_oh.htm","N"
"Tuliptree","Liriodendron tulipifera","Ohio","Logan","Davey Woods Nature Preserve, OH","","","","","9968","1","","","","Public","133.8'","","5.8'","69''","","","Randy Brown","2008-04-17","http%3A%2F%2Fwww.nativetreesociety.org%2Ffieldtrips%2Fohio%2Fdavey_woods_oh.htm","N"
"Tuliptree","Liriodendron tulipifera","Ohio","Logan","Davey Woods Nature Preserve, OH","","","","","9966","1","","","","Public","136.8'","","9.7'","116''","","","Randy Brown","2008-04-17","http%3A%2F%2Fwww.nativetreesociety.org%2Ffieldtrips%2Fohio%2Fdavey_woods_oh.htm","N"
"Tuliptree","Liriodendron tulipifera","Ohio","Logan","Davey Woods Nature Preserve, OH","","","","","166879","1","","","","Public","141.5'","Clinometer/laser rangefinder/sine","8.5'","102''","","","Robert Leverett","2009-07-10","http%3A%2F%2Fwww.nativetreesociety.org%2Ffieldtrips%2Fohio%2Fdavey_woods_oh.htm","N"
"Tuliptree","Liriodendron tulipifera","Ohio","Logan","Davey Woods Nature Preserve, OH","","","","","166878","1","","","","Public","144.5'","Clinometer/laser rangefinder/sine","11.4'","137''","","","Robert Leverett","2009-07-10","http%3A%2F%2Fwww.nativetreesociety.org%2Ffieldtrips%2Fohio%2Fdavey_woods_oh.htm","N"
"Tuliptree","Liriodendron tulipifera","Ohio","Lorain","Bacon Woods","","","","","15950","1","","","","MetroPark","108.0'","Clinometer/laser rangefinder/sine","","","","","Steve Galehouse","2011-10-13","","N"
"Tuliptree","Liriodendron tulipifera","Ohio","Lorain","Elywood Park","","","","","161170","1","","","","Public-county","130.8'","Clinometer/laser rangefinder/sine","13.7'","164''","","","Steve Galehouse","2010-12-04","http%3A%2F%2Fwww.ents-bbs.org%2Fviewtopic.php%3Ff%3D111%26t%3D6538%23p31942","N"
"Tuliptree","Liriodendron tulipifera","Ohio","Lorain","Elywood Park","","","","","161169","1","","","","Public-county","144.0'","Clinometer/laser rangefinder/sine","12.7'","152''","","","Steve Galehouse","2010-12-04","http%3A%2F%2Fwww.ents-bbs.org%2Fviewtopic.php%3Ff%3D111%26t%3D6538%23p31942","N"
"Tuliptree","Liriodendron tulipifera","Ohio","Lorain","Elywood Park","","","","","166687","1","","","","Public-county","147.0'","","","","","","Steve Galehouse","2015-01-30","http%3A%2F%2Fwww.ents-bbs.org%2Fviewtopic.php%3Ff%3D111%26t%3D6538%23p31942","N"
"Tuliptree","Liriodendron tulipifera","Ohio","Mahoning","Kyle Woods, OH","","","","","166938","1","","","","public","","Clinometer/laser rangefinder/sine","9.9'","119''","","","Thomas Diggins","2003-04-04","","N"
"Tuliptree","Liriodendron tulipifera","Ohio","Mahoning","Kyle Woods, OH","","","","","166939","1","","","","public","","Clinometer/laser rangefinder/sine","8.3'","99''","","","Thomas Diggins","2003-04-04","","N"
"Tuliptree","Liriodendron tulipifera","Ohio","Mahoning","Kyle Woods, OH","","","","","11095","1","","","","public","121.1'","","8.3'","99''","","","Thomas Diggins","2004-03-18","","N"
"Tuliptree","Liriodendron tulipifera","Ohio","Mahoning","Kyle Woods, OH","","","","","11096","1","","","","public","122.0'","","","","","","Thomas Diggins","2004-03-18","","N"
"Tuliptree","Liriodendron tulipifera","Ohio","Mahoning","Kyle Woods, OH","","","","","11094","1","","","","public","123.1'","","9.0'","108''","","","Thomas Diggins","2004-03-18","","N"
"Tuliptree","Liriodendron tulipifera","Ohio","Mahoning","Mill Creek Park, Youngstown, OH","","","","","9766","1","","","","public","137.7'","","10.5'","126''","","","Thomas Diggins","2003-07-13","","N"
"Tuliptree","Liriodendron tulipifera","Ohio","Mahoning","Poland Woods OH","","","","","9753","1","","","","public","112.7'","","6.3'","75''","","","Thomas Diggins","2004-03-25","","N"
"Tuliptree","Liriodendron tulipifera","Ohio","Mahoning","Poland Woods OH","","","","","9751","1","","","","public","123.2'","","11.0'","132''","","","Thomas Diggins","2004-03-25","","N"
"Tuliptree","Liriodendron tulipifera","Ohio","Mahoning","Poland Woods OH","","","","","9752","1","","","","public","126.6'","","9.3'","111''","","","Thomas Diggins","2004-03-25","","N"
"Tuliptree","Liriodendron tulipifera","Ohio","Mahoning","Poland Woods OH","","","","","9750","1","","","","public","128.5'","","8.2'","98''","","","Thomas Diggins","2004-03-25","","N"
"Tuliptree","Liriodendron tulipifera","Ohio","Medina","Whipp's Ledges","41 13.074","-081 42.258","","","166871","1","41 13.074","-081 42.258","","Park","113.0'","Clinometer/laser rangefinder/sine","11.5'","138''","","","Steve Galehouse","2009-10-11","","N"
"Tuliptree","Liriodendron tulipifera","Ohio","Medina","Whipp's Ledges","","","","","2383","1","","","","Park","116.0'","Clinometer/laser rangefinder/sine","7.4'","89''","","","Steve Galehouse","2011-01-03","","N"
"Tuliptree","Liriodendron tulipifera","Ohio","Medina","Whipp's Ledges","","","","","2384","1","","","","Park","127.0'","Clinometer/laser rangefinder/sine","9.3'","112''","","","Steve Galehouse","2011-01-03","","N"
"Tuliptree","Liriodendron tulipifera","Ohio","Medina","Whipp's Ledges","","","","","2385","1","","","","Park","136.1'","Clinometer/laser rangefinder/sine","13.0'","156''","","","Steve Galehouse","2011-01-03","","N"
"Tuliptree","Liriodendron tulipifera","Ohio","Montgomery","Germantown Metropark","","","","","230780","1","","","","Public - county","134.5'","Clinometer/laser rangefinder/sine","9.5'","114''","","","Matt Markworth","2014-03-10","http%3A%2F%2Fwww.ents-bbs.org%2Fviewtopic.php%3Ff%3D111%26t%3D4836","N"
"Tuliptree","Liriodendron tulipifera","Ohio","Montgomery","Germantown Metropark","","","","","230782","1","","","","Public - county","140.0'","Clinometer/laser rangefinder/sine","7.1'","85''","","","Matt Markworth","2014-03-10","http%3A%2F%2Fwww.ents-bbs.org%2Fviewtopic.php%3Ff%3D111%26t%3D4836","N"
"Tuliptree","Liriodendron tulipifera","Ohio","Montgomery","Germantown Metropark","","","","","230774","1","","","","Public - county","147.7'","Clinometer/laser rangefinder/sine","9.0'","108''","","","Matt Markworth","2014-03-10","http%3A%2F%2Fwww.ents-bbs.org%2Fviewtopic.php%3Ff%3D111%26t%3D4836","N"
"Tuliptree","Liriodendron tulipifera","Ohio","Montgomery","Germantown Metropark","","","","","230781","1","","","","Public - county","149.3'","Clinometer/laser rangefinder/sine","10.7'","128''","","","Matt Markworth","2014-03-10","http%3A%2F%2Fwww.ents-bbs.org%2Fviewtopic.php%3Ff%3D111%26t%3D4836","N"
"Tuliptree","Liriodendron tulipifera","Ohio","Montgomery","Germantown Metropark","","","","","35809","1","","","","Public - county","150.3'","Clinometer/laser rangefinder/sine","10.5'","126''","","","Matt Markworth","2013-01-01","http%3A%2F%2Fwww.ents-bbs.org%2Fviewtopic.php%3Ff%3D111%26t%3D4836","N"
"Tuliptree","Liriodendron tulipifera","Ohio","Montgomery","Germantown Metropark","39 38.602","-084 25.569","","","230635","2","39 38.602","-084 25.569","","Public - county","154.7'","Clinometer/laser rangefinder/sine","10.6'","127''","","Named ""Scholar""","Matt Markworth, Matt Markworth","2020-12-11","http%3A%2F%2Fwww.ents-bbs.org%2Fviewtopic.php%3Ff%3D111%26t%3D4836","N"
"Tuliptree","Liriodendron tulipifera","Ohio","Montgomery","Germantown Metropark","39 38.601","-084 25.588","","","230607","2","39 38.601","-084 25.588","","Public - county","161.0'","Clinometer/laser rangefinder/sine","10.4'","125''","","Named ""Emerson""","Matt Markworth, Matt Markworth","2020-12-11","http%3A%2F%2Fwww.ents-bbs.org%2Fviewtopic.php%3Ff%3D111%26t%3D4836","N"
"Tuliptree","Liriodendron tulipifera","Ohio","Ross","Tar Hollow State Forest","","","","","161080","1","","","","Public-state","135.0'","Clinometer/laser rangefinder/sine","10.6'","127''","","Height is Not Less Than (NLT)","Rand Brown","2010-05-30","http%3A%2F%2Fwww.ents-bbs.org%2Fviewtopic.php%3Ff%3D111%26t%3D743%23p2270","N"
"Tuliptree","Liriodendron tulipifera","Ohio","Seneca","Howard Collier State Nature Preserve","","","","","168471","1","","","","Public-state","137.0'","Clinometer/laser rangefinder/sine","11.2'","134''","","","Rand Brown","2011-01-19","http%3A%2F%2Fwww.ents-bbs.org%2Fviewtopic.php%3Ff%3D111%26t%3D1934%23p7148","N"
"Tuliptree","Liriodendron tulipifera","Ohio","Summit","Boston Run","","","","","165833","1","","","","Public-national","133.2'","Clinometer/laser rangefinder/sine","","","","","Steve Galehouse","2011-10-23","http%3A%2F%2Fwww.ents-bbs.org%2Fviewtopic.php%3Ff%3D111%26t%3D3172","N"
"Tuliptree","Liriodendron tulipifera","Ohio","Summit","Cuyahoga Valley Composite","","","This is a composite of the tallest trees by species previously recorded in a number of smaller sites within the Cuyahoga Valley, which are all part of the Akron/Summit County Metropark System or the Cuyahoga Valley National Park.","","63698","1","","","","Metropark, National Park","171.0'","Clinometer/laser rangefinder/sine","15.3'","183''","91.0'","Sand Run","Steve Galehouse, Rand Brown","2011-11-06","","N"
"Tuliptree","Liriodendron tulipifera","Ohio","Summit","Cuyahoga Valley National Park","","","","","168466","1","","","","public","150.0'","Clinometer/laser rangefinder/sine","","","","","Stefan Radivoyevitch","2018-11-20","","N"
"Tuliptree","Liriodendron tulipifera","Ohio","Summit","Cuyahoga Valley National Park","","","","","168467","1","","","","public","151.0'","Clinometer/laser rangefinder/sine","","","","Three measurements of 148.1' , 151.9', 151.8' was obtained.
Final result based on highest repeatable value of 151'.","Stefan Radivoyevitch","2018-11-20","","N"
"Tuliptree","Liriodendron tulipifera","Ohio","Summit","Cuyahoga Valley National Park","","","","","173732","1","","","","public","151.0'","","","","","","Stefan Radivoyevitch","2018-05-07","","N"
"Tuliptree","Liriodendron tulipifera","Ohio","Summit","Cuyahoga Valley National Park","","","","","177015","1","","","","public","154.0'","","","","","","Stefan Radivoyevitch","2018-12-19","","N"
"Tuliptree","Liriodendron tulipifera","Ohio","Summit","Cuyahoga Valley National Park","","","","","168468","1","","","","public","157.0'","Clinometer/laser rangefinder/sine","","","","","Stefan Radivoyevitch","2018-11-20","","N"
"Tuliptree","Liriodendron tulipifera","Ohio","Summit","Everett Woods","","","","","224771","1","","","","Park","111.5'","Clinometer/laser rangefinder/sine","9.3'","112''","","","Steve Galehouse","2011-03-04","","N"
"Tuliptree","Liriodendron tulipifera","Ohio","Summit","Everett Woods","","","","","2459","1","","","","Park","122.4'","Clinometer/laser rangefinder/sine","","","","","Rand Brown, Steve Galehouse","2011-04-03","","N"
"Tuliptree","Liriodendron tulipifera","Ohio","Summit","Everett Woods","","","","","2465","1","","","","Park","125.0'","Clinometer/laser rangefinder/sine","","","","","Rand Brown, Steve Galehouse","2011-04-03","","N"
"Tuliptree","Liriodendron tulipifera","Ohio","Summit","Everett Woods","","","","","2457","1","","","","Park","125.9'","Clinometer/laser rangefinder/sine","","","","","Rand Brown, Steve Galehouse","2011-04-03","","N"
"Tuliptree","Liriodendron tulipifera","Ohio","Summit","Everett Woods","","","","","2475","1","","","","Park","126.0'","Clinometer/laser rangefinder/sine","","","","","Rand Brown, Steve Galehouse","2011-04-03","","N"
"Tuliptree","Liriodendron tulipifera","Ohio","Summit","Everett Woods","","","","","2464","1","","","","Park","127.0'","Clinometer/laser rangefinder/sine","","","","","Rand Brown, Steve Galehouse","2011-04-03","","N"
"Tuliptree","Liriodendron tulipifera","Ohio","Summit","Everett Woods","","","","","2467","1","","","","Park","128.5'","Clinometer/laser rangefinder/sine","","","","","Rand Brown, Steve Galehouse","2011-04-03","","N"
"Tuliptree","Liriodendron tulipifera","Ohio","Summit","Everett Woods","","","","","2473","1","","","","Park","136.5'","Clinometer/laser rangefinder/sine","","","","","Rand Brown, Steve Galehouse","2011-04-03","","N"
"Tuliptree","Liriodendron tulipifera","Ohio","Summit","Everett Woods","","","","","2466","1","","","","Park","138.0'","Clinometer/laser rangefinder/sine","","","","","Rand Brown, Steve Galehouse","2011-04-03","","N"
"Tuliptree","Liriodendron tulipifera","Ohio","Summit","Everett Woods","","","","","2451","1","","","","Park","138.9'","Clinometer/laser rangefinder/sine","","","","","Rand Brown, Steve Galehouse","2011-04-03","","N"
"Tuliptree","Liriodendron tulipifera","Ohio","Summit","Everett Woods","","","","","2454","1","","","","Park","142.5'","Clinometer/laser rangefinder/sine","8.1'","97''","","","Rand Brown, Steve Galehouse","2011-04-03","","N"
"Tuliptree","Liriodendron tulipifera","Ohio","Summit","Everett Woods","","","","","224770","1","","","","Park","143.1'","Clinometer/laser rangefinder/sine","","","","","Steve Galehouse","2011-03-04","","N"
"Tuliptree","Liriodendron tulipifera","Ohio","Summit","Everett Woods","","","","","2453","1","","","","Park","143.9'","","","","","","Rand Brown, Steve Galehouse","2011-04-03","","N"
"Tuliptree","Liriodendron tulipifera","Ohio","Summit","Everett Woods","","","","","2456","1","","","","Park","144.0'","Clinometer/laser rangefinder/sine","","","","","Rand Brown, Steve Galehouse","2011-04-03","","N"
"Tuliptree","Liriodendron tulipifera","Ohio","Summit","Everett Woods","","","","","2478","1","","","","Park","144.0'","Clinometer/laser rangefinder/sine","","","","","Rand Brown, Steve Galehouse","2011-04-03","","N"
"Tuliptree","Liriodendron tulipifera","Ohio","Summit","Everett Woods","","","","","2479","1","","","","Park","144.5'","Clinometer/laser rangefinder/sine","","","","","Rand Brown, Steve Galehouse","2011-04-03","","N"
"Tuliptree","Liriodendron tulipifera","Ohio","Summit","Everett Woods","","","","","224769","1","","","","Park","144.7'","Clinometer/laser rangefinder/sine","","","","","Steve Galehouse","2011-03-04","","N"
"Tuliptree","Liriodendron tulipifera","Ohio","Summit","Everett Woods","","","","","2447","1","","","","Park","149.0'","Clinometer/laser rangefinder/sine","","","","154.5' sycamore on right, 149'tulip on left.","Rand Brown, Steve Galehouse","2011-04-03","","N"
"Tuliptree","Liriodendron tulipifera","Ohio","Summit","Everett Woods","","","","","224768","1","","","","Park","149.5'","Clinometer/laser rangefinder/sine","","","","","Steve Galehouse","2011-03-04","","N"
"Tuliptree","Liriodendron tulipifera","Ohio","Summit","Everett Woods","","","","","2448","1","","","","Park","154.4'","Clinometer/laser rangefinder/sine","10.7'","128''","","","Rand Brown, Steve Galehouse","2011-04-03","","N"
"Tuliptree","Liriodendron tulipifera","Ohio","Summit","Everett Woods","","","","","2461","1","","","","Park","154.9'","Clinometer/laser rangefinder/sine","9.2'","110''","","","Rand Brown, Steve Galehouse","2011-04-03","","N"
"Tuliptree","Liriodendron tulipifera","Ohio","Summit","F. A. Seiberling Nature Realm","","","","","161068","1","","","","public","136.5'","Clinometer/laser rangefinder/sine","11.7'","140''","","","Steve Galehouse","2010-04-01","","N"
"Tuliptree","Liriodendron tulipifera","Ohio","Summit","F. A. Seiberling Nature Realm","","","","","161069","1","","","","public","153.7'","Clinometer/laser rangefinder/sine","","","","","Steve Galehouse","2010-04-01","","N"
"Tuliptree","Liriodendron tulipifera","Ohio","Summit","F. A. Seiberling Nature Realm","","","","","162531","1","","","","public","155.0'","Clinometer/laser rangefinder/sine","","","","Magnificent specimen! Exceeds in height, girth, and crown. I estimate the girth to be at least 14 to 15 ft circumference. 

Quite possibly the same tree measured by Steve Galehouse at 153.7' in 2010.","Stefan Radivoyevitch","2018-04-30","","N"
"Tuliptree","Liriodendron tulipifera","Ohio","Summit","Gorge Metro Park","","","","","160656","1","","","","Public","124.0'","Clinometer/laser rangefinder/sine","14.7'","176''","","","Steve Galehouse","2009-04-27","http%3A%2F%2Fwww.nativetreesociety.org%2Ffieldtrips%2Fohio%2Fgorge_park%2Fgorge_park.htm","N"
"Tuliptree","Liriodendron tulipifera","Ohio","Summit","Gorge Metropark","","","","","2494","1","","","","Park","120.9'","Clinometer/laser rangefinder/sine","13.0'","156''","","","Steve Galehouse","2009-04-28","","N"
"Tuliptree","Liriodendron tulipifera","Ohio","Summit","Gorge Metropark","","","","","2495","1","","","","Park","124.0'","Clinometer/laser rangefinder/sine","14.7'","176''","","","Steve Galehouse","2009-04-28","","N"
"Tuliptree","Liriodendron tulipifera","Ohio","Summit","Hampton Hills","","","","","2429","1","","","","Park","135.0'","","","","","","Rand Brown, Steve Galehouse","2011-02-18","http%3A%2F%2Fwww.ents-bbs.org%2Fviewtopic.php%3Ff%3D111%26t%3D2091","N"
"Tuliptree","Liriodendron tulipifera","Ohio","Summit","Hampton Hills","","","","","2431","1","","","","Park","147.0'","","11.1'","133''","","","Rand Brown, Steve Galehouse","2011-02-18","http%3A%2F%2Fwww.ents-bbs.org%2Fviewtopic.php%3Ff%3D111%26t%3D2091","N"
"Tuliptree","Liriodendron tulipifera","Ohio","Summit","Hampton Hills","","","","","2430","1","","","","Park","150.0'","","","","","Double trunk, other top 144'","Rand Brown, Steve Galehouse","2011-02-18","http%3A%2F%2Fwww.ents-bbs.org%2Fviewtopic.php%3Ff%3D111%26t%3D2091","N"
"Tuliptree","Liriodendron tulipifera","Ohio","Summit","Hampton Hills","","","","","2432","1","","","","Park","150.0'","","8.6'","103''","","","Rand Brown, Steve Galehouse","2011-02-18","http%3A%2F%2Fwww.ents-bbs.org%2Fviewtopic.php%3Ff%3D111%26t%3D2091","N"
"Tuliptree","Liriodendron tulipifera","Ohio","Summit","Hampton Hills","","","","","2433","1","","","","Park","159.0'","","","","","","Rand Brown, Steve Galehouse","2011-02-18","http%3A%2F%2Fwww.ents-bbs.org%2Fviewtopic.php%3Ff%3D111%26t%3D2091","N"
"Tuliptree","Liriodendron tulipifera","Ohio","Summit","Hampton Hills","","","","","2434","1","","","","Park","160.8'","","","","","160.8' tulip in center, 159' tulip on right.","Rand Brown, Steve Galehouse","2011-02-18","http%3A%2F%2Fwww.ents-bbs.org%2Fviewtopic.php%3Ff%3D111%26t%3D2091","N"
"Tuliptree","Liriodendron tulipifera","Ohio","Summit","Hampton Hills Metro Park","","","vicinity coordinates; nearest parking lot","","177017","1","","","","public","152.0'","","","","","","Stefan Radivoyevitch","2018-12-19","","N"
"Tuliptree","Liriodendron tulipifera","Ohio","Summit","Hampton Hills Metro Park","","","vicinity coordinates; nearest parking lot","","177018","1","","","","public","152.0'","","","","","","Stefan Radivoyevitch","2018-12-19","","N"
"Tuliptree","Liriodendron tulipifera","Ohio","Summit","Hampton Hills Metro Park","","","vicinity coordinates; nearest parking lot","","177016","1","","","","public","156.0'","","","","","","Stefan Radivoyevitch","2018-12-19","","N"
"Tuliptree","Liriodendron tulipifera","Ohio","Summit","Hampton Hills Metropark","41 10.008","-081 34.019","","","170147","1","41 10.008","-081 34.019","","public","160.0'","Clinometer/laser rangefinder/sine","","","","Previously discovered and measured by Galehouse/Rand at a height of 159' on Feb. 2011.","Stefan Radivoyevitch","2018-04-30","","N"
"Tuliptree","Liriodendron tulipifera","Ohio","Summit","Hampton Hills Metropark","","","","","170146","1","","","","public","162.0'","Clinometer/laser rangefinder/sine","","","","Mid-slope was eyeballed. Height was recently reduced from 164' to 162' that is more repeatable. 

This tree was first located and measured in Feb. 2011 at a height of 160.8' by Steve Galehouse / Rand Paul.

I previously measured this tree at 162'  in Dec. 2016.","Stefan Radivoyevitch","2018-04-30","","N"
"Tuliptree","Liriodendron tulipifera","Ohio","Summit","O 'Neill Woods","","","","","161280","1","","","","Metropark","134.0'","Clinometer/laser rangefinder/sine","11.8'","142''","","","Steve Galehouse, Rob Curtis","2011-02-28","","N"
"Tuliptree","Liriodendron tulipifera","Ohio","Summit","O 'Neill Woods","","","","","161279","1","","","","Metropark","138.5'","Clinometer/laser rangefinder/sine","7.2'","86''","","","Steve Galehouse, Rob Curtis","2011-02-28","","N"
"Tuliptree","Liriodendron tulipifera","Ohio","Summit","O 'Neill Woods","","","","","161278","1","","","","Metropark","145.0'","Clinometer/laser rangefinder/sine","","","","","Steve Galehouse, Rob Curtis","2011-02-28","","N"
"Tuliptree","Liriodendron tulipifera","Ohio","Summit","O 'Neill Woods","","","","","161277","1","","","","Metropark","146.9'","Clinometer/laser rangefinder/sine","","","","","Steve Galehouse, Rob Curtis","2011-02-28","","N"
"Tuliptree","Liriodendron tulipifera","Ohio","Summit","O 'Neill Woods","","","","","16746","1","","","","Metropark","158.3'","Clinometer/laser rangefinder/sine","","","","","Steve Galehouse","2011-10-28","","N"
"Tuliptree","Liriodendron tulipifera","Ohio","Summit","O'neill Metroparks","","","","","165394","1","","","","public","150.0'","Clinometer/laser rangefinder/sine","","","","encroaching vines","Stefan Radivoyevitch","2018-02-13","","N"
"Tuliptree","Liriodendron tulipifera","Ohio","Summit","O'neill Metroparks","","","","","165392","1","","","","public","151.0'","Clinometer/laser rangefinder/sine","","","","Young, skinny tree, growing vigorously.  Single measurement rounded down to lowest foot because base was not marked off.","Stefan Radivoyevitch","2018-02-13","","N"
"Tuliptree","Liriodendron tulipifera","Ohio","Summit","O'neill Metroparks","","","","","165393","1","","","","public","151.0'","Clinometer/laser rangefinder/sine","","","","double stem","Stefan Radivoyevitch","2018-02-13","","N"
"Tuliptree","Liriodendron tulipifera","Ohio","Summit","O'neill Metroparks","","","","","165391","1","","","","public","156.0'","Clinometer/laser rangefinder/sine","9.6'","115''","","Ave. ht. of three different measurements (154, 156, 157.7).

Possibly same tree measured by Galehouse in 2011 at 158.3.","Stefan Radivoyevitch","2018-02-13","","N"
"Tuliptree","Liriodendron tulipifera","Ohio","Summit","O'neill Metroparks","41 10.230","-081 35.458","","","165390","1","41 10.230","-081 35.458","","public","156.2'","Clinometer/laser rangefinder/sine","","","","Ave. Ht. of two different measurements (154.7, 157.8).

Possibly same tree measured by Galehouse in 2011 at 158.3.","Stefan Radivoyevitch","2018-02-13","","N"
"Tuliptree","Liriodendron tulipifera","Ohio","Summit","Ritchie Ledges","","","","","33586","1","","","","MetroPark","123.5'","Clinometer/laser rangefinder/sine","10.3'","124''","","","Rand Brown, Steve Galehouse","2011-02-18","http%3A%2F%2Fwww.ents-bbs.org%2Fviewtopic.php%3Ff%3D111%26t%3D2094","N"
"Tuliptree","Liriodendron tulipifera","Ohio","Summit","Ritchie Ledges","","","","","33585","1","","","","MetroPark","128.0'","Clinometer/laser rangefinder/sine","7.7'","93''","","","Rand Brown, Steve Galehouse","2011-02-18","http%3A%2F%2Fwww.ents-bbs.org%2Fviewtopic.php%3Ff%3D111%26t%3D2094","N"
"Tuliptree","Liriodendron tulipifera","Ohio","Summit","Ritchie Ledges","","","","","33584","1","","","","MetroPark","130.9'","Clinometer/laser rangefinder/sine","8.4'","101''","","","Rand Brown, Steve Galehouse","2011-02-18","http%3A%2F%2Fwww.ents-bbs.org%2Fviewtopic.php%3Ff%3D111%26t%3D2094","N"
"Tuliptree","Liriodendron tulipifera","Ohio","Summit","Ritchie Ledges","41 13.592","-081 30.552","","","161213","2","41 13.592","-081 30.552","","MetroPark","131.2'","Clinometer/laser rangefinder/sine","11.4'","137''","","","Steve Galehouse, Steve Galehouse","2010-12-17","http%3A%2F%2Fwww.ents-bbs.org%2Fviewtopic.php%3Ff%3D111%26t%3D2094","N"
"Tuliptree","Liriodendron tulipifera","Ohio","Summit","Ritchie Ledges","","","","","33583","1","","","","MetroPark","133.2'","Clinometer/laser rangefinder/sine","11.2'","134''","","","Rand Brown, Steve Galehouse","2011-02-18","http%3A%2F%2Fwww.ents-bbs.org%2Fviewtopic.php%3Ff%3D111%26t%3D2094","N"
"Tuliptree","Liriodendron tulipifera","Ohio","Summit","Ritchie Ledges","","","","","33582","1","","","","MetroPark","138.0'","Clinometer/laser rangefinder/sine","10.0'","120''","","","Rand Brown, Steve Galehouse","2011-02-18","http%3A%2F%2Fwww.ents-bbs.org%2Fviewtopic.php%3Ff%3D111%26t%3D2094","N"
"Tuliptree","Liriodendron tulipifera","Ohio","Summit","Sand Run","41 07.994","-081 33.998","","","2329","1","41 07.994","-081 33.998","1008.0 ft","Metropark","115.4'","Clinometer/laser rangefinder/sine","11.0'","132''","","","Steve Galehouse","2010-10-19","","N"
"Tuliptree","Liriodendron tulipifera","Ohio","Summit","Sand Run","41 08.027","-081 33.907","","","2333","1","41 08.027","-081 33.907","969.0 ft","Metropark","122.0'","Clinometer/laser rangefinder/sine","12.8'","153''","","","Steve Galehouse","2010-10-19","","N"
"Tuliptree","Liriodendron tulipifera","Ohio","Summit","Sand Run","41 07.946","-081 33.872","","","2332","1","41 07.946","-081 33.872","965.0 ft","Metropark","126.1'","Clinometer/laser rangefinder/sine","11.6'","139''","","","Steve Galehouse","2010-10-19","","N"
"Tuliptree","Liriodendron tulipifera","Ohio","Summit","Sand Run","41 07.937","-081 33.872","","","2331","1","41 07.937","-081 33.872","973.0 ft","Metropark","135.0'","Clinometer/laser rangefinder/sine","15.8'","190''","","","Steve Galehouse","2010-10-19","","N"
"Tuliptree","Liriodendron tulipifera","Ohio","Summit","Sand Run","41 08.121","-081 33.919","","","2337","1","41 08.121","-081 33.919","951.0 ft","Metropark","142.0'","Clinometer/laser rangefinder/sine","10.3'","124''","","","Steve Galehouse","2010-10-19","","N"
"Tuliptree","Liriodendron tulipifera","Ohio","Summit","Sand Run","","","","","166870","1","","","","Metropark","143.4'","Clinometer/laser rangefinder/sine","14.8'","178''","","","Steve Galehouse","2010-10-16","","N"
"Tuliptree","Liriodendron tulipifera","Ohio","Summit","Sand Run","41 08.109","-081 33.918","","","2335","1","41 08.109","-081 33.918","951.0 ft","Metropark","147.9'","Clinometer/laser rangefinder/sine","10.0'","120''","","","Steve Galehouse","2010-10-19","","N"
"Tuliptree","Liriodendron tulipifera","Ohio","Summit","Sand Run","41 08.071","-081 33.915","","","2334","1","41 08.071","-081 33.915","955.0 ft","Metropark","153.0'","Clinometer/laser rangefinder/sine","11.5'","138''","","","Steve Galehouse","2010-10-19","","N"
"Tuliptree","Liriodendron tulipifera","Ohio","Summit","Sand Run","41 08.112","-081 33.939","","","2336","1","41 08.112","-081 33.939","977.0 ft","Metropark","153.0'","Clinometer/laser rangefinder/sine","12.0'","144''","","","Steve Galehouse","2010-10-19","","N"
"Tuliptree","Liriodendron tulipifera","Ohio","Summit","Sand Run","","","","","18725","1","","","","Metropark","159.0'","Clinometer/laser rangefinder/sine","14.2'","170''","","","Rand Brown, Steve Galehouse","2011-11-06","","N"
"Tuliptree","Liriodendron tulipifera","Ohio","Summit","Sand Run","","","","","18722","1","","","","Metropark","161.0'","Clinometer/laser rangefinder/sine","13.0'","156''","","","Rand Brown, Steve Galehouse","2011-11-06","","N"
"Tuliptree","Liriodendron tulipifera","Ohio","Summit","Sand Run","","","","","18717","1","","","","Metropark","163.3'","Clinometer/laser rangefinder/sine","","","","","Rand Brown, Steve Galehouse","2011-11-06","","N"
"Tuliptree","Liriodendron tulipifera","Ohio","Summit","Sand Run","41 08.044","-081 33.934","","","18726","1","41 08.044","-081 33.934","","Metropark","163.7'","Clinometer/laser rangefinder/sine","14.7'","176''","91.0'","","Steve Galehouse, Rand Brown","2010-11-09","","N"
"Tuliptree","Liriodendron tulipifera","Ohio","Summit","Sand Run","","","","","18716","1","","","","Metropark","170.0'","Clinometer/laser rangefinder/sine","14.7'","176''","91.0'","","Rand Brown, Steve Galehouse","2011-11-06","","N"
"Tuliptree","Liriodendron tulipifera","Ohio","Summit","Sand Run","41 08.077","-081 33.909","","","58963","1","41 08.077","-081 33.909","","Metropark","171.0'","Clinometer/laser rangefinder/sine","15.3'","183''","","","Steve Galehouse","2013-11-17","","N"
"Tuliptree","Liriodendron tulipifera","Ohio","Summit","Sand Run II","","","","","170144","1","","","","public park","","","14.9'","179''","","single stem","Stefan Radivoyevitch","2018-01-30","","N"
"Tuliptree","Liriodendron tulipifera","Ohio","Summit","Sand Run II","","","","","177027","1","","","","public park","145.0'","","16.9'","203''","","single stem","Stefan Radivoyevitch","2019-02-19","","N"
"Tuliptree","Liriodendron tulipifera","Ohio","Summit","Sand Run II","","","","","170145","1","","","","public park","150.0'","","","","","","Stefan Radivoyevitch","2018-01-30","","N"
"Tuliptree","Liriodendron tulipifera","Ohio","Summit","Sand Run II","","","","","177026","1","","","","public park","156.0'","","","","","double stem","Stefan Radivoyevitch","2019-02-19","","N"
"Tuliptree","Liriodendron tulipifera","Ohio","Summit","Sand Run II","","","","","177024","1","","","","public park","157.0'","","","","","","Stefan Radivoyevitch","2019-02-19","","N"
"Tuliptree","Liriodendron tulipifera","Ohio","Summit","Sand Run II","","","","","177025","1","","","","public park","158.0'","","","","","Tree has a rotten hollowed out base.","Stefan Radivoyevitch","2019-02-19","","N"
"Tuliptree","Liriodendron tulipifera","Ohio","Summit","Sand Run II","","","","","177023","1","","","","public park","163.0'","Clinometer/laser rangefinder/sine","13.8'","166''","","Probably the same tree measured by Galehouse/Rand at 159' x 170"" girth on 11/6/2011. Discrepancy of girth can be accounted for by mid-slope placement that was eyeballed by me on a moderate slope.","Stefan Radivoyevitch","2019-02-19","","N"
"Tuliptree","Liriodendron tulipifera","Ohio","Summit","Sand Run Metropark","","","vicinity coordinates; nearest parking lot","","177019","1","","","","public","148.0'","","","","","","Stefan Radivoyevitch","2018-12-19","","N"
"Tuliptree","Liriodendron tulipifera","Ohio","Summit","Sand Run Metropark","","","vicinity coordinates; nearest parking lot","","177020","1","","","","public","148.0'","","","","","","Stefan Radivoyevitch","2018-12-19","","N"
"Tuliptree","Liriodendron tulipifera","Ohio","Summit","Sand Run Metropark","","","vicinity coordinates; nearest parking lot","","177021","1","","","","public","150.0'","","","","","based off single measurement","Stefan Radivoyevitch","2018-12-19","","N"
"Tuliptree","Liriodendron tulipifera","Ohio","Summit","Sand Run Metropark","","","vicinity coordinates; nearest parking lot","","177022","1","","","","public","162.0'","","10.9'","131''","","young, previously undocumented tree","Stefan Radivoyevitch","2018-12-19","","N"
"Tuliptree","Liriodendron tulipifera","Ohio","Trumbull","Warren OH Bottomland Hardwoods","","","","","9654","1","","","","public","133.4'","","11.5'","138''","","","Thomas Diggins","2003-07-16","http%3A%2F%2Fwww.nativetreesociety.org%2Ffieldtrips%2Fohio%2Fwarren_oh.htm","N"
"Tuliptree","Liriodendron tulipifera","Ohio","Vinton","Lake Hope State Park","","","","","162471","1","","","","public","155.0'","Clinometer/laser rangefinder/sine","","","","single handheld measurement rounded down to nearest foot","Stefan Radivoyevitch","2017-01-20","","N"
"Tuliptree","Liriodendron tulipifera","Ohio","Vinton","Lake Hope State Park","","","","","162470","1","","","","public","163.0'","Clinometer/laser rangefinder/sine","","","","Average height of two different measurements at (162, 164).","Stefan Radivoyevitch","2017-01-20","","N"
"Tuliptree","Liriodendron tulipifera","Ohio","Vinton","Lake Hope State Park","","","","","162469","1","","","","public","164.0'","Clinometer/laser rangefinder/sine","10.7'","128''","","Average height of three different measurements rounded down to the nearest foot (163, 164, 165). Handheld. No tape wrape","Stefan Radivoyevitch","2017-01-20","","N"
"Tuliptree","Liriodendron tulipifera","Ohio","Washington","Howe's Grove Roadside Park","","","","","271560","1","","","","Public - City","86.5'","Clinometer/laser rangefinder/sine","10.7'","128''","","","Turner Sharp","2010-11-04","http%3A%2F%2Fwww.ents-bbs.org%2Fviewtopic.php%3Ff%3D111%26t%3D2697","N"
"Tuliptree","Liriodendron tulipifera","Ohio","Washington","Universalist Society Of Belpre","39 16.631","-081 36.204","Site of the first Universalist Society Church in Ohio - 1825
Now privately owned with a remanent stand of older trees.","","272721","1","39 16.631","-081 36.204","640.0 ft","Private","97.2'","Clinometer/laser rangefinder/sine","8.5'","102''","","","Turner Sharp","2022-05-05","","N"
"Tuliptree","Liriodendron tulipifera","Ohio","Wood","""Great Trees Of Ohio"" Will Blozan Trip.","","","","","10095","1","","","","Private","120.0'","","4.2'","50''","","","Will Blozan","2008-07-20","","N"
"Tuliptree","Liriodendron tulipifera","Ontario","Regional Municipality Of Niagara","Niagra Glen Nature Reserve","","","","","233007","1","","","","Public - state","","Clinometer/laser rangefinder/sine","10.0'","120''","","","Dale Luthringer","2003-07-02","Vhttp%3A%2F%2Fwww.nativetreesociety.org%2Ffieldtrips%2Fnew_york%2Fwestern_ny%2Fwestern_ny.htm","N"
"Tuliptree","Liriodendron tulipifera","Ontario","Regional Municipality Of Niagara","Niagra Glen Nature Reserve","","","","","232994","1","","","","Public - state","105.5'","Clinometer/laser rangefinder/sine","7.9'","95''","","","Dale Luthringer","2002-04-15","Vhttp%3A%2F%2Fwww.nativetreesociety.org%2Ffieldtrips%2Fnew_york%2Fwestern_ny%2Fwestern_ny.htm","N"
"Tuliptree","Liriodendron tulipifera","Ontario","Regional Municipality Of Niagara","Niagra Glen Nature Reserve","","","","","233006","1","","","","Public - state","126.3'","Clinometer/laser rangefinder/sine","11.7'","140''","","","Dale Luthringer","2003-07-02","Vhttp%3A%2F%2Fwww.nativetreesociety.org%2Ffieldtrips%2Fnew_york%2Fwestern_ny%2Fwestern_ny.htm","N"
"Tuliptree","Liriodendron tulipifera","Ontario","Regional Municipality Of Niagara","Niagra Glen Nature Reserve","","","","","240283","1","","","","Public - state","134.5'","Clinometer/laser rangefinder/sine","10.0'","120''","","","Bruce Kershner","2004-03-14","Vhttp%3A%2F%2Fwww.nativetreesociety.org%2Ffieldtrips%2Fnew_york%2Fwestern_ny%2Fwestern_ny.htm","N"
"Tuliptree","Liriodendron tulipifera","Pennsylvania","Adams","Gettysburg National Military Park","","","Trees were measured over a four day period ending on51/2008","","169000","1","","","","Public - National Park","115.2'","Clinometer/laser rangefinder/sine","7.9'","95''","","","Dale Luthringer","2008-05-01","http%3A%2F%2Fwww.nativetreesociety.org%2Ffieldtrips%2Fpenna%2Fgettysburg%2Fgettysburg_nmp_pa.htm","N"
"Tuliptree","Liriodendron tulipifera","Pennsylvania","Adams","Gettysburg National Military Park","","","Trees were measured over a four day period ending on51/2008","","169011","1","","","","Public - National Park","116.7'","Clinometer/laser rangefinder/sine","18.8'","226''","98.1'","","Dale Luthringer","2008-05-01","http%3A%2F%2Fwww.nativetreesociety.org%2Ffieldtrips%2Fpenna%2Fgettysburg%2Fgettysburg_nmp_pa.htm","N"
"Tuliptree","Liriodendron tulipifera","Pennsylvania","Adams","Gettysburg National Military Park","","","Trees were measured over a four day period ending on51/2008","","169001","1","","","","Public - National Park","122.0'","Clinometer/laser rangefinder/sine","9.2'","110''","","","Dale Luthringer","2008-05-01","http%3A%2F%2Fwww.nativetreesociety.org%2Ffieldtrips%2Fpenna%2Fgettysburg%2Fgettysburg_nmp_pa.htm","N"
"Tuliptree","Liriodendron tulipifera","Pennsylvania","Adams","Gettysburg National Military Park","","","Trees were measured over a four day period ending on51/2008","","169002","1","","","","Public - National Park","130.5'","Clinometer/laser rangefinder/sine","9.4'","113''","","","Dale Luthringer","2008-05-01","http%3A%2F%2Fwww.nativetreesociety.org%2Ffieldtrips%2Fpenna%2Fgettysburg%2Fgettysburg_nmp_pa.htm","N"
"Tuliptree","Liriodendron tulipifera","Pennsylvania","Adams","Gettysburg National Military Park","","","Trees were measured over a four day period ending on51/2008","","169003","1","","","","Public - National Park","130.9'","Clinometer/laser rangefinder/sine","9.2'","110''","","","Dale Luthringer","2008-05-01","http%3A%2F%2Fwww.nativetreesociety.org%2Ffieldtrips%2Fpenna%2Fgettysburg%2Fgettysburg_nmp_pa.htm","N"
"Tuliptree","Liriodendron tulipifera","Pennsylvania","Adams","Gettysburg National Military Park","","","Trees were measured over a four day period ending on51/2008","","169018","1","","","","Public - National Park","135.1'","Clinometer/laser rangefinder/sine","","","","","Dale Luthringer","2008-05-01","http%3A%2F%2Fwww.nativetreesociety.org%2Ffieldtrips%2Fpenna%2Fgettysburg%2Fgettysburg_nmp_pa.htm","N"
"Tuliptree","Liriodendron tulipifera","Pennsylvania","Allegheny","North Park Latadami Nature Center","","","250 acres Nature Center and is part of 3,750 acre North Park","","120567","1","","","1040.0 ft","Public","116.6'","Clinometer/laser rangefinder/sine","7.0'","84''","","","Carl Harting","2005-12-17","http%3A%2F%2Fwww.nativetreesociety.org%2Ffieldtrips%2Fpenna%2Flatodami%2Flatodami_nature_center.htm","N"
"Tuliptree","Liriodendron tulipifera","Pennsylvania","Allegheny","North Park Latadami Nature Center","","","250 acres Nature Center and is part of 3,750 acre North Park","","120568","1","","","1040.0 ft","Public","118.8'","Clinometer/laser rangefinder/sine","","","","Double trunk - 14.8'","Carl Harting","2005-12-17","http%3A%2F%2Fwww.nativetreesociety.org%2Ffieldtrips%2Fpenna%2Flatodami%2Flatodami_nature_center.htm","N"
"Tuliptree","Liriodendron tulipifera","Pennsylvania","Allegheny","North Park Latadami Nature Center","","","250 acres Nature Center and is part of 3,750 acre North Park","","120569","1","","","1040.0 ft","Public","120.3'","Clinometer/laser rangefinder/sine","6.0'","72''","","","Carl Harting","2005-12-17","http%3A%2F%2Fwww.nativetreesociety.org%2Ffieldtrips%2Fpenna%2Flatodami%2Flatodami_nature_center.htm","N"
"Tuliptree","Liriodendron tulipifera","Pennsylvania","Allegheny","North Park Latadami Nature Center","","","250 acres Nature Center and is part of 3,750 acre North Park","","120570","1","","","1040.0 ft","Public","122.0'","Clinometer/laser rangefinder/sine","7.3'","88''","","","Carl Harting","2005-12-17","http%3A%2F%2Fwww.nativetreesociety.org%2Ffieldtrips%2Fpenna%2Flatodami%2Flatodami_nature_center.htm","N"
"Tuliptree","Liriodendron tulipifera","Pennsylvania","Allegheny","North Park Latadami Nature Center","","","250 acres Nature Center and is part of 3,750 acre North Park","","120571","1","","","1040.0 ft","Public","128.2'","Clinometer/laser rangefinder/sine","8.4'","101''","","","Carl Harting","2005-12-17","http%3A%2F%2Fwww.nativetreesociety.org%2Ffieldtrips%2Fpenna%2Flatodami%2Flatodami_nature_center.htm","N"
"Tuliptree","Liriodendron tulipifera","Pennsylvania","Berks","Nolde Forest","","","Full name is Nolde Forest Environmental Education Center.","","135983","1","","","","Public - state","145.3'","Clinometer/laser rangefinder/sine","6.4'","77''","","","George Fieo","2011-11-01","http%3A%2F%2Fwww.ents-bbs.org%2Fviewtopic.php%3Ff%3D151%26t%3D7353%23p35322","N"
"Tuliptree","Liriodendron tulipifera","Pennsylvania","Bucks","Dark Hollow Park","","","","","166263","1","","","","Public - county","98.5'","Clinometer/laser rangefinder/sine","12.6'","151''","","","George Fieo","2009-08-08","nativetreesociety.org%2Ffieldtrips%2Fpenna%2F20090824-darkhollow%2Fdark_hollow_park_bucks_county_pa.htm","N"
"Tuliptree","Liriodendron tulipifera","Pennsylvania","Bucks","Dark Hollow Park","","","","","166264","1","","","","Public - county","111.5'","Clinometer/laser rangefinder/sine","8.8'","106''","","","George Fieo","2009-08-08","nativetreesociety.org%2Ffieldtrips%2Fpenna%2F20090824-darkhollow%2Fdark_hollow_park_bucks_county_pa.htm","N"
"Tuliptree","Liriodendron tulipifera","Pennsylvania","Bucks","Five Mile Woods Preserve","","","","","143183","1","","","","Township","113.8'","Clinometer/laser rangefinder/sine","12.3'","148''","","","George Fieo","2010-10-10","","N"
"Tuliptree","Liriodendron tulipifera","Pennsylvania","Bucks","Five Mile Woods Preserve","","","","","143184","1","","","","Township","122.5'","Clinometer/laser rangefinder/sine","11.5'","138''","","","George Fieo","2010-10-10","","N"
"Tuliptree","Liriodendron tulipifera","Pennsylvania","Bucks","Five Mile Woods Preserve","","","","","143185","1","","","","Township","126.1'","Clinometer/laser rangefinder/sine","7.8'","94''","","","George Fieo","2010-10-10","","N"
"Tuliptree","Liriodendron tulipifera","Pennsylvania","Bucks","Tyler State Park","40 13.669","-074 57.663","","","142877","1","40 13.669","-074 57.663","","State","129.4'","Clinometer/laser rangefinder/sine","15.9'","191''","","Largest tree in the park.","George Fieo","2011-11-22","","N"
"Tuliptree","Liriodendron tulipifera","Pennsylvania","Bucks","Tyler State Park","40 13.629","-074 58.813","","","142878","1","40 13.629","-074 58.813","","State","144.7'","Clinometer/laser rangefinder/sine","11.6'","139''","","","George Fieo","2011-11-22","","N"
"Tuliptree","Liriodendron tulipifera","Pennsylvania","Butler","Hogg Woods","","","""Most of the shots were from underneath..."" Heights should be considered Not Less Than (NLT)","","138392","1","","","1350.0 ft","Private","111.5'","Clinometer/laser rangefinder/sine","9.2'","110''","","","Carl Harting, Edward Frank","2009-06-10","http%3A%2F%2Fgroups.google.com%2Fgroup%2Fentstrees%2Fbrowse_thread%2Fthread%2Fd06269fc01b3a06b%3Fhl%3Den","N"
"Tuliptree","Liriodendron tulipifera","Pennsylvania","Butler","Hogg Woods","","","""Most of the shots were from underneath..."" Heights should be considered Not Less Than (NLT)","","138389","1","","","1350.0 ft","Private","112.4'","Clinometer/laser rangefinder/sine","","","","","Carl Harting, Edward Frank","2009-06-10","http%3A%2F%2Fgroups.google.com%2Fgroup%2Fentstrees%2Fbrowse_thread%2Fthread%2Fd06269fc01b3a06b%3Fhl%3Den","N"
"Tuliptree","Liriodendron tulipifera","Pennsylvania","Butler","Hogg Woods","","","""Most of the shots were from underneath..."" Heights should be considered Not Less Than (NLT)","","138393","1","","","1350.0 ft","Private","120.0'","Clinometer/laser rangefinder/sine","8.4'","101''","","","Carl Harting, Edward Frank","2009-06-10","http%3A%2F%2Fgroups.google.com%2Fgroup%2Fentstrees%2Fbrowse_thread%2Fthread%2Fd06269fc01b3a06b%3Fhl%3Den","N"
"Tuliptree","Liriodendron tulipifera","Pennsylvania","Butler","Wolf Creek Narrows Natural Area","","","115 Acres open to the public","","78114","1","","","1100.0 ft","Private","103.5'","Clinometer/laser rangefinder/sine","4.2'","50''","","","Carl Harting","2004-08-16","http%3A%2F%2Fwww.nativetreesociety.org%2Ffieldtrips%2Fpenna%2Fwolf_creek_narrows.htm","N"
"Tuliptree","Liriodendron tulipifera","Pennsylvania","Butler","Wolf Creek Narrows Natural Area","","","115 Acres open to the public","","78115","1","","","1100.0 ft","Private","109.4'","Clinometer/laser rangefinder/sine","6.8'","82''","","","Carl Harting","2004-08-16","http%3A%2F%2Fwww.nativetreesociety.org%2Ffieldtrips%2Fpenna%2Fwolf_creek_narrows.htm","N"
"Tuliptree","Liriodendron tulipifera","Pennsylvania","Butler","Wolf Creek Narrows Natural Area","41 03.887","-080 05.205","115 Acres open to the public","","78113","1","41 03.887","-080 05.205","1100.0 ft","Private","124.0'","Clinometer/laser rangefinder/sine","","","","","Carl Harting","2004-08-16","http%3A%2F%2Fwww.nativetreesociety.org%2Ffieldtrips%2Fpenna%2Fwolf_creek_narrows.htm","N"
"Tuliptree","Liriodendron tulipifera","Pennsylvania","Centre","Bear Meadows Natural Area","","","Natural Area contains 890 Acres","","168988","1","","","","Public - State Forest","93.1'","Clinometer/laser rangefinder/sine","6.3'","76''","","Height is Not Less Than (NLT)","Dale Luthringer","2004-04-15","http%3A%2F%2Fwww.nativetreesociety.org%2Ffieldtrips%2Fpenna%2Fbear_meadows.htm","N"
"Tuliptree","Liriodendron tulipifera","Pennsylvania","Centre","Bear Meadows Natural Area","","","Natural Area contains 890 Acres","","168989","1","","","","Public - State Forest","103.1'","Clinometer/laser rangefinder/sine","7.3'","88''","","","Dale Luthringer","2004-04-15","http%3A%2F%2Fwww.nativetreesociety.org%2Ffieldtrips%2Fpenna%2Fbear_meadows.htm","N"
"Tuliptree","Liriodendron tulipifera","Pennsylvania","Centre","Laurel Run Road","","","","","130026","1","","","","Private","127.5'","Clinometer/laser rangefinder/sine","","","","","Dale Luthringer","2004-11-18","http%3A%2F%2Fwww.nativetreesociety.org%2Ffieldtrips%2Fpenna%2Fshingletown_gap.htm","N"
"Tuliptree","Liriodendron tulipifera","Pennsylvania","Centre","Laurel Run Road","","","","","130027","1","","","","Private","128.0'","Clinometer/laser rangefinder/sine","","","","","Dale Luthringer","2004-11-18","http%3A%2F%2Fwww.nativetreesociety.org%2Ffieldtrips%2Fpenna%2Fshingletown_gap.htm","N"
"Tuliptree","Liriodendron tulipifera","Pennsylvania","Centre","Laurel Run Road","","","","","130028","1","","","","Private","131.1'","Clinometer/laser rangefinder/sine","","","","","Dale Luthringer","2004-11-18","http%3A%2F%2Fwww.nativetreesociety.org%2Ffieldtrips%2Fpenna%2Fshingletown_gap.htm","N"
"Tuliptree","Liriodendron tulipifera","Pennsylvania","Centre","Shingletown Gap","","","","","130007","1","","","","Public - State forest","103.9'","Clinometer/laser rangefinder/sine","","","","","Dale Luthringer","2004-11-18","http%3A%2F%2Fwww.nativetreesociety.org%2Ffieldtrips%2Fpenna%2Fshingletown_gap.htm","N"
"Tuliptree","Liriodendron tulipifera","Pennsylvania","Centre","Shingletown Gap","","","","","130008","1","","","","Public - State forest","115.3'","Clinometer/laser rangefinder/sine","","","","","Dale Luthringer","2004-11-18","http%3A%2F%2Fwww.nativetreesociety.org%2Ffieldtrips%2Fpenna%2Fshingletown_gap.htm","N"
"Tuliptree","Liriodendron tulipifera","Pennsylvania","Chester","Airdrie Forest Preserve","","","","","143150","1","","","","Public","131.8'","Clinometer/laser rangefinder/sine","13.4'","161''","","","George Fieo","2009-06-21","","N"
"Tuliptree","Liriodendron tulipifera","Pennsylvania","Chester","Airdrie Forest Preserve","","","","","143151","1","","","","Public","142.0'","Clinometer/laser rangefinder/sine","10.4'","125''","","","George Fieo","2009-06-21","","N"
"Tuliptree","Liriodendron tulipifera","Pennsylvania","Chester","Airdrie Forest Preserve","","","","","143152","1","","","","Public","142.0'","Clinometer/laser rangefinder/sine","12.3'","147''","","","George Fieo","2009-06-21","","N"
"Tuliptree","Liriodendron tulipifera","Pennsylvania","Chester","Cedar Hollow Preserve","","","","","142986","1","","","","Conservancy","124.5'","Clinometer/laser rangefinder/sine","10.7'","128''","","","George Fieo","2009-03-14","","N"
"Tuliptree","Liriodendron tulipifera","Pennsylvania","Chester","Cedar Hollow Preserve","","","","","142987","1","","","","Conservancy","134.0'","Clinometer/laser rangefinder/sine","9.7'","116''","","","George Fieo","2009-03-14","","N"
"Tuliptree","Liriodendron tulipifera","Pennsylvania","Chester","Laurels Preserve","","","Contains 500 acres of mature hardwood forest.","","212152","1","","","","Private","132.1'","Clinometer/laser rangefinder/sine","12.9'","155''","","","George Fieo","2019-06-15","http%3A%2F%2Fents-bbs.org%2Fviewtopic.php%3Ff%3D151%26t%3D8642","N"
"Tuliptree","Liriodendron tulipifera","Pennsylvania","Chester","Laurels Preserve","","","Contains 500 acres of mature hardwood forest.","","212153","1","","","","Private","143.9'","Clinometer/laser rangefinder/sine","14.0'","168''","","","George Fieo","2019-06-15","http%3A%2F%2Fents-bbs.org%2Fviewtopic.php%3Ff%3D151%26t%3D8642","N"
"Tuliptree","Liriodendron tulipifera","Pennsylvania","Chester","Laurels Preserve","","","Contains 500 acres of mature hardwood forest.","","212154","1","","","","Private","145.1'","Clinometer/laser rangefinder/sine","8.5'","102''","","","George Fieo","2019-06-15","http%3A%2F%2Fents-bbs.org%2Fviewtopic.php%3Ff%3D151%26t%3D8642","N"
"Tuliptree","Liriodendron tulipifera","Pennsylvania","Chester","Laurels Preserve","","","Contains 500 acres of mature hardwood forest.","","212155","1","","","","Private","145.3'","Clinometer/laser rangefinder/sine","7.8'","94''","","","George Fieo","2019-06-15","http%3A%2F%2Fents-bbs.org%2Fviewtopic.php%3Ff%3D151%26t%3D8642","N"
"Tuliptree","Liriodendron tulipifera","Pennsylvania","Chester","Laurels Preserve","","","Contains 500 acres of mature hardwood forest.","","212156","1","","","","Private","145.6'","Clinometer/laser rangefinder/sine","10.2'","122''","","","George Fieo","2019-06-15","http%3A%2F%2Fents-bbs.org%2Fviewtopic.php%3Ff%3D151%26t%3D8642","N"
"Tuliptree","Liriodendron tulipifera","Pennsylvania","Chester","Laurels Preserve","","","Contains 500 acres of mature hardwood forest.","","212157","1","","","","Private","147.6'","Clinometer/laser rangefinder/sine","9.5'","114''","","","George Fieo","2019-06-15","http%3A%2F%2Fents-bbs.org%2Fviewtopic.php%3Ff%3D151%26t%3D8642","N"
"Tuliptree","Liriodendron tulipifera","Pennsylvania","Chester","Laurels Preserve","","","Contains 500 acres of mature hardwood forest.","","212158","1","","","","Private","149.0'","Clinometer/laser rangefinder/sine","8.1'","97''","","Hornet nest at 140'","George Fieo","2019-06-15","http%3A%2F%2Fents-bbs.org%2Fviewtopic.php%3Ff%3D151%26t%3D8642","N"
"Tuliptree","Liriodendron tulipifera","Pennsylvania","Chester","Laurels Preserve","","","Contains 500 acres of mature hardwood forest.","","212159","1","","","","Private","149.2'","Clinometer/laser rangefinder/sine","10.2'","122''","","","George Fieo","2019-06-15","http%3A%2F%2Fents-bbs.org%2Fviewtopic.php%3Ff%3D151%26t%3D8642","N"
"Tuliptree","Liriodendron tulipifera","Pennsylvania","Chester","Laurels Preserve","","","Contains 500 acres of mature hardwood forest.","","212160","1","","","","Private","149.3'","Clinometer/laser rangefinder/sine","8.6'","103''","","","George Fieo","2019-06-15","http%3A%2F%2Fents-bbs.org%2Fviewtopic.php%3Ff%3D151%26t%3D8642","N"
"Tuliptree","Liriodendron tulipifera","Pennsylvania","Chester","Laurels Preserve","","","Contains 500 acres of mature hardwood forest.","","212161","1","","","","Private","149.5'","Clinometer/laser rangefinder/sine","8.4'","101''","","","George Fieo","2019-06-15","http%3A%2F%2Fents-bbs.org%2Fviewtopic.php%3Ff%3D151%26t%3D8642","N"
"Tuliptree","Liriodendron tulipifera","Pennsylvania","Chester","Laurels Preserve","","","Contains 500 acres of mature hardwood forest.","","212162","1","","","","Private","149.5'","Clinometer/laser rangefinder/sine","8.8'","106''","","","George Fieo","2019-06-15","http%3A%2F%2Fents-bbs.org%2Fviewtopic.php%3Ff%3D151%26t%3D8642","N"
"Tuliptree","Liriodendron tulipifera","Pennsylvania","Chester","Laurels Preserve","","","Contains 500 acres of mature hardwood forest.","","212163","1","","","","Private","150.1'","Clinometer/laser rangefinder/sine","8.2'","98''","","","George Fieo","2019-06-15","http%3A%2F%2Fents-bbs.org%2Fviewtopic.php%3Ff%3D151%26t%3D8642","N"
"Tuliptree","Liriodendron tulipifera","Pennsylvania","Chester","Laurels Preserve","","","Contains 500 acres of mature hardwood forest.","","212164","1","","","","Private","150.4'","Clinometer/laser rangefinder/sine","11.6'","140''","","","George Fieo","2019-06-15","http%3A%2F%2Fents-bbs.org%2Fviewtopic.php%3Ff%3D151%26t%3D8642","N"
"Tuliptree","Liriodendron tulipifera","Pennsylvania","Chester","Laurels Preserve","","","Contains 500 acres of mature hardwood forest.","","212165","1","","","","Private","153.5'","Clinometer/laser rangefinder/sine","8.5'","102''","","","George Fieo","2019-06-15","http%3A%2F%2Fents-bbs.org%2Fviewtopic.php%3Ff%3D151%26t%3D8642","N"
"Tuliptree","Liriodendron tulipifera","Pennsylvania","Chester","Longwood Gardens","39 52.442","-075 40.562","Former Estate of Pierre S. du Pont. Open to public with an admission fee.","","134482","1","39 52.442","-075 40.562","","Private","163.3'","Clinometer/laser rangefinder/sine","11.7'","140''","","","Scott Wade","2009-01-06","http%3A%2F%2Fwww.ents-bbs.org%2Fviewtopic.php%3Ff%3D151%26t%3D7685%23p37693","N"
"Tuliptree","Liriodendron tulipifera","Pennsylvania","Chester","Rushton Woods Preserve","","","Owned by Willistown Conservation Trust.","","280989","1","","","","Private","138.9'","Clinometer/laser rangefinder/sine","9.6'","115''","","","George Fieo","2015-12-03","http%3A%2F%2Fwww.ents-bbs.org%2Fviewtopic.php%3Ff%3D151%26t%3D7355%23p35328","N"
"Tuliptree","Liriodendron tulipifera","Pennsylvania","Chester","Rushton Woods Preserve","","","Owned by Willistown Conservation Trust.","","280990","1","","","","Private","140.2'","Clinometer/laser rangefinder/sine","10.2'","122''","","","George Fieo","2015-12-03","http%3A%2F%2Fwww.ents-bbs.org%2Fviewtopic.php%3Ff%3D151%26t%3D7355%23p35328","N"
"Tuliptree","Liriodendron tulipifera","Pennsylvania","Chester","Rushton Woods Preserve","","","Owned by Willistown Conservation Trust.","","280991","1","","","","Private","140.2'","Clinometer/laser rangefinder/sine","11.2'","134''","","","George Fieo","2015-12-03","http%3A%2F%2Fwww.ents-bbs.org%2Fviewtopic.php%3Ff%3D151%26t%3D7355%23p35328","N"
"Tuliptree","Liriodendron tulipifera","Pennsylvania","Chester","Rushton Woods Preserve","","","Owned by Willistown Conservation Trust.","","280992","1","","","","Private","141.5'","Clinometer/laser rangefinder/sine","9.4'","113''","","","George Fieo","2015-12-03","http%3A%2F%2Fwww.ents-bbs.org%2Fviewtopic.php%3Ff%3D151%26t%3D7355%23p35328","N"
"Tuliptree","Liriodendron tulipifera","Pennsylvania","Chester","Rushton Woods Preserve","","","Owned by Willistown Conservation Trust.","","280993","1","","","","Private","141.8'","Clinometer/laser rangefinder/sine","10.2'","122''","","","George Fieo","2015-12-03","http%3A%2F%2Fwww.ents-bbs.org%2Fviewtopic.php%3Ff%3D151%26t%3D7355%23p35328","N"
"Tuliptree","Liriodendron tulipifera","Pennsylvania","Chester","Rushton Woods Preserve","","","Owned by Willistown Conservation Trust.","","280994","1","","","","Private","143.0'","Clinometer/laser rangefinder/sine","9.5'","114''","","","George Fieo","2015-12-03","http%3A%2F%2Fwww.ents-bbs.org%2Fviewtopic.php%3Ff%3D151%26t%3D7355%23p35328","N"
"Tuliptree","Liriodendron tulipifera","Pennsylvania","Chester","Rushton Woods Preserve","","","Owned by Willistown Conservation Trust.","","280995","1","","","","Private","143.2'","Clinometer/laser rangefinder/sine","8.9'","107''","","","George Fieo","2015-12-03","http%3A%2F%2Fwww.ents-bbs.org%2Fviewtopic.php%3Ff%3D151%26t%3D7355%23p35328","N"
"Tuliptree","Liriodendron tulipifera","Pennsylvania","Chester","Rushton Woods Preserve","","","Owned by Willistown Conservation Trust.","","280996","1","","","","Private","144.0'","Clinometer/laser rangefinder/sine","9.6'","115''","","","George Fieo","2015-12-03","http%3A%2F%2Fwww.ents-bbs.org%2Fviewtopic.php%3Ff%3D151%26t%3D7355%23p35328","N"
"Tuliptree","Liriodendron tulipifera","Pennsylvania","Chester","Rushton Woods Preserve","","","Owned by Willistown Conservation Trust.","","280997","1","","","","Private","146.6'","Clinometer/laser rangefinder/sine","9.5'","114''","","","George Fieo","2015-12-03","http%3A%2F%2Fwww.ents-bbs.org%2Fviewtopic.php%3Ff%3D151%26t%3D7355%23p35328","N"
"Tuliptree","Liriodendron tulipifera","Pennsylvania","Chester","Wettstown Boarding School","","","","","133817","1","","","350.0 ft","Private","","Clinometer/laser rangefinder/sine","15.7'","188''","","","Scott Wade","2008-02-04","http%3A%2F%2Fwww.nativetreesociety.org%2Ffieldtrips%2Fpenna%2Fdauphin_and_chester_counties_pa.htm","N"
"Tuliptree","Liriodendron tulipifera","Pennsylvania","Chester","Wettstown Boarding School","","","","","133823","1","","","350.0 ft","Private","121.3'","Clinometer/laser rangefinder/sine","15.9'","191''","64.0'","","Scott Wade","2008-02-04","http%3A%2F%2Fwww.nativetreesociety.org%2Ffieldtrips%2Fpenna%2Fdauphin_and_chester_counties_pa.htm","N"
"Tuliptree","Liriodendron tulipifera","Pennsylvania","Chester","Wettstown Boarding School","","","","","133822","1","","","350.0 ft","Private","126.7'","Clinometer/laser rangefinder/sine","16.9'","203''","75.0'","","Scott Wade","2008-02-04","http%3A%2F%2Fwww.nativetreesociety.org%2Ffieldtrips%2Fpenna%2Fdauphin_and_chester_counties_pa.htm","N"
"Tuliptree","Liriodendron tulipifera","Pennsylvania","Chester","White Clay Creek Preserve","","","","","168344","1","","","","Public - state","104.3'","Clinometer/laser rangefinder/sine","14.5'","174''","","","George Fieo","2012-11-27","http%3A%2F%2Fwww.ents-bbs.org%2Fviewtopic.php%3Ff%3D151%26t%3D7152%23p33992","N"
"Tuliptree","Liriodendron tulipifera","Pennsylvania","Chester","White Clay Creek Preserve","","","","","168345","1","","","","Public - state","132.5'","Clinometer/laser rangefinder/sine","15.1'","181''","","","George Fieo","2012-11-27","http%3A%2F%2Fwww.ents-bbs.org%2Fviewtopic.php%3Ff%3D151%26t%3D7152%23p33992","N"
"Tuliptree","Liriodendron tulipifera","Pennsylvania","Chester","White Clay Creek Preserve","","","","","168346","1","","","","Public - state","143.8'","Clinometer/laser rangefinder/sine","13.3'","160''","","","George Fieo","2012-11-27","http%3A%2F%2Fwww.ents-bbs.org%2Fviewtopic.php%3Ff%3D151%26t%3D7152%23p33992","N"
"Tuliptree","Liriodendron tulipifera","Pennsylvania","Chester","White Clay Creek Preserve","","","","","168347","1","","","","Public - state","144.0'","Clinometer/laser rangefinder/sine","12.0'","144''","","","George Fieo","2012-11-27","http%3A%2F%2Fwww.ents-bbs.org%2Fviewtopic.php%3Ff%3D151%26t%3D7152%23p33992","N"
"Tuliptree","Liriodendron tulipifera","Pennsylvania","Chester","White Clay Creek Preserve","","","","","168348","1","","","","Public - state","144.1'","Clinometer/laser rangefinder/sine","12.1'","145''","","","George Fieo","2012-11-27","http%3A%2F%2Fwww.ents-bbs.org%2Fviewtopic.php%3Ff%3D151%26t%3D7152%23p33992","N"
"Tuliptree","Liriodendron tulipifera","Pennsylvania","Chester","White Clay Creek Preserve","","","","","168349","1","","","","Public - state","150.0'","Clinometer/laser rangefinder/sine","8.8'","106''","","","George Fieo","2012-11-27","http%3A%2F%2Fwww.ents-bbs.org%2Fviewtopic.php%3Ff%3D151%26t%3D7152%23p33992","N"
"Tuliptree","Liriodendron tulipifera","Pennsylvania","Chester","White Clay Creek Preserve","","","","","168350","1","","","","Public - state","150.7'","Clinometer/laser rangefinder/sine","11.1'","133''","","","George Fieo","2012-11-27","http%3A%2F%2Fwww.ents-bbs.org%2Fviewtopic.php%3Ff%3D151%26t%3D7152%23p33992","N"
"Tuliptree","Liriodendron tulipifera","Pennsylvania","Chester","White Clay Creek Preserve","","","","","168351","1","","","","Public - state","150.9'","Clinometer/laser rangefinder/sine","9.6'","115''","","","George Fieo","2012-11-27","http%3A%2F%2Fwww.ents-bbs.org%2Fviewtopic.php%3Ff%3D151%26t%3D7152%23p33992","N"
"Tuliptree","Liriodendron tulipifera","Pennsylvania","Chester","White Clay Creek Preserve","","","","","168352","1","","","","Public - state","151.5'","Clinometer/laser rangefinder/sine","8.9'","107''","","","George Fieo","2012-11-27","http%3A%2F%2Fwww.ents-bbs.org%2Fviewtopic.php%3Ff%3D151%26t%3D7152%23p33992","N"
"Tuliptree","Liriodendron tulipifera","Pennsylvania","Chester","White Clay Creek Preserve","","","","","168353","1","","","","Public - state","152.0'","Clinometer/laser rangefinder/sine","8.1'","97''","","","George Fieo","2012-11-27","http%3A%2F%2Fwww.ents-bbs.org%2Fviewtopic.php%3Ff%3D151%26t%3D7152%23p33992","N"
"Tuliptree","Liriodendron tulipifera","Pennsylvania","Chester","White Clay Creek Preserve","","","","","168354","1","","","","Public - state","152.9'","Clinometer/laser rangefinder/sine","7.3'","88''","","","George Fieo","2012-11-27","http%3A%2F%2Fwww.ents-bbs.org%2Fviewtopic.php%3Ff%3D151%26t%3D7152%23p33992","N"
"Tuliptree","Liriodendron tulipifera","Pennsylvania","Chester","White Clay Creek Preserve","","","","","168355","1","","","","Public - state","154.4'","Clinometer/laser rangefinder/sine","11.3'","136''","","","George Fieo","2012-11-27","http%3A%2F%2Fwww.ents-bbs.org%2Fviewtopic.php%3Ff%3D151%26t%3D7152%23p33992","N"
"Tuliptree","Liriodendron tulipifera","Pennsylvania","Chester","White Clay Creek Preserve","","","","","168356","1","","","","Public - state","154.6'","Clinometer/laser rangefinder/sine","7.5'","90''","","","George Fieo","2012-11-27","http%3A%2F%2Fwww.ents-bbs.org%2Fviewtopic.php%3Ff%3D151%26t%3D7152%23p33992","N"
"Tuliptree","Liriodendron tulipifera","Pennsylvania","Chester","White Clay Creek Preserve","","","","","168357","1","","","","Public - state","154.8'","Clinometer/laser rangefinder/sine","12.1'","145''","","","George Fieo","2012-11-27","http%3A%2F%2Fwww.ents-bbs.org%2Fviewtopic.php%3Ff%3D151%26t%3D7152%23p33992","N"
"Tuliptree","Liriodendron tulipifera","Pennsylvania","Chester","White Clay Creek Preserve","","","","","168358","1","","","","Public - state","154.9'","Clinometer/laser rangefinder/sine","6.4'","77''","","","George Fieo","2012-11-27","http%3A%2F%2Fwww.ents-bbs.org%2Fviewtopic.php%3Ff%3D151%26t%3D7152%23p33992","N"
"Tuliptree","Liriodendron tulipifera","Pennsylvania","Chester/Montgomery","Andruss Island","","","","","143129","1","","","","Non-Profit Organisation","110.7'","Clinometer/laser rangefinder/sine","9.7'","116''","","","George Fieo","2010-10-14","","N"
"Tuliptree","Liriodendron tulipifera","Pennsylvania","Chester/Montgomery","Andruss Island","","","","","143130","1","","","","Non-Profit Organisation","114.8'","Clinometer/laser rangefinder/sine","7.5'","90''","","","George Fieo","2010-10-14","","N"
"Tuliptree","Liriodendron tulipifera","Pennsylvania","Chester/Montgomery","Valley Forge National Park","","","","","143235","1","","","","Public, National Park","89.0'","Clinometer/laser rangefinder/sine","17.8'","213''","","Top is out and tree is hollow.  Montgomery County","George Fieo","2009-01-20","","N"
"Tuliptree","Liriodendron tulipifera","Pennsylvania","Chester/Montgomery","Valley Forge National Park","","","","","143236","1","","","","Public, National Park","140.0'","Clinometer/laser rangefinder/sine","10.3'","123''","","Chester County","George Fieo","2009-01-20","","N"
"Tuliptree","Liriodendron tulipifera","Pennsylvania","Chester/Montgomery","Valley Forge National Park","","","","","143237","1","","","","Public, National Park","142.3'","Clinometer/laser rangefinder/sine","9.2'","110''","","Chester County","George Fieo","2009-01-20","","N"
"Tuliptree","Liriodendron tulipifera","Pennsylvania","Clarion","CFSP-Seneca Forest Special Management Area","","","","","148216","1","","","","Public - state","127.0'","Clinometer/laser rangefinder/sine","9.4'","113''","","Camp Trail to  Ridge Camp","Dale Luthringer","2003-12-31","http%3A%2F%2Fwww.ents-bbs.org%2Fviewtopic.php%3Ff%3D116%26t%3D8154","N"
"Tuliptree","Liriodendron tulipifera","Pennsylvania","Crawford","Allegheny College","","","","","167794","1","","","","Private","108.1'","Clinometer/laser rangefinder/sine","6.9'","83''","","","Dale Luthringer","2009-03-16","http%3A%2F%2Fgroups.google.com%2Fgroup%2Fentstrees%2Fbrowse_thread%2Fthread%2F76a17a248ae7d10a%3Fhl%3Den","N"
"Tuliptree","Liriodendron tulipifera","Pennsylvania","Crawford","Allegheny College","","","","","167795","1","","","","Private","108.2'","Clinometer/laser rangefinder/sine","5.5'","66''","","","Dale Luthringer","2009-03-16","http%3A%2F%2Fgroups.google.com%2Fgroup%2Fentstrees%2Fbrowse_thread%2Fthread%2F76a17a248ae7d10a%3Fhl%3Den","N"
"Tuliptree","Liriodendron tulipifera","Pennsylvania","Crawford","Allegheny College","","","","","167796","1","","","","Private","110.4'","Clinometer/laser rangefinder/sine","7.7'","92''","","","Dale Luthringer","2009-03-16","http%3A%2F%2Fgroups.google.com%2Fgroup%2Fentstrees%2Fbrowse_thread%2Fthread%2F76a17a248ae7d10a%3Fhl%3Den","N"
"Tuliptree","Liriodendron tulipifera","Pennsylvania","Crawford","Allegheny College","","","","","167797","1","","","","Private","117.3'","Clinometer/laser rangefinder/sine","7.1'","85''","","","Dale Luthringer","2009-03-16","http%3A%2F%2Fgroups.google.com%2Fgroup%2Fentstrees%2Fbrowse_thread%2Fthread%2F76a17a248ae7d10a%3Fhl%3Den","N"
"Tuliptree","Liriodendron tulipifera","Pennsylvania","Crawford","Allegheny College","","","","","167798","1","","","","Private","118.3'","Clinometer/laser rangefinder/sine","8.0'","96''","","","Dale Luthringer","2009-03-16","http%3A%2F%2Fgroups.google.com%2Fgroup%2Fentstrees%2Fbrowse_thread%2Fthread%2F76a17a248ae7d10a%3Fhl%3Den","N"
"Tuliptree","Liriodendron tulipifera","Pennsylvania","Crawford","Greendale Cemetery-Cemetery Run","","","","","168068","1","","","","Private","100.3'","Clinometer/laser rangefinder/sine","","","","","Dale Luthringer","2009-01-01","http%3A%2F%2Fgroups.google.com%2Fgroup%2Fentstrees%2Fbrowse_thread%2Fthread%2F715eb2ea21c8e59e%3Fhl%3Den","N"
"Tuliptree","Liriodendron tulipifera","Pennsylvania","Crawford","Greendale Cemetery-Cemetery Run","","","","","168069","1","","","","Private","102.3'","Clinometer/laser rangefinder/sine","","","","","Dale Luthringer","2009-01-01","http%3A%2F%2Fgroups.google.com%2Fgroup%2Fentstrees%2Fbrowse_thread%2Fthread%2F715eb2ea21c8e59e%3Fhl%3Den","N"
"Tuliptree","Liriodendron tulipifera","Pennsylvania","Crawford","Greendale Cemetery-Cemetery Run","","","","","168070","1","","","","Private","110.6'","Clinometer/laser rangefinder/sine","","","","","Dale Luthringer","2009-01-01","http%3A%2F%2Fgroups.google.com%2Fgroup%2Fentstrees%2Fbrowse_thread%2Fthread%2F715eb2ea21c8e59e%3Fhl%3Den","N"
"Tuliptree","Liriodendron tulipifera","Pennsylvania","Crawford","Greendale Cemetery-Cemetery Run","","","","","168071","1","","","","Private","116.1'","Clinometer/laser rangefinder/sine","","","","","Dale Luthringer","2009-01-01","http%3A%2F%2Fgroups.google.com%2Fgroup%2Fentstrees%2Fbrowse_thread%2Fthread%2F715eb2ea21c8e59e%3Fhl%3Den","N"
"Tuliptree","Liriodendron tulipifera","Pennsylvania","Crawford","Greendale Cemetery-Cemetery Run","","","","","168072","1","","","","Private","122.6'","Clinometer/laser rangefinder/sine","8.4'","101''","","","Dale Luthringer","2009-01-01","http%3A%2F%2Fgroups.google.com%2Fgroup%2Fentstrees%2Fbrowse_thread%2Fthread%2F715eb2ea21c8e59e%3Fhl%3Den","N"
"Tuliptree","Liriodendron tulipifera","Pennsylvania","Crawford","Greendale Cemetery-Cemetery Run","","","","","168073","1","","","","Private","125.5'","Clinometer/laser rangefinder/sine","","","","","Dale Luthringer","2009-01-01","http%3A%2F%2Fgroups.google.com%2Fgroup%2Fentstrees%2Fbrowse_thread%2Fthread%2F715eb2ea21c8e59e%3Fhl%3Den","N"
"Tuliptree","Liriodendron tulipifera","Pennsylvania","Crawford","Greendale Cemetery-Cemetery Run","","","","","168074","1","","","","Private","129.5'","Clinometer/laser rangefinder/sine","","","","","Dale Luthringer","2009-01-01","http%3A%2F%2Fgroups.google.com%2Fgroup%2Fentstrees%2Fbrowse_thread%2Fthread%2F715eb2ea21c8e59e%3Fhl%3Den","N"
"Tuliptree","Liriodendron tulipifera","Pennsylvania","Crawford","Greendale Cemetery-Cemetery Run","","","","","168075","1","","","","Private","129.5'","Clinometer/laser rangefinder/sine","","","","","Dale Luthringer","2009-01-01","http%3A%2F%2Fgroups.google.com%2Fgroup%2Fentstrees%2Fbrowse_thread%2Fthread%2F715eb2ea21c8e59e%3Fhl%3Den","N"
"Tuliptree","Liriodendron tulipifera","Pennsylvania","Crawford","Greendale Cemetery-Cemetery Run","","","","","168076","1","","","","Private","133.6'","Clinometer/laser rangefinder/sine","9.1'","109''","","","Dale Luthringer","2009-01-01","http%3A%2F%2Fgroups.google.com%2Fgroup%2Fentstrees%2Fbrowse_thread%2Fthread%2F715eb2ea21c8e59e%3Fhl%3Den","N"
"Tuliptree","Liriodendron tulipifera","Pennsylvania","Crawford","Greendale Cemetery-Cemetery Run","","","","","168077","1","","","","Private","133.8'","Clinometer/laser rangefinder/sine","","","","","Dale Luthringer","2009-01-01","http%3A%2F%2Fgroups.google.com%2Fgroup%2Fentstrees%2Fbrowse_thread%2Fthread%2F715eb2ea21c8e59e%3Fhl%3Den","N"
"Tuliptree","Liriodendron tulipifera","Pennsylvania","Crawford","Greendale Cemetery-Cemetery Run","41 38.663","-080 08.021","","","168078","1","41 38.663","-080 08.021","1200.0 ft","Private","146.6'","Clinometer/laser rangefinder/sine","9.6'","115''","","","Dale Luthringer","2009-01-01","http%3A%2F%2Fgroups.google.com%2Fgroup%2Fentstrees%2Fbrowse_thread%2Fthread%2F715eb2ea21c8e59e%3Fhl%3Den","N"
"Tuliptree","Liriodendron tulipifera","Pennsylvania","Crawford","Tyrone-Weber Woods","","","Owned by Western Pennsylvania Conservancy.
Estimated heights of 105' for Quercus bicolor and Prunus serotina.","","138666","1","","","","Private","125.7'","Clinometer/laser rangefinder/sine","7.6'","91''","","","Dale Luthringer","2006-01-06","http%3A%2F%2Fwww.nativetreesociety.org%2Ffieldtrips%2Fpenna%2Ftryon_weber.htm","N"
"Tuliptree","Liriodendron tulipifera","Pennsylvania","Crawford","Tyrone-Weber Woods","","","Owned by Western Pennsylvania Conservancy.
Estimated heights of 105' for Quercus bicolor and Prunus serotina.","","138667","1","","","","Private","129.0'","Clinometer/laser rangefinder/sine","9.3'","112''","","","Dale Luthringer","2006-01-06","http%3A%2F%2Fwww.nativetreesociety.org%2Ffieldtrips%2Fpenna%2Ftryon_weber.htm","N"
"Tuliptree","Liriodendron tulipifera","Pennsylvania","Delaware","Camp - Woods","","","Site was an outpost for Washington's army during the Valley Forge Winter.","","135792","1","","","","Private","131.1'","Clinometer/laser rangefinder/sine","9.3'","111''","","","George Fieo","2009-11-01","http%3A%2F%2Fgroups.google.com%2Fgroup%2Fentstrees%2Fbrowse_thread%2Fthread%2F7139d67f5a98ce09%3Fhl%3Den","N"
"Tuliptree","Liriodendron tulipifera","Pennsylvania","Delaware","Camp - Woods","","","Site was an outpost for Washington's army during the Valley Forge Winter.","","135793","1","","","","Private","132.2'","Clinometer/laser rangefinder/sine","12.0'","144''","","","George Fieo","2009-11-01","http%3A%2F%2Fgroups.google.com%2Fgroup%2Fentstrees%2Fbrowse_thread%2Fthread%2F7139d67f5a98ce09%3Fhl%3Den","N"
"Tuliptree","Liriodendron tulipifera","Pennsylvania","Delaware","Camp - Woods","","","Site was an outpost for Washington's army during the Valley Forge Winter.","","135794","1","","","","Private","138.5'","Clinometer/laser rangefinder/sine","10.5'","126''","","","George Fieo","2009-11-01","http%3A%2F%2Fgroups.google.com%2Fgroup%2Fentstrees%2Fbrowse_thread%2Fthread%2F7139d67f5a98ce09%3Fhl%3Den","N"
"Tuliptree","Liriodendron tulipifera","Pennsylvania","Delaware","Camp - Woods","","","Site was an outpost for Washington's army during the Valley Forge Winter.","","135795","1","","","","Private","138.7'","Clinometer/laser rangefinder/sine","9.8'","118''","","","George Fieo","2009-11-01","http%3A%2F%2Fgroups.google.com%2Fgroup%2Fentstrees%2Fbrowse_thread%2Fthread%2F7139d67f5a98ce09%3Fhl%3Den","N"
"Tuliptree","Liriodendron tulipifera","Pennsylvania","Delaware","Camp - Woods","","","Site was an outpost for Washington's army during the Valley Forge Winter.","","135796","1","","","","Private","139.2'","Clinometer/laser rangefinder/sine","13.7'","164''","","","George Fieo","2009-11-01","http%3A%2F%2Fgroups.google.com%2Fgroup%2Fentstrees%2Fbrowse_thread%2Fthread%2F7139d67f5a98ce09%3Fhl%3Den","N"
"Tuliptree","Liriodendron tulipifera","Pennsylvania","Delaware","Camp - Woods","","","Site was an outpost for Washington's army during the Valley Forge Winter.","","135797","1","","","","Private","143.1'","Clinometer/laser rangefinder/sine","12.5'","150''","","","George Fieo","2009-11-01","http%3A%2F%2Fgroups.google.com%2Fgroup%2Fentstrees%2Fbrowse_thread%2Fthread%2F7139d67f5a98ce09%3Fhl%3Den","N"
"Tuliptree","Liriodendron tulipifera","Pennsylvania","Delaware","Camp - Woods","","","Site was an outpost for Washington's army during the Valley Forge Winter.","","135798","1","","","","Private","146.9'","Clinometer/laser rangefinder/sine","","","","","George Fieo","2009-11-01","http%3A%2F%2Fgroups.google.com%2Fgroup%2Fentstrees%2Fbrowse_thread%2Fthread%2F7139d67f5a98ce09%3Fhl%3Den","N"
"Tuliptree","Liriodendron tulipifera","Pennsylvania","Delaware","Martin Park","","","","","134446","1","","","","Public - township","103.2'","Clinometer/laser rangefinder/sine","10.3'","124''","","","Mike Dunn","2008-12-09","http%3A%2F%2Fwww.nativetreesociety.org%2Ffieldtrips%2Fpenna%2Fthornbury_gladwyne_pa.htm","N"
"Tuliptree","Liriodendron tulipifera","Pennsylvania","Delaware","Martin Park","39 54.442","-075 29.079","","","134444","1","39 54.442","-075 29.079","200.0 ft","Public - township","114.5'","Clinometer/laser rangefinder/sine","13.6'","163''","","","Mike Dunn","2008-12-09","http%3A%2F%2Fwww.nativetreesociety.org%2Ffieldtrips%2Fpenna%2Fthornbury_gladwyne_pa.htm","N"
"Tuliptree","Liriodendron tulipifera","Pennsylvania","Delaware","Martin Park","","","","","134445","1","","","","Public - township","124.6'","Clinometer/laser rangefinder/sine","10.1'","121''","","","Mike Dunn","2008-12-09","http%3A%2F%2Fwww.nativetreesociety.org%2Ffieldtrips%2Fpenna%2Fthornbury_gladwyne_pa.htm","N"
"Tuliptree","Liriodendron tulipifera","Pennsylvania","Delaware","Media","","","","","132059","1","","","","Private","133.3'","Clinometer/laser rangefinder/sine","12.2'","146''","70.0'","Viro ""Poplar""
Crown is average","Scott Wade","2006-04-17","http%3A%2F%2Fwww.nativetreesociety.org%2Ffieldtrips%2Fpenna%2Fmedia_oak.htm","N"
"Tuliptree","Liriodendron tulipifera","Pennsylvania","Delaware","Our Lady Of Angels Convent","","","","","133854","1","","","200.0 ft","Private","112.2'","Clinometer/laser rangefinder/sine","11.1'","133''","","","Scott Wade","2005-03-21","http%3A%2F%2Fwww.nativetreesociety.org%2Ffieldtrips%2Fpenna%2Four_lady_of_angels.htm","N"
"Tuliptree","Liriodendron tulipifera","Pennsylvania","Delaware","Our Lady Of Angels Convent","","","","","133853","1","","","200.0 ft","Private","121.4'","Clinometer/laser rangefinder/sine","11.0'","132''","","","Scott Wade","2005-03-21","http%3A%2F%2Fwww.nativetreesociety.org%2Ffieldtrips%2Fpenna%2Four_lady_of_angels.htm","N"
"Tuliptree","Liriodendron tulipifera","Pennsylvania","Delaware","Our Lady Of Angels Convent","","","","","133856","1","","","200.0 ft","Private","122.4'","Clinometer/laser rangefinder/sine","11.3'","136''","","","Scott Wade","2005-03-21","http%3A%2F%2Fwww.nativetreesociety.org%2Ffieldtrips%2Fpenna%2Four_lady_of_angels.htm","N"
"Tuliptree","Liriodendron tulipifera","Pennsylvania","Delaware","Our Lady Of Angels Convent","","","","","133857","1","","","200.0 ft","Private","125.2'","Clinometer/laser rangefinder/sine","12.0'","144''","","","Scott Wade","2005-03-21","http%3A%2F%2Fwww.nativetreesociety.org%2Ffieldtrips%2Fpenna%2Four_lady_of_angels.htm","N"
"Tuliptree","Liriodendron tulipifera","Pennsylvania","Delaware","Our Lady Of Angels Convent","","","","","133855","1","","","200.0 ft","Private","137.5'","Clinometer/laser rangefinder/sine","15.8'","190''","","","Scott Wade","2005-03-21","http%3A%2F%2Fwww.nativetreesociety.org%2Ffieldtrips%2Fpenna%2Four_lady_of_angels.htm","N"
"Tuliptree","Liriodendron tulipifera","Pennsylvania","Delaware","Ridley Creek State Park","","","","","143038","1","","","","State","129.1'","Clinometer/laser rangefinder/sine","16.1'","193''","","","George Fieo","2010-11-30","","N"
"Tuliptree","Liriodendron tulipifera","Pennsylvania","Delaware","Ridley Creek State Park","","","","","143039","1","","","","State","150.0'","Clinometer/laser rangefinder/sine","11.1'","133''","","","George Fieo","2010-11-30","","N"
"Tuliptree","Liriodendron tulipifera","Pennsylvania","Delaware","Ridley Creek State Park","","","","","143040","1","","","","State","150.5'","Clinometer/laser rangefinder/sine","11.0'","132''","","","George Fieo","2010-11-30","","N"
"Tuliptree","Liriodendron tulipifera","Pennsylvania","Delaware","Ridley Creek State Park","","","","","143041","1","","","","State","150.8'","Clinometer/laser rangefinder/sine","11.0'","132''","","","George Fieo","2010-11-30","","N"
"Tuliptree","Liriodendron tulipifera","Pennsylvania","Delaware","Ridley Creek State Park","","","","","143042","1","","","","State","153.6'","Clinometer/laser rangefinder/sine","10.3'","123''","","","George Fieo","2010-11-30","","N"
"Tuliptree","Liriodendron tulipifera","Pennsylvania","Delaware","Rocky Run - Tyler Arboretum","39 56.452","-075 25.691","","","135627","1","39 56.452","-075 25.691","300.0 ft","Private","137.0'","Clinometer/laser rangefinder/sine","11.1'","133''","","","Scott Wade","2006-04-17","http%3A%2F%2Fwww.nativetreesociety.org%2Ffieldtrips%2Fpenna%2Ftyler_arboretum_pa.htm","N"
"Tuliptree","Liriodendron tulipifera","Pennsylvania","Delaware","Rocky Run - Tyler Arboretum","","","","","135628","1","","","250.0 ft","Private","141.5'","Clinometer/laser rangefinder/sine","13.4'","161''","","","Scott Wade","2006-04-17","http%3A%2F%2Fwww.nativetreesociety.org%2Ffieldtrips%2Fpenna%2Ftyler_arboretum_pa.htm","N"
"Tuliptree","Liriodendron tulipifera","Pennsylvania","Delaware","Scott Arboretum","","","","","133884","1","","","160.0 ft","Private","144.0'","Clinometer/laser rangefinder/sine","16.8'","202''","88.0'","Height is Not Less Than (NLT)","Scott Wade, Sue Stark","2008-10-09","http%3A%2F%2Fwww.nativetreesociety.org%2Ffieldtrips%2Fpenna%2Fbig_tulip_found_pa.htm","N"
"Tuliptree","Liriodendron tulipifera","Pennsylvania","Delaware","Smedley Park","","","","","142834","1","","","","County","139.7'","Clinometer/laser rangefinder/sine","16.0'","192''","","","George Fieo","2011-11-18","","N"
"Tuliptree","Liriodendron tulipifera","Pennsylvania","Delaware","Smedley Park","39 55.530","-075 21.663","","","142835","1","39 55.530","-075 21.663","","County","151.5'","Clinometer/laser rangefinder/sine","13.1'","157''","","","George Fieo","2011-11-18","","N"
"Tuliptree","Liriodendron tulipifera","Pennsylvania","Delaware","Smedley Park","39 55.582","-075 21.655","","","142836","1","39 55.582","-075 21.655","","County","151.6'","Clinometer/laser rangefinder/sine","12.9'","155''","","","George Fieo","2011-11-18","","N"
"Tuliptree","Liriodendron tulipifera","Pennsylvania","Delaware","Smedley Park","39 55.586","-075 21.679","","","142837","1","39 55.586","-075 21.679","","County","152.1'","Clinometer/laser rangefinder/sine","10.7'","128''","","","George Fieo","2011-11-18","","N"
"Tuliptree","Liriodendron tulipifera","Pennsylvania","Delaware","Smedley Park","39 55.583","-075 21.681","","","142838","1","39 55.583","-075 21.681","","County","154.0'","Clinometer/laser rangefinder/sine","9.7'","116''","","","George Fieo","2011-11-18","","N"
"Tuliptree","Liriodendron tulipifera","Pennsylvania","Delaware","Smedley Park","39 55.582","-075 21.673","","","142839","1","39 55.582","-075 21.673","","County","160.3'","Clinometer/laser rangefinder/sine","12.3'","147''","","","George Fieo","2011-11-18","","N"
"Tuliptree","Liriodendron tulipifera","Pennsylvania","Delaware","Swarthmore College - Crum Creek","","","","","134855","1","","","","Private","147.2'","Clinometer/laser rangefinder/sine","13.1'","157''","","","Scott Wade, Mike Dunn","2009-01-30","http%3A%2F%2Fwww.nativetreesociety.org%2Ffieldtrips%2Fpenna%2Fswarthmore_college.htm","N"
"Tuliptree","Liriodendron tulipifera","Pennsylvania","Delaware","Swarthmore College - Crum Creek","39 54.366","-075 21.454","","","134856","1","39 54.366","-075 21.454","160.0 ft","Private","153.0'","Clinometer/laser rangefinder/sine","15.3'","184''","","","Scott Wade, Mike Dunn","2009-01-30","http%3A%2F%2Fwww.nativetreesociety.org%2Ffieldtrips%2Fpenna%2Fswarthmore_college.htm","N"
"Tuliptree","Liriodendron tulipifera","Pennsylvania","Delaware","Wawa Preserve","","","Measurements were also made on 2/5,6/2006.
See: http://www.nativetreesociety.org/fieldtrips/penna/wawa_preserve.htm
This a property of the Natural Lands Trust.","","135249","1","","","200.0 ft","Private","97.0'","Clinometer/laser rangefinder/sine","10.5'","126''","","","Scott Wade","2005-12-14","http%3A%2F%2Fwww.nativetreesociety.org%2Ffieldtrips%2Fpenna%2Fphiladelphia_gladwyne_wawa.htm","N"
"Tuliptree","Liriodendron tulipifera","Pennsylvania","Delaware","Wawa Preserve","","","Measurements were also made on 2/5,6/2006.
See: http://www.nativetreesociety.org/fieldtrips/penna/wawa_preserve.htm
This a property of the Natural Lands Trust.","","135246","1","","","200.0 ft","Private","111.3'","Clinometer/laser rangefinder/sine","8.9'","107''","","","Scott Wade","2005-12-14","http%3A%2F%2Fwww.nativetreesociety.org%2Ffieldtrips%2Fpenna%2Fphiladelphia_gladwyne_wawa.htm","N"
"Tuliptree","Liriodendron tulipifera","Pennsylvania","Delaware","Wawa Preserve","","","Measurements were also made on 2/5,6/2006.
See: http://www.nativetreesociety.org/fieldtrips/penna/wawa_preserve.htm
This a property of the Natural Lands Trust.","","135255","1","","","200.0 ft","Private","117.2'","Clinometer/laser rangefinder/sine","12.2'","146''","","","Scott Wade","2005-12-14","http%3A%2F%2Fwww.nativetreesociety.org%2Ffieldtrips%2Fpenna%2Fphiladelphia_gladwyne_wawa.htm","N"
"Tuliptree","Liriodendron tulipifera","Pennsylvania","Delaware","Wawa Preserve","","","Measurements were also made on 2/5,6/2006.
See: http://www.nativetreesociety.org/fieldtrips/penna/wawa_preserve.htm
This a property of the Natural Lands Trust.","","135253","1","","","200.0 ft","Private","120.6'","Clinometer/laser rangefinder/sine","10.5'","126''","","","Scott Wade","2005-12-14","http%3A%2F%2Fwww.nativetreesociety.org%2Ffieldtrips%2Fpenna%2Fphiladelphia_gladwyne_wawa.htm","N"
"Tuliptree","Liriodendron tulipifera","Pennsylvania","Delaware","Wawa Preserve","","","Measurements were also made on 2/5,6/2006.
See: http://www.nativetreesociety.org/fieldtrips/penna/wawa_preserve.htm
This a property of the Natural Lands Trust.","","135250","1","","","200.0 ft","Private","129.0'","Clinometer/laser rangefinder/sine","10.2'","122''","","","Scott Wade","2005-12-14","http%3A%2F%2Fwww.nativetreesociety.org%2Ffieldtrips%2Fpenna%2Fphiladelphia_gladwyne_wawa.htm","N"
"Tuliptree","Liriodendron tulipifera","Pennsylvania","Delaware","Wawa Preserve","","","Measurements were also made on 2/5,6/2006.
See: http://www.nativetreesociety.org/fieldtrips/penna/wawa_preserve.htm
This a property of the Natural Lands Trust.","","135254","1","","","200.0 ft","Private","132.0'","Clinometer/laser rangefinder/sine","12.4'","149''","","","Scott Wade","2005-12-14","http%3A%2F%2Fwww.nativetreesociety.org%2Ffieldtrips%2Fpenna%2Fphiladelphia_gladwyne_wawa.htm","N"
"Tuliptree","Liriodendron tulipifera","Pennsylvania","Delaware","Wawa Preserve","","","Measurements were also made on 2/5,6/2006.
See: http://www.nativetreesociety.org/fieldtrips/penna/wawa_preserve.htm
This a property of the Natural Lands Trust.","","135247","1","","","200.0 ft","Private","132.3'","Clinometer/laser rangefinder/sine","12.4'","148''","","","Scott Wade","2005-12-14","http%3A%2F%2Fwww.nativetreesociety.org%2Ffieldtrips%2Fpenna%2Fphiladelphia_gladwyne_wawa.htm","N"
"Tuliptree","Liriodendron tulipifera","Pennsylvania","Delaware","Wawa Preserve","","","Measurements were also made on 2/5,6/2006.
See: http://www.nativetreesociety.org/fieldtrips/penna/wawa_preserve.htm
This a property of the Natural Lands Trust.","","135252","1","","","200.0 ft","Private","134.1'","Clinometer/laser rangefinder/sine","10.9'","131''","","","Scott Wade","2005-12-14","http%3A%2F%2Fwww.nativetreesociety.org%2Ffieldtrips%2Fpenna%2Fphiladelphia_gladwyne_wawa.htm","N"
"Tuliptree","Liriodendron tulipifera","Pennsylvania","Delaware","Wawa Preserve","","","Measurements were also made on 2/5,6/2006.
See: http://www.nativetreesociety.org/fieldtrips/penna/wawa_preserve.htm
This a property of the Natural Lands Trust.","","135248","1","","","200.0 ft","Private","137.4'","Clinometer/laser rangefinder/sine","13.1'","157''","","","Scott Wade","2005-12-14","http%3A%2F%2Fwww.nativetreesociety.org%2Ffieldtrips%2Fpenna%2Fphiladelphia_gladwyne_wawa.htm","N"
"Tuliptree","Liriodendron tulipifera","Pennsylvania","Delaware","Wawa Preserve","","","Measurements were also made on 2/5,6/2006.
See: http://www.nativetreesociety.org/fieldtrips/penna/wawa_preserve.htm
This a property of the Natural Lands Trust.","","135251","1","","","200.0 ft","Private","137.4'","Clinometer/laser rangefinder/sine","12.6'","151''","","","Scott Wade","2005-12-14","http%3A%2F%2Fwww.nativetreesociety.org%2Ffieldtrips%2Fpenna%2Fphiladelphia_gladwyne_wawa.htm","N"
"Tuliptree","Liriodendron tulipifera","Pennsylvania","Elk","Portland Mills","","","Some trees were measured om 4/21/2009.
Much of the land is owned by the Pennyslvania fish and Boat Commission.","","138133","1","","","","Public - state","117.0'","Clinometer/laser rangefinder/sine","","","","","Dale Luthringer","2009-04-30","","N"
"Tuliptree","Liriodendron tulipifera","Pennsylvania","Erie","Erie Bluffs State Park(Formerly Coho Property)","","","Trees from trip posted 9/8/2006","","120286","1","","","660.0 ft","Public","105.1'","Clinometer/laser rangefinder/sine","12.7'","152''","","Height is Not Less Than (NLT)","Dale Luthringer","2003-09-17","http%3A%2F%2Fwww.nativetreesociety.org%2Ffieldtrips%2Fpenna%2Ferie_bluffs_state_park.htm","N"
"Tuliptree","Liriodendron tulipifera","Pennsylvania","Erie","Erie Bluffs State Park(Formerly Coho Property)","","","Trees from trip posted 9/8/2006","","120313","1","","","","Public","106.5'","Clinometer/laser rangefinder/sine","10.1'","121''","","","Dale Luthringer","2003-09-17","http%3A%2F%2Fwww.nativetreesociety.org%2Ffieldtrips%2Fpenna%2Ferie_bluffs_state_park.htm","N"
"Tuliptree","Liriodendron tulipifera","Pennsylvania","Erie","Erie Bluffs State Park(Formerly Coho Property)","","","Trees from trip posted 9/8/2006","","120311","1","","","","Public","110.4'","Clinometer/laser rangefinder/sine","10.5'","126''","","","Dale Luthringer","2003-09-17","http%3A%2F%2Fwww.nativetreesociety.org%2Ffieldtrips%2Fpenna%2Ferie_bluffs_state_park.htm","N"
"Tuliptree","Liriodendron tulipifera","Pennsylvania","Erie","Erie Bluffs State Park(Formerly Coho Property)","","","Trees from trip posted 9/8/2006","","120282","1","","","660.0 ft","Public","114.1'","Clinometer/laser rangefinder/sine","15.1'","181''","","This tree was originally recorded as 14.7' x 111.1' in a 9/16/2003 post with height as Not Less Than (NLT). The above measurements were posted as of 7/28/2009.","Dale Luthringer","2003-09-17","http%3A%2F%2Fwww.nativetreesociety.org%2Ffieldtrips%2Fpenna%2Ferie_bluffs_state_park.htm","N"
"Tuliptree","Liriodendron tulipifera","Pennsylvania","Erie","Erie Bluffs State Park(Formerly Coho Property)","","","Trees from trip posted 9/8/2006","","120325","1","","","","Public","116.9'","Clinometer/laser rangefinder/sine","","","","","Dale Luthringer","2003-09-17","http%3A%2F%2Fwww.nativetreesociety.org%2Ffieldtrips%2Fpenna%2Ferie_bluffs_state_park.htm","N"
"Tuliptree","Liriodendron tulipifera","Pennsylvania","Erie","Erie Bluffs State Park(Formerly Coho Property)","","","Trees from trip posted 9/8/2006","","120291","1","","","","Public","118.5'","Clinometer/laser rangefinder/sine","8.0'","96''","","","Dale Luthringer","2003-09-17","http%3A%2F%2Fwww.nativetreesociety.org%2Ffieldtrips%2Fpenna%2Ferie_bluffs_state_park.htm","N"
"Tuliptree","Liriodendron tulipifera","Pennsylvania","Erie","Erie Bluffs State Park(Formerly Coho Property)","","","Trees from trip posted 9/8/2006","","120312","1","","","","Public","120.7'","Clinometer/laser rangefinder/sine","","","","","Dale Luthringer","2003-09-17","http%3A%2F%2Fwww.nativetreesociety.org%2Ffieldtrips%2Fpenna%2Ferie_bluffs_state_park.htm","N"
"Tuliptree","Liriodendron tulipifera","Pennsylvania","Erie","Erie Bluffs State Park(Formerly Coho Property)","","","Trees from trip posted 9/8/2006","","120314","1","","","","Public","128.4'","Clinometer/laser rangefinder/sine","9.7'","116''","","","Dale Luthringer","2003-09-17","http%3A%2F%2Fwww.nativetreesociety.org%2Ffieldtrips%2Fpenna%2Ferie_bluffs_state_park.htm","N"
"Tuliptree","Liriodendron tulipifera","Pennsylvania","Erie","Erie Bluffs State Park(Formerly Coho Property)","","","Trees from trip posted 9/8/2006","","120326","1","","","","Public","133.3'","Clinometer/laser rangefinder/sine","8.0'","96''","","","Dale Luthringer","2003-09-17","http%3A%2F%2Fwww.nativetreesociety.org%2Ffieldtrips%2Fpenna%2Ferie_bluffs_state_park.htm","N"
"Tuliptree","Liriodendron tulipifera","Pennsylvania","Erie","Erie Bluffs State Park(Formerly Coho Property)","","","Trees from trip posted 9/8/2006","","120327","1","","","","Public","134.0'","Clinometer/laser rangefinder/sine","9.8'","118''","","","Dale Luthringer","2003-09-17","http%3A%2F%2Fwww.nativetreesociety.org%2Ffieldtrips%2Fpenna%2Ferie_bluffs_state_park.htm","N"
"Tuliptree","Liriodendron tulipifera","Pennsylvania","Erie","Erie Bluffs State Park(Formerly Coho Property)","","","Trees from trip posted 9/8/2006","","120328","1","","","","Public","134.6'","Clinometer/laser rangefinder/sine","7.4'","89''","","","Dale Luthringer","2003-09-17","http%3A%2F%2Fwww.nativetreesociety.org%2Ffieldtrips%2Fpenna%2Ferie_bluffs_state_park.htm","N"
"Tuliptree","Liriodendron tulipifera","Pennsylvania","Erie","Erie Bluffs State Park(Formerly Coho Property)","","","Trees from trip posted 9/8/2006","","120329","1","","","","Public","136.3'","Clinometer/laser rangefinder/sine","6.5'","78''","","","Dale Luthringer","2003-09-17","http%3A%2F%2Fwww.nativetreesociety.org%2Ffieldtrips%2Fpenna%2Ferie_bluffs_state_park.htm","N"
"Tuliptree","Liriodendron tulipifera","Pennsylvania","Erie","Erie Bluffs State Park(Formerly Coho Property)","","","Trees from trip posted 9/8/2006","","120330","1","","","","Public","137.1'","Clinometer/laser rangefinder/sine","8.0'","96''","","","Dale Luthringer","2003-09-17","http%3A%2F%2Fwww.nativetreesociety.org%2Ffieldtrips%2Fpenna%2Ferie_bluffs_state_park.htm","N"
"Tuliptree","Liriodendron tulipifera","Pennsylvania","Erie","Erie Bluffs State Park(Formerly Coho Property)","","","Trees from trip posted 9/8/2006","","120331","1","","","","Public","140.3'","Clinometer/laser rangefinder/sine","8.4'","101''","","","Dale Luthringer","2003-09-17","http%3A%2F%2Fwww.nativetreesociety.org%2Ffieldtrips%2Fpenna%2Ferie_bluffs_state_park.htm","N"
"Tuliptree","Liriodendron tulipifera","Pennsylvania","Erie","Erie Bluffs State Park(Formerly Coho Property)","","","Trees from trip posted 9/8/2006","","214283","1","","","","Public","140.3'","Clinometer/laser rangefinder/sine","8.4'","101''","","","Dale Luthringer","2006-09-08","http%3A%2F%2Fwww.nativetreesociety.org%2Ffieldtrips%2Fpenna%2Ferie_bluffs_state_park.htm","N"
"Tuliptree","Liriodendron tulipifera","Pennsylvania","Erie","Erie Cemetery","","","","","167771","1","","","","Private","81.6'","Clinometer/laser rangefinder/sine","14.4'","173''","","","Dale Luthringer","2006-08-04","http%3A%2F%2Fwww.nativetreesociety.org%2Ffieldtrips%2Fpenna%2Ferie_cemetary%2Ferie_cemetery.htm","N"
"Tuliptree","Liriodendron tulipifera","Pennsylvania","Erie","Erie Cemetery","","","","","167772","1","","","","Private","81.8'","Clinometer/laser rangefinder/sine","13.2'","158''","","","Dale Luthringer","2006-08-04","http%3A%2F%2Fwww.nativetreesociety.org%2Ffieldtrips%2Fpenna%2Ferie_cemetary%2Ferie_cemetery.htm","N"
"Tuliptree","Liriodendron tulipifera","Pennsylvania","Erie","Erie Cemetery","","","","","167773","1","","","","Private","82.6'","Clinometer/laser rangefinder/sine","15.6'","187''","","","Dale Luthringer","2006-08-04","http%3A%2F%2Fwww.nativetreesociety.org%2Ffieldtrips%2Fpenna%2Ferie_cemetary%2Ferie_cemetery.htm","N"
"Tuliptree","Liriodendron tulipifera","Pennsylvania","Erie","Erie Cemetery","","","","","167774","1","","","","Private","90.3'","Clinometer/laser rangefinder/sine","13.1'","157''","","","Dale Luthringer","2006-08-04","http%3A%2F%2Fwww.nativetreesociety.org%2Ffieldtrips%2Fpenna%2Ferie_cemetary%2Ferie_cemetery.htm","N"
"Tuliptree","Liriodendron tulipifera","Pennsylvania","Erie","Erie Cemetery","","","","","167775","1","","","","Private","91.2'","Clinometer/laser rangefinder/sine","13.2'","158''","","","Dale Luthringer","2006-08-04","http%3A%2F%2Fwww.nativetreesociety.org%2Ffieldtrips%2Fpenna%2Ferie_cemetary%2Ferie_cemetery.htm","N"
"Tuliptree","Liriodendron tulipifera","Pennsylvania","Erie","Erie Cemetery","","","","","167776","1","","","","Private","93.9'","Clinometer/laser rangefinder/sine","13.2'","158''","","","Dale Luthringer","2006-08-04","http%3A%2F%2Fwww.nativetreesociety.org%2Ffieldtrips%2Fpenna%2Ferie_cemetary%2Ferie_cemetery.htm","N"
"Tuliptree","Liriodendron tulipifera","Pennsylvania","Erie","Erie Cemetery","","","","","167762","1","","","","Private","105.2'","Clinometer/laser rangefinder/sine","13.3'","160''","","","Dale Luthringer","2006-08-04","http%3A%2F%2Fwww.nativetreesociety.org%2Ffieldtrips%2Fpenna%2Ferie_cemetary%2Ferie_cemetery.htm","N"
"Tuliptree","Liriodendron tulipifera","Pennsylvania","Erie","Erie Cemetery","","","","","167763","1","","","","Private","105.3'","Clinometer/laser rangefinder/sine","14.7'","176''","","","Dale Luthringer","2006-08-04","http%3A%2F%2Fwww.nativetreesociety.org%2Ffieldtrips%2Fpenna%2Ferie_cemetary%2Ferie_cemetery.htm","N"
"Tuliptree","Liriodendron tulipifera","Pennsylvania","Erie","Erie Cemetery","","","","","167764","1","","","","Private","111.2'","Clinometer/laser rangefinder/sine","13.3'","160''","","","Dale Luthringer","2006-08-04","http%3A%2F%2Fwww.nativetreesociety.org%2Ffieldtrips%2Fpenna%2Ferie_cemetary%2Ferie_cemetery.htm","N"
"Tuliptree","Liriodendron tulipifera","Pennsylvania","Erie","Erie Cemetery","","","","","167765","1","","","","Private","120.4'","Clinometer/laser rangefinder/sine","14.2'","170''","","","Dale Luthringer","2006-08-04","http%3A%2F%2Fwww.nativetreesociety.org%2Ffieldtrips%2Fpenna%2Ferie_cemetary%2Ferie_cemetery.htm","N"
"Tuliptree","Liriodendron tulipifera","Pennsylvania","Erie","Erie Cemetery","","","","","167766","1","","","","Private","120.4'","Clinometer/laser rangefinder/sine","15.0'","180''","","","Dale Luthringer","2006-08-04","http%3A%2F%2Fwww.nativetreesociety.org%2Ffieldtrips%2Fpenna%2Ferie_cemetary%2Ferie_cemetery.htm","N"
"Tuliptree","Liriodendron tulipifera","Pennsylvania","Erie","Erie Cemetery","","","","","167767","1","","","","Private","122.6'","Clinometer/laser rangefinder/sine","13.8'","166''","","","Dale Luthringer","2006-08-04","http%3A%2F%2Fwww.nativetreesociety.org%2Ffieldtrips%2Fpenna%2Ferie_cemetary%2Ferie_cemetery.htm","N"
"Tuliptree","Liriodendron tulipifera","Pennsylvania","Erie","Erie Cemetery","","","","","167768","1","","","","Private","123.4'","Clinometer/laser rangefinder/sine","14.9'","179''","","","Dale Luthringer","2006-08-04","http%3A%2F%2Fwww.nativetreesociety.org%2Ffieldtrips%2Fpenna%2Ferie_cemetary%2Ferie_cemetery.htm","N"
"Tuliptree","Liriodendron tulipifera","Pennsylvania","Erie","Erie Cemetery","","","","","167769","1","","","","Private","130.2'","Clinometer/laser rangefinder/sine","14.3'","172''","","","Dale Luthringer","2006-08-04","http%3A%2F%2Fwww.nativetreesociety.org%2Ffieldtrips%2Fpenna%2Ferie_cemetary%2Ferie_cemetery.htm","N"
"Tuliptree","Liriodendron tulipifera","Pennsylvania","Erie","Glenwood Park","","","","","120388","1","","","","Public","113.9'","Clinometer/laser rangefinder/sine","10.1'","121''","","","Dale Luthringer","2003-05-05","http%3A%2F%2Fwww.nativetreesociety.org%2Ffieldtrips%2Fpenna%2Fglenwood_park_woods.htm","N"
"Tuliptree","Liriodendron tulipifera","Pennsylvania","Erie","Gudgeonville And Upstream Of Route 98 Bridge","","","","","120215","1","","","","Private","93.1'","Clinometer/laser rangefinder/sine","4.8'","58''","","","Dale Luthringer","2009-11-10","http%3A%2F%2Fwww.ents-bbs.org%2Fviewtopic.php%3Ff%3D148%26t%3D760%23p2369","N"
"Tuliptree","Liriodendron tulipifera","Pennsylvania","Erie","Gudgeonville And Upstream Of Route 98 Bridge","","","","","120216","1","","","","Private","111.1'","Clinometer/laser rangefinder/sine","","","","Height is Not Less Than (NLT)","Dale Luthringer","2009-11-10","http%3A%2F%2Fwww.ents-bbs.org%2Fviewtopic.php%3Ff%3D148%26t%3D760%23p2369","N"
"Tuliptree","Liriodendron tulipifera","Pennsylvania","Erie","Gudgeonville And Upstream Of Route 98 Bridge","","","","","120217","1","","","","Private","111.5'","Clinometer/laser rangefinder/sine","","","","","Dale Luthringer","2009-11-10","http%3A%2F%2Fwww.ents-bbs.org%2Fviewtopic.php%3Ff%3D148%26t%3D760%23p2369","N"
"Tuliptree","Liriodendron tulipifera","Pennsylvania","Erie","Lake Erie Community Park","","","","","138549","1","","","","Public","105.5'","Clinometer/laser rangefinder/sine","10.1'","121''","","","Dale Luthringer","2004-01-07","http%3A%2F%2Fwww.nativetreesociety.org%2Ffieldtrips%2Fpenna%2Flake_erie_community_park.htm","N"
"Tuliptree","Liriodendron tulipifera","Pennsylvania","Erie","Lake Erie Community Park","","","","","138550","1","","","","Public","120.9'","Clinometer/laser rangefinder/sine","8.9'","107''","","","Dale Luthringer","2004-01-07","http%3A%2F%2Fwww.nativetreesociety.org%2Ffieldtrips%2Fpenna%2Flake_erie_community_park.htm","N"
"Tuliptree","Liriodendron tulipifera","Pennsylvania","Erie","Lake Erie Community Park","","","","","138547","1","","","","Public","127.8'","Clinometer/laser rangefinder/sine","","","","Height is Not Less Then (NLT)","Dale Luthringer","2004-01-07","http%3A%2F%2Fwww.nativetreesociety.org%2Ffieldtrips%2Fpenna%2Flake_erie_community_park.htm","N"
"Tuliptree","Liriodendron tulipifera","Pennsylvania","Erie","Lake Erie Community Park","","","","","138584","1","","","","Public","128.0'","Clinometer/laser rangefinder/sine","7.1'","85''","","","Dale Luthringer","2004-01-07","http%3A%2F%2Fwww.nativetreesociety.org%2Ffieldtrips%2Fpenna%2Flake_erie_community_park.htm","N"
"Tuliptree","Liriodendron tulipifera","Pennsylvania","Erie","Lake Erie Community Park","","","","","138548","1","","","","Public","128.3'","Clinometer/laser rangefinder/sine","","","","","Dale Luthringer","2004-01-07","http%3A%2F%2Fwww.nativetreesociety.org%2Ffieldtrips%2Fpenna%2Flake_erie_community_park.htm","N"
"Tuliptree","Liriodendron tulipifera","Pennsylvania","Erie","Lake Erie Community Park","","","","","138551","1","","","","Public","129.1'","Clinometer/laser rangefinder/sine","8.4'","101''","","","Dale Luthringer","2004-01-07","http%3A%2F%2Fwww.nativetreesociety.org%2Ffieldtrips%2Fpenna%2Flake_erie_community_park.htm","N"
"Tuliptree","Liriodendron tulipifera","Pennsylvania","Erie","Lake Erie Community Park","","","","","138552","1","","","","Public","129.8'","Clinometer/laser rangefinder/sine","7.6'","91''","","","Dale Luthringer","2004-01-07","http%3A%2F%2Fwww.nativetreesociety.org%2Ffieldtrips%2Fpenna%2Flake_erie_community_park.htm","N"
"Tuliptree","Liriodendron tulipifera","Pennsylvania","Erie","Lake Erie Community Park","","","","","138553","1","","","","Public","131.6'","Clinometer/laser rangefinder/sine","8.9'","107''","","","Dale Luthringer","2004-01-07","http%3A%2F%2Fwww.nativetreesociety.org%2Ffieldtrips%2Fpenna%2Flake_erie_community_park.htm","N"
"Tuliptree","Liriodendron tulipifera","Pennsylvania","Erie","Lake Erie Community Park","","","","","138554","1","","","","Public","140.4'","Clinometer/laser rangefinder/sine","8.1'","97''","","Tree was measured on 17/2004 at 138.9'","Dale Luthringer","2004-01-07","http%3A%2F%2Fwww.nativetreesociety.org%2Ffieldtrips%2Fpenna%2Flake_erie_community_park.htm","N"
"Tuliptree","Liriodendron tulipifera","Pennsylvania","Erie","Lake Shore Country Club","","","","","138832","1","","","","Private","118.1'","Clinometer/laser rangefinder/sine","8.5'","102''","","","Dale Luthringer","2008-10-01","http%3A%2F%2Fwww.nativetreesociety.org%2Ffieldtrips%2Fpenna%2Flakeshorecountryclub.htm","N"
"Tuliptree","Liriodendron tulipifera","Pennsylvania","Erie","Lake Shore Country Club","","","","","138833","1","","","","Private","119.2'","Clinometer/laser rangefinder/sine","","","","","Dale Luthringer","2008-10-01","http%3A%2F%2Fwww.nativetreesociety.org%2Ffieldtrips%2Fpenna%2Flakeshorecountryclub.htm","N"
"Tuliptree","Liriodendron tulipifera","Pennsylvania","Erie","Lake Shore Country Club","","","","","138834","1","","","","Private","120.2'","Clinometer/laser rangefinder/sine","","","","Tree is up a steep bank.
Has ""spooning"" bark","Dale Luthringer","2008-10-01","http%3A%2F%2Fwww.nativetreesociety.org%2Ffieldtrips%2Fpenna%2Flakeshorecountryclub.htm","N"
"Tuliptree","Liriodendron tulipifera","Pennsylvania","Erie","Lake Shore Country Club","","","","","138835","1","","","","Private","122.6'","Clinometer/laser rangefinder/sine","","","","","Dale Luthringer","2008-10-01","http%3A%2F%2Fwww.nativetreesociety.org%2Ffieldtrips%2Fpenna%2Flakeshorecountryclub.htm","N"
"Tuliptree","Liriodendron tulipifera","Pennsylvania","Erie","Lake Shore Country Club","42 04.775","-080 12.991","","","138836","1","42 04.775","-080 12.991","","Private","124.0'","Clinometer/laser rangefinder/sine","10.6'","128''","","","Dale Luthringer","2008-10-01","http%3A%2F%2Fwww.nativetreesociety.org%2Ffieldtrips%2Fpenna%2Flakeshorecountryclub.htm","N"
"Tuliptree","Liriodendron tulipifera","Pennsylvania","Erie","Lake Shore Country Club","","","","","138837","1","","","","Private","124.3'","Clinometer/laser rangefinder/sine","","","","","Dale Luthringer","2008-10-01","http%3A%2F%2Fwww.nativetreesociety.org%2Ffieldtrips%2Fpenna%2Flakeshorecountryclub.htm","N"
"Tuliptree","Liriodendron tulipifera","Pennsylvania","Erie","Lake Shore Country Club","","","","","138838","1","","","","Private","124.8'","Clinometer/laser rangefinder/sine","7.1'","85''","","","Dale Luthringer","2008-10-01","http%3A%2F%2Fwww.nativetreesociety.org%2Ffieldtrips%2Fpenna%2Flakeshorecountryclub.htm","N"
"Tuliptree","Liriodendron tulipifera","Pennsylvania","Erie","Lake Shore Country Club","","","","","138839","1","","","","Private","125.0'","Clinometer/laser rangefinder/sine","8.3'","100''","","","Dale Luthringer","2008-10-01","http%3A%2F%2Fwww.nativetreesociety.org%2Ffieldtrips%2Fpenna%2Flakeshorecountryclub.htm","N"
"Tuliptree","Liriodendron tulipifera","Pennsylvania","Erie","Lake Shore Country Club","","","","","138840","1","","","","Private","127.4'","Clinometer/laser rangefinder/sine","","","","","Dale Luthringer","2008-10-01","http%3A%2F%2Fwww.nativetreesociety.org%2Ffieldtrips%2Fpenna%2Flakeshorecountryclub.htm","N"
"Tuliptree","Liriodendron tulipifera","Pennsylvania","Erie","Lake Shore Country Club","","","","","138841","1","","","","Private","129.0'","Clinometer/laser rangefinder/sine","11.2'","134''","","","Dale Luthringer","2008-10-01","http%3A%2F%2Fwww.nativetreesociety.org%2Ffieldtrips%2Fpenna%2Flakeshorecountryclub.htm","N"
"Tuliptree","Liriodendron tulipifera","Pennsylvania","Erie","Lake Shore Country Club","","","","","138842","1","","","","Private","129.7'","Clinometer/laser rangefinder/sine","10.4'","125''","","","Dale Luthringer","2008-10-01","http%3A%2F%2Fwww.nativetreesociety.org%2Ffieldtrips%2Fpenna%2Flakeshorecountryclub.htm","N"
"Tuliptree","Liriodendron tulipifera","Pennsylvania","Erie","Lake Shore Country Club","","","","","138843","1","","","","Private","131.1'","Clinometer/laser rangefinder/sine","7.4'","89''","","","Dale Luthringer","2008-10-01","http%3A%2F%2Fwww.nativetreesociety.org%2Ffieldtrips%2Fpenna%2Flakeshorecountryclub.htm","N"
"Tuliptree","Liriodendron tulipifera","Pennsylvania","Erie","Lake Shore Country Club","","","","","138844","1","","","","Private","131.6'","Clinometer/laser rangefinder/sine","","","","","Dale Luthringer","2008-10-01","http%3A%2F%2Fwww.nativetreesociety.org%2Ffieldtrips%2Fpenna%2Flakeshorecountryclub.htm","N"
"Tuliptree","Liriodendron tulipifera","Pennsylvania","Erie","Lake Shore Country Club","","","","","138845","1","","","","Private","138.7'","Clinometer/laser rangefinder/sine","10.0'","120''","","","Dale Luthringer","2008-10-01","http%3A%2F%2Fwww.nativetreesociety.org%2Ffieldtrips%2Fpenna%2Flakeshorecountryclub.htm","N"
"Tuliptree","Liriodendron tulipifera","Pennsylvania","Erie","Lake Shore Country Club","","","","","138846","1","","","","Private","139.6'","Clinometer/laser rangefinder/sine","","","","Tree is up steep bank","Dale Luthringer","2008-10-01","http%3A%2F%2Fwww.nativetreesociety.org%2Ffieldtrips%2Fpenna%2Flakeshorecountryclub.htm","N"
"Tuliptree","Liriodendron tulipifera","Pennsylvania","Erie","Scott Community Park","","","Post of 4/12/2004 for trips on 3/19/2004, 4/9/2004","","139054","1","","","","Public","93.1'","Clinometer/laser rangefinder/sine","10.3'","124''","","","Dale Luthringer","2004-04-12","http%3A%2F%2Fwww.nativetreesociety.org%2Ffieldtrips%2Fpenna%2Fscott_community_park.htm","N"
"Tuliptree","Liriodendron tulipifera","Pennsylvania","Erie","Scott Community Park","","","Post of 4/12/2004 for trips on 3/19/2004, 4/9/2004","","139055","1","","","","Public","113.4'","Clinometer/laser rangefinder/sine","","","","","Dale Luthringer","2004-04-12","http%3A%2F%2Fwww.nativetreesociety.org%2Ffieldtrips%2Fpenna%2Fscott_community_park.htm","N"
"Tuliptree","Liriodendron tulipifera","Pennsylvania","Erie","Scott Community Park","","","Post of 4/12/2004 for trips on 3/19/2004, 4/9/2004","","139056","1","","","","Public","116.0'","Clinometer/laser rangefinder/sine","","","","","Dale Luthringer","2004-04-12","http%3A%2F%2Fwww.nativetreesociety.org%2Ffieldtrips%2Fpenna%2Fscott_community_park.htm","N"
"Tuliptree","Liriodendron tulipifera","Pennsylvania","Erie","Scott Community Park","","","Post of 4/12/2004 for trips on 3/19/2004, 4/9/2004","","139057","1","","","","Public","116.6'","Clinometer/laser rangefinder/sine","11.4'","137''","","","Dale Luthringer","2004-04-12","http%3A%2F%2Fwww.nativetreesociety.org%2Ffieldtrips%2Fpenna%2Fscott_community_park.htm","N"
"Tuliptree","Liriodendron tulipifera","Pennsylvania","Erie","Scott Community Park","","","Post of 4/12/2004 for trips on 3/19/2004, 4/9/2004","","139058","1","","","","Public","117.6'","Clinometer/laser rangefinder/sine","9.7'","116''","","","Dale Luthringer","2004-04-12","http%3A%2F%2Fwww.nativetreesociety.org%2Ffieldtrips%2Fpenna%2Fscott_community_park.htm","N"
"Tuliptree","Liriodendron tulipifera","Pennsylvania","Erie","Scott Community Park","","","Post of 4/12/2004 for trips on 3/19/2004, 4/9/2004","","139059","1","","","","Public","118.8'","Clinometer/laser rangefinder/sine","8.6'","103''","","","Dale Luthringer","2004-04-12","http%3A%2F%2Fwww.nativetreesociety.org%2Ffieldtrips%2Fpenna%2Fscott_community_park.htm","N"
"Tuliptree","Liriodendron tulipifera","Pennsylvania","Erie","Scott Community Park","","","Post of 4/12/2004 for trips on 3/19/2004, 4/9/2004","","139060","1","","","","Public","122.0'","Clinometer/laser rangefinder/sine","10.6'","127''","","","Dale Luthringer","2004-04-12","http%3A%2F%2Fwww.nativetreesociety.org%2Ffieldtrips%2Fpenna%2Fscott_community_park.htm","N"
"Tuliptree","Liriodendron tulipifera","Pennsylvania","Erie","State Game Lands 155","","","","","138790","1","","","","Public","107.1'","Clinometer/laser rangefinder/sine","7.3'","88''","","","Dale Luthringer","2008-04-17","http%3A%2F%2Fwww.nativetreesociety.org%2Ffieldtrips%2Fpenna%2Fsgl_155_pa.htm","N"
"Tuliptree","Liriodendron tulipifera","Pennsylvania","Erie","State Game Lands 155","","","","","138791","1","","","","Public","116.3'","Clinometer/laser rangefinder/sine","7.9'","95''","","","Dale Luthringer","2008-04-17","http%3A%2F%2Fwww.nativetreesociety.org%2Ffieldtrips%2Fpenna%2Fsgl_155_pa.htm","N"
"Tuliptree","Liriodendron tulipifera","Pennsylvania","Erie","Walnut Creek Gorge","","","See post of 3/18/2008 for trips on 12/28/2007, 12/31/2007.
See post of 9/9/2008 for trips on 3/28/2008, 4/4/2008.","","138528","1","","","","Private","113.9'","Clinometer/laser rangefinder/sine","9.0'","108''","","","Dale Luthringer","2004-02-08","http%3A%2F%2Fwww.nativetreesociety.org%2Ffieldtrips%2Fpenna%2Fwalnut_creek_pa_update.htm","N"
"Tuliptree","Liriodendron tulipifera","Pennsylvania","Erie","Walnut Creek Gorge","","","See post of 3/18/2008 for trips on 12/28/2007, 12/31/2007.
See post of 9/9/2008 for trips on 3/28/2008, 4/4/2008.","","138529","1","","","","Private","114.3'","Clinometer/laser rangefinder/sine","","","","","Dale Luthringer","2004-02-08","http%3A%2F%2Fwww.nativetreesociety.org%2Ffieldtrips%2Fpenna%2Fwalnut_creek_pa_update.htm","N"
"Tuliptree","Liriodendron tulipifera","Pennsylvania","Erie","Walnut Creek Gorge","","","See post of 3/18/2008 for trips on 12/28/2007, 12/31/2007.
See post of 9/9/2008 for trips on 3/28/2008, 4/4/2008.","","138530","1","","","","Private","114.4'","Clinometer/laser rangefinder/sine","9.3'","112''","","","Dale Luthringer","2004-02-08","http%3A%2F%2Fwww.nativetreesociety.org%2Ffieldtrips%2Fpenna%2Fwalnut_creek_pa_update.htm","N"
"Tuliptree","Liriodendron tulipifera","Pennsylvania","Erie","Walnut Creek Gorge","","","See post of 3/18/2008 for trips on 12/28/2007, 12/31/2007.
See post of 9/9/2008 for trips on 3/28/2008, 4/4/2008.","","140100","1","","","","Private","118.2'","Clinometer/laser rangefinder/sine","","","","","Dale Luthringer","2008-03-18","http%3A%2F%2Fwww.nativetreesociety.org%2Ffieldtrips%2Fpenna%2Fwalnut_creek_pa_update.htm","N"
"Tuliptree","Liriodendron tulipifera","Pennsylvania","Erie","Walnut Creek Gorge","","","See post of 3/18/2008 for trips on 12/28/2007, 12/31/2007.
See post of 9/9/2008 for trips on 3/28/2008, 4/4/2008.","","140101","1","","","","Private","122.4'","Clinometer/laser rangefinder/sine","","","","","Dale Luthringer","2008-03-18","http%3A%2F%2Fwww.nativetreesociety.org%2Ffieldtrips%2Fpenna%2Fwalnut_creek_pa_update.htm","N"
"Tuliptree","Liriodendron tulipifera","Pennsylvania","Erie","Walnut Creek Gorge","","","See post of 3/18/2008 for trips on 12/28/2007, 12/31/2007.
See post of 9/9/2008 for trips on 3/28/2008, 4/4/2008.","","140102","1","","","","Private","124.9'","Clinometer/laser rangefinder/sine","9.3'","112''","","","Dale Luthringer","2008-03-18","http%3A%2F%2Fwww.nativetreesociety.org%2Ffieldtrips%2Fpenna%2Fwalnut_creek_pa_update.htm","N"
"Tuliptree","Liriodendron tulipifera","Pennsylvania","Erie","Walnut Creek Gorge","","","See post of 3/18/2008 for trips on 12/28/2007, 12/31/2007.
See post of 9/9/2008 for trips on 3/28/2008, 4/4/2008.","","138531","1","","","","Private","125.6'","Clinometer/laser rangefinder/sine","10.5'","126''","","","Dale Luthringer","2004-02-08","http%3A%2F%2Fwww.nativetreesociety.org%2Ffieldtrips%2Fpenna%2Fwalnut_creek_pa_update.htm","N"
"Tuliptree","Liriodendron tulipifera","Pennsylvania","Erie","Walnut Creek Gorge","","","See post of 3/18/2008 for trips on 12/28/2007, 12/31/2007.
See post of 9/9/2008 for trips on 3/28/2008, 4/4/2008.","","140130","1","","","","Private","128.4'","Clinometer/laser rangefinder/sine","","","","","Dale Luthringer","2008-03-18","http%3A%2F%2Fwww.nativetreesociety.org%2Ffieldtrips%2Fpenna%2Fwalnut_creek_pa_update.htm","N"
"Tuliptree","Liriodendron tulipifera","Pennsylvania","Erie","Walnut Creek Gorge","","","See post of 3/18/2008 for trips on 12/28/2007, 12/31/2007.
See post of 9/9/2008 for trips on 3/28/2008, 4/4/2008.","","140103","1","","","","Private","129.1'","Clinometer/laser rangefinder/sine","7.0'","84''","","Height is Not Less Than (NLT)","Dale Luthringer","2008-03-18","http%3A%2F%2Fwww.nativetreesociety.org%2Ffieldtrips%2Fpenna%2Fwalnut_creek_pa_update.htm","N"
"Tuliptree","Liriodendron tulipifera","Pennsylvania","Erie","Walnut Creek Gorge","","","See post of 3/18/2008 for trips on 12/28/2007, 12/31/2007.
See post of 9/9/2008 for trips on 3/28/2008, 4/4/2008.","","140131","1","","","","Private","129.1'","Clinometer/laser rangefinder/sine","","","","Height is Not Less Than (NLT)","Dale Luthringer","2008-03-18","http%3A%2F%2Fwww.nativetreesociety.org%2Ffieldtrips%2Fpenna%2Fwalnut_creek_pa_update.htm","N"
"Tuliptree","Liriodendron tulipifera","Pennsylvania","Erie","Walnut Creek Gorge","","","See post of 3/18/2008 for trips on 12/28/2007, 12/31/2007.
See post of 9/9/2008 for trips on 3/28/2008, 4/4/2008.","","140104","1","","","","Private","130.4'","Clinometer/laser rangefinder/sine","13.1'","157''","","Height is Not Less Than (NLT)","Dale Luthringer","2008-03-18","http%3A%2F%2Fwww.nativetreesociety.org%2Ffieldtrips%2Fpenna%2Fwalnut_creek_pa_update.htm","N"
"Tuliptree","Liriodendron tulipifera","Pennsylvania","Erie","Walnut Creek Gorge","","","See post of 3/18/2008 for trips on 12/28/2007, 12/31/2007.
See post of 9/9/2008 for trips on 3/28/2008, 4/4/2008.","","140132","1","","","","Private","130.4'","Clinometer/laser rangefinder/sine","","","","","Dale Luthringer","2008-03-18","http%3A%2F%2Fwww.nativetreesociety.org%2Ffieldtrips%2Fpenna%2Fwalnut_creek_pa_update.htm","N"
"Tuliptree","Liriodendron tulipifera","Pennsylvania","Erie","Walnut Creek Gorge","","","See post of 3/18/2008 for trips on 12/28/2007, 12/31/2007.
See post of 9/9/2008 for trips on 3/28/2008, 4/4/2008.","","140133","1","","","","Private","131.6'","Clinometer/laser rangefinder/sine","13.1'","157''","","","Dale Luthringer","2008-03-18","http%3A%2F%2Fwww.nativetreesociety.org%2Ffieldtrips%2Fpenna%2Fwalnut_creek_pa_update.htm","N"
"Tuliptree","Liriodendron tulipifera","Pennsylvania","Erie","Walnut Creek Gorge","","","See post of 3/18/2008 for trips on 12/28/2007, 12/31/2007.
See post of 9/9/2008 for trips on 3/28/2008, 4/4/2008.","","140134","1","","","","Private","132.8'","Clinometer/laser rangefinder/sine","9.5'","114''","","","Dale Luthringer","2008-03-18","http%3A%2F%2Fwww.nativetreesociety.org%2Ffieldtrips%2Fpenna%2Fwalnut_creek_pa_update.htm","N"
"Tuliptree","Liriodendron tulipifera","Pennsylvania","Erie","Walnut Creek Gorge","","","See post of 3/18/2008 for trips on 12/28/2007, 12/31/2007.
See post of 9/9/2008 for trips on 3/28/2008, 4/4/2008.","","140135","1","","","","Private","132.9'","Clinometer/laser rangefinder/sine","9.9'","119''","","","Dale Luthringer","2008-03-18","http%3A%2F%2Fwww.nativetreesociety.org%2Ffieldtrips%2Fpenna%2Fwalnut_creek_pa_update.htm","N"
"Tuliptree","Liriodendron tulipifera","Pennsylvania","Erie","Walnut Creek Gorge","","","See post of 3/18/2008 for trips on 12/28/2007, 12/31/2007.
See post of 9/9/2008 for trips on 3/28/2008, 4/4/2008.","","138532","1","","","","Private","135.5'","Clinometer/laser rangefinder/sine","9.5'","114''","","","Dale Luthringer","2004-02-08","http%3A%2F%2Fwww.nativetreesociety.org%2Ffieldtrips%2Fpenna%2Fwalnut_creek_pa_update.htm","N"
"Tuliptree","Liriodendron tulipifera","Pennsylvania","Erie","Wintergreen Gorge","","","Trips were made 7/2/2003, 9/5/2003,10/10/2003,
11/3/2003,5/24/2004,10/15/2004","","120239","1","","","760.0 ft","Public","120.9'","Clinometer/laser rangefinder/sine","9.4'","113''","","","Dale Luthringer","2003-07-02","","N"
"Tuliptree","Liriodendron tulipifera","Pennsylvania","Erie","Wintergreen Gorge","","","Trips were made 7/2/2003, 9/5/2003,10/10/2003,
11/3/2003,5/24/2004,10/15/2004","","120260","1","","","760.0 ft","Public","125.6'","Clinometer/laser rangefinder/sine","","","","A double at 11.7' CBH","Dale Luthringer","2003-07-02","","N"
"Tuliptree","Liriodendron tulipifera","Pennsylvania","Erie","Wintergreen Gorge","","","Trips were made 7/2/2003, 9/5/2003,10/10/2003,
11/3/2003,5/24/2004,10/15/2004","","120259","1","","","760.0 ft","Public","130.0'","Clinometer/laser rangefinder/sine","8.4'","101''","","","Dale Luthringer","2003-07-02","","N"
"Tuliptree","Liriodendron tulipifera","Pennsylvania","Erie","Wintergreen Gorge","","","Trips were made 7/2/2003, 9/5/2003,10/10/2003,
11/3/2003,5/24/2004,10/15/2004","","120219","1","","","760.0 ft","Public","132.5'","Clinometer/laser rangefinder/sine","10.4'","125''","","","Dale Luthringer","2003-07-02","","N"
"Tuliptree","Liriodendron tulipifera","Pennsylvania","Erie","Wintergreen Gorge","","","Trips were made 7/2/2003, 9/5/2003,10/10/2003,
11/3/2003,5/24/2004,10/15/2004","","120228","1","","","760.0 ft","Public","145.4'","Clinometer/laser rangefinder/sine","9.5'","114''","","","Dale Luthringer","2003-07-02","","N"
"Tuliptree","Liriodendron tulipifera","Pennsylvania","Fayette","Along Great Gorge Trail","","","This area includes a 2.4 mile section along the trail from Cucumber Falls to the Railroad Trestle.  32 acres with about 16 acres Old Growth","","167651","1","","","","Public - State Park","11.4'","Clinometer/laser rangefinder/sine","6.9'","83''","","","Dale Luthringer","2007-05-17","http%3A%2F%2Fgroups.google.com%2Fgroup%2Fentstrees%2Fbrowse_thread%2Fthread%2F4b65935fe745fc78%3Fhl%3Den","N"
"Tuliptree","Liriodendron tulipifera","Pennsylvania","Fayette","Along Great Gorge Trail","","","This area includes a 2.4 mile section along the trail from Cucumber Falls to the Railroad Trestle.  32 acres with about 16 acres Old Growth","","167650","1","","","","Public - State Park","133.4'","Clinometer/laser rangefinder/sine","5.9'","71''","","","Dale Luthringer","2007-05-17","http%3A%2F%2Fgroups.google.com%2Fgroup%2Fentstrees%2Fbrowse_thread%2Fthread%2F4b65935fe745fc78%3Fhl%3Den","N"
"Tuliptree","Liriodendron tulipifera","Pennsylvania","Fayette","Ferncliff Penisular Natural Area","","","","","167632","1","","","","Public - State Park","108.6'","Clinometer/laser rangefinder/sine","6.7'","80''","","","Edward Frank, Anthony Kelly","2006-11-14","http%3A%2F%2Fwww.nativetreesociety.org%2Ffieldtrips%2Fpenna%2Fohiopyle_state_park07.htm","N"
"Tuliptree","Liriodendron tulipifera","Pennsylvania","Fayette","Friendship Hill","39 46.364","-079 55.844","","","18532","1","39 46.364","-079 55.844","","National Park","116.0'","Clinometer/laser rangefinder/sine","12.3'","148''","","","Steve Halow","2011-03-26","","N"
"Tuliptree","Liriodendron tulipifera","Pennsylvania","Fayette","Friendship Hill","39 46.296","-079 55.452","","","18534","1","39 46.296","-079 55.452","","National Park","123.5'","Clinometer/laser rangefinder/sine","12.1'","145''","","","Steve Halow","2011-03-26","","N"
"Tuliptree","Liriodendron tulipifera","Pennsylvania","Fayette","Friendship Hill","39 46.308","-079 55.721","","","18533","1","39 46.308","-079 55.721","","National Park","140.5'","Clinometer/laser rangefinder/sine","10.9'","131''","","","Steve Halow","2011-03-26","","N"
"Tuliptree","Liriodendron tulipifera","Pennsylvania","Fayette","Friendship Hill","39 46.343","-079 55.443","","","18531","1","39 46.343","-079 55.443","","National Park","148.0'","Clinometer/laser rangefinder/sine","8.1'","97''","","","Steve Halow","2011-03-26","","N"
"Tuliptree","Liriodendron tulipifera","Pennsylvania","Fayette","Hewitt Island","40 05.548","-079 44.345","Island is in the Youghiogheny River near Perryopolis.","","224736","1","40 05.548","-079 44.345","","Public","146.5'","Clinometer/laser rangefinder/sine","11.3'","136''","","","Edward Franks, Steve Halow","2010-08-28","http%3A%2F%2Fwww.ents-bbs.org%2Fviewtopic.php%3Ff%3D154%26t%3D1279","N"
"Tuliptree","Liriodendron tulipifera","Pennsylvania","Fayette","Ohiopyle SP","39 52.479","-079 29.708","","","21785","1","39 52.479","-079 29.708","","Public","145.0'","Clinometer/laser rangefinder/sine","9.1'","109''","","","Steve Halow, Randi Chambers","2011-11-11","","N"
"Tuliptree","Liriodendron tulipifera","Pennsylvania","Fayette","Ohiopyle SP","39 52.783","-079 29.803","","","21796","1","39 52.783","-079 29.803","","Public","150.0'","Clinometer/laser rangefinder/sine","10.8'","129''","","","Steve Halow, Randi Chambers","2011-11-11","","N"
"Tuliptree","Liriodendron tulipifera","Pennsylvania","Forest","CFSP-Cook Trail/Henry Run","","","","","144755","1","","","1200.0 ft","Public-state","103.8'","Clinometer/laser rangefinder/sine","6.3'","76''","","","Dale Luthringer","2002-07-22","http%3A%2F%2Fwww.nativetreesociety.org%2Ffieldtrips%2Fpenna_cook_forest%2Fcook_forest_april05.htm","N"
"Tuliptree","Liriodendron tulipifera","Pennsylvania","Forest","CFSP-Foundation Ridge And Flats","","","American Chestnuts were measured  on 8/9 /2005.
See: http://www.nativetreesociety.org/fieldtrips/penna_cook_forest/two_trips_to_cook_forest.htm
Also see Luthringer measurements at:: http://www.nativetreesociety.org/fieldtrips/penna_cook_forest/foundation_ridge_flat_update.htm","","168370","1","","","","Public-state","117.9'","Clinometer/laser rangefinder/sine","","","","","Carl Harting, Dale Luthringer, Ed Frank","2006-09-26","http%3A%2F%2Fwww.nativetreesociety.org%2Ffieldtrips%2Fpenna_cook_forest%2Ffoundation_ridge_flat.htm","N"
"Tuliptree","Liriodendron tulipifera","Pennsylvania","Forest","CFSP-Foundation Ridge And Flats","","","American Chestnuts were measured  on 8/9 /2005.
See: http://www.nativetreesociety.org/fieldtrips/penna_cook_forest/two_trips_to_cook_forest.htm
Also see Luthringer measurements at:: http://www.nativetreesociety.org/fieldtrips/penna_cook_forest/foundation_ridge_flat_update.htm","","168384","1","","","","Public-state","126.0'","Clinometer/laser rangefinder/sine","5.8'","70''","","","Carl Harting, Dale Luthringer, Ed Frank","2006-09-26","http%3A%2F%2Fwww.nativetreesociety.org%2Ffieldtrips%2Fpenna_cook_forest%2Ffoundation_ridge_flat.htm","N"
"Tuliptree","Liriodendron tulipifera","Pennsylvania","Forest","CFSP-Foundation Ridge And Flats","","","American Chestnuts were measured  on 8/9 /2005.
See: http://www.nativetreesociety.org/fieldtrips/penna_cook_forest/two_trips_to_cook_forest.htm
Also see Luthringer measurements at:: http://www.nativetreesociety.org/fieldtrips/penna_cook_forest/foundation_ridge_flat_update.htm","","168385","1","","","","Public-state","129.6'","Clinometer/laser rangefinder/sine","6.1'","73''","","Height is Not Less Than (NLT)","Carl Harting, Dale Luthringer, Ed Frank","2006-09-26","http%3A%2F%2Fwww.nativetreesociety.org%2Ffieldtrips%2Fpenna_cook_forest%2Ffoundation_ridge_flat.htm","N"
"Tuliptree","Liriodendron tulipifera","Pennsylvania","Forest","CFSP-Foundation Ridge And Flats","","","American Chestnuts were measured  on 8/9 /2005.
See: http://www.nativetreesociety.org/fieldtrips/penna_cook_forest/two_trips_to_cook_forest.htm
Also see Luthringer measurements at:: http://www.nativetreesociety.org/fieldtrips/penna_cook_forest/foundation_ridge_flat_update.htm","","168371","1","","","","Public-state","129.9'","Clinometer/laser rangefinder/sine","7.1'","85''","","","Carl Harting, Dale Luthringer, Ed Frank","2006-09-26","http%3A%2F%2Fwww.nativetreesociety.org%2Ffieldtrips%2Fpenna_cook_forest%2Ffoundation_ridge_flat.htm","N"
"Tuliptree","Liriodendron tulipifera","Pennsylvania","Forest","CFSP-Foundation Ridge And Flats","","","American Chestnuts were measured  on 8/9 /2005.
See: http://www.nativetreesociety.org/fieldtrips/penna_cook_forest/two_trips_to_cook_forest.htm
Also see Luthringer measurements at:: http://www.nativetreesociety.org/fieldtrips/penna_cook_forest/foundation_ridge_flat_update.htm","","168386","1","","","","Public-state","132.1'","Clinometer/laser rangefinder/sine","6.8'","82''","","","Carl Harting, Dale Luthringer, Ed Frank","2006-09-26","http%3A%2F%2Fwww.nativetreesociety.org%2Ffieldtrips%2Fpenna_cook_forest%2Ffoundation_ridge_flat.htm","N"
"Tuliptree","Liriodendron tulipifera","Pennsylvania","Forest","CFSP-Foundation Ridge And Flats","","","American Chestnuts were measured  on 8/9 /2005.
See: http://www.nativetreesociety.org/fieldtrips/penna_cook_forest/two_trips_to_cook_forest.htm
Also see Luthringer measurements at:: http://www.nativetreesociety.org/fieldtrips/penna_cook_forest/foundation_ridge_flat_update.htm","","168387","1","","","","Public-state","133.0'","Clinometer/laser rangefinder/sine","8.9'","107''","","","Carl Harting, Dale Luthringer, Ed Frank","2006-09-26","http%3A%2F%2Fwww.nativetreesociety.org%2Ffieldtrips%2Fpenna_cook_forest%2Ffoundation_ridge_flat.htm","N"
"Tuliptree","Liriodendron tulipifera","Pennsylvania","Forest","CFSP-Foundation Ridge And Flats","","","American Chestnuts were measured  on 8/9 /2005.
See: http://www.nativetreesociety.org/fieldtrips/penna_cook_forest/two_trips_to_cook_forest.htm
Also see Luthringer measurements at:: http://www.nativetreesociety.org/fieldtrips/penna_cook_forest/foundation_ridge_flat_update.htm","","147077","1","","","","Public-state","135.5'","Clinometer/laser rangefinder/sine","7.0'","84''","","","Dale Luthringer","2006-08-10","http%3A%2F%2Fwww.nativetreesociety.org%2Ffieldtrips%2Fpenna_cook_forest%2Ffoundation_ridge_flat.htm","N"
"Tuliptree","Liriodendron tulipifera","Pennsylvania","Forest","CFSP-Foundation Ridge And Flats","41 19.929","-079 10.094","American Chestnuts were measured  on 8/9 /2005.
See: http://www.nativetreesociety.org/fieldtrips/penna_cook_forest/two_trips_to_cook_forest.htm
Also see Luthringer measurements at:: http://www.nativetreesociety.org/fieldtrips/penna_cook_forest/foundation_ridge_flat_update.htm","","168388","1","41 19.929","-079 10.094","","Public-state","139.2'","Clinometer/laser rangefinder/sine","8.0'","96''","","Tag # 639","Carl Harting, Dale Luthringer, Ed Frank","2006-09-26","http%3A%2F%2Fwww.nativetreesociety.org%2Ffieldtrips%2Fpenna_cook_forest%2Ffoundation_ridge_flat.htm","N"
"Tuliptree","Liriodendron tulipifera","Pennsylvania","Forest","CFSP-Foundation Ridge And Flats","","","American Chestnuts were measured  on 8/9 /2005.
See: http://www.nativetreesociety.org/fieldtrips/penna_cook_forest/two_trips_to_cook_forest.htm
Also see Luthringer measurements at:: http://www.nativetreesociety.org/fieldtrips/penna_cook_forest/foundation_ridge_flat_update.htm","","168372","1","","","","Public-state","139.3'","Clinometer/laser rangefinder/sine","6.1'","73''","","","Carl Harting, Dale Luthringer, Ed Frank","2006-09-26","http%3A%2F%2Fwww.nativetreesociety.org%2Ffieldtrips%2Fpenna_cook_forest%2Ffoundation_ridge_flat.htm","N"
"Tuliptree","Liriodendron tulipifera","Pennsylvania","Forest","CFSP-Foundation Ridge And Flats","","","American Chestnuts were measured  on 8/9 /2005.
See: http://www.nativetreesociety.org/fieldtrips/penna_cook_forest/two_trips_to_cook_forest.htm
Also see Luthringer measurements at:: http://www.nativetreesociety.org/fieldtrips/penna_cook_forest/foundation_ridge_flat_update.htm","","168373","1","","","","Public-state","140.3'","Clinometer/laser rangefinder/sine","7.5'","90''","","","Carl Harting, Dale Luthringer, Ed Frank","2006-09-26","http%3A%2F%2Fwww.nativetreesociety.org%2Ffieldtrips%2Fpenna_cook_forest%2Ffoundation_ridge_flat.htm","N"
"Tuliptree","Liriodendron tulipifera","Pennsylvania","Forest","CFSP-Foundation Ridge And Flats","41 19.943","-079 10.124","American Chestnuts were measured  on 8/9 /2005.
See: http://www.nativetreesociety.org/fieldtrips/penna_cook_forest/two_trips_to_cook_forest.htm
Also see Luthringer measurements at:: http://www.nativetreesociety.org/fieldtrips/penna_cook_forest/foundation_ridge_flat_update.htm","","168389","1","41 19.943","-079 10.124","","Public-state","140.3'","Clinometer/laser rangefinder/sine","8.1'","97''","","Tag # 636","Carl Harting, Dale Luthringer, Ed Frank","2006-09-26","http%3A%2F%2Fwww.nativetreesociety.org%2Ffieldtrips%2Fpenna_cook_forest%2Ffoundation_ridge_flat.htm","N"
"Tuliptree","Liriodendron tulipifera","Pennsylvania","Forest","CFSP-Foundation Ridge And Flats","","","American Chestnuts were measured  on 8/9 /2005.
See: http://www.nativetreesociety.org/fieldtrips/penna_cook_forest/two_trips_to_cook_forest.htm
Also see Luthringer measurements at:: http://www.nativetreesociety.org/fieldtrips/penna_cook_forest/foundation_ridge_flat_update.htm","","147075","1","","","","Public-state","141.4'","Clinometer/laser rangefinder/sine","7.4'","89''","","","Dale Luthringer","2006-08-10","http%3A%2F%2Fwww.nativetreesociety.org%2Ffieldtrips%2Fpenna_cook_forest%2Ffoundation_ridge_flat.htm","N"
"Tuliptree","Liriodendron tulipifera","Pennsylvania","Forest","CFSP-River Cabins And Flats","","","Measurements made between 1/1/2002 and 8/6/2004","","145383","1","","","","Public-state","136.6'","Clinometer/laser rangefinder/sine","8.2'","98''","","1st Bench","Dale Luthringer","2004-08-06","","N"
"Tuliptree","Liriodendron tulipifera","Pennsylvania","Forest","CFSP-River Road","","","Also see:
http://www.nativetreesociety.org/fieldtrips/penna_cook_forest/cook_forest_yellow_buckeye.htm","","163320","1","","","","Public-state","120.9'","Clinometer/laser rangefinder/sine","8.3'","100''","","","Dale Luthringer","2004-09-03","http%3A%2F%2Fwww.nativetreesociety.org%2Ffieldtrips%2Fpenna_cook_forest%2Friver_road_aug2004.htm","N"
"Tuliptree","Liriodendron tulipifera","Pennsylvania","Greene","Ryerson Station State Park","","","1.164 acres","","167617","1","","","1140.0 ft","Publc - State","141.0'","Clinometer/laser rangefinder/sine","8.1'","97''","","","Steve Halow","2011-03-27","","N"
"Tuliptree","Liriodendron tulipifera","Pennsylvania","Huntingdon","Alan Seeger Natural Area","","","390 Acres in the Natural Area","","139739","1","","","","Public - State Forest","121.6'","Clinometer/laser rangefinder/sine","8.2'","98''","","","Dale Luthringer, Robert Leverett","2002-11-18","http%3A%2F%2Fwww.nativetreesociety.org%2Ffieldtrips%2Fpenna%2Falan_seeger_natural_area.htm","N"
"Tuliptree","Liriodendron tulipifera","Pennsylvania","Huntingdon","Alan Seeger Natural Area","","","390 Acres in the Natural Area","","139738","1","","","","Public - State Forest","124.4'","Clinometer/laser rangefinder/sine","6.8'","82''","","Height is Not Less Than (NLT)","Dale Luthringer, Robert Leverett","2002-11-18","http%3A%2F%2Fwww.nativetreesociety.org%2Ffieldtrips%2Fpenna%2Falan_seeger_natural_area.htm","N"
"Tuliptree","Liriodendron tulipifera","Pennsylvania","Huntingdon","Alan Seeger Natural Area","","","390 Acres in the Natural Area","","139737","1","","","","Public - State Forest","126.1'","Clinometer/laser rangefinder/sine","","","","","Dale Luthringer, Robert Leverett","2002-11-18","http%3A%2F%2Fwww.nativetreesociety.org%2Ffieldtrips%2Fpenna%2Falan_seeger_natural_area.htm","N"
"Tuliptree","Liriodendron tulipifera","Pennsylvania","Huntingdon","Alan Seeger Natural Area","","","390 Acres in the Natural Area","","139736","1","","","","Public - State Forest","126.9'","Clinometer/laser rangefinder/sine","10.4'","125''","","","Dale Luthringer, Robert Leverett","2002-11-18","http%3A%2F%2Fwww.nativetreesociety.org%2Ffieldtrips%2Fpenna%2Falan_seeger_natural_area.htm","N"
"Tuliptree","Liriodendron tulipifera","Pennsylvania","Huntingdon","Alan Seeger Natural Area","","","390 Acres in the Natural Area","","139735","1","","","","Public - State Forest","130.4'","Clinometer/laser rangefinder/sine","","","","Height is Not Less Than (NLT)","Dale Luthringer, Robert Leverett","2002-11-18","http%3A%2F%2Fwww.nativetreesociety.org%2Ffieldtrips%2Fpenna%2Falan_seeger_natural_area.htm","N"
"Tuliptree","Liriodendron tulipifera","Pennsylvania","Huntingdon","Alan Seeger Natural Area","","","390 Acres in the Natural Area","","139734","1","","","","Public - State Forest","132.2'","Clinometer/laser rangefinder/sine","6.5'","78''","","Height is Not Less Than (NLT)","Dale Luthringer, Robert Leverett","2002-11-18","http%3A%2F%2Fwww.nativetreesociety.org%2Ffieldtrips%2Fpenna%2Falan_seeger_natural_area.htm","N"
"Tuliptree","Liriodendron tulipifera","Pennsylvania","Huntingdon","Alan Seeger Natural Area","","","390 Acres in the Natural Area","","139733","1","","","","Public - State Forest","132.6'","Clinometer/laser rangefinder/sine","9.6'","116''","","","Dale Luthringer, Robert Leverett","2002-11-18","http%3A%2F%2Fwww.nativetreesociety.org%2Ffieldtrips%2Fpenna%2Falan_seeger_natural_area.htm","N"
"Tuliptree","Liriodendron tulipifera","Pennsylvania","Huntingdon","Alan Seeger Natural Area","40 41.713","-077 45.376","390 Acres in the Natural Area","","138095","1","40 41.713","-077 45.376","","Public - State Forest","137.7'","Clinometer/laser rangefinder/sine","8.9'","107''","","","Dale Luthringer","2005-07-09","http%3A%2F%2Fwww.nativetreesociety.org%2Ffieldtrips%2Fpenna%2Falan_seeger_natural_area.htm","N"
"Tuliptree","Liriodendron tulipifera","Pennsylvania","Huntingdon","Alan Seeger Natural Area","40 41.660","-077 45.384","390 Acres in the Natural Area","","139732","1","40 41.660","-077 45.384","","Public - State Forest","137.7'","Clinometer/laser rangefinder/sine","8.9'","107''","","","Dale Luthringer, Robert Leverett","2002-11-18","http%3A%2F%2Fwww.nativetreesociety.org%2Ffieldtrips%2Fpenna%2Falan_seeger_natural_area.htm","N"
"Tuliptree","Liriodendron tulipifera","Pennsylvania","Huntingdon","Detweiler Run Natural Area","","","463 Acres","","129740","1","","","","Public - state","103.8'","Clinometer/laser rangefinder/sine","10.5'","126''","","","Dale Luthringer","2004-04-16","http%3A%2F%2Fwww.nativetreesociety.org%2Ffieldtrips%2Fpenna%2Fdetweiler_run.htm","N"
"Tuliptree","Liriodendron tulipifera","Pennsylvania","Huntingdon","Detweiler Run Natural Area","","","463 Acres","","129741","1","","","","Public - state","105.4'","Clinometer/laser rangefinder/sine","","","","","Dale Luthringer","2004-04-16","http%3A%2F%2Fwww.nativetreesociety.org%2Ffieldtrips%2Fpenna%2Fdetweiler_run.htm","N"
"Tuliptree","Liriodendron tulipifera","Pennsylvania","Huntingdon","Detweiler Run Natural Area","","","463 Acres","","129742","1","","","","Public - state","108.9'","Clinometer/laser rangefinder/sine","","","","","Dale Luthringer","2004-04-16","http%3A%2F%2Fwww.nativetreesociety.org%2Ffieldtrips%2Fpenna%2Fdetweiler_run.htm","N"
"Tuliptree","Liriodendron tulipifera","Pennsylvania","Huntingdon","Detweiler Run Natural Area","","","463 Acres","","129743","1","","","","Public - state","111.1'","Clinometer/laser rangefinder/sine","","","","","Dale Luthringer","2004-04-16","http%3A%2F%2Fwww.nativetreesociety.org%2Ffieldtrips%2Fpenna%2Fdetweiler_run.htm","N"
"Tuliptree","Liriodendron tulipifera","Pennsylvania","Huntingdon","Detweiler Run Natural Area","","","463 Acres","","129744","1","","","","Public - state","116.4'","Clinometer/laser rangefinder/sine","","","","","Dale Luthringer","2004-04-16","http%3A%2F%2Fwww.nativetreesociety.org%2Ffieldtrips%2Fpenna%2Fdetweiler_run.htm","N"
"Tuliptree","Liriodendron tulipifera","Pennsylvania","Jefferson","Reynoldsville","","","","","169447","1","","","","Private","71.8'","Clinometer/laser rangefinder/sine","3.1'","37''","","","Edward Frank","2005-05-30","","N"
"Tuliptree","Liriodendron tulipifera","Pennsylvania","Jefferson","Reynoldsville","41 06.408","-078 54.056","","","169439","1","41 06.408","-078 54.056","1600.0 ft","Private","108.8'","Clinometer/laser rangefinder/sine","8.4'","101''","","","Edward Frank","2005-05-30","","N"
"Tuliptree","Liriodendron tulipifera","Pennsylvania","Jefferson","Reynoldsville","41 06.402","-078 54.056","","","169461","1","41 06.402","-078 54.056","","Private","115.6'","Clinometer/laser rangefinder/sine","9.1'","109''","","","Edward Frank","2011-05-06","","N"
"Tuliptree","Liriodendron tulipifera","Pennsylvania","Lawrence","Mcconnells Mill State Park","","","","","117348","1","","","","Public - State Park","","Clinometer/laser rangefinder/sine","10.7'","128''","","","Anthony Kelly","2006-01-07","","N"
"Tuliptree","Liriodendron tulipifera","Pennsylvania","Lawrence","Mcconnells Mill State Park","","","","","117349","1","","","","Public - State Park","","Clinometer/laser rangefinder/sine","10.7'","128''","","","Anthony Kelly","2006-01-07","","N"
"Tuliptree","Liriodendron tulipifera","Pennsylvania","Lawrence","Mcconnells Mill State Park","","","","","117350","1","","","","Public - State Park","","Clinometer/laser rangefinder/sine","10.9'","131''","","","Anthony Kelly","2006-01-07","","N"
"Tuliptree","Liriodendron tulipifera","Pennsylvania","Lawrence","Mcconnells Mill State Park","","","","","117351","1","","","","Public - State Park","","Clinometer/laser rangefinder/sine","11.0'","132''","","","Anthony Kelly","2006-01-07","","N"
"Tuliptree","Liriodendron tulipifera","Pennsylvania","Lawrence","Mcconnells Mill State Park","","","","","117352","1","","","","Public - State Park","","Clinometer/laser rangefinder/sine","11.2'","134''","","","Anthony Kelly","2006-01-07","","N"
"Tuliptree","Liriodendron tulipifera","Pennsylvania","Lawrence","Mcconnells Mill State Park","","","","","117353","1","","","","Public - State Park","","Clinometer/laser rangefinder/sine","11.2'","134''","","","Anthony Kelly","2006-01-07","","N"
"Tuliptree","Liriodendron tulipifera","Pennsylvania","Lawrence","Mcconnells Mill State Park","","","","","117354","1","","","","Public - State Park","","Clinometer/laser rangefinder/sine","11.3'","135''","","","Anthony Kelly","2006-01-07","","N"
"Tuliptree","Liriodendron tulipifera","Pennsylvania","Lawrence","Mcconnells Mill State Park","","","","","117355","1","","","","Public - State Park","","Clinometer/laser rangefinder/sine","11.4'","137''","","","Anthony Kelly","2006-01-07","","N"
"Tuliptree","Liriodendron tulipifera","Pennsylvania","Lawrence","Mcconnells Mill State Park","","","","","117356","1","","","","Public - State Park","","Clinometer/laser rangefinder/sine","11.8'","142''","","","Anthony Kelly","2006-01-07","","N"
"Tuliptree","Liriodendron tulipifera","Pennsylvania","Lawrence","Mcconnells Mill State Park","","","","","117377","1","","","","Public - State Park","7.9'","Clinometer/laser rangefinder/sine","11.5'","138''","","","Anthony Kelly","2006-01-07","","N"
"Tuliptree","Liriodendron tulipifera","Pennsylvania","Lawrence","Mcconnells Mill State Park","","","","","117378","1","","","","Public - State Park","91.4'","Clinometer/laser rangefinder/sine","11.3'","136''","","","Anthony Kelly","2006-01-07","","N"
"Tuliptree","Liriodendron tulipifera","Pennsylvania","Lawrence","Mcconnells Mill State Park","","","","","117376","1","","","","Public - State Park","99.7'","Clinometer/laser rangefinder/sine","11.1'","133''","","","Anthony Kelly","2006-01-07","","N"
"Tuliptree","Liriodendron tulipifera","Pennsylvania","Lawrence","Mcconnells Mill State Park","","","","","117404","1","","","","Public - State Park","104.0'","Clinometer/laser rangefinder/sine","9.8'","118''","","","Anthony Kelly","2006-01-07","","N"
"Tuliptree","Liriodendron tulipifera","Pennsylvania","Lawrence","Mcconnells Mill State Park","","","","","117375","1","","","","Public - State Park","108.5'","Clinometer/laser rangefinder/sine","9.5'","114''","","Snag","Anthony Kelly","2006-01-07","","N"
"Tuliptree","Liriodendron tulipifera","Pennsylvania","Lawrence","Mcconnells Mill State Park","","","","","117374","1","","","","Public - State Park","113.3'","Clinometer/laser rangefinder/sine","9.4'","113''","","","Anthony Kelly","2006-01-07","","N"
"Tuliptree","Liriodendron tulipifera","Pennsylvania","Lawrence","Mcconnells Mill State Park","","","","","117405","1","","","","Public - State Park","120.7'","Clinometer/laser rangefinder/sine","12.7'","152''","","","Anthony Kelly","2006-01-07","","N"
"Tuliptree","Liriodendron tulipifera","Pennsylvania","Lawrence","Mcconnells Mill State Park","","","","","117373","1","","","","Public - State Park","121.7'","Clinometer/laser rangefinder/sine","10.0'","120''","","","Anthony Kelly","2006-01-07","","N"
"Tuliptree","Liriodendron tulipifera","Pennsylvania","Lawrence","Mcconnells Mill State Park","","","","","117372","1","","","","Public - State Park","122.6'","Clinometer/laser rangefinder/sine","","","","","Anthony Kelly","2006-01-07","","N"
"Tuliptree","Liriodendron tulipifera","Pennsylvania","Lawrence","Mcconnells Mill State Park","","","","","117371","1","","","","Public - State Park","125.1'","Clinometer/laser rangefinder/sine","","","","","Anthony Kelly","2006-01-07","","N"
"Tuliptree","Liriodendron tulipifera","Pennsylvania","Lawrence","Mcconnells Mill State Park","","","","","117370","1","","","","Public - State Park","125.5'","Clinometer/laser rangefinder/sine","9.7'","116''","","","Anthony Kelly","2006-01-07","","N"
"Tuliptree","Liriodendron tulipifera","Pennsylvania","Lawrence","Mcconnells Mill State Park","","","","","117380","1","","","","Public - State Park","126.6'","Clinometer/laser rangefinder/sine","11.7'","140''","","","Anthony Kelly","2006-01-07","","N"
"Tuliptree","Liriodendron tulipifera","Pennsylvania","Lawrence","Mcconnells Mill State Park","","","","","117369","1","","","","Public - State Park","127.5'","Clinometer/laser rangefinder/sine","6.8'","81''","","","Anthony Kelly","2006-01-07","","N"
"Tuliptree","Liriodendron tulipifera","Pennsylvania","Lawrence","Mcconnells Mill State Park","","","","","117430","1","","","","Public - State Park","129.1'","Clinometer/laser rangefinder/sine","10.0'","120''","","Tree along Kildoo Trail-North side
Height is Not Less Than (NLT)","Anthony Kelly","2006-01-07","","N"
"Tuliptree","Liriodendron tulipifera","Pennsylvania","Lawrence","Mcconnells Mill State Park","","","","","117368","1","","","","Public - State Park","129.6'","Clinometer/laser rangefinder/sine","9.7'","116''","","","Anthony Kelly","2006-01-07","","N"
"Tuliptree","Liriodendron tulipifera","Pennsylvania","Lawrence","Mcconnells Mill State Park","","","","","117431","1","","","","Public - State Park","130.0'","Clinometer/laser rangefinder/sine","","","","Tree is near road below the mill.","Anthony Kelly","2006-01-07","","N"
"Tuliptree","Liriodendron tulipifera","Pennsylvania","Lawrence","Mcconnells Mill State Park","","","","","117381","1","","","","Public - State Park","130.7'","Clinometer/laser rangefinder/sine","11.3'","135''","","deeply furrowed bark.","Anthony Kelly","2006-01-07","","N"
"Tuliptree","Liriodendron tulipifera","Pennsylvania","Lawrence","Mcconnells Mill State Park","","","","","117386","1","","","","Public - State Park","130.7'","Clinometer/laser rangefinder/sine","11.3'","136''","","","Anthony Kelly","2006-01-07","","N"
"Tuliptree","Liriodendron tulipifera","Pennsylvania","Lawrence","Mcconnells Mill State Park","","","","","117367","1","","","","Public - State Park","130.9'","Clinometer/laser rangefinder/sine","10.8'","130''","","","Anthony Kelly","2006-01-07","","N"
"Tuliptree","Liriodendron tulipifera","Pennsylvania","Lawrence","Mcconnells Mill State Park","","","","","117406","1","","","","Public - State Park","133.3'","Clinometer/laser rangefinder/sine","","","","","Anthony Kelly","2006-01-07","","N"
"Tuliptree","Liriodendron tulipifera","Pennsylvania","Lawrence","Mcconnells Mill State Park","","","","","117366","1","","","","Public - State Park","133.9'","Clinometer/laser rangefinder/sine","9.7'","116''","","","Anthony Kelly","2006-01-07","","N"
"Tuliptree","Liriodendron tulipifera","Pennsylvania","Lawrence","Mcconnells Mill State Park","","","","","117407","1","","","","Public - State Park","136.0'","Clinometer/laser rangefinder/sine","","","","","Anthony Kelly","2006-01-07","","N"
"Tuliptree","Liriodendron tulipifera","Pennsylvania","Lawrence","Mcconnells Mill State Park","","","","","117408","1","","","","Public - State Park","136.4'","Clinometer/laser rangefinder/sine","11.5'","138''","","","Anthony Kelly","2006-01-07","","N"
"Tuliptree","Liriodendron tulipifera","Pennsylvania","Lawrence","Mcconnells Mill State Park","","","","","117365","1","","","","Public - State Park","137.8'","Clinometer/laser rangefinder/sine","","","","","Anthony Kelly","2006-01-07","","N"
"Tuliptree","Liriodendron tulipifera","Pennsylvania","Lawrence","Mcconnells Mill State Park","","","","","117364","1","","","","Public - State Park","138.6'","Clinometer/laser rangefinder/sine","6.3'","75''","","","Anthony Kelly","2006-01-07","","N"
"Tuliptree","Liriodendron tulipifera","Pennsylvania","Lawrence","Mcconnells Mill State Park","","","","","117409","1","","","","Public - State Park","140.5'","Clinometer/laser rangefinder/sine","","","","","Anthony Kelly","2006-01-07","","N"
"Tuliptree","Liriodendron tulipifera","Pennsylvania","Lawrence","Mcconnells Mill State Park","","","","","117410","1","","","","Public - State Park","141.6'","Clinometer/laser rangefinder/sine","","","","","Anthony Kelly","2006-01-07","","N"
"Tuliptree","Liriodendron tulipifera","Pennsylvania","Lawrence","Mcconnells Mill State Park","","","","","117449","1","","","","Public - State Park","146.8'","Clinometer/laser rangefinder/sine","10.8'","130''","","This is a remeasurement of a tree from a 2006 visit","Anthony Kelly","2007-04-01","","N"
"Tuliptree","Liriodendron tulipifera","Pennsylvania","Lawrence","Mcconnells Mill State Park","","","","","117363","1","","","","Public - State Park","148.3'","Clinometer/laser rangefinder/sine","10.9'","131''","","Also had height measurement to 146.1'","Anthony Kelly","2006-01-07","","N"
"Tuliptree","Liriodendron tulipifera","Pennsylvania","Lehigh","Pool Wildlife Sanctuary","","","77 acre preserve","","149590","1","","","","Private","115.3'","Clinometer/laser rangefinder/sine","","","","","George Fieo","2009-01-22","http%3A%2F%2Fwww.nativetreesociety.org%2Ffieldtrips%2Fpenna%2Fpool_wildlife_sanctuary.htm","N"
"Tuliptree","Liriodendron tulipifera","Pennsylvania","Lehigh","Pool Wildlife Sanctuary","","","77 acre preserve","","149589","1","","","","Private","125.6'","Clinometer/laser rangefinder/sine","8.2'","99''","","","George Fieo","2009-01-22","http%3A%2F%2Fwww.nativetreesociety.org%2Ffieldtrips%2Fpenna%2Fpool_wildlife_sanctuary.htm","N"
"Tuliptree","Liriodendron tulipifera","Pennsylvania","Luzerne","Glens Natural Area","","","","","168183","1","","","","Public - State Park","","","13.2'","158''","","","T. C. Mazar","2013-12-06","","N"
"Tuliptree","Liriodendron tulipifera","Pennsylvania","Luzerne","Glens Natural Area","","","","","168169","1","","","","Public - State Park","121.7'","Clinometer/laser rangefinder/sine","10.3'","124''","","","Dale Luthringer","2004-09-15","","N"
"Tuliptree","Liriodendron tulipifera","Pennsylvania","Luzerne","Glens Natural Area","","","","","168170","1","","","","Public - State Park","122.0'","Clinometer/laser rangefinder/sine","8.5'","102''","","","Dale Luthringer","2004-09-15","","N"
"Tuliptree","Liriodendron tulipifera","Pennsylvania","Luzerne","Glens Natural Area","","","","","128994","1","","","","Public - State Park","125.2'","Clinometer/laser rangefinder/sine","10.2'","122''","","","Dale Luthringer","2003-11-06","","N"
"Tuliptree","Liriodendron tulipifera","Pennsylvania","Luzerne","Glens Natural Area","","","","","128995","1","","","","Public - State Park","129.2'","Clinometer/laser rangefinder/sine","","","","","Dale Luthringer","2003-11-06","","N"
"Tuliptree","Liriodendron tulipifera","Pennsylvania","Luzerne","Glens Natural Area","","","","","128996","1","","","","Public - State Park","129.8'","Clinometer/laser rangefinder/sine","","","","","Dale Luthringer","2003-11-06","","N"
"Tuliptree","Liriodendron tulipifera","Pennsylvania","Luzerne","Glens Natural Area","41 18.690","-076 16.805","","","168171","1","41 18.690","-076 16.805","1600.0 ft","Public - State Park","135.8'","Clinometer/laser rangefinder/sine","11.8'","142''","","","Dale Luthringer","2004-09-15","","N"
"Tuliptree","Liriodendron tulipifera","Pennsylvania","Luzerne","Glens Natural Area","","","","","128997","1","","","","Public - State Park","138.2'","Clinometer/laser rangefinder/sine","8.8'","106''","","","Dale Luthringer","2003-11-06","","N"
"Tuliptree","Liriodendron tulipifera","Pennsylvania","Luzerne","Glens Natural Area","41 18.650","-076 16.815","","","168172","1","41 18.650","-076 16.815","1600.0 ft","Public - State Park","152.9'","Clinometer/laser rangefinder/sine","10.7'","128''","","","Dale Luthringer","2004-09-15","","N"
"Tuliptree","Liriodendron tulipifera","Pennsylvania","Lycoming","Upper Pine Bottom State Park","","","","","109699","1","","","1000.0 ft","Public - state","129.3'","Clinometer/laser rangefinder/sine","","","","","Dale Luthringer","2003-09-10","","N"
"Tuliptree","Liriodendron tulipifera","Pennsylvania","Mckean","Chestnut Ridge","","","","","139441","1","","","","Public - federal","125.1'","Clinometer/laser rangefinder/sine","8.2'","98''","","","Edward Frank, Carl Harting","2006-09-15","","N"
"Tuliptree","Liriodendron tulipifera","Pennsylvania","Mckean","Tionesta Scenic Area","","","","","166974","1","","","","Public - federal","119.0'","Clinometer/laser rangefinder/sine","7.6'","91''","","Height is Not Less Than (NLT)","Dale Luthringer","2002-10-30","","N"
"Tuliptree","Liriodendron tulipifera","Pennsylvania","Monroe","Appalachian Trail At Delaware Water Gap NRA","","","","","129374","1","","","","Public - National Recreation Area","115.2'","Clinometer/laser rangefinder/sine","8.2'","99''","","","Ed Coyle","2004-12-31","http%3A%2F%2Fwww.nativetreesociety.org%2Ffieldtrips%2Fpenna%2Fhemlocks_natural_area2.htm","N"
"Tuliptree","Liriodendron tulipifera","Pennsylvania","Monroe","Flood Plain - Along Delaware River","","","","","129393","1","","","","Public - National Recreation Area","120.8'","Clinometer/laser rangefinder/sine","8.3'","100''","","","Dale Luthringer","2005-04-29","http%3A%2F%2Fwww.nativetreesociety.org%2Ffieldtrips%2Fpenna%2Fdelaware_water_gap.htm","N"
"Tuliptree","Liriodendron tulipifera","Pennsylvania","Monroe","Flood Plain - Along Delaware River","","","","","129394","1","","","","Public - National Recreation Area","125.1'","Clinometer/laser rangefinder/sine","","","","","Dale Luthringer","2005-04-29","http%3A%2F%2Fwww.nativetreesociety.org%2Ffieldtrips%2Fpenna%2Fdelaware_water_gap.htm","N"
"Tuliptree","Liriodendron tulipifera","Pennsylvania","Monroe","Flood Plain - Along Delaware River","","","","","129395","1","","","","Public - National Recreation Area","132.7'","Clinometer/laser rangefinder/sine","","","","","Dale Luthringer","2005-04-29","http%3A%2F%2Fwww.nativetreesociety.org%2Ffieldtrips%2Fpenna%2Fdelaware_water_gap.htm","N"
"Tuliptree","Liriodendron tulipifera","Pennsylvania","Monroe","Flood Plain - Along Delaware River","","","","","129396","1","","","","Public - National Recreation Area","138.4'","Clinometer/laser rangefinder/sine","","","","","Dale Luthringer","2005-04-29","http%3A%2F%2Fwww.nativetreesociety.org%2Ffieldtrips%2Fpenna%2Fdelaware_water_gap.htm","N"
"Tuliptree","Liriodendron tulipifera","Pennsylvania","Monroe","Headwaters Of Caledonia Creek","","","","","129327","1","","","","Public - National recreation Area","","","","","10.0'","","Dale Luthringer","2007-04-27","","N"
"Tuliptree","Liriodendron tulipifera","Pennsylvania","Monroe","Headwaters Of Caledonia Creek","","","","","129328","1","","","","Public - National recreation Area","10.9'","","","","","","Dale Luthringer","2007-04-27","","N"
"Tuliptree","Liriodendron tulipifera","Pennsylvania","Montgomery","John James Audobon Center At Mill Grove","40 07.398","-075 26.273","130 Acres with nine miles of trails.
Trees were also measured on 12/14/2008.","","134281","1","40 07.398","-075 26.273","200.0 ft","Private","119.5'","Clinometer/laser rangefinder/sine","7.0'","84''","","","George Fieo","2008-12-05","http%3A%2F%2Fwww.nativetreesociety.org%2Ffieldtrips%2Fpenna%2Fpa_audubon_wildlife_sanctuary.htm","N"
"Tuliptree","Liriodendron tulipifera","Pennsylvania","Montgomery","John James Audobon Center At Mill Grove","","","130 Acres with nine miles of trails.
Trees were also measured on 12/14/2008.","","134296","1","","","","Private","124.2'","Clinometer/laser rangefinder/sine","4.8'","58''","","","George Fieo","2008-12-05","http%3A%2F%2Fwww.nativetreesociety.org%2Ffieldtrips%2Fpenna%2Fpa_audubon_wildlife_sanctuary.htm","N"
"Tuliptree","Liriodendron tulipifera","Pennsylvania","Montgomery","Middleton Estate","","","Two trees were measured 12/9/2008.
Also see: 
http://www.nativetreesociety.org/fieldtrips/penna/gladwyne_pa.htm","","134321","1","","","","Private","116.0'","Clinometer/laser rangefinder/sine","","","","","Mike Dunn","2008-11-22","http%3A%2F%2Fwww.nativetreesociety.org%2Ffieldtrips%2Fpenna%2Ftowering_tulips_middleton_estate.htm","N"
"Tuliptree","Liriodendron tulipifera","Pennsylvania","Montgomery","Middleton Estate","","","Two trees were measured 12/9/2008.
Also see: 
http://www.nativetreesociety.org/fieldtrips/penna/gladwyne_pa.htm","","134320","1","","","","Private","124.0'","Clinometer/laser rangefinder/sine","","","","","Mike Dunn","2008-11-22","http%3A%2F%2Fwww.nativetreesociety.org%2Ffieldtrips%2Fpenna%2Ftowering_tulips_middleton_estate.htm","N"
"Tuliptree","Liriodendron tulipifera","Pennsylvania","Montgomery","Middleton Estate","","","Two trees were measured 12/9/2008.
Also see: 
http://www.nativetreesociety.org/fieldtrips/penna/gladwyne_pa.htm","","134328","1","","","","Private","126.9'","Clinometer/laser rangefinder/sine","","","","","Mike Dunn","2008-11-22","http%3A%2F%2Fwww.nativetreesociety.org%2Ffieldtrips%2Fpenna%2Ftowering_tulips_middleton_estate.htm","N"
"Tuliptree","Liriodendron tulipifera","Pennsylvania","Montgomery","Middleton Estate","","","Two trees were measured 12/9/2008.
Also see: 
http://www.nativetreesociety.org/fieldtrips/penna/gladwyne_pa.htm","","134319","1","","","","Private","127.6'","Clinometer/laser rangefinder/sine","","","","","Mike Dunn","2008-11-22","http%3A%2F%2Fwww.nativetreesociety.org%2Ffieldtrips%2Fpenna%2Ftowering_tulips_middleton_estate.htm","N"
"Tuliptree","Liriodendron tulipifera","Pennsylvania","Montgomery","Middleton Estate","","","Two trees were measured 12/9/2008.
Also see: 
http://www.nativetreesociety.org/fieldtrips/penna/gladwyne_pa.htm","","134318","1","","","","Private","128.9'","Clinometer/laser rangefinder/sine","","","","","Mike Dunn","2008-11-22","http%3A%2F%2Fwww.nativetreesociety.org%2Ffieldtrips%2Fpenna%2Ftowering_tulips_middleton_estate.htm","N"
"Tuliptree","Liriodendron tulipifera","Pennsylvania","Montgomery","Middleton Estate","","","Two trees were measured 12/9/2008.
Also see: 
http://www.nativetreesociety.org/fieldtrips/penna/gladwyne_pa.htm","","134327","1","","","","Private","130.2'","Clinometer/laser rangefinder/sine","11.1'","133''","","","Mike Dunn","2008-11-22","http%3A%2F%2Fwww.nativetreesociety.org%2Ffieldtrips%2Fpenna%2Ftowering_tulips_middleton_estate.htm","N"
"Tuliptree","Liriodendron tulipifera","Pennsylvania","Montgomery","Middleton Estate","","","Two trees were measured 12/9/2008.
Also see: 
http://www.nativetreesociety.org/fieldtrips/penna/gladwyne_pa.htm","","134317","1","","","","Private","138.1'","Clinometer/laser rangefinder/sine","","","","","Mike Dunn","2008-11-22","http%3A%2F%2Fwww.nativetreesociety.org%2Ffieldtrips%2Fpenna%2Ftowering_tulips_middleton_estate.htm","N"
"Tuliptree","Liriodendron tulipifera","Pennsylvania","Montgomery","Mont Clare Cliffs And  Schuykill River Corridor","40 10.181","-075 31.691","","","139757","1","40 10.181","-075 31.691","","Private","","Clinometer/laser rangefinder/sine","17.8'","213''","","","George Fieo","2008-11-09","http%3A%2F%2Fwww.nativetreesociety.org%2Ffieldtrips%2Fpenna%2F20090525-montclare%2F20090525-montclare.htm","N"
"Tuliptree","Liriodendron tulipifera","Pennsylvania","Montgomery","Mont Clare Cliffs And  Schuykill River Corridor","","","","","166564","1","","","","Private","112.9'","Clinometer/laser rangefinder/sine","11.3'","136''","","","George Fieo","2009-05-25","http%3A%2F%2Fwww.nativetreesociety.org%2Ffieldtrips%2Fpenna%2F20090525-montclare%2F20090525-montclare.htm","N"
"Tuliptree","Liriodendron tulipifera","Pennsylvania","Montgomery","Mont Clare Cliffs And  Schuykill River Corridor","","","","","166565","1","","","","Private","126.5'","Clinometer/laser rangefinder/sine","7.9'","95''","","","George Fieo","2009-05-25","http%3A%2F%2Fwww.nativetreesociety.org%2Ffieldtrips%2Fpenna%2F20090525-montclare%2F20090525-montclare.htm","N"
"Tuliptree","Liriodendron tulipifera","Pennsylvania","Northampton","Henry's Wood - Jacobsburg State Park","","","Some measurements by D. Luthringer 3/31/2010
Also see:
http://www.ents-bbs.org/viewtopic.php?f=151&t=541","","222244","1","","","","Public - state","123.9'","Clinometer/laser rangefinder/sine","8.3'","99''","","","George Fieo, Dale Luthringer","2009-11-11","http%3A%2F%2Fgroups.google.com%2Fgroup%2Fentstrees%2Fbrowse_thread%2Fthread%2F18db47149de48864%3Fhl%3Den","N"
"Tuliptree","Liriodendron tulipifera","Pennsylvania","Northampton","Henry's Wood - Jacobsburg State Park","","","Some measurements by D. Luthringer 3/31/2010
Also see:
http://www.ents-bbs.org/viewtopic.php?f=151&t=541","","222245","1","","","","Public - state","125.4'","Clinometer/laser rangefinder/sine","7.5'","90''","","","George Fieo, Dale Luthringer","2009-11-11","http%3A%2F%2Fgroups.google.com%2Fgroup%2Fentstrees%2Fbrowse_thread%2Fthread%2F18db47149de48864%3Fhl%3Den","N"
"Tuliptree","Liriodendron tulipifera","Pennsylvania","Northampton","Henry's Wood - Jacobsburg State Park","","","Some measurements by D. Luthringer 3/31/2010
Also see:
http://www.ents-bbs.org/viewtopic.php?f=151&t=541","","222246","1","","","","Public - state","128.8'","Clinometer/laser rangefinder/sine","8.3'","100''","","","George Fieo, Dale Luthringer","2009-11-11","http%3A%2F%2Fgroups.google.com%2Fgroup%2Fentstrees%2Fbrowse_thread%2Fthread%2F18db47149de48864%3Fhl%3Den","N"
"Tuliptree","Liriodendron tulipifera","Pennsylvania","Northampton","Henry's Wood - Jacobsburg State Park","","","Some measurements by D. Luthringer 3/31/2010
Also see:
http://www.ents-bbs.org/viewtopic.php?f=151&t=541","","222247","1","","","","Public - state","132.4'","Clinometer/laser rangefinder/sine","12.8'","154''","","","George Fieo, Dale Luthringer","2009-11-11","http%3A%2F%2Fgroups.google.com%2Fgroup%2Fentstrees%2Fbrowse_thread%2Fthread%2F18db47149de48864%3Fhl%3Den","N"
"Tuliptree","Liriodendron tulipifera","Pennsylvania","Northampton","Henry's Wood - Jacobsburg State Park","","","Some measurements by D. Luthringer 3/31/2010
Also see:
http://www.ents-bbs.org/viewtopic.php?f=151&t=541","","222248","1","","","","Public - state","136.0'","Clinometer/laser rangefinder/sine","9.4'","113''","","","George Fieo, Dale Luthringer","2009-11-11","http%3A%2F%2Fgroups.google.com%2Fgroup%2Fentstrees%2Fbrowse_thread%2Fthread%2F18db47149de48864%3Fhl%3Den","N"
"Tuliptree","Liriodendron tulipifera","Pennsylvania","Northampton","Henry's Wood - Jacobsburg State Park","","","Some measurements by D. Luthringer 3/31/2010
Also see:
http://www.ents-bbs.org/viewtopic.php?f=151&t=541","","222249","1","","","","Public - state","139.5'","Clinometer/laser rangefinder/sine","10.8'","129''","","","George Fieo, Dale Luthringer","2009-11-11","http%3A%2F%2Fgroups.google.com%2Fgroup%2Fentstrees%2Fbrowse_thread%2Fthread%2F18db47149de48864%3Fhl%3Den","N"
"Tuliptree","Liriodendron tulipifera","Pennsylvania","Perry","Hemlocks Natural Area","","","","","129467","1","","","","Public - State Forest","116.8'","Clinometer/laser rangefinder/sine","","","","","Dale Luthringer","2004-12-28","http%3A%2F%2Fwww.nativetreesociety.org%2Ffieldtrips%2Fpenna%2Fhemlocks_natural_area2.htm","N"
"Tuliptree","Liriodendron tulipifera","Pennsylvania","Perry","Hemlocks Natural Area","","","","","129468","1","","","","Public - State Forest","118.1'","Clinometer/laser rangefinder/sine","","","","","Dale Luthringer","2004-12-28","http%3A%2F%2Fwww.nativetreesociety.org%2Ffieldtrips%2Fpenna%2Fhemlocks_natural_area2.htm","N"
"Tuliptree","Liriodendron tulipifera","Pennsylvania","Perry","Hemlocks Natural Area","","","","","129469","1","","","","Public - State Forest","126.1'","Clinometer/laser rangefinder/sine","","","","","Dale Luthringer","2004-12-28","http%3A%2F%2Fwww.nativetreesociety.org%2Ffieldtrips%2Fpenna%2Fhemlocks_natural_area2.htm","N"
"Tuliptree","Liriodendron tulipifera","Pennsylvania","Perry","Hemlocks Natural Area","","","","","129470","1","","","","Public - State Forest","127.5'","Clinometer/laser rangefinder/sine","","","","","Dale Luthringer","2004-12-28","http%3A%2F%2Fwww.nativetreesociety.org%2Ffieldtrips%2Fpenna%2Fhemlocks_natural_area2.htm","N"
"Tuliptree","Liriodendron tulipifera","Pennsylvania","Perry","Hemlocks Natural Area","","","","","129471","1","","","","Public - State Forest","137.2'","Clinometer/laser rangefinder/sine","","","","","Dale Luthringer","2004-12-28","http%3A%2F%2Fwww.nativetreesociety.org%2Ffieldtrips%2Fpenna%2Fhemlocks_natural_area2.htm","N"
"Tuliptree","Liriodendron tulipifera","Pennsylvania","Perry","Hemlocks Natural Area","","","","","129472","1","","","","Public - State Forest","138.0'","Clinometer/laser rangefinder/sine","","","","","Dale Luthringer","2004-12-28","http%3A%2F%2Fwww.nativetreesociety.org%2Ffieldtrips%2Fpenna%2Fhemlocks_natural_area2.htm","N"
"Tuliptree","Liriodendron tulipifera","Pennsylvania","Philadelphia","Pennypack Park","","","","","143095","1","","","","City","128.8'","Clinometer/laser rangefinder/sine","19.8'","238''","","Tree has a flared, hollow trunk.","George Fieo","2009-12-28","","N"
"Tuliptree","Liriodendron tulipifera","Pennsylvania","Philadelphia","Pennypack Park","","","Park stretches nine miles along Pennypack Creek.","","166988","1","","","","Public - City","130.8'","Clinometer/laser rangefinder/sine","13.1'","157''","","","Scott Wade, Meg Varney, Bill Sweeney","2007-03-22","http%3A%2F%2Fwww.nativetreesociety.org%2Ffieldtrips%2Fpenna%2Florimer_park.htm","N"
"Tuliptree","Liriodendron tulipifera","Pennsylvania","Philadelphia","Pennypack Park","","","Park stretches nine miles along Pennypack Creek.","","166986","1","","","","Public - City","132.0'","Clinometer/laser rangefinder/sine","12.0'","144''","","","Scott Wade, Meg Varney, Bill Sweeney","2007-03-22","http%3A%2F%2Fwww.nativetreesociety.org%2Ffieldtrips%2Fpenna%2Florimer_park.htm","N"
"Tuliptree","Liriodendron tulipifera","Pennsylvania","Philadelphia","Pennypack Park","","","","","143096","1","","","","City","143.5'","Clinometer/laser rangefinder/sine","17.6'","211''","","","George Fieo","2009-12-28","","N"
"Tuliptree","Liriodendron tulipifera","Pennsylvania","Philadelphia","Pennypack Park","","","Park stretches nine miles along Pennypack Creek.","","166989","1","","","","Public - City","144.6'","Clinometer/laser rangefinder/sine","17.3'","208''","","","Scott Wade, Meg Varney, Bill Sweeney","2007-03-22","http%3A%2F%2Fwww.nativetreesociety.org%2Ffieldtrips%2Fpenna%2Florimer_park.htm","N"
"Tuliptree","Liriodendron tulipifera","Pennsylvania","Philadelphia","Pennypack Park","","","","","143097","1","","","","City","150.4'","Clinometer/laser rangefinder/sine","8.8'","106''","","","George Fieo","2009-12-28","","N"
"Tuliptree","Liriodendron tulipifera","Pennsylvania","Philadelphia","Pennypack Park","","","","","143098","1","","","","City","150.6'","Clinometer/laser rangefinder/sine","12.0'","144''","","","George Fieo","2009-12-28","","N"
"Tuliptree","Liriodendron tulipifera","Pennsylvania","Philadelphia","Pennypack Park","","","","","143099","1","","","","City","150.9'","Clinometer/laser rangefinder/sine","8.8'","105''","","","George Fieo","2009-12-28","","N"
"Tuliptree","Liriodendron tulipifera","Pennsylvania","Philadelphia","Pennypack Park","","","","","143100","1","","","","City","151.0'","Clinometer/laser rangefinder/sine","8.3'","100''","","","George Fieo","2009-12-28","","N"
"Tuliptree","Liriodendron tulipifera","Pennsylvania","Philadelphia","Pennypack Park","","","","","143101","1","","","","City","154.9'","Clinometer/laser rangefinder/sine","8.7'","104''","","","George Fieo","2009-12-28","","N"
"Tuliptree","Liriodendron tulipifera","Pennsylvania","Philadelphia","Wissahickon Valley Park","","","","","214159","1","","","150.0 ft","Public - city","123.8'","Clinometer/laser rangefinder/sine","14.7'","176''","","","John Eichholz","2005-04-20","","N"
"Tuliptree","Liriodendron tulipifera","Pennsylvania","Philadelphia","Wissahickon Valley Park","","","","","214150","1","","","150.0 ft","Public - city","124.0'","Clinometer/laser rangefinder/sine","","","","","John Eichholz","2005-04-20","","N"
"Tuliptree","Liriodendron tulipifera","Pennsylvania","Philadelphia","Wissahickon Valley Park","","","","","173555","1","","","150.0 ft","Public - city","128.8'","Clinometer/laser rangefinder/sine","8.5'","102''","","","Will Blozan, Ben Blozan","2003-10-04","","N"
"Tuliptree","Liriodendron tulipifera","Pennsylvania","Philadelphia","Wissahickon Valley Park","","","","","173554","1","","","150.0 ft","Public - city","129.9'","Clinometer/laser rangefinder/sine","10.4'","125''","","","Will Blozan, Ben Blozan","2003-10-04","","N"
"Tuliptree","Liriodendron tulipifera","Pennsylvania","Philadelphia","Wissahickon Valley Park","","","","","173553","1","","","150.0 ft","Public - city","130.7'","Clinometer/laser rangefinder/sine","11.0'","132''","","","Will Blozan, Ben Blozan","2003-10-04","","N"
"Tuliptree","Liriodendron tulipifera","Pennsylvania","Philadelphia","Wissahickon Valley Park","","","","","173552","1","","","150.0 ft","Public - city","132.3'","Clinometer/laser rangefinder/sine","10.6'","127''","","","Will Blozan, Ben Blozan","2003-10-04","","N"
"Tuliptree","Liriodendron tulipifera","Pennsylvania","Philadelphia","Wissahickon Valley Park","","","","","173551","1","","","150.0 ft","Public - city","133.4'","Clinometer/laser rangefinder/sine","12.2'","146''","","","Will Blozan, Ben Blozan","2003-10-04","","N"
"Tuliptree","Liriodendron tulipifera","Pennsylvania","Philadelphia","Wissahickon Valley Park","","","","","214158","1","","","150.0 ft","Public - city","134.0'","Clinometer/laser rangefinder/sine","","","","","John Eichholz","2005-04-20","","N"
"Tuliptree","Liriodendron tulipifera","Pennsylvania","Philadelphia","Wissahickon Valley Park","","","","","173550","1","","","150.0 ft","Public - city","135.5'","Clinometer/laser rangefinder/sine","10.3'","124''","","","Will Blozan, Ben Blozan","2003-10-04","","N"
"Tuliptree","Liriodendron tulipifera","Pennsylvania","Philadelphia","Wissahickon Valley Park","","","","","173549","1","","","150.0 ft","Public - city","137.6'","Clinometer/laser rangefinder/sine","8.8'","106''","","","Will Blozan, Ben Blozan","2003-10-04","","N"
"Tuliptree","Liriodendron tulipifera","Pennsylvania","Philadelphia","Wissahickon Valley Park","","","","","214149","1","","","150.0 ft","Public - city","137.8'","Clinometer/laser rangefinder/sine","","","","","John Eichholz","2005-04-20","","N"
"Tuliptree","Liriodendron tulipifera","Pennsylvania","Philadelphia","Wissahickon Valley Park","","","","","173548","1","","","150.0 ft","Public - city","140.3'","Clinometer/laser rangefinder/sine","8.6'","103''","","","Will Blozan, Ben Blozan","2003-10-04","","N"
"Tuliptree","Liriodendron tulipifera","Pennsylvania","Philadelphia","Wissahickon Valley Park","","","","","214148","1","","","150.0 ft","Public - city","140.3'","Clinometer/laser rangefinder/sine","","","","","John Eichholz","2005-04-20","","N"
"Tuliptree","Liriodendron tulipifera","Pennsylvania","Philadelphia","Wissahickon Valley Park","40 04.470","-075 13.170","","","173708","1","40 04.470","-075 13.170","","Public - city","141.8'","Clinometer/laser rangefinder/sine","17.1'","205''","","Ivy on trunk.","George Fieo","2011-11-15","","N"
"Tuliptree","Liriodendron tulipifera","Pennsylvania","Philadelphia","Wissahickon Valley Park","","","","","173547","1","","","150.0 ft","Public - city","142.4'","Clinometer/laser rangefinder/sine","13.9'","167''","","","Will Blozan, Ben Blozan","2003-10-04","","N"
"Tuliptree","Liriodendron tulipifera","Pennsylvania","Philadelphia","Wissahickon Valley Park","","","","","214155","1","","","150.0 ft","Public - city","143.0'","Clinometer/laser rangefinder/sine","","","","","John Eichholz","2005-04-20","","N"
"Tuliptree","Liriodendron tulipifera","Pennsylvania","Philadelphia","Wissahickon Valley Park","","","","","173546","1","","","150.0 ft","Public - city","143.2'","Clinometer/laser rangefinder/sine","10.3'","123''","","","Will Blozan, Ben Blozan","2003-10-04","","N"
"Tuliptree","Liriodendron tulipifera","Pennsylvania","Philadelphia","Wissahickon Valley Park","","","","","214157","1","","","150.0 ft","Public - city","143.4'","Clinometer/laser rangefinder/sine","","","","","John Eichholz","2005-04-20","","N"
"Tuliptree","Liriodendron tulipifera","Pennsylvania","Philadelphia","Wissahickon Valley Park","","","","","214147","1","","","150.0 ft","Public - city","143.6'","Clinometer/laser rangefinder/sine","","","","","John Eichholz","2005-04-20","","N"
"Tuliptree","Liriodendron tulipifera","Pennsylvania","Philadelphia","Wissahickon Valley Park","","","","","173545","1","","","150.0 ft","Public - city","146.3'","Clinometer/laser rangefinder/sine","10.2'","122''","","","Will Blozan, Ben Blozan","2003-10-04","","N"
"Tuliptree","Liriodendron tulipifera","Pennsylvania","Philadelphia","Wissahickon Valley Park","40 04.501","-075 13.113","","","173709","1","40 04.501","-075 13.113","","Public - city","146.4'","Clinometer/laser rangefinder/sine","17.1'","205''","","","George Fieo","2011-11-15","","N"
"Tuliptree","Liriodendron tulipifera","Pennsylvania","Philadelphia","Wissahickon Valley Park","","","","","214156","1","","","150.0 ft","Public - city","146.6'","Clinometer/laser rangefinder/sine","9.4'","113''","","","John Eichholz","2005-04-20","","N"
"Tuliptree","Liriodendron tulipifera","Pennsylvania","Philadelphia","Wissahickon Valley Park","","","","","173544","1","","","150.0 ft","Public - city","148.0'","Clinometer/laser rangefinder/sine","9.9'","119''","","","Will Blozan, Ben Blozan","2003-10-04","","N"
"Tuliptree","Liriodendron tulipifera","Pennsylvania","Philadelphia","Wissahickon Valley Park","40 04.489","-075 13.119","","","173710","1","40 04.489","-075 13.119","","Public - city","148.0'","Clinometer/laser rangefinder/sine","17.0'","204''","","","George Fieo","2011-11-15","","N"
"Tuliptree","Liriodendron tulipifera","Pennsylvania","Philadelphia","Wissahickon Valley Park","","","","","214152","1","","","150.0 ft","Public - city","148.1'","Clinometer/laser rangefinder/sine","13.5'","162''","","","John Eichholz","2005-04-20","","N"
"Tuliptree","Liriodendron tulipifera","Pennsylvania","Philadelphia","Wissahickon Valley Park","40 04.471","-075 13.219","","","173711","1","40 04.471","-075 13.219","","Public - city","150.5'","Clinometer/laser rangefinder/sine","14.1'","169''","","","George Fieo","2011-11-15","","N"
"Tuliptree","Liriodendron tulipifera","Pennsylvania","Philadelphia","Wissahickon Valley Park","40 03.584","-075 13.007","","","173712","1","40 03.584","-075 13.007","","Public - city","150.5'","Clinometer/laser rangefinder/sine","12.8'","153''","","","George Fieo","2011-11-15","","N"
"Tuliptree","Liriodendron tulipifera","Pennsylvania","Philadelphia","Wissahickon Valley Park","","","","","214154","1","","","150.0 ft","Public - city","150.5'","Clinometer/laser rangefinder/sine","14.3'","172''","","","John Eichholz","2005-04-20","","N"
"Tuliptree","Liriodendron tulipifera","Pennsylvania","Philadelphia","Wissahickon Valley Park","40 01.497","-075 11.882","","","173714","1","40 01.497","-075 11.882","","Public - city","150.7'","Clinometer/laser rangefinder/sine","15.1'","181''","","","George Fieo","2011-11-15","","N"
"Tuliptree","Liriodendron tulipifera","Pennsylvania","Philadelphia","Wissahickon Valley Park","","","","","214153","1","","","150.0 ft","Public - city","150.7'","Clinometer/laser rangefinder/sine","8.3'","100''","","","John Eichholz","2005-04-20","","N"
"Tuliptree","Liriodendron tulipifera","Pennsylvania","Philadelphia","Wissahickon Valley Park","40 04.205","-075 13.287","","","173715","1","40 04.205","-075 13.287","","Public - city","151.0'","Clinometer/laser rangefinder/sine","12.8'","153''","","","George Fieo","2011-11-15","","N"
"Tuliptree","Liriodendron tulipifera","Pennsylvania","Philadelphia","Wissahickon Valley Park","40 03.089","-075 12.945","","","173543","1","40 03.089","-075 12.945","150.0 ft","Public - city","153.2'","Clinometer/laser rangefinder/sine","11.3'","136''","","","Will Blozan, Ben Blozan","2003-10-04","","N"
"Tuliptree","Liriodendron tulipifera","Pennsylvania","Philadelphia","Wissahickon Valley Park","40 04.449","-075 13.198","","","173716","1","40 04.449","-075 13.198","","Public - city","153.2'","Clinometer/laser rangefinder/sine","14.8'","177''","","","George Fieo","2011-11-15","","N"
"Tuliptree","Liriodendron tulipifera","Pennsylvania","Philadelphia","Wissahickon Valley Park","40 03.215","-075 12.803","","","173717","1","40 03.215","-075 12.803","","Public - city","153.7'","Clinometer/laser rangefinder/sine","11.9'","143''","","","George Fieo","2011-11-15","","N"
"Tuliptree","Liriodendron tulipifera","Pennsylvania","Philadelphia","Wissahickon Valley Park","","","","","173542","1","","","","Public - city","153.9'","Clinometer/laser rangefinder/sine","11.8'","142''","","","Will Blozan, Ben Blozan","2003-10-04","","N"
"Tuliptree","Liriodendron tulipifera","Pennsylvania","Philadelphia","Wissahickon Valley Park","40 04.087","-075 13.054","","","173718","1","40 04.087","-075 13.054","","Public - city","154.7'","Clinometer/laser rangefinder/sine","9.7'","116''","","","George Fieo","2011-11-15","","N"
"Tuliptree","Liriodendron tulipifera","Pennsylvania","Philadelphia","Wissahickon Valley Park","","","","","214532","1","","","175.0 ft","Public - city","154.7'","Clinometer/laser rangefinder/sine","12.2'","146''","","","Scott Wade","2006-01-11","","N"
"Tuliptree","Liriodendron tulipifera","Pennsylvania","Philadelphia","Wissahickon Valley Park","","","","","173541","1","","","","Public - city","155.1'","Clinometer/laser rangefinder/sine","9.2'","110''","","","Will Blozan, Ben Blozan","2003-10-04","","N"
"Tuliptree","Liriodendron tulipifera","Pennsylvania","Philadelphia","Wissahickon Valley Park","40 02.728","-075 12.755","","","173719","1","40 02.728","-075 12.755","","Public - city","156.3'","Clinometer/laser rangefinder/sine","7.9'","95''","","","George Fieo","2011-11-15","","N"
"Tuliptree","Liriodendron tulipifera","Pennsylvania","Philadelphia","Wissahickon Valley Park","","","","","173540","1","","","150.0 ft","Public - city","158.6'","Clinometer/laser rangefinder/sine","10.9'","131''","","","Will Blozan, Ben Blozan","2003-10-04","","N"
"Tuliptree","Liriodendron tulipifera","Pennsylvania","Philadelphia","Wissahickon Valley Park","40 02.733","-075 12.749","","","173720","1","40 02.733","-075 12.749","","Public - city","160.9'","Clinometer/laser rangefinder/sine","7.8'","93''","","","George Fieo","2011-11-15","","N"
"Tuliptree","Liriodendron tulipifera","Pennsylvania","Philadelphia","Wissahickon Valley Park","40 02.720","-075 12.725","","","173713","3","40 02.720","-075 12.725","","Public - city","161.2'","Clinometer/laser rangefinder/sine","11.1'","133''","","","George Fieo, George Fieo, Eric Danielson","2019-12-02","","N"
"Tuliptree","Liriodendron tulipifera","Pennsylvania","Sullivan","Ricketts Glen State Park","","","Trees measured were probably made throughout the park and represent maximum heights of 50 species.","","222031","1","","","","Public State Park","160.2'","Clinometer/laser rangefinder/sine","10.6'","127''","","","Rick Koval","2013-12-31","http%3A%2F%2Fwww.ents-bbs.org%2Fviewtopic.php%3Ff%3D150%26t%3D6078","N"
"Tuliptree","Liriodendron tulipifera","Pennsylvania","Various Counties","Pennsylvania Single Tree Sites","39 56.147","-075 26.713","","","255983","1","39 56.147","-075 26.713","","Public, Private","","Clinometer/laser rangefinder/sine","22.6'","271''","","Measured by J. Harvey 1/13/2013. Tree is next to Tyler Arboretum 515 Painter Road, Media, Delaware County.","Various Various","2000-01-01","","N"
"Tuliptree","Liriodendron tulipifera","Pennsylvania","Various Counties","Pennsylvania Single Tree Sites","39 53.944","-079 27.496","","","255900","1","39 53.944","-079 27.496","1500.0 ft","Public, Private","111.9'","Clinometer/laser rangefinder/sine","8.5'","102''","","Tree located in Bear Run Nature Preserve owned by the Western Pennsylvania Conservancy. Measured by Dale Luthringer 12/5/2002","Various Various","2000-01-01","","N"
"Tuliptree","Liriodendron tulipifera","Pennsylvania","Various Counties","Pennsylvania Single Tree Sites","40 09.963","-075 39.517","","","255928","1","40 09.963","-075 39.517","300.0 ft","Public, Private","112.6'","Clinometer/laser rangefinder/sine","16.6'","199''","","Measured by S. Wade 6/17/2006. Tree located near Spring City, Chester County. Location was a church summer camp.","Various Various","2000-01-01","","N"
"Tuliptree","Liriodendron tulipifera","Pennsylvania","Various Counties","Pennsylvania Single Tree Sites","40 32.446","-076 58.932","","","255912","1","40 32.446","-076 58.932","360.0 ft","Public, Private","125.6'","Clinometer/laser rangefinder/sine","21.7'","260''","112.0'","Measured by S. Wade 4/23/2007. Located near 32 Ferry lane, Liverpool, Perry County. Tree 100 feet south of campsites.","Various Various","2000-01-01","","N"
"Tuliptree","Liriodendron tulipifera","Pennsylvania","Various Counties","Pennsylvania Single Tree Sites","39 58.610","-075 17.114","","","255941","1","39 58.610","-075 17.114","","Public, Private","128.0'","Clinometer/laser rangefinder/sine","14.6'","175''","","Measured by S. Wade 10/13/2006. Tree locatede on the Grange Estate at 143 Myrtle Drive, Havertown, Delaware County","Various Various","2000-01-01","","N"
"Tuliptree","Liriodendron tulipifera","Pennsylvania","Various Counties","Pennsylvania Single Tree Sites","39 58.470","-075 22.422","","","255948","1","39 58.470","-075 22.422","400.0 ft","Public, Private","131.0'","Clinometer/laser rangefinder/sine","6.3'","76''","","Measured by S. Wade 12/22/2006. Tree located ff of 103 Beechtree Lane  on school property near Bromall, Delaware County.","Various Various","2000-01-01","","N"
"Tuliptree","Liriodendron tulipifera","Pennsylvania","Warren","Buckaloons Recreation Area","","","USFS Campground","","139988","1","","","1150.0 ft","Public -federal","98.0'","Clinometer/laser rangefinder/sine","","","","Tree is a multi-stem","Dale Luthringer, Edward Frank, Carl Harting","2011-04-13","","N"
"Tuliptree","Liriodendron tulipifera","Pennsylvania","Warren","Firth Foundation","","","","","118985","1","","","","Private","114.1'","Clinometer/laser rangefinder/sine","6.3'","76''","","Height is Not Less Than (NLT)","Dale Luthringer","2009-11-20","http%3A%2F%2Fwww.ents-bbs.org%2Fviewtopic.php%3Ff%3D149%26t%3D1158","N"
"Tuliptree","Liriodendron tulipifera","Pennsylvania","Washington","Mingo Creek County Park","40 11.266","-080 02.889","","","18602","1","40 11.266","-080 02.889","","County Government","129.5'","Clinometer/laser rangefinder/sine","7.0'","84''","","","Steve Halow","2011-10-24","","N"
"Tuliptree","Liriodendron tulipifera","Pennsylvania","Westmoreland","Keystone State Park","","","Trees were measured in four different areas of the park from 9/16/2005 to 3/7/2008.","","119201","1","","","","Public - state","130.2'","Clinometer/laser rangefinder/sine","","","","","Dale Luthringer","2008-03-07","","N"
"Tuliptree","Liriodendron tulipifera","Pennsylvania","Westmoreland","Keystone State Park","","","Trees were measured in four different areas of the park from 9/16/2005 to 3/7/2008.","","119202","1","","","","Public - state","131.0'","Clinometer/laser rangefinder/sine","","","","","Dale Luthringer","2008-03-07","","N"
"Tuliptree","Liriodendron tulipifera","Rhode Island","Newport","Newport","","","Trees were measured near Touro Park.","","256118","1","","","","Private","92.5'","","","","","","Tom Howard","2010-04-28","http%3A%2F%2Fwww.ents-bbs.org%2Fviewtopic.php%3Ff%3D119%26t%3D696%26sid%3Db0ed43621bf09c59a5533fcda0b0233f%23p2096","N"
"Tuliptree","Liriodendron tulipifera","South Carolina","Abbeville","Long Crane Creek","","","Some trees were measured along Big Curtail Creek(BCC) and will be indicated so under comments.","","237860","1","","","","Public - federal","128.1'","Clinometer/laser rangefinder/sine","8.2'","98''","","LCC","Jess Riddle","2002-05-16","http%3A%2F%2Fwww.nativetreesociety.org%2Ffieldtrips%2Fsouth_carolina%2Flong_cane_creek1.htm","N"
"Tuliptree","Liriodendron tulipifera","South Carolina","Abbeville","Parton Property","","","","","252620","1","","","","Private","107.0'","Clinometer/laser rangefinder/sine","9.8'","118''","","","James Parton","2011-05-25","http%3A%2F%2Fwww.ents-bbs.org%2Fviewtopic.php%3Ff%3D122%26t%3D2532%23p9572","N"
"Tuliptree","Liriodendron tulipifera","South Carolina","Dorchester","Middleton Place Home And Gardens","","","","","39732","1","","","","Private","105.5'","Clinometer/laser rangefinder/sine","","","","","Brian Beduhn","2012-10-11","http%3A%2F%2Fwww.ents-bbs.org%2Fviewtopic.php%3Ff%3D122%26t%3D4650","N"
"Tuliptree","Liriodendron tulipifera","South Carolina","Dorchester","Middleton Place Home And Gardens","","","","","39731","1","","","","Private","106.6'","Clinometer/laser rangefinder/sine","","","","","Brian Beduhn","2012-10-11","http%3A%2F%2Fwww.ents-bbs.org%2Fviewtopic.php%3Ff%3D122%26t%3D4650","N"
"Tuliptree","Liriodendron tulipifera","South Carolina","Dorchester","Middleton Place Home And Gardens","","","","","39733","1","","","","Private","115.5'","Clinometer/laser rangefinder/sine","","","","","Brian Beduhn","2012-10-11","http%3A%2F%2Fwww.ents-bbs.org%2Fviewtopic.php%3Ff%3D122%26t%3D4650","N"
"Tuliptree","Liriodendron tulipifera","South Carolina","Edgefield","Turkey Creek","","","Trees measured were close to Modocd","","236900","1","","","","Public - federal","130.6'","Clinometer/laser rangefinder/sine","12.4'","149''","","","Jess Riddle","2005-03-05","http%3A%2F%2Fwww.nativetreesociety.org%2Ffieldtrips%2Fsouth_carolina%2Fsumter%2Fsumter_national_forest_sc.htm","N"
"Tuliptree","Liriodendron tulipifera","South Carolina","Edgefield","Turkey Creek","","","Trees measured were close to Modocd","","236901","1","","","","Public - federal","136.1'","Clinometer/laser rangefinder/sine","9.6'","115''","","","Jess Riddle","2005-03-05","http%3A%2F%2Fwww.nativetreesociety.org%2Ffieldtrips%2Fsouth_carolina%2Fsumter%2Fsumter_national_forest_sc.htm","N"
"Tuliptree","Liriodendron tulipifera","South Carolina","Greenville","Little Pinnacle Mountain","","","11,300 acres encompassing Jones Gap State Park and Caesars Head","","281325","1","","","","Public - state","131.1'","Clinometer/laser rangefinder/sine","","","","","Jess Riddle","2002-05-29","http%3A%2F%2Fwww.nativetreesociety.org%2Ffieldtrips%2Fsouth_carolina%2Flittle_pinnacle_mountain.htm","N"
"Tuliptree","Liriodendron tulipifera","South Carolina","Greenville","Paris Mountain State Park","34 56.541","-082 23.350","Trees were measured along the Brissy Mountain and Pepissiwa Trails.","","252628","1","34 56.541","-082 23.350","","Public - state","101.7'","Clinometer/laser rangefinder/sine","11.9'","143''","","","James Parton","2010-06-17","http%3A%2F%2Fwww.ents-bbs.org%2Fviewtopic.php%3Ff%3D122%26t%3D948","N"
"Tuliptree","Liriodendron tulipifera","South Carolina","Oconee","Camp Branch","","","A tributary to Opossum Creek and then into the Chatooga River","","238123","1","","","","Public - federal","133.6'","Clinometer/laser rangefinder/sine","6.9'","83''","","","Jess Riddle","2005-01-02","http%3A%2F%2Fwww.nativetreesociety.org%2Ffieldtrips%2Fsouth_carolina%2Fcamp_branch.htm","N"
"Tuliptree","Liriodendron tulipifera","South Carolina","Oconee","Camp Branch","","","A tributary to Opossum Creek and then into the Chatooga River","","238124","1","","","","Public - federal","136.7'","Clinometer/laser rangefinder/sine","6.0'","72''","","Height is Not Less Than(NLT)","Jess Riddle","2005-01-02","http%3A%2F%2Fwww.nativetreesociety.org%2Ffieldtrips%2Fsouth_carolina%2Fcamp_branch.htm","N"
"Tuliptree","Liriodendron tulipifera","South Carolina","Oconee","Cane Creek, Issaqueena Falls","","","Trip report is titled Stumphouse Mountain.","","237712","1","","","","Public - federal","","Clinometer/laser rangefinder/sine","14.6'","175''","","","Jess Riddle","2004-03-31","http%3A%2F%2Fwww.nativetreesociety.org%2Ffieldtrips%2Fsouth_carolina%2Fstumphouse_mountain.htm","N"
"Tuliptree","Liriodendron tulipifera","South Carolina","Oconee","Cane Creek, Issaqueena Falls","","","Trip report is titled Stumphouse Mountain.","","237713","1","","","","Public - federal","139.9'","Clinometer/laser rangefinder/sine","","","","","Jess Riddle","2004-03-31","http%3A%2F%2Fwww.nativetreesociety.org%2Ffieldtrips%2Fsouth_carolina%2Fstumphouse_mountain.htm","N"
"Tuliptree","Liriodendron tulipifera","South Carolina","Oconee","Chattooga River","","","","","173779","1","","","","Public","125.7'","Clinometer/laser rangefinder/sine","","","","","Brian Beduhn","2013-03-09","http%3A%2F%2Fwww.ents-bbs.org%2Fviewtopic.php%3Ff%3D122%26t%3D5142","N"
"Tuliptree","Liriodendron tulipifera","South Carolina","Oconee","Chattooga River","","","","","173780","1","","","","Public","129.6'","Clinometer/laser rangefinder/sine","","","","","Brian Beduhn","2013-03-09","http%3A%2F%2Fwww.ents-bbs.org%2Fviewtopic.php%3Ff%3D122%26t%3D5142","N"
"Tuliptree","Liriodendron tulipifera","South Carolina","Oconee","Lee Branch","","","Tributary to Alexander Creek","","238040","1","","","","Public - federal","150.0'","Clinometer/laser rangefinder/sine","11.3'","136''","","","Jess Riddle","2004-05-18","http%3A%2F%2Fwww.nativetreesociety.org%2Ffieldtrips%2Fsouth_carolina%2Flee_branch.htm","N"
"Tuliptree","Liriodendron tulipifera","South Carolina","Oconee","Lee Branch","","","Tributary to Alexander Creek","","238041","1","","","","Public - federal","152.0'","Clinometer/laser rangefinder/sine","8.8'","106''","","","Jess Riddle","2004-05-18","http%3A%2F%2Fwww.nativetreesociety.org%2Ffieldtrips%2Fsouth_carolina%2Flee_branch.htm","N"
"Tuliptree","Liriodendron tulipifera","South Carolina","Oconee","Lee Branch","","","Tributary to Alexander Creek","","238042","1","","","","Public - federal","157.8'","Clinometer/laser rangefinder/sine","7.7'","92''","","","Jess Riddle","2004-05-18","http%3A%2F%2Fwww.nativetreesociety.org%2Ffieldtrips%2Fsouth_carolina%2Flee_branch.htm","N"
"Tuliptree","Liriodendron tulipifera","South Carolina","Oconee","Lee Branch","","","Tributary to Alexander Creek","","238043","1","","","","Public - federal","160.3'","Clinometer/laser rangefinder/sine","8.4'","101''","","","Jess Riddle","2004-05-18","http%3A%2F%2Fwww.nativetreesociety.org%2Ffieldtrips%2Fsouth_carolina%2Flee_branch.htm","N"
"Tuliptree","Liriodendron tulipifera","South Carolina","Oconee","Otter Creek","","","","","237811","1","","","","Public - federal","138.0'","Clinometer/laser rangefinder/sine","","","","","Jess Riddle","2002-11-06","http%3A%2F%2Fwww.nativetreesociety.org%2Ffieldtrips%2Fsouth_carolina%2Fotter_creek.htm","N"
"Tuliptree","Liriodendron tulipifera","South Carolina","Oconee","Otter Creek","","","","","237812","1","","","","Public - federal","144.0'","Clinometer/laser rangefinder/sine","","","","","Jess Riddle","2002-11-06","http%3A%2F%2Fwww.nativetreesociety.org%2Ffieldtrips%2Fsouth_carolina%2Fotter_creek.htm","N"
"Tuliptree","Liriodendron tulipifera","South Carolina","Oconee","Rich Mountain","","","","","237742","1","","","","Public - federal","134.5'","Clinometer/laser rangefinder/sine","","","","Barton Creek","Jess Riddle","2002-03-14","http%3A%2F%2Fwww.nativetreesociety.org%2Ffieldtrips%2Fsouth_carolina%2Frich_mountain.htm","N"
"Tuliptree","Liriodendron tulipifera","South Carolina","Oconee","Rich Mountain","","","","","237743","1","","","","Public - federal","144.8'","Clinometer/laser rangefinder/sine","11.9'","143''","","Barton Creek","Jess Riddle","2002-03-14","http%3A%2F%2Fwww.nativetreesociety.org%2Ffieldtrips%2Fsouth_carolina%2Frich_mountain.htm","N"
"Tuliptree","Liriodendron tulipifera","South Carolina","Oconee","Tamassee Knob","","","","","252790","1","","","","Public - federal","13.1'","Clinometer/laser rangefinder/sine","","","","","Jess Riddle","2003-03-15","http%3A%2F%2Fwww.ents-bbs.org%2Fviewtopic.php%3Ff%3D122%26t%3D7608","N"
"Tuliptree","Liriodendron tulipifera","South Carolina","Oconee","Tamassee Knob","","","","","252974","1","","","","Public - federal","132.7'","Clinometer/laser rangefinder/sine","10.2'","122''","","","Jess Riddle","2004-03-22","http%3A%2F%2Fwww.ents-bbs.org%2Fviewtopic.php%3Ff%3D122%26t%3D7608","N"
"Tuliptree","Liriodendron tulipifera","South Carolina","Oconee","Tamassee Knob","","","","","252854","1","","","","Public - federal","134.4'","Clinometer/laser rangefinder/sine","3.8'","46''","","South facing cove.","Jess Riddle","2005-03-02","http%3A%2F%2Fwww.ents-bbs.org%2Fviewtopic.php%3Ff%3D122%26t%3D7608","N"
"Tuliptree","Liriodendron tulipifera","South Carolina","Oconee","Tamassee Knob","","","","","252815","1","","","","Public - federal","135.3'","Clinometer/laser rangefinder/sine","","","","","Jess Riddle","2003-03-15","http%3A%2F%2Fwww.ents-bbs.org%2Fviewtopic.php%3Ff%3D122%26t%3D7608","N"
"Tuliptree","Liriodendron tulipifera","South Carolina","Oconee","Tamassee Knob","","","","","252789","1","","","","Public - federal","142.6'","Clinometer/laser rangefinder/sine","","","","","Jess Riddle","2003-03-15","http%3A%2F%2Fwww.ents-bbs.org%2Fviewtopic.php%3Ff%3D122%26t%3D7608","N"
"Tuliptree","Liriodendron tulipifera","South Carolina","Oconee","Tamassee Knob","","","","","252975","1","","","","Public - federal","142.6'","Clinometer/laser rangefinder/sine","","","","","Jess Riddle","2004-03-22","http%3A%2F%2Fwww.ents-bbs.org%2Fviewtopic.php%3Ff%3D122%26t%3D7608","N"
"Tuliptree","Liriodendron tulipifera","South Carolina","Oconee","Tamassee Knob","","","","","252976","1","","","","Public - federal","144.1'","Clinometer/laser rangefinder/sine","8.3'","99''","","","Jess Riddle","2004-03-22","http%3A%2F%2Fwww.ents-bbs.org%2Fviewtopic.php%3Ff%3D122%26t%3D7608","N"
"Tuliptree","Liriodendron tulipifera","South Carolina","Oconee","Tamassee Knob","","","","","252816","1","","","","Public - federal","147.4'","Clinometer/laser rangefinder/sine","","","","","Jess Riddle","2003-03-15","http%3A%2F%2Fwww.ents-bbs.org%2Fviewtopic.php%3Ff%3D122%26t%3D7608","N"
"Tuliptree","Liriodendron tulipifera","South Carolina","Oconee","Tamassee Knob","","","","","252817","1","","","","Public - federal","147.7'","Clinometer/laser rangefinder/sine","8.7'","104''","","","Jess Riddle","2003-03-15","http%3A%2F%2Fwww.ents-bbs.org%2Fviewtopic.php%3Ff%3D122%26t%3D7608","N"
"Tuliptree","Liriodendron tulipifera","South Carolina","Oconee","Tamassee Knob","","","","","252977","1","","","","Public - federal","150.1'","Clinometer/laser rangefinder/sine","7.0'","84''","","","Jess Riddle","2004-03-22","http%3A%2F%2Fwww.ents-bbs.org%2Fviewtopic.php%3Ff%3D122%26t%3D7608","N"
"Tuliptree","Liriodendron tulipifera","South Carolina","Oconee","Tamassee Knob","","","","","252818","1","","","","Public - federal","150.5'","Clinometer/laser rangefinder/sine","7.4'","89''","","","Jess Riddle","2003-03-15","http%3A%2F%2Fwww.ents-bbs.org%2Fviewtopic.php%3Ff%3D122%26t%3D7608","N"
"Tuliptree","Liriodendron tulipifera","South Carolina","Oconee","Tamassee Knob","","","","","252978","1","","","","Public - federal","150.5'","Clinometer/laser rangefinder/sine","9.5'","114''","","","Jess Riddle","2004-03-22","http%3A%2F%2Fwww.ents-bbs.org%2Fviewtopic.php%3Ff%3D122%26t%3D7608","N"
"Tuliptree","Liriodendron tulipifera","South Carolina","Oconee","Tamassee Knob","","","","","252979","1","","","","Public - federal","151.8'","Clinometer/laser rangefinder/sine","9.4'","113''","","","Jess Riddle","2004-03-22","http%3A%2F%2Fwww.ents-bbs.org%2Fviewtopic.php%3Ff%3D122%26t%3D7608","N"
"Tuliptree","Liriodendron tulipifera","South Carolina","Oconee","Tamassee Knob","","","","","252989","1","","","","Public - federal","153.2'","Clinometer/laser rangefinder/sine","8.3'","100''","","","Jess Riddle","2004-03-22","http%3A%2F%2Fwww.ents-bbs.org%2Fviewtopic.php%3Ff%3D122%26t%3D7608","N"
"Tuliptree","Liriodendron tulipifera","South Carolina","Oconee","Tamassee Knob","","","","","252900","1","","","","Public - federal","153.4'","Clinometer/laser rangefinder/sine","5.8'","69''","","","Jess Riddle","2005-03-02","http%3A%2F%2Fwww.ents-bbs.org%2Fviewtopic.php%3Ff%3D122%26t%3D7608","N"
"Tuliptree","Liriodendron tulipifera","South Carolina","Oconee","Tamassee Knob","","","","","252990","1","","","","Public - federal","153.7'","Clinometer/laser rangefinder/sine","5.6'","67''","","","Jess Riddle","2004-03-22","http%3A%2F%2Fwww.ents-bbs.org%2Fviewtopic.php%3Ff%3D122%26t%3D7608","N"
"Tuliptree","Liriodendron tulipifera","South Carolina","Oconee","Tamassee Knob","","","","","253026","1","","","","Public - federal","154.0'","Clinometer/laser rangefinder/sine","7.9'","95''","","","Jess Riddle","2016-03-20","http%3A%2F%2Fwww.ents-bbs.org%2Fviewtopic.php%3Ff%3D122%26t%3D7608","N"
"Tuliptree","Liriodendron tulipifera","South Carolina","Oconee","Tamassee Knob","","","","","252991","1","","","","Public - federal","155.3'","Clinometer/laser rangefinder/sine","7.3'","87''","","","Jess Riddle","2004-03-22","http%3A%2F%2Fwww.ents-bbs.org%2Fviewtopic.php%3Ff%3D122%26t%3D7608","N"
"Tuliptree","Liriodendron tulipifera","South Carolina","Oconee","Tamassee Knob","","","","","252873","1","","","","Public - federal","155.7'","Clinometer/laser rangefinder/sine","10.8'","129''","","","Jess Riddle","2005-03-02","http%3A%2F%2Fwww.ents-bbs.org%2Fviewtopic.php%3Ff%3D122%26t%3D7608","N"
"Tuliptree","Liriodendron tulipifera","South Carolina","Oconee","Tamassee Knob","","","","","252992","1","","","","Public - federal","155.9'","Clinometer/laser rangefinder/sine","8.7'","104''","","","Jess Riddle","2004-03-22","http%3A%2F%2Fwww.ents-bbs.org%2Fviewtopic.php%3Ff%3D122%26t%3D7608","N"
"Tuliptree","Liriodendron tulipifera","South Carolina","Oconee","Tamassee Knob","","","","","252993","1","","","","Public - federal","156.0'","Clinometer/laser rangefinder/sine","5.6'","67''","","","Jess Riddle","2004-03-22","http%3A%2F%2Fwww.ents-bbs.org%2Fviewtopic.php%3Ff%3D122%26t%3D7608","N"
"Tuliptree","Liriodendron tulipifera","South Carolina","Oconee","Tamassee Knob","","","","","252917","1","","","","Public - federal","156.3'","Clinometer/laser rangefinder/sine","","","","","Jess Riddle","2005-03-02","http%3A%2F%2Fwww.ents-bbs.org%2Fviewtopic.php%3Ff%3D122%26t%3D7608","N"
"Tuliptree","Liriodendron tulipifera","South Carolina","Oconee","Tamassee Knob","34 51.521","-083 05.323","","","252980","1","34 51.521","-083 05.323","","Public - federal","156.8'","Clinometer/laser rangefinder/sine","14.3'","171''","","","Jess Riddle","2004-03-22","http%3A%2F%2Fwww.ents-bbs.org%2Fviewtopic.php%3Ff%3D122%26t%3D7608","N"
"Tuliptree","Liriodendron tulipifera","South Carolina","Oconee","Tamassee Knob","","","","","252874","1","","","","Public - federal","157.2'","Clinometer/laser rangefinder/sine","8.1'","97''","","","Jess Riddle","2005-03-02","http%3A%2F%2Fwww.ents-bbs.org%2Fviewtopic.php%3Ff%3D122%26t%3D7608","N"
"Tuliptree","Liriodendron tulipifera","South Carolina","Oconee","Tamassee Knob","","","","","252994","1","","","","Public - federal","158.2'","Clinometer/laser rangefinder/sine","7.4'","89''","","","Jess Riddle","2004-03-22","http%3A%2F%2Fwww.ents-bbs.org%2Fviewtopic.php%3Ff%3D122%26t%3D7608","N"
"Tuliptree","Liriodendron tulipifera","South Carolina","Oconee","Tamassee Knob","","","","","252901","1","","","","Public - federal","158.3'","Clinometer/laser rangefinder/sine","9.1'","109''","","","Jess Riddle","2005-03-02","http%3A%2F%2Fwww.ents-bbs.org%2Fviewtopic.php%3Ff%3D122%26t%3D7608","N"
"Tuliptree","Liriodendron tulipifera","South Carolina","Oconee","Tamassee Knob","","","","","252995","1","","","","Public - federal","158.9'","Clinometer/laser rangefinder/sine","8.9'","107''","","","Jess Riddle","2004-03-22","http%3A%2F%2Fwww.ents-bbs.org%2Fviewtopic.php%3Ff%3D122%26t%3D7608","N"
"Tuliptree","Liriodendron tulipifera","South Carolina","Oconee","Tamassee Knob","","","","","252981","1","","","","Public - federal","159.0'","Clinometer/laser rangefinder/sine","8.6'","103''","","","Jess Riddle","2004-03-22","http%3A%2F%2Fwww.ents-bbs.org%2Fviewtopic.php%3Ff%3D122%26t%3D7608","N"
"Tuliptree","Liriodendron tulipifera","South Carolina","Oconee","Tamassee Knob","","","","","252982","1","","","","Public - federal","160.5'","Clinometer/laser rangefinder/sine","","","","","Jess Riddle","2004-03-22","http%3A%2F%2Fwww.ents-bbs.org%2Fviewtopic.php%3Ff%3D122%26t%3D7608","N"
"Tuliptree","Liriodendron tulipifera","South Carolina","Oconee","Tamassee Knob","","","","","252876","1","","","","Public - federal","161.4'","Clinometer/laser rangefinder/sine","9.3'","111''","","","Jess Riddle","2005-03-02","http%3A%2F%2Fwww.ents-bbs.org%2Fviewtopic.php%3Ff%3D122%26t%3D7608","N"
"Tuliptree","Liriodendron tulipifera","South Carolina","Oconee","Tamassee Knob","","","","","252983","1","","","","Public - federal","162.5'","Clinometer/laser rangefinder/sine","8.8'","106''","","","Jess Riddle","2004-03-22","http%3A%2F%2Fwww.ents-bbs.org%2Fviewtopic.php%3Ff%3D122%26t%3D7608","N"
"Tuliptree","Liriodendron tulipifera","South Carolina","Oconee","Tamassee Knob","","","","","252996","1","","","","Public - federal","163.8'","Clinometer/laser rangefinder/sine","7.8'","93''","","","Jess Riddle","2004-03-22","http%3A%2F%2Fwww.ents-bbs.org%2Fviewtopic.php%3Ff%3D122%26t%3D7608","N"
"Tuliptree","Liriodendron tulipifera","South Carolina","Oconee","Tamassee Knob","","","","","252918","1","","","","Public - federal","164.4'","Clinometer/laser rangefinder/sine","","","","","Jess Riddle","2005-03-02","http%3A%2F%2Fwww.ents-bbs.org%2Fviewtopic.php%3Ff%3D122%26t%3D7608","N"
"Tuliptree","Liriodendron tulipifera","South Carolina","Oconee","Tamassee Knob","34 51.527","-083 05.346","","","252845","2","34 51.527","-083 05.346","","Public - federal","164.7'","Clinometer/laser rangefinder/sine","10.8'","130''","","","Jess Riddle, Jess Riddle","2016-03-20","http%3A%2F%2Fwww.ents-bbs.org%2Fviewtopic.php%3Ff%3D122%26t%3D7608","N"
"Tuliptree","Liriodendron tulipifera","South Carolina","Oconee","Tamassee Knob","","","","","253027","1","","","","Public - federal","164.7'","Clinometer/laser rangefinder/sine","14.4'","173''","","","Jess Riddle","2016-03-20","http%3A%2F%2Fwww.ents-bbs.org%2Fviewtopic.php%3Ff%3D122%26t%3D7608","N"
"Tuliptree","Liriodendron tulipifera","South Carolina","Oconee","Tamassee Knob","","","","","252800","1","","","","Public - federal","164.8'","Clinometer/laser rangefinder/sine","7.3'","88''","","","Jess Riddle","2003-03-15","http%3A%2F%2Fwww.ents-bbs.org%2Fviewtopic.php%3Ff%3D122%26t%3D7608","N"
"Tuliptree","Liriodendron tulipifera","South Carolina","Oconee","Tamassee Knob","34 51.395","-083 05.210","","","252875","2","34 51.395","-083 05.210","","Public - federal","164.9'","Clinometer/laser rangefinder/sine","13.6'","163''","","","Jess Riddle, Jess Riddle","2016-03-20","http%3A%2F%2Fwww.ents-bbs.org%2Fviewtopic.php%3Ff%3D122%26t%3D7608","N"
"Tuliptree","Liriodendron tulipifera","South Carolina","Oconee","Tamassee Knob","","","","","253025","1","","","","Public - federal","166.4'","Clinometer/laser rangefinder/sine","9.0'","108''","","","Jess Riddle","2016-03-20","http%3A%2F%2Fwww.ents-bbs.org%2Fviewtopic.php%3Ff%3D122%26t%3D7608","N"
"Tuliptree","Liriodendron tulipifera","South Carolina","Oconee","Tamassee Knob","","","","","252997","1","","","","Public - federal","168.3'","Clinometer/laser rangefinder/sine","9.3'","112''","","","Jess Riddle","2004-03-22","http%3A%2F%2Fwww.ents-bbs.org%2Fviewtopic.php%3Ff%3D122%26t%3D7608","N"
"Tuliptree","Liriodendron tulipifera","South Carolina","Oconee","Tamassee Knob","34 51.394","-083 05.223","","","252902","2","34 51.394","-083 05.223","","Public - federal","168.9'","Clinometer/laser rangefinder/sine","9.6'","115''","","","Jess Riddle, Jess Riddle","2016-03-20","http%3A%2F%2Fwww.ents-bbs.org%2Fviewtopic.php%3Ff%3D122%26t%3D7608","N"
"Tuliptree","Liriodendron tulipifera","South Carolina","Oconee","Tamassee Knob","34 51.536","-083 05.380","","","252998","2","34 51.536","-083 05.380","","Public - federal","171.3'","Clinometer/laser rangefinder/sine","7.8'","94''","","","Jess Riddle, Jess Riddle","2016-03-20","http%3A%2F%2Fwww.ents-bbs.org%2Fviewtopic.php%3Ff%3D122%26t%3D7608","N"
"Tuliptree","Liriodendron tulipifera","South Carolina","Oconee","Tamassee Knob","34 51.527","-083 05.364","","","252850","2","34 51.527","-083 05.364","","Public - federal","172.4'","Clinometer/laser rangefinder/sine","8.6'","103''","","","Jess Riddle, Jess Riddle","2016-03-20","http%3A%2F%2Fwww.ents-bbs.org%2Fviewtopic.php%3Ff%3D122%26t%3D7608","N"
"Tuliptree","Liriodendron tulipifera","South Carolina","Oconee","Tamassee Knob","","","","","252877","1","","","","Public - federal","172.9'","Clinometer/laser rangefinder/sine","9.3'","112''","","","Jess Riddle","2005-03-02","http%3A%2F%2Fwww.ents-bbs.org%2Fviewtopic.php%3Ff%3D122%26t%3D7608","N"
"Tuliptree","Liriodendron tulipifera","South Carolina","Oconee","Tamassee Knob","34 51.463","-083 05.256","","","253028","1","34 51.463","-083 05.256","","Public - federal","177.1'","Clinometer/laser rangefinder/sine","9.6'","115''","","","Jess Riddle","2016-03-20","http%3A%2F%2Fwww.ents-bbs.org%2Fviewtopic.php%3Ff%3D122%26t%3D7608","N"
"Tuliptree","Liriodendron tulipifera","South Carolina","Oconee","Whitewater River","","","","","40144","1","","","","Public","133.0'","Clinometer/laser rangefinder/sine","","","","","Brian Beduhn","2012-02-25","http%3A%2F%2Fwww.ents-bbs.org%2Fviewtopic.php%3Ff%3D122%26t%3D3755","N"
"Tuliptree","Liriodendron tulipifera","South Carolina","Oconee","Whitewater River NC And SC","","","","","40280","1","","","","Public","142.9'","Clinometer/laser rangefinder/sine","","","","","Brian Beduhn","2013-01-20","","N"
"Tuliptree","Liriodendron tulipifera","South Carolina","Pickens","Eastatoe Gorge","","","","","40331","1","","","","Public","138.0'","Clinometer/laser rangefinder/sine","","","","","Brian Beduhn","2013-03-08","http%3A%2F%2Fwww.ents-bbs.org%2Fviewtopic.php%3Ff%3D122%26t%3D5146","N"
"Tuliptree","Liriodendron tulipifera","South Carolina","Pickens","Eastatoe Gorge","","","","","40332","1","","","","Public","138.4'","Clinometer/laser rangefinder/sine","","","","","Brian Beduhn","2013-03-08","http%3A%2F%2Fwww.ents-bbs.org%2Fviewtopic.php%3Ff%3D122%26t%3D5146","N"
"Tuliptree","Liriodendron tulipifera","South Carolina","Pickens","Eastatoe Gorge","","","","","40333","1","","","","Public","138.6'","Clinometer/laser rangefinder/sine","","","","","Brian Beduhn","2013-03-08","http%3A%2F%2Fwww.ents-bbs.org%2Fviewtopic.php%3Ff%3D122%26t%3D5146","N"
"Tuliptree","Liriodendron tulipifera","South Carolina","Pickens","Eastatoe Gorge","","","","","40334","1","","","","Public","138.9'","Clinometer/laser rangefinder/sine","","","","","Brian Beduhn","2013-03-08","http%3A%2F%2Fwww.ents-bbs.org%2Fviewtopic.php%3Ff%3D122%26t%3D5146","N"
"Tuliptree","Liriodendron tulipifera","South Carolina","Pickens","Eastatoe Gorge","","","","","40335","1","","","","Public","145.5'","Clinometer/laser rangefinder/sine","","","","","Brian Beduhn","2013-03-08","http%3A%2F%2Fwww.ents-bbs.org%2Fviewtopic.php%3Ff%3D122%26t%3D5146","N"
"Tuliptree","Liriodendron tulipifera","South Carolina","Pickens","Eastatoe Gorge","","","","","40336","1","","","","Public","145.6'","Clinometer/laser rangefinder/sine","","","","","Brian Beduhn","2013-03-08","http%3A%2F%2Fwww.ents-bbs.org%2Fviewtopic.php%3Ff%3D122%26t%3D5146","N"
"Tuliptree","Liriodendron tulipifera","South Carolina","Pickens","Eastatoe Gorge","","","","","40337","1","","","","Public","150.1'","Clinometer/laser rangefinder/sine","","","","","Brian Beduhn","2013-03-08","http%3A%2F%2Fwww.ents-bbs.org%2Fviewtopic.php%3Ff%3D122%26t%3D5146","N"
"Tuliptree","Liriodendron tulipifera","South Carolina","Pickens","Eastatoe Gorge","","","","","40338","1","","","","Public","151.8'","Clinometer/laser rangefinder/sine","","","","","Brian Beduhn","2013-03-08","http%3A%2F%2Fwww.ents-bbs.org%2Fviewtopic.php%3Ff%3D122%26t%3D5146","N"
"Tuliptree","Liriodendron tulipifera","South Carolina","Pickens","Eastatoe Gorge","","","","","40339","1","","","","Public","152.0'","Clinometer/laser rangefinder/sine","","","","","Brian Beduhn","2013-03-08","http%3A%2F%2Fwww.ents-bbs.org%2Fviewtopic.php%3Ff%3D122%26t%3D5146","N"
"Tuliptree","Liriodendron tulipifera","South Carolina","Pickens","Eastatoe Gorge","","","","","40340","1","","","","Public","157.2'","Clinometer/laser rangefinder/sine","","","","","Brian Beduhn","2013-03-08","http%3A%2F%2Fwww.ents-bbs.org%2Fviewtopic.php%3Ff%3D122%26t%3D5146","N"
"Tuliptree","Liriodendron tulipifera","South Carolina","Pickens","Jewell Branch","","","","","238074","1","","","","Public-Private","147.3'","Clinometer/laser rangefinder/sine","","","","","Jess Riddle, Michael Davie","2003-01-19","http%3A%2F%2Fwww.nativetreesociety.org%2Ffieldtrips%2Fsouth_carolina%2Fjewell_branch.htm","N"
"Tuliptree","Liriodendron tulipifera","South Carolina","Pickens","Jewell Branch","","","","","238075","1","","","","Public-Private","148.7'","Clinometer/laser rangefinder/sine","","","","","Jess Riddle, Michael Davie","2003-01-19","http%3A%2F%2Fwww.nativetreesociety.org%2Ffieldtrips%2Fsouth_carolina%2Fjewell_branch.htm","N"
"Tuliptree","Liriodendron tulipifera","South Carolina","Pickens","Jewell Branch","","","","","238076","1","","","","Public-Private","154.0'","Clinometer/laser rangefinder/sine","","","","","Jess Riddle, Michael Davie","2003-01-19","http%3A%2F%2Fwww.nativetreesociety.org%2Ffieldtrips%2Fsouth_carolina%2Fjewell_branch.htm","N"
"Tuliptree","Liriodendron tulipifera","South Carolina","Pickens","Jewell Branch","","","","","238077","1","","","","Public-Private","161.1'","Clinometer/laser rangefinder/sine","","","","","Jess Riddle, Michael Davie","2003-01-19","http%3A%2F%2Fwww.nativetreesociety.org%2Ffieldtrips%2Fsouth_carolina%2Fjewell_branch.htm","N"
"Tuliptree","Liriodendron tulipifera","South Carolina","Pickens","Laurel Fork","","","","","238053","1","","","","Public-Private","152.9'","Clinometer/laser rangefinder/sine","7.7'","92''","","","Jess Riddle","2002-05-05","http%3A%2F%2Fwww.nativetreesociety.org%2Ffieldtrips%2Fsouth_carolina%2Flaurel_fork.htm","N"
"Tuliptree","Liriodendron tulipifera","South Carolina","Pickens","Laurel Fork Heritage Preserve","","","","","40441","1","","","","Public","141.9'","Clinometer/laser rangefinder/sine","","","","","Brian Beduhn","2013-03-09","http%3A%2F%2Fwww.ents-bbs.org%2Fviewtopic.php%3Ff%3D122%26t%3D5139","N"
"Tuliptree","Liriodendron tulipifera","South Carolina","Pickens","Laurel Fork Heritage Preserve","","","","","40442","1","","","","Public","143.1'","Clinometer/laser rangefinder/sine","","","","","Brian Beduhn","2013-03-09","http%3A%2F%2Fwww.ents-bbs.org%2Fviewtopic.php%3Ff%3D122%26t%3D5139","N"
"Tuliptree","Liriodendron tulipifera","South Carolina","Pickens","Laurel Fork Heritage Preserve","","","","","40443","1","","","","Public","143.5'","Clinometer/laser rangefinder/sine","","","","","Brian Beduhn","2013-03-09","http%3A%2F%2Fwww.ents-bbs.org%2Fviewtopic.php%3Ff%3D122%26t%3D5139","N"
"Tuliptree","Liriodendron tulipifera","South Carolina","Pickens","Laurel Fork Heritage Preserve","","","","","40444","1","","","","Public","144.2'","Clinometer/laser rangefinder/sine","","","","","Brian Beduhn","2013-03-09","http%3A%2F%2Fwww.ents-bbs.org%2Fviewtopic.php%3Ff%3D122%26t%3D5139","N"
"Tuliptree","Liriodendron tulipifera","South Carolina","Pickens","Laurel Fork Heritage Preserve","","","","","40445","1","","","","Public","145.5'","Clinometer/laser rangefinder/sine","","","","","Brian Beduhn","2013-03-09","http%3A%2F%2Fwww.ents-bbs.org%2Fviewtopic.php%3Ff%3D122%26t%3D5139","N"
"Tuliptree","Liriodendron tulipifera","South Carolina","Pickens","Laurel Fork Heritage Preserve","","","","","40446","1","","","","Public","146.6'","Clinometer/laser rangefinder/sine","","","","","Brian Beduhn","2013-03-09","http%3A%2F%2Fwww.ents-bbs.org%2Fviewtopic.php%3Ff%3D122%26t%3D5139","N"
"Tuliptree","Liriodendron tulipifera","South Carolina","Pickens","Laurel Fork Heritage Preserve","","","","","40447","1","","","","Public","147.2'","Clinometer/laser rangefinder/sine","","","","","Brian Beduhn","2013-03-09","http%3A%2F%2Fwww.ents-bbs.org%2Fviewtopic.php%3Ff%3D122%26t%3D5139","N"
"Tuliptree","Liriodendron tulipifera","South Carolina","Pickens","Laurel Fork Heritage Preserve","","","","","40448","1","","","","Public","148.2'","Clinometer/laser rangefinder/sine","","","","","Brian Beduhn","2013-03-09","http%3A%2F%2Fwww.ents-bbs.org%2Fviewtopic.php%3Ff%3D122%26t%3D5139","N"
"Tuliptree","Liriodendron tulipifera","South Carolina","Pickens","Laurel Fork Heritage Preserve","","","","","40449","1","","","","Public","152.7'","Clinometer/laser rangefinder/sine","","","","","Brian Beduhn","2013-03-09","http%3A%2F%2Fwww.ents-bbs.org%2Fviewtopic.php%3Ff%3D122%26t%3D5139","N"
"Tuliptree","Liriodendron tulipifera","South Carolina","Pickens","Laurel Fork Heritage Preserve","","","","","40450","1","","","","Public","157.3'","Clinometer/laser rangefinder/sine","","","","","Brian Beduhn","2013-03-09","http%3A%2F%2Fwww.ents-bbs.org%2Fviewtopic.php%3Ff%3D122%26t%3D5139","N"
"Tuliptree","Liriodendron tulipifera","South Carolina","Pickens","Roundtop Maountain","","","","","237630","1","","","","Public - federal","","Clinometer/laser rangefinder/sine","14.8'","178''","","","Jess Riddle","2003-05-04","http%3A%2F%2Fwww.nativetreesociety.org%2Ffieldtrips%2Fsouth_carolina%2Froundtop_mountain.htm","N"
"Tuliptree","Liriodendron tulipifera","South Carolina","Pickens","Roundtop Maountain","","","","","237631","1","","","","Public - federal","138.2'","Clinometer/laser rangefinder/sine","","","","","Jess Riddle","2003-05-04","http%3A%2F%2Fwww.nativetreesociety.org%2Ffieldtrips%2Fsouth_carolina%2Froundtop_mountain.htm","N"
"Tuliptree","Liriodendron tulipifera","South Carolina","Pickens","Roundtop Maountain","","","","","237632","1","","","","Public - federal","139.1'","Clinometer/laser rangefinder/sine","10.3'","123''","","Height is Not Less Than(NLT)","Jess Riddle","2003-05-04","http%3A%2F%2Fwww.nativetreesociety.org%2Ffieldtrips%2Fsouth_carolina%2Froundtop_mountain.htm","N"
"Tuliptree","Liriodendron tulipifera","South Carolina","Pickens","Wadakoe Mountain","","","Trees were also measured on 11/1/2004. 
See link:
http://www.nativetreesociety.org/fieldtrips/south_carolina/wadakoe_mountain.htm","","236298","1","","","","Public-Private","136.5'","Clinometer/laser rangefinder/sine","","","","West and North slopes","Jess Riddle","2003-09-28","http%3A%2F%2Fwww.nativetreesociety.org%2Ffieldtrips%2Fsouth_carolina%2Fwadakoe_northend.htm","N"
"Tuliptree","Liriodendron tulipifera","South Carolina","Pickens","Wadakoe Mountain","","","Trees were also measured on 11/1/2004. 
See link:
http://www.nativetreesociety.org/fieldtrips/south_carolina/wadakoe_mountain.htm","","236274","1","","","","Public-Private","140.6'","Clinometer/laser rangefinder/sine","","","","Eastatoe Creek","Jess Riddle","2003-09-28","http%3A%2F%2Fwww.nativetreesociety.org%2Ffieldtrips%2Fsouth_carolina%2Fwadakoe_northend.htm","N"
"Tuliptree","Liriodendron tulipifera","South Carolina","Pickens","Wadakoe Mountain","","","Trees were also measured on 11/1/2004. 
See link:
http://www.nativetreesociety.org/fieldtrips/south_carolina/wadakoe_mountain.htm","","236317","1","","","","Public-Private","140.8'","Clinometer/laser rangefinder/sine","5.7'","68''","","Height is Not Less Than(NLT)
Lower Slopes","Jess Riddle","2003-09-28","http%3A%2F%2Fwww.nativetreesociety.org%2Ffieldtrips%2Fsouth_carolina%2Fwadakoe_northend.htm","N"
"Tuliptree","Liriodendron tulipifera","South Carolina","Pickens","Wadakoe Mountain","","","Trees were also measured on 11/1/2004. 
See link:
http://www.nativetreesociety.org/fieldtrips/south_carolina/wadakoe_mountain.htm","","236273","1","","","","Public-Private","141.0'","Clinometer/laser rangefinder/sine","10.1'","121''","","Eastatoe Creek","Jess Riddle","2003-09-28","http%3A%2F%2Fwww.nativetreesociety.org%2Ffieldtrips%2Fsouth_carolina%2Fwadakoe_northend.htm","N"
"Tuliptree","Liriodendron tulipifera","South Carolina","Pickens","Wadakoe Mountain","","","Trees were also measured on 11/1/2004. 
See link:
http://www.nativetreesociety.org/fieldtrips/south_carolina/wadakoe_mountain.htm","","236280","1","","","","Public-Private","144.8'","Clinometer/laser rangefinder/sine","","","","Jewell Branch","Jess Riddle","2003-09-28","http%3A%2F%2Fwww.nativetreesociety.org%2Ffieldtrips%2Fsouth_carolina%2Fwadakoe_northend.htm","N"
"Tuliptree","Liriodendron tulipifera","South Carolina","Pickens","Wadakoe Mountain","","","Trees were also measured on 11/1/2004. 
See link:
http://www.nativetreesociety.org/fieldtrips/south_carolina/wadakoe_mountain.htm","","236318","1","","","","Public-Private","146.7'","Clinometer/laser rangefinder/sine","","","","Height is Not Less Than(NLT)
Lower Slopes","Jess Riddle","2003-09-28","http%3A%2F%2Fwww.nativetreesociety.org%2Ffieldtrips%2Fsouth_carolina%2Fwadakoe_northend.htm","N"
"Tuliptree","Liriodendron tulipifera","South Carolina","Pickens","Wadakoe Mountain","","","Trees were also measured on 11/1/2004. 
See link:
http://www.nativetreesociety.org/fieldtrips/south_carolina/wadakoe_mountain.htm","","236266","1","","","","Public-Private","148.1'","Clinometer/laser rangefinder/sine","","","","Peach Orchard","Jess Riddle","2003-09-28","http%3A%2F%2Fwww.nativetreesociety.org%2Ffieldtrips%2Fsouth_carolina%2Fwadakoe_northend.htm","N"
"Tuliptree","Liriodendron tulipifera","South Carolina","Pickens","Wadakoe Mountain","","","Trees were also measured on 11/1/2004. 
See link:
http://www.nativetreesociety.org/fieldtrips/south_carolina/wadakoe_mountain.htm","","236319","1","","","","Public-Private","151.3'","Clinometer/laser rangefinder/sine","6.7'","80''","","Height is Not Less Than(NLT)
Lower Slopes","Jess Riddle","2003-09-28","http%3A%2F%2Fwww.nativetreesociety.org%2Ffieldtrips%2Fsouth_carolina%2Fwadakoe_northend.htm","N"
"Tuliptree","Liriodendron tulipifera","South Carolina","Pickens","Wadakoe Mountain","","","Trees were also measured on 11/1/2004. 
See link:
http://www.nativetreesociety.org/fieldtrips/south_carolina/wadakoe_mountain.htm","","236279","1","","","","Public-Private","155.3'","Clinometer/laser rangefinder/sine","","","","Jewell Branch","Jess Riddle","2003-09-28","http%3A%2F%2Fwww.nativetreesociety.org%2Ffieldtrips%2Fsouth_carolina%2Fwadakoe_northend.htm","N"
"Tuliptree","Liriodendron tulipifera","South Carolina","Pickens","Wadakoe Mountain","","","Trees were also measured on 11/1/2004. 
See link:
http://www.nativetreesociety.org/fieldtrips/south_carolina/wadakoe_mountain.htm","","236567","1","","","","Public-Private","156.3'","Clinometer/laser rangefinder/sine","7.2'","86''","","North Face of Mountain","Jess Riddle","2005-02-03","http%3A%2F%2Fwww.nativetreesociety.org%2Ffieldtrips%2Fsouth_carolina%2Fwadakoe_northend.htm","N"
"Tuliptree","Liriodendron tulipifera","South Carolina","Pickens","Wadakoe Mountain","","","Trees were also measured on 11/1/2004. 
See link:
http://www.nativetreesociety.org/fieldtrips/south_carolina/wadakoe_mountain.htm","","236569","1","","","","Public-Private","157.4'","Clinometer/laser rangefinder/sine","5.8'","70''","","North Face of Mountain","Jess Riddle","2005-02-03","http%3A%2F%2Fwww.nativetreesociety.org%2Ffieldtrips%2Fsouth_carolina%2Fwadakoe_northend.htm","N"
"Tuliptree","Liriodendron tulipifera","South Carolina","Pickens","Wadakoe Mountain","","","Trees were also measured on 11/1/2004. 
See link:
http://www.nativetreesociety.org/fieldtrips/south_carolina/wadakoe_mountain.htm","","236299","1","","","","Public-Private","160.2'","Clinometer/laser rangefinder/sine","7.3'","87''","","West and North slopes","Jess Riddle","2003-09-28","http%3A%2F%2Fwww.nativetreesociety.org%2Ffieldtrips%2Fsouth_carolina%2Fwadakoe_northend.htm","N"
"Tuliptree","Liriodendron tulipifera","South Carolina","Pickens","Wadakoe Mountain","","","Trees were also measured on 11/1/2004. 
See link:
http://www.nativetreesociety.org/fieldtrips/south_carolina/wadakoe_mountain.htm","","236568","1","","","","Public-Private","160.8'","Clinometer/laser rangefinder/sine","6.8'","81''","","","Jess Riddle","2005-02-03","http%3A%2F%2Fwww.nativetreesociety.org%2Ffieldtrips%2Fsouth_carolina%2Fwadakoe_northend.htm","N"
"Tuliptree","Liriodendron tulipifera","South Carolina","Pickens","Wadakoe Mountain","","","Trees were also measured on 11/1/2004. 
See link:
http://www.nativetreesociety.org/fieldtrips/south_carolina/wadakoe_mountain.htm","","236570","1","","","","Public-Private","161.3'","Clinometer/laser rangefinder/sine","9.3'","112''","","North Face of Mountain","Jess Riddle","2005-02-03","http%3A%2F%2Fwww.nativetreesociety.org%2Ffieldtrips%2Fsouth_carolina%2Fwadakoe_northend.htm","N"
"Tuliptree","Liriodendron tulipifera","Tennessee","Benton","Nathan Bedford Forrest State Park","36 05.280","-087 58.878","","","322152","1","36 05.280","-087 58.878","455.0 ft","Public","144.6'","Clinometer/laser rangefinder/sine","9.6'","115''","","","Elijah Whitcomb","2025-04-19","","N"
"Tuliptree","Liriodendron tulipifera","Tennessee","Blount","Abrams Creek","","","","","230572","1","","","","Public - federal","","Clinometer/laser rangefinder/sine","14.4'","173''","","Hannah Mountain","Michael Davie, Jess Riddle","2004-03-20","http%3A%2F%2Fwww.nativetreesociety.org%2Ffieldtrips%2Fgsmnp%2Fwest_end_gsmnp.htm","N"
"Tuliptree","Liriodendron tulipifera","Tennessee","Blount","Abrams Creek","","","","","230573","1","","","","Public - federal","152.1'","Clinometer/laser rangefinder/sine","","","","On unnamed tributary of Abrams Creek","Michael Davie, Jess Riddle","2004-03-20","http%3A%2F%2Fwww.nativetreesociety.org%2Ffieldtrips%2Fgsmnp%2Fwest_end_gsmnp.htm","N"
"Tuliptree","Liriodendron tulipifera","Tennessee","Blount","Abrams Creek","","","","","230574","1","","","","Public - federal","159.6'","Clinometer/laser rangefinder/sine","","","","On unnamed tributary of Abrams Creek","Michael Davie, Jess Riddle","2004-03-20","http%3A%2F%2Fwww.nativetreesociety.org%2Ffieldtrips%2Fgsmnp%2Fwest_end_gsmnp.htm","N"
"Tuliptree","Liriodendron tulipifera","Tennessee","Blount","Abrams Creek","","","","","230575","1","","","","Public - federal","160.1'","Clinometer/laser rangefinder/sine","14.3'","171''","","On unnamed tributary of Abrams Creek","Michael Davie, Jess Riddle","2004-03-20","http%3A%2F%2Fwww.nativetreesociety.org%2Ffieldtrips%2Fgsmnp%2Fwest_end_gsmnp.htm","N"
"Tuliptree","Liriodendron tulipifera","Tennessee","Cheatham","Cheatham WMA","36 08.454","-087 02.704","","","322062","1","36 08.454","-087 02.704","750.0 ft","Public","148.7'","Clinometer/laser rangefinder/sine","7.3'","87''","","","Elijah Whitcomb","2025-03-29","","N"
"Tuliptree","Liriodendron tulipifera","Tennessee","Cheatham","Cheatham WMA","36 08.436","-087 02.701","","","322061","1","36 08.436","-087 02.701","760.0 ft","Public","150.2'","Clinometer/laser rangefinder/sine","7.3'","88''","","","Elijah Whitcomb","2025-03-29","","N"
"Tuliptree","Liriodendron tulipifera","Tennessee","Cheatham","Cheatham WMA","36 08.275","-087 02.810","","","322060","1","36 08.275","-087 02.810","750.0 ft","Public","154.8'","Clinometer/laser rangefinder/sine","11.3'","136''","","","Elijah Whitcomb","2025-03-29","","N"
"Tuliptree","Liriodendron tulipifera","Tennessee","Cocke","Albright Grove","","","","","229809","1","","","","Public - national","","Clinometer/laser rangefinder/sine","19.5'","234''","","","Jess Riddle","2003-01-08","http%3A%2F%2Fnativetreesociety.org%2Ffieldtrips%2Fgsmnp%2Fmaddron_bald.htm","N"
"Tuliptree","Liriodendron tulipifera","Tennessee","Cocke","Cosby Campground Area","","","Middle Pronf Little Pigeon River","","230373","1","","","","Public - national","132.8'","Clinometer/laser rangefinder/sine","25.0'","300''","","Middle Prong Little Pigeon River","Jess Riddle","2004-11-03","http%3A%2F%2Fnativetreesociety.org%2Ffieldtrips%2Fgsmnp%2Fgreenbrier.htm","N"
"Tuliptree","Liriodendron tulipifera","Tennessee","Cocke","Cosby Campground Area","","","Middle Pronf Little Pigeon River","","230377","1","","","","Public - national","146.6'","Clinometer/laser rangefinder/sine","20.5'","246''","","This tree was modeled by J. Ridle and M. Davie at 1770 cubic feet trunk volume.","Jess Riddle","2004-11-03","http%3A%2F%2Fnativetreesociety.org%2Ffieldtrips%2Fgsmnp%2Fgreenbrier.htm","N"
"Tuliptree","Liriodendron tulipifera","Tennessee","Cocke","Cosby Campground Area","","","Middle Pronf Little Pigeon River","","230374","1","","","","Public - national","159.1'","Clinometer/laser rangefinder/sine","16.2'","194''","","Middle Prong Little Pigeon River","Jess Riddle","2004-11-03","http%3A%2F%2Fnativetreesociety.org%2Ffieldtrips%2Fgsmnp%2Fgreenbrier.htm","N"
"Tuliptree","Liriodendron tulipifera","Tennessee","Cocke","Hen Wallow Creek","","","","","229824","1","","","","Public - national","154.1'","Clinometer/laser rangefinder/sine","","","","","Jess Riddle","2006-01-29","http%3A%2F%2Fnativetreesociety.org%2Ffieldtrips%2Fgsmnp%2Fhen_wallow_creek.htm","N"
"Tuliptree","Liriodendron tulipifera","Tennessee","Cocke","Webb Creek","","","","","229504","1","","","","Public - national","159.0'","Clinometer/laser rangefinder/sine","","","","","Jess Riddle, Michael Davie","2005-10-11","http%3A%2F%2Fnativetreesociety.org%2Ffieldtrips%2Fgsmnp%2Fwebb_creek.htm","N"
"Tuliptree","Liriodendron tulipifera","Tennessee","Cumberland","Cumberland Mountain State Park","35 54.081","-085 00.007","","","320548","1","35 54.081","-085 00.007","1810.0 ft","Public","130.6'","Clinometer/laser rangefinder/sine","9.1'","109''","","","Elijah Whitcomb","2024-11-21","","N"
"Tuliptree","Liriodendron tulipifera","Tennessee","Cumberland","Cumberland Mountain State Park","35 54.077","-085 00.015","","","320547","1","35 54.077","-085 00.015","1810.0 ft","Public","134.4'","Clinometer/laser rangefinder/sine","7.4'","89''","","","Elijah Whitcomb","2024-11-21","","N"
"Tuliptree","Liriodendron tulipifera","Tennessee","Davidson","Edwin & Percy Warner Parks","36 03.430","-086 54.181","","","315790","1","36 03.430","-086 54.181","805.0 ft","Public","121.2'","Clinometer/laser rangefinder/sine","14.5'","174''","","","Elijah Whitcomb","2024-01-28","","N"
"Tuliptree","Liriodendron tulipifera","Tennessee","Davidson","Edwin & Percy Warner Parks","36 03.273","-086 54.530","","","315788","1","36 03.273","-086 54.530","765.0 ft","Public","137.0'","Clinometer/laser rangefinder/sine","7.9'","95''","","","Elijah Whitcomb","2024-01-28","","N"
"Tuliptree","Liriodendron tulipifera","Tennessee","Davidson","Edwin & Percy Warner Parks","36 03.260","-086 54.544","","","315789","1","36 03.260","-086 54.544","755.0 ft","Public","137.3'","Clinometer/laser rangefinder/sine","9.2'","110''","","","Elijah Whitcomb","2024-01-28","","N"
"Tuliptree","Liriodendron tulipifera","Tennessee","Davidson","Edwin & Percy Warner Parks","36 03.457","-086 54.170","","","315791","1","36 03.457","-086 54.170","740.0 ft","Public","143.0'","Clinometer/laser rangefinder/sine","9.3'","112''","","","Elijah Whitcomb","2024-01-28","","N"
"Tuliptree","Liriodendron tulipifera","Tennessee","Davidson","Edwin & Percy Warner Parks","36 03.438","-086 54.496","","","315792","1","36 03.438","-086 54.496","750.0 ft","Public","143.8'","Clinometer/laser rangefinder/sine","","","","Double trunk","Elijah Whitcomb","2024-01-28","","N"
"Tuliptree","Liriodendron tulipifera","Tennessee","Davidson","Edwin & Percy Warner Parks","36 04.700","-086 52.829","","","315802","1","36 04.700","-086 52.829","880.0 ft","Public","144.1'","Clinometer/laser rangefinder/sine","13.5'","162''","","","Elijah Whitcomb","2024-01-28","","N"
"Tuliptree","Liriodendron tulipifera","Tennessee","Davidson","Edwin & Percy Warner Parks","36 04.427","-086 52.648","","","315804","1","36 04.427","-086 52.648","835.0 ft","Public","146.0'","Clinometer/laser rangefinder/sine","14.2'","170''","","","Elijah Whitcomb","2024-01-28","","N"
"Tuliptree","Liriodendron tulipifera","Tennessee","Davidson","Edwin & Percy Warner Parks","36 03.526","-086 54.737","","","315793","1","36 03.526","-086 54.737","710.0 ft","Public","146.5'","Clinometer/laser rangefinder/sine","11.0'","131''","","","Elijah Whitcomb","2024-01-28","","N"
"Tuliptree","Liriodendron tulipifera","Tennessee","Davidson","Edwin & Percy Warner Parks","36 04.224","-086 52.692","","","315803","1","36 04.224","-086 52.692","820.0 ft","Public","150.8'","Clinometer/laser rangefinder/sine","10.9'","131''","","","Elijah Whitcomb","2024-01-28","","N"
"Tuliptree","Liriodendron tulipifera","Tennessee","Davidson","Edwin & Percy Warner Parks","36 04.264","-086 54.215","","","315834","1","36 04.264","-086 54.215","895.0 ft","Public","151.5'","Clinometer/laser rangefinder/sine","10.9'","131''","","","Elijah Whitcomb","2024-01-28","","N"
"Tuliptree","Liriodendron tulipifera","Tennessee","Davidson","Edwin & Percy Warner Parks","36 04.178","-086 53.575","","","315835","1","36 04.178","-086 53.575","815.0 ft","Public","151.6'","Clinometer/laser rangefinder/sine","12.1'","145''","","","Elijah Whitcomb","2024-01-28","","N"
"Tuliptree","Liriodendron tulipifera","Tennessee","Davidson","Greenwood Cemetery Nashville","36 08.723","-086 43.387","","","315467","1","36 08.723","-086 43.387","590.0 ft","Public","91.1'","Clinometer/laser rangefinder/sine","15.4'","184''","","","Elijah Whitcomb","2024-02-04","","N"
"Tuliptree","Liriodendron tulipifera","Tennessee","Davidson","Greenwood Cemetery Nashville","36 08.679","-086 43.488","","","315468","1","36 08.679","-086 43.488","565.0 ft","Public","92.4'","Clinometer/laser rangefinder/sine","14.5'","173''","","","Elijah Whitcomb","2024-02-04","","N"
"Tuliptree","Liriodendron tulipifera","Tennessee","Davidson","Mt. Olivet & Calvary Cemeteries","36 09.139","-086 44.234","","","315482","1","36 09.139","-086 44.234","505.0 ft","Public","116.7'","Clinometer/laser rangefinder/sine","15.8'","190''","","","Elijah Whitcomb","2024-02-10","","N"
"Tuliptree","Liriodendron tulipifera","Tennessee","Davidson","Radnor Lake State Park","36 03.904","-086 47.753","","","323294","1","36 03.904","-086 47.753","870.0 ft","Public","144.4'","Clinometer/laser rangefinder/sine","10.0'","119''","","","Elijah Whitcomb","2026-01-10","","N"
"Tuliptree","Liriodendron tulipifera","Tennessee","Davidson","Radnor Lake State Park","36 03.530","-086 48.215","","","323310","1","36 03.530","-086 48.215","840.0 ft","Public","152.0'","Clinometer/laser rangefinder/sine","","","","","Elijah Whitcomb","2026-01-10","","N"
"Tuliptree","Liriodendron tulipifera","Tennessee","Davidson","Radnor Lake State Park","36 03.420","-086 48.212","","","323316","1","36 03.420","-086 48.212","895.0 ft","Public","152.6'","Clinometer/laser rangefinder/sine","11.6'","139''","","","Elijah Whitcomb","2026-01-10","","N"
"Tuliptree","Liriodendron tulipifera","Tennessee","Davidson","Timberland Park/Big East Fork Reserve","35 58.665","-087 00.060","","","315522","1","35 58.665","-087 00.060","815.0 ft","Public/Private","140.5'","Clinometer/laser rangefinder/sine","9.0'","108''","","","Elijah Whitcomb","2024-02-25","","N"
"Tuliptree","Liriodendron tulipifera","Tennessee","Dekalb","Edgar Evins State Park","36 04.866","-085 48.335","","","320995","1","36 04.866","-085 48.335","895.0 ft","Public","152.0'","Clinometer/laser rangefinder/sine","8.0'","96''","","","Elijah Whitcomb","2025-02-01","","N"
"Tuliptree","Liriodendron tulipifera","Tennessee","Dekalb","Edgar Evins State Park","36 05.299","-085 48.695","","","321037","1","36 05.299","-085 48.695","925.0 ft","Public","161.2'","Clinometer/laser rangefinder/sine","9.1'","109''","","","Elijah Whitcomb","2025-02-01","","N"
"Tuliptree","Liriodendron tulipifera","Tennessee","Dekalb","Edgar Evins State Park","36 05.297","-085 48.702","","","321011","1","36 05.297","-085 48.702","890.0 ft","Public","166.1'","Clinometer/laser rangefinder/sine","10.1'","121''","","","Elijah Whitcomb","2025-02-01","","N"
"Tuliptree","Liriodendron tulipifera","Tennessee","Dickson","Montgomery Bell State Park","36 05.578","-087 17.621","","","323210","1","36 05.578","-087 17.621","780.0 ft","Public","130.6'","Clinometer/laser rangefinder/sine","","","","","Elijah Whitcomb","2026-01-02","","N"
"Tuliptree","Liriodendron tulipifera","Tennessee","Dickson","Montgomery Bell State Park","36 05.709","-087 17.530","","","323211","1","36 05.709","-087 17.530","775.0 ft","Public","138.4'","Clinometer/laser rangefinder/sine","11.5'","138''","","","Elijah Whitcomb","2026-01-02","","N"
"Tuliptree","Liriodendron tulipifera","Tennessee","Dickson","Montgomery Bell State Park","36 05.726","-087 17.538","","","323212","1","36 05.726","-087 17.538","745.0 ft","Public","142.2'","Clinometer/laser rangefinder/sine","6.4'","76''","","","Elijah Whitcomb","2026-01-02","","N"
"Tuliptree","Liriodendron tulipifera","Tennessee","Dickson","Montgomery Bell State Park","36 05.759","-087 17.454","","","323213","1","36 05.759","-087 17.454","745.0 ft","Public","145.3'","Clinometer/laser rangefinder/sine","10.2'","122''","","","Elijah Whitcomb","2026-01-02","","N"
"Tuliptree","Liriodendron tulipifera","Tennessee","Dickson","Montgomery Bell State Park","36 04.885","-087 17.722","","","323249","1","36 04.885","-087 17.722","695.0 ft","Public","149.1'","Clinometer/laser rangefinder/sine","12.3'","148''","","","Elijah Whitcomb","2026-01-02","","N"
"Tuliptree","Liriodendron tulipifera","Tennessee","Dickson","Montgomery Bell State Park","36 04.860","-087 17.731","","","323248","1","36 04.860","-087 17.731","700.0 ft","Public","153.4'","Clinometer/laser rangefinder/sine","11.6'","139''","","","Elijah Whitcomb","2026-01-02","","N"
"Tuliptree","Liriodendron tulipifera","Tennessee","Fentress","Pickett CCC Memorial State Park","36 34.614","-084 46.699","","","323334","1","36 34.614","-084 46.699","1450.0 ft","Public","126.0'","Clinometer/laser rangefinder/sine","","","","","Elijah Whitcomb","2025-12-20","","N"
"Tuliptree","Liriodendron tulipifera","Tennessee","Franklin","College Of The South","35 12.337","-085 56.930","","","323425","1","35 12.337","-085 56.930","1930.0 ft","Public","132.3'","Clinometer/laser rangefinder/sine","5.9'","71''","","","Elijah Whitcomb","2026-02-28","","N"
"Tuliptree","Liriodendron tulipifera","Tennessee","Franklin","College Of The South","35 12.348","-085 56.969","","","323426","1","35 12.348","-085 56.969","1925.0 ft","Public","137.1'","Clinometer/laser rangefinder/sine","7.0'","84''","","","Elijah Whitcomb","2026-02-28","","N"
"Tuliptree","Liriodendron tulipifera","Tennessee","Franklin","Dick's Cove","35 13.237","-085 57.567","","","315690","1","35 13.237","-085 57.567","1755.0 ft","Private","138.2'","Clinometer/laser rangefinder/sine","10.5'","125''","","","Elijah Whitcomb","2024-04-13","","N"
"Tuliptree","Liriodendron tulipifera","Tennessee","Franklin","Dick's Cove","35 13.360","-085 57.570","","","315689","1","35 13.360","-085 57.570","1665.0 ft","Private","143.7'","Clinometer/laser rangefinder/sine","12.9'","155''","","","Elijah Whitcomb","2024-04-13","","N"
"Tuliptree","Liriodendron tulipifera","Tennessee","Franklin","Dick's Cove","","","","","315693","1","","","","Private","150.1'","Clinometer/laser rangefinder/sine","","","","","Elijah Whitcomb","2024-04-13","","N"
"Tuliptree","Liriodendron tulipifera","Tennessee","Franklin","Lost Cove","35 09.253","-085 54.678","","","313902","1","35 09.253","-085 54.678","1090.0 ft","Public","118.4'","Clinometer/laser rangefinder/sine","5.8'","69''","","","Elijah Whitcomb","2023-12-09","","N"
"Tuliptree","Liriodendron tulipifera","Tennessee","Franklin","Lost Cove","35 10.058","-085 54.528","","","313903","1","35 10.058","-085 54.528","1205.0 ft","Public","129.8'","Clinometer/laser rangefinder/sine","4.8'","58''","","","Elijah Whitcomb","2023-12-09","","N"
"Tuliptree","Liriodendron tulipifera","Tennessee","Franklin","Lost Cove","35 10.277","-085 54.738","","","313904","1","35 10.277","-085 54.738","1270.0 ft","Public","130.7'","Clinometer/laser rangefinder/sine","6.2'","75''","","","Elijah Whitcomb","2023-12-09","","N"
"Tuliptree","Liriodendron tulipifera","Tennessee","Franklin","Lost Cove","35 10.339","-085 54.985","","","313905","1","35 10.339","-085 54.985","1340.0 ft","Public","134.1'","Clinometer/laser rangefinder/sine","5.4'","65''","","","Elijah Whitcomb","2023-12-09","","N"
"Tuliptree","Liriodendron tulipifera","Tennessee","Franklin","Shakerag Hollow","35 13.071","-085 54.967","","","323462","1","35 13.071","-085 54.967","1755.0 ft","Private","146.5'","Clinometer/laser rangefinder/sine","13.8'","165''","","","Elijah Whitcomb","2026-02-28","","N"
"Tuliptree","Liriodendron tulipifera","Tennessee","Franklin","Shakerag Hollow","35 13.068","-085 54.967","","","323430","1","35 13.068","-085 54.967","1865.0 ft","Private","148.3'","Clinometer/laser rangefinder/sine","13.6'","163''","","","Elijah Whitcomb","2026-02-28","","N"
"Tuliptree","Liriodendron tulipifera","Tennessee","Franklin","Shakerag Hollow","35 12.752","-085 54.312","","","323429","1","35 12.752","-085 54.312","1595.0 ft","Private","152.4'","Clinometer/laser rangefinder/sine","7.8'","93''","","","Elijah Whitcomb","2026-02-28","","N"
"Tuliptree","Liriodendron tulipifera","Tennessee","Franklin","Sherwood Forest State Natural Area","35 06.326","-085 54.325","","","313927","1","35 06.326","-085 54.325","1590.0 ft","Public","131.8'","Clinometer/laser rangefinder/sine","7.9'","94''","","","Elijah Whitcomb","2023-12-09","","N"
"Tuliptree","Liriodendron tulipifera","Tennessee","Franklin","Sherwood Forest State Natural Area","35 06.020","-085 54.547","","","313928","1","35 06.020","-085 54.547","1385.0 ft","Public","137.8'","Clinometer/laser rangefinder/sine","7.4'","88''","","","Elijah Whitcomb","2023-12-09","","N"
"Tuliptree","Liriodendron tulipifera","Tennessee","Grundy","Big Creek","35 26.535","-085 38.760","","","320605","1","35 26.535","-085 38.760","1305.0 ft","Public","149.1'","Clinometer/laser rangefinder/sine","6.3'","75''","","","Elijah Whitcomb","2025-01-04","","N"
"Tuliptree","Liriodendron tulipifera","Tennessee","Grundy","Collins Gulf","35 25.352","-085 36.006","","","322641","1","35 25.352","-085 36.006","1450.0 ft","Public","149.5'","Clinometer/laser rangefinder/sine","7.3'","88''","","","Elijah Whitcomb","2025-06-21","","N"
"Tuliptree","Liriodendron tulipifera","Tennessee","Grundy","Grundy Forest State Natural Area","","","234 Acres","","228906","1","","","","Public - state","146.0'","Clinometer/laser rangefinder/sine","","","","","Jess Riddle","2006-03-20","http%3A%2F%2Fnativetreesociety.org%2Ffieldtrips%2Ftennessee%2Fsavage3%2Fgrundy_forest_state_natural_area.htm","N"
"Tuliptree","Liriodendron tulipifera","Tennessee","Grundy","Savage Gulf","","","30,800 Acres in 10 units
15,590 aces in the Savage Gulf Unit","","228477","1","","","","Public - state","12.3'","Clinometer/laser rangefinder/sine","","","","","Jess Riddle, Michael Davie","2006-03-28","http%3A%2F%2Fnativetreesociety.org%2Ffieldtrips%2Ftennessee%2Fsavage2%2Fsavage_gulf_redux.htm","N"
"Tuliptree","Liriodendron tulipifera","Tennessee","Grundy","Savage Gulf","","","30,800 Acres in 10 units
15,590 aces in the Savage Gulf Unit","","228480","1","","","","Public - state","12.6'","Clinometer/laser rangefinder/sine","","","","","Jess Riddle, Michael Davie","2006-03-28","http%3A%2F%2Fnativetreesociety.org%2Ffieldtrips%2Ftennessee%2Fsavage2%2Fsavage_gulf_redux.htm","N"
"Tuliptree","Liriodendron tulipifera","Tennessee","Grundy","Savage Gulf","","","30,800 Acres in 10 units
15,590 aces in the Savage Gulf Unit","","228476","1","","","","Public - state","144.2'","Clinometer/laser rangefinder/sine","","","","","Jess Riddle, Michael Davie","2006-03-28","http%3A%2F%2Fnativetreesociety.org%2Ffieldtrips%2Ftennessee%2Fsavage2%2Fsavage_gulf_redux.htm","N"
"Tuliptree","Liriodendron tulipifera","Tennessee","Grundy","Savage Gulf","","","30,800 Acres in 10 units
15,590 aces in the Savage Gulf Unit","","228478","1","","","","Public - state","148.0'","Clinometer/laser rangefinder/sine","","","","","Jess Riddle, Michael Davie","2006-03-28","http%3A%2F%2Fnativetreesociety.org%2Ffieldtrips%2Ftennessee%2Fsavage2%2Fsavage_gulf_redux.htm","N"
"Tuliptree","Liriodendron tulipifera","Tennessee","Grundy","Savage Gulf","","","30,800 Acres in 10 units
15,590 aces in the Savage Gulf Unit","","228479","1","","","","Public - state","149.0'","Clinometer/laser rangefinder/sine","16.8'","201''","","","Jess Riddle, Michael Davie","2006-03-28","http%3A%2F%2Fnativetreesociety.org%2Ffieldtrips%2Ftennessee%2Fsavage2%2Fsavage_gulf_redux.htm","N"
"Tuliptree","Liriodendron tulipifera","Tennessee","Grundy","Savage Gulf","","","30,800 Acres in 10 units
15,590 aces in the Savage Gulf Unit","","228369","1","","","","Public - state","150.8'","Clinometer/laser rangefinder/sine","7.7'","92''","","","Jess Riddle, Michael Davie","2005-07-01","http%3A%2F%2Fnativetreesociety.org%2Ffieldtrips%2Ftennessee%2Fsavage2%2Fsavage_gulf_redux.htm","N"
"Tuliptree","Liriodendron tulipifera","Tennessee","Grundy","Savage Gulf","","","30,800 Acres in 10 units
15,590 aces in the Savage Gulf Unit","","228481","1","","","","Public - state","152.7'","Clinometer/laser rangefinder/sine","9.9'","119''","","","Jess Riddle, Michael Davie","2006-03-28","http%3A%2F%2Fnativetreesociety.org%2Ffieldtrips%2Ftennessee%2Fsavage2%2Fsavage_gulf_redux.htm","N"
"Tuliptree","Liriodendron tulipifera","Tennessee","Grundy","Savage Gulf","","","30,800 Acres in 10 units
15,590 aces in the Savage Gulf Unit","","228482","1","","","","Public - state","156.7'","Clinometer/laser rangefinder/sine","","","","","Jess Riddle, Michael Davie","2006-03-28","http%3A%2F%2Fnativetreesociety.org%2Ffieldtrips%2Ftennessee%2Fsavage2%2Fsavage_gulf_redux.htm","N"
"Tuliptree","Liriodendron tulipifera","Tennessee","Grundy","Savage Gulf","","","30,800 Acres in 10 units
15,590 aces in the Savage Gulf Unit","","228370","1","","","","Public - state","158.7'","Clinometer/laser rangefinder/sine","","","","","Jess Riddle, Michael Davie","2005-07-01","http%3A%2F%2Fnativetreesociety.org%2Ffieldtrips%2Ftennessee%2Fsavage2%2Fsavage_gulf_redux.htm","N"
"Tuliptree","Liriodendron tulipifera","Tennessee","Grundy","Savage Gulf","","","30,800 Acres in 10 units
15,590 aces in the Savage Gulf Unit","","228371","1","","","","Public - state","160.0'","Clinometer/laser rangefinder/sine","","","","","Jess Riddle, Michael Davie","2005-07-01","http%3A%2F%2Fnativetreesociety.org%2Ffieldtrips%2Ftennessee%2Fsavage2%2Fsavage_gulf_redux.htm","N"
"Tuliptree","Liriodendron tulipifera","Tennessee","Grundy","Savage Gulf","","","30,800 Acres in 10 units
15,590 aces in the Savage Gulf Unit","","228483","1","","","","Public - state","160.9'","Clinometer/laser rangefinder/sine","6.8'","82''","","","Jess Riddle, Michael Davie","2006-03-28","http%3A%2F%2Fnativetreesociety.org%2Ffieldtrips%2Ftennessee%2Fsavage2%2Fsavage_gulf_redux.htm","N"
"Tuliptree","Liriodendron tulipifera","Tennessee","Grundy","Savage Gulf","","","30,800 Acres in 10 units
15,590 aces in the Savage Gulf Unit","","228484","1","","","","Public - state","161.4'","Clinometer/laser rangefinder/sine","","","","","Jess Riddle, Michael Davie","2006-03-28","http%3A%2F%2Fnativetreesociety.org%2Ffieldtrips%2Ftennessee%2Fsavage2%2Fsavage_gulf_redux.htm","N"
"Tuliptree","Liriodendron tulipifera","Tennessee","Grundy/Marion","Fiery Gizzard","35 15.023","-085 45.045","","","320080","1","35 15.023","-085 45.045","1810.0 ft","Public","134.6'","Clinometer/laser rangefinder/sine","","","","","Elijah Whitcomb","2024-11-30","","N"
"Tuliptree","Liriodendron tulipifera","Tennessee","Grundy/Marion","Fiery Gizzard","35 15.015","-085 44.856","","","320081","1","35 15.015","-085 44.856","1830.0 ft","Public","136.1'","Clinometer/laser rangefinder/sine","","","","","Elijah Whitcomb","2024-11-30","","N"
"Tuliptree","Liriodendron tulipifera","Tennessee","Grundy/Marion","Fiery Gizzard","35 13.091","-085 43.910","","","320103","1","35 13.091","-085 43.910","1760.0 ft","Public","138.1'","Clinometer/laser rangefinder/sine","","","","","Elijah Whitcomb","2024-11-30","","N"
"Tuliptree","Liriodendron tulipifera","Tennessee","Grundy/Marion","Fiery Gizzard","35 13.266","-085 44.218","","","320104","1","35 13.266","-085 44.218","1690.0 ft","Public","139.1'","Clinometer/laser rangefinder/sine","","","","","Elijah Whitcomb","2024-11-30","","N"
"Tuliptree","Liriodendron tulipifera","Tennessee","Grundy/Marion","Fiery Gizzard","35 13.321","-085 44.241","","","320105","1","35 13.321","-085 44.241","1845.0 ft","Public","141.3'","Clinometer/laser rangefinder/sine","6.6'","79''","","","Elijah Whitcomb","2024-11-30","","N"
"Tuliptree","Liriodendron tulipifera","Tennessee","Grundy/Marion","Fiery Gizzard","35 14.760","-085 45.274","","","320112","1","35 14.760","-085 45.274","1715.0 ft","Public","142.3'","Clinometer/laser rangefinder/sine","","","","","Elijah Whitcomb","2024-11-30","","N"
"Tuliptree","Liriodendron tulipifera","Tennessee","Grundy/Marion","Fiery Gizzard","35 14.686","-085 45.219","","","320113","1","35 14.686","-085 45.219","1700.0 ft","Public","143.9'","Clinometer/laser rangefinder/sine","","","","","Elijah Whitcomb","2024-11-30","","N"
"Tuliptree","Liriodendron tulipifera","Tennessee","Grundy/Marion","Fiery Gizzard","35 14.473","-085 45.350","","","320114","1","35 14.473","-085 45.350","1650.0 ft","Public","148.4'","Clinometer/laser rangefinder/sine","9.8'","117''","","","Elijah Whitcomb","2024-11-30","","N"
"Tuliptree","Liriodendron tulipifera","Tennessee","Grundy/Marion","Fiery Gizzard","35 14.455","-085 45.393","","","320115","1","35 14.455","-085 45.393","1700.0 ft","Public","149.3'","Clinometer/laser rangefinder/sine","5.5'","66''","","","Elijah Whitcomb","2024-11-30","","N"
"Tuliptree","Liriodendron tulipifera","Tennessee","Grundy/Marion","Fiery Gizzard","35 13.766","-085 45.199","","","320148","1","35 13.766","-085 45.199","1525.0 ft","Public","149.9'","Clinometer/laser rangefinder/sine","8.1'","97''","","","Elijah Whitcomb","2024-11-30","","N"
"Tuliptree","Liriodendron tulipifera","Tennessee","Grundy/Marion","Fiery Gizzard","35 14.491","-085 45.361","","","320152","1","35 14.491","-085 45.361","1650.0 ft","Public","153.1'","Clinometer/laser rangefinder/sine","8.1'","97''","","","Elijah Whitcomb","2024-11-30","","N"
"Tuliptree","Liriodendron tulipifera","Tennessee","Grundy/Marion","Fiery Gizzard","35 14.456","-085 45.389","","","320149","1","35 14.456","-085 45.389","1650.0 ft","Public","153.4'","Clinometer/laser rangefinder/sine","6.3'","76''","","","Elijah Whitcomb","2024-11-30","","N"
"Tuliptree","Liriodendron tulipifera","Tennessee","Grundy/Marion","Fiery Gizzard","35 12.409","-085 44.359","","","320202","1","35 12.409","-085 44.359","1400.0 ft","Public","153.5'","Clinometer/laser rangefinder/sine","7.3'","88''","","","Elijah Whitcomb","2024-11-30","","N"
"Tuliptree","Liriodendron tulipifera","Tennessee","Grundy/Marion","Fiery Gizzard","35 14.309","-085 45.302","","","320150","1","35 14.309","-085 45.302","1610.0 ft","Public","153.9'","Clinometer/laser rangefinder/sine","8.6'","103''","","","Elijah Whitcomb","2024-11-30","","N"
"Tuliptree","Liriodendron tulipifera","Tennessee","Grundy/Marion","Fiery Gizzard","35 12.370","-085 44.422","","","320203","1","35 12.370","-085 44.422","1485.0 ft","Public","154.0'","Clinometer/laser rangefinder/sine","","","","","Elijah Whitcomb","2024-11-30","","N"
"Tuliptree","Liriodendron tulipifera","Tennessee","Grundy/Marion","Fiery Gizzard","35 13.036","-085 43.981","","","320196","1","35 13.036","-085 43.981","1640.0 ft","Public","154.2'","Clinometer/laser rangefinder/sine","9.8'","118''","","","Elijah Whitcomb","2024-11-30","","N"
"Tuliptree","Liriodendron tulipifera","Tennessee","Grundy/Marion","Fiery Gizzard","35 14.299","-085 45.314","","","320151","1","35 14.299","-085 45.314","1635.0 ft","Public","154.3'","Clinometer/laser rangefinder/sine","9.9'","118''","","","Elijah Whitcomb","2024-11-30","","N"
"Tuliptree","Liriodendron tulipifera","Tennessee","Grundy/Marion","Fiery Gizzard","35 14.457","-085 45.402","","","320116","1","35 14.457","-085 45.402","1695.0 ft","Public","155.3'","Clinometer/laser rangefinder/sine","6.8'","82''","","","Elijah Whitcomb","2024-11-30","","N"
"Tuliptree","Liriodendron tulipifera","Tennessee","Grundy/Marion","Fiery Gizzard","35 13.007","-085 43.990","","","320195","1","35 13.007","-085 43.990","1615.0 ft","Public","156.8'","Clinometer/laser rangefinder/sine","","","","Double trunk","Elijah Whitcomb","2024-11-30","","N"
"Tuliptree","Liriodendron tulipifera","Tennessee","Grundy/Marion","Fiery Gizzard","35 13.805","-085 45.334","","","320147","1","35 13.805","-085 45.334","1645.0 ft","Public","158.3'","Clinometer/laser rangefinder/sine","8.5'","102''","","","Elijah Whitcomb","2024-11-30","","N"
"Tuliptree","Liriodendron tulipifera","Tennessee","Grundy/Marion","Fiery Gizzard","35 13.010","-085 43.988","","","320194","1","35 13.010","-085 43.988","1615.0 ft","Public","160.1'","Clinometer/laser rangefinder/sine","6.6'","79''","","","Elijah Whitcomb","2024-11-30","","N"
"Tuliptree","Liriodendron tulipifera","Tennessee","Grundy/Marion","Fiery Gizzard","35 13.193","-085 44.166","","","320197","1","35 13.193","-085 44.166","1540.0 ft","Public","160.6'","Clinometer/laser rangefinder/sine","8.8'","106''","","","Elijah Whitcomb","2024-11-30","","N"
"Tuliptree","Liriodendron tulipifera","Tennessee","Grundy/Marion","Fiery Gizzard","35 12.714","-085 44.614","","","320176","1","35 12.714","-085 44.614","1395.0 ft","Public","161.8'","Clinometer/laser rangefinder/sine","9.0'","108''","","","Elijah Whitcomb","2024-11-30","","N"
"Tuliptree","Liriodendron tulipifera","Tennessee","Grundy/Marion","Fiery Gizzard","35 12.707","-085 44.621","","","320177","1","35 12.707","-085 44.621","1395.0 ft","Public","166.7'","Clinometer/laser rangefinder/sine","8.3'","100''","","","Elijah Whitcomb","2024-11-30","","N"
"Tuliptree","Liriodendron tulipifera","Tennessee","Hardeman","Big Hill Pond State Park","35 02.939","-088 44.295","","","313598","1","35 02.939","-088 44.295","470.0 ft","Public","124.3'","Clinometer/laser rangefinder/sine","","","","Double trunk","Elijah Whitcomb","2023-12-02","","N"
"Tuliptree","Liriodendron tulipifera","Tennessee","Hardin","Shiloh National Military Park/Cemetery","35 09.183","-088 19.161","","","298111","1","35 09.183","-088 19.161","420.0 ft","Public","127.6'","Clinometer/laser rangefinder/sine","12.9'","155''","","","Elijah Whitcomb","2023-07-08","","N"
"Tuliptree","Liriodendron tulipifera","Tennessee","Hardin","Shiloh National Military Park/Cemetery","35 09.147","-088 19.224","","","298110","1","35 09.147","-088 19.224","400.0 ft","Public","145.1'","Clinometer/laser rangefinder/sine","","","","","Elijah Whitcomb","2023-07-08","","N"
"Tuliptree","Liriodendron tulipifera","Tennessee","Haywood","Hatchie National Wildlife Refuge","35 29.568","-089 10.177","","","322729","1","35 29.568","-089 10.177","370.0 ft","Public","128.5'","Clinometer/laser rangefinder/sine","7.1'","85''","","","Elijah Whitcomb","2025-09-27","","N"
"Tuliptree","Liriodendron tulipifera","Tennessee","Haywood","Hatchie National Wildlife Refuge","35 29.505","-089 10.195","","","322730","1","35 29.505","-089 10.195","370.0 ft","Public","138.0'","Clinometer/laser rangefinder/sine","9.0'","108''","","","Elijah Whitcomb","2025-09-27","","N"
"Tuliptree","Liriodendron tulipifera","Tennessee","Jackson","Wash Morgan Hollow","","","73 Acres","","227988","1","","","","Private","128.8'","Clinometer/laser rangefinder/sine","","","","","Jess Riddle","2005-11-21","http%3A%2F%2Fnativetreesociety.org%2Ffieldtrips%2Ftennessee%2Fwash_morgan_hollow.htm","N"
"Tuliptree","Liriodendron tulipifera","Tennessee","Lauderdale","Fort Pillow State Historic Park","35 37.724","-089 50.386","","","320421","1","35 37.724","-089 50.386","365.0 ft","Public","137.1'","Clinometer/laser rangefinder/sine","16.7'","201''","","Appears older than surrounding forest","Elijah Whitcomb","2024-12-14","","N"
"Tuliptree","Liriodendron tulipifera","Tennessee","Lauderdale","Fort Pillow State Historic Park","35 38.068","-089 51.109","","","320392","1","35 38.068","-089 51.109","380.0 ft","Public","141.3'","Clinometer/laser rangefinder/sine","9.6'","115''","","","Elijah Whitcomb","2024-12-14","","N"
"Tuliptree","Liriodendron tulipifera","Tennessee","Lauderdale","Fort Pillow State Historic Park","35 38.190","-089 50.848","","","320393","1","35 38.190","-089 50.848","410.0 ft","Public","142.8'","Clinometer/laser rangefinder/sine","7.7'","92''","","","Elijah Whitcomb","2024-12-14","","N"
"Tuliptree","Liriodendron tulipifera","Tennessee","Lauderdale","Fort Pillow State Historic Park","35 38.734","-089 49.623","","","320472","1","35 38.734","-089 49.623","470.0 ft","Public","146.3'","Clinometer/laser rangefinder/sine","13.3'","160''","","","Elijah Whitcomb","2024-12-14","","N"
"Tuliptree","Liriodendron tulipifera","Tennessee","Lauderdale","Fort Pillow State Historic Park","35 38.484","-089 50.202","","","320380","1","35 38.484","-089 50.202","425.0 ft","Public","149.5'","Clinometer/laser rangefinder/sine","12.5'","150''","","","Elijah Whitcomb","2024-12-14","","N"
"Tuliptree","Liriodendron tulipifera","Tennessee","Lauderdale","Fort Pillow State Historic Park","35 37.980","-089 50.717","","","320475","1","35 37.980","-089 50.717","320.0 ft","Public","150.0'","Clinometer/laser rangefinder/sine","8.0'","96''","","","Elijah Whitcomb","2024-12-14","","N"
"Tuliptree","Liriodendron tulipifera","Tennessee","Lauderdale","Fort Pillow State Historic Park","35 37.576","-089 50.808","","","320451","1","35 37.576","-089 50.808","365.0 ft","Public","150.2'","Clinometer/laser rangefinder/sine","8.8'","105''","","","Elijah Whitcomb","2024-12-14","","N"
"Tuliptree","Liriodendron tulipifera","Tennessee","Lauderdale","Fort Pillow State Historic Park","35 38.032","-089 50.706","","","320476","1","35 38.032","-089 50.706","355.0 ft","Public","150.7'","Clinometer/laser rangefinder/sine","9.9'","118''","","","Elijah Whitcomb","2024-12-14","","N"
"Tuliptree","Liriodendron tulipifera","Tennessee","Lauderdale","Fort Pillow State Historic Park","35 38.158","-089 50.674","","","320477","1","35 38.158","-089 50.674","370.0 ft","Public","151.0'","Clinometer/laser rangefinder/sine","9.6'","115''","","","Elijah Whitcomb","2024-12-14","","N"
"Tuliptree","Liriodendron tulipifera","Tennessee","Lauderdale","Fort Pillow State Historic Park","35 38.302","-089 49.760","","","320414","1","35 38.302","-089 49.760","445.0 ft","Public","152.3'","Clinometer/laser rangefinder/sine","10.1'","121''","","","Elijah Whitcomb","2024-12-14","","N"
"Tuliptree","Liriodendron tulipifera","Tennessee","Lauderdale","Fort Pillow State Historic Park","35 38.761","-089 49.931","","","320518","1","35 38.761","-089 49.931","430.0 ft","Public","154.3'","Clinometer/laser rangefinder/sine","12.8'","154''","","","Elijah Whitcomb","2024-12-14","","N"
"Tuliptree","Liriodendron tulipifera","Tennessee","Lauderdale","Fort Pillow State Historic Park","35 37.667","-089 51.016","","","320452","1","35 37.667","-089 51.016","445.0 ft","Public","155.2'","Clinometer/laser rangefinder/sine","11.6'","140''","","","Elijah Whitcomb","2024-12-14","","N"
"Tuliptree","Liriodendron tulipifera","Tennessee","Lauderdale","Fort Pillow State Historic Park","35 38.763","-089 49.911","","","320519","1","35 38.763","-089 49.911","425.0 ft","Public","156.0'","Clinometer/laser rangefinder/sine","11.5'","138''","","","Elijah Whitcomb","2024-12-14","","N"
"Tuliptree","Liriodendron tulipifera","Tennessee","Lauderdale","Fort Pillow State Historic Park","35 37.629","-089 50.945","","","320453","1","35 37.629","-089 50.945","395.0 ft","Public","160.5'","Clinometer/laser rangefinder/sine","10.0'","120''","","","Elijah Whitcomb","2024-12-14","","N"
"Tuliptree","Liriodendron tulipifera","Tennessee","Lawrence","David Crockett State Park","35 15.062","-087 21.033","","","312574","1","35 15.062","-087 21.033","870.0 ft","Public","141.1'","Clinometer/laser rangefinder/sine","","","","Double trunk","Elijah Whitcomb","2023-11-18","","N"
"Tuliptree","Liriodendron tulipifera","Tennessee","Lawrence","David Crockett State Park","35 15.945","-087 21.491","","","312559","1","35 15.945","-087 21.491","925.0 ft","Public","141.5'","Clinometer/laser rangefinder/sine","7.2'","86''","","","Elijah Whitcomb","2023-11-18","","N"
"Tuliptree","Liriodendron tulipifera","Tennessee","Lawrence","David Crockett State Park","35 15.020","-087 21.484","","","312572","1","35 15.020","-087 21.484","885.0 ft","Public","148.0'","Clinometer/laser rangefinder/sine","7.2'","87''","","","Elijah Whitcomb","2023-11-18","","N"
"Tuliptree","Liriodendron tulipifera","Tennessee","Lawrence","David Crockett State Park","35 15.100","-087 21.533","","","312573","1","35 15.100","-087 21.533","935.0 ft","Public","151.0'","Clinometer/laser rangefinder/sine","8.4'","100''","","","Elijah Whitcomb","2023-11-18","","N"
"Tuliptree","Liriodendron tulipifera","Tennessee","Macon","Winding Stairs Park","","","","","323364","1","","","","Public","150.4'","Clinometer/laser rangefinder/sine","","","","","Elijah Whitcomb","2026-02-20","","N"
"Tuliptree","Liriodendron tulipifera","Tennessee","Macon","Winding Stairs Park","36 30.944","-086 03.217","","","323363","1","36 30.944","-086 03.217","950.0 ft","Public","154.0'","Clinometer/laser rangefinder/sine","9.1'","109''","","","Elijah Whitcomb","2026-02-20","","N"
"Tuliptree","Liriodendron tulipifera","Tennessee","Maury","Chickasaw Trace Park","35 40.117","-087 05.487","","","301173","1","35 40.117","-087 05.487","615.0 ft","Public","122.4'","Clinometer/laser rangefinder/sine","","","","","Elijah Whitcomb","2023-09-02","","N"
"Tuliptree","Liriodendron tulipifera","Tennessee","Maury","Chickasaw Trace Park","35 40.129","-087 05.485","","","301172","1","35 40.129","-087 05.485","610.0 ft","Public","123.0'","Clinometer/laser rangefinder/sine","","","","","Elijah Whitcomb","2023-09-02","","N"
"Tuliptree","Liriodendron tulipifera","Tennessee","Montgomery","Dunbar Cave State Park","36 33.230","-087 18.426","","","323359","1","36 33.230","-087 18.426","515.0 ft","Public","145.1'","Clinometer/laser rangefinder/sine","9.9'","119''","","","Elijah Whitcomb","2025-12-13","","N"
"Tuliptree","Liriodendron tulipifera","Tennessee","Moore","Tim's Ford State Park","35 12.842","-086 15.002","","","315621","1","35 12.842","-086 15.002","900.0 ft","Public","148.1'","Clinometer/laser rangefinder/sine","8.2'","99''","","","Elijah Whitcomb","2024-04-07","","N"
"Tuliptree","Liriodendron tulipifera","Tennessee","Morgan","Frozen Head State Park","","","","","275098","1","","","","Public","","Clinometer/laser rangefinder/sine","11.3'","136''","","","Jess Riddle, Adam Mountain","2015-11-27","","N"
"Tuliptree","Liriodendron tulipifera","Tennessee","Morgan","Frozen Head State Park","","","","","275099","1","","","","Public","","Clinometer/laser rangefinder/sine","13.9'","167''","","","Jess Riddle, Adam Mountain","2015-11-27","","N"
"Tuliptree","Liriodendron tulipifera","Tennessee","Morgan","Frozen Head State Park","","","","","275100","1","","","","Public","","Clinometer/laser rangefinder/sine","12.8'","153''","","","Jess Riddle, Adam Mountain","2015-11-27","","N"
"Tuliptree","Liriodendron tulipifera","Tennessee","Morgan","Frozen Head State Park","36 05.940","-084 28.145","","","323790","1","36 05.940","-084 28.145","2600.0 ft","Public","136.3'","Clinometer/laser rangefinder/sine","14.2'","170''","","","Elijah Whitcomb, Jess Riddle","2026-05-16","","N"
"Tuliptree","Liriodendron tulipifera","Tennessee","Morgan","Frozen Head State Park","","","","","275118","1","","","","Public","147.3'","Clinometer/laser rangefinder/sine","","","","","Jess Riddle, Adam Mountain","2015-11-27","","N"
"Tuliptree","Liriodendron tulipifera","Tennessee","Morgan","Frozen Head State Park","","","","","275119","1","","","","Public","149.0'","Clinometer/laser rangefinder/sine","","","","","Jess Riddle, Adam Mountain","2015-11-27","","N"
"Tuliptree","Liriodendron tulipifera","Tennessee","Morgan","Frozen Head State Park","36 06.721","-084 30.028","","","323643","1","36 06.721","-084 30.028","2045.0 ft","Public","150.8'","Clinometer/laser rangefinder/sine","","","","","Elijah Whitcomb, Jess Riddle","2026-05-16","","N"
"Tuliptree","Liriodendron tulipifera","Tennessee","Morgan","Frozen Head State Park","36 05.209","-084 28.245","","","323832","1","36 05.209","-084 28.245","2300.0 ft","Public","153.5'","Clinometer/laser rangefinder/sine","","","","","Elijah Whitcomb, Jess Riddle","2026-05-16","","N"
"Tuliptree","Liriodendron tulipifera","Tennessee","Morgan","Frozen Head State Park","36 06.879","-084 27.981","","","323794","1","36 06.879","-084 27.981","2230.0 ft","Public","154.7'","Clinometer/laser rangefinder/sine","8.0'","96''","","","Elijah Whitcomb, Jess Riddle","2026-05-16","","N"
"Tuliptree","Liriodendron tulipifera","Tennessee","Morgan","Frozen Head State Park","36 07.467","-084 26.873","","","323821","1","36 07.467","-084 26.873","2660.0 ft","Public","154.8'","Clinometer/laser rangefinder/sine","10.6'","127''","","","Elijah Whitcomb, Jess Riddle","2026-05-16","","N"
"Tuliptree","Liriodendron tulipifera","Tennessee","Morgan","Frozen Head State Park","36 05.207","-084 28.213","","","323834","1","36 05.207","-084 28.213","2255.0 ft","Public","155.3'","Clinometer/laser rangefinder/sine","6.8'","82''","","","Elijah Whitcomb, Jess Riddle","2026-05-16","","N"
"Tuliptree","Liriodendron tulipifera","Tennessee","Morgan","Frozen Head State Park","36 05.201","-084 28.212","","","323833","1","36 05.201","-084 28.212","2240.0 ft","Public","157.6'","Clinometer/laser rangefinder/sine","","","","","Elijah Whitcomb, Jess Riddle","2026-05-16","","N"
"Tuliptree","Liriodendron tulipifera","Tennessee","Morgan","Frozen Head State Park","36 07.149","-084 27.118","","","323610","1","36 07.149","-084 27.118","2550.0 ft","Public","158.4'","Clinometer/laser rangefinder/sine","","","","","Elijah Whitcomb, Jess Riddle","2026-05-16","","N"
"Tuliptree","Liriodendron tulipifera","Tennessee","Morgan","Frozen Head State Park","36 06.493","-084 30.271","","","323785","1","36 06.493","-084 30.271","2455.0 ft","Public","158.4'","Clinometer/laser rangefinder/sine","8.6'","103''","","","Elijah Whitcomb, Jess Riddle","2026-05-16","","N"
"Tuliptree","Liriodendron tulipifera","Tennessee","Morgan","Frozen Head State Park","36 05.321","-084 28.189","","","323837","1","36 05.321","-084 28.189","2300.0 ft","Public","158.5'","Clinometer/laser rangefinder/sine","7.2'","86''","","","Elijah Whitcomb, Jess Riddle","2026-05-16","","N"
"Tuliptree","Liriodendron tulipifera","Tennessee","Morgan","Frozen Head State Park","","","","","275120","1","","","","Public","159.1'","Clinometer/laser rangefinder/sine","9.0'","108''","","","Jess Riddle, Adam Mountain","2015-11-27","","N"
"Tuliptree","Liriodendron tulipifera","Tennessee","Morgan","Frozen Head State Park","36 08.586","-084 28.047","","","323757","1","36 08.586","-084 28.047","2100.0 ft","Public","161.0'","Clinometer/laser rangefinder/sine","","","","","Elijah Whitcomb, Jess Riddle","2026-05-16","","N"
"Tuliptree","Liriodendron tulipifera","Tennessee","Morgan","Frozen Head State Park","36 07.328","-084 26.901","","","323820","1","36 07.328","-084 26.901","2240.0 ft","Public","162.4'","Clinometer/laser rangefinder/sine","7.9'","95''","","","Elijah Whitcomb, Jess Riddle","2026-05-16","","N"
"Tuliptree","Liriodendron tulipifera","Tennessee","Morgan","Frozen Head State Park","36 06.452","-084 30.064","","","323644","1","36 06.452","-084 30.064","2525.0 ft","Public","162.5'","Clinometer/laser rangefinder/sine","8.6'","103''","","","Elijah Whitcomb, Jess Riddle","2026-05-16","","N"
"Tuliptree","Liriodendron tulipifera","Tennessee","Morgan","Frozen Head State Park","36 06.452","-084 30.050","","","323782","1","36 06.452","-084 30.050","2500.0 ft","Public","164.0'","Clinometer/laser rangefinder/sine","8.1'","97''","","","Elijah Whitcomb, Jess Riddle","2026-05-16","","N"
"Tuliptree","Liriodendron tulipifera","Tennessee","Morgan","Frozen Head State Park","36 05.160","-084 28.179","","","323835","1","36 05.160","-084 28.179","2135.0 ft","Public","164.0'","Clinometer/laser rangefinder/sine","8.5'","102''","","","Elijah Whitcomb, Jess Riddle","2026-05-16","","N"
"Tuliptree","Liriodendron tulipifera","Tennessee","Morgan","Frozen Head State Park","","","","","323695","1","","","","Public","164.4'","Clinometer/laser rangefinder/sine","8.3'","99''","","","Elijah Whitcomb, Jess Riddle","2026-05-16","","N"
"Tuliptree","Liriodendron tulipifera","Tennessee","Morgan","Frozen Head State Park","","","","","323698","1","","","","Public","164.4'","Clinometer/laser rangefinder/sine","10.1'","121''","","","Elijah Whitcomb, Jess Riddle","2026-05-16","","N"
"Tuliptree","Liriodendron tulipifera","Tennessee","Morgan","Frozen Head State Park","36 05.311","-084 28.205","","","323836","1","36 05.311","-084 28.205","2340.0 ft","Public","164.8'","Clinometer/laser rangefinder/sine","","","","","Elijah Whitcomb, Jess Riddle","2026-05-16","","N"
"Tuliptree","Liriodendron tulipifera","Tennessee","Morgan","Frozen Head State Park","","","","","323696","1","","","","Public","167.0'","Clinometer/laser rangefinder/sine","7.6'","91''","","","Elijah Whitcomb, Jess Riddle","2026-05-16","","N"
"Tuliptree","Liriodendron tulipifera","Tennessee","Morgan","Frozen Head State Park","","","","","323697","1","","","","Public","169.3'","Clinometer/laser rangefinder/sine","8.8'","106''","","","Elijah Whitcomb, Jess Riddle","2026-05-16","","N"
"Tuliptree","Liriodendron tulipifera","Tennessee","Morgan","Frozen Head State Park","36 09.576","-084 29.225","","","323738","1","36 09.576","-084 29.225","1870.0 ft","Public","171.3'","Clinometer/laser rangefinder/sine","9.4'","113''","","","Elijah Whitcomb, Jess Riddle","2026-05-16","","N"
"Tuliptree","Liriodendron tulipifera","Tennessee","Morgan","Frozen Head State Park","36 08.198","-084 28.182","","","323650","1","36 08.198","-084 28.182","1645.0 ft","Public","171.5'","Clinometer/laser rangefinder/sine","9.5'","114''","","","Elijah Whitcomb, Jess Riddle","2026-05-16","","N"
"Tuliptree","Liriodendron tulipifera","Tennessee","Overton","Standing Stone State Park","36 28.283","-085 24.666","","","322661","1","36 28.283","-085 24.666","855.0 ft","Public","130.7'","Clinometer/laser rangefinder/sine","7.4'","88''","","","Elijah Whitcomb","2025-07-05","","N"
"Tuliptree","Liriodendron tulipifera","Tennessee","Overton","Standing Stone State Park","36 28.081","-085 24.733","","","322662","1","36 28.081","-085 24.733","860.0 ft","Public","135.0'","Clinometer/laser rangefinder/sine","7.4'","89''","","","Elijah Whitcomb","2025-07-05","","N"
"Tuliptree","Liriodendron tulipifera","Tennessee","Scott","Big South Fork","36 34.645","-084 36.311","","","323498","1","36 34.645","-084 36.311","930.0 ft","NPS","131.5'","Clinometer/laser rangefinder/sine","6.6'","79''","","","Elijah Whitcomb","2026-03-28","","N"
"Tuliptree","Liriodendron tulipifera","Tennessee","Scott","Big South Fork","36 34.413","-084 36.690","","","323499","1","36 34.413","-084 36.690","1120.0 ft","NPS","137.3'","Clinometer/laser rangefinder/sine","7.9'","95''","","","Elijah Whitcomb","2026-03-28","","N"
"Tuliptree","Liriodendron tulipifera","Tennessee","Scott","Big South Fork","36 27.138","-084 41.781","","","323541","1","36 27.138","-084 41.781","1175.0 ft","NPS","143.3'","Clinometer/laser rangefinder/sine","8.1'","97''","","","Elijah Whitcomb","2026-03-28","","N"
"Tuliptree","Liriodendron tulipifera","Tennessee","Scott","Big South Fork","36 27.141","-084 39.145","","","323560","1","36 27.141","-084 39.145","1155.0 ft","NPS","154.7'","Clinometer/laser rangefinder/sine","7.7'","92''","","","Elijah Whitcomb","2026-03-28","","N"
"Tuliptree","Liriodendron tulipifera","Tennessee","Sevier","Bald Top Ridge","","","","","229707","1","","","","Public - national","136.4'","Clinometer/laser rangefinder/sine","","","","","Jess Riddle","2005-11-05","http%3A%2F%2Fnativetreesociety.org%2Ffieldtrips%2Fgsmnp%2Fbald_top_ridge.htm","N"
"Tuliptree","Liriodendron tulipifera","Tennessee","Sevier","Bald Top Ridge","","","","","229708","1","","","","Public - national","151.9'","Clinometer/laser rangefinder/sine","","","","","Jess Riddle","2005-11-05","http%3A%2F%2Fnativetreesociety.org%2Ffieldtrips%2Fgsmnp%2Fbald_top_ridge.htm","N"
"Tuliptree","Liriodendron tulipifera","Tennessee","Sevier","Bald Top Ridge","","","","","229709","1","","","","Public - national","152.7'","Clinometer/laser rangefinder/sine","","","","","Jess Riddle","2005-11-05","http%3A%2F%2Fnativetreesociety.org%2Ffieldtrips%2Fgsmnp%2Fbald_top_ridge.htm","N"
"Tuliptree","Liriodendron tulipifera","Tennessee","Sevier","Bald Top Ridge","","","","","229710","1","","","","Public - national","159.5'","Clinometer/laser rangefinder/sine","","","","","Jess Riddle","2005-11-05","http%3A%2F%2Fnativetreesociety.org%2Ffieldtrips%2Fgsmnp%2Fbald_top_ridge.htm","N"
"Tuliptree","Liriodendron tulipifera","Tennessee","Sevier","Bible Creek","","","Location of this site is unknown","","229117","1","","","","Public - national","","Clinometer/laser rangefinder/sine","14.8'","177''","","","Jess Riddle","2004-08-28","http%3A%2F%2Fnativetreesociety.org%2Ffieldtrips%2Fgsmnp%2Fbible_creek.htm","N"
"Tuliptree","Liriodendron tulipifera","Tennessee","Sevier","Bible Creek","","","Location of this site is unknown","","229120","1","","","","Public - national","141.8'","Clinometer/laser rangefinder/sine","19.0'","228''","","","Jess Riddle","2004-08-28","http%3A%2F%2Fnativetreesociety.org%2Ffieldtrips%2Fgsmnp%2Fbible_creek.htm","N"
"Tuliptree","Liriodendron tulipifera","Tennessee","Sevier","Boulevard Prong","35 40.106","-083 23.978","Trees measured in a group outing by B. Beduhn, W. Blozan, J. Childs, R. Granade, J. Riddle, & E. Whitcomb","","322102","1","35 40.106","-083 23.978","3070.0 ft","Public","152.0'","Clinometer/laser rangefinder/sine","17.4'","209''","","","Elijah Whitcomb, Brian Beduhn, Jess Riddle","2025-04-12","","N"
"Tuliptree","Liriodendron tulipifera","Tennessee","Sevier","Boulevard Prong","35 40.114","-083 23.946","Trees measured in a group outing by B. Beduhn, W. Blozan, J. Childs, R. Granade, J. Riddle, & E. Whitcomb","","322103","1","35 40.114","-083 23.946","2995.0 ft","Public","178.6'","Clinometer/laser rangefinder/sine","16.7'","200''","","","Elijah Whitcomb, Brian Beduhn, Jess Riddle","2025-04-12","","N"
"Tuliptree","Liriodendron tulipifera","Tennessee","Sevier","Burnt Mountain","35 38.888","-083 33.918","Trees measured in a group outing by B. Beduhn, R. Granade, J. Riddle, & E. Whitcomb","","322132","1","35 38.888","-083 33.918","2590.0 ft","Public","184.0'","Clinometer/laser rangefinder/sine","","","","","Brian Beduhn, Jess Riddle, Elijah Whitcomb","2025-04-13","","N"
"Tuliptree","Liriodendron tulipifera","Tennessee","Sevier","Cucumber Gap","35 38.264","-083 33.905","","","322121","1","35 38.264","-083 33.905","3100.0 ft","Public","177.0'","Clinometer/laser rangefinder/sine","9.3'","112''","","","Brian Beduhn, Elijah Whitcomb","2025-04-13","","N"
"Tuliptree","Liriodendron tulipifera","Tennessee","Sevier","Cucumber Gap","35 38.243","-083 33.905","","","322122","1","35 38.243","-083 33.905","3110.0 ft","Public","180.3'","Clinometer/laser rangefinder/sine","9.5'","114''","","","Brian Beduhn, Elijah Whitcomb","2025-04-13","","N"
"Tuliptree","Liriodendron tulipifera","Tennessee","Sevier","Cucumber Gap","","","","","322124","1","","","","Public","181.3'","Clinometer/laser rangefinder/sine","","","","","Brian Beduhn, Elijah Whitcomb","2025-04-13","","N"
"Tuliptree","Liriodendron tulipifera","Tennessee","Sevier","Cucumber Gap","35 38.239","-083 33.868","","","322125","1","35 38.239","-083 33.868","3095.0 ft","Public","182.3'","Clinometer/laser rangefinder/sine","","","","","Brian Beduhn, Elijah Whitcomb","2025-04-13","","N"
"Tuliptree","Liriodendron tulipifera","Tennessee","Sevier","Cucumber Gap","35 38.218","-083 33.919","","","322123","1","35 38.218","-083 33.919","3135.0 ft","Public","184.8'","Clinometer/laser rangefinder/sine","","","","","Brian Beduhn, Elijah Whitcomb","2025-04-13","","N"
"Tuliptree","Liriodendron tulipifera","Tennessee","Sevier","False Gap Prong","","","","","243324","1","","","","Public - national","167.8'","Clinometer/laser rangefinder/sine","7.9'","95''","","On Middle Prong Little Pigeon River","Jess Riddle","2007-02-18","http%3A%2F%2Fnativetreesociety.org%2Ffieldtrips%2Fgsmnp%2Ffalse_gap_prong.htm","N"
"Tuliptree","Liriodendron tulipifera","Tennessee","Sevier","Great Smoky Mountains National Park - Ramsey Cascade Trail","35 42.533","-083 19.200","","","105183","1","35 42.533","-083 19.200","3307.1 ft","Federal","140.4'","","19.5'","233''","","I lead a hike with Roger McCoy up Ramsey's Cascade Trail. Tree is likely well known.","Greg Schmidt, Roger Mccoy","2015-04-24","","N"
"Tuliptree","Liriodendron tulipifera","Tennessee","Sevier","Meigs Mountain Trail/Jakes Creek Connector","","","","","39636","1","","","","GSMNP Public","149.9'","Clinometer/laser rangefinder/sine","","","","","Brian Beduhn","2012-02-26","http%3A%2F%2Fwww.ents-bbs.org%2Fviewtopic.php%3Ff%3D74%26t%3D3753","N"
"Tuliptree","Liriodendron tulipifera","Tennessee","Sevier","Meigs Mountain Trail/Jakes Creek Connector","","","","","39635","1","","","","GSMNP Public","150.0'","Clinometer/laser rangefinder/sine","","","","","Brian Beduhn","2012-02-26","http%3A%2F%2Fwww.ents-bbs.org%2Fviewtopic.php%3Ff%3D74%26t%3D3753","N"
"Tuliptree","Liriodendron tulipifera","Tennessee","Sevier","Meigs Mountain Trail/Jakes Creek Connector","","","","","39634","1","","","","GSMNP Public","153.0'","Clinometer/laser rangefinder/sine","","","","","Brian Beduhn","2012-02-26","http%3A%2F%2Fwww.ents-bbs.org%2Fviewtopic.php%3Ff%3D74%26t%3D3753","N"
"Tuliptree","Liriodendron tulipifera","Tennessee","Sevier","Meigs Mountain Trail/Jakes Creek Connector","","","","","39633","1","","","","GSMNP Public","153.5'","Clinometer/laser rangefinder/sine","","","","","Brian Beduhn","2012-02-26","http%3A%2F%2Fwww.ents-bbs.org%2Fviewtopic.php%3Ff%3D74%26t%3D3753","N"
"Tuliptree","Liriodendron tulipifera","Tennessee","Sevier","Meigs Mountain Trail/Jakes Creek Connector","","","","","39632","1","","","","GSMNP Public","154.5'","Clinometer/laser rangefinder/sine","","","","","Brian Beduhn","2012-02-26","http%3A%2F%2Fwww.ents-bbs.org%2Fviewtopic.php%3Ff%3D74%26t%3D3753","N"
"Tuliptree","Liriodendron tulipifera","Tennessee","Sevier","Meigs Mountain Trail/Jakes Creek Connector","","","","","39631","1","","","","GSMNP Public","155.6'","Clinometer/laser rangefinder/sine","","","","","Brian Beduhn","2012-02-26","http%3A%2F%2Fwww.ents-bbs.org%2Fviewtopic.php%3Ff%3D74%26t%3D3753","N"
"Tuliptree","Liriodendron tulipifera","Tennessee","Sevier","Meigs Mountain Trail/Jakes Creek Connector","","","","","39630","1","","","","GSMNP Public","156.0'","Clinometer/laser rangefinder/sine","","","","","Brian Beduhn","2012-02-26","http%3A%2F%2Fwww.ents-bbs.org%2Fviewtopic.php%3Ff%3D74%26t%3D3753","N"
"Tuliptree","Liriodendron tulipifera","Tennessee","Sevier","Meigs Mountain Trail/Jakes Creek Connector","","","","","39629","1","","","","GSMNP Public","163.8'","Clinometer/laser rangefinder/sine","","","","","Brian Beduhn","2012-02-26","http%3A%2F%2Fwww.ents-bbs.org%2Fviewtopic.php%3Ff%3D74%26t%3D3753","N"
"Tuliptree","Liriodendron tulipifera","Tennessee","Sevier","Meigs Mountain Trail/Jakes Creek Connector","","","","","39628","1","","","","GSMNP Public","164.1'","Clinometer/laser rangefinder/sine","","","","","Brian Beduhn","2012-02-26","http%3A%2F%2Fwww.ents-bbs.org%2Fviewtopic.php%3Ff%3D74%26t%3D3753","N"
"Tuliptree","Liriodendron tulipifera","Tennessee","Sevier","Meigs Mountain Trail/Jakes Creek Connector","","","","","39627","1","","","","GSMNP Public","166.6'","Clinometer/laser rangefinder/sine","","","","","Brian Beduhn","2012-02-26","http%3A%2F%2Fwww.ents-bbs.org%2Fviewtopic.php%3Ff%3D74%26t%3D3753","N"
"Tuliptree","Liriodendron tulipifera","Tennessee","Sevier","Porters Bowl","","","","","229882","1","","","","Public - national","","Clinometer/laser rangefinder/sine","7.2'","86''","","","Jess Riddle","2003-10-19","http%3A%2F%2Fnativetreesociety.org%2Ffieldtrips%2Fgsmnp%2Fgreenbrier.htm","N"
"Tuliptree","Liriodendron tulipifera","Tennessee","Sevier","Porters Bowl","","","","","229886","1","","","","Public - national","","Clinometer/laser rangefinder/sine","5.4'","65''","","","Jess Riddle","2003-10-19","http%3A%2F%2Fnativetreesociety.org%2Ffieldtrips%2Fgsmnp%2Fgreenbrier.htm","N"
"Tuliptree","Liriodendron tulipifera","Tennessee","Sevier","Porters Bowl","","","","","229938","1","","","","Public - national","132.8'","Clinometer/laser rangefinder/sine","25.3'","304''","","","Jess Riddle","2004-11-03","http%3A%2F%2Fnativetreesociety.org%2Ffieldtrips%2Fgsmnp%2Fgreenbrier.htm","N"
"Tuliptree","Liriodendron tulipifera","Tennessee","Sevier","Porters Bowl","","","","","229876","1","","","","Public - national","140.2'","Clinometer/laser rangefinder/sine","","","","","Jess Riddle","2003-10-19","http%3A%2F%2Fnativetreesociety.org%2Ffieldtrips%2Fgsmnp%2Fgreenbrier.htm","N"
"Tuliptree","Liriodendron tulipifera","Tennessee","Sevier","Porters Bowl","","","","","229877","1","","","","Public - national","141.8'","Clinometer/laser rangefinder/sine","9.0'","108''","","","Jess Riddle","2003-10-19","http%3A%2F%2Fnativetreesociety.org%2Ffieldtrips%2Fgsmnp%2Fgreenbrier.htm","N"
"Tuliptree","Liriodendron tulipifera","Tennessee","Sevier","Porters Bowl","","","","","229878","1","","","","Public - national","143.8'","Clinometer/laser rangefinder/sine","","","","","Jess Riddle","2003-10-19","http%3A%2F%2Fnativetreesociety.org%2Ffieldtrips%2Fgsmnp%2Fgreenbrier.htm","N"
"Tuliptree","Liriodendron tulipifera","Tennessee","Sevier","Porters Bowl","","","","","229920","1","","","","Public - national","144.3'","Clinometer/laser rangefinder/sine","","","","","Jess Riddle","2004-11-03","http%3A%2F%2Fnativetreesociety.org%2Ffieldtrips%2Fgsmnp%2Fgreenbrier.htm","N"
"Tuliptree","Liriodendron tulipifera","Tennessee","Sevier","Porters Bowl","","","","","229921","1","","","","Public - national","146.0'","Clinometer/laser rangefinder/sine","18.3'","219''","","","Jess Riddle","2004-11-03","http%3A%2F%2Fnativetreesociety.org%2Ffieldtrips%2Fgsmnp%2Fgreenbrier.htm","N"
"Tuliptree","Liriodendron tulipifera","Tennessee","Sevier","Porters Bowl","","","","","229879","1","","","","Public - national","149.1'","Clinometer/laser rangefinder/sine","","","","","Jess Riddle","2003-10-19","http%3A%2F%2Fnativetreesociety.org%2Ffieldtrips%2Fgsmnp%2Fgreenbrier.htm","N"
"Tuliptree","Liriodendron tulipifera","Tennessee","Sevier","Porters Bowl","","","","","229880","1","","","","Public - national","149.9'","Clinometer/laser rangefinder/sine","","","","","Jess Riddle","2003-10-19","http%3A%2F%2Fnativetreesociety.org%2Ffieldtrips%2Fgsmnp%2Fgreenbrier.htm","N"
"Tuliptree","Liriodendron tulipifera","Tennessee","Sevier","Porters Bowl","","","","","229922","1","","","","Public - national","151.1'","Clinometer/laser rangefinder/sine","","","","","Jess Riddle","2004-11-03","http%3A%2F%2Fnativetreesociety.org%2Ffieldtrips%2Fgsmnp%2Fgreenbrier.htm","N"
"Tuliptree","Liriodendron tulipifera","Tennessee","Sevier","Porters Bowl","","","","","229881","1","","","","Public - national","151.8'","Clinometer/laser rangefinder/sine","6.3'","76''","","","Jess Riddle","2003-10-19","http%3A%2F%2Fnativetreesociety.org%2Ffieldtrips%2Fgsmnp%2Fgreenbrier.htm","N"
"Tuliptree","Liriodendron tulipifera","Tennessee","Sevier","Porters Bowl","","","","","229883","1","","","","Public - national","152.7'","Clinometer/laser rangefinder/sine","7.8'","93''","","","Jess Riddle","2003-10-19","http%3A%2F%2Fnativetreesociety.org%2Ffieldtrips%2Fgsmnp%2Fgreenbrier.htm","N"
"Tuliptree","Liriodendron tulipifera","Tennessee","Sevier","Porters Bowl","","","","","229884","1","","","","Public - national","153.3'","Clinometer/laser rangefinder/sine","","","","","Jess Riddle","2003-10-19","http%3A%2F%2Fnativetreesociety.org%2Ffieldtrips%2Fgsmnp%2Fgreenbrier.htm","N"
"Tuliptree","Liriodendron tulipifera","Tennessee","Sevier","Porters Bowl","","","","","229885","1","","","","Public - national","154.7'","Clinometer/laser rangefinder/sine","","","","","Jess Riddle","2003-10-19","http%3A%2F%2Fnativetreesociety.org%2Ffieldtrips%2Fgsmnp%2Fgreenbrier.htm","N"
"Tuliptree","Liriodendron tulipifera","Tennessee","Sevier","Porters Bowl","","","","","229923","1","","","","Public - national","156.2'","Clinometer/laser rangefinder/sine","","","","","Jess Riddle","2004-11-03","http%3A%2F%2Fnativetreesociety.org%2Ffieldtrips%2Fgsmnp%2Fgreenbrier.htm","N"
"Tuliptree","Liriodendron tulipifera","Tennessee","Sevier","Porters Bowl","","","","","229939","1","","","","Public - national","159.1'","Clinometer/laser rangefinder/sine","16.2'","194''","","","Jess Riddle","2004-11-03","http%3A%2F%2Fnativetreesociety.org%2Ffieldtrips%2Fgsmnp%2Fgreenbrier.htm","N"
"Tuliptree","Liriodendron tulipifera","Tennessee","Sevier","Porters Bowl","","","","","229924","1","","","","Public - national","161.0'","Clinometer/laser rangefinder/sine","21.8'","262''","","","Jess Riddle","2004-11-03","http%3A%2F%2Fnativetreesociety.org%2Ffieldtrips%2Fgsmnp%2Fgreenbrier.htm","N"
"Tuliptree","Liriodendron tulipifera","Tennessee","Sevier","Smokey Mountains National Park","","","","","204869","1","","","","public","164.0'","Clinometer/laser rangefinder/sine","","","","","Stefan Radivoyevitch","2020-02-24","","N"
"Tuliptree","Liriodendron tulipifera","Tennessee","Sevier","Smokey Mountains National Park","","","","","204867","1","","","","public","167.0'","Clinometer/laser rangefinder/sine","","","","","Stefan Radivoyevitch","2020-02-24","","N"
"Tuliptree","Liriodendron tulipifera","Tennessee","Sevier","Sugarland Mountain","","","Access is off of US 441 South which parallels the West Prong of Little Pigeon River.","","229217","1","","","","Public - national","148.1'","Clinometer/laser rangefinder/sine","20.1'","241''","","Height is Not Less Than (NLT)","Jess Riddle","2006-10-20","http%3A%2F%2Fnativetreesociety.org%2Ffieldtrips%2Fgsmnp%2Fsugarland%2Fsugarland_mountain.htm","N"
"Tuliptree","Liriodendron tulipifera","Tennessee","Shelby","Elmwood Cemetery","","","Established 1852","","228508","1","","","","Private","91.8'","Clinometer/laser rangefinder/sine","17.3'","208''","","","Beth Koebel, Linley Schmidt","2008-05-30","http%3A%2F%2Fnativetreesociety.org%2Ffieldtrips%2Ftennessee%2Felmwood_cemetery_memphis.htm","N"
"Tuliptree","Liriodendron tulipifera","Tennessee","Shelby","Meeman-Shelby Forest State Park","35 21.214","-090 01.960","","","321907","1","35 21.214","-090 01.960","350.0 ft","Public","151.1'","Clinometer/laser rangefinder/sine","15.5'","186''","","","Elijah Whitcomb","2025-02-13","","N"
"Tuliptree","Liriodendron tulipifera","Tennessee","Shelby","Meeman-Shelby Forest State Park","35 20.592","-090 02.437","","","321768","1","35 20.592","-090 02.437","360.0 ft","Public","156.3'","Clinometer/laser rangefinder/sine","","","","","Elijah Whitcomb","2025-02-13","","N"
"Tuliptree","Liriodendron tulipifera","Tennessee","Shelby","Meeman-Shelby Forest State Park","35 20.303","-090 02.821","","","321769","1","35 20.303","-090 02.821","280.0 ft","Public","157.3'","Clinometer/laser rangefinder/sine","11.9'","142''","","","Elijah Whitcomb","2025-02-13","","N"
"Tuliptree","Liriodendron tulipifera","Tennessee","Shelby","Meeman-Shelby Forest State Park","35 19.379","-090 03.208","","","321862","1","35 19.379","-090 03.208","325.0 ft","Public","157.8'","Clinometer/laser rangefinder/sine","12.5'","150''","","","Elijah Whitcomb","2025-02-13","","N"
"Tuliptree","Liriodendron tulipifera","Tennessee","Shelby","Meeman-Shelby Forest State Park","35 21.730","-090 01.531","","","321834","1","35 21.730","-090 01.531","360.0 ft","Public","158.3'","Clinometer/laser rangefinder/sine","13.4'","161''","","crown breakage; was 162.7' as of 2022","Elijah Whitcomb","2025-02-13","","N"
"Tuliptree","Liriodendron tulipifera","Tennessee","Shelby","Meeman-Shelby Forest State Park","35 19.721","-090 03.282","","","321856","1","35 19.721","-090 03.282","330.0 ft","Public","158.6'","Clinometer/laser rangefinder/sine","14.3'","172''","","","Elijah Whitcomb","2025-02-13","","N"
"Tuliptree","Liriodendron tulipifera","Tennessee","Shelby","Meeman-Shelby Forest State Park","35 18.088","-090 03.907","","","322014","1","35 18.088","-090 03.907","410.0 ft","Public","161.8'","Clinometer/laser rangefinder/sine","10.8'","130''","","","Elijah Whitcomb","2025-02-13","","N"
"Tuliptree","Liriodendron tulipifera","Tennessee","Shelby","Overton Park","35 08.976","-089 59.130","","","322755","1","35 08.976","-089 59.130","360.0 ft","Public","138.6'","Clinometer/laser rangefinder/sine","16.9'","203''","","","Elijah Whitcomb","2025-10-04","","N"
"Tuliptree","Liriodendron tulipifera","Tennessee","Shelby","Overton Park","35 08.814","-089 59.360","","","322754","1","35 08.814","-089 59.360","280.0 ft","Public","146.3'","Clinometer/laser rangefinder/sine","16.7'","200''","","","Elijah Whitcomb","2025-10-04","","N"
"Tuliptree","Liriodendron tulipifera","Tennessee","Shelby","Overton Park","","","","","228402","1","","","","Public","147.4'","Clinometer/laser rangefinder/sine","15.1'","181''","","","Jess Riddle","2006-05-28","","N"
"Tuliptree","Liriodendron tulipifera","Tennessee","Shelby","T.O. Fuller State Park","35 03.548","-090 06.747","","","320754","1","35 03.548","-090 06.747","325.0 ft","Public","148.0'","Clinometer/laser rangefinder/sine","9.6'","116''","","","Elijah Whitcomb","2025-01-27","","N"
"Tuliptree","Liriodendron tulipifera","Tennessee","Smith","Bearwaller Gap Trail","36 17.900","-085 57.090","","","323401","1","36 17.900","-085 57.090","725.0 ft","Public","135.1'","Clinometer/laser rangefinder/sine","","","","","Elijah Whitcomb","2026-02-21","","N"
"Tuliptree","Liriodendron tulipifera","Tennessee","Stewart","Fort Donelson National Battlefield","36 29.391","-087 51.760","","","313550","1","36 29.391","-087 51.760","470.0 ft","Public","131.1'","Clinometer/laser rangefinder/sine","12.0'","144''","","","Elijah Whitcomb","2023-11-25","","N"
"Tuliptree","Liriodendron tulipifera","Tennessee","Stewart","Fort Donelson National Battlefield","36 29.365","-087 51.984","","","313506","1","36 29.365","-087 51.984","555.0 ft","Public","133.9'","Clinometer/laser rangefinder/sine","7.9'","94''","","","Elijah Whitcomb","2023-11-25","","N"
"Tuliptree","Liriodendron tulipifera","Tennessee","Stewart","Fort Donelson National Battlefield","36 29.302","-087 51.746","","","313507","1","36 29.302","-087 51.746","490.0 ft","Public","140.1'","Clinometer/laser rangefinder/sine","9.6'","115''","","","Elijah Whitcomb","2023-11-25","","N"
"Tuliptree","Liriodendron tulipifera","Tennessee","Stewart","Fort Donelson National Battlefield","36 29.344","-087 51.743","","","313508","1","36 29.344","-087 51.743","480.0 ft","Public","140.3'","Clinometer/laser rangefinder/sine","8.5'","102''","","","Elijah Whitcomb","2023-11-25","","N"
"Tuliptree","Liriodendron tulipifera","Tennessee","Stewart","Fort Donelson National Battlefield","36 29.409","-087 51.789","","","313509","1","36 29.409","-087 51.789","430.0 ft","Public","141.4'","Clinometer/laser rangefinder/sine","7.4'","89''","","","Elijah Whitcomb","2023-11-25","","N"
"Tuliptree","Liriodendron tulipifera","Tennessee","Stewart","Fort Donelson National Battlefield","36 29.285","-087 51.792","","","313510","1","36 29.285","-087 51.792","460.0 ft","Public","146.0'","Clinometer/laser rangefinder/sine","8.1'","97''","","","Elijah Whitcomb","2023-11-25","","N"
"Tuliptree","Liriodendron tulipifera","Tennessee","Stewart","Fort Donelson National Battlefield","36 29.214","-087 51.771","","","313513","1","36 29.214","-087 51.771","470.0 ft","Public","149.0'","Clinometer/laser rangefinder/sine","8.2'","99''","","","Elijah Whitcomb","2023-11-25","","N"
"Tuliptree","Liriodendron tulipifera","Tennessee","Stewart","Fort Donelson National Battlefield","36 29.469","-087 51.529","","","313551","1","36 29.469","-087 51.529","465.0 ft","Public","149.5'","Clinometer/laser rangefinder/sine","6.7'","81''","","","Elijah Whitcomb","2023-11-25","","N"
"Tuliptree","Liriodendron tulipifera","Tennessee","Stewart","Fort Donelson National Battlefield","36 29.271","-087 51.805","","","313511","1","36 29.271","-087 51.805","475.0 ft","Public","151.8'","Clinometer/laser rangefinder/sine","8.6'","103''","","","Elijah Whitcomb","2023-11-25","","N"
"Tuliptree","Liriodendron tulipifera","Tennessee","Stewart","Fort Donelson National Battlefield","36 29.458","-087 51.525","","","313552","1","36 29.458","-087 51.525","460.0 ft","Public","152.6'","Clinometer/laser rangefinder/sine","8.8'","105''","","","Elijah Whitcomb","2023-11-25","","N"
"Tuliptree","Liriodendron tulipifera","Tennessee","Stewart","Fort Donelson National Battlefield","36 29.203","-087 51.771","","","313512","1","36 29.203","-087 51.771","470.0 ft","Public","156.2'","Clinometer/laser rangefinder/sine","9.9'","119''","","","Elijah Whitcomb","2023-11-25","","N"
"Tuliptree","Liriodendron tulipifera","Tennessee","Stewart","Fort Donelson National Battlefield","36 29.221","-087 51.767","","","313514","1","36 29.221","-087 51.767","465.0 ft","Public","159.3'","Clinometer/laser rangefinder/sine","6.7'","80''","","","Elijah Whitcomb","2023-11-25","","N"
"Tuliptree","Liriodendron tulipifera","Tennessee","Stewart","Fort Donelson National Cemetery","","","","","299311","1","","","","Public","148.2'","Clinometer/laser rangefinder/sine","","","","","Elijah Whitcomb","2023-07-22","","N"
"Tuliptree","Liriodendron tulipifera","Tennessee","Stewart","Fort Donelson National Cemetery","36 29.402","-087 50.839","","","299310","1","36 29.402","-087 50.839","445.0 ft","Public","150.4'","Clinometer/laser rangefinder/sine","9.8'","117''","","","Elijah Whitcomb","2023-07-22","","N"
"Tuliptree","Liriodendron tulipifera","Tennessee","Stewart","Fort Donelson National Cemetery","36 29.362","-087 50.846","","","299312","1","36 29.362","-087 50.846","465.0 ft","Public","152.8'","Clinometer/laser rangefinder/sine","10.7'","129''","","","Elijah Whitcomb","2023-07-22","","N"
"Tuliptree","Liriodendron tulipifera","Tennessee","Stewart","Fort Donelson National Cemetery","36 29.365","-087 50.851","","","299313","1","36 29.365","-087 50.851","470.0 ft","Public","154.8'","Clinometer/laser rangefinder/sine","9.8'","117''","","","Elijah Whitcomb","2023-07-22","","N"
"Tuliptree","Liriodendron tulipifera","Tennessee","Sumner","Bledsoe Creek State Park","36 22.805","-086 21.529","","","282298","1","36 22.805","-086 21.529","500.0 ft","Public","115.8'","Clinometer/laser rangefinder/sine","","","","","Elijah Whitcomb","2021-09-26","","N"
"Tuliptree","Liriodendron tulipifera","Tennessee","Sumner","Bledsoe Creek State Park","36 22.747","-086 21.004","","","282307","1","36 22.747","-086 21.004","480.0 ft","Public","116.8'","Clinometer/laser rangefinder/sine","","","","Multiple trunks","Elijah Whitcomb","2021-09-26","","N"
"Tuliptree","Liriodendron tulipifera","Tennessee","Van Buren","Fall Creek Falls State Resort Park","35 40.574","-085 21.819","","","257681","1","35 40.574","-085 21.819","1370.0 ft","Public","155.2'","Clinometer/laser rangefinder/sine","","","","Double trunk","Elijah Whitcomb","2021-10-23","","N"
"Tuliptree","Liriodendron tulipifera","Tennessee","Van Buren","Fall Creek Falls State Resort Park","","","","","228860","1","","","","Public","159.7'","Clinometer/laser rangefinder/sine","8.7'","104''","","","Jess Riddle","2006-07-19","","N"
"Tuliptree","Liriodendron tulipifera","Tennessee","Van Buren","Fall Creek Falls State Resort Park","35 40.579","-085 22.799","","","257710","1","35 40.579","-085 22.799","1405.0 ft","Public","160.7'","Clinometer/laser rangefinder/sine","","","","","Elijah Whitcomb","2021-10-23","","N"
"Tuliptree","Liriodendron tulipifera","Tennessee","Van Buren","Fall Creek Falls State Resort Park","35 40.311","-085 21.296","","","257630","1","35 40.311","-085 21.296","1335.0 ft","Public","163.3'","Clinometer/laser rangefinder/sine","9.2'","111''","","","Elijah Whitcomb","2021-10-23","","N"
"Tuliptree","Liriodendron tulipifera","Tennessee","Warren","Rock Island State Park","35 48.904","-085 39.070","","","314512","1","35 48.904","-085 39.070","775.0 ft","Public","147.2'","Clinometer/laser rangefinder/sine","10.6'","127''","","","Elijah Whitcomb","2023-12-30","","N"
"Tuliptree","Liriodendron tulipifera","Tennessee","Warren","Rock Island State Park","35 48.900","-085 38.994","","","314513","1","35 48.900","-085 38.994","750.0 ft","Public","150.2'","Clinometer/laser rangefinder/sine","8.9'","107''","","","Elijah Whitcomb","2023-12-30","","N"
"Tuliptree","Liriodendron tulipifera","Tennessee","Wayne","Natchez Trace Parkway","35 03.970","-087 48.136","","","315499","1","35 03.970","-087 48.136","830.0 ft","Public","131.1'","Clinometer/laser rangefinder/sine","8.1'","98''","","","Elijah Whitcomb","2024-02-25","","N"
"Tuliptree","Liriodendron tulipifera","Tennessee","Wayne","Natchez Trace Parkway","35 59.952","-086 58.419","","","315511","1","35 59.952","-086 58.419","905.0 ft","Public","144.7'","Clinometer/laser rangefinder/sine","7.0'","84''","","","Elijah Whitcomb","2024-02-25","","N"
"Tuliptree","Liriodendron tulipifera","Tennessee","White","Bridgestone Nature Reserve","35 52.219","-085 20.534","","","322816","1","35 52.219","-085 20.534","1620.0 ft","Public","151.7'","Clinometer/laser rangefinder/sine","7.4'","88''","","","Elijah Whitcomb","2025-10-25","","N"
"Tuliptree","Liriodendron tulipifera","Tennessee","White","Virgin Falls State Natural Area","35 50.441","-085 21.290","","","322856","1","35 50.441","-085 21.290","1170.0 ft","Public","140.1'","Clinometer/laser rangefinder/sine","6.5'","78''","","","Elijah Whitcomb","2025-11-22","","N"
"Tuliptree","Liriodendron tulipifera","Tennessee","White","Virgin Falls State Natural Area","35 50.392","-085 21.017","","","322880","1","35 50.392","-085 21.017","1490.0 ft","Public","152.7'","Clinometer/laser rangefinder/sine","7.1'","85''","","","Elijah Whitcomb","2025-11-22","","N"
"Tuliptree","Liriodendron tulipifera","Tennessee","White","Virgin Falls State Natural Area","35 50.391","-085 21.016","","","322879","1","35 50.391","-085 21.016","1485.0 ft","Public","157.5'","Clinometer/laser rangefinder/sine","8.8'","106''","","","Elijah Whitcomb","2025-11-22","","N"
"Tuliptree","Liriodendron tulipifera","Virginia","Albemarle","Ragged Mountain Natural Area","","","","","314353","1","","","","Public","160.9'","Clinometer/laser rangefinder/sine","8.7'","104''","","","Elijah Whitcomb","2023-12-28","","N"
"Tuliptree","Liriodendron tulipifera","Virginia","Albemarle","Ragged Mountain Natural Area","","","","","314352","1","","","","Public","164.0'","Clinometer/laser rangefinder/sine","9.7'","116''","","","Elijah Whitcomb","2023-12-28","","N"
"Tuliptree","Liriodendron tulipifera","Virginia","Albemarle","Ragged Mountain Natural Area","","","","","314366","1","","","","Public","164.5'","Clinometer/laser rangefinder/sine","11.0'","132''","","","Elijah Whitcomb","2023-12-28","","N"
"Tuliptree","Liriodendron tulipifera","Virginia","Albemarle","Ragged Mountain Natural Area","38 01.703","-078 34.425","","","314404","1","38 01.703","-078 34.425","760.0 ft","Public","165.3'","Clinometer/laser rangefinder/sine","8.9'","106''","","","Elijah Whitcomb","2023-12-28","","N"
"Tuliptree","Liriodendron tulipifera","Virginia","Albemarle","Ragged Mountain Natural Area","38 01.436","-078 34.597","","","314399","1","38 01.436","-078 34.597","830.0 ft","Public","165.6'","Clinometer/laser rangefinder/sine","8.5'","102''","","","Elijah Whitcomb","2023-12-28","","N"
"Tuliptree","Liriodendron tulipifera","Virginia","Albemarle","Ragged Mountain Natural Area","38 01.673","-078 34.412","","","314400","1","38 01.673","-078 34.412","730.0 ft","Public","166.8'","Clinometer/laser rangefinder/sine","9.3'","111''","","","Elijah Whitcomb","2023-12-28","","N"
"Tuliptree","Liriodendron tulipifera","Virginia","Albemarle","Ragged Mountain Natural Area","38 01.679","-078 34.436","","","314381","1","38 01.679","-078 34.436","750.0 ft","Public","167.1'","Clinometer/laser rangefinder/sine","10.6'","127''","","","Elijah Whitcomb","2023-12-28","","N"
"Tuliptree","Liriodendron tulipifera","Virginia","Albemarle","Ragged Mountain Natural Area","38 02.431","-078 33.596","","","314382","1","38 02.431","-078 33.596","815.0 ft","Public","167.3'","Clinometer/laser rangefinder/sine","11.3'","135''","","","Elijah Whitcomb","2023-12-28","","N"
"Tuliptree","Liriodendron tulipifera","Virginia","Albemarle","Ragged Mountain Natural Area","38 01.697","-078 34.465","","","314383","1","38 01.697","-078 34.465","800.0 ft","Public","168.8'","Clinometer/laser rangefinder/sine","11.7'","140''","","","Elijah Whitcomb","2023-12-28","","N"
"Tuliptree","Liriodendron tulipifera","Virginia","Albemarle","Ragged Mountain Natural Area","38 01.359","-078 34.200","","","314398","1","38 01.359","-078 34.200","745.0 ft","Public","168.8'","Clinometer/laser rangefinder/sine","7.4'","88''","","","Elijah Whitcomb","2023-12-28","","N"
"Tuliptree","Liriodendron tulipifera","Virginia","Albemarle","Ragged Mountain Natural Area","38 01.823","-078 34.251","","","314403","1","38 01.823","-078 34.251","730.0 ft","Public","170.8'","Clinometer/laser rangefinder/sine","9.1'","109''","","","Elijah Whitcomb","2023-12-28","","N"
"Tuliptree","Liriodendron tulipifera","Virginia","Albemarle","Ragged Mountain Natural Area","38 01.813","-078 34.282","","","314401","1","38 01.813","-078 34.282","760.0 ft","Public","171.3'","Clinometer/laser rangefinder/sine","9.5'","114''","","","Elijah Whitcomb","2023-12-28","","N"
"Tuliptree","Liriodendron tulipifera","Virginia","Albemarle","Ragged Mountain Natural Area","38 01.406","-078 34.568","","","314391","1","38 01.406","-078 34.568","765.0 ft","Public","171.7'","Clinometer/laser rangefinder/sine","10.9'","131''","","","Elijah Whitcomb","2023-12-28","","N"
"Tuliptree","Liriodendron tulipifera","Virginia","Albemarle","Ragged Mountain Natural Area","38 01.825","-078 34.237","","","314402","1","38 01.825","-078 34.237","735.0 ft","Public","172.3'","Clinometer/laser rangefinder/sine","10.4'","124''","","","Elijah Whitcomb","2023-12-28","","N"
"Tuliptree","Liriodendron tulipifera","Virginia","Albemarle","Ragged Mountain Natural Area","38 01.654","-078 34.435","","","314380","1","38 01.654","-078 34.435","745.0 ft","Public","175.8'","Clinometer/laser rangefinder/sine","10.7'","128''","","","Elijah Whitcomb","2023-12-28","","N"
"Tuliptree","Liriodendron tulipifera","Virginia","Alexandria","Holmes Run","","","","","48265","1","","","","Public - City Park","102.0'","Clinometer/laser rangefinder/sine","7.5'","90''","","","Howard Stoner","2005-02-21","","N"
"Tuliptree","Liriodendron tulipifera","Virginia","Alexandria","Holmes Run","","","","","48264","1","","","","Public - City Park","110.0'","Clinometer/laser rangefinder/sine","10.0'","120''","","","Howard Stoner","2005-02-21","","N"
"Tuliptree","Liriodendron tulipifera","Virginia","Alexandria","Holmes Run","38 49.813","-077 08.003","","","48263","1","38 49.813","-077 08.003","","Public - City Park","117.0'","Clinometer/laser rangefinder/sine","9.6'","115''","","","Howard Stoner","2005-02-21","","N"
"Tuliptree","Liriodendron tulipifera","Virginia","Bedford","Poplar Forest","37 21.064","-079 15.904","","","48684","1","37 21.064","-079 15.904","800.0 ft","Private - open to public","146.9'","Clinometer/laser rangefinder/sine","","","","","Will Blozan","2008-12-05","","N"
"Tuliptree","Liriodendron tulipifera","Virginia","Fairfax","Scotts Run Nature Preserve","","","Preserve managed by staff of Riverbend Park","","49609","1","","","","Public - County","145.5'","Clinometer/laser rangefinder/sine","17.6'","211''","","","Darian Copiz","2011-03-02","","N"
"Tuliptree","Liriodendron tulipifera","Virginia","Fairfax","Turkey Run Park","","","Part of George Washington Memorial Parkway.","","168508","1","","","","Public-federal.","136.2'","Clinometer/laser rangefinder/sine","17.5'","210''","","","Darian Copiz","2017-03-17","http%3A%2F%2Fwww.ents-bbs.org%2Fviewtopic.php%3Ff%3D128%26t%3D7961","N"
"Tuliptree","Liriodendron tulipifera","Virginia","Fairfax","Turkey Run Park","","","Part of George Washington Memorial Parkway.","","168507","1","","","","Public-federal.","165.2'","Clinometer/laser rangefinder/sine","10.2'","122''","","","Darian Copiz","2017-03-17","http%3A%2F%2Fwww.ents-bbs.org%2Fviewtopic.php%3Ff%3D128%26t%3D7961","N"
"Tuliptree","Liriodendron tulipifera","Virginia","Floyd","Rocky Knob Recreation Area","","","","","136711","1","","","","Public - National Parkway","144.3'","Clinometer/laser rangefinder/sine","","","","","Brian Beduhn, Will Blozan","2015-10-13","http%3A%2F%2Fwww.ents-bbs.org%2Fviewtopic.php%3Ff%3D128%26t%3D7284","N"
"Tuliptree","Liriodendron tulipifera","Virginia","Floyd","Rocky Knob Recreation Area","","","","","136710","1","","","","Public - National Parkway","145.3'","Clinometer/laser rangefinder/sine","","","","","Brian Beduhn, Will Blozan","2015-10-13","http%3A%2F%2Fwww.ents-bbs.org%2Fviewtopic.php%3Ff%3D128%26t%3D7284","N"
"Tuliptree","Liriodendron tulipifera","Virginia","Floyd","Rocky Knob Recreation Area","36 48.165","-080 20.669","","","136709","1","36 48.165","-080 20.669","","Public - National Parkway","146.5'","Clinometer/laser rangefinder/sine","","","","","Brian Beduhn, Will Blozan","2015-10-13","http%3A%2F%2Fwww.ents-bbs.org%2Fviewtopic.php%3Ff%3D128%26t%3D7284","N"
"Tuliptree","Liriodendron tulipifera","Virginia","Henrico","Hollywood Cemetery","","","","","198007","1","","","","Public","127.1'","Clinometer/laser rangefinder/sine","21.2'","254''","","Tag 1331","Elijah Whitcomb","2019-12-13","","N"
"Tuliptree","Liriodendron tulipifera","Virginia","Henrico","Maymont Park","","","","","204039","1","","","","Private","93.0'","Clinometer/laser rangefinder/sine","22.8'","273''","","","Elijah Whitcomb","2019-12-13","","N"
"Tuliptree","Liriodendron tulipifera","Virginia","James City","Carter's Grove Plantation","37 12.715","-076 37.547","","","47481","1","37 12.715","-076 37.547","50.0 ft","Private","122.4'","Clinometer/laser rangefinder/sine","16.9'","203''","","","Colby Rucker","2002-07-15","","N"
"Tuliptree","Liriodendron tulipifera","Virginia","James City","Carter's Grove Plantation","37 12.715","-076 37.547","","","47480","1","37 12.715","-076 37.547","50.0 ft","Private","143.1'","Clinometer/laser rangefinder/sine","15.2'","182''","","","Colby Rucker","2002-07-15","","N"
"Tuliptree","Liriodendron tulipifera","Virginia","James City","Carter's Grove Plantation","37 12.715","-076 37.547","","","47479","1","37 12.715","-076 37.547","50.0 ft","Private","147.7'","Clinometer/laser rangefinder/sine","9.2'","110''","","","Colby Rucker","2002-07-15","","N"
"Tuliptree","Liriodendron tulipifera","Virginia","King George","Caledon State Park","","","This is only the largest of measurements made between 12/19/2014 and 3/15/2015.","","127953","1","","","","Public - State Park","130.1'","Clinometer/laser rangefinder/sine","16.9'","203''","","","Darian Copiz","2015-11-11","http%3A%2F%2Fwww.ents-bbs.org%2Fviewtopic.php%3Ff%3D128%26t%3D7329%23p35015","N"
"Tuliptree","Liriodendron tulipifera","Virginia","King George","Caledon State Park","","","This is only the largest of measurements made between 12/19/2014 and 3/15/2015.","","127951","1","","","","Public - State Park","140.1'","Clinometer/laser rangefinder/sine","12.8'","154''","","","Darian Copiz","2015-11-11","http%3A%2F%2Fwww.ents-bbs.org%2Fviewtopic.php%3Ff%3D128%26t%3D7329%23p35015","N"
"Tuliptree","Liriodendron tulipifera","Virginia","King George","Caledon State Park","","","This is only the largest of measurements made between 12/19/2014 and 3/15/2015.","","127940","1","","","","Public - State Park","158.2'","Clinometer/laser rangefinder/sine","18.8'","225''","","","Darian Copiz","2015-11-11","http%3A%2F%2Fwww.ents-bbs.org%2Fviewtopic.php%3Ff%3D128%26t%3D7329%23p35015","N"
"Tuliptree","Liriodendron tulipifera","Virginia","King George","Caledon State Park","","","This is only the largest of measurements made between 12/19/2014 and 3/15/2015.","","127952","1","","","","Public - State Park","161.5'","Clinometer/laser rangefinder/sine","14.3'","171''","","","Darian Copiz","2015-11-11","http%3A%2F%2Fwww.ents-bbs.org%2Fviewtopic.php%3Ff%3D128%26t%3D7329%23p35015","N"
"Tuliptree","Liriodendron tulipifera","Virginia","King George","Caledon State Park","","","This is only the largest of measurements made between 12/19/2014 and 3/15/2015.","","127950","1","","","","Public - State Park","162.1'","Clinometer/laser rangefinder/sine","13.8'","165''","","","Darian Copiz","2015-11-11","http%3A%2F%2Fwww.ents-bbs.org%2Fviewtopic.php%3Ff%3D128%26t%3D7329%23p35015","N"
"Tuliptree","Liriodendron tulipifera","Virginia","King George","Caledon State Park","38 20.041","-077 08.612","This is only the largest of measurements made between 12/19/2014 and 3/15/2015.","","127924","1","38 20.041","-077 08.612","100.0 ft","Public - State Park","165.8'","Clinometer/laser rangefinder/sine","15.7'","188''","","","Darian Copiz","2015-11-11","http%3A%2F%2Fwww.ents-bbs.org%2Fviewtopic.php%3Ff%3D128%26t%3D7329%23p35015","N"
"Tuliptree","Liriodendron tulipifera","Virginia","Orange","Montpelier - Landmark Forest","","","","","224324","1","","","","Private - open to public","97.0'","Clinometer/laser rangefinder/sine","22.5'","270''","","","Will Blozan, Jess Riddle","2005-10-17","","N"
"Tuliptree","Liriodendron tulipifera","Virginia","Orange","Montpelier - Landmark Forest","","","","","224325","1","","","","Private - open to public","122.9'","Clinometer/laser rangefinder/sine","21.1'","253''","","","Will Blozan, Jess Riddle","2005-10-17","","N"
"Tuliptree","Liriodendron tulipifera","Virginia","Orange","Montpelier - Landmark Forest","","","","","224298","1","","","","Private - open to public","142.5'","Clinometer/laser rangefinder/sine","","","","258"" CBH - Double fused stem","Robert Leverett","2009-12-30","","N"
"Tuliptree","Liriodendron tulipifera","Virginia","Orange","Montpelier - Landmark Forest","","","","","224297","1","","","","Private - open to public","144.1'","Clinometer/laser rangefinder/sine","","","","","Robert Leverett","2009-12-30","","N"
"Tuliptree","Liriodendron tulipifera","Virginia","Orange","Montpelier - Landmark Forest","","","","","224296","1","","","","Private - open to public","152.8'","Clinometer/laser rangefinder/sine","","","","","Robert Leverett","2009-12-30","","N"
"Tuliptree","Liriodendron tulipifera","Virginia","Orange","Montpelier - Landmark Forest","","","","","224294","1","","","","Private - open to public","153.6'","Clinometer/laser rangefinder/sine","","","","","Robert Leverett","2009-12-30","","N"
"Tuliptree","Liriodendron tulipifera","Virginia","Orange","Montpelier - Landmark Forest","","","","","224295","1","","","","Private - open to public","153.6'","Clinometer/laser rangefinder/sine","","","","","Robert Leverett","2009-12-30","","N"
"Tuliptree","Liriodendron tulipifera","Virginia","Orange","Montpelier - Landmark Forest","","","","","224293","1","","","","Private - open to public","153.8'","Clinometer/laser rangefinder/sine","","","","","Robert Leverett","2009-12-30","","N"
"Tuliptree","Liriodendron tulipifera","Virginia","Orange","Montpelier - Landmark Forest","","","","","224292","1","","","","Private - open to public","156.4'","Clinometer/laser rangefinder/sine","","","","","Robert Leverett","2009-12-30","","N"
"Tuliptree","Liriodendron tulipifera","Virginia","Orange","Montpelier - Landmark Forest","","","","","224326","1","","","","Private - open to public","160.1'","Clinometer/laser rangefinder/sine","12.3'","148''","","","Will Blozan, Jess Riddle","2005-10-17","","N"
"Tuliptree","Liriodendron tulipifera","Virginia","Orange","Montpelier - Landmark Forest","","","","","224291","1","","","","Private - open to public","160.7'","Clinometer/laser rangefinder/sine","","","","","Robert Leverett","2009-12-30","","N"
"Tuliptree","Liriodendron tulipifera","Virginia","Orange","Montpelier - Landmark Forest","","","","","224290","1","","","","Private - open to public","161.0'","Clinometer/laser rangefinder/sine","","","","","Robert Leverett","2009-12-30","","N"
"Tuliptree","Liriodendron tulipifera","Virginia","Orange","Montpelier - Landmark Forest","","","","","224289","1","","","","Private - open to public","161.2'","Clinometer/laser rangefinder/sine","","","","","Robert Leverett","2009-12-30","","N"
"Tuliptree","Liriodendron tulipifera","Virginia","Orange","Montpelier - Landmark Forest","","","","","224288","1","","","","Private - open to public","163.0'","Clinometer/laser rangefinder/sine","12.5'","150''","","","Robert Leverett","2009-12-30","","N"
"Tuliptree","Liriodendron tulipifera","Virginia","Orange","Montpelier - Landmark Forest","38 12.936","-078 09.958","","","224287","1","38 12.936","-078 09.958","600.0 ft","Private - open to public","166.1'","Clinometer/laser rangefinder/sine","13.8'","166''","","","Robert Leverett","2009-12-30","","N"
"Tuliptree","Liriodendron tulipifera","Virginia","Orange","Montpelier - Landmark Forest","","","","","224327","1","","","","Private - open to public","167.0'","Clinometer/laser rangefinder/sine","10.3'","123''","","","Will Blozan, Jess Riddle","2005-10-17","","N"
"Tuliptree","Liriodendron tulipifera","Virginia","Orange","Montpelier - Landmark Forest","","","","","224328","1","","","","Private - open to public","167.3'","Clinometer/laser rangefinder/sine","11.4'","137''","","","Will Blozan, Jess Riddle","2005-10-17","","N"
"Tuliptree","Liriodendron tulipifera","Virginia","Orange","Montpelier - Landmark Forest","","","","","224329","1","","","","Private - open to public","168.1'","Clinometer/laser rangefinder/sine","12.3'","148''","","","Will Blozan, Jess Riddle","2005-10-17","","N"
"Tuliptree","Liriodendron tulipifera","Virginia","Orange","Montpelier Estate Landmark Forest","","","","","199204","1","","","","Private","164.3'","Clinometer/laser rangefinder/sine","12.2'","147''","","","Elijah Whitcomb","2019-12-12","","N"
"Tuliptree","Liriodendron tulipifera","Virginia","Orange","Montpelier Estate Landmark Forest","","","","","199203","1","","","","Private","165.1'","Clinometer/laser rangefinder/sine","","","","","Elijah Whitcomb","2019-12-12","","N"
"Tuliptree","Liriodendron tulipifera","Virginia","Orange","Montpelier Estate Landmark Forest","","","","","199202","1","","","","Private","166.1'","Clinometer/laser rangefinder/sine","11.5'","138''","","","Elijah Whitcomb","2019-12-12","","N"
"Tuliptree","Liriodendron tulipifera","Virginia","Orange","Montpelier Estate Landmark Forest","","","","","199201","1","","","","Private","169.3'","Clinometer/laser rangefinder/sine","13.0'","156''","","","Elijah Whitcomb","2019-12-12","","N"
"Tuliptree","Liriodendron tulipifera","Virginia","Orange","Montpelier Estate Landmark Forest","","","","","199200","1","","","","Private","172.7'","Clinometer/laser rangefinder/sine","11.8'","141''","","","Elijah Whitcomb","2019-12-12","","N"
"Tuliptree","Liriodendron tulipifera","Virginia","Richmond, Independent City","Hollywood Cemetery","","","","","128281","1","","","","Public","","","20.0'","240''","","","Barry Caselli","2013-01-15","","N"
"Tuliptree","Liriodendron tulipifera","West Virginia","54 Counties","West Virginia Historical Trees","37 45.913","-081 39.222","Trees that have died or been removed.This is a State wide listing except for Wood County which is in a separate list.
All heights determined by Sine method  with laser/inclinometer. Some trees have height missing because it was never taken or the Sine method was not used. These trees were mostly measured 2008 and before.","","312071","1","37 45.913","-081 39.222","","Public and Private","139.3'","Clinometer/laser rangefinder/sine","21.3'","256''","75.5'","Measured by A. Waldron, C. Helton 6/6/2013
Tree located near  Lacoma, Wyoming County on headwaters of Beartown Branch. Crown spread is an average of the two axis method.. Tree removed prior to strip coal mining 2022(?)","Various Various","1963-01-01","","N"
"Tuliptree","Liriodendron tulipifera","West Virginia","54 Counties","West Virginia Single Tree Sites","39 14.090","-077 54.126","Wood County is listed separately.
Most measuremens made before 2010 do not include height because the the methods used from 1963 thrue 2009 were very inaccurate.","","313207","1","39 14.090","-077 54.126","500.0 ft","Private & Publc","116.6'","Clinometer/laser rangefinder/sine","19.5'","234''","104.5'","Measured by J. Bowen 2/22/10.  Tree located on     I. Harrison property near Wheatland , Jefferson County. 
Crown spread is an average of the two axis method. Maximum spread is 115'","Various Various","1963-01-01","","N"
"Tuliptree","Liriodendron tulipifera","West Virginia","54 Counties","West Virginia Single Tree Sites","39 02.078","-080 28.162","Wood County is listed separately.
Most measuremens made before 2010 do not include height because the the methods used from 1963 thrue 2009 were very inaccurate.","","313128","1","39 02.078","-080 28.162","1120.0 ft","Private & Publc","117.0'","Clinometer/laser rangefinder/sine","19.2'","230''","120.0'","Measured by T. Sharp 10/29/2009.
Tree located in Arnold Cemetery, Weston, Lewis County, West Virginia.
Girth taken at 2 1/2'.
Crown spread is maximum, average is 106.5'","Various Various","1963-01-01","","N"
"Tuliptree","Liriodendron tulipifera","West Virginia","54 Counties","West Virginia Single Tree Sites","39 02.076","-080 28.162","Wood County is listed separately.
Most measuremens made before 2010 do not include height because the the methods used from 1963 thrue 2009 were very inaccurate.","","313259","1","39 02.076","-080 28.162","","Private & Publc","120.0'","Clinometer/laser rangefinder/sine","20.3'","243''","100.0'","Circumference measured at 2 1/2' 
Tree located in Arnold Cemetery at 102 South Main Street, Weston, Lewis County
Measued by D. Cooley, J. Spencer 6/6/2023. 
Previously measured by D.Cooley 2015 at 243"" x 132.3' x 107.5  and by T. Sharp 2009 at 230.1"" x 117' x 106'","Various Various","1963-01-01","","N"
"Tuliptree","Liriodendron tulipifera","West Virginia","54 Counties","West Virginia Single Tree Sites","37 38.632","-081 28.446","Wood County is listed separately.
Most measuremens made before 2010 do not include height because the the methods used from 1963 thrue 2009 were very inaccurate.","","313179","1","37 38.632","-081 28.446","2200.0 ft","Private & Publc","173.0'","Clinometer/laser rangefinder/sine","15.6'","187''","106.5'","Tree located near Saulsville (Wolf Gap), Wyoming County. Measured by M. Bailey, J. Harless 5/9/2019.: measured  3/5/2010  by T. Sharp, A. Waldron, M. Bailey at 169.3' x 183.6"" X 96.3' ;
measured 1996 by R. Arnold, A. Waldron at # x 188"" x 78';
measured 1977 by F. Brooks, E. Forney at # x 156"" x 72'.
                       

    Crown spread is an average of the two-axis method.","Various Various","1963-01-01","","N"
"Tuliptree","Liriodendron tulipifera","West Virginia","Fayette","Ansted Rail Trail","","","","","141320","1","","","","Public - City of Ansted","113.5'","","","","","","Turner Sharp","2012-03-25","http%3A%2F%2Fwww.ents-bbs.org%2Fviewtopic.php%3Ff%3D131%26t%3D4282","N"
"Tuliptree","Liriodendron tulipifera","West Virginia","Fayette","Ansted Rail Trail","","","","","141331","1","","","900.0 ft","Public - City of Ansted","120.2'","Clinometer/laser rangefinder/sine","","","","","Turner Sharp","2012-03-25","http%3A%2F%2Fwww.ents-bbs.org%2Fviewtopic.php%3Ff%3D131%26t%3D4282","N"
"Tuliptree","Liriodendron tulipifera","West Virginia","Fayette","Ansted Rail Trail","","","","","141325","1","","","1000.0 ft","Public - City of Ansted","125.5'","Clinometer/laser rangefinder/sine","","","","","Turner Sharp","2012-03-25","http%3A%2F%2Fwww.ents-bbs.org%2Fviewtopic.php%3Ff%3D131%26t%3D4282","N"
"Tuliptree","Liriodendron tulipifera","West Virginia","Fayette","Ansted Rail Trail","","","","","141334","1","","","900.0 ft","Public - City of Ansted","129.0'","Clinometer/laser rangefinder/sine","","","","","Turner Sharp","2012-03-25","http%3A%2F%2Fwww.ents-bbs.org%2Fviewtopic.php%3Ff%3D131%26t%3D4282","N"
"Tuliptree","Liriodendron tulipifera","West Virginia","Fayette","Coal Run","","","Located in New River Gorge Park & Preserve near Cunard, WV.  72,800 acres.","","296183","1","","","","Public - federal","125.1'","Clinometer/laser rangefinder/sine","6.7'","81''","","","Turner Sharp","2012-12-18","","N"
"Tuliptree","Liriodendron tulipifera","West Virginia","Fayette","Fayette Station (NRGNP&P)","","","","","297904","1","","","","Public","118.6'","Clinometer/laser rangefinder/sine","8.5'","102''","","","Turner Sharp","2015-04-10","","N"
"Tuliptree","Liriodendron tulipifera","West Virginia","Fayette","Red Ash Island","","","Only an island at very high water.","","297270","1","","","","Public","111.8'","Clinometer/laser rangefinder/sine","4.1'","49''","","","Turner Sharp","2014-12-30","http%3A%2F%2Fwww.ents-bbs.org%2Fviewtopic.php%3Ff%3D131%26t%3D7046","N"
"Tuliptree","Liriodendron tulipifera","West Virginia","Fayette","Red Ash Island","37 57.724","-081 01.566","Only an island at very high water.","","297275","1","37 57.724","-081 01.566","","Public","135.5'","Clinometer/laser rangefinder/sine","10.2'","122''","","","Turner Sharp","2014-12-30","http%3A%2F%2Fwww.ents-bbs.org%2Fviewtopic.php%3Ff%3D131%26t%3D7046","N"
"Tuliptree","Liriodendron tulipifera","West Virginia","Fayette","Stonecliff Old Growth Site (NRGP&P)","","","","","297870","1","","","1300.0 ft","Public - national","128.7'","Clinometer/laser rangefinder/sine","","","","Height is Not Less Than (NLT)","Turner Sharp","2016-11-01","http%3A%2F%2Fwww.ents-bbs.org%2Fviewtopic.php%3Ff%3D131%26t%3D7862","N"
"Tuliptree","Liriodendron tulipifera","West Virginia","Jackson","Roane-Jackson Vo-Tech School Wood Lot","","","","","75795","1","","","","Public","96.8'","Clinometer/laser rangefinder/sine","5.9'","71''","","","Turner Sharp, John Fichtner","2012-04-03","","N"
"Tuliptree","Liriodendron tulipifera","West Virginia","Jackson","Roane-Jackson Vo-Tech School Wood Lot","","","","","167297","1","","","","Public","98.4'","Clinometer/laser rangefinder/sine","6.2'","74''","","","Turner Sharp, John Ficthner","2010-11-18","","N"
"Tuliptree","Liriodendron tulipifera","West Virginia","Jackson","Roane-Jackson Vo-Tech School Wood Lot","38 49.059","-081 33.645","","","75793","1","38 49.059","-081 33.645","","Public","102.4'","Clinometer/laser rangefinder/sine","5.9'","71''","","","Turner Sharp, John Fichtner","2012-04-03","","N"
"Tuliptree","Liriodendron tulipifera","West Virginia","Jefferson","Bavarian Inn","39 26.193","-077 48.277","","","159302","1","39 26.193","-077 48.277","400.0 ft","Private","87.8'","Clinometer/laser rangefinder/sine","7.5'","90''","","","Turner Sharp","2013-11-19","http%3A%2F%2Fwww.ents-bbs.org%2Fviewtopic.php%3Ff%3D131%26t%3D6009","N"
"Tuliptree","Liriodendron tulipifera","West Virginia","Jefferson","Bavarian Inn","39 26.258","-077 48.294","","","159305","1","39 26.258","-077 48.294","400.0 ft","Private","109.1'","Clinometer/laser rangefinder/sine","17.4'","209''","","","Turner Sharp","2013-11-19","http%3A%2F%2Fwww.ents-bbs.org%2Fviewtopic.php%3Ff%3D131%26t%3D6009","N"
"Tuliptree","Liriodendron tulipifera","West Virginia","Kanawha","Forks Of Coal State Natural Area","","","100 Acres adjacent to the confluence of the Big Coal and Little Coal Rivers","","186175","1","","","","Public - state","121.0'","Clinometer/laser rangefinder/sine","8.4'","101''","","","Turner Sharp","2019-02-25","","N"
"Tuliptree","Liriodendron tulipifera","West Virginia","Kanawha","Spring Hill Cemetery Park","38 21.075","-081 36.928","On the National Register of Historic Places","","224350","1","38 21.075","-081 36.928","900.0 ft","Public -city","96.5'","Clinometer/laser rangefinder/sine","13.9'","166''","","","Turner Sharp","2017-04-23","http%3A%2F%2Fwww.ents-bbs.org%2Fviewtopic.php%3Ff%3D131%26t%3D8210","N"
"Tuliptree","Liriodendron tulipifera","West Virginia","Kanawha","Spring Hill Cemetery Park","38 21.072","-081 36.789","On the National Register of Historic Places","","224332","1","38 21.072","-081 36.789","900.0 ft","Public -city","97.6'","Clinometer/laser rangefinder/sine","15.0'","180''","","","Turner Sharp","2017-04-23","http%3A%2F%2Fwww.ents-bbs.org%2Fviewtopic.php%3Ff%3D131%26t%3D8210","N"
"Tuliptree","Liriodendron tulipifera","West Virginia","Kanawha","Sunrise Carriage Trail","","","","","141560","1","","","710.0 ft","Public- City","101.9'","Clinometer/laser rangefinder/sine","","","","","Turner Sharp","2014-03-13","http%3A%2F%2Fwww.ents-bbs.org%2Fviewtopic.php%3Ff%3D131%26t%3D6336","N"
"Tuliptree","Liriodendron tulipifera","West Virginia","Kanawha","Sunrise Carriage Trail","","","","","141554","1","","","650.0 ft","Public- City","112.2'","Clinometer/laser rangefinder/sine","","","","","Turner Sharp","2014-03-13","http%3A%2F%2Fwww.ents-bbs.org%2Fviewtopic.php%3Ff%3D131%26t%3D6336","N"
"Tuliptree","Liriodendron tulipifera","West Virginia","Kanawha","Sunrise Carriage Trail","","","","","141565","1","","","710.0 ft","Public- City","119.8'","Clinometer/laser rangefinder/sine","","","","","Turner Sharp","2014-03-13","http%3A%2F%2Fwww.ents-bbs.org%2Fviewtopic.php%3Ff%3D131%26t%3D6336","N"
"Tuliptree","Liriodendron tulipifera","West Virginia","Lewis","Alum Bridge","","","","","137212","1","","","","Private","114.8'","Clinometer/laser rangefinder/sine","9.4'","113''","","","Carl Harting, Anthony Kelly, Russ Richardson","2006-03-25","http%3A%2F%2Fwww.nativetreesociety.org%2Ffieldtrips%2Fwest_virginia%2Fwiden%2Fwest_virginia_foray.htm","N"
"Tuliptree","Liriodendron tulipifera","West Virginia","Lewis","Alum Bridge","","","","","137217","1","","","","Private","118.3'","Clinometer/laser rangefinder/sine","9.8'","118''","","","Carl Harting, Anthony Kelly, Russ Richardson","2006-03-25","http%3A%2F%2Fwww.nativetreesociety.org%2Ffieldtrips%2Fwest_virginia%2Fwiden%2Fwest_virginia_foray.htm","N"
"Tuliptree","Liriodendron tulipifera","West Virginia","Lewis","Alum Bridge","","","","","137209","1","","","","Private","121.6'","Clinometer/laser rangefinder/sine","","","","","Carl Harting, Anthony Kelly, Russ Richardson","2006-03-25","http%3A%2F%2Fwww.nativetreesociety.org%2Ffieldtrips%2Fwest_virginia%2Fwiden%2Fwest_virginia_foray.htm","N"
"Tuliptree","Liriodendron tulipifera","West Virginia","Lewis","Alum Bridge","","","","","137218","1","","","","Private","127.0'","Clinometer/laser rangefinder/sine","12.9'","155''","","","Carl Harting, Anthony Kelly, Russ Richardson","2006-03-25","http%3A%2F%2Fwww.nativetreesociety.org%2Ffieldtrips%2Fwest_virginia%2Fwiden%2Fwest_virginia_foray.htm","N"
"Tuliptree","Liriodendron tulipifera","West Virginia","Lewis","Alum Bridge","","","","","137197","1","","","","Private","130.9'","Clinometer/laser rangefinder/sine","12.0'","144''","","","Carl Harting, Anthony Kelly, Russ Richardson","2006-03-25","http%3A%2F%2Fwww.nativetreesociety.org%2Ffieldtrips%2Fwest_virginia%2Fwiden%2Fwest_virginia_foray.htm","N"
"Tuliptree","Liriodendron tulipifera","West Virginia","Lewis","Alum Bridge","","","","","137196","1","","","","Private","132.5'","Clinometer/laser rangefinder/sine","12.3'","148''","","","Carl Harting, Anthony Kelly, Russ Richardson","2006-03-25","http%3A%2F%2Fwww.nativetreesociety.org%2Ffieldtrips%2Fwest_virginia%2Fwiden%2Fwest_virginia_foray.htm","N"
"Tuliptree","Liriodendron tulipifera","West Virginia","Lewis","Alum Bridge","","","","","137199","1","","","","Private","137.7'","Clinometer/laser rangefinder/sine","","","","","Carl Harting, Anthony Kelly, Russ Richardson","2006-03-25","http%3A%2F%2Fwww.nativetreesociety.org%2Ffieldtrips%2Fwest_virginia%2Fwiden%2Fwest_virginia_foray.htm","N"
"Tuliptree","Liriodendron tulipifera","West Virginia","Lewis","Alum Bridge","","","","","137198","1","","","","Private","142.6'","Clinometer/laser rangefinder/sine","","","","","Carl Harting, Anthony Kelly, Russ Richardson","2006-03-25","http%3A%2F%2Fwww.nativetreesociety.org%2Ffieldtrips%2Fwest_virginia%2Fwiden%2Fwest_virginia_foray.htm","N"
"Tuliptree","Liriodendron tulipifera","West Virginia","Monongalia","Cheat Lake","","","","","187561","1","","","","Public","118.5'","Clinometer/laser rangefinder/sine","11.2'","134''","","Tree has old growth characteristics","Steve Harlow","2018-12-12","http%3A%2F%2Fwww.ents-bbs.org%2Fviewtopic.php%3Ff%3D131%26t%3D8441","N"
"Tuliptree","Liriodendron tulipifera","West Virginia","Monongalia","Cheat Lake","","","","","187570","1","","","","Public","145.0'","Clinometer/laser rangefinder/sine","11.2'","134''","","Tree exhibits old growth characteristics.","Steve Harlow","2018-12-12","http%3A%2F%2Fwww.ents-bbs.org%2Fviewtopic.php%3Ff%3D131%26t%3D8441","N"
"Tuliptree","Liriodendron tulipifera","West Virginia","Monongalia","Cheat Lake","","","","","187560","1","","","","Public","158.5'","Clinometer/laser rangefinder/sine","10.2'","122''","","","Steve Harlow","2018-12-12","http%3A%2F%2Fwww.ents-bbs.org%2Fviewtopic.php%3Ff%3D131%26t%3D8441","N"
"Tuliptree","Liriodendron tulipifera","West Virginia","Nicholas","Dorsey Farm","","","","","44702","1","","","2600.0 ft","Private","135.6'","Clinometer/laser rangefinder/sine","13.8'","165''","86.0'","Corner tree supposedly mentioned in 1860 deed.
First limb at 42.4'","Turner Sharp","2011-11-10","http%3A%2F%2Fwww.ents-bbs.org%2Fviewtopic.php%3Ff%3D131%26t%3D3980","N"
"Tuliptree","Liriodendron tulipifera","West Virginia","Nicholas","Panther Mountain Road","","","","","235871","1","","","1440.0 ft","Public - national recreational area","95.6'","Clinometer/laser rangefinder/sine","6.0'","72''","","","Turner Sharp","2011-10-16","","N"
"Tuliptree","Liriodendron tulipifera","West Virginia","Nicholas","Panther Mountain Road","38 13.304","-081 01.494","","","297251","1","38 13.304","-081 01.494","1400.0 ft","Public - national recreational area","103.0'","Clinometer/laser rangefinder/sine","7.1'","85''","","","Turner Sharp","2011-10-10","","N"
"Tuliptree","Liriodendron tulipifera","West Virginia","Nicholas","Panther Mountain Road","","","","","297253","1","","","1400.0 ft","Public - national recreational area","112.2'","Clinometer/laser rangefinder/sine","7.5'","90''","","","Turner Sharp","2011-10-10","","N"
"Tuliptree","Liriodendron tulipifera","West Virginia","Nicholas","Panther Mountain Road","","","","","297252","1","","","1400.0 ft","Public - national recreational area","112.6'","Clinometer/laser rangefinder/sine","6.1'","73''","","","Turner Sharp","2011-10-10","","N"
"Tuliptree","Liriodendron tulipifera","West Virginia","Nicholas","Pierson Hollow","38 12.788","-080 56.276","","","298072","1","38 12.788","-080 56.276","1600.0 ft","Public - state","","Clinometer/laser rangefinder/sine","8.4'","101''","","","Turner Sharp","2014-03-09","","N"
"Tuliptree","Liriodendron tulipifera","West Virginia","Nicholas","Pierson Hollow","","","","","298090","1","","","1600.0 ft","Public - state","118.1'","Clinometer/laser rangefinder/sine","9.3'","111''","","","Turner Sharp","2014-03-09","","N"
"Tuliptree","Liriodendron tulipifera","West Virginia","Nicholas","Pierson Hollow","","","","","298054","1","","","1600.0 ft","Public - state","125.3'","Clinometer/laser rangefinder/sine","8.9'","107''","","Knobby bole","Turner Sharp","2014-03-09","","N"
"Tuliptree","Liriodendron tulipifera","West Virginia","Nicholas","Pierson Hollow","","","","","298083","1","","","1600.0 ft","Public - state","128.1'","Clinometer/laser rangefinder/sine","6.3'","76''","","","Turner Sharp","2014-03-09","","N"
"Tuliptree","Liriodendron tulipifera","West Virginia","Nicholas","Pierson Hollow","38 12.643","-080 56.481","","","298074","1","38 12.643","-080 56.481","1600.0 ft","Public - state","131.6'","Clinometer/laser rangefinder/sine","6.7'","80''","","","Turner Sharp","2014-03-09","","N"
"Tuliptree","Liriodendron tulipifera","West Virginia","Nicholas","Pierson Hollow","","","","","298073","1","","","1600.0 ft","Public - state","133.3'","Clinometer/laser rangefinder/sine","8.0'","96''","","","Turner Sharp","2014-03-09","","N"
"Tuliptree","Liriodendron tulipifera","West Virginia","Nicholas","Widen","","","","","84370","1","","","","Private","121.7'","Clinometer/laser rangefinder/sine","5.6'","67''","","","Carl Harting, Anthony Kelly, Russ Richardson","2006-03-26","","N"
"Tuliptree","Liriodendron tulipifera","West Virginia","Nicholas","Widen","","","","","84371","1","","","","Private","122.2'","Clinometer/laser rangefinder/sine","6.1'","73''","","","Carl Harting, Anthony Kelly, Russ Richardson","2006-03-26","","N"
"Tuliptree","Liriodendron tulipifera","West Virginia","Nicholas","Widen","38 26.649","-080 49.670","","","84357","2","38 26.649","-080 49.670","","Private","173.0'","Clinometer/laser rangefinder/sine","17.8'","213''","88.0'","Measured by Dan P, Cooley 3/15/2012. Other measurements inclued:
1977 - #' x 200"" x 61' by M.A. Smith.
1996 - #' x 213"" x 72' by B. Pate, R. Arnold
2006 - 173' x 212"" x 82' by C. Harting,T. Kelly,M. Plevich, R, Richardson.
2012 - 173' x 213"" x 88' by D. Cooley.
2021 - 170' x 215"" x 62' by D, Cooley, J. Spencer","Carl Harting, Anthony Kelly, Russ Richardson, Dan Cooley","2012-03-15","","N"
"Tuliptree","Liriodendron tulipifera","West Virginia","Preston","Hemlock Trail","","","Measurements were from a post made by Steve Halow at: http://www.ents-bbs.org/viewtopic.php?f=131&t=7579 and by personal communication from S. Halow to T. Sharp.","","127632","1","","","1750.0 ft","Public - State Forest","110.3'","Clinometer/laser rangefinder/sine","8.2'","98''","","","Turner Sharp, Carl Harting, John Fichtner","2010-11-21","http%3A%2F%2Fwww.ents-bbs.org%2Fviewtopic.php%3Ff%3D131%26t%3D7579","N"
"Tuliptree","Liriodendron tulipifera","West Virginia","Preston","Hemlock Trail","","","Measurements were from a post made by Steve Halow at: http://www.ents-bbs.org/viewtopic.php?f=131&t=7579 and by personal communication from S. Halow to T. Sharp.","","127647","1","","","1750.0 ft","Public - State Forest","121.3'","Clinometer/laser rangefinder/sine","7.6'","91''","","","Turner Sharp, Carl Harting, John Fichtner","2010-11-21","http%3A%2F%2Fwww.ents-bbs.org%2Fviewtopic.php%3Ff%3D131%26t%3D7579","N"
"Tuliptree","Liriodendron tulipifera","West Virginia","Preston","Hemlock Trail","","","Measurements were from a post made by Steve Halow at: http://www.ents-bbs.org/viewtopic.php?f=131&t=7579 and by personal communication from S. Halow to T. Sharp.","","127648","1","","","1750.0 ft","Public - State Forest","122.2'","Clinometer/laser rangefinder/sine","6.2'","74''","","","Turner Sharp, Carl Harting, John Fichtner","2010-11-21","http%3A%2F%2Fwww.ents-bbs.org%2Fviewtopic.php%3Ff%3D131%26t%3D7579","N"
"Tuliptree","Liriodendron tulipifera","West Virginia","Preston","Hemlock Trail","","","Measurements were from a post made by Steve Halow at: http://www.ents-bbs.org/viewtopic.php?f=131&t=7579 and by personal communication from S. Halow to T. Sharp.","","127633","1","","","1750.0 ft","Public - State Forest","134.6'","Clinometer/laser rangefinder/sine","8.8'","106''","","","Turner Sharp, Carl Harting, John Fichtner","2010-11-21","http%3A%2F%2Fwww.ents-bbs.org%2Fviewtopic.php%3Ff%3D131%26t%3D7579","N"
"Tuliptree","Liriodendron tulipifera","West Virginia","Preston","Hemlock Trail","39 39.836","-079 44.282","Measurements were from a post made by Steve Halow at: http://www.ents-bbs.org/viewtopic.php?f=131&t=7579 and by personal communication from S. Halow to T. Sharp.","","127652","1","39 39.836","-079 44.282","1750.0 ft","Public - State Forest","146.6'","Clinometer/laser rangefinder/sine","11.4'","137''","","Height is NLT","Turner Sharp, Carl Harting, John Fichtner","2010-11-21","http%3A%2F%2Fwww.ents-bbs.org%2Fviewtopic.php%3Ff%3D131%26t%3D7579","N"
"Tuliptree","Liriodendron tulipifera","West Virginia","Raleigh","Glade Creek","","","","","297876","1","","","","Public - federal","104.4'","Clinometer/laser rangefinder/sine","","","","","Turner Sharp","2015-11-27","","N"
"Tuliptree","Liriodendron tulipifera","West Virginia","Raleigh","Glade Creek","","","","","297873","1","","","","Public - federal","118.3'","Clinometer/laser rangefinder/sine","","","","","Turner Sharp","2015-11-27","","N"
"Tuliptree","Liriodendron tulipifera","West Virginia","Ritchie","Bottomland Along North Fork Of Hughes River","","","","","274519","1","","","680.0 ft","Public - state","109.1'","Clinometer/laser rangefinder/sine","4.5'","54''","","","Turner Sharp","2011-12-09","","N"
"Tuliptree","Liriodendron tulipifera","West Virginia","Ritchie","Bottomland Along North Fork Of Hughes River","","","","","274554","1","","","660.0 ft","Public - state","120.2'","Clinometer/laser rangefinder/sine","7.5'","90''","","","Turner Sharp","2011-12-09","","N"
"Tuliptree","Liriodendron tulipifera","West Virginia","Ritchie","Bottomland Along North Fork Of Hughes River","","","","","274548","1","","","660.0 ft","Public - state","129.2'","Clinometer/laser rangefinder/sine","7.2'","86''","","","Turner Sharp","2011-12-09","","N"
"Tuliptree","Liriodendron tulipifera","West Virginia","Ritchie","Bottomland Along North Fork Of Hughes River","","","","","274551","1","","","660.0 ft","Public - state","129.5'","Clinometer/laser rangefinder/sine","8.4'","101''","","","Turner Sharp","2011-12-09","","N"
"Tuliptree","Liriodendron tulipifera","West Virginia","Ritchie","Bottomland Along North Fork Of Hughes River","","","","","274557","1","","","660.0 ft","Public - state","130.0'","Clinometer/laser rangefinder/sine","","","","Fused multistem tree","Turner Sharp","2011-12-09","","N"
"Tuliptree","Liriodendron tulipifera","West Virginia","Ritchie","Bottomland Along North Fork Of Hughes River","","","","","274552","1","","","660.0 ft","Public - state","132.0'","Clinometer/laser rangefinder/sine","5.5'","66''","","","Turner Sharp","2011-12-09","","N"
"Tuliptree","Liriodendron tulipifera","West Virginia","Ritchie","Bottomland Along North Fork Of Hughes River","","","","","274547","1","","","660.0 ft","Public - state","132.2'","Clinometer/laser rangefinder/sine","8.0'","96''","","","Turner Sharp","2011-12-09","","N"
"Tuliptree","Liriodendron tulipifera","West Virginia","Ritchie","Bottomland Along North Fork Of Hughes River","","","","","274549","1","","","660.0 ft","Public - state","134.2'","Clinometer/laser rangefinder/sine","7.7'","92''","","","Turner Sharp","2011-12-09","","N"
"Tuliptree","Liriodendron tulipifera","West Virginia","Ritchie","Bottomland Along North Fork Of Hughes River","","","","","274556","1","","","660.0 ft","Public - state","137.6'","Clinometer/laser rangefinder/sine","8.1'","97''","","","Turner Sharp","2011-12-09","","N"
"Tuliptree","Liriodendron tulipifera","West Virginia","Ritchie","Bottomland Along North Fork Of Hughes River","","","","","274524","1","","","680.0 ft","Public - state","137.7'","Clinometer/laser rangefinder/sine","7.6'","91''","","","Turner Sharp","2011-12-09","","N"
"Tuliptree","Liriodendron tulipifera","West Virginia","Ritchie","Bottomland Along North Fork Of Hughes River","","","","","274553","1","","","660.0 ft","Public - state","138.8'","Clinometer/laser rangefinder/sine","6.7'","80''","","","Turner Sharp","2011-12-09","","N"
"Tuliptree","Liriodendron tulipifera","West Virginia","Ritchie","Bottomland Along North Fork Of Hughes River","","","","","274555","1","","","660.0 ft","Public - state","142.7'","Clinometer/laser rangefinder/sine","6.4'","77''","","","Turner Sharp","2011-12-09","","N"
"Tuliptree","Liriodendron tulipifera","West Virginia","Ritchie","Giant Tree Trail","39 13.528","-081 06.681","","","97971","2","39 13.528","-081 06.681","","Public- State Park","124.1'","Clinometer/laser rangefinder/sine","10.3'","124''","","Next to Giant Tree Trail","Turner Sharp, Ken Zebo, Turner Sharp, William Sharp","2015-04-01","","N"
"Tuliptree","Liriodendron tulipifera","West Virginia","Ritchie","Giant Tree Trail","","","","","153733","1","","","750.0 ft","Public- State Park","128.0'","Clinometer/laser rangefinder/sine","12.7'","152''","","","Turner Sharp, William Sharp","2009-04-09","","N"
"Tuliptree","Liriodendron tulipifera","West Virginia","Ritchie","Giant Tree Trail","","","","","153747","1","","","","Public- State Park","136.0'","Clinometer/laser rangefinder/sine","","","","","Turner Sharp, William Sharp","2009-04-09","","N"
"Tuliptree","Liriodendron tulipifera","West Virginia","Ritchie","Murphy Preserve - South Tract","39 14.579","-081 00.521","GPS coordinates are at the mouth of the hollow along Bunnell Run Road.","","167530","1","39 14.579","-081 00.521","","Private - Nature Conservacy","97.0'","Clinometer/laser rangefinder/sine","6.2'","74''","","","Turner Sharp","2011-04-13","http%3A%2F%2Fwww.ents-bbs.org%2Fviewtopic.php%3Ff%3D131%26t%3D2700","N"
"Tuliptree","Liriodendron tulipifera","West Virginia","Ritchie","Murphy Preserve - South Tract","","","GPS coordinates are at the mouth of the hollow along Bunnell Run Road.","","167535","1","","","","Private - Nature Conservacy","125.8'","Clinometer/laser rangefinder/sine","6.1'","73''","","","Turner Sharp","2011-04-13","http%3A%2F%2Fwww.ents-bbs.org%2Fviewtopic.php%3Ff%3D131%26t%3D2700","N"
"Tuliptree","Liriodendron tulipifera","West Virginia","Ritchie","Murphy Preserve - South Tract","","","GPS coordinates are at the mouth of the hollow along Bunnell Run Road.","","167534","1","","","","Private - Nature Conservacy","126.3'","Clinometer/laser rangefinder/sine","6.4'","77''","","","Turner Sharp","2011-04-13","http%3A%2F%2Fwww.ents-bbs.org%2Fviewtopic.php%3Ff%3D131%26t%3D2700","N"
"Tuliptree","Liriodendron tulipifera","West Virginia","Ritchie","Murphy Preserve - South Tract","","","GPS coordinates are at the mouth of the hollow along Bunnell Run Road.","","167531","1","","","","Private - Nature Conservacy","138.6'","Clinometer/laser rangefinder/sine","7.2'","86''","","","Turner Sharp","2011-04-13","http%3A%2F%2Fwww.ents-bbs.org%2Fviewtopic.php%3Ff%3D131%26t%3D2700","N"
"Tuliptree","Liriodendron tulipifera","West Virginia","Ritchie","Murphy Preserve - South Tract","","","GPS coordinates are at the mouth of the hollow along Bunnell Run Road.","","167532","1","","","","Private - Nature Conservacy","139.2'","Clinometer/laser rangefinder/sine","7.7'","92''","","","Turner Sharp","2011-04-13","http%3A%2F%2Fwww.ents-bbs.org%2Fviewtopic.php%3Ff%3D131%26t%3D2700","N"
"Tuliptree","Liriodendron tulipifera","West Virginia","Ritchie","Murphy Preserve - South Tract","","","GPS coordinates are at the mouth of the hollow along Bunnell Run Road.","","167533","1","","","","Private - Nature Conservacy","141.5'","Clinometer/laser rangefinder/sine","6.5'","78''","","","Turner Sharp","2011-04-13","http%3A%2F%2Fwww.ents-bbs.org%2Fviewtopic.php%3Ff%3D131%26t%3D2700","N"
"Tuliptree","Liriodendron tulipifera","West Virginia","Webster","Holly River State Park","","","","","167001","1","","","1750.0 ft","Public","143.3'","Clinometer/laser rangefinder/sine","6.9'","83''","","","Will Blozan, Jess Riddle","2007-04-12","","N"
"Tuliptree","Liriodendron tulipifera","West Virginia","Webster","Holly River State Park","","","","","167002","1","","","1750.0 ft","Public","154.2'","Clinometer/laser rangefinder/sine","10.5'","126''","","","Will Blozan, Jess Riddle","2007-04-12","","N"
"Tuliptree","Liriodendron tulipifera","West Virginia","Webster","Holly River State Park","38 39.391","-080 21.358","","","323175","1","38 39.391","-080 21.358","2185.0 ft","Public","154.6'","Clinometer/laser rangefinder/sine","8.3'","100''","","","Elijah Whitcomb","2025-12-27","","N"
"Tuliptree","Liriodendron tulipifera","West Virginia","Webster","Holly River State Park","38 39.827","-080 21.403","","","323163","1","38 39.827","-080 21.403","1705.0 ft","Public","155.0'","Clinometer/laser rangefinder/sine","","","","","Elijah Whitcomb","2025-12-27","","N"
"Tuliptree","Liriodendron tulipifera","West Virginia","Webster","Holly River State Park","","","","","167003","1","","","1750.0 ft","Public","155.6'","Clinometer/laser rangefinder/sine","6.9'","83''","","","Will Blozan, Jess Riddle","2007-04-12","","N"
"Tuliptree","Liriodendron tulipifera","West Virginia","Webster","Holly River State Park","38 39.804","-080 21.255","","","323164","1","38 39.804","-080 21.255","1920.0 ft","Public","160.7'","Clinometer/laser rangefinder/sine","","","","","Elijah Whitcomb","2025-12-27","","N"
"Tuliptree","Liriodendron tulipifera","West Virginia","Webster","Laurel Fork - Holly River SP","","","","","163247","1","","","1640.0 ft","Public - State","108.0'","Clinometer/laser rangefinder/sine","","","","","Turner Sharp","2016-04-05","http%3A%2F%2Fwww.ents-bbs.org%2Fviewtopic.php%3Ff%3D131%26t%3D7724","N"
"Tuliptree","Liriodendron tulipifera","West Virginia","Webster","Laurel Fork - Holly River SP","","","","","163257","1","","","1640.0 ft","Public - State","136.2'","Clinometer/laser rangefinder/sine","4.5'","54''","","","Turner Sharp","2016-04-05","http%3A%2F%2Fwww.ents-bbs.org%2Fviewtopic.php%3Ff%3D131%26t%3D7724","N"
"Tuliptree","Liriodendron tulipifera","West Virginia","Wood","Blennerhassett Island State Historical Park","","","","","306291","1","","","590.0 ft","Public - state","100.4'","Clinometer/laser rangefinder/sine","9.6'","115''","","","Turner Sharp, Susan Sharp","2010-11-11","","N"
"Tuliptree","Liriodendron tulipifera","West Virginia","Wood","Blennerhassett Island State Historical Park","39 16.211","-081 35.915","","","272878","1","39 16.211","-081 35.915","590.0 ft","Public - state","114.3'","Clinometer/laser rangefinder/sine","10.2'","123''","","","Turner Sharp, Tom Connelly","2017-05-09","","N"
"Tuliptree","Liriodendron tulipifera","West Virginia","Wood","City Park","","","","","271869","1","","","640.0 ft","City","79.4'","Clinometer/laser rangefinder/sine","6.2'","75''","","","Turner Sharp, Sarah Friend","2014-01-04","","N"
"Tuliptree","Liriodendron tulipifera","West Virginia","Wood","City Park","","","","","271865","1","","","640.0 ft","City","80.3'","Clinometer/laser rangefinder/sine","5.8'","70''","","","Turner Sharp, Sarah Friend","2014-01-04","","N"
"Tuliptree","Liriodendron tulipifera","West Virginia","Wood","Henderson Hall Plantation","","","All Ash found in this stand in 2012 is now dead standing or on the ground.","","271818","1","","","640.0 ft","Private","117.4'","Clinometer/laser rangefinder/sine","7.9'","95''","","","Turner Sharp","2012-11-20","","N"
"Tuliptree","Liriodendron tulipifera","West Virginia","Wood","Henderson Hall Plantation","","","All Ash found in this stand in 2012 is now dead standing or on the ground.","","271824","1","","","640.0 ft","Private","134.5'","Clinometer/laser rangefinder/sine","11.5'","138''","","","Turner Sharp","2012-11-20","","N"
"Tuliptree","Liriodendron tulipifera","West Virginia","Wood","J. T. J Preserve - Upland Site","39 16.688","-081 30.516","","","272754","1","39 16.688","-081 30.516","","Public - city","101.2'","Clinometer/laser rangefinder/sine","8.0'","96''","","","Turner Sharp","2016-11-26","","N"
"Tuliptree","Liriodendron tulipifera","West Virginia","Wood","J. T. J Preserve - Upland Site","39 16.677","-081 30.494","","","138022","2","39 16.677","-081 30.494","","Public - city","105.4'","Clinometer/laser rangefinder/sine","8.3'","100''","","","Turner Sharp, Turner Sharp","2016-11-26","","N"
"Tuliptree","Liriodendron tulipifera","West Virginia","Wood","J. T. J Preserve - Upland Site","39 16.671","-081 30.485","","","272757","1","39 16.671","-081 30.485","","Public - city","110.6'","Clinometer/laser rangefinder/sine","9.6'","116''","","","Turner Sharp","2016-11-26","","N"
"Tuliptree","Liriodendron tulipifera","West Virginia","Wood","J. T. J Preserve - Upland Site","39 16.642","-081 30.398","","","272761","1","39 16.642","-081 30.398","","Public - city","115.9'","Clinometer/laser rangefinder/sine","6.4'","76''","","","Turner Sharp","2016-11-26","","N"
"Tuliptree","Liriodendron tulipifera","West Virginia","Wood","J. T. J. Preserve - Bottomland","","","Trees on this section of the preserve are subject to annual flooding lasting for a day and up to two weeks.","","271549","1","","","","Public - city","77.8'","Clinometer/laser rangefinder/sine","7.7'","92''","","","Turner Sharp","2011-01-04","","N"
"Tuliptree","Liriodendron tulipifera","West Virginia","Wood","J. T. J. Preserve - Bottomland","","","Trees on this section of the preserve are subject to annual flooding lasting for a day and up to two weeks.","","271548","1","","","","Public - city","81.1'","Clinometer/laser rangefinder/sine","5.7'","68''","","","Turner Sharp","2011-01-04","","N"
"Tuliptree","Liriodendron tulipifera","West Virginia","Wood","J. T. J. Preserve - Bottomland","","","Trees on this section of the preserve are subject to annual flooding lasting for a day and up to two weeks.","","271546","1","","","","Public - city","81.9'","Clinometer/laser rangefinder/sine","6.3'","76''","","","Turner Sharp","2011-01-04","","N"
"Tuliptree","Liriodendron tulipifera","West Virginia","Wood","J. T. J. Preserve - Bottomland","","","Trees on this section of the preserve are subject to annual flooding lasting for a day and up to two weeks.","","271547","1","","","","Public - city","83.7'","Clinometer/laser rangefinder/sine","6.3'","76''","","","Turner Sharp","2011-01-04","","N"
"Tuliptree","Liriodendron tulipifera","West Virginia","Wood","J. T. J. Preserve - Bottomland","","","Trees on this section of the preserve are subject to annual flooding lasting for a day and up to two weeks.","","271554","1","","","","Public - city","89.6'","Clinometer/laser rangefinder/sine","6.3'","75''","","","Turner Sharp","2011-01-04","","N"
"Tuliptree","Liriodendron tulipifera","West Virginia","Wood","J. T. J. Preserve - Bottomland","","","Trees on this section of the preserve are subject to annual flooding lasting for a day and up to two weeks.","","271550","1","","","","Public - city","89.9'","Clinometer/laser rangefinder/sine","4.8'","58''","","","Turner Sharp","2011-01-04","","N"
"Tuliptree","Liriodendron tulipifera","West Virginia","Wood","J. T. J. Preserve - Bottomland","","","Trees on this section of the preserve are subject to annual flooding lasting for a day and up to two weeks.","","271551","1","","","","Public - city","101.3'","Clinometer/laser rangefinder/sine","6.6'","79''","","","Turner Sharp","2011-01-04","","N"
"Tuliptree","Liriodendron tulipifera","West Virginia","Wood","J. T. J. Preserve - Bottomland","","","Trees on this section of the preserve are subject to annual flooding lasting for a day and up to two weeks.","","271544","1","","","","Public - city","103.4'","Clinometer/laser rangefinder/sine","7.7'","92''","","","Turner Sharp","2011-01-04","","N"
"Tuliptree","Liriodendron tulipifera","West Virginia","Wood","Martin Tract","39 23.504","-081 27.942","","","160915","2","39 23.504","-081 27.942","600.0 ft","Private","136.5'","Clinometer/laser rangefinder/sine","18.2'","218''","77.0'","Crown spread is average of two axis method","Turner Sharp, Turner Sharp, Bill Schleier","2018-03-15","http%3A%2F%2Fwww.ents-bbs.org%2Fviewtopic.php%3Ff%3D131%26t%3D8282","N"
"Tuliptree","Liriodendron tulipifera","West Virginia","Wood","Oakwood","","","","","291276","1","","","640.0 ft","Private","88.9'","Clinometer/laser rangefinder/sine","12.9'","155''","","","Turner Sharp","2013-04-03","","N"
"Tuliptree","Liriodendron tulipifera","West Virginia","Wood","Oakwood","","","","","291297","1","","","640.0 ft","Private","101.7'","Clinometer/laser rangefinder/sine","12.8'","154''","","","Turner Sharp","2013-04-03","","N"
"Tuliptree","Liriodendron tulipifera","West Virginia","Wood","Oakwood","","","","","291284","1","","","640.0 ft","Private","114.2'","Clinometer/laser rangefinder/sine","11.3'","136''","","This tree and the one that follows are actually a twin separated near ground level","Turner Sharp","2013-04-03","","N"
"Tuliptree","Liriodendron tulipifera","West Virginia","Wood","Oakwood","39 15.871","-081 32.581","","","291281","5","39 15.871","-081 32.581","640.0 ft","Private","121.8'","Clinometer/laser rangefinder/sine","12.7'","152''","","","Turner Sharp, Turner Sharp, Turner Sharp, Turner Sharp, Turner Sharp","2013-04-03","","N"
"Tuliptree","Liriodendron tulipifera","West Virginia","Wood","ORINWR Williamstown Mainland Tract","39 23.364","-081 25.492","The tract is across the road from the visitor center at the listed address.","","272794","1","39 23.364","-081 25.492","760.0 ft","Public - national","103.0'","Clinometer/laser rangefinder/sine","6.7'","80''","","","Turner Sharp","2016-11-16","","N"
"Tuliptree","Liriodendron tulipifera","West Virginia","Wood","Willowbrook Ravine","","","","","292466","1","","","","Private","97.0'","Clinometer/laser rangefinder/sine","8.7'","104''","","","Turner Sharp","2012-01-07","","N"
"Tuliptree","Liriodendron tulipifera","West Virginia","Wood","Willowbrook Ravine","","","","","292469","1","","","660.0 ft","Private","98.8'","Clinometer/laser rangefinder/sine","7.9'","95''","","","Turner Sharp","2012-01-07","","N"
"Tuliptree","Liriodendron tulipifera","West Virginia","Wood","Willowbrook Ravine","","","","","292467","1","","","","Private","104.1'","Clinometer/laser rangefinder/sine","8.6'","103''","","","Turner Sharp","2012-01-07","","N"
"Tuliptree","Liriodendron tulipifera","West Virginia","Wood","Willowbrook Ravine","","","","","292502","1","","","700.0 ft","Private","116.9'","Clinometer/laser rangefinder/sine","9.9'","119''","","In back yard of #11 Willowbrook Drive","Turner Sharp","2012-01-07","","N"
"Tuliptree","Liriodendron tulipifera","West Virginia","Wood","Willowbrook Ravine","","","","","292480","1","","","660.0 ft","Private","120.3'","Clinometer/laser rangefinder/sine","10.2'","122''","","","Turner Sharp","2012-01-07","","N"
"Tuliptree","Liriodendron tulipifera","West Virginia","Wood","Willowbrook Ravine","39 17.875","-081 32.591","","","292491","1","39 17.875","-081 32.591","700.0 ft","Private","120.7'","Clinometer/laser rangefinder/sine","12.8'","153''","","","Turner Sharp","2012-01-07","","N"
"Tuliptree","Liriodendron tulipifera","West Virginia","Wood","Willowbrook Ravine","","","","","292482","1","","","660.0 ft","Private","124.4'","Clinometer/laser rangefinder/sine","9.7'","117''","","","Turner Sharp","2012-01-07","","N"
"Tuliptree","Liriodendron tulipifera","West Virginia","Wood","Willowbrook Ravine","","","","","292481","1","","","660.0 ft","Private","124.7'","Clinometer/laser rangefinder/sine","11.0'","132''","","","Turner Sharp","2012-01-07","","N"
"Tuliptree","Liriodendron tulipifera","West Virginia","Wood","Willowbrook Ravine","","","","","292501","1","","","700.0 ft","Private","125.8'","Clinometer/laser rangefinder/sine","10.9'","130''","","","Turner Sharp","2012-01-07","","N"
"Tuliptree","Liriodendron tulipifera","West Virginia","Wood","Willowbrook Ravine","","","","","292468","1","","","660.0 ft","Private","126.3'","Clinometer/laser rangefinder/sine","12.8'","154''","105.0'","Had to double shot for height","Turner Sharp","2012-01-07","","N"
"Tuliptree","Liriodendron tulipifera","West Virginia","Wood","Willowbrook Ravine","","","","","292470","1","","","","Private","129.7'","Clinometer/laser rangefinder/sine","10.9'","131''","","","Turner Sharp","2012-01-07","","N"
"Tuliptree","Liriodendron tulipifera","West Virginia","Wood","Willowbrook Ravine","","","","","292487","1","","","","Private","133.2'","Clinometer/laser rangefinder/sine","8.7'","104''","","Next to chain link fence and property corner","Turner Sharp","2012-01-07","","N"
"Tuliptree","Liriodendron tulipifera","West Virginia","Wood","Wood County Historical Trees","39 16.315","-081 35.927","Trees that have died or been removed for various reasons,
Trees measured before 2009 may not hav height listed either because it was not measured or used a method that was hifgly inaccurate.","","315288","1","39 16.315","-081 35.927","","Public and Private","","Clinometer/laser rangefinder/sine","24.4'","293''","39.0'","Tree located on Blennerhasset Island State Historical Park near the ferry landing. Originally measured in 1963 for the beginning of the Centenial Bib Tree Contest at 276"" by J. Mellenger, Last measured in 1986 shortly after a wind storm removed many limbs. Tree was later snapped in two about 25' high and  the snag was later removed sereral years later","Turner Sharp","2000-01-01","","N"
"Tuliptree","Liriodendron tulipifera","West Virginia","Wood","Wood County Single Tree Sites","39 16.436","-081 33.105","includes the incorporated cities of Parkersburg, Vienna, Williamstown and North Hills.
Most measurements made before 2010 do not list a height because methods used to determine height   prior to 2010 were inaccurate,","","314928","1","39 16.436","-081 33.105","640.0 ft","Public and private","98.6'","Clinometer/laser rangefinder/sine","14.7'","176''","74.0'","Tree located in front lawn of 1345 Market Street, Parkersburg, Wood County.
Measured by T. Sharp 12/28/2013.
Previously measured by:
T. Sharp 2008 at !70"" x 101' x 69'
W. Ridenour, 2003 at 168""
Crown spread is an average.","Turner Sharp","2000-01-01","","N"
"Tuliptree","Liriodendron tulipifera","West Virginia","Wood","Wood County Single Tree Sites","39 17.217","-081 32.661","includes the incorporated cities of Parkersburg, Vienna, Williamstown and North Hills.
Most measurements made before 2010 do not list a height because methods used to determine height   prior to 2010 were inaccurate,","","314968","1","39 17.217","-081 32.661","","Public and private","100.0'","Clinometer/laser rangefinder/sine","12.3'","147''","68.0'","303 Linden Street at corner with Lincoln","Turner Sharp","2000-01-01","","N"
"Tuliptree","Liriodendron tulipifera","West Virginia","Wood - City Of Parkersburg","Mt. Olivet Cemetery Woodland","","","The cemetery is open to the public but permission must be obtained to access the woodland area.","","271740","1","","","700.0 ft","Private","88.3'","Clinometer/laser rangefinder/sine","8.1'","98''","","","Turner Sharp","2012-11-30","http%3A%2F%2Fwww.ents-bbs.org%2Fviewtopic.php%3Ff%3D131%26t%3D5545","N"
"Tuliptree","Liriodendron tulipifera","West Virginia","Wood - City Of Parkersburg","Mt. Olivet Cemetery Woodland","","","The cemetery is open to the public but permission must be obtained to access the woodland area.","","271761","1","","","660.0 ft","Private","94.5'","Clinometer/laser rangefinder/sine","8.5'","102''","","","Turner Sharp","2012-11-30","http%3A%2F%2Fwww.ents-bbs.org%2Fviewtopic.php%3Ff%3D131%26t%3D5545","N"
"Tuliptree","Liriodendron tulipifera","West Virginia","Wood - City Of Parkersburg","Mt. Olivet Cemetery Woodland","","","The cemetery is open to the public but permission must be obtained to access the woodland area.","","271739","1","","","700.0 ft","Private","98.0'","Clinometer/laser rangefinder/sine","8.5'","102''","","","Turner Sharp","2012-11-30","http%3A%2F%2Fwww.ents-bbs.org%2Fviewtopic.php%3Ff%3D131%26t%3D5545","N"
"Tuliptree","Liriodendron tulipifera","West Virginia","Wood - City Of Parkersburg","Mt. Olivet Cemetery Woodland","","","The cemetery is open to the public but permission must be obtained to access the woodland area.","","271742","1","","","700.0 ft","Private","98.0'","Clinometer/laser rangefinder/sine","9.9'","119''","","","Turner Sharp","2012-11-30","http%3A%2F%2Fwww.ents-bbs.org%2Fviewtopic.php%3Ff%3D131%26t%3D5545","N"
"Tuliptree","Liriodendron tulipifera","West Virginia","Wood - City Of Parkersburg","Mt. Olivet Cemetery Woodland","","","The cemetery is open to the public but permission must be obtained to access the woodland area.","","271760","1","","","660.0 ft","Private","98.1'","Clinometer/laser rangefinder/sine","8.7'","104''","","","Turner Sharp","2012-11-30","http%3A%2F%2Fwww.ents-bbs.org%2Fviewtopic.php%3Ff%3D131%26t%3D5545","N"
"Tuliptree","Liriodendron tulipifera","West Virginia","Wood - City Of Parkersburg","Mt. Olivet Cemetery Woodland","39 16.854","-081 31.608","The cemetery is open to the public but permission must be obtained to access the woodland area.","","271732","1","39 16.854","-081 31.608","740.0 ft","Private","103.7'","Clinometer/laser rangefinder/sine","7.7'","92''","","","Turner Sharp","2012-11-30","http%3A%2F%2Fwww.ents-bbs.org%2Fviewtopic.php%3Ff%3D131%26t%3D5545","N"
"Tuliptree","Liriodendron tulipifera","West Virginia","Wood - City Of Parkersburg","Mt. Olivet Cemetery Woodland","","","The cemetery is open to the public but permission must be obtained to access the woodland area.","","271766","1","","","660.0 ft","Private","114.9'","Clinometer/laser rangefinder/sine","9.5'","114''","","","Turner Sharp","2012-11-30","http%3A%2F%2Fwww.ents-bbs.org%2Fviewtopic.php%3Ff%3D131%26t%3D5545","N"
"Tuliptree","Liriodendron tulipifera","West Virginia","Wood - City Of Parkersburg","Mt. Olivet Cemetery Woodland","","","The cemetery is open to the public but permission must be obtained to access the woodland area.","","271772","1","","","620.0 ft","Private","127.5'","Clinometer/laser rangefinder/sine","11.7'","140''","","","Turner Sharp","2012-11-30","http%3A%2F%2Fwww.ents-bbs.org%2Fviewtopic.php%3Ff%3D131%26t%3D5545","N"
"Tuliptree","Liriodendron tulipifera","West Virginia","Wood County","Mcdonough Wildlife Preserve","39 19.463","-081 31.393","Trees measured were on north facing slope below the Main Loop Trail","","296149","1","39 19.463","-081 31.393","","Public- City Owned","137.0'","Clinometer/laser rangefinder/sine","8.1'","97''","","","Turner Sharp","2009-03-09","http%3A%2F%2Fwww.nativetreesociety.org%2Ffieldtrips%2Fwest_virginia%2Fmcdonough.htm","N"
"Tuliptree","Liriodendron tulipifera","West Virginia","Wood County - City Of Parkersburg","Stern Tract - Upland","","","","","167560","1","","","","Private","98.2'","Clinometer/laser rangefinder/sine","5.7'","69''","","","Turner Sharp","2014-11-29","","N"
"Tuliptree","Liriodendron tulipifera","West Virginia","Wood County - City Of Parkersburg","Stern Tract - Upland","","","","","167573","1","","","","Private","111.9'","Clinometer/laser rangefinder/sine","6.9'","83''","","","Turner Sharp","2014-11-29","","N"
"Tuliptree","Liriodendron tulipifera","West Virginia","Wood County - City Of Parkersburg","Stern-Marlan Tract - Bottomland","","","Bottom land along Worthington Creek. Subject to periodic flooding. Elevation 590'","","272682","1","","","","Private","109.0'","Clinometer/laser rangefinder/sine","9.1'","109''","","","Turner Sharp","2014-11-25","","N"