"Common Name","Botanical Name","State","County","Site","Site Latitude","Site Longitude","Location comments","Tree name","Tree id","Measurement number","Latitude","Longitude","Elevation","Ownership type","Height (ft)","Height measurement method","Girth (ft)","Girth (in)","Crown spread (ft)","Tree comments","Measurer(s)","Measured","Trip report url","Photos available"
"Cucumber-Tree","Magnolia acuminata","Alabama","Jackson","Walls Of Jericho","34 59.326","-086 06.037","","","315721","1","34 59.326","-086 06.037","885.0 ft","Public","113.1'","Clinometer/laser rangefinder/sine","6.8'","81''","","","Elijah Whitcomb","2024-04-20","","N"
"Cucumber-Tree","Magnolia acuminata","Alabama","Jackson","Walls Of Jericho","34 59.051","-086 05.530","","","315746","1","34 59.051","-086 05.530","845.0 ft","Public","122.8'","Clinometer/laser rangefinder/sine","6.4'","76''","","","Elijah Whitcomb","2024-04-20","","N"
"Cucumber-Tree","Magnolia acuminata","Alabama","Jackson","Walls Of Jericho","34 59.188","-086 05.877","","","315722","1","34 59.188","-086 05.877","805.0 ft","Public","124.1'","Clinometer/laser rangefinder/sine","5.8'","69''","","","Elijah Whitcomb","2024-04-20","","N"
"Cucumber-Tree","Magnolia acuminata","Alabama","Lawrence","Indian Tomb Hollow","","","181,230 acres in the Bankhead National Forest","","233714","1","","","","Public - federal","115.2'","Clinometer/laser rangefinder/sine","8.9'","107''","","","Jess Riddle, Will Blozan","2006-01-06","http%3A%2F%2Fwww.nativetreesociety.org%2Ffieldtrips%2Falabama%2Fbankhead%2Fbankhead_national_forest.htm","N"
"Cucumber-Tree","Magnolia acuminata","Alabama","Lawrence","West Flint Creek","","","181,230 aces in the National Forest","","233849","1","","","","Public - federal","112.4'","Clinometer/laser rangefinder/sine","5.2'","62''","","","Jess Riddle, Will Blozan","2006-01-06","http%3A%2F%2Fwww.nativetreesociety.org%2Ffieldtrips%2Falabama%2Fbankhead%2Fbankhead_national_forest.htm","N"
"Cucumber-Tree","Magnolia acuminata","Alabama","Lawrence","West Flint Creek","","","181,230 aces in the National Forest","","233850","1","","","","Public - federal","112.6'","Clinometer/laser rangefinder/sine","7.9'","95''","","","Jess Riddle, Will Blozan","2006-01-06","http%3A%2F%2Fwww.nativetreesociety.org%2Ffieldtrips%2Falabama%2Fbankhead%2Fbankhead_national_forest.htm","N"
"Cucumber-Tree","Magnolia acuminata","Georgia","Murray","Cohutta Wilderness","","","","","234390","1","","","","Public - federal","112.3'","Clinometer/laser rangefinder/sine","7.2'","86''","","","Jess Riddle","2005-03-05","http%3A%2F%2Fwww.nativetreesociety.org%2Ffieldtrips%2Fgeorgia%2Fcohutta_wilderness_area_ga.htm","N"
"Cucumber-Tree","Magnolia acuminata","Georgia","Murray","Cohutta Wilderness","","","","","234391","1","","","","Public - federal","112.7'","Clinometer/laser rangefinder/sine","5.6'","67''","","","Jess Riddle","2005-03-05","http%3A%2F%2Fwww.nativetreesociety.org%2Ffieldtrips%2Fgeorgia%2Fcohutta_wilderness_area_ga.htm","N"
"Cucumber-Tree","Magnolia acuminata","Georgia","Murray","Cohutta Wilderness","","","","","235280","1","","","","Public - federal","129.1'","Clinometer/laser rangefinder/sine","8.0'","96''","","","Jess Riddle","2009-08-12","http%3A%2F%2Fwww.nativetreesociety.org%2Ffieldtrips%2Fgeorgia%2Fcohutta_wilderness_area_ga.htm","N"
"Cucumber-Tree","Magnolia acuminata","Georgia","Rabun","Joe Branch","","","","","229033","1","","","","Public - national","124.4'","Clinometer/laser rangefinder/sine","5.0'","60''","","","Jess Riddle","2004-08-14","http%3A%2F%2Fnativetreesociety.org%2Ffieldtrips%2Fgsmnp%2Fsouthern_appalachian_wanderings.htm","N"
"Cucumber-Tree","Magnolia acuminata","Georgia","Rabun","Southern Nantahala Wilderness Area","","","11,663 acres in Georgia on Chattaloochee National Forest
11,732 acres in North Carolina on Nantahala National Forest","","234418","1","","","","Public - federal","121.7'","Clinometer/laser rangefinder/sine","","","","","Jess Riddle, Doug Riddle","2007-01-30","http%3A%2F%2Fwww.nativetreesociety.org%2Ffieldtrips%2Fnorth_carolina%2Fsouthern_nantahala_wilderness.htm","N"
"Cucumber-Tree","Magnolia acuminata","Georgia","Rabun","Southern Nantahala Wilderness Area","","","11,663 acres in Georgia on Chattaloochee National Forest
11,732 acres in North Carolina on Nantahala National Forest","","234419","1","","","","Public - federal","134.3'","Clinometer/laser rangefinder/sine","8.1'","97''","","","Jess Riddle, Doug Riddle","2007-01-30","http%3A%2F%2Fwww.nativetreesociety.org%2Ffieldtrips%2Fnorth_carolina%2Fsouthern_nantahala_wilderness.htm","N"
"Cucumber-Tree","Magnolia acuminata","Georgia","Stephens","Panther Creek","","","","","249207","1","","","","Public - federal","128.6'","Clinometer/laser rangefinder/sine","6.3'","75''","","","Jess Riddle, Doug Riddle","2011-12-29","http%3A%2F%2Fwww.ents-bbs.org%2Fviewtopic.php%3Ff%3D73%26t%3D3469%26sid%3Da73770c2b894b38da07dbd9d5b148ced","N"
"Cucumber-Tree","Magnolia acuminata","Kentucky","Mccreary","Along The Cumberland River","","","","","76419","1","","","","Public - National Forest","","","7.2'","87''","","Circumference is ""Not Less Than"" (NLT)","Jim Scheef","2011-09-28","http%3A%2F%2Fwww.ents-bbs.org%2Fviewtopic.php%3Ff%3D82%26t%3D3049%23p12183","N"
"Cucumber-Tree","Magnolia acuminata","Massachusetts","Worcester","Edmund Hill Woods","","","118 acres","","250871","1","","","","Public - city","121.7'","Clinometer/laser rangefinder/sine","8.2'","98''","","","Doug Bidlack, Jared Lockwood, Andrew Joslin","2017-04-03","http%3A%2F%2Fwww.ents-bbs.org%2Fviewtopic.php%3Ff%3D86%26t%3D7976%26sid%3Df01aed3bab3c2b41d036f39fba3b6a91%23p39817","N"
"Cucumber-Tree","Magnolia acuminata","North Carolina","Buncombe","Biltmore Estate","","","Trees were measured during an ENT gathering.","","243511","1","","","","Private","","Clinometer/laser rangefinder/sine","13.2'","158''","","","James Parton","2008-04-27","http%3A%2F%2Fnativetreesociety.org%2Ffieldtrips%2Fnorth_carolina%2Fbiltmore%2Fents_gathering_biltmore_estate.htm","N"
"Cucumber-Tree","Magnolia acuminata","North Carolina","Clay","Southern Nantahala Wilderness Area","","","11,703 acres in North Carolina in Nantahala National Forest.
11,770 acres in Georgia in Chattahoochee National Forest","","227734","1","","","","Public - national","121.7'","Clinometer/laser rangefinder/sine","","","","","Jess Riddle, Doug Riddle","2007-01-30","http%3A%2F%2Fnativetreesociety.org%2Ffieldtrips%2Fnorth_carolina%2Fsouthern_nantahala_wilderness.htm","N"
"Cucumber-Tree","Magnolia acuminata","North Carolina","Clay","Southern Nantahala Wilderness Area","","","11,703 acres in North Carolina in Nantahala National Forest.
11,770 acres in Georgia in Chattahoochee National Forest","","227735","1","","","","Public - national","134.3'","Clinometer/laser rangefinder/sine","8.4'","101''","","Tree is in Milksick Cove.","Jess Riddle, Doug Riddle","2007-01-30","http%3A%2F%2Fnativetreesociety.org%2Ffieldtrips%2Fnorth_carolina%2Fsouthern_nantahala_wilderness.htm","N"
"Cucumber-Tree","Magnolia acuminata","North Carolina","Graham","Grassy Branch Area","","","","","243465","1","","","","Public - national","110.0'","Clinometer/laser rangefinder/sine","","","","Grassy Branch","Jess Riddle","2004-06-13","http%3A%2F%2Fnativetreesociety.org%2Ffieldtrips%2Fnorth_carolina%2Fjoyce_kilmer.htm","N"
"Cucumber-Tree","Magnolia acuminata","North Carolina","Graham","Grassy Branch Area","","","","","243466","1","","","","Public - national","117.9'","Clinometer/laser rangefinder/sine","","","","Grassy Branch, Height is Not Less Than (NLT)","Jess Riddle","2004-06-13","http%3A%2F%2Fnativetreesociety.org%2Ffieldtrips%2Fnorth_carolina%2Fjoyce_kilmer.htm","N"
"Cucumber-Tree","Magnolia acuminata","North Carolina","Graham","Joyce Kilmer Memorial Forest","","","Also contained in the Joyce Kilmer - Slickock Wilderness area.","","227405","1","","","","Public - national","","Clinometer/laser rangefinder/sine","12.8'","153''","","","James Parton","2008-05-01","http%3A%2F%2Fnativetreesociety.org%2Ffieldtrips%2Fnorth_carolina%2Fjkmf%2Fjoyce_kilmer_memorial_forest_2008a.htm","N"
"Cucumber-Tree","Magnolia acuminata","North Carolina","Graham","Joyce Kilmer Memorial Forest","","","Also contained in the Joyce Kilmer - Slickock Wilderness area.","","227524","1","","","","Public - national","143.9'","Clinometer/laser rangefinder/sine","13.0'","156''","","","Michael Davie","2004-04-29","http%3A%2F%2Fnativetreesociety.org%2Ffieldtrips%2Fnorth_carolina%2Fjkmf%2Fjoyce_kilmer_memorial_forest_2008a.htm","N"
"Cucumber-Tree","Magnolia acuminata","North Carolina","Graham","Santeetlah Creek","","","","","227021","1","","","","Public - national","147.3'","Clinometer/laser rangefinder/sine","8.9'","107''","","Indian Creek","Jess Riddle","2009-09-08","http%3A%2F%2Fnativetreesociety.org%2Ffieldtrips%2Fnorth_carolina%2Fsanteetlah_creek.htm","N"
"Cucumber-Tree","Magnolia acuminata","North Carolina","Haywood","Groundhog Creek","","","Groundhog Creek flows into the Pigeon River.","","227648","1","","","","Public - national","123.2'","Clinometer/laser rangefinder/sine","4.1'","49''","","","Jess Riddle","2006-12-18","http%3A%2F%2Fnativetreesociety.org%2Ffieldtrips%2Fnorth_carolina%2Fgroundhog_creek.htm","N"
"Cucumber-Tree","Magnolia acuminata","North Carolina","Haywood","Groundhog Creek","","","Groundhog Creek flows into the Pigeon River.","","227649","1","","","","Public - national","135.4'","Clinometer/laser rangefinder/sine","","","","","Jess Riddle","2006-12-18","http%3A%2F%2Fnativetreesociety.org%2Ffieldtrips%2Fnorth_carolina%2Fgroundhog_creek.htm","N"
"Cucumber-Tree","Magnolia acuminata","North Carolina","Haywood","Hurricane Creek","","","Hurricane Creek into Rough Fork into Cataloochee Creek","","230317","1","","","","Public - federal","137.4'","Clinometer/laser rangefinder/sine","12.5'","150''","","","Jess Riddle, Will Blozan","2006-12-22","http%3A%2F%2Fwww.nativetreesociety.org%2Ffieldtrips%2Fgsmnp%2Fhurricane_creek06.htm","N"
"Cucumber-Tree","Magnolia acuminata","North Carolina","Haywood","Mckee Branch","","","McKee Branch into Caldwell Fork into Cataloochee Creek,","","230153","1","","","","Public - federal","135.4'","Clinometer/laser rangefinder/sine","","","","","Michael Davie","2005-02-25","http%3A%2F%2Fwww.nativetreesociety.org%2Ffieldtrips%2Fgsmnp%2Fmckee_branch.htm","N"
"Cucumber-Tree","Magnolia acuminata","North Carolina","Jackson","East Barkers Creek","","","Measurerers also included J. Kelly.","","252162","1","","","","Public - federal","134.3'","Clinometer/laser rangefinder/sine","5.1'","61''","","","Jess Riddle, Will Blozan, Micharl Davie","2011-12-08","http%3A%2F%2Fwww.ents-bbs.org%2Fviewtopic.php%3Ff%3D106%26t%3D1882%26sid%3D75ec212a9b138fb27cc678c4fe2bdea4","N"
"Cucumber-Tree","Magnolia acuminata","North Carolina","Swain","Cliff Branch","","","","","229654","1","","","","Public - national","141.1'","Clinometer/laser rangefinder/sine","5.3'","64''","","","Jess Riddle","2006-05-23","http%3A%2F%2Fnativetreesociety.org%2Ffieldtrips%2Fgsmnp%2Fkanati_fork.htm","N"
"Cucumber-Tree","Magnolia acuminata","North Carolina","Swain","Cliff Branch","","","","","229655","1","","","","Public - national","146.8'","Clinometer/laser rangefinder/sine","6.6'","79''","","","Jess Riddle","2006-05-23","http%3A%2F%2Fnativetreesociety.org%2Ffieldtrips%2Fgsmnp%2Fkanati_fork.htm","N"
"Cucumber-Tree","Magnolia acuminata","North Carolina","Swain","Collins Creek","","","Collins Creek into Oconaluftee River.
Three trees listed in the trip report as being on Kanati Creek are included in 5/23/2006 Kanati Creek.","","229340","1","","","","Public - national","117.9'","Clinometer/laser rangefinder/sine","12.8'","154''","","","Jess Riddle","2006-02-12","http%3A%2F%2Fnativetreesociety.org%2Ffieldtrips%2Fgsmnp%2Fcolllins_creek.htm","N"
"Cucumber-Tree","Magnolia acuminata","North Carolina","Swain","Mingus Creek","","","Mingus Creek into Oconaluftee River,","","229293","1","","","","Public - national","136.1'","Clinometer/laser rangefinder/sine","6.3'","75''","","","Jess Riddle","2007-04-30","http%3A%2F%2Fnativetreesociety.org%2Ffieldtrips%2Fgsmnp%2Fmingus_creek.htm","N"
"Cucumber-Tree","Magnolia acuminata","North Carolina","Swain","Mingus Creek","","","Mingus Creek into Oconaluftee River,","","229294","1","","","","Public - national","141.2'","Clinometer/laser rangefinder/sine","6.6'","79''","","","Jess Riddle","2007-04-30","http%3A%2F%2Fnativetreesociety.org%2Ffieldtrips%2Fgsmnp%2Fmingus_creek.htm","N"
"Cucumber-Tree","Magnolia acuminata","North Carolina","Swain","Mingus Creek","","","Mingus Creek into Oconaluftee River,","","229295","1","","","","Public - national","143.8'","Clinometer/laser rangefinder/sine","5.5'","66''","","","Jess Riddle","2007-04-30","http%3A%2F%2Fnativetreesociety.org%2Ffieldtrips%2Fgsmnp%2Fmingus_creek.htm","N"
"Cucumber-Tree","Magnolia acuminata","New Jersey","Mercer","Princeton University","","","Trees were measured in a naturalized area","","171035","1","","","","Private","105.0'","Clinometer/laser rangefinder/sine","13.8'","166''","71.0'","","Scott Wade, Megan Varnes","2005-07-26","http%3A%2F%2Fwww.nativetreesociety.org%2Ffieldtrips%2Fnew_jersey%2Fprinceton%2Fprinceton.htm","N"
"Cucumber-Tree","Magnolia acuminata","New York","Brooklyn","Green-Wood Cemetery","","","478 Acres","","258133","1","","","","Public-Private","112.8'","Clinometer/laser rangefinder/sine","","","","Multi-stem tree","Erik Danielson","2016-03-21","http%3A%2F%2Fwww.ents-bbs.org%2Fviewtopic.php%3Ff%3D105%26t%3D7610%26sid%3Da5df369d81886bd5190d6a4e7feb5dd7","N"
"Cucumber-Tree","Magnolia acuminata","New York","Cattaraugus","Big Basin","","","","","264842","1","","","","Public - state","111.0'","Clinometer/laser rangefinder/sine","7.7'","92''","","","Erik Danielson","2019-04-06","http%3A%2F%2Fwww.ents-bbs.org%2Fviewtopic.php%3Ff%3D105%26t%3D8543%26start%3D20%26sid%3Dbc15a04e1c5a2e8ee05f8b7d15e76b09","N"
"Cucumber-Tree","Magnolia acuminata","New York","Cattaraugus","Big Basin","","","","","264841","1","","","","Public - state","116.5'","Clinometer/laser rangefinder/sine","7.3'","88''","","","Erik Danielson","2019-04-06","http%3A%2F%2Fwww.ents-bbs.org%2Fviewtopic.php%3Ff%3D105%26t%3D8543%26start%3D20%26sid%3Dbc15a04e1c5a2e8ee05f8b7d15e76b09","N"
"Cucumber-Tree","Magnolia acuminata","New York","Cattaraugus","Big Basin","","","","","264994","1","","","","Public - state","116.5'","Clinometer/laser rangefinder/sine","8.0'","96''","","","Erik Danielson","2020-01-02","http%3A%2F%2Fwww.ents-bbs.org%2Fviewtopic.php%3Ff%3D105%26t%3D8543%26start%3D20%26sid%3Dbc15a04e1c5a2e8ee05f8b7d15e76b09","N"
"Cucumber-Tree","Magnolia acuminata","New York","Cattaraugus","Big Basin","","","","","265035","1","","","","Public - state","125.3'","Clinometer/laser rangefinder/sine","8.0'","96''","","","Erik Danielson","2021-08-24","http%3A%2F%2Fwww.ents-bbs.org%2Fviewtopic.php%3Ff%3D105%26t%3D8543%26start%3D20%26sid%3Dbc15a04e1c5a2e8ee05f8b7d15e76b09","N"
"Cucumber-Tree","Magnolia acuminata","New York","Cattaraugus","Big Basin","","","","","265034","1","","","","Public - state","126.3'","Clinometer/laser rangefinder/sine","8.0'","96''","","","Erik Danielson","2021-08-24","http%3A%2F%2Fwww.ents-bbs.org%2Fviewtopic.php%3Ff%3D105%26t%3D8543%26start%3D20%26sid%3Dbc15a04e1c5a2e8ee05f8b7d15e76b09","N"
"Cucumber-Tree","Magnolia acuminata","New York","Cattaraugus","Trackless West","","","A White Pine on Pine Creek was measured on 12/31/2019","","281384","1","","","","Public - state","104.5'","Clinometer/laser rangefinder/sine","7.5'","90''","","","Erik Danielson","2017-10-21","http%3A%2F%2Fwww.ents-bbs.org%2Fviewtopic.php%3Ff%3D105%26t%3D8116%26sid%3D75c3cd14aea4e263f5660ee32feb86dd","N"
"Cucumber-Tree","Magnolia acuminata","New York","Cattaraugus","Trackless West","","","A White Pine on Pine Creek was measured on 12/31/2019","","281367","1","","","","Public - state","112.5'","Clinometer/laser rangefinder/sine","7.1'","85''","","","Erik Danielson","2017-10-21","http%3A%2F%2Fwww.ents-bbs.org%2Fviewtopic.php%3Ff%3D105%26t%3D8116%26sid%3D75c3cd14aea4e263f5660ee32feb86dd","N"
"Cucumber-Tree","Magnolia acuminata","New York","Cattaraugus","Trackless West","","","A White Pine on Pine Creek was measured on 12/31/2019","","266356","1","","","","Public - state","114.5'","Clinometer/laser rangefinder/sine","5.9'","71''","","","Erik Danielson","2019-03-27","http%3A%2F%2Fwww.ents-bbs.org%2Fviewtopic.php%3Ff%3D105%26t%3D8116%26sid%3D75c3cd14aea4e263f5660ee32feb86dd","N"
"Cucumber-Tree","Magnolia acuminata","New York","Cattaraugus","Trackless West","","","Trees were measured in coves along Bay State Brook.","","265256","1","","","","Public - state","121.0'","Clinometer/laser rangefinder/sine","8.9'","107''","","","Erik Danielson","2020-10-17","http%3A%2F%2Fwww.ents-bbs.org%2Fviewtopic.php%3Ff%3D105%26t%3D8116%26sid%3Df84e2f8e81882d689c945b6008d2e6c5","N"
"Cucumber-Tree","Magnolia acuminata","New York","Cattaraugus","Trackless West","","","A White Pine on Pine Creek was measured on 12/31/2019","","266355","1","","","","Public - state","121.0'","Clinometer/laser rangefinder/sine","7.0'","84''","","","Erik Danielson","2019-03-27","http%3A%2F%2Fwww.ents-bbs.org%2Fviewtopic.php%3Ff%3D105%26t%3D8116%26sid%3D75c3cd14aea4e263f5660ee32feb86dd","N"
"Cucumber-Tree","Magnolia acuminata","New York","Cattaraugus","Trackless West","","","A White Pine on Pine Creek was measured on 12/31/2019","","266354","1","","","","Public - state","123.5'","Clinometer/laser rangefinder/sine","6.0'","72''","","","Erik Danielson","2019-03-27","http%3A%2F%2Fwww.ents-bbs.org%2Fviewtopic.php%3Ff%3D105%26t%3D8116%26sid%3D75c3cd14aea4e263f5660ee32feb86dd","N"
"Cucumber-Tree","Magnolia acuminata","New York","Cattaraugus","Zoar Valley","","","","","221816","1","","","","Public","110.3'","Clinometer/laser rangefinder/sine","","","","","Elijah Whitcomb, Erik Danielsen","2017-07-01","http%3A%2F%2Fwww.ents-bbs.org%2Fviewtopic.php%3Ff%3D105%26t%3D7379","N"
"Cucumber-Tree","Magnolia acuminata","New York","Cattaraugus","Zoar Valley","","","","","221845","1","","","","Public","116.0'","Clinometer/laser rangefinder/sine","6.2'","74''","","","Elijah Whitcomb, Erik Danielsen","2017-07-01","http%3A%2F%2Fwww.ents-bbs.org%2Fviewtopic.php%3Ff%3D105%26t%3D7379","N"
"Cucumber-Tree","Magnolia acuminata","New York","Cayuga","Fort Hill Cemetery","42 55.511","-076 34.316","","","214906","1","42 55.511","-076 34.316","815.0 ft","Public","80.9'","Clinometer/laser rangefinder/sine","15.5'","186''","","","Elijah Whitcomb","2020-09-07","","N"
"Cucumber-Tree","Magnolia acuminata","New York","Chautauqua","Canadaway Creek","","","","","263261","1","","","","Public - state","88.8'","Clinometer/laser rangefinder/sine","9.8'","118''","","","Erik Danielson","2016-02-18","http%3A%2F%2Fwww.ents-bbs.org%2Fviewtopic.php%3Ff%3D105%26t%3D8475%26sid%3D790ff9aec04a19dc89f8f501cf95fd51","N"
"Cucumber-Tree","Magnolia acuminata","New York","Chautauqua","Canadaway Creek","","","","","263260","1","","","","Public - state","90.6'","Clinometer/laser rangefinder/sine","5.9'","71''","","","Erik Danielson","2016-02-18","http%3A%2F%2Fwww.ents-bbs.org%2Fviewtopic.php%3Ff%3D105%26t%3D8475%26sid%3D790ff9aec04a19dc89f8f501cf95fd51","N"
"Cucumber-Tree","Magnolia acuminata","New York","Chautauqua","Canadaway Creek","","","","","263259","1","","","","Public - state","100.2'","Clinometer/laser rangefinder/sine","8.1'","97''","","","Erik Danielson","2016-02-18","http%3A%2F%2Fwww.ents-bbs.org%2Fviewtopic.php%3Ff%3D105%26t%3D8475%26sid%3D790ff9aec04a19dc89f8f501cf95fd51","N"
"Cucumber-Tree","Magnolia acuminata","New York","Chautauqua","Canadaway Creek","","","","","263206","1","","","","Public - state","108.9'","Clinometer/laser rangefinder/sine","9.2'","110''","","","Erik Danielson","2016-02-18","http%3A%2F%2Fwww.ents-bbs.org%2Fviewtopic.php%3Ff%3D105%26t%3D8475%26sid%3D790ff9aec04a19dc89f8f501cf95fd51","N"
"Cucumber-Tree","Magnolia acuminata","New York","Chautauqua","Chautauqua Creek Gorge","","","Trees measured during visits on 2/9/2019, 3/6/2019","","264153","1","","","","Public - state","103.5'","Clinometer/laser rangefinder/sine","","","","","Erik Danielson","2018-05-26","http%3A%2F%2Fwww.ents-bbs.org%2Fviewtopic.php%3Ff%3D105%26t%3D8107%26start%3D10%26sid%3D147272388024481ad73b800144c5c8ae","N"
"Cucumber-Tree","Magnolia acuminata","New York","Chautauqua","Chautauqua Creek Gorge","","","Trees measured during visits on 2/9/2019, 3/6/2019","","264126","1","","","","Public - state","105.0'","Clinometer/laser rangefinder/sine","7.2'","86''","","","Erik Danielson","2019-03-06","http%3A%2F%2Fwww.ents-bbs.org%2Fviewtopic.php%3Ff%3D105%26t%3D8107%26start%3D10%26sid%3D147272388024481ad73b800144c5c8ae","N"
"Cucumber-Tree","Magnolia acuminata","New York","Chautauqua","Chautauqua Creek Gorge","","","Trees measured during visits on 2/9/2019, 3/6/2019","","264182","1","","","","Public - state","106.5'","Clinometer/laser rangefinder/sine","5.4'","65''","","","Erik Danielson","2018-05-26","http%3A%2F%2Fwww.ents-bbs.org%2Fviewtopic.php%3Ff%3D105%26t%3D8107%26start%3D10%26sid%3D147272388024481ad73b800144c5c8ae","N"
"Cucumber-Tree","Magnolia acuminata","New York","Chautauqua","Fredonia College (SUNY) Woodlot","","","","","258950","1","","","","Public - state","87.5'","Clinometer/laser rangefinder/sine","6.7'","80''","","","Erik Danielson","2016-01-03","http%3A%2F%2Fwww.ents-bbs.org%2Fviewtopic.php%3Ff%3D105%26t%3D7439%26sid%3D09816f915ab8eb7380e5089116daacfd","N"
"Cucumber-Tree","Magnolia acuminata","New York","Chautauqua","Leolyn Woods","","","","","261272","1","","","","Public-Private","113.0'","Clinometer/laser rangefinder/sine","9.9'","118''","","","Erik Danielson, Jack Howard, Tom Howard","2015-03-13","http%3A%2F%2Fwww.ents-bbs.org%2Fviewtopic.php%3Ff%3D105%26t%3D8188%26sid%3D790ff9aec04a19dc89f8f501cf95fd51","N"
"Cucumber-Tree","Magnolia acuminata","New York","Chautauqua","Leolyn Woods","","","","","261273","1","","","","Public-Private","113.2'","Clinometer/laser rangefinder/sine","10.5'","126''","","","Erik Danielson, Jack Howard, Tom Howard","2015-03-13","http%3A%2F%2Fwww.ents-bbs.org%2Fviewtopic.php%3Ff%3D105%26t%3D8188%26sid%3D790ff9aec04a19dc89f8f501cf95fd51","N"
"Cucumber-Tree","Magnolia acuminata","New York","Chautauqua","Leolyn Woods","","","","","261328","1","","","","Public-Private","115.2'","Clinometer/laser rangefinder/sine","","","","","Erik Danielson, Jack Howard, Tom Howard","2015-03-13","http%3A%2F%2Fwww.ents-bbs.org%2Fviewtopic.php%3Ff%3D105%26t%3D8188%26sid%3D790ff9aec04a19dc89f8f501cf95fd51","N"
"Cucumber-Tree","Magnolia acuminata","New York","Chautauqua","Leolyn Woods","42 20.951","-079 19.319","","","264293","1","42 20.951","-079 19.319","","Public-Private","116.4'","Clinometer/laser rangefinder/sine","10.0'","120''","","433 cubic feet","Erik Danielson","2018-01-30","http%3A%2F%2Fwww.ents-bbs.org%2Fviewtopic.php%3Ff%3D105%26t%3D8188%26sid%3D790ff9aec04a19dc89f8f501cf95fd51","N"
"Cucumber-Tree","Magnolia acuminata","New York","Chautauqua","Long Point State Park","","","","","242706","1","","","","Public - state","102.1'","Clinometer/laser rangefinder/sine","12.0'","144''","","Height is Not Less Then (NLT)","Dale Luthringer, Bruce Kershner, Gerry Horowitz","2006-05-07","http%3A%2F%2Fwww.ents-bbs.org%2Fviewtopic.php%3Ff%3D105%26t%3D8077%26sid%3D6b0f6b34c4c50c35d114e981206bd7cd","N"
"Cucumber-Tree","Magnolia acuminata","New York","Chautauqua","Long Point State Park","","","","","242707","1","","","","Public - state","103.7'","Clinometer/laser rangefinder/sine","6.5'","78''","","","Dale Luthringer, Bruce Kershner, Gerry Horowitz","2006-05-07","http%3A%2F%2Fwww.ents-bbs.org%2Fviewtopic.php%3Ff%3D105%26t%3D8077%26sid%3D6b0f6b34c4c50c35d114e981206bd7cd","N"
"Cucumber-Tree","Magnolia acuminata","New York","Chautauqua","Long Point State Park","","","","","242708","1","","","","Public - state","105.1'","Clinometer/laser rangefinder/sine","6.4'","77''","","Height is Not Less Then (NLT)","Dale Luthringer, Bruce Kershner, Gerry Horowitz","2006-05-07","http%3A%2F%2Fwww.ents-bbs.org%2Fviewtopic.php%3Ff%3D105%26t%3D8077%26sid%3D6b0f6b34c4c50c35d114e981206bd7cd","N"
"Cucumber-Tree","Magnolia acuminata","New York","Chautauqua","Long Point State Park","","","","","242709","1","","","","Public - state","106.2'","Clinometer/laser rangefinder/sine","7.8'","94''","","","Dale Luthringer, Bruce Kershner, Gerry Horowitz","2006-05-07","http%3A%2F%2Fwww.ents-bbs.org%2Fviewtopic.php%3Ff%3D105%26t%3D8077%26sid%3D6b0f6b34c4c50c35d114e981206bd7cd","N"
"Cucumber-Tree","Magnolia acuminata","New York","Chautauqua","Long Point State Park","","","","","242710","1","","","","Public - state","112.4'","Clinometer/laser rangefinder/sine","11.0'","132''","","","Dale Luthringer, Bruce Kershner, Gerry Horowitz","2006-05-07","http%3A%2F%2Fwww.ents-bbs.org%2Fviewtopic.php%3Ff%3D105%26t%3D8077%26sid%3D6b0f6b34c4c50c35d114e981206bd7cd","N"
"Cucumber-Tree","Magnolia acuminata","New York","Chautauqua","Long Point State Park","","","","","242711","1","","","","Public - state","115.5'","Clinometer/laser rangefinder/sine","8.3'","100''","","","Dale Luthringer, Bruce Kershner, Gerry Horowitz","2006-05-07","http%3A%2F%2Fwww.ents-bbs.org%2Fviewtopic.php%3Ff%3D105%26t%3D8077%26sid%3D6b0f6b34c4c50c35d114e981206bd7cd","N"
"Cucumber-Tree","Magnolia acuminata","New York","Dutchess","Franklin D. Roosevelt Presidential Library & Museum","","","","","186243","1","","","","Public","84.5'","Clinometer/laser rangefinder/sine","13.7'","164''","","","Elijah Whitcomb","2019-02-24","","N"
"Cucumber-Tree","Magnolia acuminata","New York","Erie","Hunters Creek Gorge","","","Trees were measured on the Kenneglen Preserve owned by the Western New York Land Conservancy and the Emmerling property to be acquired.","","261632","1","","","","Public-Private","108.5'","Clinometer/laser rangefinder/sine","6.4'","77''","","","Erik Danielson","2018-04-06","http%3A%2F%2Fwww.ents-bbs.org%2Fviewtopic.php%3Ff%3D105%26t%3D8245%26sid%3D02519a8b9d7201e9827338c2482cb174","N"
"Cucumber-Tree","Magnolia acuminata","New York","Erie","Hunters Creek Gorge","","","Trees were measured on the Kenneglen Preserve owned by the Western New York Land Conservancy and the Emmerling property to be acquired.","","261631","1","","","","Public-Private","110.0'","Clinometer/laser rangefinder/sine","6.3'","76''","","","Erik Danielson","2018-04-06","http%3A%2F%2Fwww.ents-bbs.org%2Fviewtopic.php%3Ff%3D105%26t%3D8245%26sid%3D02519a8b9d7201e9827338c2482cb174","N"
"Cucumber-Tree","Magnolia acuminata","New York","Erie","Hunters Creek Gorge","","","Trees were measured on the Kenneglen Preserve owned by the Western New York Land Conservancy and the Emmerling property to be acquired.","","261630","1","","","","Public-Private","112.9'","Clinometer/laser rangefinder/sine","9.6'","115''","","","Erik Danielson","2018-04-06","http%3A%2F%2Fwww.ents-bbs.org%2Fviewtopic.php%3Ff%3D105%26t%3D8245%26sid%3D02519a8b9d7201e9827338c2482cb174","N"
"Cucumber-Tree","Magnolia acuminata","New York","Monroe","Genessee Valley Park","","","","","189771","1","","","","Public","91.3'","Clinometer/laser rangefinder/sine","7.8'","93''","","","Elijah Whitcomb","2019-04-01","http%3A%2F%2Fwww.ents-bbs.org%2Fviewtopic.php%3Ff%3D105%26t%3D8540","N"
"Cucumber-Tree","Magnolia acuminata","New York","Monroe","Highland Park","","","","","226106","1","","","","Public","90.8'","Clinometer/laser rangefinder/sine","7.6'","91''","","","Elijah Whitcomb, Tom Howard","2020-11-01","http%3A%2F%2Fwww.ents-bbs.org%2Fviewtopic.php%3Ff%3D105%26t%3D7037","N"
"Cucumber-Tree","Magnolia acuminata","New York","Onondaga","Beaver Lake Nature Center","","","","","213032","1","","","","Public","65.7'","Clinometer/laser rangefinder/sine","","","","","Elijah Whitcomb, Tom Howard","2015-11-01","","N"
"Cucumber-Tree","Magnolia acuminata","New York","Onondaga","Beaver Lake Nature Center","","","","","213038","1","","","","Public","104.3'","Clinometer/laser rangefinder/sine","","","","","Elijah Whitcomb, Tom Howard","2015-11-01","","N"
"Cucumber-Tree","Magnolia acuminata","New York","Oswego","Curtiss-Gale WMA","","","","","221394","1","","","","Public","115.7'","Clinometer/laser rangefinder/sine","5.4'","65''","","","Elijah Whitcomb","2019-05-21","","N"
"Cucumber-Tree","Magnolia acuminata","New York","Seneca","Cayuga Lake State Park","","","","","221053","1","","","","Public","110.7'","Clinometer/laser rangefinder/sine","9.2'","110''","","","Elijah Whitcomb, Tom Howard","2020-11-16","http%3A%2F%2Fwww.ents-bbs.org%2Fviewtopic.php%3Ff%3D105%26t%3D7243","N"
"Cucumber-Tree","Magnolia acuminata","New York","Tompkins","Cornell Plantations/Beebe Lake Woods","","","","","261871","1","","","","Private:  Cornell University","102.1'","Clinometer/laser rangefinder/sine","7.4'","89''","","","Elijah Whitcomb","2018-04-16","http%3A%2F%2Fwww.ents-bbs.org%2Fviewtopic.php%3Ff%3D105%26t%3D6655","N"
"Cucumber-Tree","Magnolia acuminata","New York","Tompkins","Fischer Old Growth Natural Area","","","","","205453","1","","","","Public","105.5'","Clinometer/laser rangefinder/sine","","","","","Elijah Whitcomb","2018-09-16","http%3A%2F%2Fwww.ents-bbs.org%2Fviewtopic.php%3Ff%3D105%26t%3D8383","N"
"Cucumber-Tree","Magnolia acuminata","New York","Tompkins","Fischer Old Growth Natural Area","","","","","205454","1","","","","Public","119.3'","Clinometer/laser rangefinder/sine","6.6'","79''","","","Elijah Whitcomb","2018-09-16","http%3A%2F%2Fwww.ents-bbs.org%2Fviewtopic.php%3Ff%3D105%26t%3D8383","N"
"Cucumber-Tree","Magnolia acuminata","New York","Tompkins","Robert H. Treman State Park","42 23.989","-076 34.859","","","212975","1","42 23.989","-076 34.859","785.0 ft","Public","130.2'","Clinometer/laser rangefinder/sine","7.9'","95''","","","Elijah Whitcomb","2019-06-10","","N"
"Cucumber-Tree","Magnolia acuminata","New York","Tompkins","Smith Woods","42 32.350","-076 38.705","","","221286","1","42 32.350","-076 38.705","","Public","110.4'","Clinometer/laser rangefinder/sine","9.3'","111''","","","Elijah Whitcomb, Tom Howard","2020-10-04","http%3A%2F%2Fwww.ents-bbs.org%2Fviewtopic.php%3Ff%3D105%26t%3D7265","N"
"Cucumber-Tree","Magnolia acuminata","New York","Tompkins","Taughannock Falls State Park","","","","","230114","1","","","","Public","100.0'","Clinometer/laser rangefinder/sine","","","","","Elijah Whitcomb","2021-01-10","","N"
"Cucumber-Tree","Magnolia acuminata","New York","Tompkins","Taughannock Falls State Park","42 32.426","-076 36.554","","","230113","1","42 32.426","-076 36.554","685.0 ft","Public","117.5'","Clinometer/laser rangefinder/sine","10.6'","127''","","","Elijah Whitcomb","2021-01-10","","N"
"Cucumber-Tree","Magnolia acuminata","New York","Wayne/Cayuga","Howland's Island","43 05.811","-076 41.005","Part of the Montezuma NWF, Howland's Island is a multi-use public property. The land area is broken up by several large ponds, swamps, meadows, fields and cattail marshes.  Most of the forested land contains even-aged hardwood stands, though a few very large and old specimens can be found.","","220760","1","43 05.811","-076 41.005","","Public (NYS)","83.0'","Clinometer/laser rangefinder/sine","4.3'","51''","","","Elijah Whitcomb","2020-11-16","http%3A%2F%2Fwww.ents-bbs.org%2Fviewtopic.php%3Ff%3D105%26t%3D3337","N"
"Cucumber-Tree","Magnolia acuminata","New York","Wayne/Cayuga","Howland's Island","","","Part of the Montezuma NWF, Howland's Island is a multi-use public property. The land area is broken up by several large ponds, swamps, meadows, fields and cattail marshes.  Most of the forested land contains even-aged hardwood stands, though a few very large and old specimens can be found.","","220775","1","","","","Public (NYS)","88.2'","Clinometer/laser rangefinder/sine","6.6'","79''","","","Elijah Whitcomb","2020-11-16","http%3A%2F%2Fwww.ents-bbs.org%2Fviewtopic.php%3Ff%3D105%26t%3D3337","N"
"Cucumber-Tree","Magnolia acuminata","New York","Wayne/Cayuga","Howland's Island","","","Part of the Montezuma NWF, Howland's Island is a multi-use public property. The land area is broken up by several large ponds, swamps, meadows, fields and cattail marshes.  Most of the forested land contains even-aged hardwood stands, though a few very large and old specimens can be found.","","220796","1","","","","Public (NYS)","92.3'","Clinometer/laser rangefinder/sine","3.4'","41''","","Measured by Jess Riddle, posted to NTS BBS 3/11/2012.","Elijah Whitcomb","2020-11-16","http%3A%2F%2Fwww.ents-bbs.org%2Fviewtopic.php%3Ff%3D105%26t%3D3337","N"
"Cucumber-Tree","Magnolia acuminata","New York","Wayne/Cayuga","Howland's Island","","","Part of the Montezuma NWF, Howland's Island is a multi-use public property. The land area is broken up by several large ponds, swamps, meadows, fields and cattail marshes.  Most of the forested land contains even-aged hardwood stands, though a few very large and old specimens can be found.","","220850","1","","","","Public (NYS)","113.5'","Clinometer/laser rangefinder/sine","5.5'","66''","","","Elijah Whitcomb","2020-11-16","http%3A%2F%2Fwww.ents-bbs.org%2Fviewtopic.php%3Ff%3D105%26t%3D3337","N"
"Cucumber-Tree","Magnolia acuminata","New York","Wyoming","Letchworth State Park","","","","","128683","1","","","","Public","119.6'","Clinometer/laser rangefinder/sine","","","","","Elijah Whitcomb","2016-08-20","","N"
"Cucumber-Tree","Magnolia acuminata","New York","Wyoming/Livingston","Letchworth State Park","","","","","266069","1","","","","Public","69.1'","Clinometer/laser rangefinder/sine","4.8'","58''","","Height is Not Less Then(NLT)
At Inspiration Point","Dale Luthringer","2008-10-01","http%3A%2F%2Fwww.ents-bbs.org%2Fviewtopic.php%3Ff%3D105%26t%3D7878","N"
"Cucumber-Tree","Magnolia acuminata","New York","Wyoming/Livingston","Letchworth State Park","42 36.029","-078 00.730","","","217825","1","42 36.029","-078 00.730","","Public","112.7'","Clinometer/laser rangefinder/sine","8.1'","97''","","","Elijah Whitcomb","2020-10-11","http%3A%2F%2Fwww.ents-bbs.org%2Fviewtopic.php%3Ff%3D105%26t%3D7878","N"
"Cucumber-Tree","Magnolia acuminata","New York","Wyoming/Livingston","Letchworth State Park","42 36.224","-078 00.127","","","217824","1","42 36.224","-078 00.127","","Public","114.4'","Clinometer/laser rangefinder/sine","6.0'","72''","","","Elijah Whitcomb","2020-10-11","http%3A%2F%2Fwww.ents-bbs.org%2Fviewtopic.php%3Ff%3D105%26t%3D7878","N"
"Cucumber-Tree","Magnolia acuminata","New York","Wyoming/Livingston","Letchworth State Park","","","","","217765","1","","","","Public","115.1'","Clinometer/laser rangefinder/sine","9.4'","113''","","","Elijah Whitcomb","2020-10-11","http%3A%2F%2Fwww.ents-bbs.org%2Fviewtopic.php%3Ff%3D105%26t%3D7878","N"
"Cucumber-Tree","Magnolia acuminata","New York","Wyoming/Livingston","Letchworth State Park","42 35.329","-078 01.996","","","217762","1","42 35.329","-078 01.996","","Public","124.1'","Clinometer/laser rangefinder/sine","5.9'","70''","","","Elijah Whitcomb","2020-10-11","http%3A%2F%2Fwww.ents-bbs.org%2Fviewtopic.php%3Ff%3D105%26t%3D7878","N"
"Cucumber-Tree","Magnolia acuminata","New York","Wyoming/Livingston","Letchworth State Park","","","","","217786","1","","","","Public","128.7'","Clinometer/laser rangefinder/sine","7.3'","87''","","","Elijah Whitcomb","2020-10-11","http%3A%2F%2Fwww.ents-bbs.org%2Fviewtopic.php%3Ff%3D105%26t%3D7878","N"
"Cucumber-Tree","Magnolia acuminata","New York","Wyoming/Livingston","Letchworth State Park","42 35.397","-078 01.070","","","217780","1","42 35.397","-078 01.070","","Public","131.8'","Clinometer/laser rangefinder/sine","6.7'","80''","","","Elijah Whitcomb","2020-10-11","http%3A%2F%2Fwww.ents-bbs.org%2Fviewtopic.php%3Ff%3D105%26t%3D7878","N"
"Cucumber-Tree","Magnolia acuminata","Ohio","Belmont","Dysart Woods, SE Ohio","","","","","9907","1","","","","public","119.3'","","7.2'","86''","","","Thomas Diggins","2007-04-01","","N"
"Cucumber-Tree","Magnolia acuminata","Ohio","Cuyahoga","Bedford Reservation","","","","","14787","1","","","","Public - county","101.4'","Clinometer/laser rangefinder/sine","","","","","Steve Galehouse","2011-10-02","http%3A%2F%2Fwww.ents-bbs.org%2Fviewtopic.php%3Ff%3D111%26t%3D3075%23p38944","N"
"Cucumber-Tree","Magnolia acuminata","Ohio","Cuyahoga","Bedford Reservation","","","","","169438","1","","","","Public - county","129.0'","Clinometer/laser rangefinder/sine","12.5'","150''","","","Stefan Radivoyevitch","2016-12-13","http%3A%2F%2Fwww.ents-bbs.org%2Fviewtopic.php%3Ff%3D111%26t%3D3075%23p38944","N"
"Cucumber-Tree","Magnolia acuminata","Ohio","Cuyahoga","Brecksville Reservation","","","","","5878","1","","","","public","96.0'","Clinometer/laser rangefinder/sine","7.7'","92''","","","Steve Galehouse","2011-08-18","","N"
"Cucumber-Tree","Magnolia acuminata","Ohio","Cuyahoga","Elmwood Park","","","Elmwood Park is a small park in Rocky River, less than 1/4 S of Lake Erie. Some of the park is developed, but most of the land is wooded, with low hills and valleys that appear to once have been creek beds.","","16585","1","","","","City park","102.9'","Clinometer/laser rangefinder/sine","9.0'","108''","","","Steve Galehouse","2011-11-01","","N"
"Cucumber-Tree","Magnolia acuminata","Ohio","Cuyahoga","Mill Stream Run Reservation","","","","","18676","1","","","","Metropark","106.4'","Clinometer/laser rangefinder/sine","5.8'","69''","","","Steve Galehouse, Mitch Galehouse","2011-12-26","","N"
"Cucumber-Tree","Magnolia acuminata","Ohio","Cuyahoga","Rocky River Park","","","","","166915","1","","","","Public-city","101.0'","Clinometer/laser rangefinder/sine","8.7'","104''","","","Steve Galehouse","2009-03-22","http%3A%2F%2Fwww.nativetreesociety.org%2Ffieldtrips%2Fohio%2Frocky_river.htm","N"
"Cucumber-Tree","Magnolia acuminata","Ohio","Cuyahoga","South Chagrin Reservation","41 25.123","-081 25.102","","","162514","1","41 25.123","-081 25.102","1010.0 ft","public","115.0'","Clinometer/laser rangefinder/sine","9.5'","114''","","","Stefan Radivoyevitch","2016-12-05","","N"
"Cucumber-Tree","Magnolia acuminata","Ohio","Cuyahoga","Tinker's Creek, Bedford Reservation","","","","","18862","1","","","","Metropark","122.2'","Clinometer/laser rangefinder/sine","8.8'","105''","","","Rand Brown","2008-04-15","","N"
"Cucumber-Tree","Magnolia acuminata","Ohio","Lake","North Chagrin Reservation (Forest Only)","","","","","16032","1","","","","public","97.9'","Clinometer/laser rangefinder/sine","8.3'","100''","","","Daniel Reed, Steve Galehouse, Will Blozan","2011-09-05","","N"
"Cucumber-Tree","Magnolia acuminata","Ohio","Lake","North Chagrin Reservation (Forest Only)","41 34.051","-081 25.444","","","16070","1","41 34.051","-081 25.444","","public","100.5'","Clinometer/laser rangefinder/sine","9.3'","112''","","","Daniel Reed, Steve Galehouse, Will Blozan","2011-09-05","","N"
"Cucumber-Tree","Magnolia acuminata","Ohio","Lake","North Chagrin Reservation (Forest Only)","41 33.869","-081 25.488","","","15994","1","41 33.869","-081 25.488","","public","107.5'","Clinometer/laser rangefinder/sine","10.7'","128''","39.5'","","Daniel Reed, Steve Galehouse, Will Blozan","2011-09-05","","N"
"Cucumber-Tree","Magnolia acuminata","Ohio","Lake","North Chagrin Reservation (Forest Only)","","","","","16052","1","","","","public","108.0'","Clinometer/laser rangefinder/sine","9.8'","117''","","","Daniel Reed, Steve Galehouse, Will Blozan","2011-09-05","","N"
"Cucumber-Tree","Magnolia acuminata","Ohio","Lake","North Chagrin Reservation (Forest Only)","41 33.447","-081 25.305","","","16063","1","41 33.447","-081 25.305","","public","109.5'","Clinometer/laser rangefinder/sine","8.3'","100''","","","Daniel Reed, Steve Galehouse, Will Blozan","2011-09-05","","N"
"Cucumber-Tree","Magnolia acuminata","Ohio","Lake","North Chagrin Reservation (Forest Only)","","","","","16046","1","","","","public","118.5'","Clinometer/laser rangefinder/sine","9.5'","114''","","","Daniel Reed, Steve Galehouse, Will Blozan","2011-09-05","","N"
"Cucumber-Tree","Magnolia acuminata","Ohio","Lake","North Chagrin Reservation (Forest Only)","41 34.290","-081 25.492","","","16076","1","41 34.290","-081 25.492","","public","119.5'","Clinometer/laser rangefinder/sine","8.8'","105''","","","Daniel Reed, Steve Galehouse, Will Blozan","2011-09-05","","N"
"Cucumber-Tree","Magnolia acuminata","Ohio","Lake","Stebbin's Gulch","41 36.116","-081 16.521","","","166892","1","41 36.116","-081 16.521","","Private","107.0'","Clinometer/laser rangefinder/sine","11.4'","137''","","Stebbin's Gulch South","Steve Galehouse, Ed Frank, Randy Brown","2009-07-18","http%3A%2F%2Fwww.nativetreesociety.org%2Ffieldtrips%2Fohio%2Fholden2009%2Fholden1.htm","N"
"Cucumber-Tree","Magnolia acuminata","Ohio","Mahoning","Kyle Woods, OH","","","","","11103","1","","","","public","107.8'","","9.3'","111''","","","Thomas Diggins","2004-03-18","","N"
"Cucumber-Tree","Magnolia acuminata","Ohio","Medina","Whipp's Ledges","","","","","166873","1","","","","Park","","Clinometer/laser rangefinder/sine","8.1'","97''","","","Steve Galehouse","2009-10-11","","N"
"Cucumber-Tree","Magnolia acuminata","Ohio","Medina","Whipp's Ledges","41 13.076","-081 42.254","","","2365","1","41 13.076","-081 42.254","","Park","102.0'","Clinometer/laser rangefinder/sine","11.2'","134''","","","Steve Galehouse","2011-01-03","","N"
"Cucumber-Tree","Magnolia acuminata","Ohio","Medina","Whipp's Ledges","","","","","2378","1","","","","Park","106.0'","Clinometer/laser rangefinder/sine","9.8'","117''","","","Steve Galehouse","2011-01-03","","N"
"Cucumber-Tree","Magnolia acuminata","Ohio","Medina","Whipp's Ledges","","","","","2379","1","","","","Park","107.0'","Clinometer/laser rangefinder/sine","8.3'","100''","","","Steve Galehouse","2011-01-03","","N"
"Cucumber-Tree","Magnolia acuminata","Ohio","Medina","Whipp's Ledges","","","","","2380","1","","","","Park","110.5'","Clinometer/laser rangefinder/sine","10.2'","122''","","","Steve Galehouse","2011-01-03","","N"
"Cucumber-Tree","Magnolia acuminata","Ohio","Stark","Cucumber-Tree, North Canton","","","","","10103","1","","","","Private","90.5'","","24.5'","294''","84.0'","","Turner Sharp","2011-04-28","","N"
"Cucumber-Tree","Magnolia acuminata","Ohio","Summit","Boston Run","","","","","165835","1","","","","Public-national","110.8'","Clinometer/laser rangefinder/sine","","","","","Steve Galehouse","2011-10-23","http%3A%2F%2Fwww.ents-bbs.org%2Fviewtopic.php%3Ff%3D111%26t%3D3172","N"
"Cucumber-Tree","Magnolia acuminata","Ohio","Summit","Cuyahoga Valley Composite","","","This is a composite of the tallest trees by species previously recorded in a number of smaller sites within the Cuyahoga Valley, which are all part of the Akron/Summit County Metropark System or the Cuyahoga Valley National Park.","","63689","1","","","","Metropark, National Park","132.0'","Clinometer/laser rangefinder/sine","7.0'","84''","","Ritchie Ledges","Steve Galehouse, Rand Brown","2011-11-06","","N"
"Cucumber-Tree","Magnolia acuminata","Ohio","Summit","Everett Woods","","","","","2458","1","","","","Park","125.0'","Clinometer/laser rangefinder/sine","","","","","Rand Brown, Steve Galehouse","2011-04-03","","N"
"Cucumber-Tree","Magnolia acuminata","Ohio","Summit","Ritchie Ledges","41 13.590","-081 30.550","","","161212","2","41 13.590","-081 30.550","","MetroPark","124.0'","Clinometer/laser rangefinder/sine","9.5'","114''","","","Steve Galehouse, Steve Galehouse","2010-12-17","http%3A%2F%2Fwww.ents-bbs.org%2Fviewtopic.php%3Ff%3D111%26t%3D2094","N"
"Cucumber-Tree","Magnolia acuminata","Ohio","Summit","Ritchie Ledges","","","","","33579","1","","","","MetroPark","126.0'","Clinometer/laser rangefinder/sine","12.0'","144''","","","Rand Brown, Steve Galehouse","2011-02-18","http%3A%2F%2Fwww.ents-bbs.org%2Fviewtopic.php%3Ff%3D111%26t%3D2094","N"
"Cucumber-Tree","Magnolia acuminata","Ohio","Summit","Ritchie Ledges","","","","","33580","1","","","","MetroPark","126.0'","Clinometer/laser rangefinder/sine","9.4'","113''","","","Rand Brown, Steve Galehouse","2011-02-18","http%3A%2F%2Fwww.ents-bbs.org%2Fviewtopic.php%3Ff%3D111%26t%3D2094","N"
"Cucumber-Tree","Magnolia acuminata","Ohio","Summit","Sand Run","","","","","18745","1","","","","Metropark","119.8'","Clinometer/laser rangefinder/sine","","","","","Steve Galehouse, Rand Brown","2010-11-09","","N"
"Cucumber-Tree","Magnolia acuminata","Ohio","Summit","Sand Run","","","","","58964","1","","","","Metropark","132.0'","","7.0'","84''","","","Steve Galehouse","2013-11-17","","N"
"Cucumber-Tree","Magnolia acuminata","Pennsylvania","Butler","Hogg Woods","","","""Most of the shots were from underneath..."" Heights should be considered Not Less Than (NLT)","","138380","1","","","1350.0 ft","Private","94.0'","Clinometer/laser rangefinder/sine","6.9'","83''","","","Carl Harting, Edward Frank","2009-06-10","http%3A%2F%2Fgroups.google.com%2Fgroup%2Fentstrees%2Fbrowse_thread%2Fthread%2Fd06269fc01b3a06b%3Fhl%3Den","N"
"Cucumber-Tree","Magnolia acuminata","Pennsylvania","Centre","Laurel Run Road","","","","","130016","1","","","","Private","95.6'","Clinometer/laser rangefinder/sine","","","","Height is Not Less Than (NLT)","Dale Luthringer","2004-11-18","http%3A%2F%2Fwww.nativetreesociety.org%2Ffieldtrips%2Fpenna%2Fshingletown_gap.htm","N"
"Cucumber-Tree","Magnolia acuminata","Pennsylvania","Centre","Laurel Run Road","","","","","130017","1","","","","Private","100.2'","Clinometer/laser rangefinder/sine","","","","","Dale Luthringer","2004-11-18","http%3A%2F%2Fwww.nativetreesociety.org%2Ffieldtrips%2Fpenna%2Fshingletown_gap.htm","N"
"Cucumber-Tree","Magnolia acuminata","Pennsylvania","Chester","Stabler Drive","","","Property located at 160 Stabler Drive near Chadds Ford.","","132871","1","","","200.0 ft","Private","97.7'","Clinometer/laser rangefinder/sine","18.7'","224''","81.0'","","Scott Wade","2007-10-11","http%3A%2F%2Fwww.nativetreesociety.org%2Ffieldtrips%2Fpenna%2Fnew_red_oak.htm","N"
"Cucumber-Tree","Magnolia acuminata","Pennsylvania","Clarion","CFSP-Forest Cathedral","","","","","214539","1","","","","Public-state","111.1'","Clinometer/laser rangefinder/sine","8.3'","100''","","Height is Not Less Than (NLT)","Dale Luthringer","2009-12-04","http%3A%2F%2Fwww.ents-bbs.org%2Fviewtopic.php%3Ff%3D116%26t%3D1173","N"
"Cucumber-Tree","Magnolia acuminata","Pennsylvania","Clarion","CFSP-Forest Cathedral","","","","","146981","1","","","","Public-state","117.3'","Clinometer/laser rangefinder/sine","11.6'","139''","","Measured 3/7/2003 by D.Luthringer and Schaffner. Tree is on Longfellow Trail near Longfellow Pine.
Originally measured 7/1997 by R. VanPelt at 11.6' x 109'.","Dale Luthringer","2003-12-31","http%3A%2F%2Fwww.ents-bbs.org%2Fviewtopic.php%3Ff%3D116%26t%3D1173","N"
"Cucumber-Tree","Magnolia acuminata","Pennsylvania","Clarion","CFSP-Paved Trail/Black Bear Trail","","","","","145686","1","","","","Public-state","110.0'","Clinometer/laser rangefinder/sine","8.8'","106''","","Height is Not Less Than (NLT)","Dale Luthringer, Edward Frank","2003-10-21","http%3A%2F%2Fwww.nativetreesociety.org%2Ffieldtrips%2Fpenna_cook_forest%2Fblack_bear_trail.htm","N"
"Cucumber-Tree","Magnolia acuminata","Pennsylvania","Clarion","CFSP-Paved Trail/Black Bear Trail","","","","","145697","1","","","","Public-state","112.4'","Clinometer/laser rangefinder/sine","9.0'","108''","","Previously measured 10/21/2003 at 110' x  105.6"".","Dale Luthringer","2004-09-18","http%3A%2F%2Fwww.nativetreesociety.org%2Ffieldtrips%2Fpenna_cook_forest%2Fblack_bear_trail.htm","N"
"Cucumber-Tree","Magnolia acuminata","Pennsylvania","Clarion","CFSP-Seneca Forest Special Management Area","","","","","148211","1","","","","Public - state","110.2'","Clinometer/laser rangefinder/sine","13.0'","156''","","","Dale Luthringer","2003-12-31","http%3A%2F%2Fwww.ents-bbs.org%2Fviewtopic.php%3Ff%3D116%26t%3D8154","N"
"Cucumber-Tree","Magnolia acuminata","Pennsylvania","Clarion","CFSP-Seneca Forest Special Management Area","","","","","146547","1","","","","Public - state","115.2'","Clinometer/laser rangefinder/sine","7.8'","94''","","Trunk cracked","Dale Luthringer","2006-09-22","http%3A%2F%2Fwww.ents-bbs.org%2Fviewtopic.php%3Ff%3D116%26t%3D8154","N"
"Cucumber-Tree","Magnolia acuminata","Pennsylvania","Clarion","CFSP-Seneca Forest Special Management Area","41 20.317","-079 12.891","","","144935","2","41 20.317","-079 12.891","","Public - state","123.1'","Clinometer/laser rangefinder/sine","7.5'","90''","","Measured 10/21/2003 by D. Luthringer. Tree is between Ridge Trail and forest road.
Originally measured 10/2001 by D. Luthringer at 7.3' x 122.9'.","Dale Luthringer, Dale Luthringer","2003-12-31","http%3A%2F%2Fwww.ents-bbs.org%2Fviewtopic.php%3Ff%3D116%26t%3D8154","N"
"Cucumber-Tree","Magnolia acuminata","Pennsylvania","Clarion","CFSP-Upper Toms Run","","","Measured in Maple Drive Old Growth Area.","","146218","1","","","","Public-state","109.7'","Clinometer/laser rangefinder/sine","7.9'","95''","","","Dale Luthringer","2005-02-14","http%3A%2F%2Fwww.nativetreesociety.org%2Fevents%2Fcook2007%2Fcook_forest_bte07.htm","N"
"Cucumber-Tree","Magnolia acuminata","Pennsylvania","Clarion","CFSP-Upper Toms Run","","","Measured in Maple Drive Old Growth Area.","","146285","1","","","","Public-state","121.9'","Clinometer/laser rangefinder/sine","6.9'","83''","","Measured by Frank, Harting 9/6/2005 along Browns Run.","Dale Luthringer","2005-02-14","http%3A%2F%2Fwww.nativetreesociety.org%2Fevents%2Fcook2007%2Fcook_forest_bte07.htm","N"
"Cucumber-Tree","Magnolia acuminata","Pennsylvania","Clarion","Hemlock Island","","","","","173867","1","","","1150.0 ft","Public- state","97.1'","Clinometer/laser rangefinder/sine","9.2'","110''","","","Dale Luthringer","2002-06-26","http%3A%2F%2Fwww.nativetreesociety.org%2Ffieldtrips%2Fpenna%2Fhemlock_island.htm","N"
"Cucumber-Tree","Magnolia acuminata","Pennsylvania","Crawford","Conneaut Marsh","","","State Game Lands 213?","","167708","1","","","","Public?","66.6'","Clinometer/laser rangefinder/sine","2.7'","32''","","","Dale Luthringer","2006-12-05","http%3A%2F%2Fwww.nativetreesociety.org%2Ffieldtrips%2Fpenna%2Fconneaut%2Fconneaut_marsh1.htm","N"
"Cucumber-Tree","Magnolia acuminata","Pennsylvania","Crawford","Greendale Cemetery-Cemetery Run","","","","","168009","1","","","","Private","118.2'","Clinometer/laser rangefinder/sine","7.5'","90''","","","Dale Luthringer","2009-01-01","http%3A%2F%2Fgroups.google.com%2Fgroup%2Fentstrees%2Fbrowse_thread%2Fthread%2F715eb2ea21c8e59e%3Fhl%3Den","N"
"Cucumber-Tree","Magnolia acuminata","Pennsylvania","Delaware","Camp - Woods","","","Site was an outpost for Washington's army during the Valley Forge Winter.","","135780","1","","","","Private","98.4'","Clinometer/laser rangefinder/sine","5.8'","69''","","","George Fieo","2009-11-01","http%3A%2F%2Fgroups.google.com%2Fgroup%2Fentstrees%2Fbrowse_thread%2Fthread%2F7139d67f5a98ce09%3Fhl%3Den","N"
"Cucumber-Tree","Magnolia acuminata","Pennsylvania","Delaware","Camp - Woods","","","Site was an outpost for Washington's army during the Valley Forge Winter.","","135781","1","","","","Private","109.1'","Clinometer/laser rangefinder/sine","6.0'","72''","","","George Fieo","2009-11-01","http%3A%2F%2Fgroups.google.com%2Fgroup%2Fentstrees%2Fbrowse_thread%2Fthread%2F7139d67f5a98ce09%3Fhl%3Den","N"
"Cucumber-Tree","Magnolia acuminata","Pennsylvania","Delaware","Camp - Woods","","","Site was an outpost for Washington's army during the Valley Forge Winter.","","135782","1","","","","Private","118.6'","Clinometer/laser rangefinder/sine","6.3'","76''","","","George Fieo","2009-11-01","http%3A%2F%2Fgroups.google.com%2Fgroup%2Fentstrees%2Fbrowse_thread%2Fthread%2F7139d67f5a98ce09%3Fhl%3Den","N"
"Cucumber-Tree","Magnolia acuminata","Pennsylvania","Erie","Erie Cemetery","","","","","167746","1","","","","Private","72.4'","Clinometer/laser rangefinder/sine","13.3'","160''","","23' circumference at 1 1/2'","Dale Luthringer","2006-08-04","http%3A%2F%2Fwww.nativetreesociety.org%2Ffieldtrips%2Fpenna%2Ferie_cemetary%2Ferie_cemetery.htm","N"
"Cucumber-Tree","Magnolia acuminata","Pennsylvania","Erie","Erie Cemetery","","","","","167747","1","","","","Private","82.0'","Clinometer/laser rangefinder/sine","12.6'","151''","","","Dale Luthringer","2006-08-04","http%3A%2F%2Fwww.nativetreesociety.org%2Ffieldtrips%2Fpenna%2Ferie_cemetary%2Ferie_cemetery.htm","N"
"Cucumber-Tree","Magnolia acuminata","Pennsylvania","Erie","Erie Cemetery","","","","","167748","1","","","","Private","83.2'","Clinometer/laser rangefinder/sine","9.3'","112''","","","Dale Luthringer","2006-08-04","http%3A%2F%2Fwww.nativetreesociety.org%2Ffieldtrips%2Fpenna%2Ferie_cemetary%2Ferie_cemetery.htm","N"
"Cucumber-Tree","Magnolia acuminata","Pennsylvania","Erie","Erie Cemetery","","","","","167749","1","","","","Private","85.2'","Clinometer/laser rangefinder/sine","14.7'","176''","","","Dale Luthringer","2006-08-04","http%3A%2F%2Fwww.nativetreesociety.org%2Ffieldtrips%2Fpenna%2Ferie_cemetary%2Ferie_cemetery.htm","N"
"Cucumber-Tree","Magnolia acuminata","Pennsylvania","Erie","Lake Erie Community Park","","","","","138568","1","","","","Public","74.9'","Clinometer/laser rangefinder/sine","2.5'","30''","","","Dale Luthringer","2004-01-07","http%3A%2F%2Fwww.nativetreesociety.org%2Ffieldtrips%2Fpenna%2Flake_erie_community_park.htm","N"
"Cucumber-Tree","Magnolia acuminata","Pennsylvania","Erie","Scott Community Park","","","Post of 4/12/2004 for trips on 3/19/2004, 4/9/2004","","139022","1","","","","Public","96.1'","Clinometer/laser rangefinder/sine","","","","","Dale Luthringer","2004-04-12","http%3A%2F%2Fwww.nativetreesociety.org%2Ffieldtrips%2Fpenna%2Fscott_community_park.htm","N"
"Cucumber-Tree","Magnolia acuminata","Pennsylvania","Erie","Scott Community Park","","","Post of 4/12/2004 for trips on 3/19/2004, 4/9/2004","","139023","1","","","","Public","99.1'","Clinometer/laser rangefinder/sine","","","","","Dale Luthringer","2004-04-12","http%3A%2F%2Fwww.nativetreesociety.org%2Ffieldtrips%2Fpenna%2Fscott_community_park.htm","N"
"Cucumber-Tree","Magnolia acuminata","Pennsylvania","Erie","Scott Community Park","","","Post of 4/12/2004 for trips on 3/19/2004, 4/9/2004","","139024","1","","","","Public","99.6'","Clinometer/laser rangefinder/sine","","","","","Dale Luthringer","2004-04-12","http%3A%2F%2Fwww.nativetreesociety.org%2Ffieldtrips%2Fpenna%2Fscott_community_park.htm","N"
"Cucumber-Tree","Magnolia acuminata","Pennsylvania","Erie","Scott Community Park","","","Post of 4/12/2004 for trips on 3/19/2004, 4/9/2004","","139025","1","","","","Public","100.2'","Clinometer/laser rangefinder/sine","9.8'","118''","","","Dale Luthringer","2004-04-12","http%3A%2F%2Fwww.nativetreesociety.org%2Ffieldtrips%2Fpenna%2Fscott_community_park.htm","N"
"Cucumber-Tree","Magnolia acuminata","Pennsylvania","Erie","Scott Community Park","","","Post of 4/12/2004 for trips on 3/19/2004, 4/9/2004","","139026","1","","","","Public","103.6'","Clinometer/laser rangefinder/sine","9.4'","113''","","","Dale Luthringer","2004-04-12","http%3A%2F%2Fwww.nativetreesociety.org%2Ffieldtrips%2Fpenna%2Fscott_community_park.htm","N"
"Cucumber-Tree","Magnolia acuminata","Pennsylvania","Erie","Scott Community Park","","","Post of 4/12/2004 for trips on 3/19/2004, 4/9/2004","","139027","1","","","","Public","103.6'","Clinometer/laser rangefinder/sine","10.9'","131''","","","Dale Luthringer","2004-04-12","http%3A%2F%2Fwww.nativetreesociety.org%2Ffieldtrips%2Fpenna%2Fscott_community_park.htm","N"
"Cucumber-Tree","Magnolia acuminata","Pennsylvania","Erie","Scott Community Park","42 06.843","-080 08.690","Post of 4/12/2004 for trips on 3/19/2004, 4/9/2004","","139030","1","42 06.843","-080 08.690","","Public","104.7'","Clinometer/laser rangefinder/sine","13.1'","157''","","","Dale Luthringer","2004-04-12","http%3A%2F%2Fwww.nativetreesociety.org%2Ffieldtrips%2Fpenna%2Fscott_community_park.htm","N"
"Cucumber-Tree","Magnolia acuminata","Pennsylvania","Erie","Scott Community Park","","","Post of 4/12/2004 for trips on 3/19/2004, 4/9/2004","","139028","1","","","","Public","105.1'","Clinometer/laser rangefinder/sine","6.8'","82''","","Height is Not Less Than (NLT)","Dale Luthringer","2004-04-12","http%3A%2F%2Fwww.nativetreesociety.org%2Ffieldtrips%2Fpenna%2Fscott_community_park.htm","N"
"Cucumber-Tree","Magnolia acuminata","Pennsylvania","Erie","Scott Community Park","","","Post of 4/12/2004 for trips on 3/19/2004, 4/9/2004","","139029","1","","","","Public","106.6'","Clinometer/laser rangefinder/sine","10.9'","131''","","Old Tree","Dale Luthringer","2004-04-12","http%3A%2F%2Fwww.nativetreesociety.org%2Ffieldtrips%2Fpenna%2Fscott_community_park.htm","N"
"Cucumber-Tree","Magnolia acuminata","Pennsylvania","Erie","Scott Community Park","","","Post of 4/12/2004 for trips on 3/19/2004, 4/9/2004","","139031","1","","","","Public","108.1'","Clinometer/laser rangefinder/sine","9.7'","116''","","Height is Not Less Than (NLT)","Dale Luthringer","2004-04-12","http%3A%2F%2Fwww.nativetreesociety.org%2Ffieldtrips%2Fpenna%2Fscott_community_park.htm","N"
"Cucumber-Tree","Magnolia acuminata","Pennsylvania","Erie","Scott Community Park","","","Post of 4/12/2004 for trips on 3/19/2004, 4/9/2004","","139032","1","","","","Public","108.1'","Clinometer/laser rangefinder/sine","10.7'","128''","","Height is Not Less Than (NLT)","Dale Luthringer","2004-04-12","http%3A%2F%2Fwww.nativetreesociety.org%2Ffieldtrips%2Fpenna%2Fscott_community_park.htm","N"
"Cucumber-Tree","Magnolia acuminata","Pennsylvania","Erie","Scott Community Park","","","Post of 4/12/2004 for trips on 3/19/2004, 4/9/2004","","139033","1","","","","Public","108.6'","Clinometer/laser rangefinder/sine","11.5'","138''","","","Dale Luthringer","2004-04-12","http%3A%2F%2Fwww.nativetreesociety.org%2Ffieldtrips%2Fpenna%2Fscott_community_park.htm","N"
"Cucumber-Tree","Magnolia acuminata","Pennsylvania","Erie","Scott Community Park","42 06.843","-080 08.791","Post of 4/12/2004 for trips on 3/19/2004, 4/9/2004","","139034","1","42 06.843","-080 08.791","","Public","108.6'","Clinometer/laser rangefinder/sine","14.1'","169''","","Height is Not Less Than (NLT)","Dale Luthringer","2004-04-12","http%3A%2F%2Fwww.nativetreesociety.org%2Ffieldtrips%2Fpenna%2Fscott_community_park.htm","N"
"Cucumber-Tree","Magnolia acuminata","Pennsylvania","Erie","Scott Community Park","","","Post of 4/12/2004 for trips on 3/19/2004, 4/9/2004","","139035","1","","","","Public","112.9'","Clinometer/laser rangefinder/sine","14.9'","179''","","","Dale Luthringer","2004-04-12","http%3A%2F%2Fwww.nativetreesociety.org%2Ffieldtrips%2Fpenna%2Fscott_community_park.htm","N"
"Cucumber-Tree","Magnolia acuminata","Pennsylvania","Erie","State Game Lands 155","","","","","138778","1","","","","Public","77.0'","Clinometer/laser rangefinder/sine","4.8'","58''","","","Dale Luthringer","2008-04-17","http%3A%2F%2Fwww.nativetreesociety.org%2Ffieldtrips%2Fpenna%2Fsgl_155_pa.htm","N"
"Cucumber-Tree","Magnolia acuminata","Pennsylvania","Erie","Walnut Creek Gorge","","","See post of 3/18/2008 for trips on 12/28/2007, 12/31/2007.
See post of 9/9/2008 for trips on 3/28/2008, 4/4/2008.","","140120","1","","","","Private","103.8'","Clinometer/laser rangefinder/sine","6.6'","79''","","","Dale Luthringer","2008-03-18","http%3A%2F%2Fwww.nativetreesociety.org%2Ffieldtrips%2Fpenna%2Fwalnut_creek_pa_update.htm","N"
"Cucumber-Tree","Magnolia acuminata","Pennsylvania","Erie","Walnut Creek Gorge","","","See post of 3/18/2008 for trips on 12/28/2007, 12/31/2007.
See post of 9/9/2008 for trips on 3/28/2008, 4/4/2008.","","138515","1","","","","Private","105.1'","Clinometer/laser rangefinder/sine","7.8'","94''","","Height is Not Less Then (NLT)","Dale Luthringer","2004-02-08","http%3A%2F%2Fwww.nativetreesociety.org%2Ffieldtrips%2Fpenna%2Fwalnut_creek_pa_update.htm","N"
"Cucumber-Tree","Magnolia acuminata","Pennsylvania","Erie","Walnut Creek Gorge","42 03.067","-080 11.760","See post of 3/18/2008 for trips on 12/28/2007, 12/31/2007.
See post of 9/9/2008 for trips on 3/28/2008, 4/4/2008.","","138540","1","42 03.067","-080 11.760","","Private","110.2'","Clinometer/laser rangefinder/sine","9.7'","116''","","Knarly specimen","Dale Luthringer","2004-02-08","http%3A%2F%2Fwww.nativetreesociety.org%2Ffieldtrips%2Fpenna%2Fwalnut_creek_pa_update.htm","N"
"Cucumber-Tree","Magnolia acuminata","Pennsylvania","Erie","Wintergreen Gorge","","","Trips were made 7/2/2003, 9/5/2003,10/10/2003,
11/3/2003,5/24/2004,10/15/2004","","120232","1","","","760.0 ft","Public","123.1'","Clinometer/laser rangefinder/sine","8.6'","103''","","","Dale Luthringer","2003-07-02","","N"
"Cucumber-Tree","Magnolia acuminata","Pennsylvania","Erie","Wintergreen Gorge","","","Trips were made 7/2/2003, 9/5/2003,10/10/2003,
11/3/2003,5/24/2004,10/15/2004","","120272","1","","","","Public","125.6'","Clinometer/laser rangefinder/sine","8.7'","104''","","Previously measured on 9/5/2003 at 123.1'","Dale Luthringer","2003-07-02","","N"
"Cucumber-Tree","Magnolia acuminata","Pennsylvania","Fayette","Along Great Gorge Trail","","","This area includes a 2.4 mile section along the trail from Cucumber Falls to the Railroad Trestle.  32 acres with about 16 acres Old Growth","","167661","1","","","","Public - State Park","108.1'","Clinometer/laser rangefinder/sine","5.2'","62''","","Height is Not Less Than (NLT)","Dale Luthringer","2008-03-26","http%3A%2F%2Fgroups.google.com%2Fgroup%2Fentstrees%2Fbrowse_thread%2Fthread%2F4b65935fe745fc78%3Fhl%3Den","N"
"Cucumber-Tree","Magnolia acuminata","Pennsylvania","Fayette","Along Great Gorge Trail","","","This area includes a 2.4 mile section along the trail from Cucumber Falls to the Railroad Trestle.  32 acres with about 16 acres Old Growth","","167662","1","","","","Public - State Park","113.4'","Clinometer/laser rangefinder/sine","8.1'","97''","","","Dale Luthringer","2008-03-26","http%3A%2F%2Fgroups.google.com%2Fgroup%2Fentstrees%2Fbrowse_thread%2Fthread%2F4b65935fe745fc78%3Fhl%3Den","N"
"Cucumber-Tree","Magnolia acuminata","Pennsylvania","Fayette","Ferncliff Penisular Natural Area","","","","","167633","1","","","","Public - State Park","65.2'","Clinometer/laser rangefinder/sine","2.8'","34''","","","Edward Frank, Anthony Kelly","2006-11-14","http%3A%2F%2Fwww.nativetreesociety.org%2Ffieldtrips%2Fpenna%2Fohiopyle_state_park07.htm","N"
"Cucumber-Tree","Magnolia acuminata","Pennsylvania","Fayette","Hewitt Island","","","Island is in the Youghiogheny River near Perryopolis.","","224753","1","","","","Public","75.0'","Clinometer/laser rangefinder/sine","3.3'","40''","","","Edward Franks, Steve Halow","2010-08-28","http%3A%2F%2Fwww.ents-bbs.org%2Fviewtopic.php%3Ff%3D154%26t%3D1279","N"
"Cucumber-Tree","Magnolia acuminata","Pennsylvania","Forest","CFSP-Cook Trail/Henry Run","","","","","144756","1","","","","Public-state","103.6'","Clinometer/laser rangefinder/sine","","","","","Dale Luthringer","2002-07-22","http%3A%2F%2Fwww.nativetreesociety.org%2Ffieldtrips%2Fpenna_cook_forest%2Fcook_forest_april05.htm","N"
"Cucumber-Tree","Magnolia acuminata","Pennsylvania","Forest","CFSP-Cook Trail/Henry Run","","","","","145551","1","","","","Public-state","122.1'","Clinometer/laser rangefinder/sine","7.6'","91''","","","Dale Luthringer","2005-05-05","http%3A%2F%2Fwww.nativetreesociety.org%2Ffieldtrips%2Fpenna_cook_forest%2Fcook_forest_april05.htm","N"
"Cucumber-Tree","Magnolia acuminata","Pennsylvania","Forest","CFSP-Cook Trail/Henry Run","","","","","145552","1","","","","Public-state","122.7'","Clinometer/laser rangefinder/sine","7.2'","86''","","","Dale Luthringer","2005-05-05","http%3A%2F%2Fwww.nativetreesociety.org%2Ffieldtrips%2Fpenna_cook_forest%2Fcook_forest_april05.htm","N"
"Cucumber-Tree","Magnolia acuminata","Pennsylvania","Forest","CFSP-Foundation Ridge And Flats","","","American Chestnuts were measured  on 8/9 /2005.
See: http://www.nativetreesociety.org/fieldtrips/penna_cook_forest/two_trips_to_cook_forest.htm
Also see Luthringer measurements at:: http://www.nativetreesociety.org/fieldtrips/penna_cook_forest/foundation_ridge_flat_update.htm","","168379","1","","","","Public-state","107.4'","Clinometer/laser rangefinder/sine","5.4'","65''","","","Carl Harting, Dale Luthringer, Ed Frank","2006-09-26","http%3A%2F%2Fwww.nativetreesociety.org%2Ffieldtrips%2Fpenna_cook_forest%2Ffoundation_ridge_flat.htm","N"
"Cucumber-Tree","Magnolia acuminata","Pennsylvania","Forest","CFSP-Foundation Ridge And Flats","41 19.940","-079 10.120","American Chestnuts were measured  on 8/9 /2005.
See: http://www.nativetreesociety.org/fieldtrips/penna_cook_forest/two_trips_to_cook_forest.htm
Also see Luthringer measurements at:: http://www.nativetreesociety.org/fieldtrips/penna_cook_forest/foundation_ridge_flat_update.htm","","168380","1","41 19.940","-079 10.120","1250.0 ft","Public-state","126.7'","Clinometer/laser rangefinder/sine","5.1'","61''","","Tag # 637","Carl Harting, Dale Luthringer, Ed Frank","2006-09-26","http%3A%2F%2Fwww.nativetreesociety.org%2Ffieldtrips%2Fpenna_cook_forest%2Ffoundation_ridge_flat.htm","N"
"Cucumber-Tree","Magnolia acuminata","Pennsylvania","Forest","CFSP-River Cabins And Flats","","","Measurements made between 1/1/2002 and 8/6/2004","","145389","1","","","","Public-state","122.6'","Clinometer/laser rangefinder/sine","7.2'","86''","","","Dale Luthringer","2004-08-06","","N"
"Cucumber-Tree","Magnolia acuminata","Pennsylvania","Forest","Hemlock Island","","","","","173811","1","","","1080.0 ft","Public - federal","","Clinometer/laser rangefinder/sine","4.0'","48''","","","Dale Luthringer, Edward Frank","2008-07-16","","N"
"Cucumber-Tree","Magnolia acuminata","Pennsylvania","Forest","Hemlock Island","","","","","173812","1","","","1080.0 ft","Public - federal","110.1'","Clinometer/laser rangefinder/sine","4.9'","59''","","","Dale Luthringer, Edward Frank","2008-07-16","","N"
"Cucumber-Tree","Magnolia acuminata","Pennsylvania","Forest","Hemlock Island","","","","","173813","1","","","1080.0 ft","Public - federal","116.3'","Clinometer/laser rangefinder/sine","3.9'","47''","","","Dale Luthringer, Edward Frank","2008-07-16","","N"
"Cucumber-Tree","Magnolia acuminata","Pennsylvania","Huntingdon","Alan Seeger Natural Area","","","390 Acres in the Natural Area","","139745","1","","","","Public - State Forest","102.2'","Clinometer/laser rangefinder/sine","5.2'","62''","","","Dale Luthringer, Robert Leverett","2002-11-18","http%3A%2F%2Fwww.nativetreesociety.org%2Ffieldtrips%2Fpenna%2Falan_seeger_natural_area.htm","N"
"Cucumber-Tree","Magnolia acuminata","Pennsylvania","Jefferson","Clear Creek State Park","","","","","119247","1","","","","Public - state","105.2'","Clinometer/laser rangefinder/sine","7.2'","86''","","Along River Trail","Dale Luthringer","2005-10-25","","N"
"Cucumber-Tree","Magnolia acuminata","Pennsylvania","Jefferson","Clear Creek State Park","","","","","119248","1","","","","Public - state","110.8'","Clinometer/laser rangefinder/sine","8.1'","97''","","Along Irish Rock Trail","Dale Luthringer","2005-10-25","","N"
"Cucumber-Tree","Magnolia acuminata","Pennsylvania","Jefferson","Clear Creek State Park","","","","","119249","1","","","","Public - state","118.9'","Clinometer/laser rangefinder/sine","7.6'","91''","","Along River Trail","Dale Luthringer","2005-10-25","","N"
"Cucumber-Tree","Magnolia acuminata","Pennsylvania","Jefferson","Cook Flats","","","","","142384","1","","","","Private","109.0'","Clinometer/laser rangefinder/sine","6.1'","73''","","","Dale Luthringer","2006-09-22","http%3A%2F%2Fwww.nativetreesociety.org%2Ffieldtrips%2Fpenna%2Fcook_flats.htm","N"
"Cucumber-Tree","Magnolia acuminata","Pennsylvania","Jefferson","Reynoldsville","41 06.404","-078 54.053","","","110287","2","41 06.404","-078 54.053","","Private","93.5'","Clinometer/laser rangefinder/sine","6.4'","77''","","","Edward Frank, Edward Frank","2011-05-06","","N"
"Cucumber-Tree","Magnolia acuminata","Pennsylvania","Lawrence","Mcconnells Mill State Park","","","","","117339","1","","","","Public - State Park","","Clinometer/laser rangefinder/sine","9.8'","118''","","","Anthony Kelly","2006-01-07","","N"
"Cucumber-Tree","Magnolia acuminata","Pennsylvania","Lawrence","Mcconnells Mill State Park","","","","","117340","1","","","","Public - State Park","","Clinometer/laser rangefinder/sine","9.9'","119''","","","Anthony Kelly","2006-01-07","","N"
"Cucumber-Tree","Magnolia acuminata","Pennsylvania","Lawrence","Mcconnells Mill State Park","","","","","117341","1","","","","Public - State Park","","Clinometer/laser rangefinder/sine","10.3'","124''","","","Anthony Kelly","2006-01-07","","N"
"Cucumber-Tree","Magnolia acuminata","Pennsylvania","Lawrence","Mcconnells Mill State Park","","","","","117420","1","","","","Public - State Park","99.1'","Clinometer/laser rangefinder/sine","4.0'","48''","","Height is Not Less Than (NLT)
Tree along Kildoo Trail- South side","Anthony Kelly","2006-01-07","","N"
"Cucumber-Tree","Magnolia acuminata","Pennsylvania","Lawrence","Mcconnells Mill State Park","","","","","117421","1","","","","Public - State Park","102.9'","Clinometer/laser rangefinder/sine","","","","Tree along Kildoo Trail- North side","Anthony Kelly","2006-01-07","","N"
"Cucumber-Tree","Magnolia acuminata","Pennsylvania","Lawrence","Mcconnells Mill State Park","","","","","117388","1","","","","Public - State Park","121.8'","Clinometer/laser rangefinder/sine","","","","","Anthony Kelly","2006-01-07","","N"
"Cucumber-Tree","Magnolia acuminata","Pennsylvania","Lawrence","Mcconnells Mill State Park","","","","","117396","1","","","","Public - State Park","123.0'","Clinometer/laser rangefinder/sine","","","","","Anthony Kelly","2006-01-07","","N"
"Cucumber-Tree","Magnolia acuminata","Pennsylvania","Lawrence","Mcconnells Mill State Park","","","","","117451","1","","","","Public - State Park","124.5'","Clinometer/laser rangefinder/sine","11.7'","140''","","","Anthony Kelly","2007-04-01","","N"
"Cucumber-Tree","Magnolia acuminata","Pennsylvania","Lawrence","Mcconnells Mill State Park","","","","","117382","1","","","","Public - State Park","124.7'","Clinometer/laser rangefinder/sine","","","","","Anthony Kelly","2006-01-07","","N"
"Cucumber-Tree","Magnolia acuminata","Pennsylvania","Lawrence","Mcconnells Mill State Park","","","","","117387","1","","","","Public - State Park","125.0'","Clinometer/laser rangefinder/sine","11.6'","139''","","","Anthony Kelly","2006-01-07","","N"
"Cucumber-Tree","Magnolia acuminata","Pennsylvania","Lawrence","Mcconnells Mill State Park","","","","","117383","1","","","","Public - State Park","125.3'","Clinometer/laser rangefinder/sine","","","","","Anthony Kelly","2006-01-07","","N"
"Cucumber-Tree","Magnolia acuminata","Pennsylvania","Lawrence","Mcconnells Mill State Park","","","","","117379","1","","","1100.0 ft","Public - State Park","131.6'","Clinometer/laser rangefinder/sine","10.2'","122''","51.0'","Crown spread is maximum, average is 48'.
Originally measured at 130.3'","Anthony Kelly","2006-01-07","","N"
"Cucumber-Tree","Magnolia acuminata","Pennsylvania","Luzerne","Glens Natural Area","","","","","128971","1","","","","Public - State Park","105.7'","Clinometer/laser rangefinder/sine","7.8'","94''","","","Dale Luthringer","2003-11-06","","N"
"Cucumber-Tree","Magnolia acuminata","Pennsylvania","Luzerne","Glens Natural Area","","","","","128972","1","","","","Public - State Park","115.8'","Clinometer/laser rangefinder/sine","5.4'","65''","","","Dale Luthringer","2003-11-06","","N"
"Cucumber-Tree","Magnolia acuminata","Pennsylvania","Mckean","Marilla Reservoir","","","Trees were also measured 9/2009.","","119010","1","","","","Public - sate","97.5'","Clinometer/laser rangefinder/sine","5.5'","66''","","","Dale Luthringer, John Stoneman, Patrick Connelly","2009-10-15","","N"
"Cucumber-Tree","Magnolia acuminata","Pennsylvania","Mckean","Tionesta Scenic Area","","","","","166975","1","","","","Public - federal","90.0'","Clinometer/laser rangefinder/sine","4.5'","54''","","Height is Not Less Than (NLT)","Dale Luthringer","2002-10-30","","N"
"Cucumber-Tree","Magnolia acuminata","Pennsylvania","Perry","Hemlocks Natural Area","","","","","129441","1","","","","Public - State Forest","98.1'","Clinometer/laser rangefinder/sine","","","","","Dale Luthringer","2004-12-28","http%3A%2F%2Fwww.nativetreesociety.org%2Ffieldtrips%2Fpenna%2Fhemlocks_natural_area2.htm","N"
"Cucumber-Tree","Magnolia acuminata","Pennsylvania","Perry","Hemlocks Natural Area","","","","","129442","1","","","","Public - State Forest","100.1'","Clinometer/laser rangefinder/sine","","","","","Dale Luthringer","2004-12-28","http%3A%2F%2Fwww.nativetreesociety.org%2Ffieldtrips%2Fpenna%2Fhemlocks_natural_area2.htm","N"
"Cucumber-Tree","Magnolia acuminata","Pennsylvania","Perry","Hemlocks Natural Area","","","","","129443","1","","","","Public - State Forest","110.4'","Clinometer/laser rangefinder/sine","","","","","Dale Luthringer","2004-12-28","http%3A%2F%2Fwww.nativetreesociety.org%2Ffieldtrips%2Fpenna%2Fhemlocks_natural_area2.htm","N"
"Cucumber-Tree","Magnolia acuminata","Pennsylvania","Perry","Hemlocks Natural Area","","","","","129444","1","","","","Public - State Forest","111.0'","Clinometer/laser rangefinder/sine","","","","","Dale Luthringer","2004-12-28","http%3A%2F%2Fwww.nativetreesociety.org%2Ffieldtrips%2Fpenna%2Fhemlocks_natural_area2.htm","N"
"Cucumber-Tree","Magnolia acuminata","Pennsylvania","Philadelphia","Wissahickon Valley Park","","","","","214531","1","","","175.0 ft","Public - city","76.3'","Clinometer/laser rangefinder/sine","15.2'","182''","","","Scott Wade","2006-01-11","","N"
"Cucumber-Tree","Magnolia acuminata","Pennsylvania","Philadelphia","Wissahickon Valley Park","","","","","214530","1","","","175.0 ft","Public - city","110.8'","Clinometer/laser rangefinder/sine","12.3'","148''","","","Scott Wade","2006-01-11","","N"
"Cucumber-Tree","Magnolia acuminata","Pennsylvania","Sullivan","Ricketts Glen State Park","","","Trees measured were probably made throughout the park and represent maximum heights of 50 species.","","222038","1","","","","Public State Park","128.7'","Clinometer/laser rangefinder/sine","9.5'","114''","","","Rick Koval","2013-12-31","http%3A%2F%2Fwww.ents-bbs.org%2Fviewtopic.php%3Ff%3D150%26t%3D6078","N"
"Cucumber-Tree","Magnolia acuminata","Pennsylvania","Warren","Anders Run Natural Area","","","","","119538","1","","","1200.0 ft","State - public","102.1'","Clinometer/laser rangefinder/sine","5.6'","67''","","","Dale Luthringer","2004-04-14","","N"
"Cucumber-Tree","Magnolia acuminata","Pennsylvania","Warren","Firth Foundation","","","","","118967","1","","","","Private","9.9'","Clinometer/laser rangefinder/sine","5.9'","71''","","","Dale Luthringer","2009-11-20","http%3A%2F%2Fwww.ents-bbs.org%2Fviewtopic.php%3Ff%3D149%26t%3D1158","N"
"Cucumber-Tree","Magnolia acuminata","Pennsylvania","Warren","Hearts Content National Scenic Area","","","","","119435","1","","","1900.0 ft","Public - federal","82.3'","Clinometer/laser rangefinder/sine","","","","Height is Not Less Than (NLT)","Tom Howard, Jack Unknown","2014-08-21","","N"
"Cucumber-Tree","Magnolia acuminata","Pennsylvania","Warren","Hearts Content National Scenic Area","","","","","119482","1","","","1900.0 ft","Public - federal","98.9'","Clinometer/laser rangefinder/sine","4.7'","56''","","","Dale Luthringer","2002-10-31","","N"
"Cucumber-Tree","Magnolia acuminata","Pennsylvania","Warren","Hearts Content National Scenic Area","","","","","119483","1","","","1900.0 ft","Public - federal","114.1'","Clinometer/laser rangefinder/sine","8.8'","106''","","","Dale Luthringer","2002-10-31","","N"
"Cucumber-Tree","Magnolia acuminata","South Carolina","Greenville","Little Pinnacle Mountain","","","11,300 acres encompassing Jones Gap State Park and Caesars Head","","281316","1","","","","Public - state","133.0'","Clinometer/laser rangefinder/sine","9.8'","117''","","","Jess Riddle","2002-05-29","http%3A%2F%2Fwww.nativetreesociety.org%2Ffieldtrips%2Fsouth_carolina%2Flittle_pinnacle_mountain.htm","N"
"Cucumber-Tree","Magnolia acuminata","South Carolina","Oconee","Rich Mountain","","","","","237733","1","","","","Public - federal","115.4'","Clinometer/laser rangefinder/sine","7.4'","89''","","Barton Creek","Jess Riddle","2002-03-14","http%3A%2F%2Fwww.nativetreesociety.org%2Ffieldtrips%2Fsouth_carolina%2Frich_mountain.htm","N"
"Cucumber-Tree","Magnolia acuminata","South Carolina","Oconee","Whitewater River","","","","","40142","1","","","","Public","110.7'","Clinometer/laser rangefinder/sine","","","","","Brian Beduhn","2012-02-25","http%3A%2F%2Fwww.ents-bbs.org%2Fviewtopic.php%3Ff%3D122%26t%3D3755","N"
"Cucumber-Tree","Magnolia acuminata","South Carolina","Oconee","Whitewater River","","","","","40143","1","","","","Public","120.8'","Clinometer/laser rangefinder/sine","","","","","Brian Beduhn","2012-02-25","http%3A%2F%2Fwww.ents-bbs.org%2Fviewtopic.php%3Ff%3D122%26t%3D3755","N"
"Cucumber-Tree","Magnolia acuminata","South Carolina","Oconee","Whitewater River NC And SC","","","","","40271","1","","","","Public","120.8'","Clinometer/laser rangefinder/sine","","","","","Brian Beduhn","2013-01-20","","N"
"Cucumber-Tree","Magnolia acuminata","South Carolina","Pickens","Eastatoe Gorge","","","","","40322","1","","","","Public","120.8'","Clinometer/laser rangefinder/sine","","","","","Brian Beduhn","2013-03-08","http%3A%2F%2Fwww.ents-bbs.org%2Fviewtopic.php%3Ff%3D122%26t%3D5146","N"
"Cucumber-Tree","Magnolia acuminata","South Carolina","Pickens","Jewell Branch","","","","","238068","1","","","","Public-Private","139.9'","Clinometer/laser rangefinder/sine","7.6'","91''","","","Jess Riddle, Michael Davie","2003-01-19","http%3A%2F%2Fwww.nativetreesociety.org%2Ffieldtrips%2Fsouth_carolina%2Fjewell_branch.htm","N"
"Cucumber-Tree","Magnolia acuminata","South Carolina","Pickens","Roundtop Maountain","","","","","237633","1","","","","Public - federal","123.7'","Clinometer/laser rangefinder/sine","11.2'","134''","","","Jess Riddle","2003-05-04","http%3A%2F%2Fwww.nativetreesociety.org%2Ffieldtrips%2Fsouth_carolina%2Froundtop_mountain.htm","N"
"Cucumber-Tree","Magnolia acuminata","Tennessee","Dekalb","Edgar Evins State Park","36 04.774","-085 48.482","","","321034","1","36 04.774","-085 48.482","950.0 ft","Public","110.0'","Clinometer/laser rangefinder/sine","7.5'","90''","","","Elijah Whitcomb","2025-02-01","","N"
"Cucumber-Tree","Magnolia acuminata","Tennessee","Dekalb","Edgar Evins State Park","36 05.363","-085 48.685","","","321039","1","36 05.363","-085 48.685","940.0 ft","Public","135.2'","Clinometer/laser rangefinder/sine","9.4'","112''","","","Elijah Whitcomb","2025-02-01","","N"
"Cucumber-Tree","Magnolia acuminata","Tennessee","Fentress","Pickett CCC Memorial State Park","36 34.522","-084 46.430","","","323333","1","36 34.522","-084 46.430","1375.0 ft","Public","100.4'","Clinometer/laser rangefinder/sine","3.7'","44''","","","Elijah Whitcomb","2025-12-20","","N"
"Cucumber-Tree","Magnolia acuminata","Tennessee","Franklin","Dick's Cove","35 13.570","-085 57.364","","","315698","1","35 13.570","-085 57.364","1400.0 ft","Private","125.2'","Clinometer/laser rangefinder/sine","7.2'","86''","","","Elijah Whitcomb","2024-04-13","","N"
"Cucumber-Tree","Magnolia acuminata","Tennessee","Franklin","Lost Cove","35 09.956","-085 54.397","","","313895","1","35 09.956","-085 54.397","1220.0 ft","Public","109.7'","Clinometer/laser rangefinder/sine","5.4'","65''","","","Elijah Whitcomb","2023-12-09","","N"
"Cucumber-Tree","Magnolia acuminata","Tennessee","Franklin","Lost Cove","35 10.042","-085 54.541","","","313896","1","35 10.042","-085 54.541","1215.0 ft","Public","117.2'","Clinometer/laser rangefinder/sine","4.5'","53''","","","Elijah Whitcomb","2023-12-09","","N"
"Cucumber-Tree","Magnolia acuminata","Tennessee","Franklin","Lost Cove","35 10.340","-085 54.991","","","313897","1","35 10.340","-085 54.991","1320.0 ft","Public","121.6'","Clinometer/laser rangefinder/sine","","","","","Elijah Whitcomb","2023-12-09","","N"
"Cucumber-Tree","Magnolia acuminata","Tennessee","Franklin","Shakerag Hollow","","","","","253189","1","","","","Private","11.3'","Clinometer/laser rangefinder/sine","","","","","Jess Riddle","2014-01-03","","N"
"Cucumber-Tree","Magnolia acuminata","Tennessee","Franklin","Shakerag Hollow","35 13.003","-085 54.740","","","323460","1","35 13.003","-085 54.740","1715.0 ft","Private","125.8'","Clinometer/laser rangefinder/sine","10.0'","120''","","","Elijah Whitcomb","2026-02-28","","N"
"Cucumber-Tree","Magnolia acuminata","Tennessee","Franklin","Shakerag Hollow","","","","","253188","1","","","","Private","137.5'","Clinometer/laser rangefinder/sine","9.0'","108''","","","Jess Riddle","2014-01-03","","N"
"Cucumber-Tree","Magnolia acuminata","Tennessee","Franklin","Shakerag Hollow","35 13.006","-085 54.763","","","323459","1","35 13.006","-085 54.763","1730.0 ft","Private","138.1'","Clinometer/laser rangefinder/sine","11.4'","137''","","Low branch skews CBH","Elijah Whitcomb","2026-02-28","","N"
"Cucumber-Tree","Magnolia acuminata","Tennessee","Franklin","Shakerag Hollow","35 12.721","-085 54.245","","","323465","1","35 12.721","-085 54.245","1675.0 ft","Private","144.4'","Clinometer/laser rangefinder/sine","10.3'","124''","","","Elijah Whitcomb","2026-02-28","","N"
"Cucumber-Tree","Magnolia acuminata","Tennessee","Grundy","Big Creek","35 26.749","-085 37.834","","","320613","1","35 26.749","-085 37.834","1200.0 ft","Public","129.1'","Clinometer/laser rangefinder/sine","6.4'","77''","","","Elijah Whitcomb","2025-01-04","","N"
"Cucumber-Tree","Magnolia acuminata","Tennessee","Grundy","Big Creek","35 26.752","-085 37.815","","","320614","1","35 26.752","-085 37.815","1205.0 ft","Public","132.0'","Clinometer/laser rangefinder/sine","6.1'","73''","","","Elijah Whitcomb","2025-01-04","","N"
"Cucumber-Tree","Magnolia acuminata","Tennessee","Grundy","Grundy Forest State Natural Area","","","234 Acres","","228895","1","","","","Public - state","127.7'","Clinometer/laser rangefinder/sine","","","","","Jess Riddle","2006-03-20","http%3A%2F%2Fnativetreesociety.org%2Ffieldtrips%2Ftennessee%2Fsavage3%2Fgrundy_forest_state_natural_area.htm","N"
"Cucumber-Tree","Magnolia acuminata","Tennessee","Grundy","Savage Gulf","","","30,800 Acres in 10 units
15,590 aces in the Savage Gulf Unit","","228459","1","","","","Public - state","130.1'","Clinometer/laser rangefinder/sine","","","","","Jess Riddle, Michael Davie","2006-03-28","http%3A%2F%2Fnativetreesociety.org%2Ffieldtrips%2Ftennessee%2Fsavage2%2Fsavage_gulf_redux.htm","N"
"Cucumber-Tree","Magnolia acuminata","Tennessee","Grundy","Savage Gulf","","","30,800 Acres in 10 units
15,590 aces in the Savage Gulf Unit","","228362","1","","","","Public - state","133.6'","Clinometer/laser rangefinder/sine","11.2'","134''","","","Jess Riddle, Michael Davie","2005-07-01","http%3A%2F%2Fnativetreesociety.org%2Ffieldtrips%2Ftennessee%2Fsavage2%2Fsavage_gulf_redux.htm","N"
"Cucumber-Tree","Magnolia acuminata","Tennessee","Grundy","Savage Gulf","","","30,800 Acres in 10 units
15,590 aces in the Savage Gulf Unit","","228460","1","","","","Public - state","135.3'","Clinometer/laser rangefinder/sine","14.0'","168''","","","Jess Riddle, Michael Davie","2006-03-28","http%3A%2F%2Fnativetreesociety.org%2Ffieldtrips%2Ftennessee%2Fsavage2%2Fsavage_gulf_redux.htm","N"
"Cucumber-Tree","Magnolia acuminata","Tennessee","Grundy","Savage Gulf","","","30,800 Acres in 10 units
15,590 aces in the Savage Gulf Unit","","228461","1","","","","Public - state","136.1'","Clinometer/laser rangefinder/sine","7.3'","88''","","","Jess Riddle, Michael Davie","2006-03-28","http%3A%2F%2Fnativetreesociety.org%2Ffieldtrips%2Ftennessee%2Fsavage2%2Fsavage_gulf_redux.htm","N"
"Cucumber-Tree","Magnolia acuminata","Tennessee","Grundy","Savage Gulf","","","30,800 Acres in 10 units
15,590 aces in the Savage Gulf Unit","","228462","1","","","","Public - state","140.6'","Clinometer/laser rangefinder/sine","7.5'","90''","","","Jess Riddle, Michael Davie","2006-03-28","http%3A%2F%2Fnativetreesociety.org%2Ffieldtrips%2Ftennessee%2Fsavage2%2Fsavage_gulf_redux.htm","N"
"Cucumber-Tree","Magnolia acuminata","Tennessee","Grundy","Savage Gulf","","","30,800 Acres in 10 units
15,590 aces in the Savage Gulf Unit","","228463","1","","","","Public - state","141.1'","Clinometer/laser rangefinder/sine","6.3'","76''","","","Jess Riddle, Michael Davie","2006-03-28","http%3A%2F%2Fnativetreesociety.org%2Ffieldtrips%2Ftennessee%2Fsavage2%2Fsavage_gulf_redux.htm","N"
"Cucumber-Tree","Magnolia acuminata","Tennessee","Grundy","Savage Gulf","","","30,800 Acres in 10 units
15,590 aces in the Savage Gulf Unit","","228464","1","","","","Public - state","141.7'","Clinometer/laser rangefinder/sine","9.2'","110''","","","Jess Riddle, Michael Davie","2006-03-28","http%3A%2F%2Fnativetreesociety.org%2Ffieldtrips%2Ftennessee%2Fsavage2%2Fsavage_gulf_redux.htm","N"
"Cucumber-Tree","Magnolia acuminata","Tennessee","Grundy","Savage Gulf","","","30,800 Acres in 10 units
15,590 aces in the Savage Gulf Unit","","228465","1","","","","Public - state","147.3'","Clinometer/laser rangefinder/sine","6.6'","79''","","","Jess Riddle, Michael Davie","2006-03-28","http%3A%2F%2Fnativetreesociety.org%2Ffieldtrips%2Ftennessee%2Fsavage2%2Fsavage_gulf_redux.htm","N"
"Cucumber-Tree","Magnolia acuminata","Tennessee","Grundy/Marion","Fiery Gizzard","35 14.576","-085 45.297","","","320120","1","35 14.576","-085 45.297","1675.0 ft","Public","118.1'","Clinometer/laser rangefinder/sine","","","","","Elijah Whitcomb","2024-11-30","","N"
"Cucumber-Tree","Magnolia acuminata","Tennessee","Grundy/Marion","Fiery Gizzard","35 12.999","-085 44.205","","","320198","1","35 12.999","-085 44.205","1450.0 ft","Public","129.5'","Clinometer/laser rangefinder/sine","10.5'","126''","","","Elijah Whitcomb","2024-11-30","","N"
"Cucumber-Tree","Magnolia acuminata","Tennessee","Grundy/Marion","Fiery Gizzard","35 14.403","-085 45.379","","","320121","1","35 14.403","-085 45.379","1705.0 ft","Public","130.1'","Clinometer/laser rangefinder/sine","5.9'","71''","","","Elijah Whitcomb","2024-11-30","","N"
"Cucumber-Tree","Magnolia acuminata","Tennessee","Grundy/Marion","Fiery Gizzard","35 14.087","-085 44.989","","","320157","1","35 14.087","-085 44.989","1535.0 ft","Public","131.8'","Clinometer/laser rangefinder/sine","6.9'","83''","","","Elijah Whitcomb","2024-11-30","","N"
"Cucumber-Tree","Magnolia acuminata","Tennessee","Grundy/Marion","Fiery Gizzard","35 12.435","-085 44.386","","","320207","1","35 12.435","-085 44.386","1465.0 ft","Public","137.2'","Clinometer/laser rangefinder/sine","10.4'","125''","","","Elijah Whitcomb","2024-11-30","","N"
"Cucumber-Tree","Magnolia acuminata","Tennessee","Grundy/Marion","Fiery Gizzard","35 13.809","-085 45.342","","","320156","1","35 13.809","-085 45.342","1645.0 ft","Public","137.4'","Clinometer/laser rangefinder/sine","5.5'","65''","","","Elijah Whitcomb","2024-11-30","","N"
"Cucumber-Tree","Magnolia acuminata","Tennessee","Grundy/Marion","Fiery Gizzard","35 12.707","-085 44.625","","","320158","1","35 12.707","-085 44.625","1395.0 ft","Public","140.7'","Clinometer/laser rangefinder/sine","6.9'","83''","","","Elijah Whitcomb","2024-11-30","","N"
"Cucumber-Tree","Magnolia acuminata","Tennessee","Lauderdale","Fort Pillow State Historic Park","35 37.471","-089 51.666","","","320402","1","35 37.471","-089 51.666","410.0 ft","Public","107.8'","Clinometer/laser rangefinder/sine","8.7'","104''","","","Elijah Whitcomb","2024-12-14","","N"
"Cucumber-Tree","Magnolia acuminata","Tennessee","Lauderdale","Fort Pillow State Historic Park","35 38.002","-089 50.821","","","320494","1","35 38.002","-089 50.821","420.0 ft","Public","120.8'","Clinometer/laser rangefinder/sine","","","","Double trunk","Elijah Whitcomb","2024-12-14","","N"
"Cucumber-Tree","Magnolia acuminata","Tennessee","Morgan","Frozen Head State Park","36 09.300","-084 26.979","","","323675","1","36 09.300","-084 26.979","2725.0 ft","Public","120.0'","Clinometer/laser rangefinder/sine","11.5'","138''","","","Elijah Whitcomb, Jess Riddle","2026-05-16","","N"
"Cucumber-Tree","Magnolia acuminata","Tennessee","Morgan","Frozen Head State Park","36 06.705","-084 30.048","","","323642","1","36 06.705","-084 30.048","2050.0 ft","Public","122.2'","Clinometer/laser rangefinder/sine","","","","","Elijah Whitcomb, Jess Riddle","2026-05-16","","N"
"Cucumber-Tree","Magnolia acuminata","Tennessee","Morgan","Frozen Head State Park","","","","","275121","1","","","","Public","127.2'","Clinometer/laser rangefinder/sine","","","","","Jess Riddle, Adam Mountain","2015-11-27","","N"
"Cucumber-Tree","Magnolia acuminata","Tennessee","Morgan","Frozen Head State Park","","","","","275122","1","","","","Public","129.6'","Clinometer/laser rangefinder/sine","10.4'","125''","","","Jess Riddle, Adam Mountain","2015-11-27","","N"
"Cucumber-Tree","Magnolia acuminata","Tennessee","Morgan","Frozen Head State Park","36 08.612","-084 28.051","","","323760","1","36 08.612","-084 28.051","2505.0 ft","Public","130.5'","Clinometer/laser rangefinder/sine","10.8'","130''","","","Elijah Whitcomb, Jess Riddle","2026-05-16","","N"
"Cucumber-Tree","Magnolia acuminata","Tennessee","Morgan","Frozen Head State Park","36 07.961","-084 29.142","","","323656","1","36 07.961","-084 29.142","2140.0 ft","Public","131.1'","Clinometer/laser rangefinder/sine","8.9'","107''","","","Elijah Whitcomb, Jess Riddle","2026-05-16","","N"
"Cucumber-Tree","Magnolia acuminata","Tennessee","Morgan","Frozen Head State Park","36 06.957","-084 29.273","","","323770","1","36 06.957","-084 29.273","1930.0 ft","Public","134.8'","Clinometer/laser rangefinder/sine","8.4'","101''","","","Elijah Whitcomb, Jess Riddle","2026-05-16","","N"
"Cucumber-Tree","Magnolia acuminata","Tennessee","Morgan","Frozen Head State Park","36 05.935","-084 28.007","","","323788","1","36 05.935","-084 28.007","2350.0 ft","Public","136.3'","Clinometer/laser rangefinder/sine","9.0'","108''","","","Elijah Whitcomb, Jess Riddle","2026-05-16","","N"
"Cucumber-Tree","Magnolia acuminata","Tennessee","Morgan","Frozen Head State Park","36 07.072","-084 27.741","","","323793","1","36 07.072","-084 27.741","2555.0 ft","Public","138.3'","Clinometer/laser rangefinder/sine","9.4'","113''","","","Elijah Whitcomb, Jess Riddle","2026-05-16","","N"
"Cucumber-Tree","Magnolia acuminata","Tennessee","Morgan","Frozen Head State Park","","","","","323708","1","","","","Public","139.3'","Clinometer/laser rangefinder/sine","8.8'","105''","","","Elijah Whitcomb, Jess Riddle","2026-05-16","","N"
"Cucumber-Tree","Magnolia acuminata","Tennessee","Overton","Standing Stone State Park","36 27.978","-085 25.244","","","322656","1","36 27.978","-085 25.244","990.0 ft","Public","122.2'","Clinometer/laser rangefinder/sine","7.6'","91''","","","Elijah Whitcomb","2025-07-05","","N"
"Cucumber-Tree","Magnolia acuminata","Tennessee","Scott","Big South Fork","36 31.183","-084 38.925","","","323574","1","36 31.183","-084 38.925","950.0 ft","NPS","121.4'","Clinometer/laser rangefinder/sine","5.9'","71''","","","Elijah Whitcomb","2026-03-28","","N"
"Cucumber-Tree","Magnolia acuminata","Tennessee","Scott","Big South Fork","36 34.438","-084 36.559","","","323495","1","36 34.438","-084 36.559","1065.0 ft","NPS","125.8'","Clinometer/laser rangefinder/sine","5.5'","66''","","","Elijah Whitcomb","2026-03-28","","N"
"Cucumber-Tree","Magnolia acuminata","Tennessee","Scott","Big South Fork","36 30.782","-084 38.205","","","323509","1","36 30.782","-084 38.205","940.0 ft","NPS","131.3'","Clinometer/laser rangefinder/sine","6.9'","83''","","","Elijah Whitcomb","2026-03-28","","N"
"Cucumber-Tree","Magnolia acuminata","Tennessee","Sevier","Meigs Mountain Trail/Jakes Creek Connector","","","","","39614","1","","","","GSMNP Public","110.0'","Clinometer/laser rangefinder/sine","","","","","Brian Beduhn","2012-02-26","http%3A%2F%2Fwww.ents-bbs.org%2Fviewtopic.php%3Ff%3D74%26t%3D3753","N"
"Cucumber-Tree","Magnolia acuminata","Tennessee","Shelby","Meeman-Shelby Forest State Park","35 21.706","-090 01.525","","","321835","1","35 21.706","-090 01.525","395.0 ft","Public","111.0'","Clinometer/laser rangefinder/sine","10.6'","127''","","","Elijah Whitcomb","2025-02-13","","N"
"Cucumber-Tree","Magnolia acuminata","Tennessee","Shelby","Meeman-Shelby Forest State Park","35 20.500","-090 02.888","","","321789","1","35 20.500","-090 02.888","285.0 ft","Public","118.3'","Clinometer/laser rangefinder/sine","5.2'","62''","","","Elijah Whitcomb","2025-02-13","","N"
"Cucumber-Tree","Magnolia acuminata","Tennessee","Shelby","T.O. Fuller State Park","35 03.624","-090 06.712","","","320760","1","35 03.624","-090 06.712","330.0 ft","Public","123.0'","Clinometer/laser rangefinder/sine","8.3'","100''","","","Elijah Whitcomb","2025-01-27","","N"
"Cucumber-Tree","Magnolia acuminata","Tennessee","Van Buren","Fall Creek Falls State Resort Park","35 40.413","-085 21.291","","","257639","1","35 40.413","-085 21.291","1340.0 ft","Public","121.7'","Clinometer/laser rangefinder/sine","7.0'","84''","","","Elijah Whitcomb","2021-10-23","","N"
"Cucumber-Tree","Magnolia acuminata","Tennessee","Van Buren","Fall Creek Falls State Resort Park","35 40.461","-085 21.269","","","257640","1","35 40.461","-085 21.269","1290.0 ft","Public","125.1'","Clinometer/laser rangefinder/sine","6.1'","73''","","","Elijah Whitcomb","2021-10-23","","N"
"Cucumber-Tree","Magnolia acuminata","Tennessee","Van Buren","Fall Creek Falls State Resort Park","35 40.658","-085 21.839","","","257669","1","35 40.658","-085 21.839","1370.0 ft","Public","130.8'","Clinometer/laser rangefinder/sine","","","","","Elijah Whitcomb","2021-10-23","","N"
"Cucumber-Tree","Magnolia acuminata","Tennessee","Van Buren","Fall Creek Falls State Resort Park","","","","","257709","1","","","","Public","140.2'","Clinometer/laser rangefinder/sine","7.8'","94''","","","Elijah Whitcomb","2021-10-23","","N"
"Cucumber-Tree","Magnolia acuminata","Tennessee","Van Buren","Fall Creek Falls State Resort Park","35 40.696","-085 21.774","","","257670","1","35 40.696","-085 21.774","1290.0 ft","Public","140.7'","Clinometer/laser rangefinder/sine","7.5'","90''","","","Elijah Whitcomb","2021-10-23","","N"
"Cucumber-Tree","Magnolia acuminata","Tennessee","Warren","Rock Island State Park","35 48.896","-085 39.077","","","314518","1","35 48.896","-085 39.077","835.0 ft","Public","128.8'","Clinometer/laser rangefinder/sine","7.7'","92''","","","Elijah Whitcomb","2023-12-30","","N"
"Cucumber-Tree","Magnolia acuminata","Tennessee","White","Bridgestone Nature Reserve","35 52.218","-085 20.370","","","322813","1","35 52.218","-085 20.370","1745.0 ft","Public","131.5'","Clinometer/laser rangefinder/sine","5.9'","71''","","","Elijah Whitcomb","2025-10-25","","N"
"Cucumber-Tree","Magnolia acuminata","Tennessee","White","Virgin Falls State Natural Area","35 50.488","-085 19.609","","","322902","1","35 50.488","-085 19.609","1110.0 ft","Public","132.5'","Clinometer/laser rangefinder/sine","6.5'","78''","","","Elijah Whitcomb","2025-11-22","","N"
"Cucumber-Tree","Magnolia acuminata","West Virginia","54 Counties","West Virginia Historical Trees","37 46.228","-081 00.018","Trees that have died or been removed.This is a State wide listing except for Wood County which is in a separate list.
All heights determined by Sine method  with laser/inclinometer. Some trees have height missing because it was never taken or the Sine method was not used. These trees were mostly measured 2008 and before.","","312090","1","37 46.228","-081 00.018","","Public and Private","","Clinometer/laser rangefinder/sine","15.5'","186''","50.0'","Measured by O. Eye 1975 on M. Eye farm near Bragg, Raleigh County. Tree dead 2011","Various Various","1963-01-01","","N"
"Cucumber-Tree","Magnolia acuminata","West Virginia","54 Counties","West Virginia Single Tree Sites","39 34.978","-077 58.220","Wood County is listed separately.
Most measuremens made before 2010 do not include height because the the methods used from 1963 thrue 2009 were very inaccurate.","","313075","1","39 34.978","-077 58.220","500.0 ft","Private & Publc","25.1'","Clinometer/laser rangefinder/sine","18.0'","216''","","Tree is located in Berkeley County and measured by J. Bowen 2010","Various Various","1963-01-01","","N"
"Cucumber-Tree","Magnolia acuminata","West Virginia","54 Counties","West Virginia Single Tree Sites","37 34.993","-080 32.273","Wood County is listed separately.
Most measuremens made before 2010 do not include height because the the methods used from 1963 thrue 2009 were very inaccurate.","","313251","1","37 34.993","-080 32.273","2000.0 ft","Private & Publc","76.0'","Clinometer/laser rangefinder/sine","17.3'","208''","87.8'","Measured by T. Halki, E.Judy, C. Helton 2017 near Union, Monroe County..","Various Various","1963-01-01","","N"
"Cucumber-Tree","Magnolia acuminata","West Virginia","54 Counties","West Virginia Single Tree Sites","","","Wood County is listed separately.
Most measuremens made before 2010 do not include height because the the methods used from 1963 thrue 2009 were very inaccurate.","","313178","1","","","","Private & Publc","82.0'","Clinometer/laser rangefinder/sine","18.0'","216''","","Measured by Will Blozan. Tree located on Knobly Ridge near Keyser, Mineral County. Described by Blozan in post made 2/23/2008 at:
http://www.nativetreesociety.org/fieldtrips/west_virginia/cucumbertree/speaking_of_cucumbertree.htm","Various Various","1963-01-01","","N"
"Cucumber-Tree","Magnolia acuminata","West Virginia","Fayette","Ansted Rail Trail","","","","","141324","1","","","1000.0 ft","Public - City of Ansted","101.1'","Clinometer/laser rangefinder/sine","","","","","Turner Sharp","2012-03-25","http%3A%2F%2Fwww.ents-bbs.org%2Fviewtopic.php%3Ff%3D131%26t%3D4282","N"
"Cucumber-Tree","Magnolia acuminata","West Virginia","Fayette","Red Ash Island","","","Only an island at very high water.","","297277","1","","","","Public","97.1'","Clinometer/laser rangefinder/sine","4.8'","57''","","","Turner Sharp","2014-12-30","http%3A%2F%2Fwww.ents-bbs.org%2Fviewtopic.php%3Ff%3D131%26t%3D7046","N"
"Cucumber-Tree","Magnolia acuminata","West Virginia","Jackson","Roane-Jackson Vo-Tech School Wood Lot","","","","","167287","1","","","","Public","85.1'","Clinometer/laser rangefinder/sine","5.2'","62''","","","Turner Sharp, John Ficthner","2010-11-18","","N"
"Cucumber-Tree","Magnolia acuminata","West Virginia","Jackson","Roane-Jackson Vo-Tech School Wood Lot","","","","","167290","1","","","","Public","115.1'","Clinometer/laser rangefinder/sine","6.0'","72''","","","Turner Sharp, John Ficthner","2010-11-18","","N"
"Cucumber-Tree","Magnolia acuminata","West Virginia","Lewis","Alum Bridge","","","","","137224","1","","","","Private","80.0'","Clinometer/laser rangefinder/sine","14.0'","168''","","","Carl Harting, Anthony Kelly, Russ Richardson","2006-03-25","http%3A%2F%2Fwww.nativetreesociety.org%2Ffieldtrips%2Fwest_virginia%2Fwiden%2Fwest_virginia_foray.htm","N"
"Cucumber-Tree","Magnolia acuminata","West Virginia","Lewis","Alum Bridge","","","","","137214","1","","","","Private","91.3'","Clinometer/laser rangefinder/sine","7.1'","85''","","","Carl Harting, Anthony Kelly, Russ Richardson","2006-03-25","http%3A%2F%2Fwww.nativetreesociety.org%2Ffieldtrips%2Fwest_virginia%2Fwiden%2Fwest_virginia_foray.htm","N"
"Cucumber-Tree","Magnolia acuminata","West Virginia","Nicholas","Widen","","","","","84368","1","","","","Private","107.0'","Clinometer/laser rangefinder/sine","4.1'","49''","","","Carl Harting, Anthony Kelly, Russ Richardson","2006-03-26","","N"
"Cucumber-Tree","Magnolia acuminata","West Virginia","Preston","Mc Grew House","39 28.341","-079 41.189","House Built 1841.","","248843","1","39 28.341","-079 41.189","1880.0 ft","Public - county","88.6'","Clinometer/laser rangefinder/sine","9.4'","113''","","Hollow base,probably caused by old lightning strike as evidenced by scar from top of tree.","Turner Sharp","2017-10-12","","N"
"Cucumber-Tree","Magnolia acuminata","West Virginia","Ritchie","Giant Tree Trail","","","","","153738","1","","","750.0 ft","Public- State Park","90.2'","Clinometer/laser rangefinder/sine","5.1'","61''","","","Turner Sharp, William Sharp","2009-04-09","","N"
"Cucumber-Tree","Magnolia acuminata","West Virginia","Ritchie","Giant Tree Trail","39 13.546","-081 06.651","","","96929","2","39 13.546","-081 06.651","720.0 ft","Public- State Park","121.6'","Clinometer/laser rangefinder/sine","8.1'","97''","32.0'","Crown spread is an average of 2-axis method","Turner Sharp, Ken Zebo, Turner Sharp, William Sharp","2015-04-01","","N"
"Cucumber-Tree","Magnolia acuminata","West Virginia","Ritchie","Murphy Preserve - South Tract","","","GPS coordinates are at the mouth of the hollow along Bunnell Run Road.","","167540","1","","","","Private - Nature Conservacy","103.0'","Clinometer/laser rangefinder/sine","3.8'","46''","","","Turner Sharp","2011-04-13","http%3A%2F%2Fwww.ents-bbs.org%2Fviewtopic.php%3Ff%3D131%26t%3D2700","N"
"Cucumber-Tree","Magnolia acuminata","West Virginia","Ritchie","Murphy Preserve - South Tract","","","GPS coordinates are at the mouth of the hollow along Bunnell Run Road.","","167541","1","","","","Private - Nature Conservacy","115.9'","Clinometer/laser rangefinder/sine","5.5'","66''","","","Turner Sharp","2011-04-13","http%3A%2F%2Fwww.ents-bbs.org%2Fviewtopic.php%3Ff%3D131%26t%3D2700","N"
"Cucumber-Tree","Magnolia acuminata","West Virginia","Wood","Wood County Single Tree Sites","39 16.376","-081 32.587","includes the incorporated cities of Parkersburg, Vienna, Williamstown and North Hills.
Most measurements made before 2010 do not list a height because methods used to determine height   prior to 2010 were inaccurate,","","314954","1","39 16.376","-081 32.587","620.0 ft","Public and private","88.2'","Clinometer/laser rangefinder/sine","12.1'","145''","69.8'","Measured by T. Sharp, J. Fichtner 11/05/2023
Previously measured by T. Sharp 3/17/2015 at 85.7' 85.7' x 138"" x 68.3'
Also measured by T. Sharp 2009 at 79.4' x 135.6"" x 63'. Crown spread measured by two-axis method 
Tree located 1020 17th Street, Parkersburg, Wood County.","Turner Sharp","2000-01-01","","N"