"Common Name","Botanical Name","State","County","Site","Site Latitude","Site Longitude","Location comments","Tree name","Tree id","Measurement number","Latitude","Longitude","Elevation","Ownership type","Height (ft)","Height measurement method","Girth (ft)","Girth (in)","Crown spread (ft)","Tree comments","Measurer(s)","Measured","Trip report url","Photos available"
"Black Cherry","Prunus serotina var. serotina","District of Columbia","District Of Columbia","Flood Plain Along Potomac River Upstream Of Georgetown","","","This is a lineal park stretching 185 miles from, Georgetown, DC to Cumberland Maryuland","","174788","1","","","","Public - federal","83.7'","Clinometer/laser rangefinder/sine","7.3'","87''","","","Darian Copiz","2014-12-15","http%3A%2F%2Fwww.ents-bbs.org%2Fviewtopic.php%3Ff%3D130%26t%3D7218","N"
"Black Cherry","Prunus serotina var. serotina","District of Columbia","District Of Columbia","Flood Plain Along Potomac River Upstream Of Georgetown","","","This is a lineal park stretching 185 miles from, Georgetown, DC to Cumberland Maryuland","","174787","1","","","","Public - federal","113.2'","Clinometer/laser rangefinder/sine","5.9'","71''","","","Darian Copiz","2014-12-15","http%3A%2F%2Fwww.ents-bbs.org%2Fviewtopic.php%3Ff%3D130%26t%3D7218","N"
"Black Cherry","Prunus serotina var. serotina","District of Columbia","District Of Columbia","Potomac Palisades","","","This a lineal park stretching 185 miles along the Potomac River from Georgetown, DC to Cumberland, MD","","175031","1","","","","Public - federal","91.3'","Clinometer/laser rangefinder/sine","12.8'","153''","","With vines","Darian Copiz","2015-03-15","http%3A%2F%2Fwww.ents-bbs.org%2Fviewtopic.php%3Ff%3D130%26t%3D7218","N"
"Black Cherry","Prunus serotina var. serotina","District of Columbia","District Of Columbia","Potomac Palisades","","","This a lineal park stretching 185 miles along the Potomac River from Georgetown, DC to Cumberland, MD","","175030","1","","","","Public - federal","119.6'","Clinometer/laser rangefinder/sine","7.6'","91''","","","Darian Copiz","2015-03-15","http%3A%2F%2Fwww.ents-bbs.org%2Fviewtopic.php%3Ff%3D130%26t%3D7218","N"
"Black Cherry","Prunus serotina var. serotina","District of Columbia","District Of Columbia","Theodore Roosevelt Island","","","Roosevelt Island is administered by the GW Memorial Parkway unit of the NPS","","128222","1","","","50.0 ft","Public - National Park","98.3'","Clinometer/laser rangefinder/sine","9.1'","109''","","","Darian Copiz","2005-12-12","http%3A%2F%2Fwww.nativetreesociety.org%2Ffieldtrips%2Fwashington_dc%2Froosevelt_island.htm","N"
"Black Cherry","Prunus serotina var. serotina","Delaware","New Castle","First State National Historical Park","","","This historical park incorporates many historical sites throughout Delaware. It also includes about 1,100 acres of woodland along Brandywine River with 200 acres of these acres being in Pennsylvania.","","232096","1","","","","Public - federal","108.1'","Clinometer/laser rangefinder/sine","8.0'","96''","","","George Fieo","2014-10-25","http%3A%2F%2Fwww.ents-bbs.org%2Fviewtopic.php%3Ff%3D71%26t%3D8643%26sid%3D3fdcc58b0d25adce7768d60248ada623","N"
"Black Cherry","Prunus serotina var. serotina","Illinois","Peoria","Jubilee State Park","40 49.614","-089 48.944","","","74813","1","40 49.614","-089 48.944","600.0 ft","Public - State Park","59.6'","Clinometer/laser rangefinder/sine","5.3'","64''","","","Turner Sharp","2014-08-01","","N"
"Black Cherry","Prunus serotina var. serotina","Indiana","Monroe","Dunn's Woods","","","Originally a 20 acre tract reduced to 10 acres by campus buildings.","","169760","1","","","","Public-state","91.1'","Clinometer/laser rangefinder/sine","4.9'","59''","","","John Eichholz","2010-06-10","http%3A%2F%2Fwww.ents-bbs.org%2Fviewtopic.php%3Ff%3D79%26t%3D917%23p3154","N"
"Black Cherry","Prunus serotina var. serotina","Indiana","Monroe","Dunn's Woods","","","Originally a 20 acre tract reduced to 10 acres by campus buildings.","","169759","1","","","","Public-state","94.3'","Clinometer/laser rangefinder/sine","5.6'","67''","","","John Eichholz","2010-06-10","http%3A%2F%2Fwww.ents-bbs.org%2Fviewtopic.php%3Ff%3D79%26t%3D917%23p3154","N"
"Black Cherry","Prunus serotina var. serotina","Indiana","Monroe","Dunn's Woods","","","Originally a 20 acre tract reduced to 10 acres by campus buildings.","","169758","1","","","","Public-state","102.5'","Clinometer/laser rangefinder/sine","6.3'","76''","","","John Eichholz","2010-06-10","http%3A%2F%2Fwww.ents-bbs.org%2Fviewtopic.php%3Ff%3D79%26t%3D917%23p3154","N"
"Black Cherry","Prunus serotina var. serotina","Indiana","Orange","Pioneer Mother's Memorial Forest","","","Near Paoli, Indiana
88 Acres","","169622","1","","","","Public - federal","","Clinometer/laser rangefinder/sine","7.9'","95''","","","Don Bragg","2005-06-30","http%3A%2F%2Fwww.ents-bbs.org%2Fviewtopic.php%3Ff%3D79%26t%3D6897","N"
"Black Cherry","Prunus serotina var. serotina","Indiana","Orange","Pioneer Mother's Memorial Forest","","","Near Paoli, Indiana
88 Acres","","169882","1","","","","Public - federal","105.3'","Clinometer/laser rangefinder/sine","8.3'","100''","","","Randy Brown","2008-06-01","http%3A%2F%2Fwww.ents-bbs.org%2Fviewtopic.php%3Ff%3D79%26t%3D6897","N"
"Black Cherry","Prunus serotina var. serotina","Kentucky","Boone","Dinsmore Nature Preserve - Homestead","","","Nature Conservancy turned this over to the Boone County Court.","","76483","1","","","560.0 ft","Public -Boone  County Court","86.3'","Clinometer/laser rangefinder/sine","11.5'","138''","","","Dale Luthringer","2009-07-22","http%3A%2F%2Fgroups.google.com%2Fgroup%2Fentstrees%2Fbrowse_thread%2Fthread%2F1dfdcdcfe302b15a%3Fhl%3Den","N"
"Black Cherry","Prunus serotina var. serotina","Kentucky","Edmonson","Mammoth Cave National Park","37 12.971","-086 15.812","","","297325","1","37 12.971","-086 15.812","415.0 ft","Public","111.8'","Clinometer/laser rangefinder/sine","5.6'","67''","","","Elijah Whitcomb","2023-06-23","","N"
"Black Cherry","Prunus serotina var. serotina","Kentucky","Edmonson","Mammoth Cave National Park","37 12.783","-086 15.220","","","297326","1","37 12.783","-086 15.220","495.0 ft","Public","121.3'","Clinometer/laser rangefinder/sine","5.4'","65''","","","Elijah Whitcomb","2023-06-23","","N"
"Black Cherry","Prunus serotina var. serotina","Kentucky","Edmonson","Mammoth Cave National Park","37 11.668","-086 08.996","","","297742","1","37 11.668","-086 08.996","630.0 ft","Public","122.0'","Clinometer/laser rangefinder/sine","4.9'","59''","","","Elijah Whitcomb","2023-06-23","","N"
"Black Cherry","Prunus serotina var. serotina","Kentucky","Edmonson","Mammoth Cave National Park","37 11.320","-086 08.423","","","297680","1","37 11.320","-086 08.423","460.0 ft","Public","126.0'","Clinometer/laser rangefinder/sine","4.6'","55''","","","Elijah Whitcomb","2023-06-23","","N"
"Black Cherry","Prunus serotina var. serotina","Kentucky","Edmonson","Mammoth Cave National Park","37 12.771","-086 12.220","","","297419","1","37 12.771","-086 12.220","500.0 ft","Public","129.4'","Clinometer/laser rangefinder/sine","6.5'","78''","","","Elijah Whitcomb","2023-06-23","","N"
"Black Cherry","Prunus serotina var. serotina","Massachusetts","Franklin","Clark Ridge","","","","","236053","1","","","","Public - state","101.0'","Clinometer/laser rangefinder/sine","3.2'","38''","","","John Eichholz","2004-03-19","http%3A%2F%2Fwww.nativetreesociety.org%2Ffieldtrips%2Fmass_mtsf%2Fmtsf_clark_ridge.htm","N"
"Black Cherry","Prunus serotina var. serotina","Massachusetts","Franklin","Clark Ridge","","","","","236052","1","","","","Public - state","120.7'","Clinometer/laser rangefinder/sine","4.2'","50''","","","John Eichholz","2004-03-19","http%3A%2F%2Fwww.nativetreesociety.org%2Ffieldtrips%2Fmass_mtsf%2Fmtsf_clark_ridge.htm","N"
"Black Cherry","Prunus serotina var. serotina","Massachusetts","Franklin","Mohawk Trail State Forest","42 38.236","-072 56.342","","","19224","1","42 38.236","-072 56.342","930.0 ft","DCR","103.2'","Clinometer/laser rangefinder/sine","8.0'","96''","49.0'","","Robert Leverett, Bart Bouricius","2011-10-16","","N"
"Black Cherry","Prunus serotina var. serotina","Massachusetts","Franklin","Mount Peak","","","Trees were measured on west face of mountain
Trees were measured from 11/23/2003 thru 2/24/2004","","281486","1","","","","Public - state","103.7'","Clinometer/laser rangefinder/sine","5.0'","60''","","","John Eichholz","2004-02-24","http%3A%2F%2Fwww.nativetreesociety.org%2Ffieldtrips%2Fmass%2Fzoar_gap.htm","N"
"Black Cherry","Prunus serotina var. serotina","Massachusetts","Franklin","Shelburne Falls Area","","","","","235565","1","","","","Public-Private","97.8'","Clinometer/laser rangefinder/sine","","","","","John Eichholz","2004-11-05","http%3A%2F%2Fwww.nativetreesociety.org%2Ffieldtrips%2Fmass%2Fshelburne04.htm","N"
"Black Cherry","Prunus serotina var. serotina","Massachusetts","Franklin","Whately Tract","","","","","235482","1","","","","Private","70.5'","Clinometer/laser rangefinder/sine","3.6'","43''","","","Gary Beluzo","2007-01-06","http%3A%2F%2Fwww.nativetreesociety.org%2Ffieldtrips%2Fmass%2Fliriodendron_in_franklin.htm","N"
"Black Cherry","Prunus serotina var. serotina","Massachusetts","Franklin","Zoar Gap","","","Trees measured below rocky fields to western boundary of state forest.","","236076","1","","","","Public - state","93.2'","Clinometer/laser rangefinder/sine","3.2'","38''","","","John Eichholz","2004-03-10","http%3A%2F%2Fwww.nativetreesociety.org%2Ffieldtrips%2Fmass_mtsf%2Fmtsf_black_cherries.htm","N"
"Black Cherry","Prunus serotina var. serotina","Massachusetts","Franklin","Zoar Gap","","","Trees measured below rocky fields to western boundary of state forest.","","236077","1","","","","Public - state","93.9'","Clinometer/laser rangefinder/sine","5.8'","70''","","","John Eichholz","2004-03-10","http%3A%2F%2Fwww.nativetreesociety.org%2Ffieldtrips%2Fmass_mtsf%2Fmtsf_black_cherries.htm","N"
"Black Cherry","Prunus serotina var. serotina","Massachusetts","Franklin","Zoar Gap","","","Trees measured below rocky fields to western boundary of state forest.","","236078","1","","","","Public - state","99.7'","Clinometer/laser rangefinder/sine","3.9'","47''","","","John Eichholz","2004-03-10","http%3A%2F%2Fwww.nativetreesociety.org%2Ffieldtrips%2Fmass_mtsf%2Fmtsf_black_cherries.htm","N"
"Black Cherry","Prunus serotina var. serotina","Massachusetts","Franklin","Zoar Gap","","","Trees measured below rocky fields to western boundary of state forest.","","236079","1","","","","Public - state","104.8'","Clinometer/laser rangefinder/sine","3.9'","47''","","","John Eichholz","2004-03-10","http%3A%2F%2Fwww.nativetreesociety.org%2Ffieldtrips%2Fmass_mtsf%2Fmtsf_black_cherries.htm","N"
"Black Cherry","Prunus serotina var. serotina","Massachusetts","Franklin","Zoar Gap","","","Trees measured below rocky fields to western boundary of state forest.","","236080","1","","","","Public - state","106.4'","Clinometer/laser rangefinder/sine","4.1'","49''","","","John Eichholz","2004-03-10","http%3A%2F%2Fwww.nativetreesociety.org%2Ffieldtrips%2Fmass_mtsf%2Fmtsf_black_cherries.htm","N"
"Black Cherry","Prunus serotina var. serotina","Massachusetts","Franklin","Zoar Gap","","","Trees measured below rocky fields to western boundary of state forest.","","236081","1","","","","Public - state","107.8'","Clinometer/laser rangefinder/sine","3.2'","38''","","","John Eichholz","2004-03-10","http%3A%2F%2Fwww.nativetreesociety.org%2Ffieldtrips%2Fmass_mtsf%2Fmtsf_black_cherries.htm","N"
"Black Cherry","Prunus serotina var. serotina","Massachusetts","Franklin","Zoar Gap","","","Trees measured below rocky fields to western boundary of state forest.","","236082","1","","","","Public - state","108.0'","Clinometer/laser rangefinder/sine","5.1'","61''","","","John Eichholz","2004-03-10","http%3A%2F%2Fwww.nativetreesociety.org%2Ffieldtrips%2Fmass_mtsf%2Fmtsf_black_cherries.htm","N"
"Black Cherry","Prunus serotina var. serotina","Massachusetts","Franklin","Zoar Gap","","","Trees measured below rocky fields to western boundary of state forest.","","236083","1","","","","Public - state","108.8'","Clinometer/laser rangefinder/sine","5.3'","64''","","","John Eichholz","2004-03-10","http%3A%2F%2Fwww.nativetreesociety.org%2Ffieldtrips%2Fmass_mtsf%2Fmtsf_black_cherries.htm","N"
"Black Cherry","Prunus serotina var. serotina","Massachusetts","Franklin","Zoar Gap","","","Trees measured below rocky fields to western boundary of state forest.","","236084","1","","","","Public - state","110.1'","Clinometer/laser rangefinder/sine","4.7'","56''","","","John Eichholz","2004-03-10","http%3A%2F%2Fwww.nativetreesociety.org%2Ffieldtrips%2Fmass_mtsf%2Fmtsf_black_cherries.htm","N"
"Black Cherry","Prunus serotina var. serotina","Massachusetts","Franklin","Zoar Gap","","","Trees measured below rocky fields to western boundary of state forest.","","236085","1","","","","Public - state","110.4'","Clinometer/laser rangefinder/sine","6.6'","79''","","","John Eichholz","2004-03-10","http%3A%2F%2Fwww.nativetreesociety.org%2Ffieldtrips%2Fmass_mtsf%2Fmtsf_black_cherries.htm","N"
"Black Cherry","Prunus serotina var. serotina","Massachusetts","Franklin","Zoar Gap","","","Trees measured below rocky fields to western boundary of state forest.","","236086","1","","","","Public - state","110.5'","Clinometer/laser rangefinder/sine","4.2'","50''","","","John Eichholz","2004-03-10","http%3A%2F%2Fwww.nativetreesociety.org%2Ffieldtrips%2Fmass_mtsf%2Fmtsf_black_cherries.htm","N"
"Black Cherry","Prunus serotina var. serotina","Massachusetts","Franklin","Zoar Gap","","","Trees measured below rocky fields to western boundary of state forest.","","236087","1","","","","Public - state","110.6'","Clinometer/laser rangefinder/sine","5.1'","61''","","","John Eichholz","2004-03-10","http%3A%2F%2Fwww.nativetreesociety.org%2Ffieldtrips%2Fmass_mtsf%2Fmtsf_black_cherries.htm","N"
"Black Cherry","Prunus serotina var. serotina","Massachusetts","Franklin","Zoar Gap","","","Trees measured below rocky fields to western boundary of state forest.","","236088","1","","","","Public - state","114.9'","Clinometer/laser rangefinder/sine","4.1'","49''","","","John Eichholz","2004-03-10","http%3A%2F%2Fwww.nativetreesociety.org%2Ffieldtrips%2Fmass_mtsf%2Fmtsf_black_cherries.htm","N"
"Black Cherry","Prunus serotina var. serotina","Massachusetts","Franklin","Zoar Gap","","","Trees measured below rocky fields to western boundary of state forest.","","236089","1","","","","Public - state","117.3'","Clinometer/laser rangefinder/sine","4.2'","50''","","","John Eichholz","2004-03-10","http%3A%2F%2Fwww.nativetreesociety.org%2Ffieldtrips%2Fmass_mtsf%2Fmtsf_black_cherries.htm","N"
"Black Cherry","Prunus serotina var. serotina","Massachusetts","Franklin","Zoar Gap","","","Trees measured below rocky fields to western boundary of state forest.","","236090","1","","","","Public - state","118.8'","Clinometer/laser rangefinder/sine","4.8'","58''","","","John Eichholz","2004-03-10","http%3A%2F%2Fwww.nativetreesociety.org%2Ffieldtrips%2Fmass_mtsf%2Fmtsf_black_cherries.htm","N"
"Black Cherry","Prunus serotina var. serotina","Massachusetts","Franklin","Zoar Gap","","","Trees measured below rocky fields to western boundary of state forest.","","236091","1","","","","Public - state","121.7'","Clinometer/laser rangefinder/sine","6.2'","74''","","","John Eichholz","2004-03-10","http%3A%2F%2Fwww.nativetreesociety.org%2Ffieldtrips%2Fmass_mtsf%2Fmtsf_black_cherries.htm","N"
"Black Cherry","Prunus serotina var. serotina","Massachusetts","Hampshire","Bryant Woods","42 28.184","-072 55.970","","","6977","1","42 28.184","-072 55.970","1400.0 ft","TTOR","101.5'","Clinometer/laser rangefinder/sine","9.1'","109''","","Largest Black Cherry on property","Robert Leverett","2011-08-15","","N"
"Black Cherry","Prunus serotina var. serotina","Maryland","Anne Arundel","Chase Creek Woods","","","","","280915","1","","","","Private","116.5'","Clinometer/laser rangefinder/sine","6.6'","79''","","","Colby Rucker","2003-07-01","","N"
"Black Cherry","Prunus serotina var. serotina","Maryland","Anne Arundel","Corcoran Environmental Study Area","","","","","128090","1","","","","Public","109.9'","Clinometer/laser rangefinder/sine","10.8'","130''","","","Colby Rucker","2002-04-08","","N"
"Black Cherry","Prunus serotina var. serotina","Maryland","Cecil","Conowingo-Funks Pond Recreational Area","","","","","231990","1","","","","Public - state","124.0'","Clinometer/laser rangefinder/sine","6.7'","80''","","","George Fieo","2013-11-12","http%3A%2F%2Fwww.ents-bbs.org%2Fviewtopic.php%3Ff%3D85%26t%3D8744%26sid%3D97ab2f9c9694ae17b9e495f826350141%23p44617","N"
"Black Cherry","Prunus serotina var. serotina","Maryland","Cecil","Fair Hill NRMA","","","Former William Dupont estate acquired by State of Maryland 1975. 5,600 acres.","","168106","1","","","400.0 ft","Public - State","128.5'","Clinometer/laser rangefinder/sine","7.0'","84''","","","George Fieo","2015-12-03","http%3A%2F%2Fwww.ents-bbs.org%2Fviewtopic.php%3Ff%3D85%26t%3D7354","N"
"Black Cherry","Prunus serotina var. serotina","Maryland","Harford","Gunpowder Falls State Park","","","18,000 acres in Baltimore and Harford Counties","","231782","1","","","","Public - state","120.9'","Clinometer/laser rangefinder/sine","5.0'","60''","","","George Fieo","2016-11-20","http%3A%2F%2Fwww.ents-bbs.org%2Fviewtopic.php%3Ff%3D85%26t%3D8747%26sid%3D97ab2f9c9694ae17b9e495f826350141","N"
"Black Cherry","Prunus serotina var. serotina","Maryland","Prince George's","Belt Woods - South Tract","","","This visit was to find and remeasure trees that Colby Rucker measured in 2001. His measurements can be found at:","","128439","1","","","","Public - State","32.2'","Clinometer/laser rangefinder/sine","1.4'","17''","","","Colby Rucker","2001-09-30","http%3A%2F%2Fgroups.google.com%2Fgroup%2Fentstrees%2Fbrowse_thread%2Fthread%2Fb8278e3db96bdc99%3Fhl%3Den","N"
"Black Cherry","Prunus serotina var. serotina","Maryland","Prince George's","White's Woods","","","Trees measured are to east and southeast of the mansion","","158512","1","","","","Public-county","104.1'","Clinometer/laser rangefinder/sine","8.0'","96''","","","Darian Copiz","2017-01-15","http%3A%2F%2Fwww.ents-bbs.org%2Fviewtopic.php%3Ff%3D85%26t%3D7916","N"
"Black Cherry","Prunus serotina var. serotina","Mississippi","Warren","Vicksburg National Military Park","32 20.812","-090 50.816","","","320716","1","32 20.812","-090 50.816","215.0 ft","Public","127.4'","Clinometer/laser rangefinder/sine","7.6'","91''","","","Elijah Whitcomb","2025-01-07","","N"
"Black Cherry","Prunus serotina var. serotina","New Jersey","Mercer","New Jersey Single Tree Sites","39 38.057","-074 36.752","","","171546","1","39 38.057","-074 36.752","","Public, Private","","Clinometer/laser rangefinder/sine","9.9'","119''","","Measured by B. Caselli 3/16/2009. Tree located in Buttonwood Hill Campground near Hammonton, Burlington County","Various Various","2001-01-01","","N"
"Black Cherry","Prunus serotina var. serotina","New York","Cattaraugus","Zoar Valley","","","","","221809","1","","","","Public","121.2'","Clinometer/laser rangefinder/sine","","","","","Elijah Whitcomb, Erik Danielsen","2017-07-01","http%3A%2F%2Fwww.ents-bbs.org%2Fviewtopic.php%3Ff%3D105%26t%3D7379","N"
"Black Cherry","Prunus serotina var. serotina","New York","Cattaraugus","Zoar Valley","","","","","221815","1","","","","Public","125.0'","Clinometer/laser rangefinder/sine","","","","","Elijah Whitcomb, Erik Danielsen","2017-07-01","http%3A%2F%2Fwww.ents-bbs.org%2Fviewtopic.php%3Ff%3D105%26t%3D7379","N"
"Black Cherry","Prunus serotina var. serotina","New York","Cattaraugus","Zoar Valley","","","","","221821","1","","","","Public","126.0'","Clinometer/laser rangefinder/sine","7.6'","91''","","","Elijah Whitcomb, Erik Danielsen","2017-07-01","http%3A%2F%2Fwww.ents-bbs.org%2Fviewtopic.php%3Ff%3D105%26t%3D7379","N"
"Black Cherry","Prunus serotina var. serotina","New York","Cattaraugus","Zoar Valley","","","","","221850","1","","","","Public","127.6'","Clinometer/laser rangefinder/sine","8.1'","98''","","","Elijah Whitcomb, Erik Danielsen","2017-07-01","http%3A%2F%2Fwww.ents-bbs.org%2Fviewtopic.php%3Ff%3D105%26t%3D7379","N"
"Black Cherry","Prunus serotina var. serotina","New York","Cayuga","Fort Hill Cemetery","42 55.457","-076 34.271","","","214932","1","42 55.457","-076 34.271","760.0 ft","Public","87.5'","Clinometer/laser rangefinder/sine","9.0'","107''","","","Elijah Whitcomb","2020-09-07","","N"
"Black Cherry","Prunus serotina var. serotina","New York","Erie","Yates Park","","","51 Acres","","256286","1","","","","Public - city","","Clinometer/laser rangefinder/sine","6.3'","76''","","","Tom Diggins","2003-03-15","http%3A%2F%2Fwww.nativetreesociety.org%2Ffieldtrips%2Fnew_york%2Furban_old_growth_in_western_new_.htm","N"
"Black Cherry","Prunus serotina var. serotina","New York","Erie","Zoar Valley - North Rim","","","Two feet of snow cover may have affected tree height calculation.","","275170","1","","","","Public - state","118.0'","Clinometer/laser rangefinder/sine","10.1'","122''","","485 cubic feet","Erik Danielson","2018-02-11","http%3A%2F%2Fwww.ents-bbs.org%2Fviewtopic.php%3Ff%3D105%26t%3D8200%26sid%3Ddb13fd70bc49170bba0fb52260ebd1e8%23p41321","N"
"Black Cherry","Prunus serotina var. serotina","New York","Erie","Zoar Valley - North Rim","","","Two feet of snow cover may have affected tree height calculation.","","275163","1","","","","Public - state","119.5'","Clinometer/laser rangefinder/sine","7.4'","89''","","","Erik Danielson","2018-02-11","http%3A%2F%2Fwww.ents-bbs.org%2Fviewtopic.php%3Ff%3D105%26t%3D8200%26sid%3Ddb13fd70bc49170bba0fb52260ebd1e8%23p41321","N"
"Black Cherry","Prunus serotina var. serotina","New York","Essex","Pharaoh Lake Wilderness","","","","","214354","1","","","","Public","102.2'","Clinometer/laser rangefinder/sine","","","","","Elijah Whitcomb","2018-08-05","http%3A%2F%2Fwww.ents-bbs.org%2Fviewtopic.php%3Ff%3D105%26t%3D7995","N"
"Black Cherry","Prunus serotina var. serotina","New York","Franklin","Ampersand Mountain","","","","","205072","1","","","","Public","99.2'","Clinometer/laser rangefinder/sine","9.7'","116''","","","Erik Danielsen, Jared Lockwood, Elijah Whitcomb","2017-11-30","","N"
"Black Cherry","Prunus serotina var. serotina","New York","Franklin","Ampersand Mountain","","","","","205070","1","","","","Public","100.1'","Clinometer/laser rangefinder/sine","9.9'","119''","","","Erik Danielsen, Jared Lockwood, Elijah Whitcomb","2017-11-30","","N"
"Black Cherry","Prunus serotina var. serotina","New York","Franklin","Ampersand Mountain","","","","","205071","1","","","","Public","101.0'","Clinometer/laser rangefinder/sine","8.9'","107''","","","Erik Danielsen, Jared Lockwood, Elijah Whitcomb","2017-11-30","","N"
"Black Cherry","Prunus serotina var. serotina","New York","Franklin","Ampersand Mountain","","","","","205069","1","","","","Public","109.0'","Clinometer/laser rangefinder/sine","8.3'","100''","","","Erik Danielsen, Jared Lockwood, Elijah Whitcomb","2017-11-30","","N"
"Black Cherry","Prunus serotina var. serotina","New York","Hamilton","Pine Orchard","","","","","207827","1","","","","Public","81.0'","Clinometer/laser rangefinder/sine","","","","","Elijah Whitcomb","2016-06-11","","N"
"Black Cherry","Prunus serotina var. serotina","New York","Hamilton","Powley Road","43 18.144","-074 39.457","","","213668","1","43 18.144","-074 39.457","1745.0 ft","Public","95.0'","Clinometer/laser rangefinder/sine","7.1'","85''","","","Elijah Whitcomb","2020-08-02","","N"
"Black Cherry","Prunus serotina var. serotina","New York","Jefferson","Brookside Cemetery","43 56.195","-075 54.388","","","212360","1","43 56.195","-075 54.388","620.0 ft","Public","65.7'","Clinometer/laser rangefinder/sine","11.3'","135''","","","Elijah Whitcomb","2020-07-19","","N"
"Black Cherry","Prunus serotina var. serotina","New York","Monroe","Abraham Lincoln Park","","","","","323096","1","","","","Public","114.6'","Clinometer/laser rangefinder/sine","","","","","Elijah Whitcomb","2025-12-26","","N"
"Black Cherry","Prunus serotina var. serotina","New York","Monroe","Abraham Lincoln Park","","","","","323097","1","","","","Public","116.1'","Clinometer/laser rangefinder/sine","6.0'","72''","","","Elijah Whitcomb","2025-12-26","","N"
"Black Cherry","Prunus serotina var. serotina","New York","Monroe","Ellison Park","","","","","323132","1","","","","Public","124.4'","Clinometer/laser rangefinder/sine","","","","","Elijah Whitcomb","2025-12-26","http%3A%2F%2Fwww.ents-bbs.org%2Fviewtopic.php%3Ff%3D105%26t%3D7882%26start%3D10","N"
"Black Cherry","Prunus serotina var. serotina","New York","Monroe","Irondeqouit Bay Park West","43 11.190","-077 31.892","","","241010","1","43 11.190","-077 31.892","335.0 ft","Public","132.2'","Clinometer/laser rangefinder/sine","7.9'","95''","","","Elijah Whitcomb","2021-04-05","","N"
"Black Cherry","Prunus serotina var. serotina","New York","Monroe","Tryon Park","43 10.315","-077 32.226","","","240843","1","43 10.315","-077 32.226","285.0 ft","Public","129.8'","Clinometer/laser rangefinder/sine","8.0'","96''","","","Elijah Whitcomb","2021-03-15","","N"
"Black Cherry","Prunus serotina var. serotina","New York","Monroe","Washington Grove City Park","","","","","211693","1","","","","Public","120.3'","Clinometer/laser rangefinder/sine","6.3'","76''","","","Elijah Whitcomb, Tom Howard","2015-12-12","www.ents-bbs.org%2Fviewtopic.php%3Ff%3D105%26t%3D3263%26sid%3D3803bc1bcaa14bd290e6457a0afd92d0%26start%3D40%23p43745","N"
"Black Cherry","Prunus serotina var. serotina","New York","Onondaga","Beaver Lake Nature Center","43 11.127","-076 24.004","","","213016","1","43 11.127","-076 24.004","715.0 ft","Public","127.8'","Clinometer/laser rangefinder/sine","7.6'","91''","","","Elijah Whitcomb, Tom Howard","2015-11-01","","N"
"Black Cherry","Prunus serotina var. serotina","New York","Onondaga","Green Lakes State Park","","","","","221089","1","","","","Public","113.5'","Clinometer/laser rangefinder/sine","","","","","Elijah Whitcomb, Tom Howard, Bob Henry","2020-11-15","http%3A%2F%2Fwww.ents-bbs.org%2Fviewtopic.php%3Ff%3D105%26t%3D2419","N"
"Black Cherry","Prunus serotina var. serotina","New York","Onondaga","Green Lakes State Park","","","","","221135","1","","","","Public","119.0'","Clinometer/laser rangefinder/sine","6.8'","81''","","","Elijah Whitcomb, Tom Howard, Bob Henry","2020-11-15","http%3A%2F%2Fwww.ents-bbs.org%2Fviewtopic.php%3Ff%3D105%26t%3D2419","N"
"Black Cherry","Prunus serotina var. serotina","New York","Onondaga","Green Lakes State Park","","","","","221136","1","","","","Public","120.3'","Clinometer/laser rangefinder/sine","8.4'","101''","","","Elijah Whitcomb, Tom Howard, Bob Henry","2020-11-15","http%3A%2F%2Fwww.ents-bbs.org%2Fviewtopic.php%3Ff%3D105%26t%3D2419","N"
"Black Cherry","Prunus serotina var. serotina","New York","Onondaga","Liverpool School Maple Grove","","","","","221009","1","","","","Public-Private","98.7'","Clinometer/laser rangefinder/sine","8.7'","104''","","","Elijah Whitcomb, Tom Howard","2016-12-05","http%3A%2F%2Fwww.ents-bbs.org%2Fviewtopic.php%3Ff%3D105%26t%3D7426%26sid%3Dc5ed2ba57ebfaf34b1030c97de047870%23p41639","N"
"Black Cherry","Prunus serotina var. serotina","New York","Onondaga","Long Branch Park","43 07.046","-076 15.187","","","230431","1","43 07.046","-076 15.187","390.0 ft","Public","124.7'","Clinometer/laser rangefinder/sine","7.2'","86''","","","Elijah Whitcomb, Tom Howard, Robert Henry","2021-01-17","","N"
"Black Cherry","Prunus serotina var. serotina","New York","Onondaga","Whiskey Hollow","43 07.085","-076 23.513","","","229735","1","43 07.085","-076 23.513","695.0 ft","Private","111.1'","Clinometer/laser rangefinder/sine","","","","Trunk conjoined with another tree","Elijah Whitcomb","2021-01-03","","N"
"Black Cherry","Prunus serotina var. serotina","New York","Oswego","Curtiss-Gale WMA","","","","","221390","1","","","","Public","122.6'","Clinometer/laser rangefinder/sine","7.1'","85''","","","Elijah Whitcomb","2019-05-21","","N"
"Black Cherry","Prunus serotina var. serotina","New York","Tompkins","Palmer Woods","42 27.713","-076 28.821","","","230095","1","42 27.713","-076 28.821","905.0 ft","Public","115.0'","Clinometer/laser rangefinder/sine","","","","","Elijah Whitcomb, Tom Howard","2021-01-10","","N"
"Black Cherry","Prunus serotina var. serotina","New York","Tompkins","Robert H. Treman State Park","","","","","212976","1","","","","Public","118.3'","Clinometer/laser rangefinder/sine","5.9'","71''","","","Elijah Whitcomb","2019-06-10","","N"
"Black Cherry","Prunus serotina var. serotina","New York","Tompkins","Smith Woods","","","","","221295","1","","","","Public","119.0'","Clinometer/laser rangefinder/sine","","","","","Elijah Whitcomb, Tom Howard","2020-10-04","http%3A%2F%2Fwww.ents-bbs.org%2Fviewtopic.php%3Ff%3D105%26t%3D7265","N"
"Black Cherry","Prunus serotina var. serotina","New York","Wayne","Zurich Bog","","","","","221777","1","","","","Private","121.0'","Clinometer/laser rangefinder/sine","","","","","Elijah Whitcomb","2019-06-03","","N"
"Black Cherry","Prunus serotina var. serotina","New York","Wayne/Cayuga","Howland's Island","","","Part of the Montezuma NWF, Howland's Island is a multi-use public property. The land area is broken up by several large ponds, swamps, meadows, fields and cattail marshes.  Most of the forested land contains even-aged hardwood stands, though a few very large and old specimens can be found.","","220769","1","","","","Public (NYS)","","Clinometer/laser rangefinder/sine","12.3'","147''","","","Elijah Whitcomb","2020-11-16","http%3A%2F%2Fwww.ents-bbs.org%2Fviewtopic.php%3Ff%3D105%26t%3D3337","N"
"Black Cherry","Prunus serotina var. serotina","New York","Wayne/Cayuga","Howland's Island","","","Part of the Montezuma NWF, Howland's Island is a multi-use public property. The land area is broken up by several large ponds, swamps, meadows, fields and cattail marshes.  Most of the forested land contains even-aged hardwood stands, though a few very large and old specimens can be found.","","220778","1","","","","Public (NYS)","","Clinometer/laser rangefinder/sine","11.6'","139''","","","Elijah Whitcomb","2020-11-16","http%3A%2F%2Fwww.ents-bbs.org%2Fviewtopic.php%3Ff%3D105%26t%3D3337","N"
"Black Cherry","Prunus serotina var. serotina","New York","Wayne/Cayuga","Howland's Island","","","Part of the Montezuma NWF, Howland's Island is a multi-use public property. The land area is broken up by several large ponds, swamps, meadows, fields and cattail marshes.  Most of the forested land contains even-aged hardwood stands, though a few very large and old specimens can be found.","","220802","1","","","","Public (NYS)","110.1'","Clinometer/laser rangefinder/sine","7.0'","84''","","Measured by Jess Riddle, posted to NTS BBS 3/11/2012.","Elijah Whitcomb","2020-11-16","http%3A%2F%2Fwww.ents-bbs.org%2Fviewtopic.php%3Ff%3D105%26t%3D3337","N"
"Black Cherry","Prunus serotina var. serotina","New York","Wayne/Cayuga","Howland's Island","","","Part of the Montezuma NWF, Howland's Island is a multi-use public property. The land area is broken up by several large ponds, swamps, meadows, fields and cattail marshes.  Most of the forested land contains even-aged hardwood stands, though a few very large and old specimens can be found.","","220731","1","","","","Public (NYS)","111.0'","Clinometer/laser rangefinder/sine","8.4'","101''","","","Elijah Whitcomb","2020-11-16","http%3A%2F%2Fwww.ents-bbs.org%2Fviewtopic.php%3Ff%3D105%26t%3D3337","N"
"Black Cherry","Prunus serotina var. serotina","New York","Wayne/Cayuga","Howland's Island","","","Part of the Montezuma NWF, Howland's Island is a multi-use public property. The land area is broken up by several large ponds, swamps, meadows, fields and cattail marshes.  Most of the forested land contains even-aged hardwood stands, though a few very large and old specimens can be found.","","220801","1","","","","Public (NYS)","113.5'","Clinometer/laser rangefinder/sine","8.1'","97''","","Measured by Jess Riddle, posted to NTS BBS 3/11/2012.","Elijah Whitcomb","2020-11-16","http%3A%2F%2Fwww.ents-bbs.org%2Fviewtopic.php%3Ff%3D105%26t%3D3337","N"
"Black Cherry","Prunus serotina var. serotina","New York","Wayne/Cayuga","Howland's Island","","","Part of the Montezuma NWF, Howland's Island is a multi-use public property. The land area is broken up by several large ponds, swamps, meadows, fields and cattail marshes.  Most of the forested land contains even-aged hardwood stands, though a few very large and old specimens can be found.","","220712","1","","","","Public (NYS)","113.9'","Clinometer/laser rangefinder/sine","","","","","Elijah Whitcomb","2020-11-16","http%3A%2F%2Fwww.ents-bbs.org%2Fviewtopic.php%3Ff%3D105%26t%3D3337","N"
"Black Cherry","Prunus serotina var. serotina","New York","Wayne/Cayuga","Howland's Island","43 04.042","-076 41.626","Part of the Montezuma NWF, Howland's Island is a multi-use public property. The land area is broken up by several large ponds, swamps, meadows, fields and cattail marshes.  Most of the forested land contains even-aged hardwood stands, though a few very large and old specimens can be found.","","220709","1","43 04.042","-076 41.626","","Public (NYS)","117.0'","Clinometer/laser rangefinder/sine","7.5'","90''","","","Elijah Whitcomb","2020-11-16","http%3A%2F%2Fwww.ents-bbs.org%2Fviewtopic.php%3Ff%3D105%26t%3D3337","N"
"Black Cherry","Prunus serotina var. serotina","New York","Wyoming/Livingston","Letchworth State Park","42 34.861","-078 03.029","","","217871","1","42 34.861","-078 03.029","","Public","110.8'","Clinometer/laser rangefinder/sine","9.4'","113''","","","Elijah Whitcomb","2020-10-11","http%3A%2F%2Fwww.ents-bbs.org%2Fviewtopic.php%3Ff%3D105%26t%3D7878","N"
"Black Cherry","Prunus serotina var. serotina","New York","Wyoming/Livingston","Letchworth State Park","","","","","217772","1","","","","Public","117.5'","Clinometer/laser rangefinder/sine","","","","","Elijah Whitcomb","2020-10-11","http%3A%2F%2Fwww.ents-bbs.org%2Fviewtopic.php%3Ff%3D105%26t%3D7878","N"
"Black Cherry","Prunus serotina var. serotina","New York","Wyoming/Livingston","Letchworth State Park","42 35.329","-078 01.981","","","217853","1","42 35.329","-078 01.981","","Public","122.3'","Clinometer/laser rangefinder/sine","6.3'","75''","","Planted","Elijah Whitcomb","2020-10-11","http%3A%2F%2Fwww.ents-bbs.org%2Fviewtopic.php%3Ff%3D105%26t%3D7878","N"
"Black Cherry","Prunus serotina var. serotina","Ohio","Ashland","Clearfork Gorge","","","","","165814","1","","","","public","108.8'","Clinometer/laser rangefinder/sine","","","","","Steve Galehouse, Rand Brown","2011-03-18","","N"
"Black Cherry","Prunus serotina var. serotina","Ohio","Cuyahoga","Bradley Woods Metropark","","","","","166927","1","","","","Park","97.0'","Clinometer/laser rangefinder/sine","","","","","Steve Galehouse","2009-03-20","","N"
"Black Cherry","Prunus serotina var. serotina","Ohio","Cuyahoga","Brecksville Reservation","41 17.340","-081 34.393","","","173488","1","41 17.340","-081 34.393","","public","152.0'","Clinometer/laser rangefinder/sine","7.0'","84''","","rounded to lowest foot on the height; handheld  measurement with tape wrap at 4.5 ft from midslope","Stefan Radivoyevitch","2017-04-19","","N"
"Black Cherry","Prunus serotina var. serotina","Ohio","Cuyahoga","Rocky River Floodplain Forest","","","","","168879","1","","","","public","109.9'","Clinometer/laser rangefinder/sine","5.8'","70''","","","Steve Galehouse","2010-03-25","","N"
"Black Cherry","Prunus serotina var. serotina","Ohio","Cuyahoga","Rocky River Park","","","","","166917","1","","","","Public-city","98.0'","Clinometer/laser rangefinder/sine","5.5'","66''","","","Steve Galehouse","2009-03-22","http%3A%2F%2Fwww.nativetreesociety.org%2Ffieldtrips%2Fohio%2Frocky_river.htm","N"
"Black Cherry","Prunus serotina var. serotina","Ohio","Cuyahoga","Rocky River Upland Forest","","","","","166438","1","","","","Public","113.4'","Clinometer/laser rangefinder/sine","4.9'","59''","","","Steve Galehouse","2010-11-03","","N"
"Black Cherry","Prunus serotina var. serotina","Ohio","Hamilton","California Woods Nature Preserve","","","113 Acres
Measurements made from 2014 thru 2017","","169534","1","","","","Pubkic - city","132.5'","Clinometer/laser rangefinder/sine","7.6'","91''","","","Matt Markworth","2014-02-27","http%3A%2F%2Fents-bbs.org%2Fviewtopic.php%3Ff%3D111%26t%3D6142%23p27831","N"
"Black Cherry","Prunus serotina var. serotina","Ohio","Hamilton","California Woods Nature Preserve","","","113 Acres
Measurements made from 2014 thru 2017","","169552","1","","","","Pubkic - city","143.1'","Clinometer/laser rangefinder/sine","7.5'","90''","","","Matt Markworth","2014-02-27","http%3A%2F%2Fents-bbs.org%2Fviewtopic.php%3Ff%3D111%26t%3D6142%23p27831","N"
"Black Cherry","Prunus serotina var. serotina","Ohio","Highland","Pike Ste Forest","","","Trees measured were in two coves.","","161915","1","","","","Public-state","120.0'","Clinometer/laser rangefinder/sine","7.3'","88''","","","Matt Markworth, Rand Brown","2014-02-23","http%3A%2F%2Fwww.ents-bbs.org%2Fviewtopic.php%3Ff%3D111%26t%3D6128%23p27758","N"
"Black Cherry","Prunus serotina var. serotina","Ohio","Highland","Pike Ste Forest","","","Trees measured were in two coves.","","161920","1","","","","Public-state","141.5'","Clinometer/laser rangefinder/sine","7.3'","87''","","","Matt Markworth, Rand Brown","2014-02-23","http%3A%2F%2Fwww.ents-bbs.org%2Fviewtopic.php%3Ff%3D111%26t%3D6128%23p27758","N"
"Black Cherry","Prunus serotina var. serotina","Ohio","Lake","Stebbin's Gulch","","","","","166889","1","","","","Private","110.8'","Clinometer/laser rangefinder/sine","8.7'","104''","","Stebbin's Gulch South","Steve Galehouse, Ed Frank, Randy Brown","2009-07-18","http%3A%2F%2Fwww.nativetreesociety.org%2Ffieldtrips%2Fohio%2Fholden2009%2Fholden1.htm","N"
"Black Cherry","Prunus serotina var. serotina","Ohio","Lake","Stebbin's Gulch","41 36.174","-081 16.405","","","166885","1","41 36.174","-081 16.405","","Private","111.9'","Clinometer/laser rangefinder/sine","9.8'","118''","","Stebbin's Gulch South","Steve Galehouse, Ed Frank, Randy Brown","2009-07-18","http%3A%2F%2Fwww.nativetreesociety.org%2Ffieldtrips%2Fohio%2Fholden2009%2Fholden1.htm","N"
"Black Cherry","Prunus serotina var. serotina","Ohio","Lake","Stebbin's Gulch","41 36.192","-081 18.511","","","166883","1","41 36.192","-081 18.511","1170.0 ft","Private","117.9'","Clinometer/laser rangefinder/sine","11.3'","135''","","Stebbin's Gulch South","Steve Galehouse, Ed Frank, Randy Brown","2009-07-18","http%3A%2F%2Fwww.nativetreesociety.org%2Ffieldtrips%2Fohio%2Fholden2009%2Fholden1.htm","N"
"Black Cherry","Prunus serotina var. serotina","Ohio","Licking","Blackhand Gorge Nature Preserve","","","","","166421","1","","","","public","125.4'","Clinometer/laser rangefinder/sine","6.2'","74''","","","Rand Brown","2011-01-03","","N"
"Black Cherry","Prunus serotina var. serotina","Ohio","Mahoning","Kyle Woods, OH","","","","","166949","1","","","","public","","Clinometer/laser rangefinder/sine","6.0'","72''","","","Thomas Diggins","2003-04-04","","N"
"Black Cherry","Prunus serotina var. serotina","Pennsylvania","Allegheny","North Park Latadami Nature Center","40 37.240","-080 01.780","250 acres Nature Center and is part of 3,750 acre North Park","","120541","1","40 37.240","-080 01.780","1040.0 ft","Public","93.3'","Clinometer/laser rangefinder/sine","5.0'","60''","","","Carl Harting","2005-12-17","http%3A%2F%2Fwww.nativetreesociety.org%2Ffieldtrips%2Fpenna%2Flatodami%2Flatodami_nature_center.htm","N"
"Black Cherry","Prunus serotina var. serotina","Pennsylvania","Beaver","Raccoon Creek State Park","","","7,572 acres","","120504","1","","","1100.0 ft","Public - State","117.2'","Clinometer/laser rangefinder/sine","9.0'","108''","","","Dale Luthringer","2008-03-19","http%3A%2F%2Fgroups.google.com%2Fgroup%2Fentstrees%2Fbrowse_thread%2Fthread%2F449ea1c542736359%3Fhl%3Den","N"
"Black Cherry","Prunus serotina var. serotina","Pennsylvania","Beaver","Raccoon Creek State Park","","","7,572 acres","","120505","1","","","1100.0 ft","Public - State","120.0'","Clinometer/laser rangefinder/sine","7.0'","84''","","","Dale Luthringer","2008-03-19","http%3A%2F%2Fgroups.google.com%2Fgroup%2Fentstrees%2Fbrowse_thread%2Fthread%2F449ea1c542736359%3Fhl%3Den","N"
"Black Cherry","Prunus serotina var. serotina","Pennsylvania","Butler","Hogg Woods","","","""Most of the shots were from underneath..."" Heights should be considered Not Less Than (NLT)","","138384","1","","","1350.0 ft","Private","98.0'","Clinometer/laser rangefinder/sine","5.7'","68''","","","Carl Harting, Edward Frank","2009-06-10","http%3A%2F%2Fgroups.google.com%2Fgroup%2Fentstrees%2Fbrowse_thread%2Fthread%2Fd06269fc01b3a06b%3Fhl%3Den","N"
"Black Cherry","Prunus serotina var. serotina","Pennsylvania","Centre","Laurel Run Road","","","","","130014","1","","","","Private","115.8'","","","","","","Dale Luthringer","2004-11-18","http%3A%2F%2Fwww.nativetreesociety.org%2Ffieldtrips%2Fpenna%2Fshingletown_gap.htm","N"
"Black Cherry","Prunus serotina var. serotina","Pennsylvania","Centre","Six Mile Run","","","","","139505","1","","","","Public - state","60.0'","Clinometer/laser rangefinder/sine","2.8'","34''","","","Edward Frank","2009-05-19","","N"
"Black Cherry","Prunus serotina var. serotina","Pennsylvania","Chester","Laurels Preserve","","","Contains 500 acres of mature hardwood forest.","","212116","1","","","","Private","119.7'","Clinometer/laser rangefinder/sine","7.3'","88''","","","George Fieo","2019-06-15","http%3A%2F%2Fents-bbs.org%2Fviewtopic.php%3Ff%3D151%26t%3D8642","N"
"Black Cherry","Prunus serotina var. serotina","Pennsylvania","Chester","White Clay Creek Preserve","","","","","168325","1","","","","Public - state","112.5'","Clinometer/laser rangefinder/sine","5.9'","71''","","","George Fieo","2012-11-27","http%3A%2F%2Fwww.ents-bbs.org%2Fviewtopic.php%3Ff%3D151%26t%3D7152%23p33992","N"
"Black Cherry","Prunus serotina var. serotina","Pennsylvania","Clarion","CFSP-Forest Cathedral","41 21.961","-079 13.454","","","214558","1","41 21.961","-079 13.454","","Public-state","105.5'","Clinometer/laser rangefinder/sine","7.2'","86''","","Measured on 3/8/2009. Tree has a large burl.about 15' above ground.","Dale Luthringer","2009-12-04","http%3A%2F%2Fwww.ents-bbs.org%2Fviewtopic.php%3Ff%3D116%26t%3D1173","N"
"Black Cherry","Prunus serotina var. serotina","Pennsylvania","Clarion","CFSP-Forest Cathedral","","","","","214540","1","","","","Public-state","115.1'","Clinometer/laser rangefinder/sine","9.4'","113''","","","Dale Luthringer","2009-12-04","http%3A%2F%2Fwww.ents-bbs.org%2Fviewtopic.php%3Ff%3D116%26t%3D1173","N"
"Black Cherry","Prunus serotina var. serotina","Pennsylvania","Clarion","CFSP-Forest Cathedral","","","","","214559","1","","","","Public-state","119.8'","Clinometer/laser rangefinder/sine","9.0'","108''","","Height is Not Less Than (NLT)
Measured 3/8/2009","Dale Luthringer","2009-12-04","http%3A%2F%2Fwww.ents-bbs.org%2Fviewtopic.php%3Ff%3D116%26t%3D1173","N"
"Black Cherry","Prunus serotina var. serotina","Pennsylvania","Clarion","CFSP-Forest Cathedral","","","","","214560","1","","","","Public-state","120.1'","Clinometer/laser rangefinder/sine","10.2'","122''","","Height is Not Less Than (NLT)
Measured 3/8/2009","Dale Luthringer","2009-12-04","http%3A%2F%2Fwww.ents-bbs.org%2Fviewtopic.php%3Ff%3D116%26t%3D1173","N"
"Black Cherry","Prunus serotina var. serotina","Pennsylvania","Clarion","CFSP-Forest Cathedral","","","","","146994","1","","","","Public-state","123.1'","Clinometer/laser rangefinder/sine","10.2'","122''","","Height is Not Less Than (NLT)
Bridle Trail area.","Dale Luthringer","2003-12-31","http%3A%2F%2Fwww.ents-bbs.org%2Fviewtopic.php%3Ff%3D116%26t%3D1173","N"
"Black Cherry","Prunus serotina var. serotina","Pennsylvania","Clarion","CFSP-Forest Cathedral","41 21.970","-079 12.481","","","214561","1","41 21.970","-079 12.481","","Public-state","131.4'","Clinometer/laser rangefinder/sine","11.0'","132''","","Measured 3/8/2009","Dale Luthringer","2009-12-04","http%3A%2F%2Fwww.ents-bbs.org%2Fviewtopic.php%3Ff%3D116%26t%3D1173","N"
"Black Cherry","Prunus serotina var. serotina","Pennsylvania","Clarion","CFSP-Paved Trail/Black Bear Trail","","","","","145684","1","","","","Public-state","100.0'","Clinometer/laser rangefinder/sine","8.0'","96''","","","Dale Luthringer, Edward Frank","2003-10-21","http%3A%2F%2Fwww.nativetreesociety.org%2Ffieldtrips%2Fpenna_cook_forest%2Fblack_bear_trail.htm","N"
"Black Cherry","Prunus serotina var. serotina","Pennsylvania","Clarion","CFSP-Paved Trail/Black Bear Trail","","","","","145683","1","","","1600.0 ft","Public-state","105.0'","Clinometer/laser rangefinder/sine","9.3'","112''","","Height is Not Less Than (NLT)","Dale Luthringer, Edward Frank","2003-10-21","http%3A%2F%2Fwww.nativetreesociety.org%2Ffieldtrips%2Fpenna_cook_forest%2Fblack_bear_trail.htm","N"
"Black Cherry","Prunus serotina var. serotina","Pennsylvania","Clarion","CFSP-Paved Trail/Black Bear Trail","","","","","145685","1","","","","Public-state","108.0'","Clinometer/laser rangefinder/sine","7.8'","94''","","","Dale Luthringer, Edward Frank","2003-10-21","http%3A%2F%2Fwww.nativetreesociety.org%2Ffieldtrips%2Fpenna_cook_forest%2Fblack_bear_trail.htm","N"
"Black Cherry","Prunus serotina var. serotina","Pennsylvania","Clarion","CFSP-Paved Trail/Black Bear Trail","","","","","145694","1","","","","Public-state","114.0'","Clinometer/laser rangefinder/sine","9.5'","114''","","Height is Not Less Than (NLT)","Dale Luthringer","2004-09-18","http%3A%2F%2Fwww.nativetreesociety.org%2Ffieldtrips%2Fpenna_cook_forest%2Fblack_bear_trail.htm","N"
"Black Cherry","Prunus serotina var. serotina","Pennsylvania","Clarion","CFSP-Paved Trail/Black Bear Trail","","","","","145695","1","","","","Public-state","120.6'","Clinometer/laser rangefinder/sine","8.5'","102''","","Height is Not Less Than (NLT)","Dale Luthringer","2004-09-18","http%3A%2F%2Fwww.nativetreesociety.org%2Ffieldtrips%2Fpenna_cook_forest%2Fblack_bear_trail.htm","N"
"Black Cherry","Prunus serotina var. serotina","Pennsylvania","Clarion","CFSP-Seneca Forest Special Management Area","","","","","146544","1","","","","Public - state","109.8'","Clinometer/laser rangefinder/sine","","","","","Dale Luthringer","2006-09-22","http%3A%2F%2Fwww.ents-bbs.org%2Fviewtopic.php%3Ff%3D116%26t%3D8154","N"
"Black Cherry","Prunus serotina var. serotina","Pennsylvania","Clarion","CFSP-Seneca Forest Special Management Area","","","","","146545","1","","","","Public - state","122.0'","Clinometer/laser rangefinder/sine","8.4'","101''","","Height is Not Less Than (NLT)","Dale Luthringer","2006-09-22","http%3A%2F%2Fwww.ents-bbs.org%2Fviewtopic.php%3Ff%3D116%26t%3D8154","N"
"Black Cherry","Prunus serotina var. serotina","Pennsylvania","Clarion","CFSP-Seneca Forest Special Management Area","","","","","146518","1","","","","Public - state","125.6'","Clinometer/laser rangefinder/sine","10.0'","120''","","","Dale Luthringer","2003-10-21","http%3A%2F%2Fwww.ents-bbs.org%2Fviewtopic.php%3Ff%3D116%26t%3D8154","N"
"Black Cherry","Prunus serotina var. serotina","Pennsylvania","Clarion","CFSP-Seneca Forest Special Management Area","","","","","146546","1","","","","Public - state","125.6'","Clinometer/laser rangefinder/sine","9.5'","114''","","Height is Not Less Than (NLT)","Dale Luthringer","2006-09-22","http%3A%2F%2Fwww.ents-bbs.org%2Fviewtopic.php%3Ff%3D116%26t%3D8154","N"
"Black Cherry","Prunus serotina var. serotina","Pennsylvania","Clarion","CFSP-Seneca Forest Special Management Area","","","","","148195","1","","","","Public - state","125.6'","Clinometer/laser rangefinder/sine","10.0'","120''","","Measured 10/21/2003 by D. Luthringer.","Dale Luthringer","2003-12-31","http%3A%2F%2Fwww.ents-bbs.org%2Fviewtopic.php%3Ff%3D116%26t%3D8154","N"
"Black Cherry","Prunus serotina var. serotina","Pennsylvania","Clarion","CFSP-Seneca Forest Special Management Area","","","","","212209","1","","","","Public - state","134.3'","Clinometer/laser rangefinder/sine","9.1'","109''","","","Dale Luthringer","2017-12-19","http%3A%2F%2Fwww.ents-bbs.org%2Fviewtopic.php%3Ff%3D116%26t%3D8154","N"
"Black Cherry","Prunus serotina var. serotina","Pennsylvania","Clarion","CFSP-Seneca Forest Special Management Area","","","","","146744","1","","","","Public - state","136.4'","Clinometer/laser rangefinder/sine","10.2'","122''","","","Dale Luthringer, John Eichholz","2005-09-09","http%3A%2F%2Fwww.ents-bbs.org%2Fviewtopic.php%3Ff%3D116%26t%3D8154","N"
"Black Cherry","Prunus serotina var. serotina","Pennsylvania","Clarion","CFSP-Seneca Forest Special Management Area","","","","","146522","1","","","","Public - state","136.6'","Clinometer/laser rangefinder/sine","7.6'","91''","","Measured by R. VanPelt 7/1997","Dale Luthringer","2003-10-21","http%3A%2F%2Fwww.ents-bbs.org%2Fviewtopic.php%3Ff%3D116%26t%3D8154","N"
"Black Cherry","Prunus serotina var. serotina","Pennsylvania","Clarion","CFSP-Seneca Forest Special Management Area","","","","","146524","1","","","","Public - state","137.0'","Clinometer/laser rangefinder/sine","8.1'","97''","","Measured by Will Blozan 4/12/2002","Dale Luthringer","2003-10-21","http%3A%2F%2Fwww.ents-bbs.org%2Fviewtopic.php%3Ff%3D116%26t%3D8154","N"
"Black Cherry","Prunus serotina var. serotina","Pennsylvania","Clarion","CFSP-Seneca Forest Special Management Area","","","","","148185","1","","","","Public - state","137.0'","Clinometer/laser rangefinder/sine","8.0'","96''","","Measured 4/20/2002 by W. Blozan. Tree on west side of Ridge Trail. Originally measured by R. Van Pelt 7/1997 at 7.55' x 136.6'.","Dale Luthringer","2003-12-31","http%3A%2F%2Fwww.ents-bbs.org%2Fviewtopic.php%3Ff%3D116%26t%3D8154","N"
"Black Cherry","Prunus serotina var. serotina","Pennsylvania","Clarion","CFSP-Seneca Forest Special Management Area","","","","","214747","1","","","","Public - state","137.3'","Clinometer/laser rangefinder/sine","11.4'","137''","","On Seneca Trail, Karl Davies Cherry.","Dale Luthringer","2007-01-11","http%3A%2F%2Fwww.ents-bbs.org%2Fviewtopic.php%3Ff%3D116%26t%3D8154","N"
"Black Cherry","Prunus serotina var. serotina","Pennsylvania","Clarion","CFSP-Seneca Forest Special Management Area","41 19.889","-079 12.874","","","212208","1","41 19.889","-079 12.874","","Public - state","139.9'","Clinometer/laser rangefinder/sine","12.0'","144''","75.6'","Karl Davis Cherry. Tree near Ridge Trail.
Crown spread is maximum along one axis.
Tree previously measured : W. Blozan tape drop 4/23/2005, D. Luthringer range finder 3/3/2009","Dale Luthringer","2017-12-19","http%3A%2F%2Fwww.ents-bbs.org%2Fviewtopic.php%3Ff%3D116%26t%3D8154","N"
"Black Cherry","Prunus serotina var. serotina","Pennsylvania","Clarion","CFSP-Seneca Forest Special Management Area","","","","","146519","1","","","","Public - state","140.0'","Clinometer/laser rangefinder/sine","11.4'","137''","","The ""Karl Davies"" Black Cherry","Dale Luthringer","2003-10-21","http%3A%2F%2Fwww.ents-bbs.org%2Fviewtopic.php%3Ff%3D116%26t%3D8154","N"
"Black Cherry","Prunus serotina var. serotina","Pennsylvania","Clarion","CFSP-Seneca Forest Special Management Area","","","","","148196","1","","","","Public - state","140.0'","Clinometer/laser rangefinder/sine","11.4'","137''","","Measured 10/21/2003 by D. Luthringer. ""Davies"" Black Cherry.","Dale Luthringer","2003-12-31","http%3A%2F%2Fwww.ents-bbs.org%2Fviewtopic.php%3Ff%3D116%26t%3D8154","N"
"Black Cherry","Prunus serotina var. serotina","Pennsylvania","Clarion","CFSP-Seneca Forest Special Management Area","","","","","214752","1","","","","Public - state","140.7'","Clinometer/laser rangefinder/sine","8.8'","106''","","Measured 11/9/2011.","Dale Luthringer","2007-01-11","http%3A%2F%2Fwww.ents-bbs.org%2Fviewtopic.php%3Ff%3D116%26t%3D8154","N"
"Black Cherry","Prunus serotina var. serotina","Pennsylvania","Clarion","CFSP-Seneca Forest Special Management Area","","","","","212207","1","","","","Public - state","143.0'","Clinometer/laser rangefinder/sine","8.9'","107''","","Previously measured: 4/20/2002, and shortly before 2010.","Dale Luthringer","2017-12-19","http%3A%2F%2Fwww.ents-bbs.org%2Fviewtopic.php%3Ff%3D116%26t%3D8154","N"
"Black Cherry","Prunus serotina var. serotina","Pennsylvania","Clarion","CFSP-Upper Toms Run","","","Measured in Maple Drive Old Growth Area.","","146623","1","","","","Public-state","103.1'","Clinometer/laser rangefinder/sine","10.2'","122''","","See: http://www.nativetreesociety.org/fieldtrips/penna_cook_forest/cook_forest_bridle_trail.htm
Height is Not Less Than (NLT).","Dale Luthringer","2002-02-18","http%3A%2F%2Fwww.nativetreesociety.org%2Fevents%2Fcook2007%2Fcook_forest_bte07.htm","N"
"Black Cherry","Prunus serotina var. serotina","Pennsylvania","Clarion","CFSP-Upper Toms Run","","","Measured in Maple Drive Old Growth Area.","","146210","1","","","","Public-state","111.5'","Clinometer/laser rangefinder/sine","7.1'","85''","","","Dale Luthringer","2005-02-14","http%3A%2F%2Fwww.nativetreesociety.org%2Fevents%2Fcook2007%2Fcook_forest_bte07.htm","N"
"Black Cherry","Prunus serotina var. serotina","Pennsylvania","Clarion","CFSP-Upper Toms Run","","","Measured in Maple Drive Old Growth Area.","","146211","1","","","","Public-state","118.7'","Clinometer/laser rangefinder/sine","7.3'","88''","","","Dale Luthringer","2005-02-14","http%3A%2F%2Fwww.nativetreesociety.org%2Fevents%2Fcook2007%2Fcook_forest_bte07.htm","N"
"Black Cherry","Prunus serotina var. serotina","Pennsylvania","Clarion","CFSP-Upper Toms Run","","","Measured in Maple Drive Old Growth Area.","","146625","1","","","","Public-state","120.1'","Clinometer/laser rangefinder/sine","12.9'","154''","","Located in Deer Meadow.","Dale Luthringer","2002-02-18","http%3A%2F%2Fwww.nativetreesociety.org%2Fevents%2Fcook2007%2Fcook_forest_bte07.htm","N"
"Black Cherry","Prunus serotina var. serotina","Pennsylvania","Clarion","CFSP-Upper Toms Run","","","Measured in Maple Drive Old Growth Area.","","146212","1","","","","Public-state","121.0'","Clinometer/laser rangefinder/sine","6.4'","77''","","","Dale Luthringer","2005-02-14","http%3A%2F%2Fwww.nativetreesociety.org%2Fevents%2Fcook2007%2Fcook_forest_bte07.htm","N"
"Black Cherry","Prunus serotina var. serotina","Pennsylvania","Clarion","CFSP-Upper Toms Run","","","Measured in Maple Drive Old Growth Area.","","146213","1","","","","Public-state","121.5'","Clinometer/laser rangefinder/sine","7.3'","88''","","","Dale Luthringer","2005-02-14","http%3A%2F%2Fwww.nativetreesociety.org%2Fevents%2Fcook2007%2Fcook_forest_bte07.htm","N"
"Black Cherry","Prunus serotina var. serotina","Pennsylvania","Clarion","CFSP-Upper Toms Run","","","Measured in Maple Drive Old Growth Area.","","146214","1","","","","Public-state","122.5'","Clinometer/laser rangefinder/sine","6.2'","74''","","","Dale Luthringer","2005-02-14","http%3A%2F%2Fwww.nativetreesociety.org%2Fevents%2Fcook2007%2Fcook_forest_bte07.htm","N"
"Black Cherry","Prunus serotina var. serotina","Pennsylvania","Clarion","CFSP-Upper Toms Run","","","Measured in Maple Drive Old Growth Area.","","146282","1","","","","Public-state","123.2'","Clinometer/laser rangefinder/sine","9.6'","115''","","Measured by Frank, Harting 9/6/2005 along Browns Run.","Dale Luthringer","2005-02-14","http%3A%2F%2Fwww.nativetreesociety.org%2Fevents%2Fcook2007%2Fcook_forest_bte07.htm","N"
"Black Cherry","Prunus serotina var. serotina","Pennsylvania","Clarion","CFSP-Upper Toms Run","","","Measured in Maple Drive Old Growth Area.","","146215","1","","","","Public-state","125.9'","Clinometer/laser rangefinder/sine","7.4'","89''","","","Dale Luthringer","2005-02-14","http%3A%2F%2Fwww.nativetreesociety.org%2Fevents%2Fcook2007%2Fcook_forest_bte07.htm","N"
"Black Cherry","Prunus serotina var. serotina","Pennsylvania","Clarion","CFSP-Upper Toms Run","","","Measured in Maple Drive Old Growth Area.","","146216","1","","","","Public-state","128.0'","Clinometer/laser rangefinder/sine","8.7'","104''","","","Dale Luthringer","2005-02-14","http%3A%2F%2Fwww.nativetreesociety.org%2Fevents%2Fcook2007%2Fcook_forest_bte07.htm","N"
"Black Cherry","Prunus serotina var. serotina","Pennsylvania","Clarion","CFSP-Upper Toms Run","","","Measured in Maple Drive Old Growth Area.","","147960","1","","","","Public-state","130.0'","Clinometer/laser rangefinder/sine","7.2'","86''","","","Will Blozan, Dale Luthringer","2007-04-21","http%3A%2F%2Fwww.nativetreesociety.org%2Fevents%2Fcook2007%2Fcook_forest_bte07.htm","N"
"Black Cherry","Prunus serotina var. serotina","Pennsylvania","Clarion","CFSP-Upper Toms Run","","","Measured in Maple Drive Old Growth Area.","","146608","1","","","","Public-state","131.0'","Clinometer/laser rangefinder/sine","11.5'","138''","","Breezemont Drive Area","Dale Luthringer","2002-02-18","http%3A%2F%2Fwww.nativetreesociety.org%2Fevents%2Fcook2007%2Fcook_forest_bte07.htm","N"
"Black Cherry","Prunus serotina var. serotina","Pennsylvania","Clarion","CFSP-Upper Toms Run","","","Measured in Maple Drive Old Growth Area.","","146283","1","","","","Public-state","131.7'","Clinometer/laser rangefinder/sine","8.6'","103''","","Measured by Frank, Harting 9/6/2005 along Browns Run.","Dale Luthringer","2005-02-14","http%3A%2F%2Fwww.nativetreesociety.org%2Fevents%2Fcook2007%2Fcook_forest_bte07.htm","N"
"Black Cherry","Prunus serotina var. serotina","Pennsylvania","Clarion","CFSP-Upper Toms Run","","","Measured in Maple Drive Old Growth Area.","","147961","1","","","","Public-state","132.8'","Clinometer/laser rangefinder/sine","7.9'","95''","","","Will Blozan, Dale Luthringer","2007-04-21","http%3A%2F%2Fwww.nativetreesociety.org%2Fevents%2Fcook2007%2Fcook_forest_bte07.htm","N"
"Black Cherry","Prunus serotina var. serotina","Pennsylvania","Clarion","CFSP-Upper Toms Run","","","Measured in Maple Drive Old Growth Area.","","147962","1","","","","Public-state","134.0'","Clinometer/laser rangefinder/sine","5.1'","61''","","","Will Blozan, Dale Luthringer","2007-04-21","http%3A%2F%2Fwww.nativetreesociety.org%2Fevents%2Fcook2007%2Fcook_forest_bte07.htm","N"
"Black Cherry","Prunus serotina var. serotina","Pennsylvania","Clarion","CFSP-Various","41 21.428","-079 12.450","","","281472","1","41 21.428","-079 12.450","","Public-state","90.7'","Clinometer/laser rangefinder/sine","11.6'","139''","","Located on old dairy farm along Forest Drive.","Dale Luthringer, Carl Harting","2001-12-01","http%3A%2F%2Fwww.nativetreesociety.org%2Ffieldtrips%2Fpenna%2Fdonut.htm","N"
"Black Cherry","Prunus serotina var. serotina","Pennsylvania","Crawford","Greendale Cemetery-Cemetery Run","","","","","167998","1","","","","Private","110.8'","Clinometer/laser rangefinder/sine","","","","","Dale Luthringer","2009-01-01","http%3A%2F%2Fgroups.google.com%2Fgroup%2Fentstrees%2Fbrowse_thread%2Fthread%2F715eb2ea21c8e59e%3Fhl%3Den","N"
"Black Cherry","Prunus serotina var. serotina","Pennsylvania","Crawford","Greendale Cemetery-Cemetery Run","","","","","167999","1","","","","Private","112.2'","Clinometer/laser rangefinder/sine","","","","","Dale Luthringer","2009-01-01","http%3A%2F%2Fgroups.google.com%2Fgroup%2Fentstrees%2Fbrowse_thread%2Fthread%2F715eb2ea21c8e59e%3Fhl%3Den","N"
"Black Cherry","Prunus serotina var. serotina","Pennsylvania","Crawford","Greendale Cemetery-Cemetery Run","","","","","168001","1","","","","Private","114.2'","Clinometer/laser rangefinder/sine","6.5'","78''","","","Dale Luthringer","2009-01-01","http%3A%2F%2Fgroups.google.com%2Fgroup%2Fentstrees%2Fbrowse_thread%2Fthread%2F715eb2ea21c8e59e%3Fhl%3Den","N"
"Black Cherry","Prunus serotina var. serotina","Pennsylvania","Crawford","Greendale Cemetery-Cemetery Run","","","","","168000","1","","","","Private","116.6'","Clinometer/laser rangefinder/sine","","","","","Dale Luthringer","2009-01-01","http%3A%2F%2Fgroups.google.com%2Fgroup%2Fentstrees%2Fbrowse_thread%2Fthread%2F715eb2ea21c8e59e%3Fhl%3Den","N"
"Black Cherry","Prunus serotina var. serotina","Pennsylvania","Crawford","Greendale Cemetery-Cemetery Run","","","","","168002","1","","","","Private","123.0'","Clinometer/laser rangefinder/sine","","","","","Dale Luthringer","2009-01-01","http%3A%2F%2Fgroups.google.com%2Fgroup%2Fentstrees%2Fbrowse_thread%2Fthread%2F715eb2ea21c8e59e%3Fhl%3Den","N"
"Black Cherry","Prunus serotina var. serotina","Pennsylvania","Delaware","Our Lady Of Angels Convent","39 52.529","-075 26.243","","","133849","1","39 52.529","-075 26.243","200.0 ft","Private","79.0'","Clinometer/laser rangefinder/sine","8.0'","96''","","","Scott Wade","2005-03-21","http%3A%2F%2Fwww.nativetreesociety.org%2Ffieldtrips%2Fpenna%2Four_lady_of_angels.htm","N"
"Black Cherry","Prunus serotina var. serotina","Pennsylvania","Elk","Marion Brooks Natural Area","","","Four trees were measured on 7/12/2009
Trees measured were away from the area of an almost pure stand of Paper Birch.","","166113","1","","","","Public - state","70.1'","Clinometer/laser rangefinder/sine","5.3'","63''","","","Edward Frank","2009-01-01","","N"
"Black Cherry","Prunus serotina var. serotina","Pennsylvania","Elk","Millstone Creek Area","","","","","145559","1","","","","Public - state","106.9'","Clinometer/laser rangefinder/sine","7.0'","84''","","The stem measured is one of three. The others are 82"" and 89"" girths.","Dale Luthringer, Edward Frank","2008-04-24","http%3A%2F%2Fgroups.google.com%2Fgroup%2Fentstrees%2Fbrowse_thread%2Fthread%2Fa1cc481667139773%3Fhl%3Den","N"
"Black Cherry","Prunus serotina var. serotina","Pennsylvania","Elk","Portland Mills","","","Some trees were measured om 4/21/2009.
Much of the land is owned by the Pennyslvania fish and Boat Commission.","","138102","1","","","","Public - state","91.2'","Clinometer/laser rangefinder/sine","","","","","Dale Luthringer","2009-04-30","","N"
"Black Cherry","Prunus serotina var. serotina","Pennsylvania","Elk","Portland Mills","","","Some trees were measured om 4/21/2009.
Much of the land is owned by the Pennyslvania fish and Boat Commission.","","138103","1","","","","Public - state","97.8'","Clinometer/laser rangefinder/sine","","","","","Dale Luthringer","2009-04-30","","N"
"Black Cherry","Prunus serotina var. serotina","Pennsylvania","Elk","Portland Mills","","","Some trees were measured om 4/21/2009.
Much of the land is owned by the Pennyslvania fish and Boat Commission.","","138104","1","","","","Public - state","101.8'","Clinometer/laser rangefinder/sine","7.6'","91''","","","Dale Luthringer","2009-04-30","","N"
"Black Cherry","Prunus serotina var. serotina","Pennsylvania","Elk","Portland Mills","","","Some trees were measured om 4/21/2009.
Much of the land is owned by the Pennyslvania fish and Boat Commission.","","138105","1","","","","Public - state","106.2'","Clinometer/laser rangefinder/sine","","","","","Dale Luthringer","2009-04-30","","N"
"Black Cherry","Prunus serotina var. serotina","Pennsylvania","Elk","Portland Mills","","","Some trees were measured om 4/21/2009.
Much of the land is owned by the Pennyslvania fish and Boat Commission.","","138106","1","","","","Public - state","108.1'","Clinometer/laser rangefinder/sine","6.1'","73''","","Height is Not Less Than (NLT)","Dale Luthringer","2009-04-30","","N"
"Black Cherry","Prunus serotina var. serotina","Pennsylvania","Elk","Portland Mills","","","Some trees were measured om 4/21/2009.
Much of the land is owned by the Pennyslvania fish and Boat Commission.","","138107","1","","","","Public - state","108.1'","Clinometer/laser rangefinder/sine","6.2'","74''","","Height is Not Less Than (NLT)","Dale Luthringer","2009-04-30","","N"
"Black Cherry","Prunus serotina var. serotina","Pennsylvania","Elk","Portland Mills","","","Some trees were measured om 4/21/2009.
Much of the land is owned by the Pennyslvania fish and Boat Commission.","","138108","1","","","1350.0 ft","Public - state","111.3'","Clinometer/laser rangefinder/sine","7.8'","94''","","","Dale Luthringer","2009-04-30","","N"
"Black Cherry","Prunus serotina var. serotina","Pennsylvania","Erie","Erie Bluffs State Park(Formerly Coho Property)","","","Trees from trip posted 9/8/2006","","120306","1","","","","Public","93.1'","Clinometer/laser rangefinder/sine","5.9'","71''","","Height is Not Less Than (NLT)","Dale Luthringer","2003-09-17","http%3A%2F%2Fwww.nativetreesociety.org%2Ffieldtrips%2Fpenna%2Ferie_bluffs_state_park.htm","N"
"Black Cherry","Prunus serotina var. serotina","Pennsylvania","Erie","Erie Bluffs State Park(Formerly Coho Property)","","","Trees from trip posted 9/8/2006","","214289","1","","","","Public","105.1'","Clinometer/laser rangefinder/sine","7.6'","91''","","","Dale Luthringer","2006-09-08","http%3A%2F%2Fwww.nativetreesociety.org%2Ffieldtrips%2Fpenna%2Ferie_bluffs_state_park.htm","N"
"Black Cherry","Prunus serotina var. serotina","Pennsylvania","Erie","Glenwood Park","","","","","120394","1","","","800.0 ft","Public","99.1'","Clinometer/laser rangefinder/sine","7.0'","84''","","Height is Not Less Than (NLT)","Dale Luthringer","2003-05-05","http%3A%2F%2Fwww.nativetreesociety.org%2Ffieldtrips%2Fpenna%2Fglenwood_park_woods.htm","N"
"Black Cherry","Prunus serotina var. serotina","Pennsylvania","Erie","Gudgeonville And Upstream Of Route 98 Bridge","","","","","120184","1","","","","Private","91.4'","Clinometer/laser rangefinder/sine","6.2'","74''","","","Dale Luthringer","2009-11-10","http%3A%2F%2Fwww.ents-bbs.org%2Fviewtopic.php%3Ff%3D148%26t%3D760%23p2369","N"
"Black Cherry","Prunus serotina var. serotina","Pennsylvania","Erie","Lake Erie Community Park","","","","","138566","1","","","","Public","97.1'","Clinometer/laser rangefinder/sine","6.7'","80''","","","Dale Luthringer","2004-01-07","http%3A%2F%2Fwww.nativetreesociety.org%2Ffieldtrips%2Fpenna%2Flake_erie_community_park.htm","N"
"Black Cherry","Prunus serotina var. serotina","Pennsylvania","Erie","Lake Erie Community Park","","","","","138567","1","","","","Public","108.6'","Clinometer/laser rangefinder/sine","5.4'","65''","","","Dale Luthringer","2004-01-07","http%3A%2F%2Fwww.nativetreesociety.org%2Ffieldtrips%2Fpenna%2Flake_erie_community_park.htm","N"
"Black Cherry","Prunus serotina var. serotina","Pennsylvania","Erie","Lake Shore Country Club","","","","","138807","1","","","","Private","93.8'","Clinometer/laser rangefinder/sine","","","","","Dale Luthringer","2008-10-01","http%3A%2F%2Fwww.nativetreesociety.org%2Ffieldtrips%2Fpenna%2Flakeshorecountryclub.htm","N"
"Black Cherry","Prunus serotina var. serotina","Pennsylvania","Erie","Lake Shore Country Club","","","","","138808","1","","","","Private","97.0'","Clinometer/laser rangefinder/sine","","","","","Dale Luthringer","2008-10-01","http%3A%2F%2Fwww.nativetreesociety.org%2Ffieldtrips%2Fpenna%2Flakeshorecountryclub.htm","N"
"Black Cherry","Prunus serotina var. serotina","Pennsylvania","Erie","Lake Shore Country Club","","","","","138809","1","","","","Private","102.6'","Clinometer/laser rangefinder/sine","6.3'","76''","","","Dale Luthringer","2008-10-01","http%3A%2F%2Fwww.nativetreesociety.org%2Ffieldtrips%2Fpenna%2Flakeshorecountryclub.htm","N"
"Black Cherry","Prunus serotina var. serotina","Pennsylvania","Erie","Lake Shore Country Club","","","","","138810","1","","","","Private","111.1'","Clinometer/laser rangefinder/sine","8.1'","97''","","Height is Not Less Than (NLT).","Dale Luthringer","2008-10-01","http%3A%2F%2Fwww.nativetreesociety.org%2Ffieldtrips%2Fpenna%2Flakeshorecountryclub.htm","N"
"Black Cherry","Prunus serotina var. serotina","Pennsylvania","Erie","Presque Isle State Park","","","","","138860","1","","","","Public","60.0'","Clinometer/laser rangefinder/sine","3.4'","41''","","","Edward Frank","2009-08-24","http%3A%2F%2Fwww.nativetreesociety.org%2Ffieldtrips%2Fpenna%2F20090826-presqueisle%2Fpresque_isle_state_park.htm","N"
"Black Cherry","Prunus serotina var. serotina","Pennsylvania","Erie","Scott Community Park","","","Post of 4/12/2004 for trips on 3/19/2004, 4/9/2004","","139015","1","","","","Public","81.0'","Clinometer/laser rangefinder/sine","7.0'","84''","","","Dale Luthringer","2004-04-12","http%3A%2F%2Fwww.nativetreesociety.org%2Ffieldtrips%2Fpenna%2Fscott_community_park.htm","N"
"Black Cherry","Prunus serotina var. serotina","Pennsylvania","Erie","Scott Community Park","","","Post of 4/12/2004 for trips on 3/19/2004, 4/9/2004","","139016","1","","","","Public","103.7'","Clinometer/laser rangefinder/sine","9.4'","113''","","","Dale Luthringer","2004-04-12","http%3A%2F%2Fwww.nativetreesociety.org%2Ffieldtrips%2Fpenna%2Fscott_community_park.htm","N"
"Black Cherry","Prunus serotina var. serotina","Pennsylvania","Erie","Scott Community Park","","","Post of 4/12/2004 for trips on 3/19/2004, 4/9/2004","","139017","1","","","","Public","105.1'","Clinometer/laser rangefinder/sine","8.1'","97''","","Height is Not Less Than (NLT)","Dale Luthringer","2004-04-12","http%3A%2F%2Fwww.nativetreesociety.org%2Ffieldtrips%2Fpenna%2Fscott_community_park.htm","N"
"Black Cherry","Prunus serotina var. serotina","Pennsylvania","Erie","Scott Community Park","","","Post of 4/12/2004 for trips on 3/19/2004, 4/9/2004","","139018","1","","","","Public","107.9'","Clinometer/laser rangefinder/sine","","","","","Dale Luthringer","2004-04-12","http%3A%2F%2Fwww.nativetreesociety.org%2Ffieldtrips%2Fpenna%2Fscott_community_park.htm","N"
"Black Cherry","Prunus serotina var. serotina","Pennsylvania","Erie","Scott Community Park","","","Post of 4/12/2004 for trips on 3/19/2004, 4/9/2004","","139019","1","","","","Public","111.7'","Clinometer/laser rangefinder/sine","","","","","Dale Luthringer","2004-04-12","http%3A%2F%2Fwww.nativetreesociety.org%2Ffieldtrips%2Fpenna%2Fscott_community_park.htm","N"
"Black Cherry","Prunus serotina var. serotina","Pennsylvania","Erie","Sixteen Mile Run","","","","","138866","1","","","","Private","91.6'","Clinometer/laser rangefinder/sine","","","","","Dale Luthringer, Edward Frank","2009-09-21","http%3A%2F%2Fgroups.google.com%2Fgroup%2Fentstrees%2Fbrowse_thread%2Fthread%2F345dd3f3acf40465%3Fhl%3Den","N"
"Black Cherry","Prunus serotina var. serotina","Pennsylvania","Erie","Sixteen Mile Run","","","","","138867","1","","","","Private","96.0'","Clinometer/laser rangefinder/sine","8.8'","106''","","","Dale Luthringer, Edward Frank","2009-09-21","http%3A%2F%2Fgroups.google.com%2Fgroup%2Fentstrees%2Fbrowse_thread%2Fthread%2F345dd3f3acf40465%3Fhl%3Den","N"
"Black Cherry","Prunus serotina var. serotina","Pennsylvania","Erie","Sixteen Mile Run","","","","","138868","1","","","","Private","108.1'","Clinometer/laser rangefinder/sine","4.9'","59''","","","Dale Luthringer, Edward Frank","2009-09-21","http%3A%2F%2Fgroups.google.com%2Fgroup%2Fentstrees%2Fbrowse_thread%2Fthread%2F345dd3f3acf40465%3Fhl%3Den","N"
"Black Cherry","Prunus serotina var. serotina","Pennsylvania","Erie","State Game Lands 155","","","","","138776","1","","","","Public","81.1'","Clinometer/laser rangefinder/sine","11.0'","132''","","Height is Not Less Than (NLT).
Field boundary tree.","Dale Luthringer","2008-04-17","http%3A%2F%2Fwww.nativetreesociety.org%2Ffieldtrips%2Fpenna%2Fsgl_155_pa.htm","N"
"Black Cherry","Prunus serotina var. serotina","Pennsylvania","Erie","State Game Lands 155","","","","","138777","1","","","","Public","112.1'","Clinometer/laser rangefinder/sine","10.5'","126''","","","Dale Luthringer","2008-04-17","http%3A%2F%2Fwww.nativetreesociety.org%2Ffieldtrips%2Fpenna%2Fsgl_155_pa.htm","N"
"Black Cherry","Prunus serotina var. serotina","Pennsylvania","Erie","Walnut Creek Gorge","","","See post of 3/18/2008 for trips on 12/28/2007, 12/31/2007.
See post of 9/9/2008 for trips on 3/28/2008, 4/4/2008.","","140111","1","","","","Private","97.2'","Clinometer/laser rangefinder/sine","","","","","Dale Luthringer","2008-03-18","http%3A%2F%2Fwww.nativetreesociety.org%2Ffieldtrips%2Fpenna%2Fwalnut_creek_pa_update.htm","N"
"Black Cherry","Prunus serotina var. serotina","Pennsylvania","Erie","Walnut Creek Gorge","","","See post of 3/18/2008 for trips on 12/28/2007, 12/31/2007.
See post of 9/9/2008 for trips on 3/28/2008, 4/4/2008.","","140112","1","","","","Private","102.1'","Clinometer/laser rangefinder/sine","","","","","Dale Luthringer","2008-03-18","http%3A%2F%2Fwww.nativetreesociety.org%2Ffieldtrips%2Fpenna%2Fwalnut_creek_pa_update.htm","N"
"Black Cherry","Prunus serotina var. serotina","Pennsylvania","Erie","Walnut Creek Gorge","","","See post of 3/18/2008 for trips on 12/28/2007, 12/31/2007.
See post of 9/9/2008 for trips on 3/28/2008, 4/4/2008.","","138514","1","","","","Private","106.6'","Clinometer/laser rangefinder/sine","8.2'","98''","","","Dale Luthringer","2004-02-08","http%3A%2F%2Fwww.nativetreesociety.org%2Ffieldtrips%2Fpenna%2Fwalnut_creek_pa_update.htm","N"
"Black Cherry","Prunus serotina var. serotina","Pennsylvania","Erie","Wintergreen Gorge","","","Trips were made 7/2/2003, 9/5/2003,10/10/2003,
11/3/2003,5/24/2004,10/15/2004","","120267","1","","","","Public","121.3'","Clinometer/laser rangefinder/sine","8.8'","106''","","","Dale Luthringer","2003-07-02","","N"
"Black Cherry","Prunus serotina var. serotina","Pennsylvania","Fayette","Along Great Gorge Trail","","","This area includes a 2.4 mile section along the trail from Cucumber Falls to the Railroad Trestle.  32 acres with about 16 acres Old Growth","","167656","1","","","","Public - State Park","106.1'","Clinometer/laser rangefinder/sine","4.7'","56''","","Height is Not Less Than (NLT)","Dale Luthringer","2008-03-26","http%3A%2F%2Fgroups.google.com%2Fgroup%2Fentstrees%2Fbrowse_thread%2Fthread%2F4b65935fe745fc78%3Fhl%3Den","N"
"Black Cherry","Prunus serotina var. serotina","Pennsylvania","Fayette","Along Great Gorge Trail","","","This area includes a 2.4 mile section along the trail from Cucumber Falls to the Railroad Trestle.  32 acres with about 16 acres Old Growth","","167648","1","","","","Public - State Park","115.0'","Clinometer/laser rangefinder/sine","","","","Height is +/- ?","Dale Luthringer","2007-05-17","http%3A%2F%2Fgroups.google.com%2Fgroup%2Fentstrees%2Fbrowse_thread%2Fthread%2F4b65935fe745fc78%3Fhl%3Den","N"
"Black Cherry","Prunus serotina var. serotina","Pennsylvania","Fayette","Along Great Gorge Trail","","","This area includes a 2.4 mile section along the trail from Cucumber Falls to the Railroad Trestle.  32 acres with about 16 acres Old Growth","","167657","1","","","","Public - State Park","123.5'","Clinometer/laser rangefinder/sine","6.5'","78''","","","Dale Luthringer","2008-03-26","http%3A%2F%2Fgroups.google.com%2Fgroup%2Fentstrees%2Fbrowse_thread%2Fthread%2F4b65935fe745fc78%3Fhl%3Den","N"
"Black Cherry","Prunus serotina var. serotina","Pennsylvania","Fayette","Along Great Gorge Trail","","","This area includes a 2.4 mile section along the trail from Cucumber Falls to the Railroad Trestle.  32 acres with about 16 acres Old Growth","","167658","1","","","","Public - State Park","123.8'","Clinometer/laser rangefinder/sine","5.9'","71''","","","Dale Luthringer","2008-03-26","http%3A%2F%2Fgroups.google.com%2Fgroup%2Fentstrees%2Fbrowse_thread%2Fthread%2F4b65935fe745fc78%3Fhl%3Den","N"
"Black Cherry","Prunus serotina var. serotina","Pennsylvania","Fayette","Along Great Gorge Trail","39 52.144","-079 30.209","This area includes a 2.4 mile section along the trail from Cucumber Falls to the Railroad Trestle.  32 acres with about 16 acres Old Growth","","167659","1","39 52.144","-079 30.209","1400.0 ft","Public - State Park","125.4'","Clinometer/laser rangefinder/sine","7.3'","88''","","","Dale Luthringer","2008-03-26","http%3A%2F%2Fgroups.google.com%2Fgroup%2Fentstrees%2Fbrowse_thread%2Fthread%2F4b65935fe745fc78%3Fhl%3Den","N"
"Black Cherry","Prunus serotina var. serotina","Pennsylvania","Fayette","Hewitt Island","","","Island is in the Youghiogheny River near Perryopolis.","","224740","1","","","","Public","116.0'","Clinometer/laser rangefinder/sine","6.7'","80''","","","Edward Franks, Steve Halow","2010-08-28","http%3A%2F%2Fwww.ents-bbs.org%2Fviewtopic.php%3Ff%3D154%26t%3D1279","N"
"Black Cherry","Prunus serotina var. serotina","Pennsylvania","Forest","CFSP-Cook Trail/Henry Run","","","","","144753","1","","","","Public-state","111.5'","Clinometer/laser rangefinder/sine","5.4'","65''","","","Dale Luthringer","2002-07-22","http%3A%2F%2Fwww.nativetreesociety.org%2Ffieldtrips%2Fpenna_cook_forest%2Fcook_forest_april05.htm","N"
"Black Cherry","Prunus serotina var. serotina","Pennsylvania","Forest","Hemlock Island","","","","","173804","1","","","1080.0 ft","Public - federal","87.1'","Clinometer/laser rangefinder/sine","6.8'","82''","","Height is Not Less Than (NLT)","Dale Luthringer, Edward Frank","2008-07-16","","N"
"Black Cherry","Prunus serotina var. serotina","Pennsylvania","Forest","Hemlock Island","","","","","173805","1","","","1080.0 ft","Public - federal","95.0'","Clinometer/laser rangefinder/sine","5.2'","62''","","","Dale Luthringer, Edward Frank","2008-07-16","","N"
"Black Cherry","Prunus serotina var. serotina","Pennsylvania","Forest","Hemlock Island","","","","","173806","1","","","1080.0 ft","Public - federal","101.0'","Clinometer/laser rangefinder/sine","6.7'","80''","","","Dale Luthringer, Edward Frank","2008-07-16","","N"
"Black Cherry","Prunus serotina var. serotina","Pennsylvania","Forest","King Pennisular","","","","","139099","1","","","1020.0 ft","Public - National Forest","48.0'","Clinometer/laser rangefinder/sine","3.2'","38''","","","Edwad Frank","2009-11-02","","N"
"Black Cherry","Prunus serotina var. serotina","Pennsylvania","Greene","Ryerson Station State Park","","","1.164 acres","","167623","1","","","1140.0 ft","Publc - State","117.0'","Clinometer/laser rangefinder/sine","","","","","Steve Halow","2011-03-27","","N"
"Black Cherry","Prunus serotina var. serotina","Pennsylvania","Jefferson","Clear Creek State Park","","","","","119245","1","","","","Public - state","116.2'","Clinometer/laser rangefinder/sine","6.5'","78''","","Along River Trail","Dale Luthringer","2005-10-25","","N"
"Black Cherry","Prunus serotina var. serotina","Pennsylvania","Jefferson","Clear Creek State Park","","","","","119246","1","","","","Public - state","118.7'","Clinometer/laser rangefinder/sine","8.5'","102''","","Along River Trail","Dale Luthringer","2005-10-25","","N"
"Black Cherry","Prunus serotina var. serotina","Pennsylvania","Jefferson","Reynoldsville","","","","","169450","1","","","","Private","77.0'","Clinometer/laser rangefinder/sine","3.3'","40''","","","Edward Frank","2011-05-06","","N"
"Black Cherry","Prunus serotina var. serotina","Pennsylvania","Lawrence","Mcconnells Mill State Park","","","","","117418","1","","","","Public - State Park","98.6'","Clinometer/laser rangefinder/sine","","","","Tree is along Kildoo Trail-North side
Height is Not Less Than(NTL)","Anthony Kelly","2006-01-07","","N"
"Black Cherry","Prunus serotina var. serotina","Pennsylvania","Lawrence","Mcconnells Mill State Park","","","","","117390","1","","","","Public - State Park","108.2'","Clinometer/laser rangefinder/sine","","","","","Anthony Kelly","2006-01-07","","N"
"Black Cherry","Prunus serotina var. serotina","Pennsylvania","Lawrence","Mcconnells Mill State Park","","","","","117391","1","","","","Public - State Park","116.3'","Clinometer/laser rangefinder/sine","","","","","Anthony Kelly","2006-01-07","","N"
"Black Cherry","Prunus serotina var. serotina","Pennsylvania","Lawrence","Pine Grove Wetland (Fen)","","","""Most of the shots were from underneath....""
Heights should be cosidered Not Less Than (NLT)","","171375","1","","","1150.0 ft","Private","81.0'","Clinometer/laser rangefinder/sine","4.7'","56''","","","Carl Harting, Edward Frank","2009-06-09","http%3A%2F%2Fgroups.google.com%2Fgroup%2Fentstrees%2Fbrowse_thread%2Fthread%2Fb6bd4a92bdd42239%3Fhl%3Den","N"
"Black Cherry","Prunus serotina var. serotina","Pennsylvania","Lawrence","Pine Grove Wetland (Fen)","","","""Most of the shots were from underneath....""
Heights should be cosidered Not Less Than (NLT)","","171388","1","","","1150.0 ft","Private","97.0'","Clinometer/laser rangefinder/sine","8.6'","103''","","","Carl Harting, Edward Frank","2009-06-09","http%3A%2F%2Fgroups.google.com%2Fgroup%2Fentstrees%2Fbrowse_thread%2Fthread%2Fb6bd4a92bdd42239%3Fhl%3Den","N"
"Black Cherry","Prunus serotina var. serotina","Pennsylvania","Lawrence","Pine Grove Wetland (Fen)","","","""Most of the shots were from underneath....""
Heights should be cosidered Not Less Than (NLT)","","171379","1","","","1150.0 ft","Private","101.0'","Clinometer/laser rangefinder/sine","8.3'","100''","","","Carl Harting, Edward Frank","2009-06-09","http%3A%2F%2Fgroups.google.com%2Fgroup%2Fentstrees%2Fbrowse_thread%2Fthread%2Fb6bd4a92bdd42239%3Fhl%3Den","N"
"Black Cherry","Prunus serotina var. serotina","Pennsylvania","Lawrence","Pine Grove Wetland (Fen)","","","""Most of the shots were from underneath....""
Heights should be cosidered Not Less Than (NLT)","","171382","1","","","1150.0 ft","Private","101.0'","Clinometer/laser rangefinder/sine","8.3'","100''","","","Carl Harting, Edward Frank","2009-06-09","http%3A%2F%2Fgroups.google.com%2Fgroup%2Fentstrees%2Fbrowse_thread%2Fthread%2Fb6bd4a92bdd42239%3Fhl%3Den","N"
"Black Cherry","Prunus serotina var. serotina","Pennsylvania","Lawrence","Pine Grove Wetland (Fen)","","","""Most of the shots were from underneath....""
Heights should be cosidered Not Less Than (NLT)","","171404","1","","","1150.0 ft","Private","102.0'","Clinometer/laser rangefinder/sine","10.1'","121''","","","Carl Harting, Edward Frank","2009-06-09","http%3A%2F%2Fgroups.google.com%2Fgroup%2Fentstrees%2Fbrowse_thread%2Fthread%2Fb6bd4a92bdd42239%3Fhl%3Den","N"
"Black Cherry","Prunus serotina var. serotina","Pennsylvania","Lawrence","Pine Grove Wetland (Fen)","","","""Most of the shots were from underneath....""
Heights should be cosidered Not Less Than (NLT)","","171410","1","","","1150.0 ft","Private","102.0'","Clinometer/laser rangefinder/sine","9.9'","119''","","","Carl Harting, Edward Frank","2009-06-09","http%3A%2F%2Fgroups.google.com%2Fgroup%2Fentstrees%2Fbrowse_thread%2Fthread%2Fb6bd4a92bdd42239%3Fhl%3Den","N"
"Black Cherry","Prunus serotina var. serotina","Pennsylvania","Lawrence","Pine Grove Wetland (Fen)","","","""Most of the shots were from underneath....""
Heights should be cosidered Not Less Than (NLT)","","171383","1","","","1150.0 ft","Private","109.5'","Clinometer/laser rangefinder/sine","8.4'","101''","","","Carl Harting, Edward Frank","2009-06-09","http%3A%2F%2Fgroups.google.com%2Fgroup%2Fentstrees%2Fbrowse_thread%2Fthread%2Fb6bd4a92bdd42239%3Fhl%3Den","N"
"Black Cherry","Prunus serotina var. serotina","Pennsylvania","Luzerne","Glens Natural Area","","","","","128968","1","","","","Public - State Park","96.2'","Clinometer/laser rangefinder/sine","7.4'","89''","","","Dale Luthringer","2003-11-06","","N"
"Black Cherry","Prunus serotina var. serotina","Pennsylvania","Mckean","Marilla Reservoir","","","Trees were also measured 9/2009.","","119227","1","","","","Public - sate","95.7'","Clinometer/laser rangefinder/sine","5.7'","68''","","","Dale Luthringer","2006-04-03","","N"
"Black Cherry","Prunus serotina var. serotina","Pennsylvania","Mckean","Marilla Reservoir","","","Trees were also measured 9/2009.","","119006","1","","","","Public - sate","113.9'","Clinometer/laser rangefinder/sine","7.1'","85''","","","Dale Luthringer, John Stoneman, Patrick Connelly","2009-10-15","","N"
"Black Cherry","Prunus serotina var. serotina","Pennsylvania","Mckean","Marilla Reservoir","","","Trees were also measured 9/2009.","","119228","1","","","","Public - sate","113.9'","Clinometer/laser rangefinder/sine","7.1'","85''","","","Dale Luthringer","2006-04-03","","N"
"Black Cherry","Prunus serotina var. serotina","Pennsylvania","Mckean","Tionesta Scenic Area","41 39.145","-078 57.035","","","119317","2","41 39.145","-078 57.035","","Public - federal","109.0'","Clinometer/laser rangefinder/sine","10.9'","131''","","Height is Not Less Than (NLT)","Dale Luthringer, Carl Harting, Anthony Kelly, Dale Luthringer","2007-11-13","","N"
"Black Cherry","Prunus serotina var. serotina","Pennsylvania","Mckean","Tionesta Scenic Area","41 37.694","-078 56.471","","","119306","1","41 37.694","-078 56.471","","Public - federal","109.5'","Clinometer/laser rangefinder/sine","9.3'","112''","","","Dale Luthringer, Kirk Johnson","2014-04-08","","N"
"Black Cherry","Prunus serotina var. serotina","Pennsylvania","Mckean","Tionesta Scenic Area","41 38.616","-078 56.613","","","119307","1","41 38.616","-078 56.613","","Public - federal","118.5'","Clinometer/laser rangefinder/sine","9.0'","108''","","","Anthony Kelly","2007-04-23","","N"
"Black Cherry","Prunus serotina var. serotina","Pennsylvania","Mckean","Tionesta Scenic Area","41 39.161","-078 57.074","","","119318","2","41 39.161","-078 57.074","","Public - federal","123.1'","Clinometer/laser rangefinder/sine","","","","Height is Not LESS Than (NLT). Tree is a multi-stem.","Dale Luthringer, Carl Harting, Anthony Kelly, Dale Luthringer","2007-11-13","","N"
"Black Cherry","Prunus serotina var. serotina","Pennsylvania","Mckean","Tionesta Scenic Area","","","","","119308","1","","","","Public - federal","129.0'","Clinometer/laser rangefinder/sine","","","","Height is Not Less Than (NLT)","Anthony Kelly","2007-04-23","","N"
"Black Cherry","Prunus serotina var. serotina","Pennsylvania","Montgomery","John James Audobon Center At Mill Grove","","","130 Acres with nine miles of trails.
Trees were also measured on 12/14/2008.","","134293","1","","","","Private","83.6'","Clinometer/laser rangefinder/sine","5.3'","64''","","","George Fieo","2008-12-05","http%3A%2F%2Fwww.nativetreesociety.org%2Ffieldtrips%2Fpenna%2Fpa_audubon_wildlife_sanctuary.htm","N"
"Black Cherry","Prunus serotina var. serotina","Pennsylvania","Montgomery","John James Audobon Center At Mill Grove","","","130 Acres with nine miles of trails.
Trees were also measured on 12/14/2008.","","134309","1","","","","Private","85.6'","Clinometer/laser rangefinder/sine","4.5'","54''","","","George Fieo","2008-12-05","http%3A%2F%2Fwww.nativetreesociety.org%2Ffieldtrips%2Fpenna%2Fpa_audubon_wildlife_sanctuary.htm","N"
"Black Cherry","Prunus serotina var. serotina","Pennsylvania","Sullivan","Ricketts Glen State Park","","","Trees measured were probably made throughout the park and represent maximum heights of 50 species.","","222036","1","","","","Public State Park","136.4'","Clinometer/laser rangefinder/sine","7.0'","84''","","","Rick Koval","2013-12-31","http%3A%2F%2Fwww.ents-bbs.org%2Fviewtopic.php%3Ff%3D150%26t%3D6078","N"
"Black Cherry","Prunus serotina var. serotina","Pennsylvania","Susquehanna","Fall Brook Natural Area","","","State owns 405 Acres, Friends of Salt Spring State Park own another 437 acres and all acreage is managed by the Friends. 30 acres in front of and in the gorge along Fall Brook is a designated Natural Area.","","149651","1","","","","Public and Private","92.3'","Clinometer/laser rangefinder/sine","8.1'","97''","","","George Fieo","2012-11-12","http%3A%2F%2Fwww.ents-bbs.org%2Fviewtopic.php%3Ff%3D150%26t%3D5906%23p26580","N"
"Black Cherry","Prunus serotina var. serotina","Pennsylvania","Susquehanna","Fall Brook Natural Area","","","State owns 405 Acres, Friends of Salt Spring State Park own another 437 acres and all acreage is managed by the Friends. 30 acres in front of and in the gorge along Fall Brook is a designated Natural Area.","","149652","1","","","","Public and Private","112.9'","Clinometer/laser rangefinder/sine","9.1'","109''","","","George Fieo","2012-11-12","http%3A%2F%2Fwww.ents-bbs.org%2Fviewtopic.php%3Ff%3D150%26t%3D5906%23p26580","N"
"Black Cherry","Prunus serotina var. serotina","Pennsylvania","Various Counties","Pennsylvania Single Tree Sites","39 53.538","-075 34.977","","","255929","1","39 53.538","-075 34.977","400.0 ft","Public, Private","72.8'","Clinometer/laser rangefinder/sine","15.6'","187''","84.0'","Measured by S. Wade 8/2006.
Girth taken at 3'. Crown spread is an average.
Tree located at 719 Brinton's Bridge Road, near West Chester, Chester County","Various Various","2000-01-01","","N"
"Black Cherry","Prunus serotina var. serotina","Pennsylvania","Various Counties","Pennsylvania Single Tree Sites","42 07.753","-080 05.104","","","255876","1","42 07.753","-080 05.104","","Public, Private","82.5'","Clinometer/laser rangefinder/sine","","","","Measured by D. Luthringer 12/24/2007 North Plateau Cemetery, Erie, Erie County.
Tree is a fused multistem at 16.3'","Various Various","2000-01-01","","N"
"Black Cherry","Prunus serotina var. serotina","Pennsylvania","Venango","Oil Creek State Park","","","","","119209","1","","","","Public - state","95.7'","Clinometer/laser rangefinder/sine","","","","","Dale Luthringer","2008-01-30","","N"
"Black Cherry","Prunus serotina var. serotina","Pennsylvania","Venango","Oil Creek State Park","","","","","119210","1","","","","Public - state","96.9'","Clinometer/laser rangefinder/sine","","","","","Dale Luthringer","2008-01-30","","N"
"Black Cherry","Prunus serotina var. serotina","Pennsylvania","Warren","Anders Run Natural Area","","","","","119596","1","","","1200.0 ft","State - public","121.8'","Clinometer/laser rangefinder/sine","6.6'","79''","","","Dale Luthringer","2002-11-22","","N"
"Black Cherry","Prunus serotina var. serotina","Pennsylvania","Warren","Buckaloons Recreation Area","","","USFS Campground","","139968","1","","","1150.0 ft","Public -federal","84.1'","Clinometer/laser rangefinder/sine","","","","Height is Not Less Than. Tree is a multi-atem","Dale Luthringer, Edward Frank, Carl Harting","2011-04-13","","N"
"Black Cherry","Prunus serotina var. serotina","Pennsylvania","Warren","Crull's Island","","","","","139112","1","","","1160.0 ft","Public - National Forest","75.0'","Clinometer/laser rangefinder/sine","7.4'","89''","","","Dale Luthringer, Edward Frank, Carl Harting","2009-04-02","","N"
"Black Cherry","Prunus serotina var. serotina","Pennsylvania","Warren","Crull's Island","","","","","120874","1","","","1160.0 ft","Public - National Forest","84.1'","Clinometer/laser rangefinder/sine","7.3'","88''","","Height is Not Less Than (NLT)","Dale Luthringer","2004-09-07","","N"
"Black Cherry","Prunus serotina var. serotina","Pennsylvania","Warren","Firth Foundation","","","","","118966","1","","","","Private","114.9'","Clinometer/laser rangefinder/sine","6.8'","82''","","","Dale Luthringer","2009-11-20","http%3A%2F%2Fwww.ents-bbs.org%2Fviewtopic.php%3Ff%3D149%26t%3D1158","N"
"Black Cherry","Prunus serotina var. serotina","Pennsylvania","Warren","Hearts Content National Scenic Area","","","","","119487","1","","","1900.0 ft","Public - federal","104.6'","Clinometer/laser rangefinder/sine","","","","","Dale Luthringer","2002-10-31","","N"
"Black Cherry","Prunus serotina var. serotina","Pennsylvania","Warren","Hearts Content National Scenic Area","","","","","119488","1","","","1900.0 ft","Public - federal","106.4'","Clinometer/laser rangefinder/sine","4.6'","55''","","Height is Not Less Than (NLT)","Dale Luthringer","2002-10-31","","N"
"Black Cherry","Prunus serotina var. serotina","Pennsylvania","Warren","Hearts Content National Scenic Area","41 41.502","-079 15.001","","","212328","1","41 41.502","-079 15.001","1900.0 ft","Public - federal","109.0'","Clinometer/laser rangefinder/sine","10.9'","131''","","Height is Not Less Than (NLT)","Dale Luthringer, Carl Harting","2007-11-11","","N"
"Black Cherry","Prunus serotina var. serotina","Pennsylvania","Warren","Hearts Content National Scenic Area","","","","","119439","1","","","1900.0 ft","Public - federal","116.9'","Clinometer/laser rangefinder/sine","","","","tree is a multi-stem.","Tom Howard, Jack Unknown","2014-08-21","","N"
"Black Cherry","Prunus serotina var. serotina","Pennsylvania","Warren","Hearts Content National Scenic Area","","","","","212329","1","","","1900.0 ft","Public - federal","123.1'","Clinometer/laser rangefinder/sine","","","","Height is Not Less Than (NLT). Multi-stem tree.","Dale Luthringer, Carl Harting","2007-11-11","","N"
"Black Cherry","Prunus serotina var. serotina","Pennsylvania","Warren","Thompson's Island","","","","","140024","1","","","1140.0 ft","Public - federal","88.9'","Clinometer/laser rangefinder/sine","4.3'","52''","","","Dale Luthringer, Edward Frank","2007-09-03","","N"
"Black Cherry","Prunus serotina var. serotina","Pennsylvania","Westmoreland","Keystone State Park","","","Trees were measured in four different areas of the park from 9/16/2005 to 3/7/2008.","","119178","1","","","","Public - state","109.0'","Clinometer/laser rangefinder/sine","","","","Height is Not Less Than (NLT)","Dale Luthringer","2008-03-07","","N"
"Black Cherry","Prunus serotina var. serotina","Pennsylvania","Westmoreland","Keystone State Park","","","Trees were measured in four different areas of the park from 9/16/2005 to 3/7/2008.","","119179","1","","","","Public - state","112.8'","Clinometer/laser rangefinder/sine","5.2'","62''","","","Dale Luthringer","2008-03-07","","N"
"Black Cherry","Prunus serotina var. serotina","Tennessee","Benton","Nathan Bedford Forrest State Park","36 05.779","-087 58.560","","","322156","1","36 05.779","-087 58.560","515.0 ft","Public","113.0'","Clinometer/laser rangefinder/sine","4.4'","53''","","","Elijah Whitcomb","2025-04-19","","N"
"Black Cherry","Prunus serotina var. serotina","Tennessee","Davidson","Edwin & Percy Warner Parks","36 03.533","-086 54.868","","","315783","1","36 03.533","-086 54.868","670.0 ft","Public","112.3'","Clinometer/laser rangefinder/sine","7.9'","95''","","","Elijah Whitcomb","2024-01-28","","N"
"Black Cherry","Prunus serotina var. serotina","Tennessee","Davidson","Edwin & Percy Warner Parks","36 03.417","-086 54.418","","","315782","1","36 03.417","-086 54.418","795.0 ft","Public","112.5'","Clinometer/laser rangefinder/sine","5.0'","60''","","","Elijah Whitcomb","2024-01-28","","N"
"Black Cherry","Prunus serotina var. serotina","Tennessee","Davidson","Greenwood Cemetery Nashville","36 08.788","-086 43.550","","","315461","1","36 08.788","-086 43.550","545.0 ft","Public","85.8'","Clinometer/laser rangefinder/sine","10.7'","128''","","","Elijah Whitcomb","2024-02-04","","N"
"Black Cherry","Prunus serotina var. serotina","Tennessee","Davidson","Nashville City Cemetery","36 08.786","-086 46.123","","","315455","1","36 08.786","-086 46.123","440.0 ft","Public","77.2'","Clinometer/laser rangefinder/sine","9.0'","108''","","","Elijah Whitcomb","2024-02-04","","N"
"Black Cherry","Prunus serotina var. serotina","Tennessee","Davidson","Radnor Lake State Park","36 03.864","-086 47.609","","","323283","1","36 03.864","-086 47.609","895.0 ft","Public","118.7'","Clinometer/laser rangefinder/sine","","","","","Elijah Whitcomb","2026-01-10","","N"
"Black Cherry","Prunus serotina var. serotina","Tennessee","Davidson","Radnor Lake State Park","36 03.896","-086 47.723","","","323320","1","36 03.896","-086 47.723","965.0 ft","Public","139.2'","Clinometer/laser rangefinder/sine","6.2'","74''","","","Elijah Whitcomb","2026-01-10","","N"
"Black Cherry","Prunus serotina var. serotina","Tennessee","Davidson","Timberland Park/Big East Fork Reserve","35 58.927","-087 00.533","","","315540","1","35 58.927","-087 00.533","770.0 ft","Public/Private","124.8'","Clinometer/laser rangefinder/sine","5.5'","66''","","","Elijah Whitcomb","2024-02-25","","N"
"Black Cherry","Prunus serotina var. serotina","Tennessee","Dekalb","Edgar Evins State Park","36 05.116","-085 48.831","","","320997","1","36 05.116","-085 48.831","880.0 ft","Public","133.1'","Clinometer/laser rangefinder/sine","6.5'","78''","","","Elijah Whitcomb","2025-02-01","","N"
"Black Cherry","Prunus serotina var. serotina","Tennessee","Dickson","Montgomery Bell State Park","","","","","323235","1","","","","Public","105.6'","Clinometer/laser rangefinder/sine","","","","","Elijah Whitcomb","2026-01-02","","N"
"Black Cherry","Prunus serotina var. serotina","Tennessee","Dickson","Montgomery Bell State Park","36 05.456","-087 17.245","","","323242","1","36 05.456","-087 17.245","705.0 ft","Public","113.0'","Clinometer/laser rangefinder/sine","8.9'","106''","","","Elijah Whitcomb","2026-01-02","","N"
"Black Cherry","Prunus serotina var. serotina","Tennessee","Franklin","College Of The South","35 10.932","-085 55.060","","","323418","1","35 10.932","-085 55.060","1875.0 ft","Public","102.8'","Clinometer/laser rangefinder/sine","6.7'","81''","","","Elijah Whitcomb","2026-02-28","","N"
"Black Cherry","Prunus serotina var. serotina","Tennessee","Franklin","Shakerag Hollow","35 12.746","-085 54.364","","","323438","1","35 12.746","-085 54.364","1655.0 ft","Private","130.8'","Clinometer/laser rangefinder/sine","5.8'","69''","","","Elijah Whitcomb","2026-02-28","","N"
"Black Cherry","Prunus serotina var. serotina","Tennessee","Grundy/Marion","Fiery Gizzard","35 14.601","-085 45.320","","","320125","1","35 14.601","-085 45.320","1700.0 ft","Public","103.3'","Clinometer/laser rangefinder/sine","4.4'","52''","","","Elijah Whitcomb","2024-11-30","","N"
"Black Cherry","Prunus serotina var. serotina","Tennessee","Lauderdale","Fort Pillow State Historic Park","35 38.467","-089 50.479","","","320383","1","35 38.467","-089 50.479","415.0 ft","Public","118.0'","Clinometer/laser rangefinder/sine","7.4'","89''","","","Elijah Whitcomb","2024-12-14","","N"
"Black Cherry","Prunus serotina var. serotina","Tennessee","Lauderdale","Fort Pillow State Historic Park","35 38.094","-089 50.721","","","320497","1","35 38.094","-089 50.721","355.0 ft","Public","126.7'","Clinometer/laser rangefinder/sine","8.9'","106''","","","Elijah Whitcomb","2024-12-14","","N"
"Black Cherry","Prunus serotina var. serotina","Tennessee","Lauderdale","Fort Pillow State Historic Park","35 37.608","-089 50.778","","","320446","1","35 37.608","-089 50.778","355.0 ft","Public","126.8'","Clinometer/laser rangefinder/sine","5.4'","65''","","","Elijah Whitcomb","2024-12-14","","N"
"Black Cherry","Prunus serotina var. serotina","Tennessee","Lawrence","David Crockett State Park","35 16.509","-087 21.980","","","312633","1","35 16.509","-087 21.980","995.0 ft","Public","108.3'","Clinometer/laser rangefinder/sine","","","","Double trunk","Elijah Whitcomb","2023-11-18","","N"
"Black Cherry","Prunus serotina var. serotina","Tennessee","Macon","Winding Stairs Park","36 30.986","-086 03.137","","","323376","1","36 30.986","-086 03.137","800.0 ft","Public","120.1'","Clinometer/laser rangefinder/sine","4.8'","58''","","","Elijah Whitcomb","2026-02-20","","N"
"Black Cherry","Prunus serotina var. serotina","Tennessee","Maury","Chickasaw Trace Park","35 40.288","-087 04.916","","","301168","1","35 40.288","-087 04.916","670.0 ft","Public","109.6'","Clinometer/laser rangefinder/sine","","","","","Elijah Whitcomb","2023-09-02","","N"
"Black Cherry","Prunus serotina var. serotina","Tennessee","Morgan","Frozen Head State Park","36 07.841","-084 27.546","","","323685","1","36 07.841","-084 27.546","2890.0 ft","Public","121.6'","Clinometer/laser rangefinder/sine","12.3'","148''","","","Elijah Whitcomb, Jess Riddle","2026-05-16","","N"
"Black Cherry","Prunus serotina var. serotina","Tennessee","Morgan","Frozen Head State Park","36 07.230","-084 27.239","","","323611","1","36 07.230","-084 27.239","2760.0 ft","Public","130.4'","Clinometer/laser rangefinder/sine","","","","","Elijah Whitcomb, Jess Riddle","2026-05-16","","N"
"Black Cherry","Prunus serotina var. serotina","Tennessee","Morgan","Frozen Head State Park","36 07.496","-084 26.777","","","323812","1","36 07.496","-084 26.777","2575.0 ft","Public","135.1'","Clinometer/laser rangefinder/sine","7.8'","94''","","","Elijah Whitcomb, Jess Riddle","2026-05-16","","N"
"Black Cherry","Prunus serotina var. serotina","Tennessee","Morgan","Frozen Head State Park","36 08.967","-084 27.647","","","323668","1","36 08.967","-084 27.647","3025.0 ft","Public","136.1'","Clinometer/laser rangefinder/sine","","","","","Elijah Whitcomb, Jess Riddle","2026-05-16","","N"
"Black Cherry","Prunus serotina var. serotina","Tennessee","Morgan","Frozen Head State Park","36 07.130","-084 29.388","","","323625","1","36 07.130","-084 29.388","1685.0 ft","Public","138.7'","Clinometer/laser rangefinder/sine","","","","","Elijah Whitcomb, Jess Riddle","2026-05-16","","N"
"Black Cherry","Prunus serotina var. serotina","Tennessee","Morgan","Frozen Head State Park","36 06.805","-084 28.824","","","323787","1","36 06.805","-084 28.824","2305.0 ft","Public","138.8'","Clinometer/laser rangefinder/sine","10.2'","122''","","","Elijah Whitcomb, Jess Riddle","2026-05-16","","N"
"Black Cherry","Prunus serotina var. serotina","Tennessee","Morgan","Frozen Head State Park","36 09.113","-084 27.739","","","323764","1","36 09.113","-084 27.739","2760.0 ft","Public","139.7'","Clinometer/laser rangefinder/sine","","","","Double trunk","Elijah Whitcomb, Jess Riddle","2026-05-16","","N"
"Black Cherry","Prunus serotina var. serotina","Tennessee","Morgan","Frozen Head State Park","36 07.090","-084 28.331","","","323830","1","36 07.090","-084 28.331","2750.0 ft","Public","140.7'","Clinometer/laser rangefinder/sine","8.9'","107''","","","Elijah Whitcomb, Jess Riddle","2026-05-16","","N"
"Black Cherry","Prunus serotina var. serotina","Tennessee","Morgan","Frozen Head State Park","36 06.814","-084 30.079","","","323786","1","36 06.814","-084 30.079","1990.0 ft","Public","141.1'","Clinometer/laser rangefinder/sine","4.8'","57''","","","Elijah Whitcomb, Jess Riddle","2026-05-16","","N"
"Black Cherry","Prunus serotina var. serotina","Tennessee","Morgan","Frozen Head State Park","36 08.706","-084 27.954","","","323763","1","36 08.706","-084 27.954","2425.0 ft","Public","141.4'","Clinometer/laser rangefinder/sine","6.4'","77''","","","Elijah Whitcomb, Jess Riddle","2026-05-16","","N"
"Black Cherry","Prunus serotina var. serotina","Tennessee","Morgan","Frozen Head State Park","36 09.383","-084 28.165","","","323746","1","36 09.383","-084 28.165","2745.0 ft","Public","142.3'","Clinometer/laser rangefinder/sine","","","","","Elijah Whitcomb, Jess Riddle","2026-05-16","","N"
"Black Cherry","Prunus serotina var. serotina","Tennessee","Morgan","Frozen Head State Park","36 07.931","-084 28.784","","","323654","1","36 07.931","-084 28.784","2345.0 ft","Public","142.5'","Clinometer/laser rangefinder/sine","7.3'","88''","","","Elijah Whitcomb, Jess Riddle","2026-05-16","","N"
"Black Cherry","Prunus serotina var. serotina","Tennessee","Morgan","Frozen Head State Park","36 07.079","-084 26.026","","","323706","1","36 07.079","-084 26.026","2220.0 ft","Public","148.7'","Clinometer/laser rangefinder/sine","","","","Double trunk","Elijah Whitcomb, Jess Riddle","2026-05-16","","N"
"Black Cherry","Prunus serotina var. serotina","Tennessee","Scott","Big South Fork","36 27.398","-084 39.771","","","323542","1","36 27.398","-084 39.771","1165.0 ft","NPS","117.8'","Clinometer/laser rangefinder/sine","4.8'","58''","","","Elijah Whitcomb","2026-03-28","","N"
"Black Cherry","Prunus serotina var. serotina","Tennessee","Sevier","Burnt Mountain","35 38.910","-083 33.957","Trees measured in a group outing by B. Beduhn, R. Granade, J. Riddle, & E. Whitcomb","","322126","1","35 38.910","-083 33.957","2590.0 ft","Public","150.0'","Clinometer/laser rangefinder/sine","7.5'","90''","","","Brian Beduhn, Jess Riddle, Elijah Whitcomb","2025-04-13","","N"
"Black Cherry","Prunus serotina var. serotina","Tennessee","Sevier","Burnt Mountain","","","Trees measured in a group outing by B. Beduhn, R. Granade, J. Riddle, & E. Whitcomb","","322127","1","","","","Public","153.6'","Clinometer/laser rangefinder/sine","5.9'","71''","","","Brian Beduhn, Jess Riddle, Elijah Whitcomb","2025-04-13","","N"
"Black Cherry","Prunus serotina var. serotina","Tennessee","Sevier","Cole Creek","35 38.701","-083 27.989","","","318655","1","35 38.701","-083 27.989","4535.0 ft","Public","122.8'","Clinometer/laser rangefinder/sine","13.0'","155''","","","Elijah Whitcomb, Jess Riddle, Brian Beduhn","2024-08-17","","N"
"Black Cherry","Prunus serotina var. serotina","Tennessee","Sevier","Cucumber Gap","35 38.300","-083 33.899","","","322117","1","35 38.300","-083 33.899","3085.0 ft","Public","141.6'","Clinometer/laser rangefinder/sine","6.5'","78''","","","Brian Beduhn, Elijah Whitcomb","2025-04-13","","N"
"Black Cherry","Prunus serotina var. serotina","Tennessee","Sevier","Cucumber Gap","","","","","322118","1","","","","Public","141.7'","Clinometer/laser rangefinder/sine","","","","","Brian Beduhn, Elijah Whitcomb","2025-04-13","","N"
"Black Cherry","Prunus serotina var. serotina","Tennessee","Sevier","Cucumber Gap","","","","","322119","1","","","","Public","142.3'","Clinometer/laser rangefinder/sine","","","","","Brian Beduhn, Elijah Whitcomb","2025-04-13","","N"
"Black Cherry","Prunus serotina var. serotina","Tennessee","Sevier","Cucumber Gap","","","","","322120","1","","","","Public","143.2'","Clinometer/laser rangefinder/sine","","","","","Brian Beduhn, Elijah Whitcomb","2025-04-13","","N"
"Black Cherry","Prunus serotina var. serotina","Tennessee","Shelby","Meeman-Shelby Forest State Park","35 19.780","-090 03.552","","","321915","1","35 19.780","-090 03.552","250.0 ft","Public","116.3'","Clinometer/laser rangefinder/sine","4.5'","54''","","","Elijah Whitcomb","2025-02-13","","N"
"Black Cherry","Prunus serotina var. serotina","Tennessee","Stewart","Fort Donelson National Battlefield","36 29.246","-087 51.991","","","313519","1","36 29.246","-087 51.991","490.0 ft","Public","104.2'","Clinometer/laser rangefinder/sine","4.1'","49''","","","Elijah Whitcomb","2023-11-25","","N"
"Black Cherry","Prunus serotina var. serotina","Tennessee","Stewart","Fort Donelson National Battlefield","36 29.336","-087 51.803","","","313549","1","36 29.336","-087 51.803","485.0 ft","Public","114.2'","Clinometer/laser rangefinder/sine","4.7'","57''","","","Elijah Whitcomb","2023-11-25","","N"
"Black Cherry","Prunus serotina var. serotina","Tennessee","Stewart","Fort Donelson National Cemetery","36 29.437","-087 50.828","","","299314","1","36 29.437","-087 50.828","435.0 ft","Public","113.3'","Clinometer/laser rangefinder/sine","6.0'","72''","","","Elijah Whitcomb","2023-07-22","","N"
"Black Cherry","Prunus serotina var. serotina","Tennessee","Stewart","Fort Donelson National Cemetery","36 29.452","-087 50.840","","","299315","1","36 29.452","-087 50.840","420.0 ft","Public","125.1'","Clinometer/laser rangefinder/sine","7.3'","88''","","","Elijah Whitcomb","2023-07-22","","N"
"Black Cherry","Prunus serotina var. serotina","Tennessee","Van Buren","Fall Creek Falls State Resort Park","35 40.601","-085 21.611","","","257644","1","35 40.601","-085 21.611","1295.0 ft","Public","127.0'","Clinometer/laser rangefinder/sine","7.5'","90''","","","Elijah Whitcomb","2021-10-23","","N"
"Black Cherry","Prunus serotina var. serotina","Tennessee","Van Buren","Fall Creek Falls State Resort Park","","","","","257694","1","","","","Public","130.3'","Clinometer/laser rangefinder/sine","8.9'","107''","","","Elijah Whitcomb","2021-10-23","","N"
"Black Cherry","Prunus serotina var. serotina","Tennessee","Van Buren","Fall Creek Falls State Resort Park","35 41.281","-085 22.366","","","257720","1","35 41.281","-085 22.366","1200.0 ft","Public","131.7'","Clinometer/laser rangefinder/sine","","","","Base covered with burls","Elijah Whitcomb","2021-10-23","","N"
"Black Cherry","Prunus serotina var. serotina","Tennessee","Wilson","Cedars Of Lebanon State Park","36 05.086","-086 17.783","","","319059","1","36 05.086","-086 17.783","810.0 ft","Public","79.6'","Clinometer/laser rangefinder/sine","5.8'","70''","","","Elijah Whitcomb","2024-09-14","","N"
"Black Cherry","Prunus serotina var. serotina","Virginia","Fairfax","Turkey Run Park","","","Part of George Washington Memorial Parkway.","","168548","1","","","","Public-federal.","96.3'","Clinometer/laser rangefinder/sine","5.8'","70''","","","Darian Copiz","2017-03-17","http%3A%2F%2Fwww.ents-bbs.org%2Fviewtopic.php%3Ff%3D128%26t%3D7961","N"
"Black Cherry","Prunus serotina var. serotina","Virginia","Fairfax","Turkey Run Park","","","Part of George Washington Memorial Parkway.","","168547","1","","","","Public-federal.","107.8'","Clinometer/laser rangefinder/sine","5.6'","67''","","","Darian Copiz","2017-03-17","http%3A%2F%2Fwww.ents-bbs.org%2Fviewtopic.php%3Ff%3D128%26t%3D7961","N"
"Black Cherry","Prunus serotina var. serotina","West Virginia","54 Counties","West Virginia Historical Trees","","","Trees that have died or been removed.This is a State wide listing except for Wood County which is in a separate list.
All heights determined by Sine method  with laser/inclinometer. Some trees have height missing because it was never taken or the Sine method was not used. These trees were mostly measured 2008 and before.","","312123","1","","","","Public and Private","","Clinometer/laser rangefinder/sine","12.0'","145''","","Measured in 1963 for the West Virginia Centennial Big Tree Contest. Located near Hacker Valley, Webster County. Tree was removed 1986.","Various Various","1963-01-01","","N"
"Black Cherry","Prunus serotina var. serotina","West Virginia","54 Counties","West Virginia Single Tree Sites","38 45.525","-080 00.802","Wood County is listed separately.
Most measuremens made before 2010 do not include height because the the methods used from 1963 thrue 2009 were very inaccurate.","","313079","1","38 45.525","-080 00.802","2400.0 ft","Private & Publc","98.0'","Clinometer/laser rangefinder/sine","15.8'","189''","79.0'","Tree located in Randolph County near Helvetia.Measured by D. Cooley 2011. Crown spread is an average of two measurements.","Various Various","1963-01-01","","N"
"Black Cherry","Prunus serotina var. serotina","West Virginia","Fayette","Ansted Rail Trail","","","","","141319","1","","","1200.0 ft","Public - City of Ansted","99.5'","Clinometer/laser rangefinder/sine","","","","","Turner Sharp","2012-03-25","http%3A%2F%2Fwww.ents-bbs.org%2Fviewtopic.php%3Ff%3D131%26t%3D4282","N"
"Black Cherry","Prunus serotina var. serotina","West Virginia","Fayette","Coal Run","","","Located in New River Gorge Park & Preserve near Cunard, WV.  72,800 acres.","","296181","1","","","","Public - federal","105.6'","Clinometer/laser rangefinder/sine","4.8'","58''","","","Turner Sharp","2012-12-18","","N"
"Black Cherry","Prunus serotina var. serotina","West Virginia","Harrison","Seventh Day Baptist Church Cemetery","39 16.993","-080 33.301","","","162627","1","39 16.993","-080 33.301","1150.0 ft","Private","92.6'","Clinometer/laser rangefinder/sine","12.8'","154''","71.0'","","Turner Sharp","2010-01-01","","N"
"Black Cherry","Prunus serotina var. serotina","West Virginia","Kanawha","Sunrise Carriage Trail","","","","","141568","1","","","750.0 ft","Public- City","96.8'","Clinometer/laser rangefinder/sine","5.6'","67''","","","Turner Sharp","2014-03-13","http%3A%2F%2Fwww.ents-bbs.org%2Fviewtopic.php%3Ff%3D131%26t%3D6336","N"
"Black Cherry","Prunus serotina var. serotina","West Virginia","Lewis","Alum Bridge","","","","","137229","1","","","","Private","82.2'","Clinometer/laser rangefinder/sine","3.5'","42''","","","Carl Harting, Anthony Kelly, Russ Richardson","2006-03-25","http%3A%2F%2Fwww.nativetreesociety.org%2Ffieldtrips%2Fwest_virginia%2Fwiden%2Fwest_virginia_foray.htm","N"
"Black Cherry","Prunus serotina var. serotina","West Virginia","Lewis","Alum Bridge","","","","","137227","1","","","","Private","106.7'","Clinometer/laser rangefinder/sine","7.6'","91''","","","Carl Harting, Anthony Kelly, Russ Richardson","2006-03-25","http%3A%2F%2Fwww.nativetreesociety.org%2Ffieldtrips%2Fwest_virginia%2Fwiden%2Fwest_virginia_foray.htm","N"
"Black Cherry","Prunus serotina var. serotina","West Virginia","Mason","Craig - Douglas Cemetery","38 41.654","-081 57.106","Easily accessible from WV 62 near Buffalo","","177011","1","38 41.654","-081 57.106","","Private","86.7'","Clinometer/laser rangefinder/sine","8.5'","102''","","Tree is just outside fence surrounding the cemetery","Turner Sharp","2019-01-26","","N"
"Black Cherry","Prunus serotina var. serotina","West Virginia","Monongalia","Cheat Lake","","","","","187575","1","","","","Public","136.5'","Clinometer/laser rangefinder/sine","6.8'","82''","","Height is Not Less Than (NLT)","Steve Harlow","2018-12-12","http%3A%2F%2Fwww.ents-bbs.org%2Fviewtopic.php%3Ff%3D131%26t%3D8441","N"
"Black Cherry","Prunus serotina var. serotina","West Virginia","Monongalia","Granville Island Floodplain Forest","39 38.683","-079 58.904","","","150754","1","39 38.683","-079 58.904","800.0 ft","Public - state","100.0'","Clinometer/laser rangefinder/sine","7.4'","89''","","","Turner Sharp","2016-12-07","","N"
"Black Cherry","Prunus serotina var. serotina","West Virginia","Nicholas","Widen","","","","","84367","1","","","","Private","110.7'","Clinometer/laser rangefinder/sine","","","","Double at 5.2'","Carl Harting, Anthony Kelly, Russ Richardson","2006-03-26","","N"
"Black Cherry","Prunus serotina var. serotina","West Virginia","Pocahontas","Gaudineer Scenic Area","","","","","306138","1","","","","Public - National Forest","","Clinometer/laser rangefinder/sine","7.9'","95''","","Tree is downslope of Allegheny trail which branches off the south end of the loop trail","Turner Sharp","2008-10-16","","N"
"Black Cherry","Prunus serotina var. serotina","West Virginia","Pocahontas","Gaudineer Scenic Area","","","","","306139","1","","","","Public - National Forest","95.4'","Clinometer/laser rangefinder/sine","9.5'","114''","","Tree is downslope of Allegheny Trail which branches off the south end of the Loop Trail","Turner Sharp","2008-10-16","","N"
"Black Cherry","Prunus serotina var. serotina","West Virginia","Preston","Cathedral State Park","","","","","137232","1","","","2560.0 ft","Public - State Park","96.1'","Clinometer/laser rangefinder/sine","8.8'","106''","","Height is NTL","Dale Luthringer","2003-09-26","http%3A%2F%2Fwww.nativetreesociety.org%2Ffieldtrips%2Fwest_virginia%2Fcathedral_state_park.htm","N"
"Black Cherry","Prunus serotina var. serotina","West Virginia","Preston","Cathedral State Park","","","","","137233","1","","","2560.0 ft","Public - State Park","111.3'","Clinometer/laser rangefinder/sine","8.2'","98''","","","Dale Luthringer","2003-09-26","http%3A%2F%2Fwww.nativetreesociety.org%2Ffieldtrips%2Fwest_virginia%2Fcathedral_state_park.htm","N"
"Black Cherry","Prunus serotina var. serotina","West Virginia","Preston","Cathedral State Park","","","","","137234","1","","","","Public - State Park","113.7'","Clinometer/laser rangefinder/sine","11.4'","137''","","200+ years","Dale Luthringer","2003-09-26","http%3A%2F%2Fwww.nativetreesociety.org%2Ffieldtrips%2Fwest_virginia%2Fcathedral_state_park.htm","N"
"Black Cherry","Prunus serotina var. serotina","West Virginia","Preston","Cranesville - Plantations","","","Trees measured above the Yellow Trail at margin between Red Pine and Eastern White Pine Plantations","","160107","1","","","","Private","90.0'","Clinometer/laser rangefinder/sine","7.8'","93''","","along the  yellow trail","Turner Sharp","2014-12-07","","N"
"Black Cherry","Prunus serotina var. serotina","West Virginia","Preston","Hemlock Trail","","","Measurements were from a post made by Steve Halow at: http://www.ents-bbs.org/viewtopic.php?f=131&t=7579 and by personal communication from S. Halow to T. Sharp.","","127654","1","","","1750.0 ft","Public - State Forest","97.6'","Clinometer/laser rangefinder/sine","5.9'","71''","","","Turner Sharp, Carl Harting, John Fichtner","2010-11-21","http%3A%2F%2Fwww.ents-bbs.org%2Fviewtopic.php%3Ff%3D131%26t%3D7579","N"
"Black Cherry","Prunus serotina var. serotina","West Virginia","Preston","Hemlock Trail","","","Measurements were from a post made by Steve Halow at: http://www.ents-bbs.org/viewtopic.php?f=131&t=7579 and by personal communication from S. Halow to T. Sharp.","","127649","1","","","1750.0 ft","Public - State Forest","107.4'","Clinometer/laser rangefinder/sine","6.7'","80''","","Pole was used in addition to clinometer/rangefinder","Turner Sharp, Carl Harting, John Fichtner","2010-11-21","http%3A%2F%2Fwww.ents-bbs.org%2Fviewtopic.php%3Ff%3D131%26t%3D7579","N"
"Black Cherry","Prunus serotina var. serotina","West Virginia","Raleigh","Glade Creek","","","","","297891","1","","","","Public - federal","110.0'","Clinometer/laser rangefinder/sine","6.5'","78''","","","Turner Sharp","2015-11-27","","N"
"Black Cherry","Prunus serotina var. serotina","West Virginia","Randolph","Shavers Mountain Old Growth","","","Most of this stand is in the Otter Creek Wilderness","","60596","1","","","3600.0 ft","Public - National Forest","76.7'","Clinometer/laser rangefinder/sine","6.9'","83''","","","Turner Sharp, John Fichtner, Susan Sharp","2008-10-01","https%3A%2F%2Fgroups.google.com%2Fforum%2F%3Fhl%3Den%23!topic%2Fentstrees%2FRaAeS2BtWqc","N"
"Black Cherry","Prunus serotina var. serotina","West Virginia","Ritchie","Bottomland Along North Fork Of Hughes River","","","","","274544","1","","","660.0 ft","Public - state","81.9'","Clinometer/laser rangefinder/sine","4.7'","56''","","","Turner Sharp","2011-12-09","","N"
"Black Cherry","Prunus serotina var. serotina","West Virginia","Webster","Holly River State Park","","","","","166994","1","","","1750.0 ft","Public","129.7'","Clinometer/laser rangefinder/sine","6.5'","78''","","","Will Blozan, Jess Riddle","2007-04-12","","N"
"Black Cherry","Prunus serotina var. serotina","West Virginia","Webster","Holly River State Park","38 39.670","-080 21.499","","","323178","1","38 39.670","-080 21.499","1885.0 ft","Public","138.5'","Clinometer/laser rangefinder/sine","","","","Double trunk","Elijah Whitcomb","2025-12-27","","N"
"Black Cherry","Prunus serotina var. serotina","West Virginia","Webster","Holly River State Park","","","","","166995","1","","","1750.0 ft","Public","140.8'","Clinometer/laser rangefinder/sine","9.1'","109''","","","Will Blozan, Jess Riddle","2007-04-12","","N"
"Black Cherry","Prunus serotina var. serotina","West Virginia","Webster","Holly River State Park","38 39.614","-080 21.491","","","323179","1","38 39.614","-080 21.491","1920.0 ft","Public","141.3'","Clinometer/laser rangefinder/sine","8.0'","96''","","","Elijah Whitcomb","2025-12-27","","N"
"Black Cherry","Prunus serotina var. serotina","West Virginia","Webster","Laurel Fork - Holly River SP","","","","","163284","1","","","1640.0 ft","Public - State","91.9'","Clinometer/laser rangefinder/sine","3.5'","42''","","","Turner Sharp","2016-04-05","http%3A%2F%2Fwww.ents-bbs.org%2Fviewtopic.php%3Ff%3D131%26t%3D7724","N"
"Black Cherry","Prunus serotina var. serotina","West Virginia","Webster","Laurel Fork - Holly River SP","","","","","163270","1","","","1640.0 ft","Public - State","100.4'","Clinometer/laser rangefinder/sine","4.6'","55''","","","Turner Sharp","2016-04-05","http%3A%2F%2Fwww.ents-bbs.org%2Fviewtopic.php%3Ff%3D131%26t%3D7724","N"
"Black Cherry","Prunus serotina var. serotina","West Virginia","Wood","Blennerhassett Island State Historical Park","","","","","306296","1","","","590.0 ft","Public - state","73.9'","Clinometer/laser rangefinder/sine","7.6'","91''","","","Turner Sharp, Susan Sharp","2010-11-11","","N"
"Black Cherry","Prunus serotina var. serotina","West Virginia","Wood","Blennerhassett Island State Historical Park","","","","","306295","1","","","590.0 ft","Public - state","86.2'","Clinometer/laser rangefinder/sine","6.9'","83''","50.0'","","Turner Sharp, Susan Sharp","2010-11-11","","N"
"Black Cherry","Prunus serotina var. serotina","West Virginia","Wood","City Park","","","","","271864","1","","","640.0 ft","City","52.5'","Clinometer/laser rangefinder/sine","3.5'","42''","","Twin stem tree at ground level, Both were measured separately","Turner Sharp, Sarah Friend","2014-01-04","","N"
"Black Cherry","Prunus serotina var. serotina","West Virginia","Wood","City Park","","","","","271863","1","","","640.0 ft","City","54.1'","Clinometer/laser rangefinder/sine","3.1'","37''","","Twin stem tree at ground level, Both were measured separately","Turner Sharp, Sarah Friend","2014-01-04","","N"
"Black Cherry","Prunus serotina var. serotina","West Virginia","Wood","Henderson Hall Plantation","","","All Ash found in this stand in 2012 is now dead standing or on the ground.","","271813","1","","","680.0 ft","Private","85.9'","Clinometer/laser rangefinder/sine","5.5'","66''","","","Turner Sharp","2012-11-20","","N"
"Black Cherry","Prunus serotina var. serotina","West Virginia","Wood","J. T. J Preserve - Upland Site","39 16.678","-081 30.483","","","272753","1","39 16.678","-081 30.483","","Public - city","65.6'","Clinometer/laser rangefinder/sine","3.5'","42''","","","Turner Sharp","2016-11-26","","N"
"Black Cherry","Prunus serotina var. serotina","West Virginia","Wood","J. T. J Preserve - Upland Site","39 16.679","-081 30.482","","","272752","1","39 16.679","-081 30.482","","Public - city","74.4'","Clinometer/laser rangefinder/sine","3.7'","45''","","","Turner Sharp","2016-11-26","","N"
"Black Cherry","Prunus serotina var. serotina","West Virginia","Wood","J. T. J Preserve - Upland Site","39 16.679","-081 30.496","","","138024","2","39 16.679","-081 30.496","","Public - city","80.8'","Clinometer/laser rangefinder/sine","5.0'","60''","","","Turner Sharp, Turner Sharp","2016-11-26","","N"
"Black Cherry","Prunus serotina var. serotina","West Virginia","Wood","J. T. J Preserve - Upland Site","39 16.678","-081 30.497","","","138023","2","39 16.678","-081 30.497","","Public - city","91.0'","Clinometer/laser rangefinder/sine","5.3'","64''","","","Turner Sharp, Turner Sharp","2016-11-26","","N"
"Black Cherry","Prunus serotina var. serotina","West Virginia","Wood","J. T. J Preserve - Upland Site","39 16.509","-081 30.386","","","272770","1","39 16.509","-081 30.386","610.0 ft","Public - city","108.4'","Clinometer/laser rangefinder/sine","7.2'","86''","","","Turner Sharp","2016-11-26","","N"
"Black Cherry","Prunus serotina var. serotina","West Virginia","Wood","J. T. J. Preserve - Bottomland","","","Trees on this section of the preserve are subject to annual flooding lasting for a day and up to two weeks.","","271553","1","","","","Public - city","86.2'","Clinometer/laser rangefinder/sine","4.8'","57''","","","Turner Sharp","2011-01-04","","N"
"Black Cherry","Prunus serotina var. serotina","West Virginia","Wood","John Blomburg Arboretum","","","A small arboretum specializing in native trees, shrubs and plants of West Virginia.","","272895","1","","","","Public - county","71.7'","Clinometer/laser rangefinder/sine","6.2'","74''","","","Turner Sharp","2018-12-04","","N"
"Black Cherry","Prunus serotina var. serotina","West Virginia","Wood","Quincy Hill Park","39 16.037","-081 33.130","","","274320","2","39 16.037","-081 33.130","","Public - city","91.1'","Clinometer/laser rangefinder/sine","10.6'","127''","84.0'","","Turner Sharp, Turner Sharp","2022-04-11","","N"
"Black Cherry","Prunus serotina var. serotina","West Virginia","Wood","Quincy Hill Park","39 16.046","-081 33.127","","","274319","2","39 16.046","-081 33.127","740.0 ft","Public - city","93.1'","Clinometer/laser rangefinder/sine","11.1'","133''","78.0'","","Turner Sharp, Turner Sharp","2022-04-11","","N"
"Black Cherry","Prunus serotina var. serotina","West Virginia","Wood","Washington Works Nature Trails","","","Open to the public","","272866","1","","","","Private","79.3'","Clinometer/laser rangefinder/sine","6.6'","79''","","","Turner Sharp, Rachael Klimas","2016-11-22","","N"
"Black Cherry","Prunus serotina var. serotina","West Virginia","Wood","Washington Works Nature Trails","39 16.136","-081 39.396","Open to the public","","272851","1","39 16.136","-081 39.396","680.0 ft","Private","85.0'","Clinometer/laser rangefinder/sine","4.7'","57''","","","Turner Sharp, Rachael Klimas","2016-11-22","","N"
"Black Cherry","Prunus serotina var. serotina","West Virginia","Wood","Westwood Tract","","","Tract located river terraces overlooking the Ohio river near Blennerhasset Island.","","272716","1","","","","Private","79.5'","Clinometer/laser rangefinder/sine","3.5'","42''","","","Turner Sharp","2016-01-06","","N"
"Black Cherry","Prunus serotina var. serotina","West Virginia","Wood","Willowbrook Ravine","","","","","292498","1","","","660.0 ft","Private","99.9'","Clinometer/laser rangefinder/sine","4.4'","53''","","","Turner Sharp","2012-01-07","","N"
"Black Cherry","Prunus serotina var. serotina","West Virginia","Wood","Wood County Historical Trees","39 17.228","-081 31.931","Trees that have died or been removed for various reasons,
Trees measured before 2009 may not hav height listed either because it was not measured or used a method that was hifgly inaccurate.","","315253","1","39 17.228","-081 31.931","","Public and Private","62.4'","Clinometer/laser rangefinder/sine","7.1'","85''","50.0'","Measured by T, Sharp 2015.
Tree removed by landowner 2018.","Turner Sharp","2000-01-01","","N"
"Black Cherry","Prunus serotina var. serotina","West Virginia","Wood","Wood County Historical Trees","39 15.976","-081 33.220","Trees that have died or been removed for various reasons,
Trees measured before 2009 may not hav height listed either because it was not measured or used a method that was hifgly inaccurate.","","315270","1","39 15.976","-081 33.220","","Public and Private","73.0'","Clinometer/laser rangefinder/sine","9.9'","119''","30.0'","Last Measured by T. Sharp 2009'
Tree was located in back yard of 829 Quincy Street
Tree wind thrown 2014.","Turner Sharp","2000-01-01","","N"
"Black Cherry","Prunus serotina var. serotina","West Virginia","Wood","Wood County Single Tree Sites","39 16.060","-081 31.084","includes the incorporated cities of Parkersburg, Vienna, Williamstown and North Hills.
Most measurements made before 2010 do not list a height because methods used to determine height   prior to 2010 were inaccurate,","","314984","1","39 16.060","-081 31.084","","Public and private","74.7'","Clinometer/laser rangefinder/sine","5.7'","68''","32.0'","Dils Cemetery along old 7th Street, Parkersburg
Measured by T, Sharp 2016","Turner Sharp","2000-01-01","","N"
"Black Cherry","Prunus serotina var. serotina","West Virginia","Wood","Wood County Single Tree Sites","39 15.274","-081 33.017","includes the incorporated cities of Parkersburg, Vienna, Williamstown and North Hills.
Most measurements made before 2010 do not list a height because methods used to determine height   prior to 2010 were inaccurate,","","314983","1","39 15.274","-081 33.017","","Public and private","79.0'","Clinometer/laser rangefinder/sine","9.7'","116''","53.0'","Tree beside fence around Tavenner Cemetery, Camden Avenue, Parkersburg. 
Measured by T. Sharp 2011.","Turner Sharp","2000-01-01","","N"
"Black Cherry","Prunus serotina var. serotina","West Virginia","Wood - City Of Parkersburg","Mt. Olivet Cemetery Woodland","","","The cemetery is open to the public but permission must be obtained to access the woodland area.","","271738","1","","","700.0 ft","Private","87.7'","Clinometer/laser rangefinder/sine","4.5'","54''","","","Turner Sharp","2012-11-30","http%3A%2F%2Fwww.ents-bbs.org%2Fviewtopic.php%3Ff%3D131%26t%3D5545","N"
"Black Cherry","Prunus serotina var. serotina","West Virginia","Wood - City Of Parkersburg","Mt. Olivet Cemetery Woodland","","","The cemetery is open to the public but permission must be obtained to access the woodland area.","","271757","1","","","660.0 ft","Private","88.9'","Clinometer/laser rangefinder/sine","8.0'","96''","","","Turner Sharp","2012-11-30","http%3A%2F%2Fwww.ents-bbs.org%2Fviewtopic.php%3Ff%3D131%26t%3D5545","N"
"Black Cherry","Prunus serotina var. serotina","West Virginia","Wood - City Of Parkersburg","Mt. Olivet Cemetery Woodland","","","The cemetery is open to the public but permission must be obtained to access the woodland area.","","271750","1","","","660.0 ft","Private","96.6'","Clinometer/laser rangefinder/sine","5.7'","69''","","","Turner Sharp","2012-11-30","http%3A%2F%2Fwww.ents-bbs.org%2Fviewtopic.php%3Ff%3D131%26t%3D5545","N"
"Black Cherry","Prunus serotina var. serotina","West Virginia","Wood - City Of Parkersburg","Mt. Olivet Cemetery Woodland","","","The cemetery is open to the public but permission must be obtained to access the woodland area.","","271752","1","","","660.0 ft","Private","104.3'","Clinometer/laser rangefinder/sine","5.3'","63''","","","Turner Sharp","2012-11-30","http%3A%2F%2Fwww.ents-bbs.org%2Fviewtopic.php%3Ff%3D131%26t%3D5545","N"
"Black Cherry","Prunus serotina var. serotina","West Virginia","Wood - City Of Parkersburg","Mt. Olivet Cemetery Woodland","","","The cemetery is open to the public but permission must be obtained to access the woodland area.","","271786","1","","","620.0 ft","Private","109.2'","Clinometer/laser rangefinder/sine","5.8'","70''","","","Turner Sharp","2012-11-30","http%3A%2F%2Fwww.ents-bbs.org%2Fviewtopic.php%3Ff%3D131%26t%3D5545","N"
"Black Cherry","Prunus serotina var. serotina","West Virginia","Wood - City Of Parkersburg","Mt. Olivet Cemetery Woodland","","","The cemetery is open to the public but permission must be obtained to access the woodland area.","","271774","1","","","620.0 ft","Private","112.3'","Clinometer/laser rangefinder/sine","6.1'","73''","","","Turner Sharp","2012-11-30","http%3A%2F%2Fwww.ents-bbs.org%2Fviewtopic.php%3Ff%3D131%26t%3D5545","N"
"Black Cherry","Prunus serotina var. serotina","West Virginia","Wood County","Mcdonough Wildlife Preserve","","","Trees measured were on north facing slope below the Main Loop Trail","","296158","1","","","","Public- City Owned","100.0'","Clinometer/laser rangefinder/sine","6.2'","74''","","","Turner Sharp","2009-03-09","http%3A%2F%2Fwww.nativetreesociety.org%2Ffieldtrips%2Fwest_virginia%2Fmcdonough.htm","N"
"Black Cherry","Prunus serotina var. serotina","West Virginia","Wood County - City Of Parkersburg","Edison Arboretum","39 13.808","-081 31.807","Since the last visit to this stand in 2010 the Emerald Ash Borer has infected almost every Ash Tree and they are losing crown.","","121330","2","39 13.808","-081 31.807","","Public","42.2'","Clinometer/laser rangefinder/sine","3.2'","38''","","Top is out.","Turner Sharp, Turner Sharp","2015-02-01","","N"
"Black Cherry","Prunus serotina var. serotina","West Virginia","Wood County - City Of Parkersburg","Edison Arboretum","39 13.760","-081 31.895","Since the last visit to this stand in 2010 the Emerald Ash Borer has infected almost every Ash Tree and they are losing crown.","","120974","2","39 13.760","-081 31.895","","Public","88.2'","Clinometer/laser rangefinder/sine","4.8'","57''","","Tree is on Blackie Townsend Trail and upslope from the Bigtooth Aspen.","Turner Sharp, Turner Sharp","2015-02-01","","N"
"Black Cherry","Prunus serotina var. serotina","West Virginia","Wood County - City Of Parkersburg","Stern Tract - Upland","39 16.557","-081 30.854","","","167602","1","39 16.557","-081 30.854","","Private","91.6'","Clinometer/laser rangefinder/sine","4.5'","54''","","","Turner Sharp","2014-11-29","","N"
"Black Cherry","Prunus serotina var. serotina","West Virginia","Wood County - City Of Parkersburg","Stern Tract - Upland","39 16.564","-081 30.894","","","167601","1","39 16.564","-081 30.894","","Private","97.6'","Clinometer/laser rangefinder/sine","4.8'","58''","","","Turner Sharp","2014-11-29","","N"