"Common Name","Botanical Name","State","County","Site","Site Latitude","Site Longitude","Location comments","Tree name","Tree id","Measurement number","Latitude","Longitude","Elevation","Ownership type","Height (ft)","Height measurement method","Girth (ft)","Girth (in)","Crown spread (ft)","Tree comments","Measurer(s)","Measured","Trip report url","Photos available"
"Chestnut Oak","Quercus montana","Alabama","Jackson","Walls Of Jericho","34 58.794","-086 05.013","","","315751","1","34 58.794","-086 05.013","1500.0 ft","Public","111.3'","Clinometer/laser rangefinder/sine","6.3'","76''","","","Elijah Whitcomb","2024-04-20","","N"
"Chestnut Oak","Quercus montana","Alabama","Jackson","Walls Of Jericho","34 58.823","-086 05.029","","","315752","1","34 58.823","-086 05.029","1465.0 ft","Public","117.8'","Clinometer/laser rangefinder/sine","","","","","Elijah Whitcomb","2024-04-20","","N"
"Chestnut Oak","Quercus montana","Alabama","Lawrence","Indian Tomb Hollow","","","181,230 acres in the Bankhead National Forest","","233718","1","","","","Public - federal","136.5'","Clinometer/laser rangefinder/sine","7.9'","95''","","","Jess Riddle, Will Blozan","2006-01-06","http%3A%2F%2Fwww.nativetreesociety.org%2Ffieldtrips%2Falabama%2Fbankhead%2Fbankhead_national_forest.htm","N"
"Chestnut Oak","Quercus montana","Alabama","Lawrence","Indian Tomb Hollow","","","181,230 acres in the Bankhead National Forest","","233719","1","","","","Public - federal","141.8'","Clinometer/laser rangefinder/sine","7.4'","89''","","","Jess Riddle, Will Blozan","2006-01-06","http%3A%2F%2Fwww.nativetreesociety.org%2Ffieldtrips%2Falabama%2Fbankhead%2Fbankhead_national_forest.htm","N"
"Chestnut Oak","Quercus montana","Alabama","Lawrence","Sispey River Picnic Area","","","","","233697","1","","","","Public - federal","","Clinometer/laser rangefinder/sine","6.6'","79''","","","Zack Stewart","2007-06-06","http%3A%2F%2Fwww.nativetreesociety.org%2Ffieldtrips%2Falabama%2Fsipsey_river_picnic_area.htm","N"
"Chestnut Oak","Quercus montana","District of Columbia","District Of Columbia","Glover - Archbold Park","","","This park is administered by the the NPS Rock Creek
Park staff","","76119","1","","","200.0 ft","Public - National Park","134.3'","Clinometer/laser rangefinder/sine","9.3'","112''","","","Will Blozan, Darian Copiz, Gaines Mcmartin","2008-10-24","","N"
"Chestnut Oak","Quercus montana","District of Columbia","District Of Columbia","Klingle Valley Parkway","","","This is an administrative unit of Rock Creek Park","","76059","1","","","200.0 ft","Public - National Park","118.4'","Clinometer/laser rangefinder/sine","10.1'","121''","","","Darian Copiz","2004-12-28","http%3A%2F%2Fwww.nativetreesociety.org%2Ffieldtrips%2Fwashington_dc%2Fklingle%2Fklingle_valley.htm","N"
"Chestnut Oak","Quercus montana","District of Columbia","District Of Columbia","Melvin Hazen Trail Into Rock Creek Park","","","","","76097","1","","","200.0 ft","Public - National Park","121.7'","Clinometer/laser rangefinder/sine","7.8'","94''","","","Will Blozan","2005-01-03","http%3A%2F%2Fwww.nativetreesociety.org%2Ffieldtrips%2Fwashington_dc%2Frock_creek_park.htm","N"
"Chestnut Oak","Quercus montana","District of Columbia","District Of Columbia","Trees Near Roadways And Parking Lots (Rock Creek Park)","","","","","126757","1","","","200.0 ft","Public - National Park","122.3'","Clinometer/laser rangefinder/sine","9.9'","119''","","","Will Blozan","2005-01-01","http%3A%2F%2Fwww.nativetreesociety.org%2Ffieldtrips%2Fwashington_dc%2Frock_creek_park.htm","N"
"Chestnut Oak","Quercus montana","Delaware","New Castle","Brandywine Creek State Park","","","","","142895","1","","","","State","119.3'","Clinometer/laser rangefinder/sine","9.8'","118''","","","George Fieo","2011-01-09","","N"
"Chestnut Oak","Quercus montana","Delaware","New Castle","Brandywine Creek State Park","","","","","142896","1","","","","State","126.9'","Clinometer/laser rangefinder/sine","8.5'","102''","","","George Fieo","2011-01-09","","N"
"Chestnut Oak","Quercus montana","Delaware","New Castle","Brandywine Creek State Park","","","","","142897","1","","","","State","127.0'","Clinometer/laser rangefinder/sine","6.7'","80''","","","George Fieo","2011-01-09","","N"
"Chestnut Oak","Quercus montana","Delaware","New Castle","First State National Historical Park","","","This historical park incorporates many historical sites throughout Delaware. It also includes about 1,100 acres of woodland along Brandywine River with 200 acres of these acres being in Pennsylvania.","","232106","1","","","","Public - federal","108.9'","Clinometer/laser rangefinder/sine","11.1'","133''","","","George Fieo","2014-10-25","http%3A%2F%2Fwww.ents-bbs.org%2Fviewtopic.php%3Ff%3D71%26t%3D8643%26sid%3D3fdcc58b0d25adce7768d60248ada623","N"
"Chestnut Oak","Quercus montana","Delaware","New Castle","First State National Historical Park","","","This historical park incorporates many historical sites throughout Delaware. It also includes about 1,100 acres of woodland along Brandywine River with 200 acres of these acres being in Pennsylvania.","","232107","1","","","","Public - federal","125.7'","Clinometer/laser rangefinder/sine","11.0'","132''","","","George Fieo","2014-10-25","http%3A%2F%2Fwww.ents-bbs.org%2Fviewtopic.php%3Ff%3D71%26t%3D8643%26sid%3D3fdcc58b0d25adce7768d60248ada623","N"
"Chestnut Oak","Quercus montana","Delaware","New Castle","First State National Historical Park","","","This historical park incorporates many historical sites throughout Delaware. It also includes about 1,100 acres of woodland along Brandywine River with 200 acres of these acres being in Pennsylvania.","","232108","1","","","","Public - federal","133.9'","Clinometer/laser rangefinder/sine","8.1'","97''","","","George Fieo","2014-10-25","http%3A%2F%2Fwww.ents-bbs.org%2Fviewtopic.php%3Ff%3D71%26t%3D8643%26sid%3D3fdcc58b0d25adce7768d60248ada623","N"
"Chestnut Oak","Quercus montana","Delaware","New Castle","First State National Historical Park","","","This historical park incorporates many historical sites throughout Delaware. It also includes about 1,100 acres of woodland along Brandywine River with 200 acres of these acres being in Pennsylvania.","","232109","1","","","","Public - federal","139.6'","Clinometer/laser rangefinder/sine","7.2'","86''","","","George Fieo","2014-10-25","http%3A%2F%2Fwww.ents-bbs.org%2Fviewtopic.php%3Ff%3D71%26t%3D8643%26sid%3D3fdcc58b0d25adce7768d60248ada623","N"
"Chestnut Oak","Quercus montana","Georgia","Floyd","Marshall Forest","34 14.942","-085 11.999","","","322913","1","34 14.942","-085 11.999","810.0 ft","Private","116.6'","Clinometer/laser rangefinder/sine","7.2'","87''","","","Elijah Whitcomb","2025-11-27","","N"
"Chestnut Oak","Quercus montana","Georgia","Harris","Pine Mountain","","","","","249362","1","","","","Public-Private","104.9'","Clinometer/laser rangefinder/sine","6.7'","80''","","","Jess Riddle, Doug Riddle","2015-01-04","http%3A%2F%2Fwww.ents-bbs.org%2Fviewtopic.php%3Ff%3D73%26t%3D6828%26sid%3Dfa1838ddf7ffd28ff9d1c740ed82adf9","N"
"Chestnut Oak","Quercus montana","Georgia","Harris","Pine Mountain","","","","","249363","1","","","","Public-Private","121.3'","Clinometer/laser rangefinder/sine","6.3'","75''","","","Jess Riddle, Doug Riddle","2015-01-04","http%3A%2F%2Fwww.ents-bbs.org%2Fviewtopic.php%3Ff%3D73%26t%3D6828%26sid%3Dfa1838ddf7ffd28ff9d1c740ed82adf9","N"
"Chestnut Oak","Quercus montana","Georgia","Murray","Grassy Mountain","","","","","234788","1","","","","Public - federal","","Clinometer/laser rangefinder/sine","10.7'","128''","","","Jess Riddle","2003-01-19","http%3A%2F%2Fwww.nativetreesociety.org%2Ffieldtrips%2Fgeorgia%2Fgrassy_mountain.htm","N"
"Chestnut Oak","Quercus montana","Georgia","Murray","Grassy Mountain","","","","","234789","1","","","","Public - federal","","Clinometer/laser rangefinder/sine","11.4'","137''","","","Jess Riddle","2003-01-19","http%3A%2F%2Fwww.nativetreesociety.org%2Ffieldtrips%2Fgeorgia%2Fgrassy_mountain.htm","N"
"Chestnut Oak","Quercus montana","Georgia","Murray","Grassy Mountain","","","","","234790","1","","","","Public - federal","","Clinometer/laser rangefinder/sine","13.3'","160''","","","Jess Riddle","2003-01-19","http%3A%2F%2Fwww.nativetreesociety.org%2Ffieldtrips%2Fgeorgia%2Fgrassy_mountain.htm","N"
"Chestnut Oak","Quercus montana","Georgia","Rabun","Owl Gap","","","","","234565","1","","","","Public - federal","120.9'","Clinometer/laser rangefinder/sine","5.7'","68''","","","Jess Riddle","2005-08-25","http%3A%2F%2Fwww.nativetreesociety.org%2Ffieldtrips%2Fgeorgia%2Foverflow_creek_rd.htm","N"
"Chestnut Oak","Quercus montana","Georgia","Rabun","Sand Branch","","","Sand Creek is just a place name holder","","249335","1","","","","Private","129.9'","Clinometer/laser rangefinder/sine","8.7'","104''","","","Jess Riddle","2012-01-16","http%3A%2F%2Fwww.ents-bbs.org%2Fviewtopic.php%3Ff%3D73%26t%3D3576%26sid%3Da73770c2b894b38da07dbd9d5b148ced","N"
"Chestnut Oak","Quercus montana","Georgia","Rabun","Sand Branch","","","Sand Creek is just a place name holder","","249334","1","","","","Private","148.5'","Clinometer/laser rangefinder/sine","","","","","Jess Riddle","2012-01-16","http%3A%2F%2Fwww.ents-bbs.org%2Fviewtopic.php%3Ff%3D73%26t%3D3576%26sid%3Da73770c2b894b38da07dbd9d5b148ced","N"
"Chestnut Oak","Quercus montana","Georgia","White","Horse Creek","","","","","249320","1","","","","Public - federal","132.9'","Clinometer/laser rangefinder/sine","4.8'","58''","","","Jess Riddle","2013-03-27","http%3A%2F%2Fwww.ents-bbs.org%2Fviewtopic.php%3Ff%3D73%26t%3D5208%26sid%3Da73770c2b894b38da07dbd9d5b148ced%23p22715","N"
"Chestnut Oak","Quercus montana","Georgia","White","Spoilcane Creek","","","","","249308","1","","","","Public - federal","129.4'","Clinometer/laser rangefinder/sine","0.3'","4''","","","Jess Riddle","2012-01-06","http%3A%2F%2Fwww.ents-bbs.org%2Fviewtopic.php%3Ff%3D73%26t%3D3514%26sid%3Da73770c2b894b38da07dbd9d5b148ced","N"
"Chestnut Oak","Quercus montana","Georgia","White","Spoilcane Creek","","","","","249307","1","","","","Public - federal","132.9'","Clinometer/laser rangefinder/sine","7.6'","91''","","","Jess Riddle","2012-01-06","http%3A%2F%2Fwww.ents-bbs.org%2Fviewtopic.php%3Ff%3D73%26t%3D3514%26sid%3Da73770c2b894b38da07dbd9d5b148ced","N"
"Chestnut Oak","Quercus montana","Kentucky","Bell","Pine Mountain Resort Park - Hemlock Garden Trail","","","","","138347","1","","","","Public - State","101.2'","Clinometer/laser rangefinder/sine","12.2'","146''","","","Robert Leverett","2007-06-14","http%3A%2F%2Fwww.nativetreesociety.org%2Fevents%2Fkentucky2007%2Fgoing_south.htm","N"
"Chestnut Oak","Quercus montana","Kentucky","Edmonson","Mammoth Cave National Park","37 13.364","-086 12.744","","","297350","1","37 13.364","-086 12.744","585.0 ft","Public","119.5'","Clinometer/laser rangefinder/sine","7.4'","89''","","","Elijah Whitcomb","2023-06-23","","N"
"Chestnut Oak","Quercus montana","Kentucky","Edmonson","Mammoth Cave National Park","37 13.278","-086 11.758","","","297379","1","37 13.278","-086 11.758","630.0 ft","Public","123.3'","Clinometer/laser rangefinder/sine","6.3'","76''","","","Elijah Whitcomb","2023-06-23","","N"
"Chestnut Oak","Quercus montana","Kentucky","Edmonson","Mammoth Cave National Park","37 13.036","-086 13.202","","","297405","1","37 13.036","-086 13.202","595.0 ft","Public","123.4'","Clinometer/laser rangefinder/sine","7.6'","91''","","","Elijah Whitcomb","2023-06-23","","N"
"Chestnut Oak","Quercus montana","Kentucky","Edmonson","Mammoth Cave National Park","37 13.407","-086 12.387","","","297356","1","37 13.407","-086 12.387","735.0 ft","Public","124.2'","Clinometer/laser rangefinder/sine","6.2'","74''","","","Elijah Whitcomb","2023-06-23","","N"
"Chestnut Oak","Quercus montana","Kentucky","Edmonson","Mammoth Cave National Park","37 12.911","-086 13.078","","","297406","1","37 12.911","-086 13.078","655.0 ft","Public","128.1'","Clinometer/laser rangefinder/sine","7.6'","91''","","","Elijah Whitcomb","2023-06-23","","N"
"Chestnut Oak","Quercus montana","Kentucky","Edmonson","Mammoth Cave National Park","37 13.506","-086 11.960","","","297357","1","37 13.506","-086 11.960","625.0 ft","Public","128.3'","Clinometer/laser rangefinder/sine","6.3'","76''","","","Elijah Whitcomb","2023-06-23","","N"
"Chestnut Oak","Quercus montana","Kentucky","Edmonson","Mammoth Cave National Park","37 12.966","-086 12.820","","","297407","1","37 12.966","-086 12.820","625.0 ft","Public","129.9'","Clinometer/laser rangefinder/sine","8.0'","96''","","","Elijah Whitcomb","2023-06-23","","N"
"Chestnut Oak","Quercus montana","Kentucky","Edmonson","Mammoth Cave National Park","37 12.978","-086 13.059","","","297408","1","37 12.978","-086 13.059","630.0 ft","Public","130.0'","Clinometer/laser rangefinder/sine","5.7'","68''","","","Elijah Whitcomb","2023-06-23","","N"
"Chestnut Oak","Quercus montana","Kentucky","Edmonson","Mammoth Cave National Park","37 11.261","-086 09.147","","","297741","1","37 11.261","-086 09.147","690.0 ft","Public","135.7'","Clinometer/laser rangefinder/sine","8.7'","104''","","","Elijah Whitcomb","2023-06-23","","N"
"Chestnut Oak","Quercus montana","Kentucky","Edmonson","Mammoth Cave National Park","37 12.202","-086 13.085","","","297826","1","37 12.202","-086 13.085","715.0 ft","Public","143.0'","Clinometer/laser rangefinder/sine","10.3'","124''","","","Elijah Whitcomb","2023-06-23","","N"
"Chestnut Oak","Quercus montana","Kentucky","Harlan","Blanton Forest Nature Preserve","","","","","138356","1","","","","Public -  State","","Clinometer/laser rangefinder/sine","9.7'","116''","","","Robert Leverett","2007-06-16","http%3A%2F%2Fwww.nativetreesociety.org%2Fevents%2Fkentucky2007%2Fgoing_south.htm","N"
"Chestnut Oak","Quercus montana","Kentucky","Harlan","Blanton Forest Nature Preserve","","","","","138355","1","","","","Public -  State","105.1'","Clinometer/laser rangefinder/sine","","","","","Robert Leverett","2007-06-16","http%3A%2F%2Fwww.nativetreesociety.org%2Fevents%2Fkentucky2007%2Fgoing_south.htm","N"
"Chestnut Oak","Quercus montana","Kentucky","Mccreary","Along The Cumberland River","","","","","76411","1","","","","Public - National Forest","","","11.1'","134''","","","Jim Scheef","2011-09-28","http%3A%2F%2Fwww.ents-bbs.org%2Fviewtopic.php%3Ff%3D82%26t%3D3049%23p12183","N"
"Chestnut Oak","Quercus montana","Kentucky","Rockcastle","Anglins Falls","37 29.235","-084 13.341","","","76439","1","37 29.235","-084 13.341","","Private - State Nature Preserve open to public","120.9'","Clinometer/laser rangefinder/sine","","","","","Jess Riddle","2006-11-06","http%3A%2F%2Fwww.nativetreesociety.org%2Ffieldtrips%2Fkentucky%2Fanglin_falls.htm","N"
"Chestnut Oak","Quercus montana","Maryland","Anne Arundel","Chase Creek Woods","","","","","280961","1","","","","Private","","Clinometer/laser rangefinder/sine","13.1'","157''","","","Colby Rucker","2003-07-01","","N"
"Chestnut Oak","Quercus montana","Maryland","Anne Arundel","Chase Creek Woods","","","","","280912","1","","","","Private","124.8'","Clinometer/laser rangefinder/sine","5.5'","66''","","","Colby Rucker","2003-07-01","","N"
"Chestnut Oak","Quercus montana","Maryland","Anne Arundel","Corcoran Environmental Study Area","","","","","128081","1","","","","Public","91.6'","Clinometer/laser rangefinder/sine","8.3'","99''","","","Colby Rucker","2002-04-08","","N"
"Chestnut Oak","Quercus montana","Maryland","Anne Arundel","Eco Trail Of Downs Memorial Park","","","","","128118","1","","","","Public County","","","7.0'","84''","","","Matthew Hannum","2007-07-01","","N"
"Chestnut Oak","Quercus montana","Maryland","Anne Arundel","Eco Trail Of Downs Memorial Park","","","","","128119","1","","","","Public County","","","7.8'","94''","","","Matthew Hannum","2007-07-01","","N"
"Chestnut Oak","Quercus montana","Maryland","Anne Arundel","Eco Trail Of Downs Memorial Park","","","","","128120","1","","","","Public County","","","7.4'","89''","","","Matthew Hannum","2007-07-01","","N"
"Chestnut Oak","Quercus montana","Maryland","Anne Arundel","Eco Trail Of Downs Memorial Park","","","","","128121","1","","","","Public County","","","14.5'","174''","","Fused double stem?","Matthew Hannum","2007-07-01","","N"
"Chestnut Oak","Quercus montana","Maryland","Anne Arundel","Eco Trail Of Downs Memorial Park","","","","","128122","1","","","","Public County","","","9.8'","118''","","","Matthew Hannum","2007-07-01","","N"
"Chestnut Oak","Quercus montana","Maryland","Baltimore","Loch Raven Reservior","","","9,200 acres minus 3,100 acres of water at crest..
Supplies the City of Baltimore and Baltimore County with drinking water.","","231364","1","","","","Public - city","99.2'","Clinometer/laser rangefinder/sine","9.3'","112''","","","George Fieo","2015-11-15","http%3A%2F%2Fwww.ents-bbs.org%2Fviewtopic.php%3Ff%3D85%26t%3D8746%26sid%3D97ab2f9c9694ae17b9e495f826350141","N"
"Chestnut Oak","Quercus montana","Maryland","Baltimore","Loch Raven Reservior","","","9,200 acres minus 3,100 acres of water at crest..
Supplies the City of Baltimore and Baltimore County with drinking water.","","231363","1","","","","Public - city","99.5'","Clinometer/laser rangefinder/sine","16.4'","197''","","","George Fieo","2015-11-15","http%3A%2F%2Fwww.ents-bbs.org%2Fviewtopic.php%3Ff%3D85%26t%3D8746%26sid%3D97ab2f9c9694ae17b9e495f826350141","N"
"Chestnut Oak","Quercus montana","Maryland","Baltimore","Loch Raven Reservior","","","9,200 acres minus 3,100 acres of water at crest..
Supplies the City of Baltimore and Baltimore County with drinking water.","","231365","1","","","","Public - city","101.0'","Clinometer/laser rangefinder/sine","11.1'","133''","","","George Fieo","2015-11-15","http%3A%2F%2Fwww.ents-bbs.org%2Fviewtopic.php%3Ff%3D85%26t%3D8746%26sid%3D97ab2f9c9694ae17b9e495f826350141","N"
"Chestnut Oak","Quercus montana","Maryland","Baltimore","Loch Raven Reservior","","","9,200 acres minus 3,100 acres of water at crest..
Supplies the City of Baltimore and Baltimore County with drinking water.","","231366","1","","","","Public - city","119.7'","Clinometer/laser rangefinder/sine","6.3'","76''","","","George Fieo","2015-11-15","http%3A%2F%2Fwww.ents-bbs.org%2Fviewtopic.php%3Ff%3D85%26t%3D8746%26sid%3D97ab2f9c9694ae17b9e495f826350141","N"
"Chestnut Oak","Quercus montana","Maryland","Baltimore","Loch Raven Reservior","","","9,200 acres minus 3,100 acres of water at crest..
Supplies the City of Baltimore and Baltimore County with drinking water.","","231367","1","","","","Public - city","120.9'","Clinometer/laser rangefinder/sine","5.3'","64''","","","George Fieo","2015-11-15","http%3A%2F%2Fwww.ents-bbs.org%2Fviewtopic.php%3Ff%3D85%26t%3D8746%26sid%3D97ab2f9c9694ae17b9e495f826350141","N"
"Chestnut Oak","Quercus montana","Maryland","Baltimore","Loch Raven Reservior","","","9,200 acres minus 3,100 acres of water at crest..
Supplies the City of Baltimore and Baltimore County with drinking water.","","231368","1","","","","Public - city","120.9'","Clinometer/laser rangefinder/sine","7.9'","95''","","","George Fieo","2015-11-15","http%3A%2F%2Fwww.ents-bbs.org%2Fviewtopic.php%3Ff%3D85%26t%3D8746%26sid%3D97ab2f9c9694ae17b9e495f826350141","N"
"Chestnut Oak","Quercus montana","Maryland","Baltimore","Loch Raven Reservior","","","9,200 acres minus 3,100 acres of water at crest..
Supplies the City of Baltimore and Baltimore County with drinking water.","","231369","1","","","","Public - city","121.0'","Clinometer/laser rangefinder/sine","7.9'","95''","","","George Fieo","2015-11-15","http%3A%2F%2Fwww.ents-bbs.org%2Fviewtopic.php%3Ff%3D85%26t%3D8746%26sid%3D97ab2f9c9694ae17b9e495f826350141","N"
"Chestnut Oak","Quercus montana","Maryland","Baltimore","Loch Raven Reservior","","","9,200 acres minus 3,100 acres of water at crest..
Supplies the City of Baltimore and Baltimore County with drinking water.","","231370","1","","","","Public - city","123.3'","Clinometer/laser rangefinder/sine","10.3'","124''","","","George Fieo","2015-11-15","http%3A%2F%2Fwww.ents-bbs.org%2Fviewtopic.php%3Ff%3D85%26t%3D8746%26sid%3D97ab2f9c9694ae17b9e495f826350141","N"
"Chestnut Oak","Quercus montana","Maryland","Baltimore","Loch Raven Reservior","","","9,200 acres minus 3,100 acres of water at crest..
Supplies the City of Baltimore and Baltimore County with drinking water.","","231371","1","","","","Public - city","127.7'","Clinometer/laser rangefinder/sine","5.2'","62''","","","George Fieo","2015-11-15","http%3A%2F%2Fwww.ents-bbs.org%2Fviewtopic.php%3Ff%3D85%26t%3D8746%26sid%3D97ab2f9c9694ae17b9e495f826350141","N"
"Chestnut Oak","Quercus montana","Maryland","Baltimore","Loch Raven Reservior","","","9,200 acres minus 3,100 acres of water at crest..
Supplies the City of Baltimore and Baltimore County with drinking water.","","231372","1","","","","Public - city","131.4'","Clinometer/laser rangefinder/sine","10.8'","130''","","","George Fieo","2015-11-15","http%3A%2F%2Fwww.ents-bbs.org%2Fviewtopic.php%3Ff%3D85%26t%3D8746%26sid%3D97ab2f9c9694ae17b9e495f826350141","N"
"Chestnut Oak","Quercus montana","Maryland","Baltimore","Loch Raven Reservior","","","9,200 acres minus 3,100 acres of water at crest..
Supplies the City of Baltimore and Baltimore County with drinking water.","","231373","1","","","","Public - city","133.7'","Clinometer/laser rangefinder/sine","7.7'","92''","","","George Fieo","2015-11-15","http%3A%2F%2Fwww.ents-bbs.org%2Fviewtopic.php%3Ff%3D85%26t%3D8746%26sid%3D97ab2f9c9694ae17b9e495f826350141","N"
"Chestnut Oak","Quercus montana","Maryland","Baltimore","Loch Raven Reservior","","","9,200 acres minus 3,100 acres of water at crest..
Supplies the City of Baltimore and Baltimore County with drinking water.","","231374","1","","","","Public - city","135.0'","Clinometer/laser rangefinder/sine","7.8'","94''","","","George Fieo","2015-11-15","http%3A%2F%2Fwww.ents-bbs.org%2Fviewtopic.php%3Ff%3D85%26t%3D8746%26sid%3D97ab2f9c9694ae17b9e495f826350141","N"
"Chestnut Oak","Quercus montana","Maryland","Cecil","Conowingo-Funks Pond Recreational Area","","","","","231994","1","","","","Public - state","110.4'","Clinometer/laser rangefinder/sine","11.1'","133''","","","George Fieo","2013-11-12","http%3A%2F%2Fwww.ents-bbs.org%2Fviewtopic.php%3Ff%3D85%26t%3D8744%26sid%3D97ab2f9c9694ae17b9e495f826350141%23p44617","N"
"Chestnut Oak","Quercus montana","Maryland","Cecil","Conowingo-Funks Pond Recreational Area","","","","","231995","1","","","","Public - state","124.6'","Clinometer/laser rangefinder/sine","6.5'","78''","","","George Fieo","2013-11-12","http%3A%2F%2Fwww.ents-bbs.org%2Fviewtopic.php%3Ff%3D85%26t%3D8744%26sid%3D97ab2f9c9694ae17b9e495f826350141%23p44617","N"
"Chestnut Oak","Quercus montana","Maryland","Cecil","Fair Hill NRMA","","","Former William Dupont estate acquired by State of Maryland 1975. 5,600 acres.","","168114","1","","","400.0 ft","Public - State","105.0'","Clinometer/laser rangefinder/sine","9.5'","114''","","","George Fieo","2015-12-03","http%3A%2F%2Fwww.ents-bbs.org%2Fviewtopic.php%3Ff%3D85%26t%3D7354","N"
"Chestnut Oak","Quercus montana","Maryland","Cecil","Fair Hill NRMA","","","Former William Dupont estate acquired by State of Maryland 1975. 5,600 acres.","","168115","1","","","400.0 ft","Public - State","115.0'","Clinometer/laser rangefinder/sine","6.5'","78''","","","George Fieo","2015-12-03","http%3A%2F%2Fwww.ents-bbs.org%2Fviewtopic.php%3Ff%3D85%26t%3D7354","N"
"Chestnut Oak","Quercus montana","Maryland","Harford","Gunpowder Falls State Park","","","18,000 acres in Baltimore and Harford Counties","","231791","1","","","","Public - state","101.4'","Clinometer/laser rangefinder/sine","10.3'","123''","","","George Fieo","2016-11-20","http%3A%2F%2Fwww.ents-bbs.org%2Fviewtopic.php%3Ff%3D85%26t%3D8747%26sid%3D97ab2f9c9694ae17b9e495f826350141","N"
"Chestnut Oak","Quercus montana","Maryland","Harford","Gunpowder Falls State Park","","","18,000 acres in Baltimore and Harford Counties","","231792","1","","","","Public - state","120.5'","Clinometer/laser rangefinder/sine","7.5'","90''","","","George Fieo","2016-11-20","http%3A%2F%2Fwww.ents-bbs.org%2Fviewtopic.php%3Ff%3D85%26t%3D8747%26sid%3D97ab2f9c9694ae17b9e495f826350141","N"
"Chestnut Oak","Quercus montana","Maryland","Harford","Gunpowder Falls State Park","","","18,000 acres in Baltimore and Harford Counties","","231793","1","","","","Public - state","125.1'","Clinometer/laser rangefinder/sine","7.7'","92''","","","George Fieo","2016-11-20","http%3A%2F%2Fwww.ents-bbs.org%2Fviewtopic.php%3Ff%3D85%26t%3D8747%26sid%3D97ab2f9c9694ae17b9e495f826350141","N"
"Chestnut Oak","Quercus montana","Maryland","Harford","Gunpowder Falls State Park","","","18,000 acres in Baltimore and Harford Counties","","231794","1","","","","Public - state","130.0'","Clinometer/laser rangefinder/sine","5.4'","65''","","","George Fieo","2016-11-20","http%3A%2F%2Fwww.ents-bbs.org%2Fviewtopic.php%3Ff%3D85%26t%3D8747%26sid%3D97ab2f9c9694ae17b9e495f826350141","N"
"Chestnut Oak","Quercus montana","Maryland","Howard","Avalon Section Of Patapsco Valley State Park","","","16,043 acres in Baltimore and Howard Counties
Trees were measured in the Avalon and Orange Grove section of the park","","231012","1","","","","Public - state park","100.4'","Clinometer/laser rangefinder/sine","11.2'","134''","","","George Fieo","2017-12-15","http%3A%2F%2Fwww.ents-bbs.org%2Fviewtopic.php%3Ff%3D85%26t%3D8745%26sid%3D0f283f6872d048235790bc6c09610d80%23p44618","N"
"Chestnut Oak","Quercus montana","Maryland","Howard","Avalon Section Of Patapsco Valley State Park","","","16,043 acres in Baltimore and Howard Counties
Trees were measured in the Avalon and Orange Grove section of the park","","231013","1","","","","Public - state park","112.7'","Clinometer/laser rangefinder/sine","8.1'","97''","","","George Fieo","2017-12-15","http%3A%2F%2Fwww.ents-bbs.org%2Fviewtopic.php%3Ff%3D85%26t%3D8745%26sid%3D0f283f6872d048235790bc6c09610d80%23p44618","N"
"Chestnut Oak","Quercus montana","North Carolina","Buncombe","Bent Creek Experiment Station","","","Most of the trees measured were along the Wolf Creek Trail.
A Poison Ivy vine  was measure to a height 100.3'.","","227919","1","","","","Public - national","8.8'","Clinometer/laser rangefinder/sine","9.3'","112''","","","James Parton","2009-02-15","http%3A%2F%2Fnativetreesociety.org%2Ffieldtrips%2Fnorth_carolina%2Fbent_creek_nc.htm","N"
"Chestnut Oak","Quercus montana","North Carolina","Buncombe","Craven Gap South","","","","","40195","1","","","","Blue Ridge Parkway","105.0'","Clinometer/laser rangefinder/sine","","","","","Brian Beduhn","2012-03-03","http%3A%2F%2Fwww.ents-bbs.org%2Fviewtopic.php%3Ff%3D106%26t%3D2636","N"
"Chestnut Oak","Quercus montana","North Carolina","Buncombe","Elk Pen Trail","","","","","40070","1","","","","Public","113.7'","Clinometer/laser rangefinder/sine","","","","","Brian Beduhn","2013-02-10","http%3A%2F%2Fwww.ents-bbs.org%2Fviewtopic.php%3Ff%3D106%26t%3D5041","N"
"Chestnut Oak","Quercus montana","North Carolina","Buncombe","Mountains-To-Sea Trail  (Busbee Reservoir)","","","The Mountains-to-Sea Trail intersects a road running between two reservoirs.  The site is nearer the upper reservoir, just north of the Blue Ridge Parkway.  The tall grove of white pines is part of the immediate site.","","40213","1","","","","Blue Ridge Parkway","109.2'","Clinometer/laser rangefinder/sine","","","","","Brian Beduhn","2013-02-09","http%3A%2F%2Fwww.ents-bbs.org%2Fviewtopic.php%3Ff%3D106%26t%3D5040","N"
"Chestnut Oak","Quercus montana","North Carolina","Buncombe","Mountains-To-Sea Trail  (Busbee Reservoir)","","","The Mountains-to-Sea Trail intersects a road running between two reservoirs.  The site is nearer the upper reservoir, just north of the Blue Ridge Parkway.  The tall grove of white pines is part of the immediate site.","","40214","1","","","","Blue Ridge Parkway","112.8'","Clinometer/laser rangefinder/sine","","","","","Brian Beduhn","2013-02-09","http%3A%2F%2Fwww.ents-bbs.org%2Fviewtopic.php%3Ff%3D106%26t%3D5040","N"
"Chestnut Oak","Quercus montana","North Carolina","Buncombe","Mountains-To-Sea Trail  (Busbee Reservoir)","","","The Mountains-to-Sea Trail intersects a road running between two reservoirs.  The site is nearer the upper reservoir, just north of the Blue Ridge Parkway.  The tall grove of white pines is part of the immediate site.","","40256","1","","","","Blue Ridge Parkway","117.6'","Clinometer/laser rangefinder/sine","","","","","Brian Beduhn","2013-02-09","http%3A%2F%2Fwww.ents-bbs.org%2Fviewtopic.php%3Ff%3D106%26t%3D5040","N"
"Chestnut Oak","Quercus montana","North Carolina","Buncombe","Mountains-To-Sea Trail  (Busbee Reservoir)","","","The Mountains-to-Sea Trail intersects a road running between two reservoirs.  The site is nearer the upper reservoir, just north of the Blue Ridge Parkway.  The tall grove of white pines is part of the immediate site.","","40215","1","","","","Blue Ridge Parkway","120.2'","Clinometer/laser rangefinder/sine","","","","","Brian Beduhn","2013-02-09","http%3A%2F%2Fwww.ents-bbs.org%2Fviewtopic.php%3Ff%3D106%26t%3D5040","N"
"Chestnut Oak","Quercus montana","North Carolina","Buncombe","Mountains-To-Sea Trail  (Busbee Reservoir)","","","The Mountains-to-Sea Trail intersects a road running between two reservoirs.  The site is nearer the upper reservoir, just north of the Blue Ridge Parkway.  The tall grove of white pines is part of the immediate site.","","40255","1","","","","Blue Ridge Parkway","122.9'","Clinometer/laser rangefinder/sine","","","","","Brian Beduhn","2013-02-09","http%3A%2F%2Fwww.ents-bbs.org%2Fviewtopic.php%3Ff%3D106%26t%3D5040","N"
"Chestnut Oak","Quercus montana","North Carolina","Buncombe","Mountains-To-Sea Trail  (Busbee Reservoir)","","","The Mountains-to-Sea Trail intersects a road running between two reservoirs.  The site is nearer the upper reservoir, just north of the Blue Ridge Parkway.  The tall grove of white pines is part of the immediate site.","","40216","1","","","","Blue Ridge Parkway","123.4'","Clinometer/laser rangefinder/sine","","","","","Brian Beduhn","2013-02-09","http%3A%2F%2Fwww.ents-bbs.org%2Fviewtopic.php%3Ff%3D106%26t%3D5040","N"
"Chestnut Oak","Quercus montana","North Carolina","Buncombe","Mountains-To-Sea Trail  (Busbee Reservoir)","","","The Mountains-to-Sea Trail intersects a road running between two reservoirs.  The site is nearer the upper reservoir, just north of the Blue Ridge Parkway.  The tall grove of white pines is part of the immediate site.","","40217","1","","","","Blue Ridge Parkway","133.5'","Clinometer/laser rangefinder/sine","","","","","Brian Beduhn","2013-02-09","http%3A%2F%2Fwww.ents-bbs.org%2Fviewtopic.php%3Ff%3D106%26t%3D5040","N"
"Chestnut Oak","Quercus montana","North Carolina","Haywood","Big Creek","","","","","230477","1","","","","Public - federal","132.7'","Clinometer/laser rangefinder/sine","9.8'","118''","","","James Parton","2009-03-29","http%3A%2F%2Fwww.nativetreesociety.org%2Ffieldtrips%2Fgsmnp%2Fbig_creek%2Fbig_creek.htm","N"
"Chestnut Oak","Quercus montana","North Carolina","Haywood","Chestnut Branch","","","Chestnut Creek into Big Creek into Pigeon River
Trees were also measured on Kilby Branch which goes into Big Creek into Pigeon River","","230424","1","","","","Public - federal","122.7'","Clinometer/laser rangefinder/sine","8.2'","98''","","Measured on Kilby Branch","Jess Riddle, Michael Davie","2004-11-19","http%3A%2F%2Fwww.nativetreesociety.org%2Ffieldtrips%2Fgsmnp%2Fupper_chestnut_branch.htm","N"
"Chestnut Oak","Quercus montana","North Carolina","Haywood","Skiffley Creek","","","Trees were also measured on Dry Branch which is a tributary to an adjoining drainage called Groundhog Creek","","243529","1","","","","Public - national","125.9'","Clinometer/laser rangefinder/sine","10.6'","127''","","Skiffley Creek","Jess Riddle","2006-11-01","http%3A%2F%2Fnativetreesociety.org%2Ffieldtrips%2Fnorth_carolina%2Fskiffley_creek_and_dry_branch.htm","N"
"Chestnut Oak","Quercus montana","North Carolina","Henderson","Carl Sandburg Home National Historical Site","","","Carl Sandburg Home National Historical Site","","229385","1","","","","Public - federal","","Clinometer/laser rangefinder/sine","8.9'","107''","","","James Parton","2008-01-12","http%3A%2F%2Fwww.ents-bbs.org%2Fviewtopic.php%3Ff%3D106%26t%3D911%26sid%3Da2220255d71bc8241b5bc342c81238c3","N"
"Chestnut Oak","Quercus montana","North Carolina","Henderson","Carl Sandburg Home National Historical Site","","","Carl Sandburg Home National Historical Site","","229386","1","","","","Public - federal","","Clinometer/laser rangefinder/sine","10.2'","122''","","","James Parton","2008-01-12","http%3A%2F%2Fwww.ents-bbs.org%2Fviewtopic.php%3Ff%3D106%26t%3D911%26sid%3Da2220255d71bc8241b5bc342c81238c3","N"
"Chestnut Oak","Quercus montana","North Carolina","Henderson","Carl Sandburg Home National Historical Site","","","Carl Sandburg Home National Historical Site","","229387","1","","","","Public - federal","","Clinometer/laser rangefinder/sine","10.6'","127''","","","James Parton","2008-01-12","http%3A%2F%2Fwww.ents-bbs.org%2Fviewtopic.php%3Ff%3D106%26t%3D911%26sid%3Da2220255d71bc8241b5bc342c81238c3","N"
"Chestnut Oak","Quercus montana","North Carolina","Henderson","Carl Sandburg Home National Historical Site","","","Carl Sandburg Home National Historical Site","","229388","1","","","","Public - federal","","Clinometer/laser rangefinder/sine","9.9'","119''","","","James Parton","2008-01-12","http%3A%2F%2Fwww.ents-bbs.org%2Fviewtopic.php%3Ff%3D106%26t%3D911%26sid%3Da2220255d71bc8241b5bc342c81238c3","N"
"Chestnut Oak","Quercus montana","North Carolina","Henderson","Carl Sandburg Home National Historical Site","","","Carl Sandburg Home National Historical Site","","229389","1","","","","Public - federal","","Clinometer/laser rangefinder/sine","15.3'","183''","","","James Parton","2008-01-12","http%3A%2F%2Fwww.ents-bbs.org%2Fviewtopic.php%3Ff%3D106%26t%3D911%26sid%3Da2220255d71bc8241b5bc342c81238c3","N"
"Chestnut Oak","Quercus montana","North Carolina","Henderson","Carl Sandburg Home National Historical Site","","","Carl Sandburg Home National Historical Site","","229390","1","","","","Public - federal","","Clinometer/laser rangefinder/sine","12.7'","152''","","","James Parton","2008-01-12","http%3A%2F%2Fwww.ents-bbs.org%2Fviewtopic.php%3Ff%3D106%26t%3D911%26sid%3Da2220255d71bc8241b5bc342c81238c3","N"
"Chestnut Oak","Quercus montana","North Carolina","Henderson","Jackson Park","","","220 acres
Also see:
http://nativetreesociety.org/fieldtrips/north_carolina/jacksonpark/jackson_park_hendersonville2.htm","","227589","1","","","","Public - city","","Clinometer/laser rangefinder/sine","7.7'","92''","","","James Parton","2008-04-06","http%3A%2F%2Fnativetreesociety.org%2Ffieldtrips%2Fnorth_carolina%2Fjacksonpark%2Fjackson_park_hendersonville2.htm","N"
"Chestnut Oak","Quercus montana","North Carolina","Henderson","Jackson Park","","","220 acres
Also see:
http://nativetreesociety.org/fieldtrips/north_carolina/jacksonpark/jackson_park_hendersonville2.htm","","227599","1","","","","Public - city","70.2'","Clinometer/laser rangefinder/sine","10.3'","123''","","","James Parton","2008-04-06","http%3A%2F%2Fnativetreesociety.org%2Ffieldtrips%2Fnorth_carolina%2Fjacksonpark%2Fjackson_park_hendersonville2.htm","N"
"Chestnut Oak","Quercus montana","North Carolina","Henderson","Kings Mountain","","","","","227908","1","","","","Private","70.5'","Clinometer/laser rangefinder/sine","11.7'","140''","","Circumference taken at 2 1/2'","James Parton","2009-01-10","http%3A%2F%2Fnativetreesociety.org%2Ffieldtrips%2Fnorth_carolina%2F20090110-kingsmountain%2F","N"
"Chestnut Oak","Quercus montana","North Carolina","Transylvania","King Creek","","","","","281410","1","","","","Public - federal","132.4'","Clinometer/laser rangefinder/sine","","","","","Jess Riddle","2012-01-10","http%3A%2F%2Fwww.ents-bbs.org%2Fviewtopic.php%3Ff%3D106%26t%3D3536%26sid%3D5d2aded422e4a23e509a9deed392150f","N"
"Chestnut Oak","Quercus montana","North Carolina","Transylvania","Saddle Gap","","","","","252450","1","","","","Public - federal","128.9'","Clinometer/laser rangefinder/sine","","","","","Jess Riddle","2011-01-07","http%3A%2F%2Fwww.ents-bbs.org%2Fviewtopic.php%3Ff%3D106%26t%3D1874%26sid%3D6a9d9b49f0fe25412fd4f71a79e2c5d9","N"
"Chestnut Oak","Quercus montana","North Carolina","Transylvania","Saddle Gap","","","","","252451","1","","","","Public - federal","137.7'","Clinometer/laser rangefinder/sine","","","","","Jess Riddle","2011-01-07","http%3A%2F%2Fwww.ents-bbs.org%2Fviewtopic.php%3Ff%3D106%26t%3D1874%26sid%3D6a9d9b49f0fe25412fd4f71a79e2c5d9","N"
"Chestnut Oak","Quercus montana","North Carolina","Transylvania","Whitewater River & Waterfall","","","","","39867","1","","","","Public","104.0'","Clinometer/laser rangefinder/sine","","","","","Brian Beduhn","2013-01-19","http%3A%2F%2Fwww.ents-bbs.org%2Fviewtopic.php%3Ff%3D106%26t%3D4913%26p%3D21201%23p21201","N"
"Chestnut Oak","Quercus montana","New York","Cattaraugus","Trackless West","","","A White Pine on Pine Creek was measured on 12/31/2019","","281380","1","","","","Public - state","110.5'","Clinometer/laser rangefinder/sine","5.6'","67''","","","Erik Danielson","2017-10-21","http%3A%2F%2Fwww.ents-bbs.org%2Fviewtopic.php%3Ff%3D105%26t%3D8116%26sid%3D75c3cd14aea4e263f5660ee32feb86dd","N"
"Chestnut Oak","Quercus montana","New York","Cattaraugus","Zoar Valley","","","","","221829","1","","","","Public","97.0'","Clinometer/laser rangefinder/sine","","","","","Elijah Whitcomb, Erik Danielsen","2017-07-01","http%3A%2F%2Fwww.ents-bbs.org%2Fviewtopic.php%3Ff%3D105%26t%3D7379","N"
"Chestnut Oak","Quercus montana","New York","Cattaraugus","Zoar Valley","","","","","221828","1","","","","Public","99.3'","Clinometer/laser rangefinder/sine","6.0'","72''","","","Elijah Whitcomb, Erik Danielsen","2017-07-01","http%3A%2F%2Fwww.ents-bbs.org%2Fviewtopic.php%3Ff%3D105%26t%3D7379","N"
"Chestnut Oak","Quercus montana","New York","Columbia","Clermont State Historic Site","","","","","186065","1","","","","Public","98.4'","Clinometer/laser rangefinder/sine","9.2'","111''","","","Elijah Whitcomb","2019-03-17","","N"
"Chestnut Oak","Quercus montana","New York","Dutchess","Staatsburgh State Historical Site","","","192 acres. It is part of the Mills-Norrie State Park complex with an additional 988 acres.","","261825","1","","","","Public - state","104.2'","Clinometer/laser rangefinder/sine","","","","","Elijah Whitcomb","2018-08-10","http%3A%2F%2Fwww.ents-bbs.org%2Fviewtopic.php%3Ff%3D105%26t%3D8249%26sid%3D7ec1593281317737acda18ab545581a7","N"
"Chestnut Oak","Quercus montana","New York","Dutchess","Staatsburgh State Historical Site","","","192 acres. It is part of the Mills-Norrie State Park complex with an additional 988 acres.","","261824","1","","","","Public - state","104.8'","Clinometer/laser rangefinder/sine","7.2'","86''","","","Elijah Whitcomb","2018-08-10","http%3A%2F%2Fwww.ents-bbs.org%2Fviewtopic.php%3Ff%3D105%26t%3D8249%26sid%3D7ec1593281317737acda18ab545581a7","N"
"Chestnut Oak","Quercus montana","New York","Dutchess","Vanderbilt Estate At Hyde Park","","","","","186255","1","","","","Public","113.0'","Clinometer/laser rangefinder/sine","","","","","Elijah Whitcomb","2019-02-11","","N"
"Chestnut Oak","Quercus montana","New York","Dutchess","Vanderbilt Estate At Hyde Park","","","","","186254","1","","","","Public","113.3'","Clinometer/laser rangefinder/sine","","","","","Elijah Whitcomb","2019-02-11","","N"
"Chestnut Oak","Quercus montana","New York","Manhattan","Inwood Hill Park","","","Trees were measured during a series of visits between 12/20/2015 and 4/08/2016","","260049","1","","","","Public - city","10.9'","Clinometer/laser rangefinder/sine","","","","Multi-stem tree","Erik Danielson","2016-04-08","http%3A%2F%2Fwww.ents-bbs.org%2Fviewtopic.php%3Ff%3D105%26t%3D7396%26sid%3D82c231524f625f1e32dd5d64e14763f8","N"
"Chestnut Oak","Quercus montana","New York","Manhattan","Inwood Hill Park","","","Trees were measured during a series of visits between 12/20/2015 and 4/08/2016","","259978","1","","","","Public - city","100.5'","Clinometer/laser rangefinder/sine","","","","","Erik Danielson","2016-04-08","http%3A%2F%2Fwww.ents-bbs.org%2Fviewtopic.php%3Ff%3D105%26t%3D7396%26sid%3D82c231524f625f1e32dd5d64e14763f8","N"
"Chestnut Oak","Quercus montana","New York","Manhattan","Inwood Hill Park","","","Trees were measured during a series of visits between 12/20/2015 and 4/08/2016","","259977","1","","","","Public - city","100.8'","Clinometer/laser rangefinder/sine","9.1'","109''","","","Erik Danielson","2016-04-08","http%3A%2F%2Fwww.ents-bbs.org%2Fviewtopic.php%3Ff%3D105%26t%3D7396%26sid%3D82c231524f625f1e32dd5d64e14763f8","N"
"Chestnut Oak","Quercus montana","New York","Manhattan","Inwood Hill Park","","","Trees were measured during a series of visits between 12/20/2015 and 4/08/2016","","259976","1","","","","Public - city","101.5'","Clinometer/laser rangefinder/sine","5.8'","70''","","","Erik Danielson","2016-04-08","http%3A%2F%2Fwww.ents-bbs.org%2Fviewtopic.php%3Ff%3D105%26t%3D7396%26sid%3D82c231524f625f1e32dd5d64e14763f8","N"
"Chestnut Oak","Quercus montana","New York","Manhattan","Inwood Hill Park","","","Trees were measured during a series of visits between 12/20/2015 and 4/08/2016","","259935","1","","","","Public - city","101.7'","Clinometer/laser rangefinder/sine","8.9'","107''","","","Erik Danielson","2016-04-08","http%3A%2F%2Fwww.ents-bbs.org%2Fviewtopic.php%3Ff%3D105%26t%3D7396%26sid%3D82c231524f625f1e32dd5d64e14763f8","N"
"Chestnut Oak","Quercus montana","New York","Manhattan","Inwood Hill Park","","","Trees were measured during a series of visits between 12/20/2015 and 4/08/2016","","259934","1","","","","Public - city","101.8'","Clinometer/laser rangefinder/sine","9.9'","119''","","","Erik Danielson","2016-04-08","http%3A%2F%2Fwww.ents-bbs.org%2Fviewtopic.php%3Ff%3D105%26t%3D7396%26sid%3D82c231524f625f1e32dd5d64e14763f8","N"
"Chestnut Oak","Quercus montana","New York","Manhattan","Inwood Hill Park","","","Trees were measured during a series of visits between 12/20/2015 and 4/08/2016","","259933","1","","","","Public - city","102.3'","Clinometer/laser rangefinder/sine","","","","","Erik Danielson","2016-04-08","http%3A%2F%2Fwww.ents-bbs.org%2Fviewtopic.php%3Ff%3D105%26t%3D7396%26sid%3D82c231524f625f1e32dd5d64e14763f8","N"
"Chestnut Oak","Quercus montana","New York","Manhattan","Inwood Hill Park","","","Trees were measured during a series of visits between 12/20/2015 and 4/08/2016","","260032","1","","","","Public - city","104.1'","Clinometer/laser rangefinder/sine","","","","","Erik Danielson","2016-04-08","http%3A%2F%2Fwww.ents-bbs.org%2Fviewtopic.php%3Ff%3D105%26t%3D7396%26sid%3D82c231524f625f1e32dd5d64e14763f8","N"
"Chestnut Oak","Quercus montana","New York","Manhattan","Inwood Hill Park","","","Trees were measured during a series of visits between 12/20/2015 and 4/08/2016","","259982","1","","","","Public - city","110.7'","Clinometer/laser rangefinder/sine","10.9'","131''","","","Erik Danielson","2016-04-08","http%3A%2F%2Fwww.ents-bbs.org%2Fviewtopic.php%3Ff%3D105%26t%3D7396%26sid%3D82c231524f625f1e32dd5d64e14763f8","N"
"Chestnut Oak","Quercus montana","New York","Manhattan","Inwood Hill Park","","","Trees were measured during a series of visits between 12/20/2015 and 4/08/2016","","259975","1","","","","Public - city","111.5'","Clinometer/laser rangefinder/sine","10.4'","125''","81.0'","","Erik Danielson","2016-04-08","http%3A%2F%2Fwww.ents-bbs.org%2Fviewtopic.php%3Ff%3D105%26t%3D7396%26sid%3D82c231524f625f1e32dd5d64e14763f8","N"
"Chestnut Oak","Quercus montana","New York","Manhattan","Inwood Hill Park","","","Trees were measured during a series of visits between 12/20/2015 and 4/08/2016","","259995","1","","","","Public - city","127.2'","Clinometer/laser rangefinder/sine","","","","","Erik Danielson","2016-04-08","http%3A%2F%2Fwww.ents-bbs.org%2Fviewtopic.php%3Ff%3D105%26t%3D7396%26sid%3D82c231524f625f1e32dd5d64e14763f8","N"
"Chestnut Oak","Quercus montana","New York","Manhattan","Inwood Hill Park","","","Trees were measured during a series of visits between 12/20/2015 and 4/08/2016","","260031","1","","","","Public - city","132.5'","Clinometer/laser rangefinder/sine","8.1'","97''","","","Erik Danielson","2016-04-08","http%3A%2F%2Fwww.ents-bbs.org%2Fviewtopic.php%3Ff%3D105%26t%3D7396%26sid%3D82c231524f625f1e32dd5d64e14763f8","N"
"Chestnut Oak","Quercus montana","New York","Monroe","Durand Eastman Park","","","","","281897","1","","","","Public","71.8'","Clinometer/laser rangefinder/sine","8.8'","106''","","","Elijah Whitcomb","2020-10-05","","N"
"Chestnut Oak","Quercus montana","New York","Monroe","Highland Park","","","","","226103","1","","","","Public","94.1'","Clinometer/laser rangefinder/sine","11.2'","134''","","Dead top","Elijah Whitcomb, Tom Howard","2020-11-01","http%3A%2F%2Fwww.ents-bbs.org%2Fviewtopic.php%3Ff%3D105%26t%3D7037","N"
"Chestnut Oak","Quercus montana","New York","Nassau","Tiffany Creek Preserve","","","","","260091","1","","","","Public - county","103.5'","Clinometer/laser rangefinder/sine","6.4'","77''","","Very old tree","Erik Danielson","2016-04-22","http%3A%2F%2Fwww.ents-bbs.org%2Fviewtopic.php%3Ff%3D105%26t%3D7660%26sid%3D60eba587880cce73bb509f21b4be94c1","N"
"Chestnut Oak","Quercus montana","New York","Onondaga","Whiskey Hollow","43 07.022","-076 23.477","","","229731","1","43 07.022","-076 23.477","685.0 ft","Private","98.6'","Clinometer/laser rangefinder/sine","","","","Double trunk","Elijah Whitcomb","2021-01-03","","N"
"Chestnut Oak","Quercus montana","New York","Onondaga","Whiskey Hollow","43 07.051","-076 23.504","","","229730","1","43 07.051","-076 23.504","640.0 ft","Private","122.8'","Clinometer/laser rangefinder/sine","7.5'","90''","","","Elijah Whitcomb","2021-01-03","","N"
"Chestnut Oak","Quercus montana","New York","Orange","Storm King State Park","","","","","186153","1","","","","Public","111.6'","Clinometer/laser rangefinder/sine","","","","","Elijah Whitcomb","2019-04-07","","N"
"Chestnut Oak","Quercus montana","New York","Richmond","The Greenbelt","","","","","260235","1","","","","Public - county","97.0'","Clinometer/laser rangefinder/sine","10.9'","131''","","High Rock Park","Erik Danielson","2016-02-21","http%3A%2F%2Fwww.ents-bbs.org%2Fviewtopic.php%3Ff%3D105%26t%3D7541%26sid%3Ded2fa30b6553b50502468b82dfb9fe41","N"
"Chestnut Oak","Quercus montana","New York","Richmond","The Greenbelt","","","","","260234","1","","","","Public - county","98.0'","Clinometer/laser rangefinder/sine","","","","High Rock Park","Erik Danielson","2016-02-21","http%3A%2F%2Fwww.ents-bbs.org%2Fviewtopic.php%3Ff%3D105%26t%3D7541%26sid%3Ded2fa30b6553b50502468b82dfb9fe41","N"
"Chestnut Oak","Quercus montana","New York","Richmond","The Greenbelt","","","","","260236","1","","","","Public - county","103.9'","Clinometer/laser rangefinder/sine","","","","High Rock Park","Erik Danielson","2016-02-21","http%3A%2F%2Fwww.ents-bbs.org%2Fviewtopic.php%3Ff%3D105%26t%3D7541%26sid%3Ded2fa30b6553b50502468b82dfb9fe41","N"
"Chestnut Oak","Quercus montana","New York","Saratoga","Moreau Lake State Park","43 14.110","-073 43.194","","","209460","1","43 14.110","-073 43.194","","Public","94.5'","Clinometer/laser rangefinder/sine","4.7'","56''","","","Elijah Whitcomb","2020-05-17","","N"
"Chestnut Oak","Quercus montana","New York","Schuyler","Watkins Glen State Park","","","","","186108","1","","","","Public","96.0'","Clinometer/laser rangefinder/sine","","","","","Elijah Whitcomb","2019-02-11","","N"
"Chestnut Oak","Quercus montana","New York","Seneca","Cayuga Lake State Park","","","","","221073","1","","","","Public","97.8'","Clinometer/laser rangefinder/sine","4.8'","58''","","","Elijah Whitcomb, Tom Howard","2020-11-16","http%3A%2F%2Fwww.ents-bbs.org%2Fviewtopic.php%3Ff%3D105%26t%3D7243","N"
"Chestnut Oak","Quercus montana","New York","Suffolk","Seminary Of Immaculate Conception","","","Trees measured in woodland behind seminary.","","264368","1","","","","Private","104.5'","Clinometer/laser rangefinder/sine","5.4'","65''","","","Erik Danielson, Daniel Karpan","2017-03-13","http%3A%2F%2Fwww.ents-bbs.org%2Fviewtopic.php%3Ff%3D105%26t%3D7958%26sid%3Dd931350e7604e1f4aba1a18082d94ded%23p39680","N"
"Chestnut Oak","Quercus montana","New York","Tompkins","Robert H. Treman State Park","","","","","212978","1","","","","Public","114.2'","Clinometer/laser rangefinder/sine","7.0'","84''","","","Elijah Whitcomb","2019-06-10","","N"
"Chestnut Oak","Quercus montana","New York","Tompkins","Taughannock Falls State Park","42 32.355","-076 36.491","","","230118","1","42 32.355","-076 36.491","775.0 ft","Public","97.8'","Clinometer/laser rangefinder/sine","6.5'","78''","","","Elijah Whitcomb","2021-01-10","","N"
"Chestnut Oak","Quercus montana","New York","Ulster","Palmaghatt Kill Ravine","","","22,275 acres managed by the Palisades Interstate Park commission and the New York Office of Parks, Recreation and Historic Preservation.","","257052","1","","","","Public - state","5.5'","Clinometer/laser rangefinder/sine","3.5'","42''","","","Harold Stoner","2002-11-09","http%3A%2F%2Fwww.nativetreesociety.org%2Ffieldtrips%2Fnew_york%2Fpalmaghatt_survey_report.htm","N"
"Chestnut Oak","Quercus montana","New York","Wayne/Cayuga","Howland's Island","","","Part of the Montezuma NWF, Howland's Island is a multi-use public property. The land area is broken up by several large ponds, swamps, meadows, fields and cattail marshes.  Most of the forested land contains even-aged hardwood stands, though a few very large and old specimens can be found.","","220749","1","","","","Public (NYS)","69.7'","Clinometer/laser rangefinder/sine","7.6'","91''","","","Elijah Whitcomb","2020-11-16","http%3A%2F%2Fwww.ents-bbs.org%2Fviewtopic.php%3Ff%3D105%26t%3D3337","N"
"Chestnut Oak","Quercus montana","New York","Westchester","Rockefeller State Park Preserve","","","","","202594","1","","","","Public","109.2'","Clinometer/laser rangefinder/sine","","","","","Elijah Whitcomb, Erik Danielsen","2020-01-12","","N"
"Chestnut Oak","Quercus montana","New York","Wyoming/Livingston","Letchworth State Park","","","","","217826","1","","","","Public","101.0'","Clinometer/laser rangefinder/sine","","","","","Elijah Whitcomb","2020-10-11","http%3A%2F%2Fwww.ents-bbs.org%2Fviewtopic.php%3Ff%3D105%26t%3D7878","N"
"Chestnut Oak","Quercus montana","Ohio","Athens","Riddle Nature Preserve","","","106 acres managed by the City of Athens.","","165807","1","","","","Public-state","103.0'","Clinometer/laser rangefinder/sine","7.0'","84''","","","Randy Brown","2008-04-08","http%3A%2F%2Fwww.nativetreesociety.org%2Ffieldtrips%2Fohio%2Friddle%2Friddle_hawk_woods.htm","N"
"Chestnut Oak","Quercus montana","Ohio","Butler","Miami University","","","Four Bur Oaks, including the largest one were measured on 2/3/2013 by M. Markworth.

see:http://www.ents-bbs.org/viewtopic.php?f=111&t=5009#p21622","","168465","1","","","","Public-state","","Clinometer/laser rangefinder/sine","9.1'","109''","","","Matt Markworth, Steve Galehouse","2013-05-08","http%3A%2F%2Fwww.ents-bbs.org%2Fviewtopic.php%3Ff%3D111%26t%3D5371%23p23473","N"
"Chestnut Oak","Quercus montana","Ohio","Franklin","Ohio Single Tree Sites","38 42.257","-083 05.485","","","302728","1","38 42.257","-083 05.485","","Public, Private","116.0'","Clinometer/laser rangefinder/sine","13.6'","163''","","Measured by Duane Hook and Tom Robinson 4/2013 on Shawnee State Forest Property","Turner Sharp","2000-01-01","","N"
"Chestnut Oak","Quercus montana","Ohio","Highland","Highland Nature Sanctuary","","","From trip reports posted on the NTS BBS page dated:
8/28/2012, 11/2/14.","","168939","1","","","","Private","101.5'","Clinometer/laser rangefinder/sine","12.1'","145''","","On Big Beech Trail","Robert Leverett, Matt Markworth, Rand Brown","2014-06-27","http%3A%2F%2Fwww.ents-bbs.org%2Fviewtopic.php%3Ff%3D111%26t%3D6705","N"
"Chestnut Oak","Quercus montana","Ohio","Highland","Pike Ste Forest","","","Trees measured were in two coves.","","161924","1","","","","Public-state","118.5'","Clinometer/laser rangefinder/sine","8.3'","100''","","","Matt Markworth, Rand Brown","2014-02-23","http%3A%2F%2Fwww.ents-bbs.org%2Fviewtopic.php%3Ff%3D111%26t%3D6128%23p27758","N"
"Chestnut Oak","Quercus montana","Ohio","Highland","Pike Ste Forest","","","Trees measured were in two coves.","","161919","1","","","","Public-state","121.0'","Clinometer/laser rangefinder/sine","7.6'","91''","","","Matt Markworth, Rand Brown","2014-02-23","http%3A%2F%2Fwww.ents-bbs.org%2Fviewtopic.php%3Ff%3D111%26t%3D6128%23p27758","N"
"Chestnut Oak","Quercus montana","Ohio","Highland","Pike Ste Forest","","","Trees measured were in two coves.","","161935","1","","","","Public-state","135.0'","Clinometer/laser rangefinder/sine","9.5'","114''","","","Matt Markworth, Rand Brown","2014-02-23","http%3A%2F%2Fwww.ents-bbs.org%2Fviewtopic.php%3Ff%3D111%26t%3D6128%23p27758","N"
"Chestnut Oak","Quercus montana","Ohio","Highland","Pike Ste Forest","","","Trees measured were in two coves.","","161937","1","","","","Public-state","137.0'","Clinometer/laser rangefinder/sine","8.9'","107''","","","Matt Markworth, Rand Brown","2014-02-23","http%3A%2F%2Fwww.ents-bbs.org%2Fviewtopic.php%3Ff%3D111%26t%3D6128%23p27758","N"
"Chestnut Oak","Quercus montana","Ohio","Lake","Stebbin's Gulch","41 36.459","-081 16.280","","","166880","1","41 36.459","-081 16.280","1088.0 ft","Private","83.0'","Clinometer/laser rangefinder/sine","11.5'","138''","","Stebbin's Gulch North","Steve Galehouse, Ed Frank, Randy Brown","2009-07-18","http%3A%2F%2Fwww.nativetreesociety.org%2Ffieldtrips%2Fohio%2Fholden2009%2Fholden1.htm","N"
"Chestnut Oak","Quercus montana","Ohio","Lake","Stebbin's Gulch","41 36.425","-081 16.186","","","166881","1","41 36.425","-081 16.186","1150.0 ft","Private","93.0'","Clinometer/laser rangefinder/sine","9.1'","109''","","Stebbin's Gulch North","Steve Galehouse, Ed Frank, Randy Brown","2009-07-18","http%3A%2F%2Fwww.nativetreesociety.org%2Ffieldtrips%2Fohio%2Fholden2009%2Fholden1.htm","N"
"Chestnut Oak","Quercus montana","Pennsylvania","Adams","Gettysburg National Military Park","","","Trees were measured over a four day period ending on51/2008","","168993","1","","","","Public - National Park","97.7'","Clinometer/laser rangefinder/sine","6.9'","83''","","","Dale Luthringer","2008-05-01","http%3A%2F%2Fwww.nativetreesociety.org%2Ffieldtrips%2Fpenna%2Fgettysburg%2Fgettysburg_nmp_pa.htm","N"
"Chestnut Oak","Quercus montana","Pennsylvania","Centre","Bear Meadows Natural Area","","","Natural Area contains 890 Acres","","168968","1","","","","Public - State Forest","87.1'","Clinometer/laser rangefinder/sine","6.2'","74''","","Height is Not Less Than (NLT)","Dale Luthringer","2004-04-15","http%3A%2F%2Fwww.nativetreesociety.org%2Ffieldtrips%2Fpenna%2Fbear_meadows.htm","N"
"Chestnut Oak","Quercus montana","Pennsylvania","Centre","Laurel Run Road","","","","","130015","1","","","","Private","90.6'","Clinometer/laser rangefinder/sine","","","","Height is Not Less Than (NLT)","Dale Luthringer","2004-11-18","http%3A%2F%2Fwww.nativetreesociety.org%2Ffieldtrips%2Fpenna%2Fshingletown_gap.htm","N"
"Chestnut Oak","Quercus montana","Pennsylvania","Centre","Shingletown Gap","","","","","129990","1","","","","Public - State forest","78.1'","Clinometer/laser rangefinder/sine","4.8'","58''","","Height is Not Less Than (NLT)","Dale Luthringer","2004-11-18","http%3A%2F%2Fwww.nativetreesociety.org%2Ffieldtrips%2Fpenna%2Fshingletown_gap.htm","N"
"Chestnut Oak","Quercus montana","Pennsylvania","Centre","Shingletown Gap","","","","","129991","1","","","","Public - State forest","90.1'","Clinometer/laser rangefinder/sine","4.8'","58''","","Height is Not Less Than (NLT)","Dale Luthringer","2004-11-18","http%3A%2F%2Fwww.nativetreesociety.org%2Ffieldtrips%2Fpenna%2Fshingletown_gap.htm","N"
"Chestnut Oak","Quercus montana","Pennsylvania","Chester","Airdrie Forest Preserve","","","","","143141","1","","","","Public","116.8'","Clinometer/laser rangefinder/sine","9.0'","108''","","","George Fieo","2009-06-21","","N"
"Chestnut Oak","Quercus montana","Pennsylvania","Chester","Airdrie Forest Preserve","","","","","143142","1","","","","Public","120.2'","Clinometer/laser rangefinder/sine","5.1'","61''","","","George Fieo","2009-06-21","","N"
"Chestnut Oak","Quercus montana","Pennsylvania","Chester","Laurels Preserve","","","Contains 500 acres of mature hardwood forest.","","212124","1","","","","Private","111.7'","Clinometer/laser rangefinder/sine","9.7'","116''","","","George Fieo","2019-06-15","http%3A%2F%2Fents-bbs.org%2Fviewtopic.php%3Ff%3D151%26t%3D8642","N"
"Chestnut Oak","Quercus montana","Pennsylvania","Chester","Laurels Preserve","","","Contains 500 acres of mature hardwood forest.","","212125","1","","","","Private","116.2'","Clinometer/laser rangefinder/sine","5.2'","62''","","","George Fieo","2019-06-15","http%3A%2F%2Fents-bbs.org%2Fviewtopic.php%3Ff%3D151%26t%3D8642","N"
"Chestnut Oak","Quercus montana","Pennsylvania","Chester","Laurels Preserve","","","Contains 500 acres of mature hardwood forest.","","212126","1","","","","Private","119.0'","Clinometer/laser rangefinder/sine","6.5'","78''","","","George Fieo","2019-06-15","http%3A%2F%2Fents-bbs.org%2Fviewtopic.php%3Ff%3D151%26t%3D8642","N"
"Chestnut Oak","Quercus montana","Pennsylvania","Chester","Laurels Preserve","","","Contains 500 acres of mature hardwood forest.","","212131","1","","","","Private","120.8'","Clinometer/laser rangefinder/sine","10.1'","121''","","","George Fieo","2019-06-15","http%3A%2F%2Fents-bbs.org%2Fviewtopic.php%3Ff%3D151%26t%3D8642","N"
"Chestnut Oak","Quercus montana","Pennsylvania","Chester","Laurels Preserve","","","Contains 500 acres of mature hardwood forest.","","212132","1","","","","Private","121.5'","Clinometer/laser rangefinder/sine","5.7'","68''","","","George Fieo","2019-06-15","http%3A%2F%2Fents-bbs.org%2Fviewtopic.php%3Ff%3D151%26t%3D8642","N"
"Chestnut Oak","Quercus montana","Pennsylvania","Chester","Laurels Preserve","","","Contains 500 acres of mature hardwood forest.","","212133","1","","","","Private","122.4'","Clinometer/laser rangefinder/sine","5.9'","71''","","","George Fieo","2019-06-15","http%3A%2F%2Fents-bbs.org%2Fviewtopic.php%3Ff%3D151%26t%3D8642","N"
"Chestnut Oak","Quercus montana","Pennsylvania","Chester/Montgomery","Valley Forge National Park","","","","","143203","1","","","","Public, National Park","89.0'","Clinometer/laser rangefinder/sine","6.8'","81''","","Chester County","George Fieo","2009-01-20","","N"
"Chestnut Oak","Quercus montana","Pennsylvania","Chester/Montgomery","Valley Forge National Park","","","","","143204","1","","","","Public, National Park","94.5'","Clinometer/laser rangefinder/sine","5.8'","70''","","Chester County","George Fieo","2009-01-20","","N"
"Chestnut Oak","Quercus montana","Pennsylvania","Clarion","CFSP-Seneca Forest Special Management Area","","","","","146588","1","","","","Public - state","93.1'","Clinometer/laser rangefinder/sine","8.9'","107''","","Height is Not Less Than (NLT)
On ridge top.","Dale Luthringer","2006-09-22","http%3A%2F%2Fwww.ents-bbs.org%2Fviewtopic.php%3Ff%3D116%26t%3D8154","N"
"Chestnut Oak","Quercus montana","Pennsylvania","Clarion","CFSP-Seneca Forest Special Management Area","","","","","146589","1","","","","Public - state","102.1'","Clinometer/laser rangefinder/sine","8.7'","104''","","Height is Not Less Than (NLT)
On ridge top.","Dale Luthringer","2006-09-22","http%3A%2F%2Fwww.ents-bbs.org%2Fviewtopic.php%3Ff%3D116%26t%3D8154","N"
"Chestnut Oak","Quercus montana","Pennsylvania","Clarion","CFSP-Seneca Forest Special Management Area","","","","","214729","1","","","","Public - state","102.1'","Clinometer/laser rangefinder/sine","7.2'","86''","","Height is Not Less Than (NLT)","Dale Luthringer","2007-01-11","http%3A%2F%2Fwww.ents-bbs.org%2Fviewtopic.php%3Ff%3D116%26t%3D8154","N"
"Chestnut Oak","Quercus montana","Pennsylvania","Clarion","Gravel Lick Bridge To Mill Creek River Access","","","Nine miles via canoe","","139560","1","","","","Public, private","94.0'","Clinometer/laser rangefinder/sine","","","","Tree is at Maxwell Run, river left descending.","Edward Frank, Carl Harting","2008-10-16","","N"
"Chestnut Oak","Quercus montana","Pennsylvania","Clinton","Mt. Logan Natural Area","41 07.576","-077 22.103","","","139936","1","41 07.576","-077 22.103","","Public - state","45.0'","Clinometer/laser rangefinder/sine","4.7'","56''","","","Edward Frank, Robert Frank","2007-10-04","","N"
"Chestnut Oak","Quercus montana","Pennsylvania","Clinton","Spruce Run Road","","","","","166104","1","","","","Public - state","85.5'","Clinometer/laser rangefinder/sine","4.9'","59''","","","Edward Frank, Lynn Greenaway","2010-03-19","","N"
"Chestnut Oak","Quercus montana","Pennsylvania","Crawford","Greendale Cemetery-Cemetery Run","","","","","168007","1","","","","Private","77.7'","Clinometer/laser rangefinder/sine","10.3'","124''","","Top out, Heart rot","Dale Luthringer","2009-01-01","http%3A%2F%2Fgroups.google.com%2Fgroup%2Fentstrees%2Fbrowse_thread%2Fthread%2F715eb2ea21c8e59e%3Fhl%3Den","N"
"Chestnut Oak","Quercus montana","Pennsylvania","Crawford","Greendale Cemetery-Cemetery Run","41 38.647","-080 07.985","","","168008","1","41 38.647","-080 07.985","","Private","99.1'","Clinometer/laser rangefinder/sine","8.3'","100''","","Height is Not Less Than (NLT)
Cored to 289 years","Dale Luthringer","2009-01-01","http%3A%2F%2Fgroups.google.com%2Fgroup%2Fentstrees%2Fbrowse_thread%2Fthread%2F715eb2ea21c8e59e%3Fhl%3Den","N"
"Chestnut Oak","Quercus montana","Pennsylvania","Delaware","Our Lady Of Angels Convent","","","","","133883","1","","","200.0 ft","Private","84.4'","Clinometer/laser rangefinder/sine","10.8'","130''","","","Scott Wade","2005-03-21","http%3A%2F%2Fwww.nativetreesociety.org%2Ffieldtrips%2Fpenna%2Four_lady_of_angels.htm","N"
"Chestnut Oak","Quercus montana","Pennsylvania","Delaware","Ridley Creek State Park","","","","","143004","1","","","","State","105.8'","Clinometer/laser rangefinder/sine","10.7'","128''","","","George Fieo","2010-11-30","","N"
"Chestnut Oak","Quercus montana","Pennsylvania","Delaware","Ridley Creek State Park","","","","","143005","1","","","","State","126.5'","Clinometer/laser rangefinder/sine","8.2'","98''","","","George Fieo","2010-11-30","","N"
"Chestnut Oak","Quercus montana","Pennsylvania","Delaware","Ridley Creek State Park","","","","","143006","1","","","","State","127.8'","Clinometer/laser rangefinder/sine","5.8'","69''","","","George Fieo","2010-11-30","","N"
"Chestnut Oak","Quercus montana","Pennsylvania","Delaware","Swarthmore College - Crum Creek","","","","","134862","1","","","","Private","118.3'","Clinometer/laser rangefinder/sine","","","","","Scott Wade, Mike Dunn","2009-01-30","http%3A%2F%2Fwww.nativetreesociety.org%2Ffieldtrips%2Fpenna%2Fswarthmore_college.htm","N"
"Chestnut Oak","Quercus montana","Pennsylvania","Fayette","Ferncliff Penisular Natural Area","","","","","167628","1","","","","Public - State Park","56.5'","Clinometer/laser rangefinder/sine","10.2'","122''","","","Edward Frank, Anthony Kelly","2006-11-14","http%3A%2F%2Fwww.nativetreesociety.org%2Ffieldtrips%2Fpenna%2Fohiopyle_state_park07.htm","N"
"Chestnut Oak","Quercus montana","Pennsylvania","Fayette","Ferncliff Penisular Natural Area","","","","","167627","1","","","","Public - State Park","105.5'","Clinometer/laser rangefinder/sine","17.0'","204''","","","Edward Frank, Anthony Kelly","2006-11-14","http%3A%2F%2Fwww.nativetreesociety.org%2Ffieldtrips%2Fpenna%2Fohiopyle_state_park07.htm","N"
"Chestnut Oak","Quercus montana","Pennsylvania","Fayette","Hewitt Island","","","Island is in the Youghiogheny River near Perryopolis.","","224748","1","","","","Public","89.5'","Clinometer/laser rangefinder/sine","4.6'","55''","","","Edward Franks, Steve Halow","2010-08-28","http%3A%2F%2Fwww.ents-bbs.org%2Fviewtopic.php%3Ff%3D154%26t%3D1279","N"
"Chestnut Oak","Quercus montana","Pennsylvania","Forest","CFSP-Foundation Ridge And Flats","","","American Chestnuts were measured  on 8/9 /2005.
See: http://www.nativetreesociety.org/fieldtrips/penna_cook_forest/two_trips_to_cook_forest.htm
Also see Luthringer measurements at:: http://www.nativetreesociety.org/fieldtrips/penna_cook_forest/foundation_ridge_flat_update.htm","","147067","1","","","","Public-state","91.8'","Clinometer/laser rangefinder/sine","9.3'","112''","","Big burl on tree. Circumference taken at 6.5'","Dale Luthringer","2006-08-10","http%3A%2F%2Fwww.nativetreesociety.org%2Ffieldtrips%2Fpenna_cook_forest%2Ffoundation_ridge_flat.htm","N"
"Chestnut Oak","Quercus montana","Pennsylvania","Forest","CFSP-River Cabins And Flats","","","Measurements made between 1/1/2002 and 8/6/2004","","145390","1","","","","Public-state","96.4'","Clinometer/laser rangefinder/sine","4.9'","59''","","","Dale Luthringer","2004-08-06","","N"
"Chestnut Oak","Quercus montana","Pennsylvania","Forest","CFSP-River Cabins And Flats","","","Measurements made between 1/1/2002 and 8/6/2004","","145379","1","","","","Public-state","101.1'","Clinometer/laser rangefinder/sine","9.0'","108''","","2nd Bench","Dale Luthringer","2004-08-06","","N"
"Chestnut Oak","Quercus montana","Pennsylvania","Forest","CFSP-River Cabins And Flats","","","Measurements made between 1/1/2002 and 8/6/2004","","145380","1","","","","Public-state","111.1'","Clinometer/laser rangefinder/sine","5.4'","65''","","2nd Bench. Height is Not Less Than (NLT)","Dale Luthringer","2004-08-06","","N"
"Chestnut Oak","Quercus montana","Pennsylvania","Huntingdon","Alan Seeger Natural Area","","","390 Acres in the Natural Area","","139746","1","","","","Public - State Forest","96.1'","Clinometer/laser rangefinder/sine","8.0'","96''","","Height is Not Less Than (NLT)","Dale Luthringer, Robert Leverett","2002-11-18","http%3A%2F%2Fwww.nativetreesociety.org%2Ffieldtrips%2Fpenna%2Falan_seeger_natural_area.htm","N"
"Chestnut Oak","Quercus montana","Pennsylvania","Huntingdon","Detweiler Run Natural Area","","","463 Acres","","129714","1","","","","Public - state","81.1'","Clinometer/laser rangefinder/sine","6.0'","72''","","","Dale Luthringer","2004-04-16","http%3A%2F%2Fwww.nativetreesociety.org%2Ffieldtrips%2Fpenna%2Fdetweiler_run.htm","N"
"Chestnut Oak","Quercus montana","Pennsylvania","Huntingdon","Detweiler Run Natural Area","","","463 Acres","","129715","1","","","","Public - state","84.1'","Clinometer/laser rangefinder/sine","7.0'","84''","","Height is Not Less Than (NLT)","Dale Luthringer","2004-04-16","http%3A%2F%2Fwww.nativetreesociety.org%2Ffieldtrips%2Fpenna%2Fdetweiler_run.htm","N"
"Chestnut Oak","Quercus montana","Pennsylvania","Jefferson","Reynoldsville","","","","","169457","1","","","","Private","81.0'","Clinometer/laser rangefinder/sine","5.8'","69''","","","Edward Frank","2011-05-06","","N"
"Chestnut Oak","Quercus montana","Pennsylvania","Jefferson","Reynoldsville","41 06.406","-078 54.052","","","139945","2","41 06.406","-078 54.052","","Private","84.0'","Clinometer/laser rangefinder/sine","6.4'","77''","","","Edward Frank, Edward Frank","2011-05-06","","N"
"Chestnut Oak","Quercus montana","Pennsylvania","Jefferson","Reynoldsville","","","","","169456","1","","","","Private","90.0'","Clinometer/laser rangefinder/sine","8.7'","104''","","","Edward Frank","2011-05-06","","N"
"Chestnut Oak","Quercus montana","Pennsylvania","Jefferson","Reynoldsville","","","","","169455","1","","","","Private","91.5'","Clinometer/laser rangefinder/sine","6.7'","80''","","","Edward Frank","2011-05-06","","N"
"Chestnut Oak","Quercus montana","Pennsylvania","Jefferson","Reynoldsville","","","","","169454","1","","","","Private","94.0'","Clinometer/laser rangefinder/sine","6.5'","78''","","#3 of 3 in a clump","Edward Frank","2011-05-06","","N"
"Chestnut Oak","Quercus montana","Pennsylvania","Jefferson","Reynoldsville","","","","","169452","1","","","","Private","96.0'","Clinometer/laser rangefinder/sine","5.9'","71''","","#1 0f 3 in a clump","Edward Frank","2011-05-06","","N"
"Chestnut Oak","Quercus montana","Pennsylvania","Jefferson","Reynoldsville","","","","","169453","1","","","","Private","96.0'","Clinometer/laser rangefinder/sine","7.4'","89''","","#2 of 3min a clump","Edward Frank","2011-05-06","","N"
"Chestnut Oak","Quercus montana","Pennsylvania","Lawrence","Mcconnells Mill State Park","","","","","117337","1","","","","Public - State Park","","Clinometer/laser rangefinder/sine","7.7'","92''","","","Anthony Kelly","2006-01-07","","N"
"Chestnut Oak","Quercus montana","Pennsylvania","Lawrence","Mcconnells Mill State Park","","","","","117338","1","","","","Public - State Park","","Clinometer/laser rangefinder/sine","8.5'","102''","","","Anthony Kelly","2006-01-07","","N"
"Chestnut Oak","Quercus montana","Pennsylvania","Luzerne","Glens Natural Area","","","","","128970","1","","","","Public - State Park","84.1'","Clinometer/laser rangefinder/sine","5.8'","70''","","Height is Not Less Than (NLT)","Dale Luthringer","2003-11-06","","N"
"Chestnut Oak","Quercus montana","Pennsylvania","Monroe","Appalachian Trail At Delaware Water Gap NRA","","","","","129372","1","","","","Public - National Recreation Area","102.1'","Clinometer/laser rangefinder/sine","13.6'","164''","","","Ed Coyle","2004-12-31","http%3A%2F%2Fwww.nativetreesociety.org%2Ffieldtrips%2Fpenna%2Fhemlocks_natural_area2.htm","N"
"Chestnut Oak","Quercus montana","Pennsylvania","Monroe","Godfrey Ridge","40 58.975","-075 09.894","A Land Trust has purchased 180 acres on the slopes","","129340","1","40 58.975","-075 09.894","800.0 ft","Private","96.1'","Clinometer/laser rangefinder/sine","9.3'","112''","","Height is Not Less Than (NLT)","Dale Luthringer","2007-04-28","http%3A%2F%2Fwww.nativetreesociety.org%2Ffieldtrips%2Fpenna%2Fdelaware_water_gap_and_adjacent_.htm","N"
"Chestnut Oak","Quercus montana","Pennsylvania","Montgomery","John James Audobon Center At Mill Grove","","","130 Acres with nine miles of trails.
Trees were also measured on 12/14/2008.","","134308","1","","","","Private","85.9'","Clinometer/laser rangefinder/sine","5.1'","61''","","","George Fieo","2008-12-05","http%3A%2F%2Fwww.nativetreesociety.org%2Ffieldtrips%2Fpenna%2Fpa_audubon_wildlife_sanctuary.htm","N"
"Chestnut Oak","Quercus montana","Pennsylvania","Montgomery","Mont Clare Cliffs And  Schuykill River Corridor","","","","","166539","1","","","","Private","87.3'","Clinometer/laser rangefinder/sine","11.2'","134''","","","George Fieo","2009-05-25","http%3A%2F%2Fwww.nativetreesociety.org%2Ffieldtrips%2Fpenna%2F20090525-montclare%2F20090525-montclare.htm","N"
"Chestnut Oak","Quercus montana","Pennsylvania","Montgomery","Mont Clare Cliffs And  Schuykill River Corridor","","","","","166540","1","","","","Private","104.7'","Clinometer/laser rangefinder/sine","6.2'","74''","","","George Fieo","2009-05-25","http%3A%2F%2Fwww.nativetreesociety.org%2Ffieldtrips%2Fpenna%2F20090525-montclare%2F20090525-montclare.htm","N"
"Chestnut Oak","Quercus montana","Pennsylvania","Northampton","Henry's Wood - Jacobsburg State Park","","","Some measurements by D. Luthringer 3/31/2010
Also see:
http://www.ents-bbs.org/viewtopic.php?f=151&t=541","","222210","1","","","","Public - state","83.9'","Clinometer/laser rangefinder/sine","7.9'","95''","","","George Fieo, Dale Luthringer","2009-11-11","http%3A%2F%2Fgroups.google.com%2Fgroup%2Fentstrees%2Fbrowse_thread%2Fthread%2F18db47149de48864%3Fhl%3Den","N"
"Chestnut Oak","Quercus montana","Pennsylvania","Northampton","Henry's Wood - Jacobsburg State Park","","","Some measurements by D. Luthringer 3/31/2010
Also see:
http://www.ents-bbs.org/viewtopic.php?f=151&t=541","","222211","1","","","","Public - state","88.2'","Clinometer/laser rangefinder/sine","8.5'","102''","","","George Fieo, Dale Luthringer","2009-11-11","http%3A%2F%2Fgroups.google.com%2Fgroup%2Fentstrees%2Fbrowse_thread%2Fthread%2F18db47149de48864%3Fhl%3Den","N"
"Chestnut Oak","Quercus montana","Pennsylvania","Northampton","Henry's Wood - Jacobsburg State Park","","","Some measurements by D. Luthringer 3/31/2010
Also see:
http://www.ents-bbs.org/viewtopic.php?f=151&t=541","","222212","1","","","","Public - state","97.1'","Clinometer/laser rangefinder/sine","8.0'","96''","","","George Fieo, Dale Luthringer","2009-11-11","http%3A%2F%2Fgroups.google.com%2Fgroup%2Fentstrees%2Fbrowse_thread%2Fthread%2F18db47149de48864%3Fhl%3Den","N"
"Chestnut Oak","Quercus montana","Pennsylvania","Northampton","Henry's Wood - Jacobsburg State Park","","","Some measurements by D. Luthringer 3/31/2010
Also see:
http://www.ents-bbs.org/viewtopic.php?f=151&t=541","","222201","1","","","","Public - state","114.1'","Clinometer/laser rangefinder/sine","8.8'","106''","","Measurement by D. Luthringer 3/31/2010","George Fieo, Dale Luthringer","2009-11-11","http%3A%2F%2Fgroups.google.com%2Fgroup%2Fentstrees%2Fbrowse_thread%2Fthread%2F18db47149de48864%3Fhl%3Den","N"
"Chestnut Oak","Quercus montana","Pennsylvania","Perry","Hemlocks Natural Area","","","","","129439","1","","","","Public - State Forest","","Clinometer/laser rangefinder/sine","9.8'","118''","","","Dale Luthringer","2004-12-28","http%3A%2F%2Fwww.nativetreesociety.org%2Ffieldtrips%2Fpenna%2Fhemlocks_natural_area2.htm","N"
"Chestnut Oak","Quercus montana","Pennsylvania","Perry","Hemlocks Natural Area","","","","","129440","1","","","","Public - State Forest","102.8'","Clinometer/laser rangefinder/sine","","","","","Dale Luthringer","2004-12-28","http%3A%2F%2Fwww.nativetreesociety.org%2Ffieldtrips%2Fpenna%2Fhemlocks_natural_area2.htm","N"
"Chestnut Oak","Quercus montana","Pennsylvania","Philadelphia","Wissahickon Valley Park","40 01.603","-075 11.822","","","173675","1","40 01.603","-075 11.822","","Public - city","103.2'","Clinometer/laser rangefinder/sine","12.5'","150''","","","George Fieo","2011-11-15","","N"
"Chestnut Oak","Quercus montana","Pennsylvania","Philadelphia","Wissahickon Valley Park","","","","","214177","1","","","150.0 ft","Public - city","105.5'","Clinometer/laser rangefinder/sine","","","","","John Eichholz","2005-04-20","","N"
"Chestnut Oak","Quercus montana","Pennsylvania","Philadelphia","Wissahickon Valley Park","40 04.450","-075 13.102","","","173676","1","40 04.450","-075 13.102","","Public - city","121.8'","Clinometer/laser rangefinder/sine","7.3'","87''","","","George Fieo","2011-11-15","","N"
"Chestnut Oak","Quercus montana","Pennsylvania","Philadelphia","Wissahickon Valley Park","40 02.091","-075 12.474","","","173677","1","40 02.091","-075 12.474","","Public - city","124.3'","Clinometer/laser rangefinder/sine","10.5'","126''","","","George Fieo","2011-11-15","","N"
"Chestnut Oak","Quercus montana","Pennsylvania","Pike","Hornbecks Creek","","","","","139690","1","","","","Public - National Recreation Area","86.4'","Clinometer/laser rangefinder/sine","6.9'","83''","","Height is Not Less Than (NLT)","George Fieo","2009-06-15","http%3A%2F%2Fwww.nativetreesociety.org%2Ffieldtrips%2Fpenna%2F20090615-dwg%2F20090615-hornbecks.htm","N"
"Chestnut Oak","Quercus montana","Pennsylvania","Sullivan","Ricketts Glen State Park","","","Trees measured were probably made throughout the park and represent maximum heights of 50 species.","","222043","1","","","","Public State Park","110.8'","Clinometer/laser rangefinder/sine","5.7'","68''","","","Rick Koval","2013-12-31","http%3A%2F%2Fwww.ents-bbs.org%2Fviewtopic.php%3Ff%3D150%26t%3D6078","N"
"Chestnut Oak","Quercus montana","Pennsylvania","Warren","Hearts Content National Scenic Area","","","","","119477","1","","","1900.0 ft","Public - federal","97.6'","Clinometer/laser rangefinder/sine","7.5'","90''","","","Dale Luthringer","2002-10-31","","N"
"Chestnut Oak","Quercus montana","South Carolina","Greenville","Jones Gap State Park","","","11.300 Acres encompassing Jones Gap State Park and Caesars Head","","238126","1","","","","Public - state","91.5'","Clinometer/laser rangefinder/sine","9.9'","119''","","","James Parton","2008-05-16","http%3A%2F%2Fwww.nativetreesociety.org%2Ffieldtrips%2Fsouth_carolina%2Fjones_gap%2Fjones_gap_state_park_sc.htm","N"
"Chestnut Oak","Quercus montana","South Carolina","Greenville","Little Pinnacle Mountain","","","11,300 acres encompassing Jones Gap State Park and Caesars Head","","281319","1","","","","Public - state","116.4'","Clinometer/laser rangefinder/sine","","","","","Jess Riddle","2002-05-29","http%3A%2F%2Fwww.nativetreesociety.org%2Ffieldtrips%2Fsouth_carolina%2Flittle_pinnacle_mountain.htm","N"
"Chestnut Oak","Quercus montana","South Carolina","Greenville","Paris Mountain State Park","34 56.594","-082 23.379","Trees were measured along the Brissy Mountain and Pepissiwa Trails.","","252626","1","34 56.594","-082 23.379","","Public - state","108.4'","Clinometer/laser rangefinder/sine","8.0'","96''","","","James Parton","2010-06-17","http%3A%2F%2Fwww.ents-bbs.org%2Fviewtopic.php%3Ff%3D122%26t%3D948","N"
"Chestnut Oak","Quercus montana","South Carolina","Oconee","Alexander Creek","","","","","238211","1","","","","Public - federal","122.1'","Clinometer/laser rangefinder/sine","6.3'","76''","","","Jess Riddle","2003-11-18","http%3A%2F%2Fwww.nativetreesociety.org%2Ffieldtrips%2Fsouth_carolina%2Falexander_creek.htm","N"
"Chestnut Oak","Quercus montana","South Carolina","Oconee","Alexander Creek","","","","","238212","1","","","","Public - federal","122.2'","Clinometer/laser rangefinder/sine","8.1'","97''","","","Jess Riddle","2003-11-18","http%3A%2F%2Fwww.nativetreesociety.org%2Ffieldtrips%2Fsouth_carolina%2Falexander_creek.htm","N"
"Chestnut Oak","Quercus montana","South Carolina","Oconee","Cane Creek, Issaqueena Falls","","","Trip report is titled Stumphouse Mountain.","","237709","1","","","","Public - federal","134.3'","Clinometer/laser rangefinder/sine","9.9'","119''","","","Jess Riddle","2004-03-31","http%3A%2F%2Fwww.nativetreesociety.org%2Ffieldtrips%2Fsouth_carolina%2Fstumphouse_mountain.htm","N"
"Chestnut Oak","Quercus montana","South Carolina","Oconee","Lee Branch","","","Tributary to Alexander Creek","","238024","1","","","","Public - federal","122.9'","Clinometer/laser rangefinder/sine","7.6'","91''","","","Jess Riddle","2004-05-18","http%3A%2F%2Fwww.nativetreesociety.org%2Ffieldtrips%2Fsouth_carolina%2Flee_branch.htm","N"
"Chestnut Oak","Quercus montana","South Carolina","Oconee","Otter Creek","","","","","237805","1","","","","Public - federal","122.9'","Clinometer/laser rangefinder/sine","6.9'","83''","","","Jess Riddle","2002-11-06","http%3A%2F%2Fwww.nativetreesociety.org%2Ffieldtrips%2Fsouth_carolina%2Fotter_creek.htm","N"
"Chestnut Oak","Quercus montana","South Carolina","Oconee","Otter Creek","","","","","237806","1","","","","Public - federal","133.2'","Clinometer/laser rangefinder/sine","6.0'","72''","","","Jess Riddle","2002-11-06","http%3A%2F%2Fwww.nativetreesociety.org%2Ffieldtrips%2Fsouth_carolina%2Fotter_creek.htm","N"
"Chestnut Oak","Quercus montana","South Carolina","Oconee","Poor Mountain Creek","","","","","237751","1","","","","Public - federal","126.8'","Clinometer/laser rangefinder/sine","7.7'","92''","","","Jess Riddle","2002-10-27","http%3A%2F%2Fwww.nativetreesociety.org%2Ffieldtrips%2Fsouth_carolina%2Fpoor_mountain_creek.htm","N"
"Chestnut Oak","Quercus montana","South Carolina","Oconee","Rich Mountain","","","","","237735","1","","","","Public - federal","123.3'","Clinometer/laser rangefinder/sine","6.3'","76''","","Barton Creek","Jess Riddle","2002-03-14","http%3A%2F%2Fwww.nativetreesociety.org%2Ffieldtrips%2Fsouth_carolina%2Frich_mountain.htm","N"
"Chestnut Oak","Quercus montana","South Carolina","Oconee","Tamassee Knob","","","","","252804","1","","","","Public - federal","120.0'","Clinometer/laser rangefinder/sine","","","","","Jess Riddle","2003-03-15","http%3A%2F%2Fwww.ents-bbs.org%2Fviewtopic.php%3Ff%3D122%26t%3D7608","N"
"Chestnut Oak","Quercus montana","South Carolina","Oconee","Tamassee Knob","","","","","252808","1","","","","Public - federal","126.0'","Clinometer/laser rangefinder/sine","5.8'","70''","","","Jess Riddle","2003-03-15","http%3A%2F%2Fwww.ents-bbs.org%2Fviewtopic.php%3Ff%3D122%26t%3D7608","N"
"Chestnut Oak","Quercus montana","South Carolina","Oconee","Tamassee Knob","","","","","252916","1","","","","Public - federal","132.7'","Clinometer/laser rangefinder/sine","","","","","Jess Riddle","2005-03-02","http%3A%2F%2Fwww.ents-bbs.org%2Fviewtopic.php%3Ff%3D122%26t%3D7608","N"
"Chestnut Oak","Quercus montana","South Carolina","Oconee","Tamassee Knob","","","","","252853","1","","","","Public - federal","133.7'","Clinometer/laser rangefinder/sine","6.2'","74''","","South facing cove.","Jess Riddle","2005-03-02","http%3A%2F%2Fwww.ents-bbs.org%2Fviewtopic.php%3Ff%3D122%26t%3D7608","N"
"Chestnut Oak","Quercus montana","South Carolina","Oconee","Tamassee Knob","","","","","252809","1","","","","Public - federal","140.3'","Clinometer/laser rangefinder/sine","7.6'","91''","","","Jess Riddle","2003-03-15","http%3A%2F%2Fwww.ents-bbs.org%2Fviewtopic.php%3Ff%3D122%26t%3D7608","N"
"Chestnut Oak","Quercus montana","South Carolina","Oconee","Tamassee Knob","","","","","252810","1","","","","Public - federal","143.9'","Clinometer/laser rangefinder/sine","0.8'","9''","","","Jess Riddle","2003-03-15","http%3A%2F%2Fwww.ents-bbs.org%2Fviewtopic.php%3Ff%3D122%26t%3D7608","N"
"Chestnut Oak","Quercus montana","South Carolina","Oconee","Whitewater River NC And SC","","","","","40274","1","","","","Public","104.0'","Clinometer/laser rangefinder/sine","","","","","Brian Beduhn","2013-01-20","","N"
"Chestnut Oak","Quercus montana","South Carolina","Oconee","Winding Stairs Trail, Upper Half","","","White Rock Scenic Area","","40163","1","","","","Public","100.7'","Clinometer/laser rangefinder/sine","","","","","Brian Beduhn","2013-01-20","http%3A%2F%2Fwww.ents-bbs.org%2Fviewtopic.php%3Ff%3D122%26t%3D4914","N"
"Chestnut Oak","Quercus montana","South Carolina","Pickens","Eastatoe Gorge","","","","","40314","1","","","","Public","102.4'","Clinometer/laser rangefinder/sine","","","","","Brian Beduhn","2013-03-08","http%3A%2F%2Fwww.ents-bbs.org%2Fviewtopic.php%3Ff%3D122%26t%3D5146","N"
"Chestnut Oak","Quercus montana","South Carolina","Pickens","Wadakoe Mountain","","","Trees were also measured on 11/1/2004. 
See link:
http://www.nativetreesociety.org/fieldtrips/south_carolina/wadakoe_mountain.htm","","236312","1","","","","Public-Private","","Clinometer/laser rangefinder/sine","5.7'","68''","","Lower Slopes","Jess Riddle","2003-09-28","http%3A%2F%2Fwww.nativetreesociety.org%2Ffieldtrips%2Fsouth_carolina%2Fwadakoe_northend.htm","N"
"Chestnut Oak","Quercus montana","South Carolina","Pickens","Wadakoe Mountain","","","Trees were also measured on 11/1/2004. 
See link:
http://www.nativetreesociety.org/fieldtrips/south_carolina/wadakoe_mountain.htm","","236281","1","","","","Public-Private","91.3'","Clinometer/laser rangefinder/sine","","","","Clearwater Branch","Jess Riddle","2003-09-28","http%3A%2F%2Fwww.nativetreesociety.org%2Ffieldtrips%2Fsouth_carolina%2Fwadakoe_northend.htm","N"
"Chestnut Oak","Quercus montana","South Carolina","Pickens","Wadakoe Mountain","","","Trees were also measured on 11/1/2004. 
See link:
http://www.nativetreesociety.org/fieldtrips/south_carolina/wadakoe_mountain.htm","","236560","1","","","","Public-Private","111.1'","Clinometer/laser rangefinder/sine","","","","North Face of Mountain","Jess Riddle","2005-02-03","http%3A%2F%2Fwww.nativetreesociety.org%2Ffieldtrips%2Fsouth_carolina%2Fwadakoe_northend.htm","N"
"Chestnut Oak","Quercus montana","South Carolina","Pickens","Wadakoe Mountain","","","Trees were also measured on 11/1/2004. 
See link:
http://www.nativetreesociety.org/fieldtrips/south_carolina/wadakoe_mountain.htm","","236313","1","","","","Public-Private","121.7'","Clinometer/laser rangefinder/sine","","","","Lower Slopes","Jess Riddle","2003-09-28","http%3A%2F%2Fwww.nativetreesociety.org%2Ffieldtrips%2Fsouth_carolina%2Fwadakoe_northend.htm","N"
"Chestnut Oak","Quercus montana","South Carolina","Pickens","Wadakoe Mountain","","","Trees were also measured on 11/1/2004. 
See link:
http://www.nativetreesociety.org/fieldtrips/south_carolina/wadakoe_mountain.htm","","236561","1","","","","Public-Private","123.6'","Clinometer/laser rangefinder/sine","7.4'","89''","","North Face of Mountain","Jess Riddle","2005-02-03","http%3A%2F%2Fwww.nativetreesociety.org%2Ffieldtrips%2Fsouth_carolina%2Fwadakoe_northend.htm","N"
"Chestnut Oak","Quercus montana","South Carolina","Pickens","Wadakoe Mountain","","","Trees were also measured on 11/1/2004. 
See link:
http://www.nativetreesociety.org/fieldtrips/south_carolina/wadakoe_mountain.htm","","236261","1","","","","Public-Private","125.5'","Clinometer/laser rangefinder/sine","7.3'","88''","","Peach Orchard","Jess Riddle","2003-09-28","http%3A%2F%2Fwww.nativetreesociety.org%2Ffieldtrips%2Fsouth_carolina%2Fwadakoe_northend.htm","N"
"Chestnut Oak","Quercus montana","Tennessee","Benton","Nathan Bedford Forrest State Park","36 05.502","-087 58.958","","","322146","1","36 05.502","-087 58.958","570.0 ft","Public","114.0'","Clinometer/laser rangefinder/sine","6.1'","73''","","","Elijah Whitcomb","2025-04-19","","N"
"Chestnut Oak","Quercus montana","Tennessee","Benton","Nathan Bedford Forrest State Park","36 05.449","-087 58.926","","","322147","1","36 05.449","-087 58.926","535.0 ft","Public","119.8'","Clinometer/laser rangefinder/sine","6.5'","78''","","","Elijah Whitcomb","2025-04-19","","N"
"Chestnut Oak","Quercus montana","Tennessee","Benton","Nathan Bedford Forrest State Park","36 05.431","-087 58.945","","","322145","1","36 05.431","-087 58.945","565.0 ft","Public","129.7'","Clinometer/laser rangefinder/sine","6.5'","78''","","","Elijah Whitcomb","2025-04-19","","N"
"Chestnut Oak","Quercus montana","Tennessee","Blount","Abrams Creek","","","","","230555","1","","","","Public - federal","","Clinometer/laser rangefinder/sine","13.3'","160''","","On Hannah Branch","Michael Davie, Jess Riddle","2004-03-20","http%3A%2F%2Fwww.nativetreesociety.org%2Ffieldtrips%2Fgsmnp%2Fwest_end_gsmnp.htm","N"
"Chestnut Oak","Quercus montana","Tennessee","Blount","Great Smoky Mountains National Park - Mill Creek","35 33.859","-083 48.498","","","105182","1","35 33.859","-083 48.498","2411.4 ft","Federal","","","19.3'","231''","","","Greg Schmidt, Ken Wise","2013-04-25","","N"
"Chestnut Oak","Quercus montana","Tennessee","Cheatham","Cheatham WMA","36 08.285","-087 02.822","","","322045","1","36 08.285","-087 02.822","750.0 ft","Public","118.3'","Clinometer/laser rangefinder/sine","7.3'","87''","","","Elijah Whitcomb","2025-03-29","","N"
"Chestnut Oak","Quercus montana","Tennessee","Cheatham","Cheatham WMA","36 08.324","-087 02.834","","","322046","1","36 08.324","-087 02.834","760.0 ft","Public","121.4'","Clinometer/laser rangefinder/sine","7.3'","87''","","","Elijah Whitcomb","2025-03-29","","N"
"Chestnut Oak","Quercus montana","Tennessee","Cheatham","Cheatham WMA","36 08.483","-087 02.752","","","322047","1","36 08.483","-087 02.752","755.0 ft","Public","129.1'","Clinometer/laser rangefinder/sine","7.4'","88''","","","Elijah Whitcomb","2025-03-29","","N"
"Chestnut Oak","Quercus montana","Tennessee","Cheatham","Cheatham WMA","36 15.056","-087 05.787","","","322070","1","36 15.056","-087 05.787","705.0 ft","Public","135.6'","Clinometer/laser rangefinder/sine","8.2'","98''","","","Elijah Whitcomb","2025-03-29","","N"
"Chestnut Oak","Quercus montana","Tennessee","Cheatham","Cheatham WMA","36 08.811","-087 03.351","","","322048","1","36 08.811","-087 03.351","785.0 ft","Public","138.0'","Clinometer/laser rangefinder/sine","10.5'","126''","","","Elijah Whitcomb","2025-03-29","","N"
"Chestnut Oak","Quercus montana","Tennessee","Cumberland","Cumberland Mountain State Park","35 53.678","-085 00.412","","","320545","1","35 53.678","-085 00.412","1820.0 ft","Public","106.0'","Clinometer/laser rangefinder/sine","6.5'","78''","","","Elijah Whitcomb","2024-11-21","","N"
"Chestnut Oak","Quercus montana","Tennessee","Cumberland","Cumberland Mountain State Park","35 54.869","-085 00.136","","","320552","1","35 54.869","-085 00.136","1955.0 ft","Public","121.3'","Clinometer/laser rangefinder/sine","5.6'","67''","","","Elijah Whitcomb","2024-11-21","","N"
"Chestnut Oak","Quercus montana","Tennessee","Cumberland","Cumberland Mountain State Park","35 54.843","-085 00.048","","","320553","1","35 54.843","-085 00.048","1895.0 ft","Public","133.1'","Clinometer/laser rangefinder/sine","11.1'","133''","","","Elijah Whitcomb","2024-11-21","","N"
"Chestnut Oak","Quercus montana","Tennessee","Davidson","Edwin & Percy Warner Parks","36 04.607","-086 52.777","","","315796","1","36 04.607","-086 52.777","950.0 ft","Public","101.2'","Clinometer/laser rangefinder/sine","5.7'","68''","","","Elijah Whitcomb","2024-01-28","","N"
"Chestnut Oak","Quercus montana","Tennessee","Davidson","Edwin & Percy Warner Parks","36 04.634","-086 52.642","","","315797","1","36 04.634","-086 52.642","910.0 ft","Public","118.2'","Clinometer/laser rangefinder/sine","10.1'","121''","","","Elijah Whitcomb","2024-01-28","","N"
"Chestnut Oak","Quercus montana","Tennessee","Davidson","Edwin & Percy Warner Parks","36 04.063","-086 53.155","","","315847","1","36 04.063","-086 53.155","960.0 ft","Public","125.3'","Clinometer/laser rangefinder/sine","10.1'","121''","","","Elijah Whitcomb","2024-01-28","","N"
"Chestnut Oak","Quercus montana","Tennessee","Davidson","Edwin & Percy Warner Parks","36 04.244","-086 54.233","","","315832","1","36 04.244","-086 54.233","925.0 ft","Public","128.2'","Clinometer/laser rangefinder/sine","10.4'","125''","","","Elijah Whitcomb","2024-01-28","","N"
"Chestnut Oak","Quercus montana","Tennessee","Davidson","Radnor Lake State Park","36 03.613","-086 47.623","","","323278","1","36 03.613","-086 47.623","1145.0 ft","Public","102.5'","Clinometer/laser rangefinder/sine","","","","","Elijah Whitcomb","2026-01-10","","N"
"Chestnut Oak","Quercus montana","Tennessee","Davidson","Timberland Park/Big East Fork Reserve","35 58.836","-087 00.127","","","315518","1","35 58.836","-087 00.127","840.0 ft","Public/Private","120.1'","Clinometer/laser rangefinder/sine","6.7'","80''","","","Elijah Whitcomb","2024-02-25","","N"
"Chestnut Oak","Quercus montana","Tennessee","Davidson","Timberland Park/Big East Fork Reserve","35 58.759","-087 00.138","","","315519","1","35 58.759","-087 00.138","875.0 ft","Public/Private","125.7'","Clinometer/laser rangefinder/sine","6.5'","78''","","","Elijah Whitcomb","2024-02-25","","N"
"Chestnut Oak","Quercus montana","Tennessee","Dekalb","Edgar Evins State Park","36 04.909","-085 48.251","","","321024","1","36 04.909","-085 48.251","905.0 ft","Public","124.0'","Clinometer/laser rangefinder/sine","6.9'","83''","","","Elijah Whitcomb","2025-02-01","","N"
"Chestnut Oak","Quercus montana","Tennessee","Dekalb","Edgar Evins State Park","36 05.133","-085 48.735","","","321004","1","36 05.133","-085 48.735","1010.0 ft","Public","124.1'","Clinometer/laser rangefinder/sine","8.5'","102''","","","Elijah Whitcomb","2025-02-01","","N"
"Chestnut Oak","Quercus montana","Tennessee","Dekalb","Edgar Evins State Park","36 05.232","-085 48.853","","","321005","1","36 05.232","-085 48.853","950.0 ft","Public","124.8'","Clinometer/laser rangefinder/sine","10.6'","127''","","","Elijah Whitcomb","2025-02-01","","N"
"Chestnut Oak","Quercus montana","Tennessee","Dekalb","Edgar Evins State Park","36 04.888","-085 48.245","","","321025","1","36 04.888","-085 48.245","955.0 ft","Public","129.6'","Clinometer/laser rangefinder/sine","9.5'","114''","","","Elijah Whitcomb","2025-02-01","","N"
"Chestnut Oak","Quercus montana","Tennessee","Dickson","Montgomery Bell State Park","36 06.128","-087 16.359","","","323257","1","36 06.128","-087 16.359","780.0 ft","Public","104.0'","Clinometer/laser rangefinder/sine","4.3'","51''","","","Elijah Whitcomb","2026-01-02","","N"
"Chestnut Oak","Quercus montana","Tennessee","Dickson","Montgomery Bell State Park","36 06.170","-087 16.333","","","323258","1","36 06.170","-087 16.333","800.0 ft","Public","109.6'","Clinometer/laser rangefinder/sine","5.0'","60''","","","Elijah Whitcomb","2026-01-02","","N"
"Chestnut Oak","Quercus montana","Tennessee","Dickson","Montgomery Bell State Park","36 06.158","-087 16.273","","","323259","1","36 06.158","-087 16.273","745.0 ft","Public","116.6'","Clinometer/laser rangefinder/sine","6.2'","75''","","","Elijah Whitcomb","2026-01-02","","N"
"Chestnut Oak","Quercus montana","Tennessee","Fentress","Pickett CCC Memorial State Park","36 34.279","-084 46.975","","","323325","1","36 34.279","-084 46.975","1565.0 ft","Public","120.0'","Clinometer/laser rangefinder/sine","5.0'","60''","","","Elijah Whitcomb","2025-12-20","","N"
"Chestnut Oak","Quercus montana","Tennessee","Franklin","College Of The South","35 11.109","-085 55.051","","","323416","1","35 11.109","-085 55.051","1890.0 ft","Public","106.3'","Clinometer/laser rangefinder/sine","8.9'","106''","","","Elijah Whitcomb","2026-02-28","","N"
"Chestnut Oak","Quercus montana","Tennessee","Franklin","College Of The South","35 12.338","-085 56.957","","","323423","1","35 12.338","-085 56.957","1930.0 ft","Public","124.8'","Clinometer/laser rangefinder/sine","8.6'","103''","","","Elijah Whitcomb","2026-02-28","","N"
"Chestnut Oak","Quercus montana","Tennessee","Franklin","Dick's Cove","35 13.200","-085 57.603","","","315677","1","35 13.200","-085 57.603","1830.0 ft","Private","126.6'","Clinometer/laser rangefinder/sine","6.6'","79''","","","Elijah Whitcomb","2024-04-13","","N"
"Chestnut Oak","Quercus montana","Tennessee","Franklin","Dick's Cove","35 13.462","-085 57.581","","","315696","1","35 13.462","-085 57.581","1550.0 ft","Private","130.4'","Clinometer/laser rangefinder/sine","10.0'","120''","","","Elijah Whitcomb","2024-04-13","","N"
"Chestnut Oak","Quercus montana","Tennessee","Franklin","Shakerag Hollow","35 12.749","-085 54.514","","","323467","1","35 12.749","-085 54.514","1790.0 ft","Private","139.8'","Clinometer/laser rangefinder/sine","10.4'","125''","","","Elijah Whitcomb","2026-02-28","","N"
"Chestnut Oak","Quercus montana","Tennessee","Franklin","Shakerag Hollow","35 12.747","-085 54.017","","","323431","1","35 12.747","-085 54.017","1765.0 ft","Private","142.2'","Clinometer/laser rangefinder/sine","8.4'","101''","","","Elijah Whitcomb","2026-02-28","","N"
"Chestnut Oak","Quercus montana","Tennessee","Franklin","Sherwood Forest State Natural Area","35 05.959","-085 54.331","","","313913","1","35 05.959","-085 54.331","1610.0 ft","Public","119.1'","Clinometer/laser rangefinder/sine","7.1'","86''","","","Elijah Whitcomb","2023-12-09","","N"
"Chestnut Oak","Quercus montana","Tennessee","Franklin","Sherwood Forest State Natural Area","35 06.321","-085 54.272","","","313914","1","35 06.321","-085 54.272","1610.0 ft","Public","124.7'","Clinometer/laser rangefinder/sine","6.1'","73''","","","Elijah Whitcomb","2023-12-09","","N"
"Chestnut Oak","Quercus montana","Tennessee","Grundy","Big Creek","35 26.351","-085 38.988","","","320602","1","35 26.351","-085 38.988","1690.0 ft","Public","116.7'","Clinometer/laser rangefinder/sine","7.2'","87''","","","Elijah Whitcomb","2025-01-04","","N"
"Chestnut Oak","Quercus montana","Tennessee","Grundy","Big Creek","35 26.367","-085 38.993","","","320603","1","35 26.367","-085 38.993","1695.0 ft","Public","122.2'","Clinometer/laser rangefinder/sine","","","","","Elijah Whitcomb","2025-01-04","","N"
"Chestnut Oak","Quercus montana","Tennessee","Grundy","Grundy Forest State Natural Area","","","234 Acres","","228898","1","","","","Public - state","110.8'","Clinometer/laser rangefinder/sine","","","","","Jess Riddle","2006-03-20","http%3A%2F%2Fnativetreesociety.org%2Ffieldtrips%2Ftennessee%2Fsavage3%2Fgrundy_forest_state_natural_area.htm","N"
"Chestnut Oak","Quercus montana","Tennessee","Grundy","Savage Gulf","","","30,800 Acres in 10 units
15,590 aces in the Savage Gulf Unit","","228470","1","","","","Public - state","138.8'","Clinometer/laser rangefinder/sine","9.2'","110''","","","Jess Riddle, Michael Davie","2006-03-28","http%3A%2F%2Fnativetreesociety.org%2Ffieldtrips%2Ftennessee%2Fsavage2%2Fsavage_gulf_redux.htm","N"
"Chestnut Oak","Quercus montana","Tennessee","Grundy","Savage Gulf","","","30,800 Acres in 10 units
15,590 aces in the Savage Gulf Unit","","228471","1","","","","Public - state","139.6'","Clinometer/laser rangefinder/sine","8.9'","107''","","","Jess Riddle, Michael Davie","2006-03-28","http%3A%2F%2Fnativetreesociety.org%2Ffieldtrips%2Ftennessee%2Fsavage2%2Fsavage_gulf_redux.htm","N"
"Chestnut Oak","Quercus montana","Tennessee","Grundy/Marion","Fiery Gizzard","35 14.718","-085 45.261","","","320074","1","35 14.718","-085 45.261","1690.0 ft","Public","110.9'","Clinometer/laser rangefinder/sine","8.3'","100''","","Hollow base","Elijah Whitcomb","2024-11-30","","N"
"Chestnut Oak","Quercus montana","Tennessee","Grundy/Marion","Fiery Gizzard","35 11.300","-085 42.071","","","320097","1","35 11.300","-085 42.071","1760.0 ft","Public","115.3'","Clinometer/laser rangefinder/sine","9.2'","110''","","","Elijah Whitcomb","2024-11-30","","N"
"Chestnut Oak","Quercus montana","Tennessee","Grundy/Marion","Fiery Gizzard","35 10.641","-085 40.946","","","320200","1","35 10.641","-085 40.946","1730.0 ft","Public","123.0'","Clinometer/laser rangefinder/sine","10.0'","120''","","","Elijah Whitcomb","2024-11-30","","N"
"Chestnut Oak","Quercus montana","Tennessee","Grundy/Marion","Fiery Gizzard","35 13.811","-085 45.329","","","320142","1","35 13.811","-085 45.329","1640.0 ft","Public","124.0'","Clinometer/laser rangefinder/sine","7.3'","88''","","","Elijah Whitcomb","2024-11-30","","N"
"Chestnut Oak","Quercus montana","Tennessee","Hardeman","Big Hill Pond State Park","35 02.951","-088 44.322","","","313580","1","35 02.951","-088 44.322","475.0 ft","Public","102.9'","Clinometer/laser rangefinder/sine","7.0'","84''","","","Elijah Whitcomb","2023-12-02","","N"
"Chestnut Oak","Quercus montana","Tennessee","Lawrence","David Crockett State Park","35 15.881","-087 21.623","","","312566","1","35 15.881","-087 21.623","1025.0 ft","Public","116.1'","Clinometer/laser rangefinder/sine","4.5'","54''","","","Elijah Whitcomb","2023-11-18","","N"
"Chestnut Oak","Quercus montana","Tennessee","Lawrence","David Crockett State Park","","","","","312592","1","","","940.0 ft","Public","127.2'","Clinometer/laser rangefinder/sine","","","","Double trunk","Elijah Whitcomb","2023-11-18","","N"
"Chestnut Oak","Quercus montana","Tennessee","Morgan","Frozen Head State Park","","","","","275095","1","","","","Public","","Clinometer/laser rangefinder/sine","10.5'","126''","","","Jess Riddle, Adam Mountain","2015-11-27","","N"
"Chestnut Oak","Quercus montana","Tennessee","Morgan","Frozen Head State Park","36 08.228","-084 29.733","","","323618","1","36 08.228","-084 29.733","1660.0 ft","Public","120.1'","Clinometer/laser rangefinder/sine","","","","","Elijah Whitcomb, Jess Riddle","2026-05-16","","N"
"Chestnut Oak","Quercus montana","Tennessee","Morgan","Frozen Head State Park","36 08.238","-084 29.731","","","323619","1","36 08.238","-084 29.731","1670.0 ft","Public","121.6'","Clinometer/laser rangefinder/sine","","","","","Elijah Whitcomb, Jess Riddle","2026-05-16","","N"
"Chestnut Oak","Quercus montana","Tennessee","Morgan","Frozen Head State Park","","","","","275136","1","","","","Public","129.0'","Clinometer/laser rangefinder/sine","","","","","Jess Riddle, Adam Mountain","2015-11-27","","N"
"Chestnut Oak","Quercus montana","Tennessee","Morgan","Frozen Head State Park","","","","","275137","1","","","","Public","131.9'","Clinometer/laser rangefinder/sine","7.0'","84''","","","Jess Riddle, Adam Mountain","2015-11-27","","N"
"Chestnut Oak","Quercus montana","Tennessee","Morgan","Frozen Head State Park","36 08.258","-084 26.641","","","323805","1","36 08.258","-084 26.641","2360.0 ft","Public","133.5'","Clinometer/laser rangefinder/sine","5.7'","68''","","","Elijah Whitcomb, Jess Riddle","2026-05-16","","N"
"Chestnut Oak","Quercus montana","Tennessee","Morgan","Frozen Head State Park","36 07.124","-084 29.400","","","323628","1","36 07.124","-084 29.400","1750.0 ft","Public","133.6'","Clinometer/laser rangefinder/sine","6.0'","72''","","","Elijah Whitcomb, Jess Riddle","2026-05-16","","N"
"Chestnut Oak","Quercus montana","Tennessee","Morgan","Frozen Head State Park","36 07.135","-084 29.399","","","323627","1","36 07.135","-084 29.399","1750.0 ft","Public","135.8'","Clinometer/laser rangefinder/sine","7.5'","90''","","","Elijah Whitcomb, Jess Riddle","2026-05-16","","N"
"Chestnut Oak","Quercus montana","Tennessee","Morgan","Frozen Head State Park","36 07.475","-084 26.526","","","323804","1","36 07.475","-084 26.526","2090.0 ft","Public","140.0'","Clinometer/laser rangefinder/sine","8.5'","102''","","","Elijah Whitcomb, Jess Riddle","2026-05-16","","N"
"Chestnut Oak","Quercus montana","Tennessee","Morgan","Frozen Head State Park","36 09.678","-084 29.031","","","323731","1","36 09.678","-084 29.031","1500.0 ft","Public","140.3'","Clinometer/laser rangefinder/sine","7.8'","94''","","","Elijah Whitcomb, Jess Riddle","2026-05-16","","N"
"Chestnut Oak","Quercus montana","Tennessee","Morgan","Frozen Head State Park","36 07.296","-084 26.840","","","323819","1","36 07.296","-084 26.840","2160.0 ft","Public","140.5'","Clinometer/laser rangefinder/sine","6.0'","72''","","","Elijah Whitcomb, Jess Riddle","2026-05-16","","N"
"Chestnut Oak","Quercus montana","Tennessee","Morgan","Frozen Head State Park","","","","","275138","1","","","","Public","140.8'","Clinometer/laser rangefinder/sine","6.5'","78''","","","Jess Riddle, Adam Mountain","2015-11-27","","N"
"Chestnut Oak","Quercus montana","Tennessee","Morgan","Frozen Head State Park","36 08.265","-084 28.244","","","323753","1","36 08.265","-084 28.244","1795.0 ft","Public","142.5'","Clinometer/laser rangefinder/sine","","","","","Elijah Whitcomb, Jess Riddle","2026-05-16","","N"
"Chestnut Oak","Quercus montana","Tennessee","Morgan","Frozen Head State Park","36 09.654","-084 29.123","","","323840","1","36 09.654","-084 29.123","1670.0 ft","Public","144.4'","Clinometer/laser rangefinder/sine","","","","Debris around lower trunk","Elijah Whitcomb, Jess Riddle","2026-05-16","","N"
"Chestnut Oak","Quercus montana","Tennessee","Morgan","Frozen Head State Park","36 08.268","-084 28.230","","","323752","1","36 08.268","-084 28.230","1775.0 ft","Public","144.8'","Clinometer/laser rangefinder/sine","6.7'","80''","","","Elijah Whitcomb, Jess Riddle","2026-05-16","","N"
"Chestnut Oak","Quercus montana","Tennessee","Morgan","Frozen Head State Park","36 07.083","-084 29.439","","","323629","1","36 07.083","-084 29.439","1770.0 ft","Public","155.3'","Clinometer/laser rangefinder/sine","7.5'","90''","","","Elijah Whitcomb, Jess Riddle","2026-05-16","","N"
"Chestnut Oak","Quercus montana","Tennessee","Overton","Standing Stone State Park","36 27.868","-085 25.008","","","322652","1","36 27.868","-085 25.008","975.0 ft","Public","110.0'","Clinometer/laser rangefinder/sine","10.6'","127''","","","Elijah Whitcomb","2025-07-05","","N"
"Chestnut Oak","Quercus montana","Tennessee","Scott","Big South Fork","36 29.442","-084 39.153","","","323508","1","36 29.442","-084 39.153","1035.0 ft","NPS","112.1'","Clinometer/laser rangefinder/sine","5.0'","60''","","","Elijah Whitcomb","2026-03-28","","N"
"Chestnut Oak","Quercus montana","Tennessee","Scott","Big South Fork","36 29.133","-084 39.781","","","323521","1","36 29.133","-084 39.781","945.0 ft","NPS","116.5'","Clinometer/laser rangefinder/sine","5.5'","66''","","","Elijah Whitcomb","2026-03-28","","N"
"Chestnut Oak","Quercus montana","Tennessee","Sevier","Bald Top Ridge","","","","","229703","1","","","","Public - national","99.5'","Clinometer/laser rangefinder/sine","14.8'","178''","","","Jess Riddle","2005-11-05","http%3A%2F%2Fnativetreesociety.org%2Ffieldtrips%2Fgsmnp%2Fbald_top_ridge.htm","N"
"Chestnut Oak","Quercus montana","Tennessee","Sevier","Bible Creek","","","Location of this site is unknown","","229118","1","","","","Public - national","","Clinometer/laser rangefinder/sine","14.3'","172''","","","Jess Riddle","2004-08-28","http%3A%2F%2Fnativetreesociety.org%2Ffieldtrips%2Fgsmnp%2Fbible_creek.htm","N"
"Chestnut Oak","Quercus montana","Tennessee","Van Buren","Fall Creek Falls State Resort Park","35 40.422","-085 21.294","","","257636","1","35 40.422","-085 21.294","1375.0 ft","Public","113.3'","Clinometer/laser rangefinder/sine","13.5'","162''","","","Elijah Whitcomb","2021-10-23","","N"
"Chestnut Oak","Quercus montana","Tennessee","Van Buren","Fall Creek Falls State Resort Park","35 40.750","-085 22.544","","","257703","1","35 40.750","-085 22.544","1515.0 ft","Public","124.0'","Clinometer/laser rangefinder/sine","6.6'","79''","","","Elijah Whitcomb","2021-10-23","","N"
"Chestnut Oak","Quercus montana","Tennessee","Van Buren","Fall Creek Falls State Resort Park","35 40.828","-085 22.768","","","257704","1","35 40.828","-085 22.768","1370.0 ft","Public","135.0'","Clinometer/laser rangefinder/sine","11.6'","139''","","","Elijah Whitcomb","2021-10-23","","N"
"Chestnut Oak","Quercus montana","Tennessee","Warren","Rock Island State Park","35 48.841","-085 38.455","","","314535","1","35 48.841","-085 38.455","830.0 ft","Public","109.0'","Clinometer/laser rangefinder/sine","","","","Multiple trunks","Elijah Whitcomb","2023-12-30","","N"
"Chestnut Oak","Quercus montana","Tennessee","Warren","Rock Island State Park","35 48.858","-085 38.416","","","314536","1","35 48.858","-085 38.416","815.0 ft","Public","120.9'","Clinometer/laser rangefinder/sine","6.9'","83''","","","Elijah Whitcomb","2023-12-30","","N"
"Chestnut Oak","Quercus montana","Tennessee","Warren","Rock Island State Park","35 48.841","-085 38.344","","","314537","1","35 48.841","-085 38.344","810.0 ft","Public","128.9'","Clinometer/laser rangefinder/sine","7.1'","86''","","","Elijah Whitcomb","2023-12-30","","N"
"Chestnut Oak","Quercus montana","Tennessee","White","Bridgestone Nature Reserve","35 52.260","-085 20.637","","","322804","1","35 52.260","-085 20.637","1425.0 ft","Public","133.1'","Clinometer/laser rangefinder/sine","8.9'","107''","","","Elijah Whitcomb","2025-10-25","","N"
"Chestnut Oak","Quercus montana","Tennessee","White","Bridgestone Nature Reserve","35 52.201","-085 20.363","","","322803","1","35 52.201","-085 20.363","1765.0 ft","Public","135.0'","Clinometer/laser rangefinder/sine","7.2'","86''","","","Elijah Whitcomb","2025-10-25","","N"
"Chestnut Oak","Quercus montana","Tennessee","White","Virgin Falls State Natural Area","35 50.432","-085 21.064","","","322876","1","35 50.432","-085 21.064","1415.0 ft","Public","143.0'","Clinometer/laser rangefinder/sine","7.1'","85''","","","Elijah Whitcomb","2025-11-22","","N"
"Chestnut Oak","Quercus montana","Virginia","Albemarle","Ragged Mountain Natural Area","","","","","314358","1","","","","Public","118.3'","Clinometer/laser rangefinder/sine","8.3'","99''","","","Elijah Whitcomb","2023-12-28","","N"
"Chestnut Oak","Quercus montana","Virginia","Albemarle","Ragged Mountain Natural Area","","","","","314357","1","","","","Public","125.8'","Clinometer/laser rangefinder/sine","6.0'","72''","","","Elijah Whitcomb","2023-12-28","","N"
"Chestnut Oak","Quercus montana","Virginia","Albemarle","Ragged Mountain Natural Area","","","","","314372","1","","","","Public","130.8'","Clinometer/laser rangefinder/sine","9.2'","110''","","","Elijah Whitcomb","2023-12-28","","N"
"Chestnut Oak","Quercus montana","Virginia","Albemarle","Ragged Mountain Natural Area","","","","","314373","1","","","","Public","133.7'","Clinometer/laser rangefinder/sine","","","","","Elijah Whitcomb","2023-12-28","","N"
"Chestnut Oak","Quercus montana","Virginia","Albemarle","Ragged Mountain Natural Area","38 01.704","-078 34.414","","","314374","1","38 01.704","-078 34.414","765.0 ft","Public","142.7'","Clinometer/laser rangefinder/sine","7.9'","95''","","","Elijah Whitcomb","2023-12-28","","N"
"Chestnut Oak","Quercus montana","Virginia","Fairfax","Scotts Run Nature Preserve","","","Preserve managed by staff of Riverbend Park","","49611","1","","","","Public - County","133.3'","Clinometer/laser rangefinder/sine","","","","This fused twin stem had a CBH of 222""","Darian Copiz","2011-03-02","","N"
"Chestnut Oak","Quercus montana","Virginia","Fairfax","Turkey Run Park","","","Part of George Washington Memorial Parkway.","","168527","1","","","","Public-federal.","121.5'","Clinometer/laser rangefinder/sine","11.8'","142''","","","Darian Copiz","2017-03-17","http%3A%2F%2Fwww.ents-bbs.org%2Fviewtopic.php%3Ff%3D128%26t%3D7961","N"
"Chestnut Oak","Quercus montana","Virginia","Fairfax","Turkey Run Park","","","Part of George Washington Memorial Parkway.","","168526","1","","","","Public-federal.","134.4'","Clinometer/laser rangefinder/sine","9.9'","119''","","","Darian Copiz","2017-03-17","http%3A%2F%2Fwww.ents-bbs.org%2Fviewtopic.php%3Ff%3D128%26t%3D7961","N"
"Chestnut Oak","Quercus montana","Virginia","Orange","Montpelier - Landmark Forest","","","","","224322","1","","","","Private - open to public","119.8'","Clinometer/laser rangefinder/sine","13.8'","166''","","","Will Blozan, Jess Riddle","2005-10-17","","N"
"Chestnut Oak","Quercus montana","Virginia","Orange","Montpelier - Landmark Forest","","","","","224323","1","","","","Private - open to public","132.4'","Clinometer/laser rangefinder/sine","10.1'","121''","","","Will Blozan, Jess Riddle","2005-10-17","","N"
"Chestnut Oak","Quercus montana","Virginia","Orange","Montpelier Estate Landmark Forest","","","","","199210","1","","","","Private","128.3'","Clinometer/laser rangefinder/sine","","","","","Elijah Whitcomb","2019-12-12","","N"
"Chestnut Oak","Quercus montana","Virginia","Orange","Montpelier Estate Landmark Forest","","","","","199209","1","","","","Private","131.0'","Clinometer/laser rangefinder/sine","8.1'","97''","","","Elijah Whitcomb","2019-12-12","","N"
"Chestnut Oak","Quercus montana","West Virginia","54 Counties","West Virginia Historical Trees","38 59.699","-080 14.124","Trees that have died or been removed.This is a State wide listing except for Wood County which is in a separate list.
All heights determined by Sine method  with laser/inclinometer. Some trees have height missing because it was never taken or the Sine method was not used. These trees were mostly measured 2008 and before.","","312116","1","38 59.699","-080 14.124","","Public and Private","","Clinometer/laser rangefinder/sine","17.6'","211''","62.0'","Measured by J. Mitchell 1985 at Hefner, PO near Buckhannon Upshur County.","Various Various","1963-01-01","","N"
"Chestnut Oak","Quercus montana","West Virginia","54 Counties","West Virginia Historical Trees","38 50.647","-080 16.760","Trees that have died or been removed.This is a State wide listing except for Wood County which is in a separate list.
All heights determined by Sine method  with laser/inclinometer. Some trees have height missing because it was never taken or the Sine method was not used. These trees were mostly measured 2008 and before.","","312122","1","38 50.647","-080 16.760","","Public and Private","","Clinometer/laser rangefinder/sine","22.0'","264''","","Measured in 1963 for the West Virginia Centennial Big Tree Contest. Located one mile from Carter, Upshur County. Tree was removed 1986.","Various Various","1963-01-01","","N"
"Chestnut Oak","Quercus montana","West Virginia","54 Counties","West Virginia Historical Trees","38 45.669","-080 13.557","Trees that have died or been removed.This is a State wide listing except for Wood County which is in a separate list.
All heights determined by Sine method  with laser/inclinometer. Some trees have height missing because it was never taken or the Sine method was not used. These trees were mostly measured 2008 and before.","","312054","1","38 45.669","-080 13.557","2300.0 ft","Public and Private","96.0'","Clinometer/laser rangefinder/sine","18.0'","216''","48.0'","Last measured by D. Cooley, J. Simmons 2010.
Tree located Near Shelbyville, Upshur County.
Tree uprooted ca.2018","Various Various","1963-01-01","","N"
"Chestnut Oak","Quercus montana","West Virginia","54 Counties","West Virginia Historical Trees","38 59.796","-080 14.056","Trees that have died or been removed.This is a State wide listing except for Wood County which is in a separate list.
All heights determined by Sine method  with laser/inclinometer. Some trees have height missing because it was never taken or the Sine method was not used. These trees were mostly measured 2008 and before.","","312082","1","38 59.796","-080 14.056","","Public and Private","111.0'","Clinometer/laser rangefinder/sine","18.3'","220''","5.8'","Measured by J. Mitchell 1999. Tree located on Hefner property","Various Various","1963-01-01","","N"
"Chestnut Oak","Quercus montana","West Virginia","54 Counties","West Virginia Historical Trees","38 45.637","-080 13.377","Trees that have died or been removed.This is a State wide listing except for Wood County which is in a separate list.
All heights determined by Sine method  with laser/inclinometer. Some trees have height missing because it was never taken or the Sine method was not used. These trees were mostly measured 2008 and before.","","312081","1","38 45.637","-080 13.377","","Public and Private","112.1'","Clinometer/laser rangefinder/sine","18.0'","216''","92.0'","Measured by Dan Cooley, J. Simons 2010. Tree located near Selbyville, Upshur County","Various Various","1963-01-01","","N"
"Chestnut Oak","Quercus montana","West Virginia","54 Counties","West Virginia Single Tree Sites","38 00.837","-079 59.983","Wood County is listed separately.
Most measuremens made before 2010 do not include height because the the methods used from 1963 thrue 2009 were very inaccurate.","","313116","1","38 00.837","-079 59.983","2720.0 ft","Private & Publc","94.4'","Clinometer/laser rangefinder/sine","16.1'","193''","71.5'","Greenbrier County near Lake Sherwood. Measured by A. Waldron, E. Judy, J. Rossell in 2011. Crown spread is average of two measurements.","Various Various","1963-01-01","","N"
"Chestnut Oak","Quercus montana","West Virginia","54 Counties","West Virginia Single Tree Sites","38 01.328","-081 02.509","Wood County is listed separately.
Most measuremens made before 2010 do not include height because the the methods used from 1963 thrue 2009 were very inaccurate.","","313253","1","38 01.328","-081 02.509","","Private & Publc","105.0'","Clinometer/laser rangefinder/sine","14.0'","168''","92.0'","Measured by M. Bailey, J. Harless near Fayetteville, Fayette County 2018.","Various Various","1963-01-01","","N"
"Chestnut Oak","Quercus montana","West Virginia","Fayette","Coal Run","","","Located in New River Gorge Park & Preserve near Cunard, WV.  72,800 acres.","","296188","1","","","1000.0 ft","Public - federal","86.9'","Clinometer/laser rangefinder/sine","9.0'","108''","","","Turner Sharp","2012-12-18","","N"
"Chestnut Oak","Quercus montana","West Virginia","Fayette","Red Ash Island","","","Only an island at very high water.","","297276","1","","","","Public","105.5'","Clinometer/laser rangefinder/sine","6.8'","81''","","","Turner Sharp","2014-12-30","http%3A%2F%2Fwww.ents-bbs.org%2Fviewtopic.php%3Ff%3D131%26t%3D7046","N"
"Chestnut Oak","Quercus montana","West Virginia","Jackson","Roane-Jackson Vo-Tech School Wood Lot","","","","","75794","1","","","","Public","83.3'","Clinometer/laser rangefinder/sine","6.8'","82''","","","Turner Sharp, John Fichtner","2012-04-03","","N"
"Chestnut Oak","Quercus montana","West Virginia","Jackson","Roane-Jackson Vo-Tech School Wood Lot","","","","","167296","1","","","","Public","107.5'","Clinometer/laser rangefinder/sine","5.6'","67''","","","Turner Sharp, John Ficthner","2010-11-18","","N"
"Chestnut Oak","Quercus montana","West Virginia","Kanawha","Sunrise Carriage Trail","","","","","141558","1","","","710.0 ft","Public- City","77.3'","Clinometer/laser rangefinder/sine","","","","","Turner Sharp","2014-03-13","http%3A%2F%2Fwww.ents-bbs.org%2Fviewtopic.php%3Ff%3D131%26t%3D6336","N"
"Chestnut Oak","Quercus montana","West Virginia","Lewis","Alum Bridge","","","","","137205","1","","","","Private","107.7'","Clinometer/laser rangefinder/sine","10.3'","124''","","","Carl Harting, Anthony Kelly, Russ Richardson","2006-03-25","http%3A%2F%2Fwww.nativetreesociety.org%2Ffieldtrips%2Fwest_virginia%2Fwiden%2Fwest_virginia_foray.htm","N"
"Chestnut Oak","Quercus montana","West Virginia","Preston","Hemlock Trail","","","Measurements were from a post made by Steve Halow at: http://www.ents-bbs.org/viewtopic.php?f=131&t=7579 and by personal communication from S. Halow to T. Sharp.","","127646","1","","","1750.0 ft","Public - State Forest","112.1'","Clinometer/laser rangefinder/sine","5.0'","60''","","","Turner Sharp, Carl Harting, John Fichtner","2010-11-21","http%3A%2F%2Fwww.ents-bbs.org%2Fviewtopic.php%3Ff%3D131%26t%3D7579","N"
"Chestnut Oak","Quercus montana","West Virginia","Webster","Holly River State Park","38 39.408","-080 21.249","","","323181","1","38 39.408","-080 21.249","2365.0 ft","Public","114.0'","Clinometer/laser rangefinder/sine","9.2'","110''","","","Elijah Whitcomb","2025-12-27","","N"
"Chestnut Oak","Quercus montana","West Virginia","Wood","J. T. J Preserve - Upland Site","39 16.689","-081 30.315","","","272768","1","39 16.689","-081 30.315","","Public - city","87.4'","Clinometer/laser rangefinder/sine","6.0'","72''","","Edge  of power line ROW","Turner Sharp","2016-11-26","","N"
"Chestnut Oak","Quercus montana","West Virginia","Wood","J. T. J Preserve - Upland Site","39 16.573","-081 30.320","","","272778","1","39 16.573","-081 30.320","620.0 ft","Public - city","98.1'","Clinometer/laser rangefinder/sine","11.1'","133''","","","Turner Sharp","2016-11-26","","N"
"Chestnut Oak","Quercus montana","West Virginia","Wood","Washington Works Nature Trails","39 16.047","-081 39.257","Open to the public","","272860","1","39 16.047","-081 39.257","720.0 ft","Private","97.6'","Clinometer/laser rangefinder/sine","6.8'","82''","","","Turner Sharp, Rachael Klimas","2016-11-22","","N"
"Chestnut Oak","Quercus montana","West Virginia","Wood","Willowbrook Ravine","","","","","292477","1","","","700.0 ft","Private","89.3'","Clinometer/laser rangefinder/sine","5.8'","70''","","","Turner Sharp","2012-01-07","","N"
"Chestnut Oak","Quercus montana","West Virginia","Wood","Wood County Single Tree Sites","39 17.044","-081 31.912","includes the incorporated cities of Parkersburg, Vienna, Williamstown and North Hills.
Most measurements made before 2010 do not list a height because methods used to determine height   prior to 2010 were inaccurate,","","314937","1","39 17.044","-081 31.912","630.0 ft","Public and private","56.0'","Clinometer/laser rangefinder/sine","7.7'","92''","53.0'","","Turner Sharp","2000-01-01","","N"
"Chestnut Oak","Quercus montana","West Virginia","Wood County","Mcdonough Wildlife Preserve","","","Trees measured were on north facing slope below the Main Loop Trail","","296169","1","","","","Public- City Owned","","Clinometer/laser rangefinder/sine","7.3'","88''","","","Turner Sharp","2009-03-09","http%3A%2F%2Fwww.nativetreesociety.org%2Ffieldtrips%2Fwest_virginia%2Fmcdonough.htm","N"
"Chestnut Oak","Quercus montana","West Virginia","Wood County","Mcdonough Wildlife Preserve","","","Trees measured were on north facing slope below the Main Loop Trail","","296152","1","","","","Public- City Owned","108.1'","Clinometer/laser rangefinder/sine","7.8'","94''","","","Turner Sharp","2009-03-09","http%3A%2F%2Fwww.nativetreesociety.org%2Ffieldtrips%2Fwest_virginia%2Fmcdonough.htm","N"
"Chestnut Oak","Quercus montana","West Virginia","Wood County - City Of Parkersburg","Edison Arboretum","39 13.780","-081 31.933","Since the last visit to this stand in 2010 the Emerald Ash Borer has infected almost every Ash Tree and they are losing crown.","","120964","2","39 13.780","-081 31.933","","Public","89.8'","Clinometer/laser rangefinder/sine","4.3'","52''","","","Turner Sharp, Turner Sharp","2015-02-01","","N"