"Common Name","Botanical Name","State","County","Site","Site Latitude","Site Longitude","Location comments","Tree name","Tree id","Measurement number","Latitude","Longitude","Elevation","Ownership type","Height (ft)","Height measurement method","Girth (ft)","Girth (in)","Crown spread (ft)","Tree comments","Measurer(s)","Measured","Trip report url","Photos available"
"American Basswood","Tilia americana var. heterophylla","Kentucky","Edmonson","Mammoth Cave National Park","37 12.962","-086 02.903","","","297546","1","37 12.962","-086 02.903","440.0 ft","Public","99.3'","Clinometer/laser rangefinder/sine","","","","Multiple trunks","Elijah Whitcomb","2023-06-23","","N"
"American Basswood","Tilia americana var. heterophylla","Kentucky","Edmonson","Mammoth Cave National Park","37 12.104","-086 12.503","","","297768","1","37 12.104","-086 12.503","380.0 ft","Public","103.0'","Clinometer/laser rangefinder/sine","7.2'","86''","","","Elijah Whitcomb","2023-06-23","","N"
"American Beech","Fagus grandifolia","Kentucky","Edmonson","Mammoth Cave National Park","37 12.424","-086 14.808","","","297319","1","37 12.424","-086 14.808","475.0 ft","Public","121.7'","Clinometer/laser rangefinder/sine","7.4'","88''","","","Elijah Whitcomb","2023-06-23","","N"
"American Beech","Fagus grandifolia","Kentucky","Edmonson","Mammoth Cave National Park","37 10.598","-086 06.656","","","297636","1","37 10.598","-086 06.656","530.0 ft","Public","128.9'","Clinometer/laser rangefinder/sine","9.1'","109''","","","Elijah Whitcomb","2023-06-23","","N"
"American Beech","Fagus grandifolia","Kentucky","Edmonson","Mammoth Cave National Park","37 08.673","-086 05.142","","","297469","1","37 08.673","-086 05.142","695.0 ft","Public","129.0'","Clinometer/laser rangefinder/sine","8.3'","100''","","","Elijah Whitcomb","2023-06-23","","N"
"American Beech","Fagus grandifolia","Kentucky","Edmonson","Mammoth Cave National Park","37 10.553","-086 06.703","","","297635","1","37 10.553","-086 06.703","570.0 ft","Public","130.3'","Clinometer/laser rangefinder/sine","8.1'","97''","","","Elijah Whitcomb","2023-06-23","","N"
"American Beech","Fagus grandifolia","Kentucky","Edmonson","Mammoth Cave National Park","37 12.699","-086 15.157","","","297320","1","37 12.699","-086 15.157","570.0 ft","Public","135.8'","Clinometer/laser rangefinder/sine","9.0'","108''","","","Elijah Whitcomb","2023-06-23","","N"
"American Elm","Ulmus americana","Kentucky","Edmonson","Mammoth Cave National Park","37 14.410","-086 10.404","","","297381","1","37 14.410","-086 10.404","595.0 ft","Public","101.8'","Clinometer/laser rangefinder/sine","7.2'","86''","","","Elijah Whitcomb","2023-06-23","","N"
"American Elm","Ulmus americana","Kentucky","Edmonson","Mammoth Cave National Park","37 10.546","-086 09.024","","","297675","1","37 10.546","-086 09.024","435.0 ft","Public","104.5'","Clinometer/laser rangefinder/sine","9.5'","114''","","","Elijah Whitcomb","2023-06-23","","N"
"American Elm","Ulmus americana","Kentucky","Edmonson","Mammoth Cave National Park","37 13.691","-086 06.242","","","297485","1","37 13.691","-086 06.242","540.0 ft","Public","105.3'","Clinometer/laser rangefinder/sine","5.4'","65''","","","Elijah Whitcomb","2023-06-23","","N"
"American Elm","Ulmus americana","Kentucky","Edmonson","Mammoth Cave National Park","37 11.356","-086 08.390","","","297676","1","37 11.356","-086 08.390","455.0 ft","Public","108.5'","Clinometer/laser rangefinder/sine","8.1'","97''","","","Elijah Whitcomb","2023-06-23","","N"
"American Elm","Ulmus americana","Kentucky","Edmonson","Mammoth Cave National Park","37 11.184","-086 05.755","","","297597","1","37 11.184","-086 05.755","585.0 ft","Public","120.6'","Clinometer/laser rangefinder/sine","7.9'","95''","","","Elijah Whitcomb","2023-06-23","","N"
"American Elm","Ulmus americana","Kentucky","Edmonson","Mammoth Cave National Park","37 13.640","-086 06.096","","","297486","1","37 13.640","-086 06.096","510.0 ft","Public","121.0'","Clinometer/laser rangefinder/sine","8.8'","106''","","","Elijah Whitcomb","2023-06-23","","N"
"American Holly","Ilex opaca var. opaca","Kentucky","Edmonson","Mammoth Cave National Park","37 14.347","-086 11.703","","","297363","1","37 14.347","-086 11.703","645.0 ft","Public","34.8'","Clinometer/laser rangefinder/sine","2.3'","28''","","","Elijah Whitcomb","2023-06-23","","N"
"American Hornbeam","Carpinus caroliniana ssp. caroliniana","Kentucky","Edmonson","Mammoth Cave National Park","37 12.093","-086 07.445","","","297839","1","37 12.093","-086 07.445","730.0 ft","Public","33.6'","Clinometer/laser rangefinder/sine","2.1'","25''","","","Elijah Whitcomb","2023-06-23","","N"
"American Hornbeam","Carpinus caroliniana ssp. caroliniana","Kentucky","Edmonson","Mammoth Cave National Park","37 11.947","-086 07.435","","","297840","1","37 11.947","-086 07.435","660.0 ft","Public","51.8'","Clinometer/laser rangefinder/sine","1.9'","23''","","","Elijah Whitcomb","2023-06-23","","N"
"American Hornbeam","Carpinus caroliniana ssp. virginiana","Kentucky","Edmonson","Mammoth Cave National Park","37 10.795","-086 06.611","","","297583","1","37 10.795","-086 06.611","410.0 ft","Public","54.6'","Clinometer/laser rangefinder/sine","3.3'","40''","","","Elijah Whitcomb","2023-06-23","","N"
"American Sycamore","Platanus occidentalis","Kentucky","Edmonson","Mammoth Cave National Park","37 12.996","-086 02.980","","","297520","1","37 12.996","-086 02.980","405.0 ft","Public","130.7'","Clinometer/laser rangefinder/sine","17.6'","211''","","","Elijah Whitcomb","2023-06-23","","N"
"American Sycamore","Platanus occidentalis","Kentucky","Edmonson","Mammoth Cave National Park","37 10.912","-086 10.502","","","297394","1","37 10.912","-086 10.502","395.0 ft","Public","131.5'","Clinometer/laser rangefinder/sine","14.6'","175''","","","Elijah Whitcomb","2023-06-23","","N"
"American Sycamore","Platanus occidentalis","Kentucky","Edmonson","Mammoth Cave National Park","37 10.458","-086 08.468","","","297649","1","37 10.458","-086 08.468","620.0 ft","Public","133.8'","Clinometer/laser rangefinder/sine","4.8'","58''","","","Elijah Whitcomb","2023-06-23","","N"
"American Sycamore","Platanus occidentalis","Kentucky","Edmonson","Mammoth Cave National Park","37 13.689","-086 06.282","","","297479","1","37 13.689","-086 06.282","535.0 ft","Public","135.0'","Clinometer/laser rangefinder/sine","11.3'","136''","","","Elijah Whitcomb","2023-06-23","","N"
"American Sycamore","Platanus occidentalis","Kentucky","Edmonson","Mammoth Cave National Park","37 13.350","-086 03.981","","","297551","1","37 13.350","-086 03.981","435.0 ft","Public","137.3'","Clinometer/laser rangefinder/sine","5.4'","65''","","","Elijah Whitcomb","2023-06-23","","N"
"American Sycamore","Platanus occidentalis","Kentucky","Edmonson","Mammoth Cave National Park","37 13.686","-086 06.183","","","297480","1","37 13.686","-086 06.183","530.0 ft","Public","137.7'","Clinometer/laser rangefinder/sine","","","","","Elijah Whitcomb","2023-06-23","","N"
"American Sycamore","Platanus occidentalis","Kentucky","Edmonson","Mammoth Cave National Park","37 12.774","-086 09.028","","","297429","1","37 12.774","-086 09.028","550.0 ft","Public","138.4'","Clinometer/laser rangefinder/sine","5.2'","62''","","","Elijah Whitcomb","2023-06-23","","N"
"American Sycamore","Platanus occidentalis","Kentucky","Edmonson","Mammoth Cave National Park","37 13.399","-086 04.044","","","297552","1","37 13.399","-086 04.044","425.0 ft","Public","139.6'","Clinometer/laser rangefinder/sine","15.5'","186''","","","Elijah Whitcomb","2023-06-23","","N"
"American Sycamore","Platanus occidentalis","Kentucky","Edmonson","Mammoth Cave National Park","37 10.375","-086 07.919","","","297617","1","37 10.375","-086 07.919","620.0 ft","Public","140.6'","Clinometer/laser rangefinder/sine","9.1'","109''","","","Elijah Whitcomb","2023-06-23","","N"
"American Sycamore","Platanus occidentalis","Kentucky","Edmonson","Mammoth Cave National Park","37 10.752","-086 07.247","","","297695","1","37 10.752","-086 07.247","510.0 ft","Public","140.6'","Clinometer/laser rangefinder/sine","7.7'","92''","","","Elijah Whitcomb","2023-06-23","","N"
"American Sycamore","Platanus occidentalis","Kentucky","Edmonson","Mammoth Cave National Park","37 12.908","-086 02.937","","","297548","1","37 12.908","-086 02.937","455.0 ft","Public","140.7'","Clinometer/laser rangefinder/sine","16.4'","197''","","","Elijah Whitcomb","2023-06-23","","N"
"American Sycamore","Platanus occidentalis","Kentucky","Edmonson","Mammoth Cave National Park","37 11.391","-086 08.734","","","297719","1","37 11.391","-086 08.734","475.0 ft","Public","140.9'","Clinometer/laser rangefinder/sine","8.2'","98''","","","Elijah Whitcomb","2023-06-23","","N"
"American Sycamore","Platanus occidentalis","Kentucky","Edmonson","Mammoth Cave National Park","37 10.500","-086 08.526","","","297648","1","37 10.500","-086 08.526","595.0 ft","Public","141.0'","Clinometer/laser rangefinder/sine","5.4'","65''","","","Elijah Whitcomb","2023-06-23","","N"
"American Sycamore","Platanus occidentalis","Kentucky","Edmonson","Mammoth Cave National Park","37 11.234","-086 11.513","","","297781","1","37 11.234","-086 11.513","465.0 ft","Public","141.0'","Clinometer/laser rangefinder/sine","8.8'","106''","","","Elijah Whitcomb","2023-06-23","","N"
"American Sycamore","Platanus occidentalis","Kentucky","Edmonson","Mammoth Cave National Park","37 11.476","-086 07.560","","","297855","1","37 11.476","-086 07.560","500.0 ft","Public","141.1'","Clinometer/laser rangefinder/sine","7.6'","91''","","","Elijah Whitcomb","2023-06-23","","N"
"American Sycamore","Platanus occidentalis","Kentucky","Edmonson","Mammoth Cave National Park","37 10.359","-086 07.912","","","297616","1","37 10.359","-086 07.912","620.0 ft","Public","141.4'","Clinometer/laser rangefinder/sine","11.4'","137''","","","Elijah Whitcomb","2023-06-23","","N"
"American Sycamore","Platanus occidentalis","Kentucky","Edmonson","Mammoth Cave National Park","37 11.331","-086 08.739","","","297720","1","37 11.331","-086 08.739","435.0 ft","Public","141.4'","Clinometer/laser rangefinder/sine","11.9'","143''","","","Elijah Whitcomb","2023-06-23","","N"
"American Sycamore","Platanus occidentalis","Kentucky","Edmonson","Mammoth Cave National Park","37 13.648","-086 06.108","","","297481","1","37 13.648","-086 06.108","520.0 ft","Public","141.7'","Clinometer/laser rangefinder/sine","9.5'","114''","","","Elijah Whitcomb","2023-06-23","","N"
"American Sycamore","Platanus occidentalis","Kentucky","Edmonson","Mammoth Cave National Park","37 13.162","-086 07.572","","","297508","1","37 13.162","-086 07.572","665.0 ft","Public","141.9'","Clinometer/laser rangefinder/sine","8.9'","107''","","","Elijah Whitcomb","2023-06-23","","N"
"American Sycamore","Platanus occidentalis","Kentucky","Edmonson","Mammoth Cave National Park","37 11.364","-086 08.736","","","297722","1","37 11.364","-086 08.736","470.0 ft","Public","142.3'","Clinometer/laser rangefinder/sine","6.9'","83''","","","Elijah Whitcomb","2023-06-23","","N"
"American Sycamore","Platanus occidentalis","Kentucky","Edmonson","Mammoth Cave National Park","37 11.488","-086 11.030","","","297858","1","37 11.488","-086 11.030","510.0 ft","Public","142.4'","Clinometer/laser rangefinder/sine","","","","Multiple trunks","Elijah Whitcomb","2023-06-23","","N"
"American Sycamore","Platanus occidentalis","Kentucky","Edmonson","Mammoth Cave National Park","37 11.170","-086 11.098","","","297851","1","37 11.170","-086 11.098","515.0 ft","Public","142.7'","Clinometer/laser rangefinder/sine","8.7'","104''","","","Elijah Whitcomb","2023-06-23","","N"
"American Sycamore","Platanus occidentalis","Kentucky","Edmonson","Mammoth Cave National Park","37 11.479","-086 07.571","","","297857","1","37 11.479","-086 07.571","505.0 ft","Public","142.7'","Clinometer/laser rangefinder/sine","7.2'","86''","","","Elijah Whitcomb","2023-06-23","","N"
"American Sycamore","Platanus occidentalis","Kentucky","Edmonson","Mammoth Cave National Park","37 10.569","-086 10.880","","","297393","1","37 10.569","-086 10.880","500.0 ft","Public","143.1'","Clinometer/laser rangefinder/sine","9.4'","113''","","","Elijah Whitcomb","2023-06-23","","N"
"American Sycamore","Platanus occidentalis","Kentucky","Edmonson","Mammoth Cave National Park","37 11.942","-086 11.635","","","297792","1","37 11.942","-086 11.635","425.0 ft","Public","143.1'","Clinometer/laser rangefinder/sine","9.7'","116''","","","Elijah Whitcomb","2023-06-23","","N"
"American Sycamore","Platanus occidentalis","Kentucky","Edmonson","Mammoth Cave National Park","37 09.902","-086 09.451","","","297392","1","37 09.902","-086 09.451","475.0 ft","Public","143.3'","Clinometer/laser rangefinder/sine","9.0'","108''","","","Elijah Whitcomb","2023-06-23","","N"
"American Sycamore","Platanus occidentalis","Kentucky","Edmonson","Mammoth Cave National Park","37 10.332","-086 07.897","","","297615","1","37 10.332","-086 07.897","620.0 ft","Public","143.4'","Clinometer/laser rangefinder/sine","7.8'","94''","","","Elijah Whitcomb","2023-06-23","","N"
"American Sycamore","Platanus occidentalis","Kentucky","Edmonson","Mammoth Cave National Park","37 11.293","-086 06.564","","","297564","1","37 11.293","-086 06.564","425.0 ft","Public","143.6'","Clinometer/laser rangefinder/sine","17.2'","206''","","","Elijah Whitcomb","2023-06-23","","N"
"American Sycamore","Platanus occidentalis","Kentucky","Edmonson","Mammoth Cave National Park","37 13.171","-086 07.637","","","297506","1","37 13.171","-086 07.637","670.0 ft","Public","143.8'","Clinometer/laser rangefinder/sine","6.8'","82''","","","Elijah Whitcomb","2023-06-23","","N"
"American Sycamore","Platanus occidentalis","Kentucky","Edmonson","Mammoth Cave National Park","37 11.367","-086 08.752","","","297727","1","37 11.367","-086 08.752","470.0 ft","Public","143.8'","Clinometer/laser rangefinder/sine","","","","Multiple trunks","Elijah Whitcomb","2023-06-23","","N"
"American Sycamore","Platanus occidentalis","Kentucky","Edmonson","Mammoth Cave National Park","37 11.472","-086 07.563","","","297853","1","37 11.472","-086 07.563","500.0 ft","Public","144.1'","Clinometer/laser rangefinder/sine","8.1'","97''","","","Elijah Whitcomb","2023-06-23","","N"
"American Sycamore","Platanus occidentalis","Kentucky","Edmonson","Mammoth Cave National Park","37 13.157","-086 07.579","","","297507","1","37 13.157","-086 07.579","665.0 ft","Public","144.2'","Clinometer/laser rangefinder/sine","8.0'","96''","","","Elijah Whitcomb","2023-06-23","","N"
"American Sycamore","Platanus occidentalis","Kentucky","Edmonson","Mammoth Cave National Park","37 11.788","-086 11.571","","","297783","1","37 11.788","-086 11.571","430.0 ft","Public","144.3'","Clinometer/laser rangefinder/sine","8.9'","107''","","","Elijah Whitcomb","2023-06-23","","N"
"American Sycamore","Platanus occidentalis","Kentucky","Edmonson","Mammoth Cave National Park","37 11.198","-086 11.077","","","297850","1","37 11.198","-086 11.077","495.0 ft","Public","145.1'","Clinometer/laser rangefinder/sine","","","","Multiple trunks","Elijah Whitcomb","2023-06-23","","N"
"American Sycamore","Platanus occidentalis","Kentucky","Edmonson","Mammoth Cave National Park","37 11.372","-086 08.737","","","297721","1","37 11.372","-086 08.737","470.0 ft","Public","145.3'","Clinometer/laser rangefinder/sine","","","","Multiple trunks","Elijah Whitcomb","2023-06-23","","N"
"American Sycamore","Platanus occidentalis","Kentucky","Edmonson","Mammoth Cave National Park","37 11.448","-086 07.570","","","297856","1","37 11.448","-086 07.570","490.0 ft","Public","145.3'","Clinometer/laser rangefinder/sine","","","","Double trunk","Elijah Whitcomb","2023-06-23","","N"
"American Sycamore","Platanus occidentalis","Kentucky","Edmonson","Mammoth Cave National Park","37 11.268","-086 06.572","","","297563","1","37 11.268","-086 06.572","430.0 ft","Public","145.6'","Clinometer/laser rangefinder/sine","11.5'","138''","","","Elijah Whitcomb","2023-06-23","","N"
"American Sycamore","Platanus occidentalis","Kentucky","Edmonson","Mammoth Cave National Park","37 11.403","-086 11.409","","","297789","1","37 11.403","-086 11.409","430.0 ft","Public","145.9'","Clinometer/laser rangefinder/sine","11.6'","139''","","","Elijah Whitcomb","2023-06-23","","N"
"American Sycamore","Platanus occidentalis","Kentucky","Edmonson","Mammoth Cave National Park","37 13.469","-086 02.967","","","297521","1","37 13.469","-086 02.967","460.0 ft","Public","146.1'","Clinometer/laser rangefinder/sine","9.7'","116''","","","Elijah Whitcomb","2023-06-23","","N"
"American Sycamore","Platanus occidentalis","Kentucky","Edmonson","Mammoth Cave National Park","37 11.105","-086 08.940","","","297651","1","37 11.105","-086 08.940","445.0 ft","Public","146.1'","Clinometer/laser rangefinder/sine","9.0'","108''","","","Elijah Whitcomb","2023-06-23","","N"
"American Sycamore","Platanus occidentalis","Kentucky","Edmonson","Mammoth Cave National Park","37 11.368","-086 08.733","","","297723","1","37 11.368","-086 08.733","470.0 ft","Public","146.3'","Clinometer/laser rangefinder/sine","10.8'","130''","","","Elijah Whitcomb","2023-06-23","","N"
"American Sycamore","Platanus occidentalis","Kentucky","Edmonson","Mammoth Cave National Park","37 11.182","-086 11.097","","","297849","1","37 11.182","-086 11.097","525.0 ft","Public","146.3'","Clinometer/laser rangefinder/sine","","","","","Elijah Whitcomb","2023-06-23","","N"
"American Sycamore","Platanus occidentalis","Kentucky","Edmonson","Mammoth Cave National Park","37 10.578","-086 06.678","","","297623","1","37 10.578","-086 06.678","520.0 ft","Public","146.5'","Clinometer/laser rangefinder/sine","9.4'","113''","","","Elijah Whitcomb","2023-06-23","","N"
"American Sycamore","Platanus occidentalis","Kentucky","Edmonson","Mammoth Cave National Park","37 11.365","-086 08.741","","","297726","1","37 11.365","-086 08.741","465.0 ft","Public","146.7'","Clinometer/laser rangefinder/sine","6.3'","76''","","","Elijah Whitcomb","2023-06-23","","N"
"American Sycamore","Platanus occidentalis","Kentucky","Edmonson","Mammoth Cave National Park","37 11.902","-086 11.630","","","297791","1","37 11.902","-086 11.630","430.0 ft","Public","147.2'","Clinometer/laser rangefinder/sine","9.1'","109''","","","Elijah Whitcomb","2023-06-23","","N"
"American Sycamore","Platanus occidentalis","Kentucky","Edmonson","Mammoth Cave National Park","37 13.651","-086 06.125","","","297482","1","37 13.651","-086 06.125","515.0 ft","Public","147.5'","Clinometer/laser rangefinder/sine","","","","Multiple trunks","Elijah Whitcomb","2023-06-23","","N"
"American Sycamore","Platanus occidentalis","Kentucky","Edmonson","Mammoth Cave National Park","37 11.109","-086 08.936","","","297650","1","37 11.109","-086 08.936","445.0 ft","Public","147.5'","Clinometer/laser rangefinder/sine","9.9'","119''","","","Elijah Whitcomb","2023-06-23","","N"
"American Sycamore","Platanus occidentalis","Kentucky","Edmonson","Mammoth Cave National Park","37 11.367","-086 08.747","","","297724","1","37 11.367","-086 08.747","475.0 ft","Public","148.0'","Clinometer/laser rangefinder/sine","7.6'","91''","","","Elijah Whitcomb","2023-06-23","","N"
"American Sycamore","Platanus occidentalis","Kentucky","Edmonson","Mammoth Cave National Park","37 11.467","-086 07.575","","","297854","1","37 11.467","-086 07.575","500.0 ft","Public","148.0'","Clinometer/laser rangefinder/sine","10.5'","126''","","","Elijah Whitcomb","2023-06-23","","N"
"American Sycamore","Platanus occidentalis","Kentucky","Edmonson","Mammoth Cave National Park","37 11.371","-086 08.745","","","297725","1","37 11.371","-086 08.745","475.0 ft","Public","148.5'","Clinometer/laser rangefinder/sine","7.0'","84''","","","Elijah Whitcomb","2023-06-23","","N"
"American Sycamore","Platanus occidentalis","Kentucky","Edmonson","Mammoth Cave National Park","37 12.932","-086 02.932","","","297549","1","37 12.932","-086 02.932","450.0 ft","Public","148.8'","Clinometer/laser rangefinder/sine","16.2'","194''","","","Elijah Whitcomb","2023-06-23","","N"
"American Sycamore","Platanus occidentalis","Kentucky","Edmonson","Mammoth Cave National Park","37 10.757","-086 06.598","","","297561","1","37 10.757","-086 06.598","465.0 ft","Public","148.9'","Clinometer/laser rangefinder/sine","14.5'","174''","","","Elijah Whitcomb","2023-06-23","","N"
"American Sycamore","Platanus occidentalis","Kentucky","Edmonson","Mammoth Cave National Park","37 11.407","-086 11.408","","","297787","1","37 11.407","-086 11.408","435.0 ft","Public","149.5'","Clinometer/laser rangefinder/sine","8.2'","98''","","","Elijah Whitcomb","2023-06-23","","N"
"American Sycamore","Platanus occidentalis","Kentucky","Edmonson","Mammoth Cave National Park","37 10.304","-086 08.401","","","297645","1","37 10.304","-086 08.401","630.0 ft","Public","149.6'","Clinometer/laser rangefinder/sine","","","","Multiple trunks","Elijah Whitcomb","2023-06-23","","N"
"American Sycamore","Platanus occidentalis","Kentucky","Edmonson","Mammoth Cave National Park","37 12.069","-086 13.904","","","297755","1","37 12.069","-086 13.904","415.0 ft","Public","149.9'","Clinometer/laser rangefinder/sine","8.7'","104''","","","Elijah Whitcomb","2023-06-23","","N"
"American Sycamore","Platanus occidentalis","Kentucky","Edmonson","Mammoth Cave National Park","37 10.497","-086 08.502","","","297647","1","37 10.497","-086 08.502","600.0 ft","Public","150.0'","Clinometer/laser rangefinder/sine","9.2'","110''","","","Elijah Whitcomb","2023-06-23","","N"
"American Sycamore","Platanus occidentalis","Kentucky","Edmonson","Mammoth Cave National Park","37 12.017","-086 14.058","","","297751","1","37 12.017","-086 14.058","405.0 ft","Public","150.0'","Clinometer/laser rangefinder/sine","14.2'","170''","","","Elijah Whitcomb","2023-06-23","","N"
"American Sycamore","Platanus occidentalis","Kentucky","Edmonson","Mammoth Cave National Park","37 11.818","-086 11.587","","","297790","1","37 11.818","-086 11.587","425.0 ft","Public","150.0'","Clinometer/laser rangefinder/sine","10.6'","127''","","","Elijah Whitcomb","2023-06-23","","N"
"American Sycamore","Platanus occidentalis","Kentucky","Edmonson","Mammoth Cave National Park","37 11.796","-086 11.575","","","297784","1","37 11.796","-086 11.575","430.0 ft","Public","150.1'","Clinometer/laser rangefinder/sine","8.9'","107''","","","Elijah Whitcomb","2023-06-23","","N"
"American Sycamore","Platanus occidentalis","Kentucky","Edmonson","Mammoth Cave National Park","37 11.404","-086 11.406","","","297786","1","37 11.404","-086 11.406","435.0 ft","Public","150.1'","Clinometer/laser rangefinder/sine","8.4'","101''","","","Elijah Whitcomb","2023-06-23","","N"
"American Sycamore","Platanus occidentalis","Kentucky","Edmonson","Mammoth Cave National Park","37 11.790","-086 11.577","","","297785","1","37 11.790","-086 11.577","425.0 ft","Public","150.2'","Clinometer/laser rangefinder/sine","9.5'","114''","","","Elijah Whitcomb","2023-06-23","","N"
"American Sycamore","Platanus occidentalis","Kentucky","Edmonson","Mammoth Cave National Park","37 12.075","-086 13.931","","","297752","1","37 12.075","-086 13.931","405.0 ft","Public","150.8'","Clinometer/laser rangefinder/sine","10.8'","129''","","","Elijah Whitcomb","2023-06-23","","N"
"American Sycamore","Platanus occidentalis","Kentucky","Edmonson","Mammoth Cave National Park","37 11.177","-086 11.097","","","297852","1","37 11.177","-086 11.097","525.0 ft","Public","150.8'","Clinometer/laser rangefinder/sine","9.6'","115''","","","Elijah Whitcomb","2023-06-23","","N"
"American Sycamore","Platanus occidentalis","Kentucky","Edmonson","Mammoth Cave National Park","37 12.926","-086 02.938","","","297547","1","37 12.926","-086 02.938","445.0 ft","Public","151.6'","Clinometer/laser rangefinder/sine","12.0'","144''","","","Elijah Whitcomb","2023-06-23","","N"
"American Sycamore","Platanus occidentalis","Kentucky","Edmonson","Mammoth Cave National Park","37 11.403","-086 11.407","","","297788","1","37 11.403","-086 11.407","430.0 ft","Public","151.7'","Clinometer/laser rangefinder/sine","7.8'","94''","","","Elijah Whitcomb","2023-06-23","","N"
"American Sycamore","Platanus occidentalis","Kentucky","Edmonson","Mammoth Cave National Park","37 12.077","-086 13.919","","","297753","1","37 12.077","-086 13.919","410.0 ft","Public","152.4'","Clinometer/laser rangefinder/sine","9.0'","108''","","","Elijah Whitcomb","2023-06-23","","N"
"American Sycamore","Platanus occidentalis","Kentucky","Edmonson","Mammoth Cave National Park","37 12.122","-086 14.127","","","297285","1","37 12.122","-086 14.127","435.0 ft","Public","152.9'","Clinometer/laser rangefinder/sine","9.2'","110''","","","Elijah Whitcomb","2023-06-23","","N"
"American Sycamore","Platanus occidentalis","Kentucky","Edmonson","Mammoth Cave National Park","37 11.763","-086 06.139","","","297566","1","37 11.763","-086 06.139","440.0 ft","Public","153.2'","Clinometer/laser rangefinder/sine","","","","No CBH measurement due to base erosion","Elijah Whitcomb","2023-06-23","","N"
"American Sycamore","Platanus occidentalis","Kentucky","Edmonson","Mammoth Cave National Park","37 11.346","-086 08.745","","","297718","1","37 11.346","-086 08.745","485.0 ft","Public","153.3'","Clinometer/laser rangefinder/sine","8.3'","100''","","","Elijah Whitcomb","2023-06-23","","N"
"American Sycamore","Platanus occidentalis","Kentucky","Edmonson","Mammoth Cave National Park","37 11.270","-086 06.571","","","297562","1","37 11.270","-086 06.571","430.0 ft","Public","153.4'","Clinometer/laser rangefinder/sine","13.2'","158''","","","Elijah Whitcomb","2023-06-23","","N"
"American Sycamore","Platanus occidentalis","Kentucky","Edmonson","Mammoth Cave National Park","37 13.499","-086 05.787","","","297483","1","37 13.499","-086 05.787","435.0 ft","Public","154.1'","Clinometer/laser rangefinder/sine","11.9'","143''","","","Elijah Whitcomb","2023-06-23","","N"
"American Sycamore","Platanus occidentalis","Kentucky","Edmonson","Mammoth Cave National Park","37 12.923","-086 02.936","","","297550","1","37 12.923","-086 02.936","455.0 ft","Public","155.1'","Clinometer/laser rangefinder/sine","12.2'","146''","","","Elijah Whitcomb","2023-06-23","","N"
"American Sycamore","Platanus occidentalis","Kentucky","Edmonson","Mammoth Cave National Park","37 11.769","-086 11.572","","","297782","1","37 11.769","-086 11.572","430.0 ft","Public","155.1'","Clinometer/laser rangefinder/sine","10.9'","131''","","","Elijah Whitcomb","2023-06-23","","N"
"American Sycamore","Platanus occidentalis","Kentucky","Edmonson","Mammoth Cave National Park","37 12.075","-086 13.919","","","297754","1","37 12.075","-086 13.919","405.0 ft","Public","155.2'","Clinometer/laser rangefinder/sine","8.0'","96''","","","Elijah Whitcomb","2023-06-23","","N"
"American Sycamore","Platanus occidentalis","Kentucky","Edmonson","Mammoth Cave National Park","37 12.553","-086 06.471","","","297509","1","37 12.553","-086 06.471","415.0 ft","Public","155.8'","Clinometer/laser rangefinder/sine","10.8'","130''","","","Elijah Whitcomb","2023-06-23","","N"
"American Sycamore","Platanus occidentalis","Kentucky","Edmonson","Mammoth Cave National Park","37 10.284","-086 08.410","","","297646","1","37 10.284","-086 08.410","630.0 ft","Public","155.8'","Clinometer/laser rangefinder/sine","12.8'","154''","","","Elijah Whitcomb","2023-06-23","","N"
"American Sycamore","Platanus occidentalis","Kentucky","Edmonson","Mammoth Cave National Park","37 11.150","-086 05.740","","","297565","1","37 11.150","-086 05.740","590.0 ft","Public","158.1'","Clinometer/laser rangefinder/sine","10.0'","120''","","","Elijah Whitcomb","2023-06-23","","N"
"Bigleaf Magnolia","Magnolia macrophylla","Kentucky","Edmonson","Mammoth Cave National Park","37 14.341","-086 11.650","","","297362","1","37 14.341","-086 11.650","650.0 ft","Public","54.0'","Clinometer/laser rangefinder/sine","1.7'","20''","","","Elijah Whitcomb","2023-06-23","","N"
"Bigleaf Magnolia","Magnolia macrophylla","Kentucky","Edmonson","Mammoth Cave National Park","37 13.693","-086 10.565","","","297382","1","37 13.693","-086 10.565","510.0 ft","Public","60.5'","Clinometer/laser rangefinder/sine","1.9'","23''","","","Elijah Whitcomb","2023-06-23","","N"
"Bigleaf Magnolia","Magnolia macrophylla","Kentucky","Edmonson","Mammoth Cave National Park","37 13.527","-086 12.014","","","297472","1","37 13.527","-086 12.014","615.0 ft","Public","65.0'","Clinometer/laser rangefinder/sine","1.7'","20''","","","Elijah Whitcomb","2023-06-23","","N"
"Bigleaf Magnolia","Magnolia macrophylla","Kentucky","Edmonson","Mammoth Cave National Park","37 12.878","-086 13.177","","","297400","1","37 12.878","-086 13.177","455.0 ft","Public","67.1'","Clinometer/laser rangefinder/sine","2.4'","28''","","","Elijah Whitcomb","2023-06-23","","N"
"Biltmore Ash","Fraxinus americana var. biltmoreana","Kentucky","Edmonson","Mammoth Cave National Park","37 13.068","-086 13.629","","","297299","1","37 13.068","-086 13.629","665.0 ft","Public","117.3'","Clinometer/laser rangefinder/sine","6.5'","78''","","","Elijah Whitcomb","2023-06-23","","N"
"Biltmore Ash","Fraxinus americana var. biltmoreana","Kentucky","Edmonson","Mammoth Cave National Park","37 12.406","-086 14.823","","","297330","1","37 12.406","-086 14.823","475.0 ft","Public","128.6'","Clinometer/laser rangefinder/sine","7.1'","85''","","","Elijah Whitcomb","2023-06-23","","N"
"Biltmore Ash","Fraxinus americana var. biltmoreana","Kentucky","Edmonson","Mammoth Cave National Park","37 11.751","-086 09.113","","","297714","1","37 11.751","-086 09.113","755.0 ft","Public","132.4'","Clinometer/laser rangefinder/sine","6.5'","78''","","","Elijah Whitcomb","2023-06-23","","N"
"Biltmore Ash","Fraxinus americana var. biltmoreana","Kentucky","Edmonson","Mammoth Cave National Park","37 08.857","-086 05.383","","","297453","1","37 08.857","-086 05.383","750.0 ft","Public","132.6'","Clinometer/laser rangefinder/sine","6.5'","78''","","","Elijah Whitcomb","2023-06-23","","N"
"Biltmore Ash","Fraxinus americana var. biltmoreana","Kentucky","Edmonson","Mammoth Cave National Park","37 12.581","-086 13.477","","","297818","1","37 12.581","-086 13.477","540.0 ft","Public","133.5'","Clinometer/laser rangefinder/sine","7.9'","94''","","","Elijah Whitcomb","2023-06-23","","N"
"Biltmore Ash","Fraxinus americana var. biltmoreana","Kentucky","Edmonson","Mammoth Cave National Park","37 10.812","-086 06.603","","","297581","1","37 10.812","-086 06.603","425.0 ft","Public","135.6'","Clinometer/laser rangefinder/sine","9.7'","116''","","","Elijah Whitcomb","2023-06-23","","N"
"Biltmore Ash","Fraxinus americana var. biltmoreana","Kentucky","Edmonson","Mammoth Cave National Park","37 08.841","-086 05.331","","","297454","1","37 08.841","-086 05.331","750.0 ft","Public","136.7'","Clinometer/laser rangefinder/sine","7.1'","85''","","","Elijah Whitcomb","2023-06-23","","N"
"Biltmore Ash","Fraxinus americana var. biltmoreana","Kentucky","Edmonson","Mammoth Cave National Park","37 13.378","-086 13.627","","","297331","1","37 13.378","-086 13.627","565.0 ft","Public","139.0'","Clinometer/laser rangefinder/sine","8.4'","101''","","","Elijah Whitcomb","2023-06-23","","N"
"Biltmore Ash","Fraxinus americana var. biltmoreana","Kentucky","Edmonson","Mammoth Cave National Park","37 10.573","-086 06.686","","","297644","1","37 10.573","-086 06.686","","Public","139.4'","Clinometer/laser rangefinder/sine","8.8'","106''","","","Elijah Whitcomb","2023-06-23","","N"
"Biltmore Ash","Fraxinus americana var. biltmoreana","Kentucky","Edmonson","Mammoth Cave National Park","37 11.884","-086 12.345","","","297757","1","37 11.884","-086 12.345","495.0 ft","Public","139.4'","Clinometer/laser rangefinder/sine","10.3'","124''","","Dead  as of 4/23","Elijah Whitcomb","2023-06-23","","N"
"Biltmore Ash","Fraxinus americana var. biltmoreana","Kentucky","Edmonson","Mammoth Cave National Park","37 11.064","-086 05.707","","","297582","1","37 11.064","-086 05.707","690.0 ft","Public","141.4'","Clinometer/laser rangefinder/sine","9.0'","108''","","Dead as of 3/23","Elijah Whitcomb","2023-06-23","","N"
"Biltmore Ash","Fraxinus americana var. biltmoreana","Kentucky","Edmonson","Mammoth Cave National Park","37 11.291","-086 09.104","","","297715","1","37 11.291","-086 09.104","655.0 ft","Public","142.4'","Clinometer/laser rangefinder/sine","8.2'","98''","","","Elijah Whitcomb","2023-06-23","","N"
"Biltmore Ash","Fraxinus americana var. biltmoreana","Kentucky","Edmonson","Mammoth Cave National Park","37 08.674","-086 05.171","","","297455","1","37 08.674","-086 05.171","740.0 ft","Public","144.2'","Clinometer/laser rangefinder/sine","9.9'","119''","","","Elijah Whitcomb","2023-06-23","","N"
"Biltmore Ash","Fraxinus americana var. biltmoreana","Kentucky","Edmonson","Mammoth Cave National Park","37 13.339","-086 12.994","","","297332","1","37 13.339","-086 12.994","520.0 ft","Public","147.0'","Clinometer/laser rangefinder/sine","8.4'","101''","","","Elijah Whitcomb","2023-06-23","","N"
"Bitternut Hickory","Carya cordiformis","Kentucky","Edmonson","Mammoth Cave National Park","37 12.074","-086 13.764","","","297289","1","37 12.074","-086 13.764","495.0 ft","Public","124.2'","Clinometer/laser rangefinder/sine","3.9'","46''","","","Elijah Whitcomb","2023-06-23","","N"
"Bitternut Hickory","Carya cordiformis","Kentucky","Edmonson","Mammoth Cave National Park","37 10.048","-086 07.405","","","297602","1","37 10.048","-086 07.405","565.0 ft","Public","130.0'","Clinometer/laser rangefinder/sine","7.5'","90''","","","Elijah Whitcomb","2023-06-23","","N"
"Bitternut Hickory","Carya cordiformis","Kentucky","Edmonson","Mammoth Cave National Park","37 11.195","-086 08.759","","","297663","1","37 11.195","-086 08.759","450.0 ft","Public","130.3'","Clinometer/laser rangefinder/sine","6.5'","78''","","","Elijah Whitcomb","2023-06-23","","N"
"Bitternut Hickory","Carya cordiformis","Kentucky","Edmonson","Mammoth Cave National Park","37 10.146","-086 09.888","","","297805","1","37 10.146","-086 09.888","525.0 ft","Public","130.3'","Clinometer/laser rangefinder/sine","5.3'","64''","","","Elijah Whitcomb","2023-06-23","","N"
"Bitternut Hickory","Carya cordiformis","Kentucky","Edmonson","Mammoth Cave National Park","37 11.186","-086 11.093","","","297843","1","37 11.186","-086 11.093","530.0 ft","Public","131.1'","Clinometer/laser rangefinder/sine","6.6'","79''","","","Elijah Whitcomb","2023-06-23","","N"
"Bitternut Hickory","Carya cordiformis","Kentucky","Edmonson","Mammoth Cave National Park","37 11.095","-086 11.139","","","297842","1","37 11.095","-086 11.139","605.0 ft","Public","131.9'","Clinometer/laser rangefinder/sine","7.0'","84''","","","Elijah Whitcomb","2023-06-23","","N"
"Bitternut Hickory","Carya cordiformis","Kentucky","Edmonson","Mammoth Cave National Park","37 11.075","-086 05.719","","","297590","1","37 11.075","-086 05.719","665.0 ft","Public","132.0'","Clinometer/laser rangefinder/sine","6.0'","72''","","","Elijah Whitcomb","2023-06-23","","N"
"Bitternut Hickory","Carya cordiformis","Kentucky","Edmonson","Mammoth Cave National Park","37 13.290","-086 11.521","","","297386","1","37 13.290","-086 11.521","615.0 ft","Public","132.2'","Clinometer/laser rangefinder/sine","6.8'","82''","","","Elijah Whitcomb","2023-06-23","","N"
"Bitternut Hickory","Carya cordiformis","Kentucky","Edmonson","Mammoth Cave National Park","37 10.875","-086 07.586","","","297705","1","37 10.875","-086 07.586","615.0 ft","Public","133.7'","Clinometer/laser rangefinder/sine","5.8'","70''","","","Elijah Whitcomb","2023-06-23","","N"
"Bitternut Hickory","Carya cordiformis","Kentucky","Edmonson","Mammoth Cave National Park","37 08.602","-086 05.100","","","297451","1","37 08.602","-086 05.100","740.0 ft","Public","134.1'","Clinometer/laser rangefinder/sine","6.7'","80''","","","Elijah Whitcomb","2023-06-23","","N"
"Bitternut Hickory","Carya cordiformis","Kentucky","Edmonson","Mammoth Cave National Park","37 11.297","-086 05.804","","","297589","1","37 11.297","-086 05.804","585.0 ft","Public","134.3'","Clinometer/laser rangefinder/sine","7.4'","89''","","","Elijah Whitcomb","2023-06-23","","N"
"Bitternut Hickory","Carya cordiformis","Kentucky","Edmonson","Mammoth Cave National Park","37 10.646","-086 09.909","","","297806","1","37 10.646","-086 09.909","570.0 ft","Public","134.4'","Clinometer/laser rangefinder/sine","6.5'","78''","","","Elijah Whitcomb","2023-06-23","","N"
"Bitternut Hickory","Carya cordiformis","Kentucky","Edmonson","Mammoth Cave National Park","37 10.638","-086 10.857","","","297398","1","37 10.638","-086 10.857","490.0 ft","Public","134.5'","Clinometer/laser rangefinder/sine","5.9'","71''","","","Elijah Whitcomb","2023-06-23","","N"
"Bitternut Hickory","Carya cordiformis","Kentucky","Edmonson","Mammoth Cave National Park","37 13.379","-086 13.518","","","297341","1","37 13.379","-086 13.518","515.0 ft","Public","135.3'","Clinometer/laser rangefinder/sine","8.6'","103''","","","Elijah Whitcomb","2023-06-23","","N"
"Bitternut Hickory","Carya cordiformis","Kentucky","Edmonson","Mammoth Cave National Park","37 10.390","-086 08.457","","","297662","1","37 10.390","-086 08.457","660.0 ft","Public","135.3'","Clinometer/laser rangefinder/sine","6.4'","77''","","","Elijah Whitcomb","2023-06-23","","N"
"Bitternut Hickory","Carya cordiformis","Kentucky","Edmonson","Mammoth Cave National Park","37 14.667","-086 03.310","","","297539","1","37 14.667","-086 03.310","600.0 ft","Public","135.6'","Clinometer/laser rangefinder/sine","6.4'","77''","","","Elijah Whitcomb","2023-06-23","","N"
"Bitternut Hickory","Carya cordiformis","Kentucky","Edmonson","Mammoth Cave National Park","37 13.157","-086 07.543","","","297513","1","37 13.157","-086 07.543","670.0 ft","Public","135.8'","Clinometer/laser rangefinder/sine","6.1'","73''","","","Elijah Whitcomb","2023-06-23","","N"
"Bitternut Hickory","Carya cordiformis","Kentucky","Edmonson","Mammoth Cave National Park","37 12.339","-086 14.842","","","297329","1","37 12.339","-086 14.842","465.0 ft","Public","136.5'","Clinometer/laser rangefinder/sine","8.2'","99''","","","Elijah Whitcomb","2023-06-23","","N"
"Bitternut Hickory","Carya cordiformis","Kentucky","Edmonson","Mammoth Cave National Park","37 11.374","-086 08.730","","","297710","1","37 11.374","-086 08.730","485.0 ft","Public","137.5'","Clinometer/laser rangefinder/sine","7.3'","88''","","","Elijah Whitcomb","2023-06-23","","N"
"Bitternut Hickory","Carya cordiformis","Kentucky","Edmonson","Mammoth Cave National Park","37 10.324","-086 07.912","","","297603","1","37 10.324","-086 07.912","630.0 ft","Public","138.3'","Clinometer/laser rangefinder/sine","7.3'","88''","","","Elijah Whitcomb","2023-06-23","","N"
"Bitternut Hickory","Carya cordiformis","Kentucky","Edmonson","Mammoth Cave National Park","37 12.706","-086 15.150","","","297306","1","37 12.706","-086 15.150","570.0 ft","Public","138.5'","Clinometer/laser rangefinder/sine","6.3'","76''","","","Elijah Whitcomb","2023-06-23","","N"
"Bitternut Hickory","Carya cordiformis","Kentucky","Edmonson","Mammoth Cave National Park","37 12.610","-086 13.466","","","297816","1","37 12.610","-086 13.466","525.0 ft","Public","139.1'","Clinometer/laser rangefinder/sine","8.4'","101''","","","Elijah Whitcomb","2023-06-23","","N"
"Bitternut Hickory","Carya cordiformis","Kentucky","Edmonson","Mammoth Cave National Park","37 11.338","-086 08.735","","","297711","1","37 11.338","-086 08.735","460.0 ft","Public","139.2'","Clinometer/laser rangefinder/sine","10.6'","127''","","","Elijah Whitcomb","2023-06-23","","N"
"Bitternut Hickory","Carya cordiformis","Kentucky","Edmonson","Mammoth Cave National Park","37 13.139","-086 07.482","","","297514","1","37 13.139","-086 07.482","655.0 ft","Public","140.4'","Clinometer/laser rangefinder/sine","6.9'","83''","","","Elijah Whitcomb","2023-06-23","","N"
"Bitternut Hickory","Carya cordiformis","Kentucky","Edmonson","Mammoth Cave National Park","37 13.517","-086 11.979","","","297368","1","37 13.517","-086 11.979","590.0 ft","Public","141.4'","Clinometer/laser rangefinder/sine","5.8'","70''","","","Elijah Whitcomb","2023-06-23","","N"
"Bitternut Hickory","Carya cordiformis","Kentucky","Edmonson","Mammoth Cave National Park","37 13.636","-086 06.105","","","297487","1","37 13.636","-086 06.105","515.0 ft","Public","144.6'","Clinometer/laser rangefinder/sine","7.9'","95''","","","Elijah Whitcomb","2023-06-23","","N"
"Bitternut Hickory","Carya cordiformis","Kentucky","Edmonson","Mammoth Cave National Park","37 13.401","-086 12.288","","","297367","1","37 13.401","-086 12.288","675.0 ft","Public","145.9'","Clinometer/laser rangefinder/sine","7.0'","84''","","","Elijah Whitcomb","2023-06-23","","N"
"Black Cherry","Prunus serotina var. serotina","Kentucky","Edmonson","Mammoth Cave National Park","37 12.971","-086 15.812","","","297325","1","37 12.971","-086 15.812","415.0 ft","Public","111.8'","Clinometer/laser rangefinder/sine","5.6'","67''","","","Elijah Whitcomb","2023-06-23","","N"
"Black Cherry","Prunus serotina var. serotina","Kentucky","Edmonson","Mammoth Cave National Park","37 12.783","-086 15.220","","","297326","1","37 12.783","-086 15.220","495.0 ft","Public","121.3'","Clinometer/laser rangefinder/sine","5.4'","65''","","","Elijah Whitcomb","2023-06-23","","N"
"Black Cherry","Prunus serotina var. serotina","Kentucky","Edmonson","Mammoth Cave National Park","37 11.668","-086 08.996","","","297742","1","37 11.668","-086 08.996","630.0 ft","Public","122.0'","Clinometer/laser rangefinder/sine","4.9'","59''","","","Elijah Whitcomb","2023-06-23","","N"
"Black Cherry","Prunus serotina var. serotina","Kentucky","Edmonson","Mammoth Cave National Park","37 11.320","-086 08.423","","","297680","1","37 11.320","-086 08.423","460.0 ft","Public","126.0'","Clinometer/laser rangefinder/sine","4.6'","55''","","","Elijah Whitcomb","2023-06-23","","N"
"Black Cherry","Prunus serotina var. serotina","Kentucky","Edmonson","Mammoth Cave National Park","37 12.771","-086 12.220","","","297419","1","37 12.771","-086 12.220","500.0 ft","Public","129.4'","Clinometer/laser rangefinder/sine","6.5'","78''","","","Elijah Whitcomb","2023-06-23","","N"
"Black Maple","Acer nigrum","Kentucky","Edmonson","Mammoth Cave National Park","37 12.137","-086 12.645","","","297769","1","37 12.137","-086 12.645","390.0 ft","Public","71.5'","Clinometer/laser rangefinder/sine","4.7'","56''","","","Elijah Whitcomb","2023-06-23","","N"
"Black Oak","Quercus velutina","Kentucky","Edmonson","Mammoth Cave National Park","37 12.416","-086 13.375","","","297823","1","37 12.416","-086 13.375","580.0 ft","Public","118.3'","Clinometer/laser rangefinder/sine","7.1'","86''","","","Elijah Whitcomb","2023-06-23","","N"
"Black Oak","Quercus velutina","Kentucky","Edmonson","Mammoth Cave National Park","37 11.905","-086 10.754","","","297862","1","37 11.905","-086 10.754","690.0 ft","Public","120.0'","Clinometer/laser rangefinder/sine","9.8'","118''","","","Elijah Whitcomb","2023-06-23","","N"
"Black Oak","Quercus velutina","Kentucky","Edmonson","Mammoth Cave National Park","37 08.778","-086 05.109","","","297435","1","37 08.778","-086 05.109","795.0 ft","Public","121.3'","Clinometer/laser rangefinder/sine","12.3'","148''","","","Elijah Whitcomb","2023-06-23","","N"
"Black Oak","Quercus velutina","Kentucky","Edmonson","Mammoth Cave National Park","37 13.070","-086 13.637","","","297293","1","37 13.070","-086 13.637","660.0 ft","Public","126.3'","Clinometer/laser rangefinder/sine","7.6'","91''","","","Elijah Whitcomb","2023-06-23","","N"
"Black Oak","Quercus velutina","Kentucky","Edmonson","Mammoth Cave National Park","37 13.013","-086 13.211","","","297412","1","37 13.013","-086 13.211","630.0 ft","Public","131.2'","Clinometer/laser rangefinder/sine","6.8'","81''","","","Elijah Whitcomb","2023-06-23","","N"
"Black Oak","Quercus velutina","Kentucky","Edmonson","Mammoth Cave National Park","37 12.977","-086 12.813","","","297414","1","37 12.977","-086 12.813","665.0 ft","Public","136.7'","Clinometer/laser rangefinder/sine","10.6'","127''","","","Elijah Whitcomb","2023-06-23","","N"
"Black Oak","Quercus velutina","Kentucky","Edmonson","Mammoth Cave National Park","37 13.009","-086 13.212","","","297413","1","37 13.009","-086 13.212","620.0 ft","Public","137.7'","Clinometer/laser rangefinder/sine","7.1'","85''","","","Elijah Whitcomb","2023-06-23","","N"
"Black Oak","Quercus velutina","Kentucky","Edmonson","Mammoth Cave National Park","37 14.641","-086 03.698","","","297536","1","37 14.641","-086 03.698","770.0 ft","Public","138.0'","Clinometer/laser rangefinder/sine","9.9'","119''","","","Elijah Whitcomb","2023-06-23","","N"
"Black Walnut","Juglans nigra","Kentucky","Edmonson","Mammoth Cave National Park","37 12.807","-086 09.054","","","297428","1","37 12.807","-086 09.054","515.0 ft","Public","120.0'","Clinometer/laser rangefinder/sine","9.9'","119''","","","Elijah Whitcomb","2023-06-23","","N"
"Black Walnut","Juglans nigra","Kentucky","Edmonson","Mammoth Cave National Park","37 11.662","-086 12.509","","","297765","1","37 11.662","-086 12.509","735.0 ft","Public","123.2'","Clinometer/laser rangefinder/sine","7.5'","90''","","","Elijah Whitcomb","2023-06-23","","N"
"Black Walnut","Juglans nigra","Kentucky","Edmonson","Mammoth Cave National Park","37 12.117","-086 12.338","","","297766","1","37 12.117","-086 12.338","435.0 ft","Public","123.2'","Clinometer/laser rangefinder/sine","9.0'","108''","","","Elijah Whitcomb","2023-06-23","","N"
"Black Walnut","Juglans nigra","Kentucky","Edmonson","Mammoth Cave National Park","37 11.276","-086 08.818","","","297717","1","37 11.276","-086 08.818","435.0 ft","Public","127.1'","Clinometer/laser rangefinder/sine","6.0'","72''","","","Elijah Whitcomb","2023-06-23","","N"
"Black Walnut","Juglans nigra","Kentucky","Edmonson","Mammoth Cave National Park","37 11.426","-086 11.379","","","297777","1","37 11.426","-086 11.379","445.0 ft","Public","128.1'","Clinometer/laser rangefinder/sine","5.4'","65''","","","Elijah Whitcomb","2023-06-23","","N"
"Black Walnut","Juglans nigra","Kentucky","Edmonson","Mammoth Cave National Park","37 11.127","-086 05.757","","","297572","1","37 11.127","-086 05.757","615.0 ft","Public","128.2'","Clinometer/laser rangefinder/sine","8.2'","98''","","","Elijah Whitcomb","2023-06-23","","N"
"Black Walnut","Juglans nigra","Kentucky","Edmonson","Mammoth Cave National Park","37 10.409","-086 08.492","","","297664","1","37 10.409","-086 08.492","670.0 ft","Public","128.3'","Clinometer/laser rangefinder/sine","7.6'","91''","","","Elijah Whitcomb","2023-06-23","","N"
"Black Walnut","Juglans nigra","Kentucky","Edmonson","Mammoth Cave National Park","37 12.357","-086 11.845","","","297767","1","37 12.357","-086 11.845","395.0 ft","Public","128.6'","Clinometer/laser rangefinder/sine","6.6'","79''","","","Elijah Whitcomb","2023-06-23","","N"
"Black Walnut","Juglans nigra","Kentucky","Edmonson","Mammoth Cave National Park","37 11.387","-086 08.758","","","297716","1","37 11.387","-086 08.758","490.0 ft","Public","130.1'","Clinometer/laser rangefinder/sine","7.3'","88''","","","Elijah Whitcomb","2023-06-23","","N"
"Black Walnut","Juglans nigra","Kentucky","Edmonson","Mammoth Cave National Park","37 12.730","-086 07.363","","","297496","1","37 12.730","-086 07.363","640.0 ft","Public","130.3'","Clinometer/laser rangefinder/sine","7.5'","90''","","","Elijah Whitcomb","2023-06-23","","N"
"Black Walnut","Juglans nigra","Kentucky","Edmonson","Mammoth Cave National Park","37 10.725","-086 06.572","","","297571","1","37 10.725","-086 06.572","465.0 ft","Public","131.8'","Clinometer/laser rangefinder/sine","7.4'","89''","","","Elijah Whitcomb","2023-06-23","","N"
"Black Walnut","Juglans nigra","Kentucky","Edmonson","Mammoth Cave National Park","37 12.056","-086 13.860","","","297291","1","37 12.056","-086 13.860","475.0 ft","Public","132.7'","Clinometer/laser rangefinder/sine","6.4'","77''","","","Elijah Whitcomb","2023-06-23","","N"
"Black Walnut","Juglans nigra","Kentucky","Edmonson","Mammoth Cave National Park","37 11.818","-086 13.558","","","297776","1","37 11.818","-086 13.558","480.0 ft","Public","133.3'","Clinometer/laser rangefinder/sine","6.3'","75''","","","Elijah Whitcomb","2023-06-23","","N"
"Black Walnut","Juglans nigra","Kentucky","Edmonson","Mammoth Cave National Park","37 12.850","-086 15.280","","","297323","1","37 12.850","-086 15.280","445.0 ft","Public","134.1'","Clinometer/laser rangefinder/sine","8.9'","107''","","","Elijah Whitcomb","2023-06-23","","N"
"Black Walnut","Juglans nigra","Kentucky","Edmonson","Mammoth Cave National Park","37 13.779","-086 06.471","","","297476","1","37 13.779","-086 06.471","595.0 ft","Public","134.8'","Clinometer/laser rangefinder/sine","7.5'","90''","","","Elijah Whitcomb","2023-06-23","","N"
"Blackgum","Nyssa sylvatica","Kentucky","Edmonson","Mammoth Cave National Park","37 10.950","-086 11.186","","","297841","1","37 10.950","-086 11.186","640.0 ft","Public","102.8'","Clinometer/laser rangefinder/sine","4.6'","55''","","","Elijah Whitcomb","2023-06-23","","N"
"Blackgum","Nyssa sylvatica","Kentucky","Edmonson","Mammoth Cave National Park","37 11.746","-086 09.707","","","297744","1","37 11.746","-086 09.707","770.0 ft","Public","103.4'","Clinometer/laser rangefinder/sine","5.9'","71''","","","Elijah Whitcomb","2023-06-23","","N"
"Blackgum","Nyssa sylvatica","Kentucky","Edmonson","Mammoth Cave National Park","37 14.624","-086 03.821","","","297532","1","37 14.624","-086 03.821","780.0 ft","Public","107.8'","Clinometer/laser rangefinder/sine","7.7'","92''","","","Elijah Whitcomb","2023-06-23","","N"
"Blackgum","Nyssa sylvatica","Kentucky","Edmonson","Mammoth Cave National Park","37 13.598","-086 12.265","","","297338","1","37 13.598","-086 12.265","565.0 ft","Public","108.3'","Clinometer/laser rangefinder/sine","6.9'","83''","","","Elijah Whitcomb","2023-06-23","","N"
"Blackgum","Nyssa sylvatica","Kentucky","Edmonson","Mammoth Cave National Park","37 13.914","-086 03.165","","","297527","1","37 13.914","-086 03.165","695.0 ft","Public","110.1'","Clinometer/laser rangefinder/sine","6.0'","72''","","","Elijah Whitcomb","2023-06-23","","N"
"Blackgum","Nyssa sylvatica","Kentucky","Edmonson","Mammoth Cave National Park","37 13.153","-086 07.785","","","297501","1","37 13.153","-086 07.785","715.0 ft","Public","110.9'","Clinometer/laser rangefinder/sine","5.3'","64''","","","Elijah Whitcomb","2023-06-23","","N"
"Blackgum","Nyssa sylvatica","Kentucky","Edmonson","Mammoth Cave National Park","37 10.398","-086 08.502","","","297665","1","37 10.398","-086 08.502","690.0 ft","Public","114.3'","Clinometer/laser rangefinder/sine","5.7'","68''","","","Elijah Whitcomb","2023-06-23","","N"
"Blackgum","Nyssa sylvatica","Kentucky","Edmonson","Mammoth Cave National Park","37 11.249","-086 09.163","","","297745","1","37 11.249","-086 09.163","645.0 ft","Public","114.8'","Clinometer/laser rangefinder/sine","7.4'","89''","","","Elijah Whitcomb","2023-06-23","","N"
"Blackgum","Nyssa sylvatica","Kentucky","Edmonson","Mammoth Cave National Park","37 14.586","-086 03.527","","","297533","1","37 14.586","-086 03.527","735.0 ft","Public","114.9'","Clinometer/laser rangefinder/sine","8.9'","107''","","","Elijah Whitcomb","2023-06-23","","N"
"Blackgum","Nyssa sylvatica","Kentucky","Edmonson","Mammoth Cave National Park","37 08.868","-086 05.237","","","297465","1","37 08.868","-086 05.237","780.0 ft","Public","116.0'","Clinometer/laser rangefinder/sine","5.9'","71''","","","Elijah Whitcomb","2023-06-23","","N"
"Blackgum","Nyssa sylvatica","Kentucky","Edmonson","Mammoth Cave National Park","37 13.544","-086 12.068","","","297375","1","37 13.544","-086 12.068","610.0 ft","Public","124.0'","Clinometer/laser rangefinder/sine","9.5'","114''","","","Elijah Whitcomb","2023-06-23","","N"
"Blackjack Oak","Quercus marilandica var. marilandica","Kentucky","Edmonson","Mammoth Cave National Park","37 09.138","-086 06.514","","","297432","1","37 09.138","-086 06.514","760.0 ft","Public","40.7'","Clinometer/laser rangefinder/sine","4.5'","54''","","","Elijah Whitcomb","2023-06-23","","N"
"Blackjack Oak","Quercus marilandica var. marilandica","Kentucky","Edmonson","Mammoth Cave National Park","37 09.142","-086 06.518","","","297434","1","37 09.142","-086 06.518","765.0 ft","Public","59.0'","Clinometer/laser rangefinder/sine","4.5'","54''","","","Elijah Whitcomb","2023-06-23","","N"
"Blackjack Oak","Quercus marilandica var. marilandica","Kentucky","Edmonson","Mammoth Cave National Park","37 09.141","-086 06.516","","","297433","1","37 09.141","-086 06.516","765.0 ft","Public","61.5'","Clinometer/laser rangefinder/sine","3.4'","41''","","","Elijah Whitcomb","2023-06-23","","N"
"Blue Ash","Fraxinus quadrangulata","Kentucky","Edmonson","Mammoth Cave National Park","37 11.615","-086 07.646","","","297844","1","37 11.615","-086 07.646","590.0 ft","Public","102.7'","Clinometer/laser rangefinder/sine","7.8'","94''","","","Elijah Whitcomb","2023-06-23","","N"
"Blue Ash","Fraxinus quadrangulata","Kentucky","Edmonson","Mammoth Cave National Park","37 14.518","-086 02.420","","","297541","1","37 14.518","-086 02.420","470.0 ft","Public","102.9'","Clinometer/laser rangefinder/sine","6.3'","76''","","","Elijah Whitcomb","2023-06-23","","N"
"Blue Ash","Fraxinus quadrangulata","Kentucky","Edmonson","Mammoth Cave National Park","37 11.021","-086 09.781","","","297810","1","37 11.021","-086 09.781","480.0 ft","Public","105.2'","Clinometer/laser rangefinder/sine","5.6'","67''","","","Elijah Whitcomb","2023-06-23","","N"
"Blue Ash","Fraxinus quadrangulata","Kentucky","Edmonson","Mammoth Cave National Park","37 11.631","-086 08.729","","","297712","1","37 11.631","-086 08.729","515.0 ft","Public","105.6'","Clinometer/laser rangefinder/sine","5.5'","66''","","","Elijah Whitcomb","2023-06-23","","N"
"Blue Ash","Fraxinus quadrangulata","Kentucky","Edmonson","Mammoth Cave National Park","37 14.562","-086 02.423","","","297542","1","37 14.562","-086 02.423","495.0 ft","Public","105.7'","Clinometer/laser rangefinder/sine","8.2'","98''","","","Elijah Whitcomb","2023-06-23","","N"
"Blue Ash","Fraxinus quadrangulata","Kentucky","Edmonson","Mammoth Cave National Park","37 11.940","-086 13.714","","","297772","1","37 11.940","-086 13.714","445.0 ft","Public","106.3'","Clinometer/laser rangefinder/sine","6.0'","72''","","","Elijah Whitcomb","2023-06-23","","N"
"Blue Ash","Fraxinus quadrangulata","Kentucky","Edmonson","Mammoth Cave National Park","37 11.579","-086 10.670","","","297859","1","37 11.579","-086 10.670","565.0 ft","Public","106.7'","Clinometer/laser rangefinder/sine","4.9'","59''","","","Elijah Whitcomb","2023-06-23","","N"
"Blue Ash","Fraxinus quadrangulata","Kentucky","Edmonson","Mammoth Cave National Park","37 11.613","-086 08.741","","","297713","1","37 11.613","-086 08.741","520.0 ft","Public","107.3'","Clinometer/laser rangefinder/sine","5.2'","62''","","","Elijah Whitcomb","2023-06-23","","N"
"Blue Ash","Fraxinus quadrangulata","Kentucky","Edmonson","Mammoth Cave National Park","37 11.174","-086 11.094","","","297845","1","37 11.174","-086 11.094","585.0 ft","Public","107.3'","Clinometer/laser rangefinder/sine","5.5'","66''","","","Elijah Whitcomb","2023-06-23","","N"
"Blue Ash","Fraxinus quadrangulata","Kentucky","Edmonson","Mammoth Cave National Park","37 12.721","-086 06.879","","","297492","1","37 12.721","-086 06.879","510.0 ft","Public","107.4'","Clinometer/laser rangefinder/sine","8.8'","106''","","","Elijah Whitcomb","2023-06-23","","N"
"Blue Ash","Fraxinus quadrangulata","Kentucky","Edmonson","Mammoth Cave National Park","37 13.414","-086 04.178","","","297543","1","37 13.414","-086 04.178","490.0 ft","Public","107.7'","Clinometer/laser rangefinder/sine","6.7'","80''","","","Elijah Whitcomb","2023-06-23","","N"
"Blue Ash","Fraxinus quadrangulata","Kentucky","Edmonson","Mammoth Cave National Park","37 13.717","-086 02.502","","","297530","1","37 13.717","-086 02.502","465.0 ft","Public","109.4'","Clinometer/laser rangefinder/sine","7.9'","95''","","","Elijah Whitcomb","2023-06-23","","N"
"Blue Ash","Fraxinus quadrangulata","Kentucky","Edmonson","Mammoth Cave National Park","37 12.468","-086 14.816","","","297305","1","37 12.468","-086 14.816","490.0 ft","Public","110.0'","Clinometer/laser rangefinder/sine","9.7'","116''","","","Elijah Whitcomb","2023-06-23","","N"
"Blue Ash","Fraxinus quadrangulata","Kentucky","Edmonson","Mammoth Cave National Park","37 12.747","-086 06.964","","","297491","1","37 12.747","-086 06.964","540.0 ft","Public","110.6'","Clinometer/laser rangefinder/sine","7.1'","85''","","","Elijah Whitcomb","2023-06-23","","N"
"Blue Ash","Fraxinus quadrangulata","Kentucky","Edmonson","Mammoth Cave National Park","37 13.253","-086 04.619","","","297544","1","37 13.253","-086 04.619","535.0 ft","Public","112.0'","Clinometer/laser rangefinder/sine","6.7'","80''","","","Elijah Whitcomb","2023-06-23","","N"
"Blue Ash","Fraxinus quadrangulata","Kentucky","Edmonson","Mammoth Cave National Park","37 10.716","-086 06.651","","","297643","1","37 10.716","-086 06.651","","Public","112.8'","Clinometer/laser rangefinder/sine","7.8'","94''","","","Elijah Whitcomb","2023-06-23","","N"
"Blue Ash","Fraxinus quadrangulata","Kentucky","Edmonson","Mammoth Cave National Park","37 12.203","-086 13.074","","","297819","1","37 12.203","-086 13.074","735.0 ft","Public","113.3'","Clinometer/laser rangefinder/sine","10.0'","120''","","","Elijah Whitcomb","2023-06-23","","N"
"Blue Ash","Fraxinus quadrangulata","Kentucky","Edmonson","Mammoth Cave National Park","37 12.068","-086 13.749","","","297290","1","37 12.068","-086 13.749","500.0 ft","Public","114.1'","Clinometer/laser rangefinder/sine","3.9'","47''","","","Elijah Whitcomb","2023-06-23","","N"
"Blue Ash","Fraxinus quadrangulata","Kentucky","Edmonson","Mammoth Cave National Park","37 11.201","-086 05.782","","","297595","1","37 11.201","-086 05.782","605.0 ft","Public","114.1'","Clinometer/laser rangefinder/sine","9.7'","116''","","Former double trunk","Elijah Whitcomb","2023-06-23","","N"
"Blue Ash","Fraxinus quadrangulata","Kentucky","Edmonson","Mammoth Cave National Park","37 11.220","-086 05.774","","","297594","1","37 11.220","-086 05.774","585.0 ft","Public","116.2'","Clinometer/laser rangefinder/sine","6.9'","83''","","","Elijah Whitcomb","2023-06-23","","N"
"Blue Ash","Fraxinus quadrangulata","Kentucky","Edmonson","Mammoth Cave National Park","37 10.613","-086 06.638","","","297641","1","37 10.613","-086 06.638","","Public","116.8'","Clinometer/laser rangefinder/sine","8.6'","103''","","","Elijah Whitcomb","2023-06-23","","N"
"Blue Ash","Fraxinus quadrangulata","Kentucky","Edmonson","Mammoth Cave National Park","37 13.651","-086 05.810","","","297490","1","37 13.651","-086 05.810","475.0 ft","Public","119.1'","Clinometer/laser rangefinder/sine","5.9'","71''","","","Elijah Whitcomb","2023-06-23","","N"
"Blue Ash","Fraxinus quadrangulata","Kentucky","Edmonson","Mammoth Cave National Park","37 10.873","-086 10.558","","","297391","1","37 10.873","-086 10.558","415.0 ft","Public","119.3'","Clinometer/laser rangefinder/sine","8.9'","107''","","","Elijah Whitcomb","2023-06-23","","N"
"Blue Ash","Fraxinus quadrangulata","Kentucky","Edmonson","Mammoth Cave National Park","37 11.586","-086 07.641","","","297847","1","37 11.586","-086 07.641","540.0 ft","Public","120.0'","Clinometer/laser rangefinder/sine","8.2'","98''","","","Elijah Whitcomb","2023-06-23","","N"
"Blue Ash","Fraxinus quadrangulata","Kentucky","Edmonson","Mammoth Cave National Park","37 13.404","-086 13.667","","","297333","1","37 13.404","-086 13.667","500.0 ft","Public","120.3'","Clinometer/laser rangefinder/sine","6.5'","78''","","","Elijah Whitcomb","2023-06-23","","N"
"Blue Ash","Fraxinus quadrangulata","Kentucky","Edmonson","Mammoth Cave National Park","37 13.416","-086 13.219","","","297334","1","37 13.416","-086 13.219","465.0 ft","Public","121.8'","Clinometer/laser rangefinder/sine","6.3'","76''","","","Elijah Whitcomb","2023-06-23","","N"
"Blue Ash","Fraxinus quadrangulata","Kentucky","Edmonson","Mammoth Cave National Park","37 11.175","-086 05.777","","","297596","1","37 11.175","-086 05.777","605.0 ft","Public","121.9'","Clinometer/laser rangefinder/sine","7.1'","85''","","","Elijah Whitcomb","2023-06-23","","N"
"Blue Ash","Fraxinus quadrangulata","Kentucky","Edmonson","Mammoth Cave National Park","37 12.794","-086 14.081","","","297298","1","37 12.794","-086 14.081","515.0 ft","Public","122.1'","Clinometer/laser rangefinder/sine","8.8'","106''","","","Elijah Whitcomb","2023-06-23","","N"
"Blue Ash","Fraxinus quadrangulata","Kentucky","Edmonson","Mammoth Cave National Park","37 12.009","-086 14.011","","","297756","1","37 12.009","-086 14.011","420.0 ft","Public","122.2'","Clinometer/laser rangefinder/sine","6.1'","73''","","","Elijah Whitcomb","2023-06-23","","N"
"Blue Ash","Fraxinus quadrangulata","Kentucky","Edmonson","Mammoth Cave National Park","37 11.188","-086 11.098","","","297846","1","37 11.188","-086 11.098","585.0 ft","Public","122.3'","Clinometer/laser rangefinder/sine","8.4'","101''","","","Elijah Whitcomb","2023-06-23","","N"
"Blue Ash","Fraxinus quadrangulata","Kentucky","Edmonson","Mammoth Cave National Park","37 12.006","-086 14.455","","","297304","1","37 12.006","-086 14.455","","Public","122.5'","Clinometer/laser rangefinder/sine","7.6'","91''","","","Elijah Whitcomb","2023-06-23","","N"
"Blue Ash","Fraxinus quadrangulata","Kentucky","Edmonson","Mammoth Cave National Park","37 11.788","-086 13.541","","","297773","1","37 11.788","-086 13.541","510.0 ft","Public","122.6'","Clinometer/laser rangefinder/sine","8.1'","97''","","","Elijah Whitcomb","2023-06-23","","N"
"Blue Ash","Fraxinus quadrangulata","Kentucky","Edmonson","Mammoth Cave National Park","37 10.608","-086 06.645","","","297640","1","37 10.608","-086 06.645","","Public","123.2'","Clinometer/laser rangefinder/sine","6.6'","79''","","","Elijah Whitcomb","2023-06-23","","N"
"Blue Ash","Fraxinus quadrangulata","Kentucky","Edmonson","Mammoth Cave National Park","37 10.615","-086 06.638","","","297642","1","37 10.615","-086 06.638","","Public","126.1'","Clinometer/laser rangefinder/sine","8.2'","98''","","","Elijah Whitcomb","2023-06-23","","N"
"Blue Ash","Fraxinus quadrangulata","Kentucky","Edmonson","Mammoth Cave National Park","37 10.578","-086 06.668","","","297639","1","37 10.578","-086 06.668","","Public","127.0'","Clinometer/laser rangefinder/sine","8.2'","98''","","","Elijah Whitcomb","2023-06-23","","N"
"Blue Ash","Fraxinus quadrangulata","Kentucky","Edmonson","Mammoth Cave National Park","37 08.560","-086 05.013","","","297456","1","37 08.560","-086 05.013","740.0 ft","Public","128.8'","Clinometer/laser rangefinder/sine","8.2'","98''","","","Elijah Whitcomb","2023-06-23","","N"
"Blue Ash","Fraxinus quadrangulata","Kentucky","Edmonson","Mammoth Cave National Park","37 10.587","-086 06.682","","","297637","1","37 10.587","-086 06.682","","Public","130.5'","Clinometer/laser rangefinder/sine","6.4'","77''","","","Elijah Whitcomb","2023-06-23","","N"
"Blue Ash","Fraxinus quadrangulata","Kentucky","Edmonson","Mammoth Cave National Park","37 11.813","-086 13.561","","","297774","1","37 11.813","-086 13.561","485.0 ft","Public","130.5'","Clinometer/laser rangefinder/sine","6.1'","74''","","","Elijah Whitcomb","2023-06-23","","N"
"Blue Ash","Fraxinus quadrangulata","Kentucky","Edmonson","Mammoth Cave National Park","37 10.575","-086 06.692","","","297638","1","37 10.575","-086 06.692","","Public","130.8'","Clinometer/laser rangefinder/sine","6.9'","83''","","","Elijah Whitcomb","2023-06-23","","N"
"Blue Ash","Fraxinus quadrangulata","Kentucky","Edmonson","Mammoth Cave National Park","37 13.499","-086 12.008","","","297376","1","37 13.499","-086 12.008","650.0 ft","Public","134.5'","Clinometer/laser rangefinder/sine","9.1'","109''","","","Elijah Whitcomb","2023-06-23","","N"
"Blue Ash","Fraxinus quadrangulata","Kentucky","Edmonson","Mammoth Cave National Park","37 12.315","-086 06.761","","","297493","1","37 12.315","-086 06.761","460.0 ft","Public","135.3'","Clinometer/laser rangefinder/sine","7.0'","84''","","","Elijah Whitcomb","2023-06-23","","N"
"Boxelder","Acer negundo var. negundo","Kentucky","Edmonson","Mammoth Cave National Park","37 09.896","-086 09.259","","","297396","1","37 09.896","-086 09.259","450.0 ft","Public","76.4'","Clinometer/laser rangefinder/sine","4.4'","53''","","","Elijah Whitcomb","2023-06-23","","N"
"Boxelder","Acer negundo var. negundo","Kentucky","Edmonson","Mammoth Cave National Park","37 13.043","-086 03.662","","","297560","1","37 13.043","-086 03.662","440.0 ft","Public","90.8'","Clinometer/laser rangefinder/sine","7.8'","94''","","","Elijah Whitcomb","2023-06-23","","N"
"Boxelder","Acer negundo var. negundo","Kentucky","Edmonson","Mammoth Cave National Park","37 10.982","-086 10.464","","","297397","1","37 10.982","-086 10.464","370.0 ft","Public","91.3'","Clinometer/laser rangefinder/sine","4.4'","53''","","","Elijah Whitcomb","2023-06-23","","N"
"Boxelder","Acer negundo var. negundo","Kentucky","Edmonson","Mammoth Cave National Park","37 10.304","-086 08.407","","","297660","1","37 10.304","-086 08.407","640.0 ft","Public","101.8'","Clinometer/laser rangefinder/sine","7.5'","90''","","","Elijah Whitcomb","2023-06-23","","N"
"Chestnut Oak","Quercus montana","Kentucky","Edmonson","Mammoth Cave National Park","37 13.364","-086 12.744","","","297350","1","37 13.364","-086 12.744","585.0 ft","Public","119.5'","Clinometer/laser rangefinder/sine","7.4'","89''","","","Elijah Whitcomb","2023-06-23","","N"
"Chestnut Oak","Quercus montana","Kentucky","Edmonson","Mammoth Cave National Park","37 13.278","-086 11.758","","","297379","1","37 13.278","-086 11.758","630.0 ft","Public","123.3'","Clinometer/laser rangefinder/sine","6.3'","76''","","","Elijah Whitcomb","2023-06-23","","N"
"Chestnut Oak","Quercus montana","Kentucky","Edmonson","Mammoth Cave National Park","37 13.036","-086 13.202","","","297405","1","37 13.036","-086 13.202","595.0 ft","Public","123.4'","Clinometer/laser rangefinder/sine","7.6'","91''","","","Elijah Whitcomb","2023-06-23","","N"
"Chestnut Oak","Quercus montana","Kentucky","Edmonson","Mammoth Cave National Park","37 13.407","-086 12.387","","","297356","1","37 13.407","-086 12.387","735.0 ft","Public","124.2'","Clinometer/laser rangefinder/sine","6.2'","74''","","","Elijah Whitcomb","2023-06-23","","N"
"Chestnut Oak","Quercus montana","Kentucky","Edmonson","Mammoth Cave National Park","37 12.911","-086 13.078","","","297406","1","37 12.911","-086 13.078","655.0 ft","Public","128.1'","Clinometer/laser rangefinder/sine","7.6'","91''","","","Elijah Whitcomb","2023-06-23","","N"
"Chestnut Oak","Quercus montana","Kentucky","Edmonson","Mammoth Cave National Park","37 13.506","-086 11.960","","","297357","1","37 13.506","-086 11.960","625.0 ft","Public","128.3'","Clinometer/laser rangefinder/sine","6.3'","76''","","","Elijah Whitcomb","2023-06-23","","N"
"Chestnut Oak","Quercus montana","Kentucky","Edmonson","Mammoth Cave National Park","37 12.966","-086 12.820","","","297407","1","37 12.966","-086 12.820","625.0 ft","Public","129.9'","Clinometer/laser rangefinder/sine","8.0'","96''","","","Elijah Whitcomb","2023-06-23","","N"
"Chestnut Oak","Quercus montana","Kentucky","Edmonson","Mammoth Cave National Park","37 12.978","-086 13.059","","","297408","1","37 12.978","-086 13.059","630.0 ft","Public","130.0'","Clinometer/laser rangefinder/sine","5.7'","68''","","","Elijah Whitcomb","2023-06-23","","N"
"Chestnut Oak","Quercus montana","Kentucky","Edmonson","Mammoth Cave National Park","37 11.261","-086 09.147","","","297741","1","37 11.261","-086 09.147","690.0 ft","Public","135.7'","Clinometer/laser rangefinder/sine","8.7'","104''","","","Elijah Whitcomb","2023-06-23","","N"
"Chestnut Oak","Quercus montana","Kentucky","Edmonson","Mammoth Cave National Park","37 12.202","-086 13.085","","","297826","1","37 12.202","-086 13.085","715.0 ft","Public","143.0'","Clinometer/laser rangefinder/sine","10.3'","124''","","","Elijah Whitcomb","2023-06-23","","N"
"Chinkapin Oak","Quercus muehlenbergii","Kentucky","Edmonson","Mammoth Cave National Park","37 12.431","-086 14.799","","","297318","1","37 12.431","-086 14.799","470.0 ft","Public","116.7'","Clinometer/laser rangefinder/sine","10.4'","125''","","","Elijah Whitcomb","2023-06-23","","N"
"Chinkapin Oak","Quercus muehlenbergii","Kentucky","Edmonson","Mammoth Cave National Park","37 12.800","-086 09.025","","","297430","1","37 12.800","-086 09.025","535.0 ft","Public","116.9'","Clinometer/laser rangefinder/sine","4.7'","56''","","","Elijah Whitcomb","2023-06-23","","N"
"Chinkapin Oak","Quercus muehlenbergii","Kentucky","Edmonson","Mammoth Cave National Park","37 11.845","-086 13.682","","","297288","1","37 11.845","-086 13.682","485.0 ft","Public","119.1'","Clinometer/laser rangefinder/sine","5.4'","65''","","","Elijah Whitcomb","2023-06-23","","N"
"Chinkapin Oak","Quercus muehlenbergii","Kentucky","Edmonson","Mammoth Cave National Park","37 11.582","-086 08.921","","","297738","1","37 11.582","-086 08.921","585.0 ft","Public","125.3'","Clinometer/laser rangefinder/sine","7.2'","86''","","","Elijah Whitcomb","2023-06-23","","N"
"Chinkapin Oak","Quercus muehlenbergii","Kentucky","Edmonson","Mammoth Cave National Park","37 10.523","-086 08.633","","","297666","1","37 10.523","-086 08.633","560.0 ft","Public","126.6'","Clinometer/laser rangefinder/sine","6.5'","78''","","","Elijah Whitcomb","2023-06-23","","N"
"Chinkapin Oak","Quercus muehlenbergii","Kentucky","Edmonson","Mammoth Cave National Park","37 08.860","-086 05.386","","","297441","1","37 08.860","-086 05.386","740.0 ft","Public","127.4'","Clinometer/laser rangefinder/sine","9.6'","115''","","","Elijah Whitcomb","2023-06-23","","N"
"Chinkapin Oak","Quercus muehlenbergii","Kentucky","Edmonson","Mammoth Cave National Park","37 13.182","-086 07.632","","","297503","1","37 13.182","-086 07.632","675.0 ft","Public","130.3'","Clinometer/laser rangefinder/sine","6.6'","79''","","","Elijah Whitcomb","2023-06-23","","N"
"Chinkapin Oak","Quercus muehlenbergii","Kentucky","Edmonson","Mammoth Cave National Park","37 13.153","-086 07.581","","","297504","1","37 13.153","-086 07.581","665.0 ft","Public","136.3'","Clinometer/laser rangefinder/sine","8.0'","96''","","","Elijah Whitcomb","2023-06-23","","N"
"Common Hackberry","Celtis occidentalis","Kentucky","Edmonson","Mammoth Cave National Park","37 12.040","-086 14.255","","","297303","1","37 12.040","-086 14.255","","Public","115.1'","Clinometer/laser rangefinder/sine","6.4'","77''","","","Elijah Whitcomb","2023-06-23","","N"
"Common Hackberry","Celtis occidentalis","Kentucky","Edmonson","Mammoth Cave National Park","37 13.649","-086 02.471","","","297531","1","37 13.649","-086 02.471","425.0 ft","Public","116.3'","Clinometer/laser rangefinder/sine","7.0'","84''","","","Elijah Whitcomb","2023-06-23","","N"
"Common Hackberry","Celtis occidentalis","Kentucky","Edmonson","Mammoth Cave National Park","37 11.338","-086 06.473","","","297570","1","37 11.338","-086 06.473","435.0 ft","Public","129.0'","Clinometer/laser rangefinder/sine","8.0'","96''","","","Elijah Whitcomb","2023-06-23","","N"
"Common Hackberry","Celtis occidentalis","Kentucky","Edmonson","Mammoth Cave National Park","37 11.766","-086 06.121","","","297569","1","37 11.766","-086 06.121","450.0 ft","Public","130.2'","Clinometer/laser rangefinder/sine","7.2'","86''","","","Elijah Whitcomb","2023-06-23","","N"
"Common Persimmon","Diospyros virginiana","Kentucky","Edmonson","Mammoth Cave National Park","37 12.898","-086 08.309","","","297426","1","37 12.898","-086 08.309","730.0 ft","Public","56.7'","Clinometer/laser rangefinder/sine","1.8'","22''","","","Elijah Whitcomb","2023-06-23","","N"
"Common Persimmon","Diospyros virginiana","Kentucky","Edmonson","Mammoth Cave National Park","","","","","76408","1","","","680.0 ft","Public","61.5'","Clinometer/laser rangefinder/sine","5.8'","70''","","","Turner Sharp","2013-03-19","","N"
"Common Persimmon","Diospyros virginiana","Kentucky","Edmonson","Mammoth Cave National Park","37 12.518","-086 06.535","","","297497","1","37 12.518","-086 06.535","440.0 ft","Public","93.2'","Clinometer/laser rangefinder/sine","3.8'","46''","","","Elijah Whitcomb","2023-06-23","","N"
"Common Persimmon","Diospyros virginiana","Kentucky","Edmonson","Mammoth Cave National Park","37 10.869","-086 06.623","","","297584","1","37 10.869","-086 06.623","420.0 ft","Public","104.9'","Clinometer/laser rangefinder/sine","3.3'","40''","","","Elijah Whitcomb","2023-06-23","","N"
"Common Persimmon","Diospyros virginiana","Kentucky","Edmonson","Mammoth Cave National Park","37 12.704","-086 13.659","","","297817","1","37 12.704","-086 13.659","545.0 ft","Public","105.6'","Clinometer/laser rangefinder/sine","4.5'","54''","","","Elijah Whitcomb","2023-06-23","","N"
"Common Serviceberry","Amelanchier arborea var. arborea","Kentucky","Edmonson","Mammoth Cave National Park","37 12.907","-086 08.300","","","297422","1","37 12.907","-086 08.300","740.0 ft","Public","26.5'","Clinometer/laser rangefinder/sine","1.1'","13''","","Species ID uncertain","Elijah Whitcomb","2023-06-23","","N"
"Eastern Cottonwood","Populus deltoides ssp. deltoides","Kentucky","Edmonson","Mammoth Cave National Park","37 10.313","-086 08.419","","","297661","1","37 10.313","-086 08.419","645.0 ft","Public","119.2'","Clinometer/laser rangefinder/sine","11.2'","134''","","","Elijah Whitcomb","2023-06-23","","N"
"Eastern Cottonwood","Populus deltoides ssp. deltoides","Kentucky","Edmonson","Mammoth Cave National Park","37 11.617","-086 11.463","","","297795","1","37 11.617","-086 11.463","430.0 ft","Public","131.1'","Clinometer/laser rangefinder/sine","10.4'","125''","","","Elijah Whitcomb","2023-06-23","","N"
"Eastern Cottonwood","Populus deltoides ssp. deltoides","Kentucky","Edmonson","Mammoth Cave National Park","37 11.610","-086 11.461","","","297796","1","37 11.610","-086 11.461","425.0 ft","Public","132.6'","Clinometer/laser rangefinder/sine","6.7'","80''","","","Elijah Whitcomb","2023-06-23","","N"
"Eastern Cottonwood","Populus deltoides ssp. deltoides","Kentucky","Edmonson","Mammoth Cave National Park","37 12.081","-086 13.918","","","297759","1","37 12.081","-086 13.918","400.0 ft","Public","146.2'","Clinometer/laser rangefinder/sine","11.2'","134''","","","Elijah Whitcomb","2023-06-23","","N"
"Eastern Cottonwood","Populus deltoides ssp. deltoides","Kentucky","Edmonson","Mammoth Cave National Park","37 12.087","-086 13.928","","","297286","1","37 12.087","-086 13.928","465.0 ft","Public","147.8'","Clinometer/laser rangefinder/sine","13.9'","166''","","","Elijah Whitcomb","2023-06-23","","N"
"Eastern Hemlock","Tsuga canadensis","Kentucky","Edmonson","Mammoth Cave National Park","37 14.421","-086 11.583","","","297359","1","37 14.421","-086 11.583","680.0 ft","Public","107.8'","Clinometer/laser rangefinder/sine","","","","","Elijah Whitcomb","2023-06-23","","N"
"Eastern Hemlock","Tsuga canadensis","Kentucky","Edmonson","Mammoth Cave National Park","37 14.415","-086 11.593","","","297360","1","37 14.415","-086 11.593","680.0 ft","Public","117.7'","Clinometer/laser rangefinder/sine","6.2'","74''","","","Elijah Whitcomb","2023-06-23","","N"
"Eastern Hemlock","Tsuga canadensis","Kentucky","Edmonson","Mammoth Cave National Park","37 14.266","-086 11.709","","","297361","1","37 14.266","-086 11.709","630.0 ft","Public","138.1'","Clinometer/laser rangefinder/sine","8.1'","97''","","","Elijah Whitcomb","2023-06-23","","N"
"Eastern Redbud","Cercis canadensis var. canadensis","Kentucky","Edmonson","Mammoth Cave National Park","37 12.182","-086 07.538","","","297837","1","37 12.182","-086 07.538","740.0 ft","Public","43.4'","Clinometer/laser rangefinder/sine","2.2'","26''","","","Elijah Whitcomb","2023-06-23","","N"
"Eastern Redbud","Cercis canadensis var. canadensis","Kentucky","Edmonson","Mammoth Cave National Park","37 12.097","-086 07.457","","","297838","1","37 12.097","-086 07.457","730.0 ft","Public","45.4'","Clinometer/laser rangefinder/sine","2.8'","34''","","","Elijah Whitcomb","2023-06-23","","N"
"Eastern Redcedar","Juniperus virginiana","Kentucky","Edmonson","Mammoth Cave National Park","37 12.969","-086 15.805","","","297328","1","37 12.969","-086 15.805","415.0 ft","Public","70.8'","Clinometer/laser rangefinder/sine","4.2'","50''","","","Elijah Whitcomb","2023-06-23","","N"
"Eastern Redcedar","Juniperus virginiana var. virginiana","Kentucky","Edmonson","Mammoth Cave National Park","","","","","76406","1","","","680.0 ft","Public","68.1'","Clinometer/laser rangefinder/sine","8.0'","96''","","","Turner Sharp","2013-03-19","","N"
"Eastern Redcedar","Juniperus virginiana var. virginiana","Kentucky","Edmonson","Mammoth Cave National Park","","","","","76404","1","","","680.0 ft","Public","68.7'","Clinometer/laser rangefinder/sine","7.5'","90''","","","Turner Sharp","2013-03-19","","N"
"Eastern Redcedar","Juniperus virginiana var. virginiana","Kentucky","Edmonson","Mammoth Cave National Park","","","","","76403","1","","","680.0 ft","Public","75.4'","Clinometer/laser rangefinder/sine","9.1'","110''","","","Turner Sharp","2013-03-19","","N"
"Eastern Redcedar","Juniperus virginiana var. virginiana","Kentucky","Edmonson","Mammoth Cave National Park","37 11.096","-086 06.017","","","76402","1","37 11.096","-086 06.017","680.0 ft","Public","80.1'","Clinometer/laser rangefinder/sine","7.4'","88''","","","Turner Sharp","2013-03-19","","N"
"Eastern Redcedar","Juniperus virginiana var. virginiana","Kentucky","Edmonson","Mammoth Cave National Park","","","","","76405","1","","","680.0 ft","Public","82.0'","Clinometer/laser rangefinder/sine","7.3'","87''","","","Turner Sharp","2013-03-19","","N"
"Eastern Redcedar","Juniperus virginiana var. virginiana","Kentucky","Edmonson","Mammoth Cave National Park","37 13.106","-086 11.375","","","297387","1","37 13.106","-086 11.375","490.0 ft","Public","90.3'","Clinometer/laser rangefinder/sine","4.6'","55''","","","Elijah Whitcomb","2023-06-23","","N"
"Eastern Redcedar","Juniperus virginiana var. virginiana","Kentucky","Edmonson","Mammoth Cave National Park","37 13.720","-086 03.302","","","297522","1","37 13.720","-086 03.302","710.0 ft","Public","91.6'","Clinometer/laser rangefinder/sine","4.0'","48''","","","Elijah Whitcomb","2023-06-23","","N"
"Eastern Redcedar","Juniperus virginiana var. virginiana","Kentucky","Edmonson","Mammoth Cave National Park","37 12.862","-086 03.810","","","297559","1","37 12.862","-086 03.810","465.0 ft","Public","93.5'","Clinometer/laser rangefinder/sine","4.9'","59''","","","Elijah Whitcomb","2023-06-23","","N"
"Eastern Redcedar","Juniperus virginiana var. virginiana","Kentucky","Edmonson","Mammoth Cave National Park","37 12.766","-086 03.830","","","297558","1","37 12.766","-086 03.830","515.0 ft","Public","96.7'","Clinometer/laser rangefinder/sine","5.0'","60''","","","Elijah Whitcomb","2023-06-23","","N"
"Eastern Redcedar","Juniperus virginiana var. virginiana","Kentucky","Edmonson","Mammoth Cave National Park","37 14.128","-086 05.840","","","297473","1","37 14.128","-086 05.840","600.0 ft","Public","108.4'","Clinometer/laser rangefinder/sine","5.4'","65''","","","Elijah Whitcomb","2023-06-23","","N"
"Flowering Dogwood","Cornus florida","Kentucky","Edmonson","Mammoth Cave National Park","37 12.909","-086 08.296","","","297423","1","37 12.909","-086 08.296","740.0 ft","Public","33.7'","Clinometer/laser rangefinder/sine","1.1'","13''","","","Elijah Whitcomb","2023-06-23","","N"
"Green Ash","Fraxinus pennsylvanica","Kentucky","Edmonson","Mammoth Cave National Park","37 13.487","-086 02.850","","","297529","1","37 13.487","-086 02.850","450.0 ft","Public","115.4'","Clinometer/laser rangefinder/sine","7.4'","89''","","Tree is dead as of 2/23","Elijah Whitcomb","2023-06-23","","N"
"Green Ash","Fraxinus pennsylvanica","Kentucky","Edmonson","Mammoth Cave National Park","37 11.382","-086 08.286","","","297599","1","37 11.382","-086 08.286","455.0 ft","Public","118.2'","Clinometer/laser rangefinder/sine","7.8'","94''","","Dead as of 3/23","Elijah Whitcomb","2023-06-23","","N"
"Green Ash","Fraxinus pennsylvanica","Kentucky","Edmonson","Mammoth Cave National Park","37 11.620","-086 11.469","","","297775","1","37 11.620","-086 11.469","430.0 ft","Public","126.4'","Clinometer/laser rangefinder/sine","8.1'","97''","","Dead as of 5/23","Elijah Whitcomb","2023-06-23","","N"
"Green Ash","Fraxinus pennsylvanica","Kentucky","Edmonson","Mammoth Cave National Park","37 11.377","-086 07.584","","","297848","1","37 11.377","-086 07.584","495.0 ft","Public","129.3'","Clinometer/laser rangefinder/sine","6.1'","73''","","","Elijah Whitcomb","2023-06-23","","N"
"Green Ash","Fraxinus pennsylvanica","Kentucky","Edmonson","Mammoth Cave National Park","37 10.293","-086 08.406","","","297659","1","37 10.293","-086 08.406","630.0 ft","Public","133.3'","Clinometer/laser rangefinder/sine","8.3'","100''","","Dead as of 4/23","Elijah Whitcomb","2023-06-23","","N"
"Green Ash","Fraxinus pennsylvanica","Kentucky","Edmonson","Mammoth Cave National Park","37 10.297","-086 08.419","","","297658","1","37 10.297","-086 08.419","630.0 ft","Public","135.3'","Clinometer/laser rangefinder/sine","8.2'","98''","","Dead as of 4/23","Elijah Whitcomb","2023-06-23","","N"
"Honeylocust","Gleditsia triacanthos","Kentucky","Edmonson","Mammoth Cave National Park","37 12.429","-086 14.777","","","297321","1","37 12.429","-086 14.777","465.0 ft","Public","101.3'","Clinometer/laser rangefinder/sine","3.8'","46''","","","Elijah Whitcomb","2023-06-23","","N"
"Honeylocust","Gleditsia triacanthos","Kentucky","Edmonson","Mammoth Cave National Park","37 13.979","-086 11.992","","","297369","1","37 13.979","-086 11.992","560.0 ft","Public","106.7'","Clinometer/laser rangefinder/sine","6.0'","72''","","","Elijah Whitcomb","2023-06-23","","N"
"Honeylocust","Gleditsia triacanthos","Kentucky","Edmonson","Mammoth Cave National Park","37 10.065","-086 07.402","","","297614","1","37 10.065","-086 07.402","565.0 ft","Public","113.3'","Clinometer/laser rangefinder/sine","5.5'","66''","","","Elijah Whitcomb","2023-06-23","","N"
"Hophornbeam","Ostrya virginiana var. virginiana","Kentucky","Edmonson","Mammoth Cave National Park","37 12.906","-086 08.304","","","297424","1","37 12.906","-086 08.304","","Public","36.8'","Clinometer/laser rangefinder/sine","1.7'","20''","","","Elijah Whitcomb","2023-06-23","","N"
"Hophornbeam","Ostrya virginiana var. virginiana","Kentucky","Edmonson","Mammoth Cave National Park","37 12.889","-086 08.307","","","297425","1","37 12.889","-086 08.307","725.0 ft","Public","63.3'","Clinometer/laser rangefinder/sine","2.5'","30''","","","Elijah Whitcomb","2023-06-23","","N"
"Hybrid Oak","Quercus x discreta","Kentucky","Edmonson","Mammoth Cave National Park","37 13.449","-086 12.518","","","297351","1","37 13.449","-086 12.518","565.0 ft","Public","142.3'","Clinometer/laser rangefinder/sine","10.2'","122''","","Possible hybrid with Q. velutina & Q. coccinea (x fontana) or Q. velutina & Q. shumardii (x discreta)","Elijah Whitcomb","2023-06-23","","N"
"Kentucky Coffeetree","Gymnocladus dioicus","Kentucky","Edmonson","Mammoth Cave National Park","37 12.746","-086 14.100","","","297295","1","37 12.746","-086 14.100","495.0 ft","Public","100.8'","Clinometer/laser rangefinder/sine","4.9'","59''","","","Elijah Whitcomb","2023-06-23","","N"
"Kentucky Coffeetree","Gymnocladus dioicus","Kentucky","Edmonson","Mammoth Cave National Park","37 12.805","-086 09.062","","","297427","1","37 12.805","-086 09.062","515.0 ft","Public","105.6'","Clinometer/laser rangefinder/sine","5.2'","62''","","","Elijah Whitcomb","2023-06-23","","N"
"Kentucky Coffeetree","Gymnocladus dioicus","Kentucky","Edmonson","Mammoth Cave National Park","37 12.409","-086 12.946","","","297771","1","37 12.409","-086 12.946","475.0 ft","Public","108.1'","Clinometer/laser rangefinder/sine","4.7'","57''","","","Elijah Whitcomb","2023-06-23","","N"
"Kentucky Coffeetree","Gymnocladus dioicus","Kentucky","Edmonson","Mammoth Cave National Park","37 11.118","-086 08.754","","","297681","1","37 11.118","-086 08.754","460.0 ft","Public","110.8'","Clinometer/laser rangefinder/sine","5.5'","66''","","","Elijah Whitcomb","2023-06-23","","N"
"Kentucky Coffeetree","Gymnocladus dioicus","Kentucky","Edmonson","Mammoth Cave National Park","37 12.349","-086 14.865","","","297311","1","37 12.349","-086 14.865","485.0 ft","Public","111.6'","Clinometer/laser rangefinder/sine","6.9'","83''","","","Elijah Whitcomb","2023-06-23","","N"
"Kentucky Coffeetree","Gymnocladus dioicus","Kentucky","Edmonson","Mammoth Cave National Park","37 12.412","-086 12.953","","","297770","1","37 12.412","-086 12.953","475.0 ft","Public","113.3'","Clinometer/laser rangefinder/sine","5.0'","60''","","","Elijah Whitcomb","2023-06-23","","N"
"Kentucky Coffeetree","Gymnocladus dioicus","Kentucky","Edmonson","Mammoth Cave National Park","37 13.400","-086 13.803","","","297343","1","37 13.400","-086 13.803","525.0 ft","Public","116.4'","Clinometer/laser rangefinder/sine","6.3'","76''","","","Elijah Whitcomb","2023-06-23","","N"
"Kentucky Coffeetree","Gymnocladus dioicus","Kentucky","Edmonson","Mammoth Cave National Park","37 12.481","-086 14.816","","","297312","1","37 12.481","-086 14.816","470.0 ft","Public","116.8'","Clinometer/laser rangefinder/sine","7.1'","85''","","","Elijah Whitcomb","2023-06-23","","N"
"Kentucky Coffeetree","Gymnocladus dioicus","Kentucky","Edmonson","Mammoth Cave National Park","37 13.371","-086 13.431","","","297344","1","37 13.371","-086 13.431","540.0 ft","Public","117.3'","Clinometer/laser rangefinder/sine","5.7'","68''","","","Elijah Whitcomb","2023-06-23","","N"
"Kentucky Coffeetree","Gymnocladus dioicus","Kentucky","Edmonson","Mammoth Cave National Park","37 11.036","-086 07.735","","","297682","1","37 11.036","-086 07.735","555.0 ft","Public","117.4'","Clinometer/laser rangefinder/sine","4.9'","59''","","","Elijah Whitcomb","2023-06-23","","N"
"Kentucky Coffeetree","Gymnocladus dioicus","Kentucky","Edmonson","Mammoth Cave National Park","37 12.453","-086 14.801","","","297313","1","37 12.453","-086 14.801","465.0 ft","Public","119.0'","Clinometer/laser rangefinder/sine","5.9'","71''","","","Elijah Whitcomb","2023-06-23","","N"
"Kentucky Coffeetree","Gymnocladus dioicus","Kentucky","Edmonson","Mammoth Cave National Park","37 12.473","-086 14.795","","","297314","1","37 12.473","-086 14.795","445.0 ft","Public","120.2'","Clinometer/laser rangefinder/sine","4.5'","54''","","CBH at 5.5'","Elijah Whitcomb","2023-06-23","","N"
"Kentucky Coffeetree","Gymnocladus dioicus","Kentucky","Edmonson","Mammoth Cave National Park","37 10.635","-086 09.943","","","297809","1","37 10.635","-086 09.943","575.0 ft","Public","122.0'","Clinometer/laser rangefinder/sine","7.7'","92''","","","Elijah Whitcomb","2023-06-23","","N"
"Kentucky Coffeetree","Gymnocladus dioicus","Kentucky","Edmonson","Mammoth Cave National Park","37 10.639","-086 09.939","","","297808","1","37 10.639","-086 09.939","575.0 ft","Public","123.8'","Clinometer/laser rangefinder/sine","6.5'","78''","","","Elijah Whitcomb","2023-06-23","","N"
"Kentucky Coffeetree","Gymnocladus dioicus","Kentucky","Edmonson","Mammoth Cave National Park","37 13.139","-086 07.564","","","297512","1","37 13.139","-086 07.564","680.0 ft","Public","126.8'","Clinometer/laser rangefinder/sine","","","","Base fused with Beech tree","Elijah Whitcomb","2023-06-23","","N"
"Kentucky Coffeetree","Gymnocladus dioicus","Kentucky","Edmonson","Mammoth Cave National Park","37 13.155","-086 07.589","","","297511","1","37 13.155","-086 07.589","665.0 ft","Public","135.0'","Clinometer/laser rangefinder/sine","7.3'","88''","","","Elijah Whitcomb","2023-06-23","","N"
"Kentucky Coffeetree","Gymnocladus dioicus","Kentucky","Edmonson","Mammoth Cave National Park","37 13.159","-086 07.546","","","297510","1","37 13.159","-086 07.546","670.0 ft","Public","135.4'","Clinometer/laser rangefinder/sine","5.0'","60''","","","Elijah Whitcomb","2023-06-23","","N"
"Mockernut Hickory","Carya tomentosa","Kentucky","Edmonson","Mammoth Cave National Park","37 10.524","-086 06.685","","","297632","1","37 10.524","-086 06.685","","Public","120.3'","Clinometer/laser rangefinder/sine","6.7'","80''","","","Elijah Whitcomb","2023-06-23","","N"
"Mockernut Hickory","Carya tomentosa","Kentucky","Edmonson","Mammoth Cave National Park","37 12.821","-086 14.036","","","297297","1","37 12.821","-086 14.036","530.0 ft","Public","120.7'","Clinometer/laser rangefinder/sine","","","","Double trunk","Elijah Whitcomb","2023-06-23","","N"
"Mockernut Hickory","Carya tomentosa","Kentucky","Edmonson","Mammoth Cave National Park","37 13.339","-086 12.473","","","297342","1","37 13.339","-086 12.473","630.0 ft","Public","122.4'","Clinometer/laser rangefinder/sine","5.0'","60''","","","Elijah Whitcomb","2023-06-23","","N"
"Mockernut Hickory","Carya tomentosa","Kentucky","Edmonson","Mammoth Cave National Park","37 10.632","-086 06.726","","","297633","1","37 10.632","-086 06.726","670.0 ft","Public","130.4'","Clinometer/laser rangefinder/sine","7.0'","84''","","","Elijah Whitcomb","2023-06-23","","N"
"Northern Red Oak","Quercus rubra var. rubra","Kentucky","Edmonson","Mammoth Cave National Park","","","","","297294","1","","","700.0 ft","Public","120.5'","Clinometer/laser rangefinder/sine","10.5'","126''","","","Elijah Whitcomb","2023-06-23","","N"
"Northern Red Oak","Quercus rubra var. rubra","Kentucky","Edmonson","Mammoth Cave National Park","37 11.763","-086 09.119","","","297735","1","37 11.763","-086 09.119","755.0 ft","Public","127.8'","Clinometer/laser rangefinder/sine","9.3'","112''","","","Elijah Whitcomb","2023-06-23","","N"
"Northern Red Oak","Quercus rubra var. rubra","Kentucky","Edmonson","Mammoth Cave National Park","37 11.778","-086 09.120","","","297736","1","37 11.778","-086 09.120","760.0 ft","Public","129.7'","Clinometer/laser rangefinder/sine","8.1'","97''","","","Elijah Whitcomb","2023-06-23","","N"
"Northern Red Oak","Quercus rubra var. rubra","Kentucky","Edmonson","Mammoth Cave National Park","37 10.524","-086 08.658","","","297671","1","37 10.524","-086 08.658","550.0 ft","Public","130.1'","Clinometer/laser rangefinder/sine","7.3'","88''","","","Elijah Whitcomb","2023-06-23","","N"
"Northern Red Oak","Quercus rubra var. rubra","Kentucky","Edmonson","Mammoth Cave National Park","37 10.854","-086 07.565","","","297701","1","37 10.854","-086 07.565","625.0 ft","Public","130.2'","Clinometer/laser rangefinder/sine","7.8'","94''","","","Elijah Whitcomb","2023-06-23","","N"
"Northern Red Oak","Quercus rubra var. rubra","Kentucky","Edmonson","Mammoth Cave National Park","37 13.837","-086 03.166","","","297523","1","37 13.837","-086 03.166","605.0 ft","Public","130.3'","Clinometer/laser rangefinder/sine","10.8'","130''","","","Elijah Whitcomb","2023-06-23","","N"
"Northern Red Oak","Quercus rubra var. rubra","Kentucky","Edmonson","Mammoth Cave National Park","37 11.560","-086 08.906","","","297731","1","37 11.560","-086 08.906","590.0 ft","Public","131.2'","Clinometer/laser rangefinder/sine","8.9'","107''","","","Elijah Whitcomb","2023-06-23","","N"
"Northern Red Oak","Quercus rubra var. rubra","Kentucky","Edmonson","Mammoth Cave National Park","37 10.817","-086 07.585","","","297696","1","37 10.817","-086 07.585","655.0 ft","Public","131.4'","Clinometer/laser rangefinder/sine","7.6'","91''","","","Elijah Whitcomb","2023-06-23","","N"
"Northern Red Oak","Quercus rubra var. rubra","Kentucky","Edmonson","Mammoth Cave National Park","","","","","297800","1","","","","Public","131.5'","Clinometer/laser rangefinder/sine","9.0'","108''","","","Elijah Whitcomb","2023-06-23","","N"
"Northern Red Oak","Quercus rubra var. rubra","Kentucky","Edmonson","Mammoth Cave National Park","37 08.689","-086 05.090","","","297440","1","37 08.689","-086 05.090","705.0 ft","Public","131.6'","Clinometer/laser rangefinder/sine","7.4'","89''","","","Elijah Whitcomb","2023-06-23","","N"
"Northern Red Oak","Quercus rubra var. rubra","Kentucky","Edmonson","Mammoth Cave National Park","37 10.588","-086 08.020","","","297619","1","37 10.588","-086 08.020","585.0 ft","Public","132.1'","Clinometer/laser rangefinder/sine","8.1'","97''","","","Elijah Whitcomb","2023-06-23","","N"
"Northern Red Oak","Quercus rubra var. rubra","Kentucky","Edmonson","Mammoth Cave National Park","37 13.501","-086 10.516","","","297380","1","37 13.501","-086 10.516","640.0 ft","Public","132.2'","Clinometer/laser rangefinder/sine","7.3'","88''","","","Elijah Whitcomb","2023-06-23","","N"
"Northern Red Oak","Quercus rubra var. rubra","Kentucky","Edmonson","Mammoth Cave National Park","","","","","297585","1","","","","Public","132.8'","Clinometer/laser rangefinder/sine","","","","","Elijah Whitcomb","2023-06-23","","N"
"Northern Red Oak","Quercus rubra var. rubra","Kentucky","Edmonson","Mammoth Cave National Park","37 12.522","-086 13.048","","","297763","1","37 12.522","-086 13.048","450.0 ft","Public","132.8'","Clinometer/laser rangefinder/sine","8.8'","106''","","","Elijah Whitcomb","2023-06-23","","N"
"Northern Red Oak","Quercus rubra var. rubra","Kentucky","Edmonson","Mammoth Cave National Park","37 10.627","-086 08.041","","","297620","1","37 10.627","-086 08.041","610.0 ft","Public","133.5'","Clinometer/laser rangefinder/sine","10.9'","131''","","","Elijah Whitcomb","2023-06-23","","N"
"Northern Red Oak","Quercus rubra var. rubra","Kentucky","Edmonson","Mammoth Cave National Park","37 10.836","-086 07.580","","","297698","1","37 10.836","-086 07.580","615.0 ft","Public","133.7'","Clinometer/laser rangefinder/sine","6.4'","77''","","","Elijah Whitcomb","2023-06-23","","N"
"Northern Red Oak","Quercus rubra var. rubra","Kentucky","Edmonson","Mammoth Cave National Park","37 11.685","-086 09.027","","","297734","1","37 11.685","-086 09.027","660.0 ft","Public","133.9'","Clinometer/laser rangefinder/sine","9.2'","110''","","","Elijah Whitcomb","2023-06-23","","N"
"Northern Red Oak","Quercus rubra var. rubra","Kentucky","Edmonson","Mammoth Cave National Park","37 10.869","-086 07.568","","","297700","1","37 10.869","-086 07.568","615.0 ft","Public","134.0'","Clinometer/laser rangefinder/sine","6.2'","74''","","","Elijah Whitcomb","2023-06-23","","N"
"Northern Red Oak","Quercus rubra var. rubra","Kentucky","Edmonson","Mammoth Cave National Park","37 11.277","-086 09.106","","","297737","1","37 11.277","-086 09.106","665.0 ft","Public","134.3'","Clinometer/laser rangefinder/sine","8.9'","107''","","","Elijah Whitcomb","2023-06-23","","N"
"Northern Red Oak","Quercus rubra var. rubra","Kentucky","Edmonson","Mammoth Cave National Park","37 10.835","-086 07.610","","","297697","1","37 10.835","-086 07.610","635.0 ft","Public","134.4'","Clinometer/laser rangefinder/sine","8.4'","101''","","","Elijah Whitcomb","2023-06-23","","N"
"Northern Red Oak","Quercus rubra var. rubra","Kentucky","Edmonson","Mammoth Cave National Park","37 12.823","-086 15.285","","","297317","1","37 12.823","-086 15.285","435.0 ft","Public","134.6'","Clinometer/laser rangefinder/sine","9.6'","115''","","","Elijah Whitcomb","2023-06-23","","N"
"Northern Red Oak","Quercus rubra var. rubra","Kentucky","Edmonson","Mammoth Cave National Park","37 13.002","-086 13.139","","","297410","1","37 13.002","-086 13.139","525.0 ft","Public","134.7'","Clinometer/laser rangefinder/sine","6.5'","78''","","","Elijah Whitcomb","2023-06-23","","N"
"Northern Red Oak","Quercus rubra var. rubra","Kentucky","Edmonson","Mammoth Cave National Park","37 13.948","-086 03.012","","","297524","1","37 13.948","-086 03.012","670.0 ft","Public","135.1'","Clinometer/laser rangefinder/sine","10.8'","130''","","","Elijah Whitcomb","2023-06-23","","N"
"Northern Red Oak","Quercus rubra var. rubra","Kentucky","Edmonson","Mammoth Cave National Park","37 09.349","-086 06.889","","","297622","1","37 09.349","-086 06.889","660.0 ft","Public","135.5'","Clinometer/laser rangefinder/sine","8.3'","100''","","","Elijah Whitcomb","2023-06-23","","N"
"Northern Red Oak","Quercus rubra var. rubra","Kentucky","Edmonson","Mammoth Cave National Park","37 12.744","-086 07.099","","","297505","1","37 12.744","-086 07.099","570.0 ft","Public","136.0'","Clinometer/laser rangefinder/sine","10.3'","124''","","","Elijah Whitcomb","2023-06-23","","N"
"Northern Red Oak","Quercus rubra var. rubra","Kentucky","Edmonson","Mammoth Cave National Park","37 08.863","-086 05.373","","","297436","1","37 08.863","-086 05.373","730.0 ft","Public","136.1'","Clinometer/laser rangefinder/sine","8.9'","107''","","","Elijah Whitcomb","2023-06-23","","N"
"Northern Red Oak","Quercus rubra var. rubra","Kentucky","Edmonson","Mammoth Cave National Park","37 08.705","-086 05.098","","","297437","1","37 08.705","-086 05.098","730.0 ft","Public","136.4'","Clinometer/laser rangefinder/sine","11.0'","132''","","","Elijah Whitcomb","2023-06-23","","N"
"Northern Red Oak","Quercus rubra var. rubra","Kentucky","Edmonson","Mammoth Cave National Park","37 08.687","-086 05.092","","","297438","1","37 08.687","-086 05.092","705.0 ft","Public","136.4'","Clinometer/laser rangefinder/sine","9.2'","110''","","","Elijah Whitcomb","2023-06-23","","N"
"Northern Red Oak","Quercus rubra var. rubra","Kentucky","Edmonson","Mammoth Cave National Park","37 12.968","-086 12.821","","","297411","1","37 12.968","-086 12.821","615.0 ft","Public","136.5'","Clinometer/laser rangefinder/sine","9.2'","110''","","","Elijah Whitcomb","2023-06-23","","N"
"Northern Red Oak","Quercus rubra var. rubra","Kentucky","Edmonson","Mammoth Cave National Park","37 13.033","-086 13.193","","","297409","1","37 13.033","-086 13.193","590.0 ft","Public","137.0'","Clinometer/laser rangefinder/sine","7.6'","91''","","","Elijah Whitcomb","2023-06-23","","N"
"Northern Red Oak","Quercus rubra var. rubra","Kentucky","Edmonson","Mammoth Cave National Park","37 11.894","-086 12.390","","","297762","1","37 11.894","-086 12.390","550.0 ft","Public","137.1'","Clinometer/laser rangefinder/sine","10.2'","122''","","","Elijah Whitcomb","2023-06-23","","N"
"Northern Red Oak","Quercus rubra var. rubra","Kentucky","Edmonson","Mammoth Cave National Park","37 11.569","-086 08.930","","","297732","1","37 11.569","-086 08.930","625.0 ft","Public","137.3'","Clinometer/laser rangefinder/sine","7.9'","95''","","","Elijah Whitcomb","2023-06-23","","N"
"Northern Red Oak","Quercus rubra var. rubra","Kentucky","Edmonson","Mammoth Cave National Park","37 11.011","-086 08.063","","","297621","1","37 11.011","-086 08.063","530.0 ft","Public","137.8'","Clinometer/laser rangefinder/sine","8.0'","96''","","","Elijah Whitcomb","2023-06-23","","N"
"Northern Red Oak","Quercus rubra var. rubra","Kentucky","Edmonson","Mammoth Cave National Park","37 13.920","-086 03.167","","","297525","1","37 13.920","-086 03.167","680.0 ft","Public","138.2'","Clinometer/laser rangefinder/sine","8.0'","96''","","","Elijah Whitcomb","2023-06-23","","N"
"Northern Red Oak","Quercus rubra var. rubra","Kentucky","Edmonson","Mammoth Cave National Park","37 11.661","-086 09.005","","","297733","1","37 11.661","-086 09.005","635.0 ft","Public","138.6'","Clinometer/laser rangefinder/sine","8.3'","100''","","","Elijah Whitcomb","2023-06-23","","N"
"Northern Red Oak","Quercus rubra var. rubra","Kentucky","Edmonson","Mammoth Cave National Park","37 10.874","-086 07.605","","","297699","1","37 10.874","-086 07.605","630.0 ft","Public","139.0'","Clinometer/laser rangefinder/sine","7.9'","95''","","","Elijah Whitcomb","2023-06-23","","N"
"Northern Red Oak","Quercus rubra var. rubra","Kentucky","Edmonson","Mammoth Cave National Park","37 13.384","-086 13.009","","","297347","1","37 13.384","-086 13.009","515.0 ft","Public","142.1'","Clinometer/laser rangefinder/sine","8.5'","102''","","","Elijah Whitcomb","2023-06-23","","N"
"Northern Red Oak","Quercus rubra var. rubra","Kentucky","Edmonson","Mammoth Cave National Park","37 08.868","-086 05.253","","","297439","1","37 08.868","-086 05.253","775.0 ft","Public","142.5'","Clinometer/laser rangefinder/sine","8.0'","96''","","","Elijah Whitcomb","2023-06-23","","N"
"Northern Spicebush","Lindera benzoin var. benzoin","Kentucky","Edmonson","Mammoth Cave National Park","37 10.943","-086 11.203","","","297836","1","37 10.943","-086 11.203","640.0 ft","Public","15.5'","Clinometer/laser rangefinder/sine","0.5'","6''","","","Elijah Whitcomb","2023-06-23","","N"
"Pawpaw","Asimina triloba","Kentucky","Edmonson","Mammoth Cave National Park","37 10.695","-086 09.885","","","297812","1","37 10.695","-086 09.885","545.0 ft","Public","27.2'","Clinometer/laser rangefinder/sine","0.8'","10''","","","Elijah Whitcomb","2023-06-23","","N"
"Pawpaw","Asimina triloba","Kentucky","Edmonson","Mammoth Cave National Park","37 10.946","-086 11.203","","","297835","1","37 10.946","-086 11.203","635.0 ft","Public","38.0'","Clinometer/laser rangefinder/sine","1.1'","13''","","","Elijah Whitcomb","2023-06-23","","N"
"Pignut Hickory","Carya glabra","Kentucky","Edmonson","Mammoth Cave National Park","37 14.283","-086 03.870","","","297518","1","37 14.283","-086 03.870","785.0 ft","Public","111.3'","Clinometer/laser rangefinder/sine","6.1'","73''","","","Elijah Whitcomb","2023-06-23","","N"
"Pignut Hickory","Carya glabra","Kentucky","Edmonson","Mammoth Cave National Park","37 10.536","-086 09.706","","","297807","1","37 10.536","-086 09.706","635.0 ft","Public","129.2'","Clinometer/laser rangefinder/sine","7.4'","89''","","","Elijah Whitcomb","2023-06-23","","N"
"Pignut Hickory","Carya glabra","Kentucky","Edmonson","Mammoth Cave National Park","37 10.527","-086 06.680","","","297634","1","37 10.527","-086 06.680","","Public","133.2'","Clinometer/laser rangefinder/sine","6.5'","78''","","","Elijah Whitcomb","2023-06-23","","N"
"Post Oak","Quercus stellata","Kentucky","Edmonson","Mammoth Cave National Park","37 10.333","-086 08.178","","","297667","1","37 10.333","-086 08.178","665.0 ft","Public","70.9'","Clinometer/laser rangefinder/sine","8.0'","96''","","","Elijah Whitcomb","2023-06-23","","N"
"Post Oak","Quercus stellata","Kentucky","Edmonson","Mammoth Cave National Park","37 09.932","-086 08.177","","","297670","1","37 09.932","-086 08.177","695.0 ft","Public","71.9'","Clinometer/laser rangefinder/sine","9.0'","108''","","","Elijah Whitcomb","2023-06-23","","N"
"Post Oak","Quercus stellata","Kentucky","Edmonson","Mammoth Cave National Park","37 10.150","-086 08.156","","","297668","1","37 10.150","-086 08.156","665.0 ft","Public","78.0'","Clinometer/laser rangefinder/sine","6.2'","74''","","","Elijah Whitcomb","2023-06-23","","N"
"Post Oak","Quercus stellata","Kentucky","Edmonson","Mammoth Cave National Park","37 10.126","-086 08.154","","","297669","1","37 10.126","-086 08.154","680.0 ft","Public","80.3'","Clinometer/laser rangefinder/sine","6.3'","76''","","","Elijah Whitcomb","2023-06-23","","N"
"Post Oak","Quercus stellata","Kentucky","Edmonson","Mammoth Cave National Park","37 09.050","-086 05.878","","","297442","1","37 09.050","-086 05.878","765.0 ft","Public","81.0'","Clinometer/laser rangefinder/sine","7.8'","94''","","","Elijah Whitcomb","2023-06-23","","N"
"Post Oak","Quercus stellata","Kentucky","Edmonson","Mammoth Cave National Park","37 10.608","-086 09.760","","","297803","1","37 10.608","-086 09.760","610.0 ft","Public","100.8'","Clinometer/laser rangefinder/sine","6.7'","80''","","","Elijah Whitcomb","2023-06-23","","N"
"Red Hickory","Carya ovalis","Kentucky","Edmonson","Mammoth Cave National Park","37 12.864","-086 15.803","","","297309","1","37 12.864","-086 15.803","435.0 ft","Public","115.6'","Clinometer/laser rangefinder/sine","6.6'","79''","","","Elijah Whitcomb","2023-06-23","","N"
"Red Hickory","Carya ovalis","Kentucky","Edmonson","Mammoth Cave National Park","37 12.723","-086 15.144","","","297310","1","37 12.723","-086 15.144","600.0 ft","Public","120.3'","Clinometer/laser rangefinder/sine","6.9'","83''","","","Elijah Whitcomb","2023-06-23","","N"
"Red Hickory","Carya ovalis","Kentucky","Edmonson","Mammoth Cave National Park","37 13.967","-086 11.965","","","297366","1","37 13.967","-086 11.965","560.0 ft","Public","123.2'","Clinometer/laser rangefinder/sine","5.3'","64''","","","Elijah Whitcomb","2023-06-23","","N"
"Red Hickory","Carya ovalis","Kentucky","Edmonson","Mammoth Cave National Park","37 11.271","-086 05.779","","","297591","1","37 11.271","-086 05.779","590.0 ft","Public","127.7'","Clinometer/laser rangefinder/sine","6.7'","80''","","","Elijah Whitcomb","2023-06-23","","N"
"Red Hickory","Carya ovalis","Kentucky","Edmonson","Mammoth Cave National Park","37 09.868","-086 07.606","","","297600","1","37 09.868","-086 07.606","680.0 ft","Public","128.0'","Clinometer/laser rangefinder/sine","7.9'","95''","","","Elijah Whitcomb","2023-06-23","","N"
"Red Hickory","Carya ovalis","Kentucky","Edmonson","Mammoth Cave National Park","37 13.295","-086 11.521","","","297384","1","37 13.295","-086 11.521","625.0 ft","Public","129.8'","Clinometer/laser rangefinder/sine","5.3'","64''","","","Elijah Whitcomb","2023-06-23","","N"
"Red Hickory","Carya ovalis","Kentucky","Edmonson","Mammoth Cave National Park","37 13.356","-086 13.805","","","297339","1","37 13.356","-086 13.805","625.0 ft","Public","130.3'","Clinometer/laser rangefinder/sine","7.8'","94''","","","Elijah Whitcomb","2023-06-23","","N"
"Red Hickory","Carya ovalis","Kentucky","Edmonson","Mammoth Cave National Park","37 13.314","-086 11.688","","","297385","1","37 13.314","-086 11.688","585.0 ft","Public","131.0'","Clinometer/laser rangefinder/sine","5.7'","68''","","","Elijah Whitcomb","2023-06-23","","N"
"Red Hickory","Carya ovalis","Kentucky","Edmonson","Mammoth Cave National Park","37 12.997","-086 13.078","","","297417","1","37 12.997","-086 13.078","585.0 ft","Public","132.8'","Clinometer/laser rangefinder/sine","5.4'","65''","","","Elijah Whitcomb","2023-06-23","","N"
"Red Hickory","Carya ovalis","Kentucky","Edmonson","Mammoth Cave National Park","37 13.547","-086 10.532","","","297383","1","37 13.547","-086 10.532","625.0 ft","Public","135.8'","Clinometer/laser rangefinder/sine","7.0'","84''","","","Elijah Whitcomb","2023-06-23","","N"
"Red Hickory","Carya ovalis","Kentucky","Edmonson","Mammoth Cave National Park","37 11.611","-086 08.964","","","297709","1","37 11.611","-086 08.964","630.0 ft","Public","136.2'","Clinometer/laser rangefinder/sine","7.1'","85''","","","Elijah Whitcomb","2023-06-23","","N"
"Red Hickory","Carya ovalis","Kentucky","Edmonson","Mammoth Cave National Park","37 11.626","-086 10.996","","","297860","1","37 11.626","-086 10.996","720.0 ft","Public","136.4'","Clinometer/laser rangefinder/sine","7.0'","84''","","","Elijah Whitcomb","2023-06-23","","N"
"Red Hickory","Carya ovalis","Kentucky","Edmonson","Mammoth Cave National Park","37 11.116","-086 05.744","","","297592","1","37 11.116","-086 05.744","615.0 ft","Public","136.6'","Clinometer/laser rangefinder/sine","6.4'","77''","","","Elijah Whitcomb","2023-06-23","","N"
"Red Hickory","Carya ovalis","Kentucky","Edmonson","Mammoth Cave National Park","37 12.725","-086 07.425","","","297516","1","37 12.725","-086 07.425","680.0 ft","Public","137.4'","Clinometer/laser rangefinder/sine","7.4'","89''","","","Elijah Whitcomb","2023-06-23","","N"
"Red Hickory","Carya ovalis","Kentucky","Edmonson","Mammoth Cave National Park","37 11.480","-086 05.791","","","297593","1","37 11.480","-086 05.791","555.0 ft","Public","137.8'","Clinometer/laser rangefinder/sine","6.9'","83''","","","Elijah Whitcomb","2023-06-23","","N"
"Red Hickory","Carya ovalis","Kentucky","Edmonson","Mammoth Cave National Park","37 10.891","-086 07.591","","","297704","1","37 10.891","-086 07.591","625.0 ft","Public","139.0'","Clinometer/laser rangefinder/sine","6.3'","76''","","","Elijah Whitcomb","2023-06-23","","N"
"Red Hickory","Carya ovalis","Kentucky","Edmonson","Mammoth Cave National Park","37 12.589","-086 13.754","","","297815","1","37 12.589","-086 13.754","555.0 ft","Public","139.1'","Clinometer/laser rangefinder/sine","7.3'","88''","","","Elijah Whitcomb","2023-06-23","","N"
"Red Hickory","Carya ovalis","Kentucky","Edmonson","Mammoth Cave National Park","37 11.235","-086 08.389","","","297601","1","37 11.235","-086 08.389","630.0 ft","Public","139.8'","Clinometer/laser rangefinder/sine","10.1'","121''","","","Elijah Whitcomb","2023-06-23","","N"
"Red Hickory","Carya ovalis","Kentucky","Edmonson","Mammoth Cave National Park","37 08.653","-086 05.102","","","297452","1","37 08.653","-086 05.102","705.0 ft","Public","145.3'","Clinometer/laser rangefinder/sine","9.2'","110''","","Trunk burl at 4.5'","Elijah Whitcomb","2023-06-23","","N"
"Red Maple","Acer rubrum var. rubrum","Kentucky","Edmonson","Mammoth Cave National Park","37 13.554","-086 12.026","","","297373","1","37 13.554","-086 12.026","590.0 ft","Public","108.3'","Clinometer/laser rangefinder/sine","7.4'","89''","","","Elijah Whitcomb","2023-06-23","","N"
"Red Maple","Acer rubrum var. rubrum","Kentucky","Edmonson","Mammoth Cave National Park","37 12.532","-086 07.899","","","297420","1","37 12.532","-086 07.899","790.0 ft","Public","113.5'","Clinometer/laser rangefinder/sine","8.1'","97''","","","Elijah Whitcomb","2023-06-23","","N"
"Red Maple","Acer rubrum var. rubrum","Kentucky","Edmonson","Mammoth Cave National Park","37 11.273","-086 09.149","","","297730","1","37 11.273","-086 09.149","685.0 ft","Public","123.8'","Clinometer/laser rangefinder/sine","6.9'","83''","","","Elijah Whitcomb","2023-06-23","","N"
"Red Mulberry","Morus rubra var. rubra","Kentucky","Edmonson","Mammoth Cave National Park","37 12.695","-086 13.725","","","297814","1","37 12.695","-086 13.725","545.0 ft","Public","54.5'","Clinometer/laser rangefinder/sine","1.9'","23''","","","Elijah Whitcomb","2023-06-23","","N"
"Red Mulberry","Morus rubra var. rubra","Kentucky","Edmonson","Mammoth Cave National Park","37 12.336","-086 14.017","","","297813","1","37 12.336","-086 14.017","480.0 ft","Public","69.0'","Clinometer/laser rangefinder/sine","3.6'","43''","","","Elijah Whitcomb","2023-06-23","","N"
"Sassafras","Sassafras albidum","Kentucky","Edmonson","Mammoth Cave National Park","37 09.931","-086 07.548","","","297613","1","37 09.931","-086 07.548","620.0 ft","Public","108.1'","Clinometer/laser rangefinder/sine","6.8'","82''","","","Elijah Whitcomb","2023-06-23","","N"
"Sassafras","Sassafras albidum","Kentucky","Edmonson","Mammoth Cave National Park","37 12.846","-086 03.001","","","297557","1","37 12.846","-086 03.001","525.0 ft","Public","109.7'","Clinometer/laser rangefinder/sine","5.5'","66''","","","Elijah Whitcomb","2023-06-23","","N"
"Sassafras","Sassafras albidum","Kentucky","Edmonson","Mammoth Cave National Park","37 13.546","-086 12.140","","","297374","1","37 13.546","-086 12.140","620.0 ft","Public","110.1'","Clinometer/laser rangefinder/sine","4.4'","53''","","","Elijah Whitcomb","2023-06-23","","N"
"Scarlet Oak","Quercus coccinea var. coccinea","Kentucky","Edmonson","Mammoth Cave National Park","37 12.918","-086 13.090","","","297415","1","37 12.918","-086 13.090","635.0 ft","Public","114.1'","Clinometer/laser rangefinder/sine","5.7'","68''","","","Elijah Whitcomb","2023-06-23","","N"
"Scarlet Oak","Quercus coccinea var. coccinea","Kentucky","Edmonson","Mammoth Cave National Park","37 10.100","-086 09.809","","","297802","1","37 10.100","-086 09.809","590.0 ft","Public","119.4'","Clinometer/laser rangefinder/sine","9.6'","115''","","","Elijah Whitcomb","2023-06-23","","N"
"Scarlet Oak","Quercus coccinea var. coccinea","Kentucky","Edmonson","Mammoth Cave National Park","37 11.674","-086 10.771","","","297861","1","37 11.674","-086 10.771","","Public","119.8'","Clinometer/laser rangefinder/sine","9.6'","115''","","","Elijah Whitcomb","2023-06-23","","N"
"Scarlet Oak","Quercus coccinea var. coccinea","Kentucky","Edmonson","Mammoth Cave National Park","37 13.439","-086 12.458","","","297352","1","37 13.439","-086 12.458","695.0 ft","Public","120.4'","Clinometer/laser rangefinder/sine","6.6'","79''","","","Elijah Whitcomb","2023-06-23","","N"
"Scarlet Oak","Quercus coccinea var. coccinea","Kentucky","Edmonson","Mammoth Cave National Park","37 12.902","-086 13.107","","","297416","1","37 12.902","-086 13.107","625.0 ft","Public","124.0'","Clinometer/laser rangefinder/sine","7.4'","89''","","","Elijah Whitcomb","2023-06-23","","N"
"Scarlet Oak","Quercus coccinea var. coccinea","Kentucky","Edmonson","Mammoth Cave National Park","37 11.818","-086 13.211","","","297824","1","37 11.818","-086 13.211","560.0 ft","Public","124.0'","Clinometer/laser rangefinder/sine","9.3'","112''","","","Elijah Whitcomb","2023-06-23","","N"
"Scarlet Oak","Quercus coccinea var. coccinea","Kentucky","Edmonson","Mammoth Cave National Park","37 11.247","-086 11.816","","","297780","1","37 11.247","-086 11.816","625.0 ft","Public","129.0'","Clinometer/laser rangefinder/sine","10.8'","130''","","","Elijah Whitcomb","2023-06-23","","N"
"Scarlet Oak","Quercus coccinea var. coccinea","Kentucky","Edmonson","Mammoth Cave National Park","37 13.539","-086 12.015","","","297353","1","37 13.539","-086 12.015","610.0 ft","Public","142.7'","Clinometer/laser rangefinder/sine","11.1'","133''","","","Elijah Whitcomb","2023-06-23","","N"
"Shagbark Hickory","Carya ovata","Kentucky","Edmonson","Mammoth Cave National Park","37 12.897","-086 15.467","","","297307","1","37 12.897","-086 15.467","450.0 ft","Public","125.0'","Clinometer/laser rangefinder/sine","6.1'","73''","","","Elijah Whitcomb","2023-06-23","","N"
"Shagbark Hickory","Carya ovata","Kentucky","Edmonson","Mammoth Cave National Park","37 13.920","-086 03.158","","","297517","1","37 13.920","-086 03.158","670.0 ft","Public","126.3'","Clinometer/laser rangefinder/sine","5.9'","71''","","","Elijah Whitcomb","2023-06-23","","N"
"Shagbark Hickory","Carya ovata","Kentucky","Edmonson","Mammoth Cave National Park","37 10.140","-086 09.757","","","297804","1","37 10.140","-086 09.757","525.0 ft","Public","130.1'","Clinometer/laser rangefinder/sine","6.4'","77''","","","Elijah Whitcomb","2023-06-23","","N"
"Shagbark Hickory","Carya ovata","Kentucky","Edmonson","Mammoth Cave National Park","37 12.731","-086 15.055","","","297308","1","37 12.731","-086 15.055","595.0 ft","Public","130.4'","Clinometer/laser rangefinder/sine","7.4'","89''","","","Elijah Whitcomb","2023-06-23","","N"
"Shagbark Hickory","Carya ovata","Kentucky","Edmonson","Mammoth Cave National Park","","","","","297706","1","","","","Public","131.4'","Clinometer/laser rangefinder/sine","","","","","Elijah Whitcomb","2023-06-23","","N"
"Shagbark Hickory","Carya ovata","Kentucky","Edmonson","Mammoth Cave National Park","37 08.860","-086 05.391","","","297448","1","37 08.860","-086 05.391","745.0 ft","Public","132.3'","Clinometer/laser rangefinder/sine","5.3'","64''","","","Elijah Whitcomb","2023-06-23","","N"
"Shagbark Hickory","Carya ovata","Kentucky","Edmonson","Mammoth Cave National Park","37 12.757","-086 07.252","","","297515","1","37 12.757","-086 07.252","600.0 ft","Public","133.5'","Clinometer/laser rangefinder/sine","6.1'","73''","","","Elijah Whitcomb","2023-06-23","","N"
"Shagbark Hickory","Carya ovata","Kentucky","Edmonson","Mammoth Cave National Park","37 11.549","-086 09.787","","","297708","1","37 11.549","-086 09.787","600.0 ft","Public","133.6'","Clinometer/laser rangefinder/sine","5.5'","66''","","","Elijah Whitcomb","2023-06-23","","N"
"Shagbark Hickory","Carya ovata","Kentucky","Edmonson","Mammoth Cave National Park","37 14.870","-086 02.491","","","297540","1","37 14.870","-086 02.491","595.0 ft","Public","136.0'","Clinometer/laser rangefinder/sine","5.6'","67''","","","Elijah Whitcomb","2023-06-23","","N"
"Shagbark Hickory","Carya ovata","Kentucky","Edmonson","Mammoth Cave National Park","37 11.285","-086 05.844","","","297587","1","37 11.285","-086 05.844","620.0 ft","Public","136.0'","Clinometer/laser rangefinder/sine","6.7'","80''","","","Elijah Whitcomb","2023-06-23","","N"
"Shagbark Hickory","Carya ovata","Kentucky","Edmonson","Mammoth Cave National Park","37 08.591","-086 05.102","","","297449","1","37 08.591","-086 05.102","745.0 ft","Public","136.1'","Clinometer/laser rangefinder/sine","5.6'","67''","","","Elijah Whitcomb","2023-06-23","","N"
"Shagbark Hickory","Carya ovata","Kentucky","Edmonson","Mammoth Cave National Park","37 11.646","-086 12.495","","","297764","1","37 11.646","-086 12.495","730.0 ft","Public","137.4'","Clinometer/laser rangefinder/sine","5.4'","65''","","","Elijah Whitcomb","2023-06-23","","N"
"Shagbark Hickory","Carya ovata","Kentucky","Edmonson","Mammoth Cave National Park","37 11.115","-086 05.747","","","297588","1","37 11.115","-086 05.747","620.0 ft","Public","139.3'","Clinometer/laser rangefinder/sine","5.7'","68''","","","Elijah Whitcomb","2023-06-23","","N"
"Shagbark Hickory","Carya ovata","Kentucky","Edmonson","Mammoth Cave National Park","37 11.571","-086 08.935","","","297707","1","37 11.571","-086 08.935","635.0 ft","Public","140.0'","Clinometer/laser rangefinder/sine","7.2'","86''","","","Elijah Whitcomb","2023-06-23","","N"
"Shagbark Hickory","Carya ovata","Kentucky","Edmonson","Mammoth Cave National Park","37 08.553","-086 05.066","","","297450","1","37 08.553","-086 05.066","755.0 ft","Public","142.8'","Clinometer/laser rangefinder/sine","7.9'","95''","","","Elijah Whitcomb","2023-06-23","","N"
"Shagbark Hickory","Carya ovata","Kentucky","Edmonson","Mammoth Cave National Park","37 13.400","-086 13.615","","","297340","1","37 13.400","-086 13.615","520.0 ft","Public","144.2'","Clinometer/laser rangefinder/sine","6.8'","82''","","","Elijah Whitcomb","2023-06-23","","N"
"Shellbark Hickory","Carya laciniosa","Kentucky","Edmonson","Mammoth Cave National Park","37 12.753","-086 14.098","","","297296","1","37 12.753","-086 14.098","500.0 ft","Public","106.7'","Clinometer/laser rangefinder/sine","6.5'","78''","","","Elijah Whitcomb","2023-06-23","","N"
"Shellbark Hickory","Carya laciniosa","Kentucky","Edmonson","Mammoth Cave National Park","37 13.545","-086 05.777","","","297488","1","37 13.545","-086 05.777","455.0 ft","Public","120.0'","Clinometer/laser rangefinder/sine","10.5'","126''","","","Elijah Whitcomb","2023-06-23","","N"
"Shellbark Hickory","Carya laciniosa","Kentucky","Edmonson","Mammoth Cave National Park","37 13.345","-086 04.809","","","297545","1","37 13.345","-086 04.809","465.0 ft","Public","129.0'","Clinometer/laser rangefinder/sine","7.5'","90''","","","Elijah Whitcomb","2023-06-23","","N"
"Shellbark Hickory","Carya laciniosa","Kentucky","Edmonson","Mammoth Cave National Park","37 12.038","-086 13.955","","","297758","1","37 12.038","-086 13.955","405.0 ft","Public","130.3'","Clinometer/laser rangefinder/sine","8.3'","100''","","","Elijah Whitcomb","2023-06-23","","N"
"Shingle Oak","Quercus imbricaria","Kentucky","Edmonson","Mammoth Cave National Park","37 09.822","-086 05.563","","","297389","1","37 09.822","-086 05.563","705.0 ft","Public","81.2'","Clinometer/laser rangefinder/sine","6.8'","82''","","Possibly planted","Elijah Whitcomb","2023-06-23","","N"
"Shingle Oak","Quercus imbricaria","Kentucky","Edmonson","Mammoth Cave National Park","37 11.339","-086 05.750","","","297567","1","37 11.339","-086 05.750","580.0 ft","Public","96.6'","Clinometer/laser rangefinder/sine","5.9'","71''","","","Elijah Whitcomb","2023-06-23","","N"
"Shingle Oak","Quercus imbricaria","Kentucky","Edmonson","Mammoth Cave National Park","37 11.369","-086 05.743","","","297568","1","37 11.369","-086 05.743","570.0 ft","Public","101.2'","Clinometer/laser rangefinder/sine","6.0'","72''","","","Elijah Whitcomb","2023-06-23","","N"
"Shumard's Oak","Quercus shumardii","Kentucky","Edmonson","Mammoth Cave National Park","37 12.369","-086 14.826","","","297316","1","37 12.369","-086 14.826","450.0 ft","Public","120.0'","Clinometer/laser rangefinder/sine","10.0'","120''","","","Elijah Whitcomb","2023-06-23","","N"
"Shumard's Oak","Quercus shumardii","Kentucky","Edmonson","Mammoth Cave National Park","37 12.083","-086 13.760","","","297287","1","37 12.083","-086 13.760","520.0 ft","Public","120.2'","Clinometer/laser rangefinder/sine","11.4'","137''","","","Elijah Whitcomb","2023-06-23","","N"
"Shumard's Oak","Quercus shumardii","Kentucky","Edmonson","Mammoth Cave National Park","37 10.721","-086 06.555","","","297580","1","37 10.721","-086 06.555","465.0 ft","Public","127.2'","Clinometer/laser rangefinder/sine","9.1'","109''","","","Elijah Whitcomb","2023-06-23","","N"
"Shumard's Oak","Quercus shumardii","Kentucky","Edmonson","Mammoth Cave National Park","37 12.378","-086 11.883","","","297761","1","37 12.378","-086 11.883","405.0 ft","Public","128.0'","Clinometer/laser rangefinder/sine","10.4'","125''","","","Elijah Whitcomb","2023-06-23","","N"
"Shumard's Oak","Quercus shumardii","Kentucky","Edmonson","Mammoth Cave National Park","37 13.685","-086 06.228","","","297484","1","37 13.685","-086 06.228","535.0 ft","Public","130.1'","Clinometer/laser rangefinder/sine","9.1'","109''","","","Elijah Whitcomb","2023-06-23","","N"
"Shumard's Oak","Quercus shumardii","Kentucky","Edmonson","Mammoth Cave National Park","37 11.174","-086 08.775","","","297672","1","37 11.174","-086 08.775","470.0 ft","Public","130.4'","Clinometer/laser rangefinder/sine","10.7'","128''","","","Elijah Whitcomb","2023-06-23","","N"
"Shumard's Oak","Quercus shumardii","Kentucky","Edmonson","Mammoth Cave National Park","37 12.729","-086 14.105","","","297292","1","37 12.729","-086 14.105","490.0 ft","Public","131.5'","Clinometer/laser rangefinder/sine","12.7'","152''","","","Elijah Whitcomb","2023-06-23","","N"
"Shumard's Oak","Quercus shumardii","Kentucky","Edmonson","Mammoth Cave National Park","37 11.186","-086 08.777","","","297673","1","37 11.186","-086 08.777","455.0 ft","Public","132.2'","Clinometer/laser rangefinder/sine","7.0'","84''","","","Elijah Whitcomb","2023-06-23","","N"
"Shumard's Oak","Quercus shumardii","Kentucky","Edmonson","Mammoth Cave National Park","37 11.144","-086 08.780","","","297674","1","37 11.144","-086 08.780","430.0 ft","Public","132.7'","Clinometer/laser rangefinder/sine","7.6'","91''","","","Elijah Whitcomb","2023-06-23","","N"
"Shumard's Oak","Quercus shumardii","Kentucky","Edmonson","Mammoth Cave National Park","37 11.017","-086 09.777","","","297801","1","37 11.017","-086 09.777","475.0 ft","Public","132.9'","Clinometer/laser rangefinder/sine","12.6'","151''","","","Elijah Whitcomb","2023-06-23","","N"
"Shumard's Oak","Quercus shumardii","Kentucky","Edmonson","Mammoth Cave National Park","37 11.032","-086 07.392","","","297703","1","37 11.032","-086 07.392","470.0 ft","Public","134.3'","Clinometer/laser rangefinder/sine","10.3'","124''","","","Elijah Whitcomb","2023-06-23","","N"
"Shumard's Oak","Quercus shumardii","Kentucky","Edmonson","Mammoth Cave National Park","37 11.571","-086 13.365","","","297778","1","37 11.571","-086 13.365","535.0 ft","Public","136.8'","Clinometer/laser rangefinder/sine","10.2'","122''","","Trunk splits low","Elijah Whitcomb","2023-06-23","","N"
"Shumard's Oak","Quercus shumardii","Kentucky","Edmonson","Mammoth Cave National Park","37 13.418","-086 13.760","","","297346","1","37 13.418","-086 13.760","480.0 ft","Public","139.1'","Clinometer/laser rangefinder/sine","9.5'","114''","","","Elijah Whitcomb","2023-06-23","","N"
"Shumard's Oak","Quercus shumardii","Kentucky","Edmonson","Mammoth Cave National Park","37 11.047","-086 07.396","","","297702","1","37 11.047","-086 07.396","465.0 ft","Public","139.2'","Clinometer/laser rangefinder/sine","10.1'","121''","","","Elijah Whitcomb","2023-06-23","","N"
"Shumard's Oak","Quercus shumardii","Kentucky","Edmonson","Mammoth Cave National Park","37 13.423","-086 13.758","","","297345","1","37 13.423","-086 13.758","480.0 ft","Public","140.0'","Clinometer/laser rangefinder/sine","","","","Double trunk","Elijah Whitcomb","2023-06-23","","N"
"Shumard's Oak","Quercus shumardii","Kentucky","Edmonson","Mammoth Cave National Park","37 13.743","-086 12.236","","","297358","1","37 13.743","-086 12.236","485.0 ft","Public","141.7'","Clinometer/laser rangefinder/sine","11.0'","132''","","","Elijah Whitcomb","2023-06-23","","N"
"Shumard's Oak","Quercus shumardii","Kentucky","Edmonson","Mammoth Cave National Park","37 11.490","-086 13.238","","","297760","1","37 11.490","-086 13.238","540.0 ft","Public","142.5'","Clinometer/laser rangefinder/sine","11.3'","136''","","","Elijah Whitcomb","2023-06-23","","N"
"Shumard's Oak","Quercus shumardii","Kentucky","Edmonson","Mammoth Cave National Park","37 11.971","-086 13.658","","","297825","1","37 11.971","-086 13.658","500.0 ft","Public","147.4'","Clinometer/laser rangefinder/sine","13.6'","163''","","","Elijah Whitcomb","2023-06-23","","N"
"Silver Maple","Acer saccharinum","Kentucky","Edmonson","Mammoth Cave National Park","37 12.865","-086 15.075","","","297322","1","37 12.865","-086 15.075","455.0 ft","Public","114.4'","Clinometer/laser rangefinder/sine","9.2'","110''","","","Elijah Whitcomb","2023-06-23","","N"
"Silver Maple","Acer saccharinum","Kentucky","Edmonson","Mammoth Cave National Park","37 11.108","-086 08.987","","","297678","1","37 11.108","-086 08.987","440.0 ft","Public","118.9'","Clinometer/laser rangefinder/sine","8.1'","97''","","","Elijah Whitcomb","2023-06-23","","N"
"Silver Maple","Acer saccharinum","Kentucky","Edmonson","Mammoth Cave National Park","37 12.096","-086 14.131","","","297746","1","37 12.096","-086 14.131","390.0 ft","Public","119.8'","Clinometer/laser rangefinder/sine","9.1'","110''","","","Elijah Whitcomb","2023-06-23","","N"
"Silver Maple","Acer saccharinum","Kentucky","Edmonson","Mammoth Cave National Park","37 13.507","-086 05.969","","","297489","1","37 13.507","-086 05.969","430.0 ft","Public","120.0'","Clinometer/laser rangefinder/sine","8.3'","100''","","","Elijah Whitcomb","2023-06-23","","N"
"Silver Maple","Acer saccharinum","Kentucky","Edmonson","Mammoth Cave National Park","37 13.496","-086 02.767","","","297528","1","37 13.496","-086 02.767","455.0 ft","Public","121.0'","Clinometer/laser rangefinder/sine","8.2'","98''","","","Elijah Whitcomb","2023-06-23","","N"
"Silver Maple","Acer saccharinum","Kentucky","Edmonson","Mammoth Cave National Park","37 12.027","-086 14.029","","","297749","1","37 12.027","-086 14.029","395.0 ft","Public","122.8'","Clinometer/laser rangefinder/sine","6.0'","72''","","","Elijah Whitcomb","2023-06-23","","N"
"Silver Maple","Acer saccharinum","Kentucky","Edmonson","Mammoth Cave National Park","37 11.089","-086 08.969","","","297677","1","37 11.089","-086 08.969","440.0 ft","Public","123.8'","Clinometer/laser rangefinder/sine","8.7'","104''","","","Elijah Whitcomb","2023-06-23","","N"
"Silver Maple","Acer saccharinum","Kentucky","Edmonson","Mammoth Cave National Park","37 12.016","-086 14.043","","","297748","1","37 12.016","-086 14.043","405.0 ft","Public","124.0'","Clinometer/laser rangefinder/sine","7.0'","84''","","","Elijah Whitcomb","2023-06-23","","N"
"Silver Maple","Acer saccharinum","Kentucky","Edmonson","Mammoth Cave National Park","37 12.063","-086 13.954","","","297750","1","37 12.063","-086 13.954","405.0 ft","Public","124.2'","Clinometer/laser rangefinder/sine","9.0'","108''","","","Elijah Whitcomb","2023-06-23","","N"
"Silver Maple","Acer saccharinum","Kentucky","Edmonson","Mammoth Cave National Park","37 11.123","-086 08.924","","","297679","1","37 11.123","-086 08.924","450.0 ft","Public","125.0'","Clinometer/laser rangefinder/sine","7.2'","86''","","","Elijah Whitcomb","2023-06-23","","N"
"Silver Maple","Acer saccharinum","Kentucky","Edmonson","Mammoth Cave National Park","37 12.030","-086 14.028","","","297747","1","37 12.030","-086 14.028","400.0 ft","Public","128.4'","Clinometer/laser rangefinder/sine","7.6'","91''","","","Elijah Whitcomb","2023-06-23","","N"
"Slippery Elm","Ulmus rubra","Kentucky","Edmonson","Mammoth Cave National Park","37 12.737","-086 07.089","","","297494","1","37 12.737","-086 07.089","555.0 ft","Public","105.4'","Clinometer/laser rangefinder/sine","3.8'","46''","","","Elijah Whitcomb","2023-06-23","","N"
"Slippery Elm","Ulmus rubra","Kentucky","Edmonson","Mammoth Cave National Park","37 10.665","-086 08.063","","","297598","1","37 10.665","-086 08.063","595.0 ft","Public","105.4'","Clinometer/laser rangefinder/sine","6.3'","76''","","","Elijah Whitcomb","2023-06-23","","N"
"Slippery Elm","Ulmus rubra","Kentucky","Edmonson","Mammoth Cave National Park","37 10.659","-086 09.907","","","297811","1","37 10.659","-086 09.907","560.0 ft","Public","106.4'","Clinometer/laser rangefinder/sine","4.4'","53''","","","Elijah Whitcomb","2023-06-23","","N"
"Slippery Elm","Ulmus rubra","Kentucky","Edmonson","Mammoth Cave National Park","37 13.843","-086 03.186","","","297526","1","37 13.843","-086 03.186","635.0 ft","Public","107.1'","Clinometer/laser rangefinder/sine","5.7'","68''","","","Elijah Whitcomb","2023-06-23","","N"
"Slippery Elm","Ulmus rubra","Kentucky","Edmonson","Mammoth Cave National Park","37 10.881","-086 07.584","","","297684","1","37 10.881","-086 07.584","595.0 ft","Public","114.7'","Clinometer/laser rangefinder/sine","4.4'","53''","","","Elijah Whitcomb","2023-06-23","","N"
"Slippery Elm","Ulmus rubra","Kentucky","Edmonson","Mammoth Cave National Park","37 10.581","-086 06.693","","","297624","1","37 10.581","-086 06.693","520.0 ft","Public","118.1'","Clinometer/laser rangefinder/sine","5.4'","65''","","","Elijah Whitcomb","2023-06-23","","N"
"Sourwood","Oxydendrum arboreum","Kentucky","Edmonson","Mammoth Cave National Park","37 12.973","-086 15.819","","","297327","1","37 12.973","-086 15.819","415.0 ft","Public","68.6'","Clinometer/laser rangefinder/sine","2.8'","34''","","","Elijah Whitcomb","2023-06-23","","N"
"Sourwood","Oxydendrum arboreum","Kentucky","Edmonson","Mammoth Cave National Park","37 08.971","-086 05.086","","","297466","1","37 08.971","-086 05.086","765.0 ft","Public","70.0'","Clinometer/laser rangefinder/sine","3.7'","44''","","","Elijah Whitcomb","2023-06-23","","N"
"Sourwood","Oxydendrum arboreum","Kentucky","Edmonson","Mammoth Cave National Park","37 12.969","-086 13.509","","","297399","1","37 12.969","-086 13.509","520.0 ft","Public","78.0'","Clinometer/laser rangefinder/sine","3.8'","46''","","","Elijah Whitcomb","2023-06-23","","N"
"Sourwood","Oxydendrum arboreum","Kentucky","Edmonson","Mammoth Cave National Park","37 08.971","-086 05.090","","","297467","1","37 08.971","-086 05.090","755.0 ft","Public","80.8'","Clinometer/laser rangefinder/sine","3.8'","46''","","","Elijah Whitcomb","2023-06-23","","N"
"Sourwood","Oxydendrum arboreum","Kentucky","Edmonson","Mammoth Cave National Park","37 13.885","-086 12.106","","","297370","1","37 13.885","-086 12.106","520.0 ft","Public","83.7'","Clinometer/laser rangefinder/sine","","","","Double trunk","Elijah Whitcomb","2023-06-23","","N"
"Sourwood","Oxydendrum arboreum","Kentucky","Edmonson","Mammoth Cave National Park","37 08.977","-086 05.066","","","297468","1","37 08.977","-086 05.066","765.0 ft","Public","84.7'","Clinometer/laser rangefinder/sine","3.1'","37''","","","Elijah Whitcomb","2023-06-23","","N"
"Sourwood","Oxydendrum arboreum","Kentucky","Edmonson","Mammoth Cave National Park","37 13.183","-086 07.755","","","297502","1","37 13.183","-086 07.755","710.0 ft","Public","88.9'","Clinometer/laser rangefinder/sine","4.9'","59''","","","Elijah Whitcomb","2023-06-23","","N"
"Sourwood","Oxydendrum arboreum","Kentucky","Edmonson","Mammoth Cave National Park","37 13.198","-086 03.163","","","297519","1","37 13.198","-086 03.163","630.0 ft","Public","91.6'","Clinometer/laser rangefinder/sine","4.0'","48''","","","Elijah Whitcomb","2023-06-23","","N"
"Southern Red Oak","Quercus falcata","Kentucky","Edmonson","Mammoth Cave National Park","37 10.551","-086 09.717","","","297799","1","37 10.551","-086 09.717","645.0 ft","Public","103.5'","Clinometer/laser rangefinder/sine","7.2'","86''","","","Elijah Whitcomb","2023-06-23","","N"
"Southern Red Oak","Quercus falcata","Kentucky","Edmonson","Mammoth Cave National Park","37 10.382","-086 10.578","","","297390","1","37 10.382","-086 10.578","640.0 ft","Public","106.8'","Clinometer/laser rangefinder/sine","7.8'","94''","","","Elijah Whitcomb","2023-06-23","","N"
"Southern Red Oak","Quercus falcata","Kentucky","Edmonson","Mammoth Cave National Park","37 11.024","-086 10.767","","","297833","1","37 11.024","-086 10.767","675.0 ft","Public","113.8'","Clinometer/laser rangefinder/sine","7.7'","92''","","","Elijah Whitcomb","2023-06-23","","N"
"Southern Red Oak","Quercus falcata","Kentucky","Edmonson","Mammoth Cave National Park","37 10.470","-086 11.111","","","297834","1","37 10.470","-086 11.111","695.0 ft","Public","115.3'","Clinometer/laser rangefinder/sine","6.3'","76''","","","Elijah Whitcomb","2023-06-23","","N"
"Southern Red Oak","Quercus falcata","Kentucky","Edmonson","Mammoth Cave National Park","37 11.387","-086 13.091","","","297779","1","37 11.387","-086 13.091","515.0 ft","Public","117.2'","Clinometer/laser rangefinder/sine","7.1'","85''","","","Elijah Whitcomb","2023-06-23","","N"
"Southern Red Oak","Quercus falcata","Kentucky","Edmonson","Mammoth Cave National Park","37 10.470","-086 11.114","","","297832","1","37 10.470","-086 11.114","690.0 ft","Public","123.2'","Clinometer/laser rangefinder/sine","7.3'","88''","","","Elijah Whitcomb","2023-06-23","","N"
"Sugar Maple","Acer saccharum var. saccharum","Kentucky","Edmonson","Mammoth Cave National Park","37 13.637","-086 12.340","","","297371","1","37 13.637","-086 12.340","465.0 ft","Public","115.4'","Clinometer/laser rangefinder/sine","5.9'","71''","","","Elijah Whitcomb","2023-06-23","","N"
"Sugar Maple","Acer saccharum var. saccharum","Kentucky","Edmonson","Mammoth Cave National Park","37 14.703","-086 03.398","","","297538","1","37 14.703","-086 03.398","625.0 ft","Public","115.6'","Clinometer/laser rangefinder/sine","7.9'","95''","","","Elijah Whitcomb","2023-06-23","","N"
"Sugar Maple","Acer saccharum var. saccharum","Kentucky","Edmonson","Mammoth Cave National Park","37 13.512","-086 11.979","","","297372","1","37 13.512","-086 11.979","595.0 ft","Public","120.6'","Clinometer/laser rangefinder/sine","6.7'","80''","","","Elijah Whitcomb","2023-06-23","","N"
"Sugar Maple","Acer saccharum var. saccharum","Kentucky","Edmonson","Mammoth Cave National Park","37 12.747","-086 07.263","","","297495","1","37 12.747","-086 07.263","600.0 ft","Public","121.5'","Clinometer/laser rangefinder/sine","8.4'","101''","","Appears very old; may be var. schneckii","Elijah Whitcomb","2023-06-23","","N"
"Sugar Maple","Acer saccharum var. saccharum","Kentucky","Edmonson","Mammoth Cave National Park","37 12.818","-086 09.027","","","297421","1","37 12.818","-086 09.027","535.0 ft","Public","122.1'","Clinometer/laser rangefinder/sine","8.2'","98''","","","Elijah Whitcomb","2023-06-23","","N"
"Sugar Maple","Acer saccharum var. saccharum","Kentucky","Edmonson","Mammoth Cave National Park","37 08.566","-086 05.007","","","297471","1","37 08.566","-086 05.007","710.0 ft","Public","122.3'","Clinometer/laser rangefinder/sine","7.9'","95''","","","Elijah Whitcomb","2023-06-23","","N"
"Sugar Maple","Acer saccharum var. saccharum","Kentucky","Edmonson","Mammoth Cave National Park","37 08.566","-086 05.018","","","297470","1","37 08.566","-086 05.018","715.0 ft","Public","124.7'","Clinometer/laser rangefinder/sine","9.1'","109''","","","Elijah Whitcomb","2023-06-23","","N"
"Sweetgum","Liquidambar styraciflua","Kentucky","Edmonson","Mammoth Cave National Park","37 13.078","-086 13.629","","","297300","1","37 13.078","-086 13.629","665.0 ft","Public","127.0'","Clinometer/laser rangefinder/sine","7.8'","93''","","","Elijah Whitcomb","2023-06-23","","N"
"Sweetgum","Liquidambar styraciflua","Kentucky","Edmonson","Mammoth Cave National Park","37 12.020","-086 13.045","","","297820","1","37 12.020","-086 13.045","640.0 ft","Public","127.4'","Clinometer/laser rangefinder/sine","5.7'","68''","","","Elijah Whitcomb","2023-06-23","","N"
"Sweetgum","Liquidambar styraciflua","Kentucky","Edmonson","Mammoth Cave National Park","37 12.532","-086 13.455","","","297821","1","37 12.532","-086 13.455","540.0 ft","Public","128.3'","Clinometer/laser rangefinder/sine","6.4'","77''","","","Elijah Whitcomb","2023-06-23","","N"
"Sweetgum","Liquidambar styraciflua","Kentucky","Edmonson","Mammoth Cave National Park","37 11.732","-086 11.543","","","297797","1","37 11.732","-086 11.543","435.0 ft","Public","131.1'","Clinometer/laser rangefinder/sine","5.2'","62''","","","Elijah Whitcomb","2023-06-23","","N"
"Sweetgum","Liquidambar styraciflua","Kentucky","Edmonson","Mammoth Cave National Park","37 11.289","-086 09.135","","","297743","1","37 11.289","-086 09.135","655.0 ft","Public","132.3'","Clinometer/laser rangefinder/sine","7.6'","91''","","","Elijah Whitcomb","2023-06-23","","N"
"Sweetgum","Liquidambar styraciflua","Kentucky","Edmonson","Mammoth Cave National Park","37 12.937","-086 15.713","","","297324","1","37 12.937","-086 15.713","465.0 ft","Public","135.6'","Clinometer/laser rangefinder/sine","9.5'","114''","","","Elijah Whitcomb","2023-06-23","","N"
"Sweetgum","Liquidambar styraciflua","Kentucky","Edmonson","Mammoth Cave National Park","37 12.245","-086 13.089","","","297822","1","37 12.245","-086 13.089","695.0 ft","Public","136.2'","Clinometer/laser rangefinder/sine","","","","Double trunk","Elijah Whitcomb","2023-06-23","","N"
"Tuliptree","Liriodendron tulipifera","Kentucky","Edmonson","Mammoth Cave National Park","37 11.462","-086 05.765","","","297578","1","37 11.462","-086 05.765","560.0 ft","Public","140.3'","Clinometer/laser rangefinder/sine","7.2'","86''","","","Elijah Whitcomb","2023-06-23","","N"
"Tuliptree","Liriodendron tulipifera","Kentucky","Edmonson","Mammoth Cave National Park","37 10.298","-086 06.686","","","297627","1","37 10.298","-086 06.686","615.0 ft","Public","140.3'","Clinometer/laser rangefinder/sine","11.8'","142''","","","Elijah Whitcomb","2023-06-23","","N"
"Tuliptree","Liriodendron tulipifera","Kentucky","Edmonson","Mammoth Cave National Park","37 12.403","-086 13.379","","","297827","1","37 12.403","-086 13.379","580.0 ft","Public","141.6'","Clinometer/laser rangefinder/sine","8.5'","102''","","","Elijah Whitcomb","2023-06-23","","N"
"Tuliptree","Liriodendron tulipifera","Kentucky","Edmonson","Mammoth Cave National Park","37 09.913","-086 09.430","","","297395","1","37 09.913","-086 09.430","475.0 ft","Public","144.8'","Clinometer/laser rangefinder/sine","8.2'","98''","","","Elijah Whitcomb","2023-06-23","","N"
"Tuliptree","Liriodendron tulipifera","Kentucky","Edmonson","Mammoth Cave National Park","37 10.746","-086 06.557","","","297573","1","37 10.746","-086 06.557","465.0 ft","Public","144.9'","Clinometer/laser rangefinder/sine","","","","Trunk fused with beech tree","Elijah Whitcomb","2023-06-23","","N"
"Tuliptree","Liriodendron tulipifera","Kentucky","Edmonson","Mammoth Cave National Park","37 14.675","-086 03.745","","","297534","1","37 14.675","-086 03.745","755.0 ft","Public","145.1'","Clinometer/laser rangefinder/sine","9.0'","108''","","","Elijah Whitcomb","2023-06-23","","N"
"Tuliptree","Liriodendron tulipifera","Kentucky","Edmonson","Mammoth Cave National Park","","","","","297586","1","","","","Public","145.3'","Clinometer/laser rangefinder/sine","","","","","Elijah Whitcomb","2023-06-23","","N"
"Tuliptree","Liriodendron tulipifera","Kentucky","Edmonson","Mammoth Cave National Park","37 10.726","-086 09.225","","","297657","1","37 10.726","-086 09.225","440.0 ft","Public","145.4'","Clinometer/laser rangefinder/sine","10.5'","126''","","","Elijah Whitcomb","2023-06-23","","N"
"Tuliptree","Liriodendron tulipifera","Kentucky","Edmonson","Mammoth Cave National Park","37 10.593","-086 07.324","","","297686","1","37 10.593","-086 07.324","665.0 ft","Public","145.4'","Clinometer/laser rangefinder/sine","10.9'","131''","","","Elijah Whitcomb","2023-06-23","","N"
"Tuliptree","Liriodendron tulipifera","Kentucky","Edmonson","Mammoth Cave National Park","37 13.061","-086 13.645","","","297301","1","37 13.061","-086 13.645","665.0 ft","Public","145.5'","Clinometer/laser rangefinder/sine","8.5'","102''","","","Elijah Whitcomb","2023-06-23","","N"
"Tuliptree","Liriodendron tulipifera","Kentucky","Edmonson","Mammoth Cave National Park","37 13.154","-086 07.792","","","297498","1","37 13.154","-086 07.792","710.0 ft","Public","145.5'","Clinometer/laser rangefinder/sine","10.4'","125''","","","Elijah Whitcomb","2023-06-23","","N"
"Tuliptree","Liriodendron tulipifera","Kentucky","Edmonson","Mammoth Cave National Park","37 11.363","-086 08.745","","","297728","1","37 11.363","-086 08.745","465.0 ft","Public","146.0'","Clinometer/laser rangefinder/sine","7.0'","84''","","","Elijah Whitcomb","2023-06-23","","N"
"Tuliptree","Liriodendron tulipifera","Kentucky","Edmonson","Mammoth Cave National Park","37 14.644","-086 03.686","","","297535","1","37 14.644","-086 03.686","760.0 ft","Public","146.2'","Clinometer/laser rangefinder/sine","11.3'","136''","","","Elijah Whitcomb","2023-06-23","","N"
"Tuliptree","Liriodendron tulipifera","Kentucky","Edmonson","Mammoth Cave National Park","37 10.640","-086 07.305","","","297687","1","37 10.640","-086 07.305","580.0 ft","Public","146.3'","Clinometer/laser rangefinder/sine","9.2'","110''","","","Elijah Whitcomb","2023-06-23","","N"
"Tuliptree","Liriodendron tulipifera","Kentucky","Edmonson","Mammoth Cave National Park","37 12.368","-086 07.383","","","297499","1","37 12.368","-086 07.383","650.0 ft","Public","146.4'","Clinometer/laser rangefinder/sine","11.2'","134''","","","Elijah Whitcomb","2023-06-23","","N"
"Tuliptree","Liriodendron tulipifera","Kentucky","Edmonson","Mammoth Cave National Park","37 10.509","-086 06.702","","","297626","1","37 10.509","-086 06.702","","Public","146.4'","Clinometer/laser rangefinder/sine","10.2'","122''","","","Elijah Whitcomb","2023-06-23","","N"
"Tuliptree","Liriodendron tulipifera","Kentucky","Edmonson","Mammoth Cave National Park","37 11.388","-086 07.612","","","297828","1","37 11.388","-086 07.612","485.0 ft","Public","146.5'","Clinometer/laser rangefinder/sine","9.5'","114''","","","Elijah Whitcomb","2023-06-23","","N"
"Tuliptree","Liriodendron tulipifera","Kentucky","Edmonson","Mammoth Cave National Park","37 11.382","-086 07.593","","","297829","1","37 11.382","-086 07.593","485.0 ft","Public","146.9'","Clinometer/laser rangefinder/sine","11.2'","134''","","","Elijah Whitcomb","2023-06-23","","N"
"Tuliptree","Liriodendron tulipifera","Kentucky","Edmonson","Mammoth Cave National Park","37 08.868","-086 05.247","","","297462","1","37 08.868","-086 05.247","775.0 ft","Public","147.1'","Clinometer/laser rangefinder/sine","12.5'","150''","","","Elijah Whitcomb","2023-06-23","","N"
"Tuliptree","Liriodendron tulipifera","Kentucky","Edmonson","Mammoth Cave National Park","37 13.689","-086 06.303","","","297477","1","37 13.689","-086 06.303","550.0 ft","Public","147.1'","Clinometer/laser rangefinder/sine","9.7'","116''","","","Elijah Whitcomb","2023-06-23","","N"
"Tuliptree","Liriodendron tulipifera","Kentucky","Edmonson","Mammoth Cave National Park","37 10.357","-086 07.265","","","297605","1","37 10.357","-086 07.265","585.0 ft","Public","147.4'","Clinometer/laser rangefinder/sine","9.9'","119''","","","Elijah Whitcomb","2023-06-23","","N"
"Tuliptree","Liriodendron tulipifera","Kentucky","Edmonson","Mammoth Cave National Park","37 10.507","-086 06.692","","","297625","1","37 10.507","-086 06.692","","Public","147.4'","Clinometer/laser rangefinder/sine","10.4'","125''","","","Elijah Whitcomb","2023-06-23","","N"
"Tuliptree","Liriodendron tulipifera","Kentucky","Edmonson","Mammoth Cave National Park","37 09.443","-086 06.941","","","297631","1","37 09.443","-086 06.941","600.0 ft","Public","147.5'","Clinometer/laser rangefinder/sine","8.2'","98''","","","Elijah Whitcomb","2023-06-23","","N"
"Tuliptree","Liriodendron tulipifera","Kentucky","Edmonson","Mammoth Cave National Park","37 12.719","-086 07.392","","","297500","1","37 12.719","-086 07.392","670.0 ft","Public","147.8'","Clinometer/laser rangefinder/sine","8.0'","96''","","","Elijah Whitcomb","2023-06-23","","N"
"Tuliptree","Liriodendron tulipifera","Kentucky","Edmonson","Mammoth Cave National Park","37 09.908","-086 07.555","","","297604","1","37 09.908","-086 07.555","630.0 ft","Public","147.8'","Clinometer/laser rangefinder/sine","11.2'","134''","","","Elijah Whitcomb","2023-06-23","","N"
"Tuliptree","Liriodendron tulipifera","Kentucky","Edmonson","Mammoth Cave National Park","37 10.268","-086 06.704","","","297628","1","37 10.268","-086 06.704","615.0 ft","Public","147.8'","Clinometer/laser rangefinder/sine","7.4'","89''","","","Elijah Whitcomb","2023-06-23","","N"
"Tuliptree","Liriodendron tulipifera","Kentucky","Edmonson","Mammoth Cave National Park","37 10.611","-086 07.322","","","297688","1","37 10.611","-086 07.322","625.0 ft","Public","148.1'","Clinometer/laser rangefinder/sine","11.3'","136''","","","Elijah Whitcomb","2023-06-23","","N"
"Tuliptree","Liriodendron tulipifera","Kentucky","Edmonson","Mammoth Cave National Park","37 08.593","-086 05.088","","","297457","1","37 08.593","-086 05.088","740.0 ft","Public","148.2'","Clinometer/laser rangefinder/sine","11.7'","140''","","","Elijah Whitcomb","2023-06-23","","N"
"Tuliptree","Liriodendron tulipifera","Kentucky","Edmonson","Mammoth Cave National Park","37 13.690","-086 06.299","","","297478","1","37 13.690","-086 06.299","545.0 ft","Public","148.4'","Clinometer/laser rangefinder/sine","9.1'","109''","","","Elijah Whitcomb","2023-06-23","","N"
"Tuliptree","Liriodendron tulipifera","Kentucky","Edmonson","Mammoth Cave National Park","37 10.810","-086 07.620","","","297689","1","37 10.810","-086 07.620","660.0 ft","Public","148.5'","Clinometer/laser rangefinder/sine","7.8'","94''","","","Elijah Whitcomb","2023-06-23","","N"
"Tuliptree","Liriodendron tulipifera","Kentucky","Edmonson","Mammoth Cave National Park","37 10.572","-086 07.707","","","297606","1","37 10.572","-086 07.707","585.0 ft","Public","148.8'","Clinometer/laser rangefinder/sine","8.6'","103''","","","Elijah Whitcomb","2023-06-23","","N"
"Tuliptree","Liriodendron tulipifera","Kentucky","Edmonson","Mammoth Cave National Park","37 10.508","-086 08.520","","","297654","1","37 10.508","-086 08.520","595.0 ft","Public","149.6'","Clinometer/laser rangefinder/sine","7.5'","90''","","","Elijah Whitcomb","2023-06-23","","N"
"Tuliptree","Liriodendron tulipifera","Kentucky","Edmonson","Mammoth Cave National Park","37 10.589","-086 08.010","","","297612","1","37 10.589","-086 08.010","575.0 ft","Public","150.1'","Clinometer/laser rangefinder/sine","9.8'","118''","","","Elijah Whitcomb","2023-06-23","","N"
"Tuliptree","Liriodendron tulipifera","Kentucky","Edmonson","Mammoth Cave National Park","37 11.237","-086 06.539","","","297574","1","37 11.237","-086 06.539","415.0 ft","Public","150.3'","Clinometer/laser rangefinder/sine","","","","","Elijah Whitcomb","2023-06-23","","N"
"Tuliptree","Liriodendron tulipifera","Kentucky","Edmonson","Mammoth Cave National Park","37 08.838","-086 05.335","","","297461","1","37 08.838","-086 05.335","735.0 ft","Public","150.4'","Clinometer/laser rangefinder/sine","7.5'","90''","","","Elijah Whitcomb","2023-06-23","","N"
"Tuliptree","Liriodendron tulipifera","Kentucky","Edmonson","Mammoth Cave National Park","37 11.769","-086 11.577","","","297794","1","37 11.769","-086 11.577","425.0 ft","Public","150.4'","Clinometer/laser rangefinder/sine","6.4'","77''","","","Elijah Whitcomb","2023-06-23","","N"
"Tuliptree","Liriodendron tulipifera","Kentucky","Edmonson","Mammoth Cave National Park","37 13.310","-086 11.670","","","297388","1","37 13.310","-086 11.670","575.0 ft","Public","150.6'","Clinometer/laser rangefinder/sine","9.9'","119''","","","Elijah Whitcomb","2023-06-23","","N"
"Tuliptree","Liriodendron tulipifera","Kentucky","Edmonson","Mammoth Cave National Park","37 11.476","-086 05.791","","","297579","1","37 11.476","-086 05.791","555.0 ft","Public","151.0'","Clinometer/laser rangefinder/sine","8.2'","98''","","","Elijah Whitcomb","2023-06-23","","N"
"Tuliptree","Liriodendron tulipifera","Kentucky","Edmonson","Mammoth Cave National Park","37 11.434","-086 11.375","","","297793","1","37 11.434","-086 11.375","445.0 ft","Public","151.8'","Clinometer/laser rangefinder/sine","9.0'","108''","","","Elijah Whitcomb","2023-06-23","","N"
"Tuliptree","Liriodendron tulipifera","Kentucky","Edmonson","Mammoth Cave National Park","37 10.372","-086 07.921","","","297607","1","37 10.372","-086 07.921","620.0 ft","Public","152.0'","Clinometer/laser rangefinder/sine","8.9'","107''","","","Elijah Whitcomb","2023-06-23","","N"
"Tuliptree","Liriodendron tulipifera","Kentucky","Edmonson","Mammoth Cave National Park","37 13.327","-086 12.991","","","297335","1","37 13.327","-086 12.991","515.0 ft","Public","152.1'","Clinometer/laser rangefinder/sine","","","","","Elijah Whitcomb","2023-06-23","","N"
"Tuliptree","Liriodendron tulipifera","Kentucky","Edmonson","Mammoth Cave National Park","37 10.851","-086 07.603","","","297691","1","37 10.851","-086 07.603","605.0 ft","Public","152.4'","Clinometer/laser rangefinder/sine","7.0'","84''","","","Elijah Whitcomb","2023-06-23","","N"
"Tuliptree","Liriodendron tulipifera","Kentucky","Edmonson","Mammoth Cave National Park","37 12.934","-086 12.655","","","297418","1","37 12.934","-086 12.655","560.0 ft","Public","152.5'","Clinometer/laser rangefinder/sine","9.4'","113''","","","Elijah Whitcomb","2023-06-23","","N"
"Tuliptree","Liriodendron tulipifera","Kentucky","Edmonson","Mammoth Cave National Park","37 10.315","-086 07.889","","","297609","1","37 10.315","-086 07.889","620.0 ft","Public","152.6'","Clinometer/laser rangefinder/sine","10.3'","124''","","","Elijah Whitcomb","2023-06-23","","N"
"Tuliptree","Liriodendron tulipifera","Kentucky","Edmonson","Mammoth Cave National Park","37 12.349","-086 14.817","","","297315","1","37 12.349","-086 14.817","440.0 ft","Public","152.7'","Clinometer/laser rangefinder/sine","9.0'","108''","","","Elijah Whitcomb","2023-06-23","","N"
"Tuliptree","Liriodendron tulipifera","Kentucky","Edmonson","Mammoth Cave National Park","37 10.308","-086 07.896","","","297608","1","37 10.308","-086 07.896","625.0 ft","Public","152.7'","Clinometer/laser rangefinder/sine","8.4'","101''","","","Elijah Whitcomb","2023-06-23","","N"
"Tuliptree","Liriodendron tulipifera","Kentucky","Edmonson","Mammoth Cave National Park","37 10.504","-086 08.531","","","297653","1","37 10.504","-086 08.531","590.0 ft","Public","153.0'","Clinometer/laser rangefinder/sine","9.4'","113''","","","Elijah Whitcomb","2023-06-23","","N"
"Tuliptree","Liriodendron tulipifera","Kentucky","Edmonson","Mammoth Cave National Park","37 11.564","-086 08.866","","","297729","1","37 11.564","-086 08.866","515.0 ft","Public","153.0'","Clinometer/laser rangefinder/sine","7.8'","94''","","","Elijah Whitcomb","2023-06-23","","N"
"Tuliptree","Liriodendron tulipifera","Kentucky","Edmonson","Mammoth Cave National Park","37 08.521","-086 05.053","","","297460","1","37 08.521","-086 05.053","760.0 ft","Public","153.1'","Clinometer/laser rangefinder/sine","11.0'","132''","","","Elijah Whitcomb","2023-06-23","","N"
"Tuliptree","Liriodendron tulipifera","Kentucky","Edmonson","Mammoth Cave National Park","37 10.856","-086 07.570","","","297693","1","37 10.856","-086 07.570","610.0 ft","Public","153.2'","Clinometer/laser rangefinder/sine","8.7'","104''","","","Elijah Whitcomb","2023-06-23","","N"
"Tuliptree","Liriodendron tulipifera","Kentucky","Edmonson","Mammoth Cave National Park","37 10.207","-086 06.717","","","297629","1","37 10.207","-086 06.717","605.0 ft","Public","153.3'","Clinometer/laser rangefinder/sine","9.0'","108''","","","Elijah Whitcomb","2023-06-23","","N"
"Tuliptree","Liriodendron tulipifera","Kentucky","Edmonson","Mammoth Cave National Park","37 13.279","-086 12.491","","","297336","1","37 13.279","-086 12.491","625.0 ft","Public","153.6'","Clinometer/laser rangefinder/sine","10.1'","121''","","","Elijah Whitcomb","2023-06-23","","N"
"Tuliptree","Liriodendron tulipifera","Kentucky","Edmonson","Mammoth Cave National Park","37 11.066","-086 05.719","","","297576","1","37 11.066","-086 05.719","690.0 ft","Public","154.1'","Clinometer/laser rangefinder/sine","11.7'","140''","","","Elijah Whitcomb","2023-06-23","","N"
"Tuliptree","Liriodendron tulipifera","Kentucky","Edmonson","Mammoth Cave National Park","37 10.337","-086 07.906","","","297610","1","37 10.337","-086 07.906","625.0 ft","Public","154.2'","Clinometer/laser rangefinder/sine","12.2'","146''","","","Elijah Whitcomb","2023-06-23","","N"
"Tuliptree","Liriodendron tulipifera","Kentucky","Edmonson","Mammoth Cave National Park","37 08.556","-086 04.988","","","297459","1","37 08.556","-086 04.988","730.0 ft","Public","154.3'","Clinometer/laser rangefinder/sine","9.7'","116''","","","Elijah Whitcomb","2023-06-23","","N"
"Tuliptree","Liriodendron tulipifera","Kentucky","Edmonson","Mammoth Cave National Park","37 10.491","-086 08.556","","","297656","1","37 10.491","-086 08.556","605.0 ft","Public","154.3'","Clinometer/laser rangefinder/sine","9.5'","114''","","","Elijah Whitcomb","2023-06-23","","N"
"Tuliptree","Liriodendron tulipifera","Kentucky","Edmonson","Mammoth Cave National Park","37 13.912","-086 11.956","","","297364","1","37 13.912","-086 11.956","630.0 ft","Public","154.4'","Clinometer/laser rangefinder/sine","9.0'","108''","","","Elijah Whitcomb","2023-06-23","","N"
"Tuliptree","Liriodendron tulipifera","Kentucky","Edmonson","Mammoth Cave National Park","37 08.866","-086 05.389","","","297458","1","37 08.866","-086 05.389","725.0 ft","Public","155.0'","Clinometer/laser rangefinder/sine","7.6'","91''","","","Elijah Whitcomb","2023-06-23","","N"
"Tuliptree","Liriodendron tulipifera","Kentucky","Edmonson","Mammoth Cave National Park","37 10.861","-086 07.603","","","297692","1","37 10.861","-086 07.603","610.0 ft","Public","155.0'","Clinometer/laser rangefinder/sine","8.2'","98''","","","Elijah Whitcomb","2023-06-23","","N"
"Tuliptree","Liriodendron tulipifera","Kentucky","Edmonson","Mammoth Cave National Park","37 13.562","-086 12.040","","","297365","1","37 13.562","-086 12.040","580.0 ft","Public","155.1'","Clinometer/laser rangefinder/sine","10.7'","128''","","","Elijah Whitcomb","2023-06-23","","N"
"Tuliptree","Liriodendron tulipifera","Kentucky","Edmonson","Mammoth Cave National Park","37 10.369","-086 07.933","","","297611","1","37 10.369","-086 07.933","630.0 ft","Public","156.0'","Clinometer/laser rangefinder/sine","10.3'","124''","","","Elijah Whitcomb","2023-06-23","","N"
"Tuliptree","Liriodendron tulipifera","Kentucky","Edmonson","Mammoth Cave National Park","37 10.281","-086 08.410","","","297652","1","37 10.281","-086 08.410","630.0 ft","Public","156.1'","Clinometer/laser rangefinder/sine","8.9'","107''","","","Elijah Whitcomb","2023-06-23","","N"
"Tuliptree","Liriodendron tulipifera","Kentucky","Edmonson","Mammoth Cave National Park","37 13.349","-086 12.506","","","297337","1","37 13.349","-086 12.506","575.0 ft","Public","156.5'","Clinometer/laser rangefinder/sine","7.6'","91''","","","Elijah Whitcomb","2023-06-23","","N"
"Tuliptree","Liriodendron tulipifera","Kentucky","Edmonson","Mammoth Cave National Park","37 08.558","-086 05.045","","","297463","1","37 08.558","-086 05.045","735.0 ft","Public","156.6'","Clinometer/laser rangefinder/sine","10.2'","122''","","","Elijah Whitcomb","2023-06-23","","N"
"Tuliptree","Liriodendron tulipifera","Kentucky","Edmonson","Mammoth Cave National Park","37 11.319","-086 05.887","","","297575","1","37 11.319","-086 05.887","585.0 ft","Public","156.6'","Clinometer/laser rangefinder/sine","10.3'","124''","","","Elijah Whitcomb","2023-06-23","","N"
"Tuliptree","Liriodendron tulipifera","Kentucky","Edmonson","Mammoth Cave National Park","37 11.066","-086 05.709","","","297577","1","37 11.066","-086 05.709","685.0 ft","Public","157.5'","Clinometer/laser rangefinder/sine","9.4'","113''","","","Elijah Whitcomb","2023-06-23","","N"
"Tuliptree","Liriodendron tulipifera","Kentucky","Edmonson","Mammoth Cave National Park","37 10.285","-086 06.692","","","297630","1","37 10.285","-086 06.692","595.0 ft","Public","157.6'","Clinometer/laser rangefinder/sine","8.6'","103''","","","Elijah Whitcomb","2023-06-23","","N"
"Tuliptree","Liriodendron tulipifera","Kentucky","Edmonson","Mammoth Cave National Park","37 08.521","-086 04.515","","","297464","1","37 08.521","-086 04.515","740.0 ft","Public","158.2'","Clinometer/laser rangefinder/sine","10.3'","124''","","","Elijah Whitcomb","2023-06-23","","N"
"Tuliptree","Liriodendron tulipifera","Kentucky","Edmonson","Mammoth Cave National Park","37 10.489","-086 08.539","","","297655","1","37 10.489","-086 08.539","610.0 ft","Public","158.4'","Clinometer/laser rangefinder/sine","14.2'","170''","","","Elijah Whitcomb","2023-06-23","","N"
"Tuliptree","Liriodendron tulipifera","Kentucky","Edmonson","Mammoth Cave National Park","37 10.856","-086 07.596","","","297690","1","37 10.856","-086 07.596","600.0 ft","Public","159.0'","Clinometer/laser rangefinder/sine","8.0'","96''","","","Elijah Whitcomb","2023-06-23","","N"
"Tuliptree","Liriodendron tulipifera","Kentucky","Edmonson","Mammoth Cave National Park","37 10.885","-086 07.573","","","297694","1","37 10.885","-086 07.573","595.0 ft","Public","161.2'","Clinometer/laser rangefinder/sine","8.7'","104''","","","Elijah Whitcomb","2023-06-23","","N"
"Virginia Pine","Pinus virginiana","Kentucky","Edmonson","Mammoth Cave National Park","","","","","76407","1","","","680.0 ft","Public","68.0'","Clinometer/laser rangefinder/sine","9.0'","108''","","","Turner Sharp","2013-03-19","","N"
"Virginia Pine","Pinus virginiana","Kentucky","Edmonson","Mammoth Cave National Park","37 14.128","-086 05.850","","","297475","1","37 14.128","-086 05.850","605.0 ft","Public","111.3'","Clinometer/laser rangefinder/sine","4.0'","48''","","","Elijah Whitcomb","2023-06-23","","N"
"Virginia Pine","Pinus virginiana","Kentucky","Edmonson","Mammoth Cave National Park","37 13.045","-086 13.618","","","297302","1","37 13.045","-086 13.618","640.0 ft","Public","118.0'","Clinometer/laser rangefinder/sine","5.7'","69''","","","Elijah Whitcomb","2023-06-23","","N"
"Virginia Pine","Pinus virginiana","Kentucky","Edmonson","Mammoth Cave National Park","37 14.010","-086 04.924","","","297474","1","37 14.010","-086 04.924","","Public","119.4'","Clinometer/laser rangefinder/sine","6.7'","80''","","","Elijah Whitcomb","2023-06-23","","N"
"Water Oak","Quercus nigra","Kentucky","Edmonson","Mammoth Cave National Park","37 09.395","-086 07.483","","","297798","1","37 09.395","-086 07.483","770.0 ft","Public","58.3'","Clinometer/laser rangefinder/sine","2.8'","34''","","Likely planted or escaped","Elijah Whitcomb","2023-06-23","","N"
"Water Oak","Quercus nigra","Kentucky","Edmonson","Mammoth Cave National Park","37 10.202","-086 10.779","","","297831","1","37 10.202","-086 10.779","700.0 ft","Public","75.8'","Clinometer/laser rangefinder/sine","4.3'","52''","","","Elijah Whitcomb","2023-06-23","","N"
"White Oak","Quercus alba","Kentucky","Edmonson","Mammoth Cave National Park","37 13.371","-086 12.728","","","297348","1","37 13.371","-086 12.728","600.0 ft","Public","122.5'","Clinometer/laser rangefinder/sine","8.3'","100''","","","Elijah Whitcomb","2023-06-23","","N"
"White Oak","Quercus alba","Kentucky","Edmonson","Mammoth Cave National Park","37 13.412","-086 12.627","","","297349","1","37 13.412","-086 12.627","600.0 ft","Public","123.4'","Clinometer/laser rangefinder/sine","6.9'","83''","","","Elijah Whitcomb","2023-06-23","","N"
"White Oak","Quercus alba","Kentucky","Edmonson","Mammoth Cave National Park","37 14.139","-086 11.754","","","297354","1","37 14.139","-086 11.754","640.0 ft","Public","123.5'","Clinometer/laser rangefinder/sine","9.1'","109''","","","Elijah Whitcomb","2023-06-23","","N"
"White Oak","Quercus alba","Kentucky","Edmonson","Mammoth Cave National Park","37 12.997","-086 12.789","","","297403","1","37 12.997","-086 12.789","565.0 ft","Public","128.4'","Clinometer/laser rangefinder/sine","7.1'","85''","","","Elijah Whitcomb","2023-06-23","","N"
"White Oak","Quercus alba","Kentucky","Edmonson","Mammoth Cave National Park","37 13.606","-086 10.564","","","297378","1","37 13.606","-086 10.564","585.0 ft","Public","128.8'","Clinometer/laser rangefinder/sine","10.3'","124''","","","Elijah Whitcomb","2023-06-23","","N"
"White Oak","Quercus alba","Kentucky","Edmonson","Mammoth Cave National Park","37 12.939","-086 13.179","","","297401","1","37 12.939","-086 13.179","485.0 ft","Public","128.8'","Clinometer/laser rangefinder/sine","9.4'","113''","","","Elijah Whitcomb","2023-06-23","","N"
"White Oak","Quercus alba","Kentucky","Edmonson","Mammoth Cave National Park","37 14.504","-086 10.605","","","297377","1","37 14.504","-086 10.605","600.0 ft","Public","129.4'","Clinometer/laser rangefinder/sine","8.6'","103''","","","Elijah Whitcomb","2023-06-23","","N"
"White Oak","Quercus alba","Kentucky","Edmonson","Mammoth Cave National Park","37 12.981","-086 12.788","","","297402","1","37 12.981","-086 12.788","560.0 ft","Public","130.4'","Clinometer/laser rangefinder/sine","7.4'","89''","","","Elijah Whitcomb","2023-06-23","","N"
"White Oak","Quercus alba","Kentucky","Edmonson","Mammoth Cave National Park","37 11.702","-086 09.043","","","297739","1","37 11.702","-086 09.043","690.0 ft","Public","130.8'","Clinometer/laser rangefinder/sine","8.1'","97''","","","Elijah Whitcomb","2023-06-23","","N"
"White Oak","Quercus alba","Kentucky","Edmonson","Mammoth Cave National Park","37 13.948","-086 11.968","","","297355","1","37 13.948","-086 11.968","575.0 ft","Public","131.5'","Clinometer/laser rangefinder/sine","8.3'","100''","","","Elijah Whitcomb","2023-06-23","","N"
"White Oak","Quercus alba","Kentucky","Edmonson","Mammoth Cave National Park","37 13.008","-086 12.790","","","297404","1","37 13.008","-086 12.790","585.0 ft","Public","132.5'","Clinometer/laser rangefinder/sine","8.3'","100''","","","Elijah Whitcomb","2023-06-23","","N"
"White Oak","Quercus alba","Kentucky","Edmonson","Mammoth Cave National Park","37 10.315","-086 07.909","","","297618","1","37 10.315","-086 07.909","630.0 ft","Public","133.6'","Clinometer/laser rangefinder/sine","6.7'","80''","","","Elijah Whitcomb","2023-06-23","","N"
"White Oak","Quercus alba","Kentucky","Edmonson","Mammoth Cave National Park","37 08.694","-086 05.107","","","297445","1","37 08.694","-086 05.107","730.0 ft","Public","134.8'","Clinometer/laser rangefinder/sine","9.2'","110''","","","Elijah Whitcomb","2023-06-23","","N"
"White Oak","Quercus alba","Kentucky","Edmonson","Mammoth Cave National Park","37 11.291","-086 09.093","","","297740","1","37 11.291","-086 09.093","665.0 ft","Public","135.4'","Clinometer/laser rangefinder/sine","7.9'","95''","","","Elijah Whitcomb","2023-06-23","","N"
"White Oak","Quercus alba","Kentucky","Edmonson","Mammoth Cave National Park","37 08.507","-086 05.049","","","297444","1","37 08.507","-086 05.049","760.0 ft","Public","135.5'","Clinometer/laser rangefinder/sine","8.1'","97''","","","Elijah Whitcomb","2023-06-23","","N"
"White Oak","Quercus alba","Kentucky","Edmonson","Mammoth Cave National Park","37 08.698","-086 05.118","","","297443","1","37 08.698","-086 05.118","735.0 ft","Public","136.3'","Clinometer/laser rangefinder/sine","10.0'","120''","","","Elijah Whitcomb","2023-06-23","","N"
"White Oak","Quercus alba","Kentucky","Edmonson","Mammoth Cave National Park","37 08.690","-086 05.159","","","297446","1","37 08.690","-086 05.159","725.0 ft","Public","138.0'","Clinometer/laser rangefinder/sine","10.7'","128''","","","Elijah Whitcomb","2023-06-23","","N"
"White Oak","Quercus alba","Kentucky","Edmonson","Mammoth Cave National Park","37 08.676","-086 05.174","","","297447","1","37 08.676","-086 05.174","750.0 ft","Public","139.0'","Clinometer/laser rangefinder/sine","9.1'","109''","","","Elijah Whitcomb","2023-06-23","","N"
"White Oak","Quercus alba","Kentucky","Edmonson","Mammoth Cave National Park","37 14.599","-086 03.574","","","297537","1","37 14.599","-086 03.574","725.0 ft","Public","140.1'","Clinometer/laser rangefinder/sine","7.7'","92''","","","Elijah Whitcomb","2023-06-23","","N"
"Willow Oak","Quercus phellos","Kentucky","Edmonson","Mammoth Cave National Park","37 10.211","-086 10.782","","","297830","1","37 10.211","-086 10.782","700.0 ft","Public","88.0'","Clinometer/laser rangefinder/sine","6.0'","72''","","","Elijah Whitcomb","2023-06-23","","N"
"Winged Elm","Ulmus alata","Kentucky","Edmonson","Mammoth Cave National Park","37 10.785","-086 06.663","","","297685","1","37 10.785","-086 06.663","480.0 ft","Public","34.5'","Clinometer/laser rangefinder/sine","1.6'","19''","","","Elijah Whitcomb","2023-06-23","","N"
"Yellow Buckeye","Aesculus flava","Kentucky","Edmonson","Mammoth Cave National Park","37 12.843","-086 09.668","","","297431","1","37 12.843","-086 09.668","505.0 ft","Public","69.7'","Clinometer/laser rangefinder/sine","4.5'","54''","","","Elijah Whitcomb","2023-06-23","","N"
"Yellow Buckeye","Aesculus flava","Kentucky","Edmonson","Mammoth Cave National Park","37 11.041","-086 07.411","","","297683","1","37 11.041","-086 07.411","490.0 ft","Public","93.4'","Clinometer/laser rangefinder/sine","6.4'","77''","","","Elijah Whitcomb","2023-06-23","","N"
"Yellow Buckeye","Aesculus flava","Kentucky","Edmonson","Mammoth Cave National Park","37 12.920","-086 02.917","","","297553","1","37 12.920","-086 02.917","450.0 ft","Public","109.8'","Clinometer/laser rangefinder/sine","5.4'","65''","","","Elijah Whitcomb","2023-06-23","","N"
"Yellow Buckeye","Aesculus flava","Kentucky","Edmonson","Mammoth Cave National Park","37 13.404","-086 04.164","","","297554","1","37 13.404","-086 04.164","480.0 ft","Public","113.2'","Clinometer/laser rangefinder/sine","7.1'","85''","","","Elijah Whitcomb","2023-06-23","","N"
"Yellow Buckeye","Aesculus flava","Kentucky","Edmonson","Mammoth Cave National Park","37 13.474","-086 04.259","","","297555","1","37 13.474","-086 04.259","475.0 ft","Public","120.0'","Clinometer/laser rangefinder/sine","7.4'","89''","","","Elijah Whitcomb","2023-06-23","","N"
"Yellow Buckeye","Aesculus flava","Kentucky","Edmonson","Mammoth Cave National Park","37 13.489","-086 04.314","","","297556","1","37 13.489","-086 04.314","490.0 ft","Public","121.5'","Clinometer/laser rangefinder/sine","6.5'","78''","","","Elijah Whitcomb","2023-06-23","","N"