"Common Name","Botanical Name","State","County","Site","Site Latitude","Site Longitude","Location comments","Tree name","Tree id","Measurement number","Latitude","Longitude","Elevation","Ownership type","Height (ft)","Height measurement method","Girth (ft)","Girth (in)","Crown spread (ft)","Tree comments","Measurer(s)","Measured","Trip report url","Photos available"
"Allegheny Serviceberry","Amelanchier laevis","West Virginia","54 Counties","West Virginia Single Tree Sites","38 13.358","-080 04.920","Wood County is listed separately.
Most measuremens made before 2010 do not include height because the the methods used from 1963 thrue 2009 were very inaccurate.","","313108","1","38 13.358","-080 04.920","","Private & Publc","51.9'","Clinometer/laser rangefinder/sine","5.8'","70''","31.5'","Measured by T, Sharp 2018, Marlinton, Pocahontas County. Crown spread is an average of the two axis method.
Previously measured by T. Sharp 5/17/2011 at 43.7', 69"", 45'.
Average crown spread is 40.5', max. 45'","Various Various","1963-01-01","","N"
"American Basswood","Tilia americana var. americana","West Virginia","54 Counties","West Virginia Single Tree Sites","38 24.872","-082 24.969","Wood County is listed separately.
Most measuremens made before 2010 do not include height because the the methods used from 1963 thrue 2009 were very inaccurate.","","313163","1","38 24.872","-082 24.969","650.0 ft","Private & Publc","118.0'","Clinometer/laser rangefinder/sine","13.2'","158''","83.0'","Measured by T. Oxley 3/12/2015 Huntington, Cabell County. Crown spread is an average of two axis method.","Various Various","1963-01-01","","N"
"American Basswood","Tilia americana var. heterophylla","West Virginia","54 Counties","West Virginia Single Tree Sites","39 17.683","-077 51.745","Wood County is listed separately.
Most measuremens made before 2010 do not include height because the the methods used from 1963 thrue 2009 were very inaccurate.","","313098","1","39 17.683","-077 51.745","500.0 ft","Private & Publc","78.0'","Clinometer/laser rangefinder/sine","12.6'","151''","62.5'","Tree is in Jefferson County.
Measured by J. Bowen in 3/10/2010.
Crown spread is maximum.","Various Various","1963-01-01","","N"
"American Beech","Fagus grandifolia","West Virginia","54 Counties","West Virginia Single Tree Sites","39 32.078","-080 01.517","Wood County is listed separately.
Most measuremens made before 2010 do not include height because the the methods used from 1963 thrue 2009 were very inaccurate.","","313068","1","39 32.078","-080 01.517","","Private & Publc","83.0'","Clinometer/laser rangefinder/sine","14.8'","178''","","Tree is in Monongalia County and measured by B. Hannah, J. Wildman in 2009","Various Various","1963-01-01","","N"
"American Beech","Fagus grandifolia","West Virginia","54 Counties","West Virginia Single Tree Sites","37 34.140","-080 52.197","Wood County is listed separately.
Most measuremens made before 2010 do not include height because the the methods used from 1963 thrue 2009 were very inaccurate.","","313183","1","37 34.140","-080 52.197","1560.0 ft","Private & Publc","112.8'","Clinometer/laser rangefinder/sine","13.0'","156''","134.0'","Located on US Corps of Engineers land leased to the Bluestone Camp and Retreat near Bellepoint, Summers County.
Measured by T.Sharp 4/21/2018.
Crown spread is an average of two axis method. Height and crown spread are Not Less Than (NLT)","Various Various","1963-01-01","","N"
"American Chestnut","Castanea dentata","West Virginia","54 Counties","West Virginia Single Tree Sites","39 07.338","-078 53.362","Wood County is listed separately.
Most measuremens made before 2010 do not include height because the the methods used from 1963 thrue 2009 were very inaccurate.","","313212","1","39 07.338","-078 53.362","","Private & Publc","52.4'","Clinometer/laser rangefinder/sine","5.6'","67''","38.0'","Measured by J. Bowen 7/8/2019 in Ashton Woods development near Moorefield, Hardy County. 
Previously measured by J. Bowen 8/25/10 at 35.9' x 55.7 x 34.5'","Various Various","1963-01-01","","N"
"American Chestnut","Castanea dentata","West Virginia","54 Counties","West Virginia Single Tree Sites","38 53.646","-079 28.971","Wood County is listed separately.
Most measuremens made before 2010 do not include height because the the methods used from 1963 thrue 2009 were very inaccurate.","","313249","1","38 53.646","-079 28.971","","Private & Publc","77.0'","Clinometer/laser rangefinder/sine","5.6'","67''","50.0'","Measured by j. Bowen 2021 near Harman, Randolph County","Various Various","1963-01-01","","N"
"American Chestnut","Castanea dentata","West Virginia","54 Counties","West Virginia Single Tree Sites","38 34.299","-079 28.167","Wood County is listed separately.
Most measuremens made before 2010 do not include height because the the methods used from 1963 thrue 2009 were very inaccurate.","","313172","1","38 34.299","-079 28.167","3200.0 ft","Private & Publc","78.6'","Clinometer/laser rangefinder/sine","4.9'","59''","32.5'","Measured by J. Bowen 8/1/19.
Previously measured by J. Bowen 5/17/16 at 70.2' x 52"" x 29.5' 
Tree is off of Chestnut Woods Lane (private) near Franklin, Pendleton County.
Crown spread is an average of the two-axis method..","Various Various","1963-01-01","","N"
"American Chestnut","Castanea dentata","West Virginia","54 Counties","West Virginia Single Tree Sites","38 50.300","-079 06.653","Wood County is listed separately.
Most measuremens made before 2010 do not include height because the the methods used from 1963 thrue 2009 were very inaccurate.","","313211","1","38 50.300","-079 06.653","2500.0 ft","Private & Publc","79.6'","Clinometer/laser rangefinder/sine","4.8'","58''","32.5'","Measured by J. Bowen 3/1/2020. Tree located near Milam, Hardy County.","Various Various","1963-01-01","","N"
"American Chestnut","Castanea dentata","West Virginia","54 Counties","West Virginia Single Tree Sites","38 50.182","-079 06.767","Wood County is listed separately.
Most measuremens made before 2010 do not include height because the the methods used from 1963 thrue 2009 were very inaccurate.","","313231","1","38 50.182","-079 06.767","2400.0 ft","Private & Publc","81.4'","Clinometer/laser rangefinder/sine","4.6'","55''","41.8'","","Various Various","1963-01-01","","N"
"American Elm","Ulmus americana","West Virginia","54 Counties","West Virginia Single Tree Sites","38 20.204","-081 36.818","Wood County is listed separately.
Most measuremens made before 2010 do not include height because the the methods used from 1963 thrue 2009 were very inaccurate.","","313152","1","38 20.204","-081 36.818","610.0 ft","Private & Publc","98.8'","Clinometer/laser rangefinder/sine","16.0'","192''","140.6'","Measured by I. Smith 4/14/2023.
Previously measured by T. Oxley 9/13/2013 at 98.8' x 182 x   
129'
Ccrown spread is an average.of the twp axis mehod.","Various Various","1963-01-01","","N"
"American Elm","Ulmus americana","West Virginia","54 Counties","West Virginia Single Tree Sites","39 11.288","-077 54.270","Wood County is listed separately.
Most measuremens made before 2010 do not include height because the the methods used from 1963 thrue 2009 were very inaccurate.","","313103","1","39 11.288","-077 54.270","440.0 ft","Private & Publc","102.0'","Clinometer/laser rangefinder/sine","23.3'","279''","","Measured by T. Williamson, Q. Band 2018.
Previously measured by J. Bowen 2010 at 92.5' x 247.2"" x 103'. Tree locate near Rippon, Jefferson County","Various Various","1963-01-01","","N"
"American Mountain Ash","Sorbus americana","West Virginia","54 Counties","West Virginia Single Tree Sites","38 15.680","-080 14.688","Wood County is listed separately.
Most measuremens made before 2010 do not include height because the the methods used from 1963 thrue 2009 were very inaccurate.","","313218","1","38 15.680","-080 14.688","4480.0 ft","Private & Publc","41.8'","Clinometer/laser rangefinder/sine","1.7'","20''","12.0'","Measured by T. Sharp 9/15/2020 along Highlands Scenic  Highway near Big Spruce overlook near Marlinton, Pocahontas County.","Various Various","1963-01-01","","N"
"American Plum","Prunus americana","West Virginia","54 Counties","West Virginia Single Tree Sites","39 13.073","-079 13.986","Wood County is listed separately.
Most measuremens made before 2010 do not include height because the the methods used from 1963 thrue 2009 were very inaccurate.","","313239","1","39 13.073","-079 13.986","3400.0 ft","Private & Publc","21.5'","Clinometer/laser rangefinder/sine","4.6'","55''","32.5'","Measured by J. Bowen, M. Bonner 2021.","Various Various","1963-01-01","","N"
"American Plum","Prunus americana","West Virginia","54 Counties","West Virginia Single Tree Sites","37 31.774","-081 08.096","Wood County is listed separately.
Most measuremens made before 2010 do not include height because the the methods used from 1963 thrue 2009 were very inaccurate.","","313176","1","37 31.774","-081 08.096","","Private & Publc","26.7'","Clinometer/laser rangefinder/sine","2.0'","24''","20.5'","Measured by A. Waldron 6/11/2015. Tree is locatedWildlife Area 7, near Camp Creek State Forest near Camp Creek, Mercer County.
Crown spread is an average of the two-axis method..","Various Various","1963-01-01","","N"
"American Sycamore","Platanus occidentalis","West Virginia","54 Counties","West Virginia Single Tree Sites","37 50.198","-081 03.572","Wood County is listed separately.
Most measuremens made before 2010 do not include height because the the methods used from 1963 thrue 2009 were very inaccurate.","","313220","1","37 50.198","-081 03.572","1200.0 ft","Private & Publc","139.7'","Clinometer/laser rangefinder/sine","14.7'","177''","","Measured by T. Sharp 11/10/2020. Tree located on flat along Glade Creek Road, near McCreery, Raleigh County","Various Various","1963-01-01","","N"
"Arborvitae","Thuja occidentalis","West Virginia","54 Counties","West Virginia Single Tree Sites","38 44.133","-079 09.629","Wood County is listed separately.
Most measuremens made before 2010 do not include height because the the methods used from 1963 thrue 2009 were very inaccurate.","","313222","1","38 44.133","-079 09.629","1400.0 ft","Private & Publc","67.7'","Clinometer/laser rangefinder/sine","3.6'","43''","30.5'",",Measured by T. Sharp 8/18/2020. Tree is in a natural stand along the river left (descending) bank of the South Fork of the South Branch of the Potomac River downstream of Fort Seybert.. Access is via Swendlen Valley Road (CR 3) to Fame Road (CR 3/9).","Various Various","1963-01-01","","N"
"Arborvitae","Thuja occidentalis","West Virginia","54 Counties","West Virginia Single Tree Sites","37 43.421","-080 31.621","Wood County is listed separately.
Most measuremens made before 2010 do not include height because the the methods used from 1963 thrue 2009 were very inaccurate.","","313080","1","37 43.421","-080 31.621","","Private & Publc","68.2'","Clinometer/laser rangefinder/sine","9.3'","112''","27.0'","Mesured by A. Waldron 2010
Originally  measured by W. Grafton 1977 at # x 101"" x 29'.
Tree located  along the  Greenbrier 
River  on river left (descending) and measured 
 near Fort Spring, Greenbrier Countxy. Crown spread is an average of two axis method. 
Tree was remeasured 1998 by L. Tabor at  # x 120"" x 30'.","Various Various","1963-01-01","","N"
"Arborvitae","Thuja occidentalis","West Virginia","54 Counties","West Virginia Single Tree Sites","39 12.506","-081 12.287","Wood County is listed separately.
Most measuremens made before 2010 do not include height because the the methods used from 1963 thrue 2009 were very inaccurate.","","313180","1","39 12.506","-081 12.287","1000.0 ft","Private & Publc","73.0'","Clinometer/laser rangefinder/sine","7.8'","94''","20.0'","Measured by T. Sharp 2/22/2017. Cemetery near Cairo, Ritchie County.
Crown spread is maximum, average is 18'","Various Various","1963-01-01","","N"
"Bald Cypress","Taxodium distichum","West Virginia","54 Counties","West Virginia Single Tree Sites","39 02.127","-080 27.989","Wood County is listed separately.
Most measuremens made before 2010 do not include height because the the methods used from 1963 thrue 2009 were very inaccurate.","","313142","1","39 02.127","-080 27.989","","Private & Publc","105.0'","Clinometer/laser rangefinder/sine","20.0'","240''","81.0'","Tree located on East 1st Street in Weston, Lewis County,
Measured by D. Cooley, J. Stewart J. Engstri 7/20/2023. Previously measured by 'unknon' at # x  186.5"""" x  # in 1963 for West Virginia Centennial Big Tree Contest  and later by T. Rovello 1984 at 106' x 216"" x 76',  L. Tabor 1998  at # x 2i8"" x 76' .T. Sharp 2009 at 106' x 227' x 76'. D. Cooley 4/24/2014 at 102.9' x 234"" x 81'., D. Cooley 2023 105' x 240"" x 81'.  Crown spread iis calculated using the two axis methos, Tee was planted ca: 1850.","Various Various","1963-01-01","","N"
"Balm-Of-Gilead","Populus × jackii","West Virginia","54 Counties","West Virginia Single Tree Sites","37 45.754","-080 53.952","Wood County is listed separately.
Most measuremens made before 2010 do not include height because the the methods used from 1963 thrue 2009 were very inaccurate.","","313148","1","37 45.754","-080 53.952","1320.0 ft","Private & Publc","94.7'","Clinometer/laser rangefinder/sine","5.5'","66''","40.3'","Measured by A. Waldron, E. Judy on 2/2/2011 Below Sandsone Falls, New River Gorge National River, Near Sandstone, Raleigh County.
Crown spread is an average.","Various Various","1963-01-01","","N"
"Balsam Fir","Abies balsamea","West Virginia","54 Counties","West Virginia Single Tree Sites","39 01.541","-079 25.665","Wood County is listed separately.
Most measuremens made before 2010 do not include height because the the methods used from 1963 thrue 2009 were very inaccurate.","","313124","1","39 01.541","-079 25.665","3240.0 ft","Private & Publc","45.8'","Clinometer/laser rangefinder/sine","4.7'","56''","18.0'","Measured by D. Cooley 1922
On Canaan Valley NWR property near Davis, Tucker County.  Previously measured by T. Sharp, S. Sharp 11/9/2012 at 48.8' x  45.9"" x 34'","Various Various","1963-01-01","","N"
"Balsam Fir","Abies balsamea","West Virginia","54 Counties","West Virginia Single Tree Sites","38 07.198","-080 09.420","Wood County is listed separately.
Most measuremens made before 2010 do not include height because the the methods used from 1963 thrue 2009 were very inaccurate.","","313258","1","38 07.198","-080 09.420","2300.0 ft","Private & Publc","72.5'","Clinometer/laser rangefinder/sine","4.2'","50''","20.0'","Measured by T. Sharp 10/22/2022 at Fred Brooks Memorial Arboretum in Watoga State Park near Seebert, Pocahontas County","Various Various","1963-01-01","","N"
"Balsam Fir","Abies balsamea","West Virginia","54 Counties","West Virginia Single Tree Sites","38 55.812","-079 50.991","Wood County is listed separately.
Most measuremens made before 2010 do not include height because the the methods used from 1963 thrue 2009 were very inaccurate.","","313161","1","38 55.812","-079 50.991","","Private & Publc","85.0'","Clinometer/laser rangefinder/sine","5.5'","66''","33.0'","Previously measured by H.Mahoney 12/18/2014  at Graceland Mansion on Davis & Elkins College, Elkins, Randolph County. Girth 63"", crown spread 29'","Various Various","1963-01-01","","N"
"Balsam Fir","Abies balsamea","West Virginia","54 Counties","West Virginia Single Tree Sites","38 55.811","-079 50.992","Wood County is listed separately.
Most measuremens made before 2010 do not include height because the the methods used from 1963 thrue 2009 were very inaccurate.","","313266","1","38 55.811","-079 50.992","","Private & Publc","85.0'","Clinometer/laser rangefinder/sine","5.2'","62''","29.0'","Measured by D. Cooley, J. Stewart, J. Engstri 7/20/2023.  Tree located below Graceland Manor on the Davis & Elkins College campus, Elkins, Randolph County.
Planted","Various Various","1963-01-01","","N"
"Bear Oak","Quercus ilicifolia","West Virginia","54 Counties","West Virginia Single Tree Sites","39 22.479","-078 43.883","Wood County is listed separately.
Most measuremens made before 2010 do not include height because the the methods used from 1963 thrue 2009 were very inaccurate.","","313089","1","39 22.479","-078 43.883","760.0 ft","Private & Publc","33.8'","Clinometer/laser rangefinder/sine","2.7'","32''","24.0'","Tree is in Hampshire County and was measured by J. Bowen in 2010. Crown spread is average of two measurements.","Various Various","1963-01-01","","N"
"Bigtooth Aspen","Populus grandidentata","West Virginia","54 Counties","West Virginia Single Tree Sites","38 04.416","-080 12.474","Wood County is listed separately.
Most measuremens made before 2010 do not include height because the the methods used from 1963 thrue 2009 were very inaccurate.","","313081","1","38 04.416","-080 12.474","","Private & Publc","123.0'","Clinometer/laser rangefinder/sine","7.6'","91''","56.0'","Tree is located in Pocahontas County and was measured by D. Cooley, J. Mowrey, J. Rossell in 2010","Various Various","1963-01-01","","N"
"Bitternut Hickory","Carya cordiformis","West Virginia","54 Counties","West Virginia Single Tree Sites","39 02.216","-078 44.617","Wood County is listed separately.
Most measuremens made before 2010 do not include height because the the methods used from 1963 thrue 2009 were very inaccurate.","","313209","1","39 02.216","-078 44.617","1300.0 ft","Private & Publc","78.7'","Clinometer/laser rangefinder/sine","17.3'","208''","98.3'","Measured by J. Bowen 2/2020. Tree located 2.7 miles south of Baker, Hardy County on bottomlands close to the Lost River.","Various Various","1963-01-01","","N"
"Bitternut Hickory","Carya cordiformis","West Virginia","54 Counties","West Virginia Single Tree Sites","37 48.663","-080 28.445","Wood County is listed separately.
Most measuremens made before 2010 do not include height because the the methods used from 1963 thrue 2009 were very inaccurate.","","313126","1","37 48.663","-080 28.445","2100.0 ft","Private & Publc","107.1'","Clinometer/laser rangefinder/sine","12.4'","148''","71.0'","Measured by A. Waldron, C. Okes, 8/2/2012
Greenbrier County
Crown Spread is an average of two measurements","Various Various","1963-01-01","","N"
"Black Ash","Fraxinus nigra","West Virginia","54 Counties","West Virginia Single Tree Sites","39 10.641","-078 31.052","Wood County is listed separately.
Most measuremens made before 2010 do not include height because the the methods used from 1963 thrue 2009 were very inaccurate.","","313159","1","39 10.641","-078 31.052","900.0 ft","Private & Publc","68.0'","Clinometer/laser rangefinder/sine","5.7'","68''","52.0'","Measured by J. Bowen 8/18/14 near Yellow Spring Hampshire County. Crown spread an average of the two-axis method.","Various Various","1963-01-01","","N"
"Black Cherry","Prunus serotina var. serotina","West Virginia","54 Counties","West Virginia Single Tree Sites","38 45.525","-080 00.802","Wood County is listed separately.
Most measuremens made before 2010 do not include height because the the methods used from 1963 thrue 2009 were very inaccurate.","","313079","1","38 45.525","-080 00.802","2400.0 ft","Private & Publc","98.0'","Clinometer/laser rangefinder/sine","15.8'","189''","79.0'","Tree located in Randolph County near Helvetia.Measured by D. Cooley 2011. Crown spread is an average of two measurements.","Various Various","1963-01-01","","N"
"Black Locust","Robinia pseudoacacia","West Virginia","54 Counties","West Virginia Single Tree Sites","39 35.691","-079 41.003","Wood County is listed separately.
Most measuremens made before 2010 do not include height because the the methods used from 1963 thrue 2009 were very inaccurate.","","313095","1","39 35.691","-079 41.003","2120.0 ft","Private & Publc","78.5'","Clinometer/laser rangefinder/sine","14.4'","173''","","Tree located in Preston County. Measured by B. Hannah, J. Wise in 2010.","Various Various","1963-01-01","","N"
"Black Locust","Robinia pseudoacacia","West Virginia","54 Counties","West Virginia Single Tree Sites","39 21.913","-080 20.858","Wood County is listed separately.
Most measuremens made before 2010 do not include height because the the methods used from 1963 thrue 2009 were very inaccurate.","","313119","1","39 21.913","-080 20.858","980.0 ft","Private & Publc","85.0'","Clinometer/laser rangefinder/sine","11.8'","142''","91.5'","","Various Various","1963-01-01","","N"
"Black Locust","Robinia pseudoacacia","West Virginia","54 Counties","West Virginia Single Tree Sites","38 32.802","-080 06.426","Wood County is listed separately.
Most measuremens made before 2010 do not include height because the the methods used from 1963 thrue 2009 were very inaccurate.","","313096","1","38 32.802","-080 06.426","2840.0 ft","Private & Publc","113.0'","Clinometer/laser rangefinder/sine","9.3'","112''","42.0'","Measured by D. Cooley, J. Spencer 2020. Tree located off of WV 15 near Monterville, Randolph County.
Previously.measured by D.Cooley 2011 at 101' x 106.8"" x ?'.","Various Various","1963-01-01","","N"
"Black Maple","Acer nigrum","West Virginia","54 Counties","West Virginia Single Tree Sites","39 25.295","-080 25.489","Wood County is listed separately.
Most measuremens made before 2010 do not include height because the the methods used from 1963 thrue 2009 were very inaccurate.","","313062","1","39 25.295","-080 25.489","1240.0 ft","Private & Publc","86.0'","Clinometer/laser rangefinder/sine","13.6'","163''","84.0'","Measured by B. Hannah, S. Adams 2018.
Crown spread is an average of two axis method.
Tree located in Harrison County near Lumberport.
Previously measured by B. Hannah, W. Juergen in 2011 at 86', 159"", 77'
Crown Spread is average of two measuremets","Various Various","1963-01-01","","N"
"Black Oak","Quercus velutina","West Virginia","54 Counties","West Virginia Single Tree Sites","38 24.804","-082 24.984","Wood County is listed separately.
Most measuremens made before 2010 do not include height because the the methods used from 1963 thrue 2009 were very inaccurate.","","313118","1","38 24.804","-082 24.984","640.0 ft","Private & Publc","86.2'","Clinometer/laser rangefinder/sine","16.6'","199''","123.0'","Measured by T. Sharp 1/24/2012","Various Various","1963-01-01","","N"
"Black Oak","Quercus velutina","West Virginia","54 Counties","West Virginia Single Tree Sites","39 02.657","-081 25.261","Wood County is listed separately.
Most measuremens made before 2010 do not include height because the the methods used from 1963 thrue 2009 were very inaccurate.","","313223","1","39 02.657","-081 25.261","1000.0 ft","Private & Publc","97.0'","Clinometer/laser rangefinder/sine","25.2'","302''","82.0'","Measured by C. Minton, J. Kaplan 2/24/2021 on private property off of  Courtney Ridge Road(WV 18) near Palestine, Wirt County.
Crown spread is an average of two axis method.","Various Various","1963-01-01","","N"
"Black Walnut","Juglans nigra","West Virginia","54 Counties","West Virginia Single Tree Sites","39 32.973","-078 01.783","Wood County is listed separately.
Most measuremens made before 2010 do not include height because the the methods used from 1963 thrue 2009 were very inaccurate.","","313073","1","39 32.973","-078 01.783","480.0 ft","Private & Publc","64.0'","Clinometer/laser rangefinder/sine","16.8'","202''","60.0'","Tree is in Berkeley County and measured by H. Peddicord on 9/11/2012
Crown spread is an average of two measurements.","Various Various","1963-01-01","","N"
"Black Walnut","Juglans nigra","West Virginia","54 Counties","West Virginia Single Tree Sites","37 43.710","-080 38.514","Wood County is listed separately.
Most measuremens made before 2010 do not include height because the the methods used from 1963 thrue 2009 were very inaccurate.","","313111","1","37 43.710","-080 38.514","1560.0 ft","Private & Publc","96.5'","Clinometer/laser rangefinder/sine","13.0'","156''","84.0'","Measured by M. Bailey, j> Harless 2019
Tree located on grounds of Greenbrier Baptist Church, Alderson, Greenbrier County.
Crown Spread is average of two measurements","Various Various","1963-01-01","","N"
"Black Walnut","Juglans nigra","West Virginia","54 Counties","West Virginia Single Tree Sites","37 47.071","-080 53.625","Wood County is listed separately.
Most measuremens made before 2010 do not include height because the the methods used from 1963 thrue 2009 were very inaccurate.","","313224","1","37 47.071","-080 53.625","1500.0 ft","Private & Publc","100.5'","Clinometer/laser rangefinder/sine","","","","Measured by T, Sharp 4/6/2021. Tree located near Sandstone, Summers County. From the NPS Sandstone Visitor Center there is a gravel road leading to to a water tank. Going uphill tree is on right next to road.","Various Various","1963-01-01","","N"
"Black Willow","Salix nigra","West Virginia","54 Counties","West Virginia Single Tree Sites","38 23.342","-081 35.013","Wood County is listed separately.
Most measuremens made before 2010 do not include height because the the methods used from 1963 thrue 2009 were very inaccurate.","","313255","1","38 23.342","-081 35.013","","Private & Publc","46.2'","Clinometer/laser rangefinder/sine","4.2'","50''","41.0'","Measured by T. Sharp in Coonskin Park, Charleston, Kanawha County 2016. This is the smaller of a two stem tree.","Various Various","1963-01-01","","N"
"Black Willow","Salix nigra","West Virginia","54 Counties","West Virginia Single Tree Sites","38 23.340","-081 35.015","Wood County is listed separately.
Most measuremens made before 2010 do not include height because the the methods used from 1963 thrue 2009 were very inaccurate.","","313187","1","38 23.340","-081 35.015","","Private & Publc","66.5'","Clinometer/laser rangefinder/sine","4.3'","52''","29.0'","Tree measured by T. Sharp 8/11/2016.
Tree located in Coon Skin Park at edge of a graveled parking area and a wet area near Riverview Picnic Shelter, Charleston, Kanawha County
Tree is a double stem at ground level. The smaller stem was also measured.","Various Various","1963-01-01","","N"
"Black Willow","Salix nigra","West Virginia","54 Counties","West Virginia Single Tree Sites","38 23.369","-081 35.011","Wood County is listed separately.
Most measuremens made before 2010 do not include height because the the methods used from 1963 thrue 2009 were very inaccurate.","","313186","1","38 23.369","-081 35.011","","Private & Publc","73.8'","Clinometer/laser rangefinder/sine","4.0'","48''","22.0'","Tree measured by T. Sharp 8/11/2016.
Tree located in Coon Skin Park in a wet area near Riverview Picnic Shelter, Charleston, Kanawha County","Various Various","1963-01-01","","N"
"Blackgum","Nyssa sylvatica","West Virginia","54 Counties","West Virginia Single Tree Sites","39 33.212","-080 12.958","Wood County is listed separately.
Most measuremens made before 2010 do not include height because the the methods used from 1963 thrue 2009 were very inaccurate.","","313078","1","39 33.212","-080 12.958","","Private & Publc","131.0'","Clinometer/laser rangefinder/sine","15.8'","189''","","Tree is located in Marion County and measured by B. Hannah, J. Wildman","Various Various","1963-01-01","","N"
"Blackhaw","Viburnum prunifolium","West Virginia","54 Counties","West Virginia Single Tree Sites","37 45.662","-080 53.994","Wood County is listed separately.
Most measuremens made before 2010 do not include height because the the methods used from 1963 thrue 2009 were very inaccurate.","","313175","1","37 45.662","-080 53.994","","Private & Publc","19.8'","Clinometer/laser rangefinder/sine","0.8'","10''","12.5'","Measured by A. Waldon 5/12/2015. Tree located near 
Sandstone Falls day use area, New River Gorge National River near Sandstone, Mercer County.
Crown spread is an average of the two-axis method..","Various Various","1963-01-01","","N"
"Blackjack Oak","Quercus marilandica var. marilandica","West Virginia","54 Counties","West Virginia Single Tree Sites","39 01.849","-078 39.462","Wood County is listed separately.
Most measuremens made before 2010 do not include height because the the methods used from 1963 thrue 2009 were very inaccurate.","","313087","1","39 01.849","-078 39.462","1800.0 ft","Private & Publc","45.5'","Clinometer/laser rangefinder/sine","4.1'","49''","29.0'","Tree is in Hardy County and was measured by J. Bowen in 1/20/2010. Crown spread is average of two measurements.","Various Various","1963-01-01","","N"
"Boxelder","Acer negundo var. negundo","West Virginia","54 Counties","West Virginia Single Tree Sites","39 20.742","-078 45.482","Wood County is listed separately.
Most measuremens made before 2010 do not include height because the the methods used from 1963 thrue 2009 were very inaccurate.","","313208","1","39 20.742","-078 45.482","800.0 ft","Private & Publc","49.6'","Clinometer/laser rangefinder/sine","12.8'","154''","53.0'","Measured by D. Kesner, J. Bowen 5/2020 along Sioux Street, Romney, Hampshire County.","Various Various","1963-01-01","","N"
"Boxelder","Acer negundo var. negundo","West Virginia","54 Counties","West Virginia Single Tree Sites","","","Wood County is listed separately.
Most measuremens made before 2010 do not include height because the the methods used from 1963 thrue 2009 were very inaccurate.","","313146","1","","","","Private & Publc","67.6'","Clinometer/laser rangefinder/sine","12.6'","151''","88.9'","Measured by H. Peddicord on 12/2/2013 on grounds of the National Conservation Training center (NCTC) near Shepherdstown, Jefferson County.","Various Various","1963-01-01","","N"
"Buart","Juglans x bixby","West Virginia","54 Counties","West Virginia Single Tree Sites","39 05.725","-079 40.690","Wood County is listed separately.
Most measuremens made before 2010 do not include height because the the methods used from 1963 thrue 2009 were very inaccurate.","","313071","1","39 05.725","-079 40.690","1760.0 ft","Private & Publc","7.2'","Clinometer/laser rangefinder/sine","17.9'","215''","132.0'","Measured by T. Sharp, F. Sikarskie 7/23/2023. Circumference taken at 5'.  Previously measured at 76.8' x 210"" x 129' by T. Sharp, F. Sikarskie, M. Ledden in 2019 at Pulpmill Botom, Parsona, Tucker County. 
Circumference taken at 5 1/2'
Probable hybrid of J. cinerea x J. hindsii.
Also previously measured 2013 at 196"" x 77 x 120' by F. Sikarskie, J. Tekel, M. Ledden.                                                                                2010 at 192.1"" x 74.9' x 105' by T. Sharp, F. Sikarskie
The 2010 & 2013 circumference measurements were taken at 4 1/2'.","Various Various","1963-01-01","","N"
"Bur Oak","Quercus macrocarpa var. macrocarpa","West Virginia","54 Counties","West Virginia Single Tree Sites","38 58.479","-082 04.980","Wood County is listed separately.
Most measuremens made before 2010 do not include height because the the methods used from 1963 thrue 2009 were very inaccurate.","","313061","1","38 58.479","-082 04.980","560.0 ft","Private & Publc","114.3'","Clinometer/laser rangefinder/sine","23.7'","285''","114.8'","Located in ""Old Oak Campground"", near West Columbia, Mason County.
Measured by Turner Sharp 4/13/2021.
Previously measured by T. Sharp 10/19/12 at 278.3"" x 107.6' x 112'
Previously measured by T. Sharp 3/15/2010 at 275.2"" x 103.7' x 121'.
Crown spreads are an average of the two axis method.","Various Various","1963-01-01","","N"
"Butternut","Juglans cinerea","West Virginia","54 Counties","West Virginia Single Tree Sites","38 31.599","-080 28.647","Wood County is listed separately.
Most measuremens made before 2010 do not include height because the the methods used from 1963 thrue 2009 were very inaccurate.","","313168","1","38 31.599","-080 28.647","1160.0 ft","Private & Publc","82.1'","Clinometer/laser rangefinder/sine","5.0'","59''","","Measured by T. Sharp 5/4/2016. Tree is located along Elk River downstream of Webster Springs (Addison), Webster County, WV. It is between CR 7 and the river at what is known locally as the ""Sandy Beach"". Tree has canker disease. Nuts present on ground.","Various Various","1963-01-01","","N"
"Chestnut Hybrid","Castanea dentata x castanea mollisima","West Virginia","54 Counties","West Virginia Single Tree Sites","37 49.000","-080 32.288","Wood County is listed separately.
Most measuremens made before 2010 do not include height because the the methods used from 1963 thrue 2009 were very inaccurate.","","313160","1","37 49.000","-080 32.288","1960.0 ft","Private & Publc","71.4'","Clinometer/laser rangefinder/sine","4.7'","56''","43.0'","Measured by A. Waldron, E. Judy, J. Rossell 7/15/2014 near Ashbury, Greenbrier County. Crown spread is an average of the two-axis method.","Various Various","1963-01-01","","N"
"Chestnut Oak","Quercus montana","West Virginia","54 Counties","West Virginia Single Tree Sites","38 00.837","-079 59.983","Wood County is listed separately.
Most measuremens made before 2010 do not include height because the the methods used from 1963 thrue 2009 were very inaccurate.","","313116","1","38 00.837","-079 59.983","2720.0 ft","Private & Publc","94.4'","Clinometer/laser rangefinder/sine","16.1'","193''","71.5'","Greenbrier County near Lake Sherwood. Measured by A. Waldron, E. Judy, J. Rossell in 2011. Crown spread is average of two measurements.","Various Various","1963-01-01","","N"
"Chestnut Oak","Quercus montana","West Virginia","54 Counties","West Virginia Single Tree Sites","38 01.328","-081 02.509","Wood County is listed separately.
Most measuremens made before 2010 do not include height because the the methods used from 1963 thrue 2009 were very inaccurate.","","313253","1","38 01.328","-081 02.509","","Private & Publc","105.0'","Clinometer/laser rangefinder/sine","14.0'","168''","92.0'","Measured by M. Bailey, J. Harless near Fayetteville, Fayette County 2018.","Various Various","1963-01-01","","N"
"Chinese Chestnut","Castanea mollissima","West Virginia","54 Counties","West Virginia Single Tree Sites","38 33.989","-081 59.301","Wood County is listed separately.
Most measuremens made before 2010 do not include height because the the methods used from 1963 thrue 2009 were very inaccurate.","","313260","1","38 33.989","-081 59.301","","Private & Publc","62.5'","Clinometer/laser rangefinder/sine","8.8'","105''","74.1'","Measured by I. Smith 3/8/23.
Tree located on D. Fertig property off of 5&20 Mile Road, Frazier Bottom, Putmam County.  Largest stem was measured by I. Smith on 3/8/2023","Various Various","1963-01-01","","N"
"Chinese Chestnut","Castanea mollissima","West Virginia","54 Counties","West Virginia Single Tree Sites","39 22.397","-080 10.547","Wood County is listed separately.
Most measuremens made before 2010 do not include height because the the methods used from 1963 thrue 2009 were very inaccurate.","","313250","1","39 22.397","-080 10.547","","Private & Publc","64.0'","Clinometer/laser rangefinder/sine","6.3'","76''","68.0'","Measured by D. Cooley 2021 near Bridgeport, Taylor County.","Various Various","1963-01-01","","N"
"Chinese Magnolia","Magnolia ×soulangiana","West Virginia","54 Counties","West Virginia Single Tree Sites","39 03.203","-078 58.332","Wood County is listed separately.
Most measuremens made before 2010 do not include height because the the methods used from 1963 thrue 2009 were very inaccurate.","","313198","1","39 03.203","-078 58.332","","Private & Publc","41.8'","Clinometer/laser rangefinder/sine","8.4'","101''","45.3'","Measured by J. Bowen 2020.
Previously measured by J. Bowen 3/20/2012 at 41.7' x 96.2"" x 46'
Tree is hybrid OF M. denuta x M. lilifolia.
Tree located at 114 Hill Top Lane, Moorefield, Hardy County.
Crown spread is an average of two-axis method.","Various Various","1963-01-01","","N"
"Chinese Pear","Pyrus pyrifolia","West Virginia","54 Counties","West Virginia Single Tree Sites","37 48.807","-080 28.727","Wood County is listed separately.
Most measuremens made before 2010 do not include height because the the methods used from 1963 thrue 2009 were very inaccurate.","","313204","1","37 48.807","-080 28.727","2080.0 ft","Private & Publc","50.0'","Clinometer/laser rangefinder/sine","10.2'","122''","35.1'","Measured by A. Waldron, E. Judy, J. Rossell on 7/15/2014. 
Crown spread is an average of two=axis method.
Tree located at residence off of Blue Sulphur Pike Road (CR 33) near Lewisburg, Greenbrier County.","Various Various","1963-01-01","","N"
"Chinkapin","Castanea pumila var. pumila","West Virginia","54 Counties","West Virginia Single Tree Sites","38 57.389","-079 17.840","Wood County is listed separately.
Most measuremens made before 2010 do not include height because the the methods used from 1963 thrue 2009 were very inaccurate.","","313262","1","38 57.389","-079 17.840","","Private & Publc","28.8'","Clinometer/laser rangefinder/sine","3.6'","43''","32.5'","Measured by J. Bowen, M. Bonner 7/6/2022 on Chestnut Woods property off Moyers Run Road near Hopeville, Pendleton County.","Various Various","1963-01-01","","N"
"Chinkapin Oak","Quercus muehlenbergii","West Virginia","54 Counties","West Virginia Single Tree Sites","39 25.620","-077 59.197","Wood County is listed separately.
Most measuremens made before 2010 do not include height because the the methods used from 1963 thrue 2009 were very inaccurate.","","313131","1","39 25.620","-077 59.197","560.0 ft","Private & Publc","66.9'","Clinometer/laser rangefinder/sine","19.2'","230''","92.6'","Tree is in Berkeley County and measured by J. Bowen 2/22/2010.
Crown spread is maximum, average of two measurement is 92.3'","Various Various","1963-01-01","","N"
"Chinkapin Oak","Quercus muehlenbergii","West Virginia","54 Counties","West Virginia Single Tree Sites","39 28.971","-077 48.646","Wood County is listed separately.
Most measuremens made before 2010 do not include height because the the methods used from 1963 thrue 2009 were very inaccurate.","","313086","1","39 28.971","-077 48.646","420.0 ft","Private & Publc","87.7'","Clinometer/laser rangefinder/sine","21.3'","256''","75.0'","Measured by T. Williamson 2021.
Previously measured by J. Bowen in 2010 at 80.3' x 247.3"" x 75'.  Tree is  on public right-of-way near Shepherdstown, Jefferson County,","Various Various","1963-01-01","","N"
"Chinkapin Oak","Quercus muehlenbergii","West Virginia","54 Counties","West Virginia Single Tree Sites","39 44.541","-080 44.134","Wood County is listed separately.
Most measuremens made before 2010 do not include height because the the methods used from 1963 thrue 2009 were very inaccurate.","","313254","1","39 44.541","-080 44.134","","Private & Publc","135.0'","Clinometer/laser rangefinder/sine","11.8'","142''","57.5'","Measured by B. Hannah, . Kuhn, S. Adams 2021 near Saint Joseph, Marshall County","Various Various","1963-01-01","","N"
"Common Hackberry","Celtis occidentalis","West Virginia","54 Counties","West Virginia Single Tree Sites","39 11.955","-077 54.743","Wood County is listed separately.
Most measuremens made before 2010 do not include height because the the methods used from 1963 thrue 2009 were very inaccurate.","","313066","1","39 11.955","-077 54.743","","Private & Publc","103.9'","Clinometer/laser rangefinder/sine","19.5'","233''","97.0'","Tree is located near Rippon, Jefferson County and measured by H. Peddicord, B, Kunze, T. Sharp in 2013
Crown spread is an average of two measurements.","Various Various","1963-01-01","","N"
"Common Persimmon","Diospyros virginiana","West Virginia","54 Counties","West Virginia Single Tree Sites","39 32.768","-080 09.290","Wood County is listed separately.
Most measuremens made before 2010 do not include height because the the methods used from 1963 thrue 2009 were very inaccurate.","","313067","1","39 32.768","-080 09.290","1040.0 ft","Private & Publc","71.0'","Clinometer/laser rangefinder/sine","6.6'","79''","48.5'","Tree located in Marion County near Grant Town, Marion County. Previously measured by B. Hannah, L. Snyder 3/11/2010 at 74"" x 68' x 50.5'. Crown Spread is average","Various Various","1963-01-01","","N"
"Common Persimmon","Diospyros virginiana","West Virginia","54 Counties","West Virginia Single Tree Sites","38 23.249","-081 35.011","Wood County is listed separately.
Most measuremens made before 2010 do not include height because the the methods used from 1963 thrue 2009 were very inaccurate.","","313206","1","38 23.249","-081 35.011","","Private & Publc","104.7'","Clinometer/laser rangefinder/sine","4.6'","56''","26.5'","Measured by T. Sharp 2017.
Tree located in Coonskin Park, Charleston, Kanawha County. 
It is downstream of the Riverside Shelter on bank slightly above the trail.","Various Various","1963-01-01","","N"
"Common Serviceberry","Amelanchier arborea","West Virginia","54 Counties","West Virginia Single Tree Sites","38 26.958","-079 54.027","Wood County is listed separately.
Most measuremens made before 2010 do not include height because the the methods used from 1963 thrue 2009 were very inaccurate.","","313065","1","38 26.958","-079 54.027","3000.0 ft","Private & Publc","44.0'","Clinometer/laser rangefinder/sine","8.8'","105''","56.0'","Measured by D.Cooley, C. Helton 2019 near Cass, Pocahontas County. Previously  measured by D. Cooley, J. Mowrey, J. Russell in 2010.at 44' x 102' X 54'.
Crown spread is an average of two axis method","Various Various","1963-01-01","","N"
"Common Serviceberry","Amelanchier arborea","West Virginia","54 Counties","West Virginia Single Tree Sites","38 46.689","-080 17.803","Wood County is listed separately.
Most measuremens made before 2010 do not include height because the the methods used from 1963 thrue 2009 were very inaccurate.","","313064","1","38 46.689","-080 17.803","1760.0 ft","Private & Publc","101.0'","Clinometer/laser rangefinder/sine","5.4'","65''","28.0'","Tree located in Upshur County and measured by D. Cooley 2011.
Crown spread is average of two measurements.","Various Various","1963-01-01","","N"
"Crack Willow","Salix fragilis","West Virginia","54 Counties","West Virginia Single Tree Sites","38 51.495","-078 49.614","Wood County is listed separately.
Most measuremens made before 2010 do not include height because the the methods used from 1963 thrue 2009 were very inaccurate.","","313141","1","38 51.495","-078 49.614","1800.0 ft","Private & Publc","57.2'","Clinometer/laser rangefinder/sine","17.9'","215''","47.5'","Tree is along Upper Cove Run, near Mathias, Hardy County, West Virginia. Measured by J. Bowen 2010.
Crown spread is an average of two measurements.","Various Various","1963-01-01","","N"
"Cucumber-Tree","Magnolia acuminata","West Virginia","54 Counties","West Virginia Single Tree Sites","39 34.978","-077 58.220","Wood County is listed separately.
Most measuremens made before 2010 do not include height because the the methods used from 1963 thrue 2009 were very inaccurate.","","313075","1","39 34.978","-077 58.220","500.0 ft","Private & Publc","25.1'","Clinometer/laser rangefinder/sine","18.0'","216''","","Tree is located in Berkeley County and measured by J. Bowen 2010","Various Various","1963-01-01","","N"
"Cucumber-Tree","Magnolia acuminata","West Virginia","54 Counties","West Virginia Single Tree Sites","37 34.993","-080 32.273","Wood County is listed separately.
Most measuremens made before 2010 do not include height because the the methods used from 1963 thrue 2009 were very inaccurate.","","313251","1","37 34.993","-080 32.273","2000.0 ft","Private & Publc","76.0'","Clinometer/laser rangefinder/sine","17.3'","208''","87.8'","Measured by T. Halki, E.Judy, C. Helton 2017 near Union, Monroe County..","Various Various","1963-01-01","","N"
"Cucumber-Tree","Magnolia acuminata","West Virginia","54 Counties","West Virginia Single Tree Sites","","","Wood County is listed separately.
Most measuremens made before 2010 do not include height because the the methods used from 1963 thrue 2009 were very inaccurate.","","313178","1","","","","Private & Publc","82.0'","Clinometer/laser rangefinder/sine","18.0'","216''","","Measured by Will Blozan. Tree located on Knobly Ridge near Keyser, Mineral County. Described by Blozan in post made 2/23/2008 at:
http://www.nativetreesociety.org/fieldtrips/west_virginia/cucumbertree/speaking_of_cucumbertree.htm","Various Various","1963-01-01","","N"
"Dawn Redwood","Metasequoia glyptostroboides","West Virginia","54 Counties","West Virginia Single Tree Sites","38 19.820","-081 35.338","Wood County is listed separately.
Most measuremens made before 2010 do not include height because the the methods used from 1963 thrue 2009 were very inaccurate.","","313199","1","38 19.820","-081 35.338","","Private & Publc","111.6'","Clinometer/laser rangefinder/sine","13.2'","159''","57.5'","Measured by T. Oxley 2020. Girth taken at 4 1/2'.
Previously measured by T. Sharp 1/2/2012 at 104.4' x 150"" x 47.8'.
Girth taken at 4'
Crown spread is the average of the two-axis method.
Tree located in side yard of 3908 Kanawha Boulevard SE, Charleston, Kanawha County","Various Various","1963-01-01","","N"
"Devil's Walkingstick","Aralia spinosa","West Virginia","54 Counties","West Virginia Single Tree Sites","39 37.289","-079 30.988","Wood County is listed separately.
Most measuremens made before 2010 do not include height because the the methods used from 1963 thrue 2009 were very inaccurate.","","313133","1","39 37.289","-079 30.988","2400.0 ft","Private & Publc","","Clinometer/laser rangefinder/sine","1.3'","16''","","Tree located near Hazelton, Preston County, WV
Measured by T.Sharp 10/2007","Various Various","1963-01-01","","N"
"Devil's Walkingstick","Aralia spinosa","West Virginia","54 Counties","West Virginia Single Tree Sites","38 16.884","-080 57.970","Wood County is listed separately.
Most measuremens made before 2010 do not include height because the the methods used from 1963 thrue 2009 were very inaccurate.","","313246","1","38 16.884","-080 57.970","1200.0 ft","Private & Publc","15.5'","Clinometer/laser rangefinder/sine","0.9'","11''","","Measured by T. Sharp 9/18/2021. Next to WV 39 near Zela, Nicholas County.","Various Various","1963-01-01","","N"
"Douglas-Fir","Pseudotsuga menziesii","West Virginia","54 Counties","West Virginia Single Tree Sites","39 25.573","-077 48.830","Wood County is listed separately.
Most measuremens made before 2010 do not include height because the the methods used from 1963 thrue 2009 were very inaccurate.","","313201","1","39 25.573","-077 48.830","","Private & Publc","103.0'","Clinometer/laser rangefinder/sine","10.3'","124''","49.0'","Measured by T. Williamson, J. Bowen 2021
Previously measured by F. Wolfes, J. Bowen 2001 at    #' x, 107"" x 49'  and by J. Bowen 3/11/2010 at 102.2' x 113"" x 44.8'.
Crown spread is an average of the two-axis method. Maximum is 50'.
Tree located ""Rose Brake"" estate near Shepherdstown, Jefferson County.","Various Various","1963-01-01","","N"
"Eastern Cottonwood","Populus deltoides ssp. deltoides","West Virginia","54 Counties","West Virginia Single Tree Sites","39 29.020","-077 54.629","Wood County is listed separately.
Most measuremens made before 2010 do not include height because the the methods used from 1963 thrue 2009 were very inaccurate.","","313147","1","39 29.020","-077 54.629","","Private & Publc","","Clinometer/laser rangefinder/sine","19.1'","229''","99.0'","Measured by J. Bowen 3/23/2010 along Opequon Creek in a subdivision call ""Greystone on the Opequon"".
Crown spread is maximum, average is 83.5'","Various Various","1963-01-01","","N"
"Eastern Cottonwood","Populus deltoides ssp. deltoides","West Virginia","54 Counties","West Virginia Single Tree Sites","39 29.020","-077 54.629","Wood County is listed separately.
Most measuremens made before 2010 do not include height because the the methods used from 1963 thrue 2009 were very inaccurate.","","313162","1","39 29.020","-077 54.629","","Private & Publc","113.5'","Clinometer/laser rangefinder/sine","18.7'","224''","113.9'","Measured by B. Kunze, H. Peddicord 9/17/2014 along Opequon Creek in a subdivision called ""Greystone on the Opequon"". Crown spread is an average of the two axis method.","Various Various","1963-01-01","","N"
"Eastern Hemlock","Tsuga canadensis","West Virginia","54 Counties","West Virginia Single Tree Sites","38 00.837","-081 12.323","Wood County is listed separately.
Most measuremens made before 2010 do not include height because the the methods used from 1963 thrue 2009 were very inaccurate.","","313121","1","38 00.837","-081 12.323","1520.0 ft","Private & Publc","123.5'","Clinometer/laser rangefinder/sine","12.3'","148''","54.5'","Tree is located in Fayette County near Wriston. Measured by A. Waldron, R. Arnold 2/9/2011. Crown spread is average of two measurements. HWA present.","Various Various","1963-01-01","","N"
"Eastern Redbud","Cercis canadensis var. canadensis","West Virginia","54 Counties","West Virginia Single Tree Sites","39 39.505","-079 55.818","Wood County is listed separately.
Most measuremens made before 2010 do not include height because the the methods used from 1963 thrue 2009 were very inaccurate.","","313232","1","39 39.505","-079 55.818","","Private & Publc","26.6'","Clinometer/laser rangefinder/sine","5.0'","60''","34.0'","Measured by B. Hannah, S. Adams 2019.
Tree located in yard of house located 1400 Stewardstown Road, Morgantown, Monongalia County.
Circumference taken at 4 1/4'","Various Various","1963-01-01","","N"
"Eastern Redbud","Cercis canadensis var. canadensis","West Virginia","54 Counties","West Virginia Single Tree Sites","38 53.359","-079 14.281","Wood County is listed separately.
Most measuremens made before 2010 do not include height because the the methods used from 1963 thrue 2009 were very inaccurate.","","313109","1","38 53.359","-079 14.281","1200.0 ft","Private & Publc","35.8'","Clinometer/laser rangefinder/sine","4.0'","48''","34.0'","Measured by T. Sharp 9/2017 at Big Bend Campground in Monongahela National Forest near Cabins, Hardy County.
Previously measured T. Sharp 5/2011 at 44.3"" x 31' x 28'","Various Various","1963-01-01","","N"
"Eastern Redcedar","Juniperus virginiana var. virginiana","West Virginia","54 Counties","West Virginia Single Tree Sites","38 49.328","-081 42.503","Wood County is listed separately.
Most measuremens made before 2010 do not include height because the the methods used from 1963 thrue 2009 were very inaccurate.","","313244","1","38 49.328","-081 42.503","","Private & Publc","57.9'","Clinometer/laser rangefinder/sine","6.1'","73''","","Measured by T. Sharp 8/23/2021 in the Early Settlers Cemetery (est. 1837) in Ripley, Jackson County.","Various Various","1963-01-01","","N"
"Eastern Redcedar","Juniperus virginiana var. virginiana","West Virginia","54 Counties","West Virginia Single Tree Sites","38 26.719","-081 27.167","Wood County is listed separately.
Most measuremens made before 2010 do not include height because the the methods used from 1963 thrue 2009 were very inaccurate.","","313164","1","38 26.719","-081 27.167","","Private & Publc","62.0'","Clinometer/laser rangefinder/sine","13.1'","158''","46.3'","Measured by T. Oxley3/12/2015 near Blue Creek, Kanawha County. Crown spread is an average of two axis method.","Various Various","1963-01-01","","N"
"Eastern Redcedar","Juniperus virginiana var. virginiana","West Virginia","54 Counties","West Virginia Single Tree Sites","38 49.328","-081 42.513","Wood County is listed separately.
Most measuremens made before 2010 do not include height because the the methods used from 1963 thrue 2009 were very inaccurate.","","313245","1","38 49.328","-081 42.513","","Private & Publc","70.0'","Clinometer/laser rangefinder/sine","","","","Multi-stem tree.
Measured by T. Sharp 8/23/2021 in the Early Settlers Cemetery (est. 1837) in Ripley, Jackson County.","Various Various","1963-01-01","","N"
"Eastern Redcedar","Juniperus virginiana var. virginiana","West Virginia","54 Counties","West Virginia Single Tree Sites","38 41.654","-081 57.087","Wood County is listed separately.
Most measuremens made before 2010 do not include height because the the methods used from 1963 thrue 2009 were very inaccurate.","","313115","1","38 41.654","-081 57.087","580.0 ft","Private & Publc","71.7'","Clinometer/laser rangefinder/sine","5.7'","69''","25.0'","Tree is Cemetery near Buffalo, Mason County. Measured by T. Sharp 11/12/2011","Various Various","1963-01-01","","N"
"Eastern White Pine","Pinus strobus","West Virginia","54 Counties","West Virginia Single Tree Sites","38 12.853","-080 04.861","Wood County is listed separately.
Most measuremens made before 2010 do not include height because the the methods used from 1963 thrue 2009 were very inaccurate.","","313184","1","38 12.853","-080 04.861","","Private & Publc","100.1'","Clinometer/laser rangefinder/sine","8.8'","106''","","","Various Various","1963-01-01","","N"
"Eastern White Pine","Pinus strobus","West Virginia","54 Counties","West Virginia Single Tree Sites","37 44.343","-080 21.531","Wood County is listed separately.
Most measuremens made before 2010 do not include height because the the methods used from 1963 thrue 2009 were very inaccurate.","","313120","1","37 44.343","-080 21.531","1960.0 ft","Private & Publc","138.4'","Clinometer/laser rangefinder/sine","11.7'","140''","58.0'","","Various Various","1963-01-01","","N"
"English Oak","Quercus robur","West Virginia","54 Counties","West Virginia Single Tree Sites","38 50.377","-082 08.442","Wood County is listed separately.
Most measuremens made before 2010 do not include height because the the methods used from 1963 thrue 2009 were very inaccurate.","","313240","1","38 50.377","-082 08.442","","Private & Publc","53.6'","Clinometer/laser rangefinder/sine","10.2'","122''","62.9'","Measured by T. Oxley 2020.
Previously measured by T. Sharp 2011 at 46.5' x 98.6"" x 45.5'. Tree located in Tu-endie-wei State Park, Point Pleasant, Mason County.","Various Various","1963-01-01","","N"
"English Oak","Quercus robur","West Virginia","54 Counties","West Virginia Single Tree Sites","39 39.071","-079 59.294","Wood County is listed separately.
Most measuremens made before 2010 do not include height because the the methods used from 1963 thrue 2009 were very inaccurate.","","313203","1","39 39.071","-079 59.294","","Private & Publc","69.0'","Clinometer/laser rangefinder/sine","9.3'","112''","84.0'","Measured by B. Hannah, J. Weems on 10/22/2014.
Crown spread is an average of the two-axis method.
Tree located on Rand Avenue in front of Core Arboretum garage, Morgantown, Monongalia County.","Various Various","1963-01-01","","N"
"English Walnut","Juglans regia","West Virginia","54 Counties","West Virginia Single Tree Sites","39 16.506","-080 21.493","Wood County is listed separately.
Most measuremens made before 2010 do not include height because the the methods used from 1963 thrue 2009 were very inaccurate.","","313193","1","39 16.506","-080 21.493","","Private & Publc","76.0'","Clinometer/laser rangefinder/sine","12.9'","155''","68.5'","Measured by B. Hannah, L. Snider 1/27/2010.
Crown spread is an average of two-axis method.
Tree is in back yard of 601 Milford Street, Clarksburg, Harrison County.","Various Various","1963-01-01","","N"
"European Beech","Fagus sylvatica","West Virginia","54 Counties","West Virginia Single Tree Sites","39 25.958","-081 09.905","Wood County is listed separately.
Most measuremens made before 2010 do not include height because the the methods used from 1963 thrue 2009 were very inaccurate.","","313197","1","39 25.958","-081 09.905","640.0 ft","Private & Publc","86.2'","Clinometer/laser rangefinder/sine","","","88.0'","Measured by T. Sharp, C. Minton 2017.
CV: atropuncia
Tree is a fused multistem.at 18.7' circumference.
Tree located at St. Mary's Correctional Center in front of Superintendent's old residence.
Previously measured by T. Sharp 9/30/2009 at 85.5', 212.4"" (MS), 71'.","Various Various","1963-01-01","","N"
"European Beech","Fagus sylvatica","West Virginia","54 Counties","West Virginia Single Tree Sites","39 17.399","-077 52.856","Wood County is listed separately.
Most measuremens made before 2010 do not include height because the the methods used from 1963 thrue 2009 were very inaccurate.","","313234","1","39 17.399","-077 52.856","","Private & Publc","91.2'","Clinometer/laser rangefinder/sine","14.0'","168''","66.0'","Measured by H. Peddicord 2016. Tree located on H. F. Davenport Farm at 356 Old Altona Lane, Charles Town, Jefferson County.","Various Various","1963-01-01","","N"
"European Beech","Fagus sylvatica","West Virginia","54 Counties","West Virginia Single Tree Sites","39 25.527","-077 48.775","Wood County is listed separately.
Most measuremens made before 2010 do not include height because the the methods used from 1963 thrue 2009 were very inaccurate.","","313192","1","39 25.527","-077 48.775","400.0 ft","Private & Publc","101.3'","Clinometer/laser rangefinder/sine","11.2'","135''","53.3'","Measured by J. Bowen 3/4/2010.
Crown spread is an average of the two-axis method. Maximum is 55.5'.
CV cooper Beech.
Tree located on the ""Rose Brake"" estate, Shepherdstown, Jeferson County.","Various Various","1963-01-01","","N"
"European Beech","Fagus sylvatica","West Virginia","54 Counties","West Virginia Single Tree Sites","39 17.400","-077 52.914","Wood County is listed separately.
Most measuremens made before 2010 do not include height because the the methods used from 1963 thrue 2009 were very inaccurate.","","313233","1","39 17.400","-077 52.914","","Private & Publc","103.0'","Clinometer/laser rangefinder/sine","12.9'","155''","88.0'","Measured by H. Peddicord 2016. Tree located on H. F. Davenport Farm at 356 Old Altona Lane, Charles Town, Jefferson County.","Various Various","1963-01-01","","N"
"European Chestnut","Castanea sativa","West Virginia","54 Counties","West Virginia Single Tree Sites","38 51.546","-079 03.612","Wood County is listed separately.
Most measuremens made before 2010 do not include height because the the methods used from 1963 thrue 2009 were very inaccurate.","","313191","1","38 51.546","-079 03.612","1240.0 ft","Private & Publc","57.0'","Clinometer/laser rangefinder/sine","8.4'","100''","38.5'","Measured by J. Bowen 2019. Girth taken at 3'
Previously measured by J. Bowen 3/19/2010 at 46' x 96"" x 32'  
Girth taken at 3'
Crown spread is an average of two-axis method. 
Tree located in yard at 17557 South Fork Road near Peru (Moorefield)","Various Various","1963-01-01","","N"
"Flowering Dogwood","Cornus florida","West Virginia","54 Counties","West Virginia Single Tree Sites","38 29.176","-080 25.312","Wood County is listed separately.
Most measuremens made before 2010 do not include height because the the methods used from 1963 thrue 2009 were very inaccurate.","","313213","1","38 29.176","-080 25.312","1500.0 ft","Private & Publc","32.0'","Clinometer/laser rangefinder/sine","5.3'","64''","36.0'","Measured by D. Cooley, J. Spencer 3/10/20. Previously measured by D. Cooley, J. Simmons 2010 at 58"" x 32' x 36'.
Tree located on Elk River Road, Webster Spring, Webster County","Various Various","1963-01-01","","N"
"Fraser Fir","Abies fraseri","West Virginia","54 Counties","West Virginia Single Tree Sites","38 16.130","-080 14.343","Wood County is listed separately.
Most measuremens made before 2010 do not include height because the the methods used from 1963 thrue 2009 were very inaccurate.","","313217","1","38 16.130","-080 14.343","4520.0 ft","Private & Publc","38.1'","Clinometer/laser rangefinder/sine","3.0'","36''","27.0'","Measured by T. Sharp 7/12/2020 along Highlands Scenic  Highway at Big Spruce overlook near Marlinton, Pocahontas County.","Various Various","1963-01-01","","N"
"Fraser Fir","Abies fraseri","West Virginia","54 Counties","West Virginia Single Tree Sites","38 16.150","-080 14.334","Wood County is listed separately.
Most measuremens made before 2010 do not include height because the the methods used from 1963 thrue 2009 were very inaccurate.","","313267","1","38 16.150","-080 14.334","4400.0 ft","Private & Publc","39.2'","Clinometer/laser rangefinder/sine","2.7'","32''","20.0'","Tree located at the ""Big Spruce Overlook"" along the Highlands Scenic Highway near Marlinton, Pocahontas County. Tree is larger of two stems adjacent to the board walk where th first section of handrail ends.","Various Various","1963-01-01","","N"
"Green Ash","Fraxinus pennsylvanica","West Virginia","54 Counties","West Virginia Single Tree Sites","37 36.215","-080 32.801","Wood County is listed separately.
Most measuremens made before 2010 do not include height because the the methods used from 1963 thrue 2009 were very inaccurate.","","313072","1","37 36.215","-080 32.801","2100.0 ft","Private & Publc","91.1'","Clinometer/laser rangefinder/sine","17.3'","208''","102.5'","Tree located in Monroe County and measured by A. Waldron, C. Okes, R. McBride in 2011. Crown spread is average of two measurements.","Various Various","1963-01-01","","N"
"Green Ash","Fraxinus pennsylvanica","West Virginia","54 Counties","West Virginia Single Tree Sites","39 25.380","-077 49.241","Wood County is listed separately.
Most measuremens made before 2010 do not include height because the the methods used from 1963 thrue 2009 were very inaccurate.","","313094","1","39 25.380","-077 49.241","460.0 ft","Private & Publc","97.8'","Clinometer/laser rangefinder/sine","15.7'","188''","84.0'","Tree is located in Morgan Grove Park, Jefferson County
Crown spread is maximum","Various Various","1963-01-01","","N"
"Hazel Alder","Alnus serrulata","West Virginia","54 Counties","West Virginia Single Tree Sites","38 38.092","-079 52.934","Wood County is listed separately.
Most measuremens made before 2010 do not include height because the the methods used from 1963 thrue 2009 were very inaccurate.","","313219","1","38 38.092","-079 52.934","3600.0 ft","Private & Publc","30.5'","Clinometer/laser rangefinder/sine","1.4'","17''","","Measured 9/22/2020 by T.Sharp. Located along Shavers Fork downstream of Cheat Bridge, Randolph County.","Various Various","1963-01-01","","N"
"Honeylocust","Gleditsia triacanthos","West Virginia","54 Counties","West Virginia Single Tree Sites","38 41.762","-079 59.212","Wood County is listed separately.
Most measuremens made before 2010 do not include height because the the methods used from 1963 thrue 2009 were very inaccurate.","","313127","1","38 41.762","-079 59.212","2000.0 ft","Private & Publc","90.0'","Clinometer/laser rangefinder/sine","15.8'","190''","94.0'","Tree is on State Farm Commission land in Randolph County. Measured by D. Cooley2021. Previously measured by Dan Cooley 12/20/12.at 91' x 184"" x 98'
Crown spread is an average of two- axis method..","Various Various","1963-01-01","","N"
"Hophornbeam","Ostrya virginiana","West Virginia","54 Counties","West Virginia Single Tree Sites","38 07.664","-080 37.518","Wood County is listed separately.
Most measuremens made before 2010 do not include height because the the methods used from 1963 thrue 2009 were very inaccurate.","","313084","1","38 07.664","-080 37.518","3060.0 ft","Private & Publc","78.5'","Clinometer/laser rangefinder/sine","","","","Measured by M. Bailey, J. Harless 2019 near Lile, Greenbrier County.
Previously measured by A. Waldron, M. Bailey 4/20/2010 at 67.6' x 76"" x 53.3'.
Crown spread is average of two measurements.","Various Various","1963-01-01","","N"
"Horse Chestnut","Aesculus hippocastanum","West Virginia","54 Counties","West Virginia Single Tree Sites","39 38.119","-079 57.327","Wood County is listed separately.
Most measuremens made before 2010 do not include height because the the methods used from 1963 thrue 2009 were very inaccurate.","","313134","1","39 38.119","-079 57.327","","Private & Publc","63.5'","Clinometer/laser rangefinder/sine","8.0'","96''","44.0'","Measured by B. Hannah, S. Adams 2019.
Tree located 100 feet east of Armstrong Hall on downtown campus of WVU on Beechurst Avenue, Morgantown, Monongalia County, WV.
Crown spread is an average of two axis method.
Previously measured by B. Hannah, A. Dick in 2010 at 61.5' x 96"" x 51.5'.","Various Various","1963-01-01","","N"
"Hybrid Oak","Quercus x saulii","West Virginia","54 Counties","West Virginia Single Tree Sites","39 38.205","-078 07.866","Wood County is listed separately.
Most measuremens made before 2010 do not include height because the the methods used from 1963 thrue 2009 were very inaccurate.","","313107","1","39 38.205","-078 07.866","650.0 ft","Private & Publc","61.2'","Clinometer/laser rangefinder/sine","7.5'","90''","52.0'","Measured by J. Bowen 2019. Tree located along 6000 block of Martinsburg Pike (WV 9) near Berkeley Springs, Morgan County.
Previously Measured by J. Bowen 2010 at 79.8"" x 57.5' x 43'.
Also known as Sweet Oak","Various Various","1963-01-01","","N"
"Hybrid Oak","Quercus x saulii","West Virginia","54 Counties","West Virginia Single Tree Sites","39 05.953","-078 39.155","Wood County is listed separately.
Most measuremens made before 2010 do not include height because the the methods used from 1963 thrue 2009 were very inaccurate.","","313106","1","39 05.953","-078 39.155","","Private & Publc","79.9'","Clinometer/laser rangefinder/sine","6.8'","82''","53.0'","Measured by . Bowen 2019. Tree located up Dutch Hollow Road, near Lost River, Hardy County.
Previously measured by J. Bowen 2010 at 75.6"" x 76' x 47.7'
Also known as Sweet Oak","Various Various","1963-01-01","","N"
"Japanese Chestnut","Castanea crenata","West Virginia","54 Counties","West Virginia Single Tree Sites","39 18.939","-077 44.483","Wood County is listed separately.
Most measuremens made before 2010 do not include height because the the methods used from 1963 thrue 2009 were very inaccurate.","","313190","1","39 18.939","-077 44.483","","Private & Publc","66.6'","Clinometer/laser rangefinder/sine","7.4'","89''","56.8'","Previously measured by J. Bowen, B. Kunze 2/18/2011 at 75.6' x 76"" x 56.8'
Tree located on NPS property adjacent to the Appalachian Trail near Harpers Ferry, Jefferson County.","Various Various","1963-01-01","","N"
"Japanese Maple","Acer palmatum","West Virginia","54 Counties","West Virginia Single Tree Sites","39 17.832","-077 50.019","Wood County is listed separately.
Most measuremens made before 2010 do not include height because the the methods used from 1963 thrue 2009 were very inaccurate.","","313188","1","39 17.832","-077 50.019","","Private & Publc","","Clinometer/laser rangefinder/sine","4.7'","56''","36.0'","Measured by H. Peddicord 8/3/2011. 
Crown spread is an average of two-axis method.
Tree located 33 North Samuel Street, Charles Town, Jefferson County.","Various Various","1963-01-01","","N"
"Japanese Walnut","Juglans ailantifolia","West Virginia","54 Counties","West Virginia Single Tree Sites","39 02.552","-080 27.384","Wood County is listed separately.
Most measuremens made before 2010 do not include height because the the methods used from 1963 thrue 2009 were very inaccurate.","","313236","1","39 02.552","-080 27.384","","Private & Publc","44.0'","Clinometer/laser rangefinder/sine","8.2'","98''","63.0'","Measured by D. Cooley 2018.
Tree located in yard at 799 Lynn Avenue, Weston, Lewis County.","Various Various","1963-01-01","","N"
"Kentucky Coffeetree","Gymnocladus dioicus","West Virginia","54 Counties","West Virginia Single Tree Sites","39 18.349","-080 21.077","Wood County is listed separately.
Most measuremens made before 2010 do not include height because the the methods used from 1963 thrue 2009 were very inaccurate.","","313069","1","39 18.349","-080 21.077","53.0 ft","Private & Publc","96.5'","Clinometer/laser rangefinder/sine","9.3'","112''","","Girth measurement includes English Ivy Vines - estimated 3""
Measured by B. Hannah, L. Snider, Clarksburg, Harrison County, 1/27/2010.
Crown spread is an average.","Various Various","1963-01-01","","N"
"Kentucky Coffeetree","Gymnocladus dioicus","West Virginia","54 Counties","West Virginia Single Tree Sites","37 45.745","-080 53.995","Wood County is listed separately.
Most measuremens made before 2010 do not include height because the the methods used from 1963 thrue 2009 were very inaccurate.","","313235","1","37 45.745","-080 53.995","","Private & Publc","110.0'","Clinometer/laser rangefinder/sine","4.5'","55''","58.8'","Measured by M. Bailey 2019.
Previously measured by A. Waldron 2011 at 91.7' x  53.5'  x 39'. Tree located near Sandstone Falls, near Hinton, Raleigh County.","Various Various","1963-01-01","","N"
"Littleleaf Linden","Tilia cordata","West Virginia","54 Counties","West Virginia Single Tree Sites","39 17.348","-077 51.141","Wood County is listed separately.
Most measuremens made before 2010 do not include height because the the methods used from 1963 thrue 2009 were very inaccurate.","","313256","1","39 17.348","-077 51.141","","Private & Publc","75.0'","Clinometer/laser rangefinder/sine","12.1'","145''","54.0'","Circumference taken over vines.","Various Various","1963-01-01","","N"
"Maidenhair Tree","Ginkgo biloba","West Virginia","54 Counties","West Virginia Single Tree Sites","39 14.058","-077 50.490","Wood County is listed separately.
Most measuremens made before 2010 do not include height because the the methods used from 1963 thrue 2009 were very inaccurate.","","313196","1","39 14.058","-077 50.490","","Private & Publc","86.5'","Clinometer/laser rangefinder/sine","20.8'","250''","106.8'","Measured by T. Williamson 2018.
Crown spread is an average of two-axis method.
Tree located off of Mount Hammond Road (CR 25/1) near Charles Town, Jefferson County.
Previously measured by J. Bowen 3/23/2010 at 85.5' x 
 234.1"" x 106.8' (maximum CS 110')","Various Various","1963-01-01","","N"
"Maidenhair Tree","Ginkgo biloba","West Virginia","54 Counties","West Virginia Single Tree Sites","37 48.208","-080 26.768","Wood County is listed separately.
Most measuremens made before 2010 do not include height because the the methods used from 1963 thrue 2009 were very inaccurate.","","313194","1","37 48.208","-080 26.768","","Private & Publc","90.3'","Clinometer/laser rangefinder/sine","12.2'","147''","61.2'","Measured by A. Waldron, J. Circle 1/14/2011.
Crown spread is an average of two-axis method.
Tree located at 17 West Randolph Street, Lewisburg, Greenbrier County.","Various Various","1963-01-01","","N"
"Maidenhair Tree","Ginkgo biloba","West Virginia","54 Counties","West Virginia Single Tree Sites","39 14.052","-077 50.478","Wood County is listed separately.
Most measuremens made before 2010 do not include height because the the methods used from 1963 thrue 2009 were very inaccurate.","","313195","1","39 14.052","-077 50.478","","Private & Publc","96.0'","Clinometer/laser rangefinder/sine","24.6'","295''","93.0'","Measured by T. Williamson 2018.
Crown spread is an average of two-axis method.
Tree located off of Mount Hammond Road (CR 25/1) near Charles Town, Jefferson County.
Previously measured by B. Hartman 1999 at  #', 223"", 100.2' and by J. Bowen 3/23/2010 at 84.9', 248.3"", 100.3'","Various Various","1963-01-01","","N"
"Mockernut Hickory","Carya tomentosa","West Virginia","54 Counties","West Virginia Single Tree Sites","39 05.123","-078 31.419","Wood County is listed separately.
Most measuremens made before 2010 do not include height because the the methods used from 1963 thrue 2009 were very inaccurate.","","313125","1","39 05.123","-078 31.419","1680.0 ft","Private & Publc","85.0'","Clinometer/laser rangefinder/sine","8.3'","100''","45.0'","Measured by J. Bowen 2019. Preciously measured by J. Bowen 2010 at 93.3"" x ?' x 49.5'
Tree located on George Washington National forest along FS 502 (Government Road) near a game plot 2.5 miles from US 48/WV 55. This road leads to the Hawk Recreational Area. This is located near Capon Springs. Hardy County.","Various Various","1963-01-01","","N"
"Mountain Laurel","Kalmia latifolia","West Virginia","54 Counties","West Virginia Single Tree Sites","37 57.444","-081 08.356","Wood County is listed separately.
Most measuremens made before 2010 do not include height because the the methods used from 1963 thrue 2009 were very inaccurate.","","313074","1","37 57.444","-081 08.356","1800.0 ft","Private & Publc","18.0'","Clinometer/laser rangefinder/sine","1.6'","19''","20.8'","Measured by M. Bailey, C. White 1/12/20 near Oak Hill, Fayette County Previously  measured by A. Waldron 2/16/2011 at 17"" x 17.8' x 18.2' Tree near Fayette County","Various Various","1963-01-01","","N"
"Mountain Magnolia","Magnolia fraseri","West Virginia","54 Counties","West Virginia Single Tree Sites","38 03.768","-080 57.521","Wood County is listed separately.
Most measuremens made before 2010 do not include height because the the methods used from 1963 thrue 2009 were very inaccurate.","","313076","1","38 03.768","-080 57.521","2320.0 ft","Private & Publc","63.4'","Clinometer/laser rangefinder/sine","6.3'","76''","44.0'","Measured by M. Bailey, C. White, M. Hudnall 2020. Tree is located near Lookout, Fayette County  Previously measured by A. Waldron in 4/14/2011 at 79.9' x 73"" x 37' Crown spread is average of two-axis method.","Various Various","1963-01-01","","N"
"Mountain Magnolia","Magnolia fraseri","West Virginia","54 Counties","West Virginia Single Tree Sites","39 03.889","-079 36.649","Wood County is listed separately.
Most measuremens made before 2010 do not include height because the the methods used from 1963 thrue 2009 were very inaccurate.","","313166","1","39 03.889","-079 36.649","1720.0 ft","Private & Publc","97.2'","Clinometer/laser rangefinder/sine","7.0'","84''","32.0'","Measured by T. Sharp 4/24/2015. Crown spread is an average of the two axis method.","Various Various","1963-01-01","","N"
"Mountain Silverbell","Halesia tetraptera var. tetraptera","West Virginia","54 Counties","West Virginia Single Tree Sites","37 57.740","-081 03.582","Wood County is listed separately.
Most measuremens made before 2010 do not include height because the the methods used from 1963 thrue 2009 were very inaccurate.","","313070","1","37 57.740","-081 03.582","1040.0 ft","Private & Publc","62.0'","Clinometer/laser rangefinder/sine","3.8'","45''","30.0'","Measured by M. Bailey, C. Mullens 2/23T2023. Tree is near Red Ash(Island) , Fayette County along the New River.Previously measured by A. Waldron at 63.4'x 
 44.3 x 32' on3/29/2012. Crown spread is an average of two axis method","Various Various","1963-01-01","","N"
"Noble Fir","Abies procera","West Virginia","54 Counties","West Virginia Single Tree Sites","39 26.180","-077 48.484","Wood County is listed separately.
Most measuremens made before 2010 do not include height because the the methods used from 1963 thrue 2009 were very inaccurate.","","313205","1","39 26.180","-077 48.484","","Private & Publc","72.0'","Clinometer/laser rangefinder/sine","7.0'","84''","30.0'","Measured by H. Peddicord 9/22/2017.
Tree located on the lawn surrounding the Shepherd University Presidents home called ""Popidicon""  located on Shepherd Grade Road, Shepherdstown, Jefferson County.","Various Various","1963-01-01","","N"
"Northern Catalpa","Catalpa speciosa","West Virginia","54 Counties","West Virginia Single Tree Sites","38 42.910","-079 58.761","Wood County is listed separately.
Most measuremens made before 2010 do not include height because the the methods used from 1963 thrue 2009 were very inaccurate.","","313145","1","38 42.910","-079 58.761","2000.0 ft","Private & Publc","","Clinometer/laser rangefinder/sine","15.3'","183''","","Measured by D. Cooley, J. Spencer 2018.
Previously measured by T. Sharp 4/12/2010 at 80.6' x 173"" x 60.3'. 
Tree located at the former Hutton House Bed and Breakfast in Huttonsville, Randolph County.
2010 circumference taken at 3'","Various Various","1963-01-01","","N"
"Northern Red Oak","Quercus rubra","West Virginia","54 Counties","West Virginia Single Tree Sites","39 10.328","-079 57.719","Wood County is listed separately.
Most measuremens made before 2010 do not include height because the the methods used from 1963 thrue 2009 were very inaccurate.","","313241","1","39 10.328","-079 57.719","","Private & Publc","139.0'","Clinometer/laser rangefinder/sine","","","","Measured by D. Cooley 2020 near Tacy, Barbour County. 
Tree is a multi-stem.","Various Various","1963-01-01","","N"
"Northern Red Oak","Quercus rubra var. rubra","West Virginia","54 Counties","West Virginia Single Tree Sites","38 46.505","-080 21.334","Wood County is listed separately.
Most measuremens made before 2010 do not include height because the the methods used from 1963 thrue 2009 were very inaccurate.","","313243","1","38 46.505","-080 21.334","1840.0 ft","Private & Publc","92.6'","Clinometer/laser rangefinder/sine","13.5'","162''","","Measured by T. Sharp 4/5/2016 in the Bennett Cemetery near Kanawha  Head, Upshur County","Various Various","1963-01-01","","N"
"Northern Red Oak","Quercus rubra var. rubra","West Virginia","54 Counties","West Virginia Single Tree Sites","39 00.379","-081 32.580","Wood County is listed separately.
Most measuremens made before 2010 do not include height because the the methods used from 1963 thrue 2009 were very inaccurate.","","313167","1","39 00.379","-081 32.580","760.0 ft","Private & Publc","92.9'","Clinometer/laser rangefinder/sine","19.8'","237''","","Measured by T. Sharp, S, Sharp 4/14/2016. Circumference taken at 5 feet above mid-slope. Tree has a old lightning scar with rot about 40' up the bole down to ground level.","Various Various","1963-01-01","","N"
"Norway Spruce","Picea abies","West Virginia","54 Counties","West Virginia Single Tree Sites","39 37.236","-079 59.846","Wood County is listed separately.
Most measuremens made before 2010 do not include height because the the methods used from 1963 thrue 2009 were very inaccurate.","","313169","1","39 37.236","-079 59.846","1140.0 ft","Private & Publc","71.8'","Clinometer/laser rangefinder/sine","11.5'","138''","","Measured by T. Sharp on 8/17/2016. Tree located in Beverly Hills Memorial Garden along US 19 (Fairmont Road) south of Morgantown and near Westover, Monongalia County","Various Various","1963-01-01","","N"
"Norway Spruce","Picea abies","West Virginia","54 Counties","West Virginia Single Tree Sites","39 21.409","-079 02.749","Wood County is listed separately.
Most measuremens made before 2010 do not include height because the the methods used from 1963 thrue 2009 were very inaccurate.","","313138","1","39 21.409","-079 02.749","","Private & Publc","103.1'","Clinometer/laser rangefinder/sine","11.8'","141''","67.5'","Tree located near New Creek, Mineral County, West Virginia. Measured by J. Bowen 1/31/2013. Crown spread is an average of two measurements.","Various Various","1963-01-01","","N"
"Oriental Arborvitae","Platycladus orientalis","West Virginia","54 Counties","West Virginia Single Tree Sites","39 20.553","-078 45.942","Wood County is listed separately.
Most measuremens made before 2010 do not include height because the the methods used from 1963 thrue 2009 were very inaccurate.","","313200","1","39 20.553","-078 45.942","","Private & Publc","29.8'","Clinometer/laser rangefinder/sine","","","","Measured by J. Bowen 5/3/2010.Tree located in the Upper Indian Mound Cemetery, near Romney, Hampshire County.","Various Various","1963-01-01","","N"
"Osage Orange","Maclura pomifera","West Virginia","54 Counties","West Virginia Single Tree Sites","39 14.213","-081 37.701","Wood County is listed separately.
Most measuremens made before 2010 do not include height because the the methods used from 1963 thrue 2009 were very inaccurate.","","313181","1","39 14.213","-081 37.701","","Private & Publc","","Clinometer/laser rangefinder/sine","3.8'","45''","","This is a multistem tree.
Tree is in front yard of 201 Lubeck Road and across Lubeck Elementary School. 
Measured by T..Sharp 2011","Various Various","1963-01-01","","N"
"Osage Orange","Maclura pomifera","West Virginia","54 Counties","West Virginia Single Tree Sites","39 06.298","-080 44.528","Wood County is listed separately.
Most measuremens made before 2010 do not include height because the the methods used from 1963 thrue 2009 were very inaccurate.","","313144","1","39 06.298","-080 44.528","960.0 ft","Private & Publc","72.2'","Clinometer/laser rangefinder/sine","12.3'","148''","44.5'","Tree is  fused multistem. 
During 2016 the CBH, HT, and CS were measured only for the stem with the most BTP's
CS is an average of the two-axis method
Located near Leopold, Doddridge CountyTree On 3/15/2011 the height was 70.8' as measured by C. Minton.. 
CS is an average of the two-axis method
Located near Leopold, Doddridge County","Various Various","1963-01-01","","N"
"Paper Birch","Betula papyrifera","West Virginia","54 Counties","West Virginia Single Tree Sites","38 34.929","-079 27.185","Wood County is listed separately.
Most measuremens made before 2010 do not include height because the the methods used from 1963 thrue 2009 were very inaccurate.","","313122","1","38 34.929","-079 27.185","2920.0 ft","Private & Publc","67.0'","Clinometer/laser rangefinder/sine","2.6'","31''","22.0'","Tree is on Chestnut Woods Association property, Pendlton County
Measured by J. Bowen 3/13/2013.
Crown Spread is an average of two measurements","Various Various","1963-01-01","","N"
"Paperbark Maple","Acer griseum","West Virginia","54 Counties","West Virginia Single Tree Sites","39 38.712","-079 58.050","Wood County is listed separately.
Most measuremens made before 2010 do not include height because the the methods used from 1963 thrue 2009 were very inaccurate.","","313227","1","39 38.712","-079 58.050","1050.0 ft","Private & Publc","24.0'","Clinometer/laser rangefinder/sine","3.8'","46''","21.0'","Measured by R. Hannah, S. Adams 2018. Tree located on Evansdale Campus of West Virginia University near Percival Hall, Morgantown, Monongalia County.
Circumference taken at 2'










Measured by R. Hannah, S. Adams 2018. Tree located on the Evansdale Campus of West Virginia University, Morgantown, Monongalia County.","Various Various","1963-01-01","","N"
"Pawpaw","Asimina triloba","West Virginia","54 Counties","West Virginia Single Tree Sites","37 40.440","-080 53.355","Wood County is listed separately.
Most measuremens made before 2010 do not include height because the the methods used from 1963 thrue 2009 were very inaccurate.","","313171","1","37 40.440","-080 53.355","1380.0 ft","Private & Publc","32.5'","Clinometer/laser rangefinder/sine","3.2'","38''","25.0'","Measured by A. Waldron 5/12/2015. Tree located along New River Road (26) next to New River, near Hinton, Raleigh County. Crown spread is an average of the two-axis method.","Various Various","1963-01-01","","N"
"Pecan","Carya illinoinensis","West Virginia","54 Counties","West Virginia Single Tree Sites","39 35.154","-077 57.112","Wood County is listed separately.
Most measuremens made before 2010 do not include height because the the methods used from 1963 thrue 2009 were very inaccurate.","","313189","1","39 35.154","-077 57.112","","Private & Publc","","Clinometer/laser rangefinder/sine","15.3'","184''","","Measured by T. Williamson 2021
Previously measured by J. Bowen 2010 at 100.4' x  164.7"" x 107.3'.
Crown spread is an average of two-axis method.
Tree located along Little George Road just past B&O overpass on on D.R.Dodd property called Potomac Riverside Farm, Berkeley County.","Various Various","1963-01-01","","N"
"Pecan","Carya illinoinensis","West Virginia","54 Counties","West Virginia Single Tree Sites","39 25.302","-077 49.270","Wood County is listed separately.
Most measuremens made before 2010 do not include height because the the methods used from 1963 thrue 2009 were very inaccurate.","","313230","1","39 25.302","-077 49.270","","Private & Publc","108.0'","Clinometer/laser rangefinder/sine","13.5'","161''","99.3'","Measured by H. Peddicord 2019. Tree located in Morgan's Grove Park near Shepherdstown, Jefferson County.
Crown spread is an average of two axis method.","Various Various","1963-01-01","","N"
"Pignut Hickory","Carya glabra","West Virginia","54 Counties","West Virginia Single Tree Sites","39 00.123","-080 39.226","Wood County is listed separately.
Most measuremens made before 2010 do not include height because the the methods used from 1963 thrue 2009 were very inaccurate.","","313156","1","39 00.123","-080 39.226","1100.0 ft","Private & Publc","138.0'","Clinometer/laser rangefinder/sine","11.4'","137''","90.0'","Measured by D. Cooley 1/22/2015 near Copley, Lewis County. Crown spread is an average of the two-axis measurement.","Various Various","1963-01-01","","N"
"Pin Cherry","Prunus pensylvanica","West Virginia","54 Counties","West Virginia Single Tree Sites","39 15.000","-079 21.692","Wood County is listed separately.
Most measuremens made before 2010 do not include height because the the methods used from 1963 thrue 2009 were very inaccurate.","","313252","1","39 15.000","-079 21.692","3000.0 ft","Private & Publc","65.8'","Clinometer/laser rangefinder/sine","3.9'","46''","31.5'","Measured by M. Bonner, J. Bowen 2022 near Bayard, Grant County.","Various Various","1963-01-01","","N"
"Pitch Pine","Pinus rigida","West Virginia","54 Counties","West Virginia Single Tree Sites","37 30.774","-080 57.843","Wood County is listed separately.
Most measuremens made before 2010 do not include height because the the methods used from 1963 thrue 2009 were very inaccurate.","","313221","1","37 30.774","-080 57.843","2600.0 ft","Private & Publc","76.0'","Clinometer/laser rangefinder/sine","6.0'","72''","33.0'","Measured by T. Sharp 3/28/2015.. Tree located along Pipestem Knob Road (CR 44/12) near Pipestem, Summers County","Various Various","1963-01-01","","N"
"Pitch Pine","Pinus rigida","West Virginia","54 Counties","West Virginia Single Tree Sites","38 32.818","-080 19.786","Wood County is listed separately.
Most measuremens made before 2010 do not include height because the the methods used from 1963 thrue 2009 were very inaccurate.","","313101","1","38 32.818","-080 19.786","1920.0 ft","Private & Publc","77.0'","Clinometer/laser rangefinder/sine","10.5'","126''","48.0'","Tree is in Webster County. Measured by D. Cooley in 3/28/2011. Girth measured at 3.0' above average ground level. Crown spread is an average of two measurements.","Various Various","1963-01-01","","N"
"Pitch Pine","Pinus rigida","West Virginia","54 Counties","West Virginia Single Tree Sites","39 12.845","-081 13.804","Wood County is listed separately.
Most measuremens made before 2010 do not include height because the the methods used from 1963 thrue 2009 were very inaccurate.","","313242","1","39 12.845","-081 13.804","760.0 ft","Private & Publc","85.9'","Clinometer/laser rangefinder/sine","9.3'","112''","46.0'","Measured by T. Sharp 3/2021 close to Goose Creek Road (CR 18) near Petroleum, Ritchie County.","Various Various","1963-01-01","","N"
"Pitch Pine","Pinus rigida","West Virginia","54 Counties","West Virginia Single Tree Sites","39 08.584","-078 32.540","Wood County is listed separately.
Most measuremens made before 2010 do not include height because the the methods used from 1963 thrue 2009 were very inaccurate.","","313102","1","39 08.584","-078 32.540","960.0 ft","Private & Publc","101.8'","Clinometer/laser rangefinder/sine","8.7'","104''","51.5'","Tree is in Hampshire County. Measured by J. Bowen 4/11/2011. Crown spread is an average of two measurements.","Various Various","1963-01-01","","N"
"Post Oak","Quercus stellata","West Virginia","54 Counties","West Virginia Single Tree Sites","38 49.495","-081 41.539","Wood County is listed separately.
Most measuremens made before 2010 do not include height because the the methods used from 1963 thrue 2009 were very inaccurate.","","313226","1","38 49.495","-081 41.539","840.0 ft","Private & Publc","52.1'","Clinometer/laser rangefinder/sine","10.8'","129''","82.8'","Measured by T. Sharp 6/5/2021 on Skyline View Drive near Ripley, Jackson County.","Various Various","1963-01-01","","N"
"Post Oak","Quercus stellata","West Virginia","54 Counties","West Virginia Single Tree Sites","37 43.470","-080 36.336","Wood County is listed separately.
Most measuremens made before 2010 do not include height because the the methods used from 1963 thrue 2009 were very inaccurate.","","313085","1","37 43.470","-080 36.336","1700.0 ft","Private & Publc","57.8'","Clinometer/laser rangefinder/sine","15.4'","185''","","Tree located in Greenbrier County and measured by A. Waldron, C. Okes, R. McBride","Various Various","1963-01-01","","N"
"Post Oak","Quercus stellata","West Virginia","54 Counties","West Virginia Single Tree Sites","38 46.396","-081 50.921","Wood County is listed separately.
Most measuremens made before 2010 do not include height because the the methods used from 1963 thrue 2009 were very inaccurate.","","313117","1","38 46.396","-081 50.921","960.0 ft","Private & Publc","78.5'","Clinometer/laser rangefinder/sine","14.0'","168''","101.0'","Tree is in Mason County. Measured by T. Sharp 2011.
Crown spread is average of two measurements","Various Various","1963-01-01","","N"
"Princesstree","Paulownia tomentosa","West Virginia","54 Counties","West Virginia Single Tree Sites","39 25.728","-077 48.103","Wood County is listed separately.
Most measuremens made before 2010 do not include height because the the methods used from 1963 thrue 2009 were very inaccurate.","","313150","1","39 25.728","-077 48.103","","Private & Publc","45.5'","Clinometer/laser rangefinder/sine","10.6'","127''","49.5'","Measured by B. Kunze 4/30/2014 in Shepherdstown, Jefferson County.
Crown spread is an average.","Various Various","1963-01-01","","N"
"Quaking Aspen","Populus tremuloides","West Virginia","54 Counties","West Virginia Single Tree Sites","39 04.027","-078 36.334","Wood County is listed separately.
Most measuremens made before 2010 do not include height because the the methods used from 1963 thrue 2009 were very inaccurate.","","313112","1","39 04.027","-078 36.334","1100.0 ft","Private & Publc","81.0'","Clinometer/laser rangefinder/sine","5.3'","64''","27.5'","Previously measured by J. Bowen 3/19/2012.at 75.9' x 63.6"" x 17.5'.Tree is off of Trout Run Road, near Wardensville, Hardy County. Crown spread is average of two measurements.","Various Various","1963-01-01","","N"
"Quaking Aspen","Populus tremuloides","West Virginia","54 Counties","West Virginia Single Tree Sites","39 06.476","-079 30.312","Wood County is listed separately.
Most measuremens made before 2010 do not include height because the the methods used from 1963 thrue 2009 were very inaccurate.","","313265","1","39 06.476","-079 30.312","3100.0 ft","Private & Publc","96.5'","Clinometer/laser rangefinder/sine","","","","Measured by tsharp 7/23/2023 in Blackwater Staate Park, Tucker County fcrom a pull off on the south side of the Blackwater Gorge. One can also see Pendleton Run Falls from here.","Various Various","1963-01-01","","N"
"Red Maple","Acer rubrum var. trilobum","West Virginia","54 Counties","West Virginia Single Tree Sites","38 32.635","-079 49.480","Wood County is listed separately.
Most measuremens made before 2010 do not include height because the the methods used from 1963 thrue 2009 were very inaccurate.","","313093","1","38 32.635","-079 49.480","2500.0 ft","Private & Publc","71.7'","Clinometer/laser rangefinder/sine","10.6'","127''","","Tree is in Pocahontas County and measured on 5/16/2011.","Various Various","1963-01-01","","N"
"Red Mulberry","Morus rubra var. rubra","West Virginia","54 Counties","West Virginia Single Tree Sites","38 55.872","-078 54.132","Wood County is listed separately.
Most measuremens made before 2010 do not include height because the the methods used from 1963 thrue 2009 were very inaccurate.","","313077","1","38 55.872","-078 54.132","2000.0 ft","Private & Publc","32.6'","Clinometer/laser rangefinder/sine","4.2'","50''","40.0'","Tree is located in Hardy County and measured by J. Bowen in 6/6/2010.
Crown spread is maximum.","Various Various","1963-01-01","","N"
"Red Pine","Pinus resinosa","West Virginia","54 Counties","West Virginia Single Tree Sites","39 34.946","-080 05.707","Wood County is listed separately.
Most measuremens made before 2010 do not include height because the the methods used from 1963 thrue 2009 were very inaccurate.","","313100","1","39 34.946","-080 05.707","1120.0 ft","Private & Publc","64.0'","Clinometer/laser rangefinder/sine","7.1'","85''","38.0'","Tree is in Monongalia County. Measured by B. Hannah, L. Snyder 12/29/2009. Crown spread is average of two measurements","Various Various","1963-01-01","","N"
"Red Spruce","Picea rubens","West Virginia","54 Counties","West Virginia Single Tree Sites","38 38.413","-079 51.850","Wood County is listed separately.
Most measuremens made before 2010 do not include height because the the methods used from 1963 thrue 2009 were very inaccurate.","","313151","1","38 38.413","-079 51.850","3600.0 ft","Private & Publc","109.3'","Clinometer/laser rangefinder/sine","7.6'","91''","29.5'","Measured by T. Sharp 2018. Tree located near Cheat Bridge, Randolph County at 3600' elevation  It is 1.7 miles downstream from the junction of US 250 and FS 209. near a FS campsite.
This tree was measured by T. Sharp 2010 at 105.6', 88.5"", 28' acs. 
Crown spread is an average of two axis method.","Various Various","1963-01-01","","N"
"River Birch","Betula nigra","West Virginia","54 Counties","West Virginia Single Tree Sites","","","Wood County is listed separately.
Most measuremens made before 2010 do not include height because the the methods used from 1963 thrue 2009 were very inaccurate.","","313177","1","","","","Private & Publc","","Clinometer/laser rangefinder/sine","12.4'","148''","","Measured by Russ Richardson and described by a posting on 2/4/2007 at:
http://www.nativetreesociety.org/species/river_birch.htm","Various Various","1963-01-01","","N"
"River Birch","Betula nigra","West Virginia","54 Counties","West Virginia Single Tree Sites","37 56.972","-081 04.255","Wood County is listed separately.
Most measuremens made before 2010 do not include height because the the methods used from 1963 thrue 2009 were very inaccurate.","","313216","1","37 56.972","-081 04.255","1050.0 ft","Private & Publc","64.5'","Clinometer/laser rangefinder/sine","9.2'","110''","85.0'","Measured by T. Sharp 7/20/2020 near Thurmond, Fayette County.
Crown spread is an average of two axis method.","Various Various","1963-01-01","","N"
"River Birch","Betula nigra","West Virginia","54 Counties","West Virginia Single Tree Sites","38 03.040","-081 02.535","Wood County is listed separately.
Most measuremens made before 2010 do not include height because the the methods used from 1963 thrue 2009 were very inaccurate.","","313257","1","38 03.040","-081 02.535","","Private & Publc","82.3'","Clinometer/laser rangefinder/sine","6.8'","82''","32.0'","Measured by T. Sharp 8/29/2022 near Edmond, Fayette County. Tree is located next to semi restored coal tipple and conveyor system at Nuttalburg in the New River Park and Preserve","Various Various","1963-01-01","","N"
"Sassafras","Sassafras albidum","West Virginia","54 Counties","West Virginia Single Tree Sites","39 15.615","-078 59.290","Wood County is listed separately.
Most measuremens made before 2010 do not include height because the the methods used from 1963 thrue 2009 were very inaccurate.","","313097","1","39 15.615","-078 59.290","940.0 ft","Private & Publc","73.1'","Clinometer/laser rangefinder/sine","14.0'","168''","38.0'","Measured by aj. Bowen 2019. Previously measured by  J. Bowen in 2010 at 66.5' x 153.6"" x 38' on Blackburn Plantation near Burlington, Mineral County","Various Various","1963-01-01","","N"
"Sawtooth Oak","Quercus acutissima","West Virginia","54 Counties","West Virginia Single Tree Sites","37 57.509","-081 09.883","Wood County is listed separately.
Most measuremens made before 2010 do not include height because the the methods used from 1963 thrue 2009 were very inaccurate.","","313215","1","37 57.509","-081 09.883","","Private & Publc","59.0'","Clinometer/laser rangefinder/sine","4.8'","58''","3.7'","Measured by M. Bailey, J. Harless 2019.
Tree located below parking lot Of Head Start School in Scarbro, Fayette County.","Various Various","1963-01-01","","N"
"Scarlet Oak","Quercus coccinea var. coccinea","West Virginia","54 Counties","West Virginia Single Tree Sites","39 38.784","-079 58.727","Wood County is listed separately.
Most measuremens made before 2010 do not include height because the the methods used from 1963 thrue 2009 were very inaccurate.","","313113","1","39 38.784","-079 58.727","950.0 ft","Private & Publc","114.0'","Clinometer/laser rangefinder/sine","15.3'","183''","102.0'","Measured by B. Hannah, A. Dick 2/5/2010. crown spread is average of two measurements.","Various Various","1963-01-01","","N"
"Scarlet Oak","Quercus coccinea var. coccinea","West Virginia","54 Counties","West Virginia Single Tree Sites","39 32.906","-078 02.458","Wood County is listed separately.
Most measuremens made before 2010 do not include height because the the methods used from 1963 thrue 2009 were very inaccurate.","","313157","1","39 32.906","-078 02.458","","Private & Publc","122.2'","Clinometer/laser rangefinder/sine","11.8'","142''","71.5'","Measured by B. Kunze 2/4/2015. Crown spread is an  average of the two-axis method.","Various Various","1963-01-01","","N"
"Shagbark Hickory","Carya ovata","West Virginia","54 Counties","West Virginia Single Tree Sites","39 34.104","-078 11.987","Wood County is listed separately.
Most measuremens made before 2010 do not include height because the the methods used from 1963 thrue 2009 were very inaccurate.","","313158","1","39 34.104","-078 11.987","640.0 ft","Private & Publc","110.6'","Clinometer/laser rangefinder/sine","10.2'","122''","69.0'","Measured 8/14/2014 by B. Kunze near Johnsons Mill, Morgan County. Crown spread is average of two-axis method.","Various Various","1963-01-01","","N"
"Shellbark Hickory","Carya laciniosa","West Virginia","54 Counties","West Virginia Single Tree Sites","39 00.953","-081 34.728","Wood County is listed separately.
Most measuremens made before 2010 do not include height because the the methods used from 1963 thrue 2009 were very inaccurate.","","313060","1","39 00.953","-081 34.728","680.0 ft","Private & Publc","95.0'","Clinometer/laser rangefinder/sine","12.8'","153''","74.0'","Measured by C. Minton 2/22/2021. Tree located on the G. and T. Shepherd Farm Along WV 21 near Wiseburg, Jackson County.
Crown spread is an average of the two-axis method. 
Originally measured by T. Sharp, C. Minton at 90.4' x 146"" x 80.3' on 11/20/2012
Circumference taken at 4'","Various Various","1963-01-01","","N"
"Shellbark Hickory","Carya laciniosa","West Virginia","54 Counties","West Virginia Single Tree Sites","39 17.408","-077 52.894","Wood County is listed separately.
Most measuremens made before 2010 do not include height because the the methods used from 1963 thrue 2009 were very inaccurate.","","313210","1","39 17.408","-077 52.894","","Private & Publc","98.0'","Clinometer/laser rangefinder/sine","9.0'","108''","66.5'","Tree measured by H. Peddicord, T. Williamson 2014
Tree located on the grounds Davenport farms at 356 Old Altoona Lane near Charles Town, Jefferson County.","Various Various","1963-01-01","","N"
"Shingle Oak","Quercus imbricaria","West Virginia","54 Counties","West Virginia Single Tree Sites","37 47.070","-080 28.148","Wood County is listed separately.
Most measuremens made before 2010 do not include height because the the methods used from 1963 thrue 2009 were very inaccurate.","","313173","1","37 47.070","-080 28.148","2100.0 ft","Private & Publc","68.9'","Clinometer/laser rangefinder/sine","12.6'","151''","87.7'","Measured by A. Waldron, E. Judy, T. Cover 6/2/2015.
Tree near entrance to parking area of fairgrounds, near Fairlea, Greenbrier County.
Crown spread is an average of the two-axis method..","Various Various","1963-01-01","","N"
"Shingle Oak","Quercus imbricaria","West Virginia","54 Counties","West Virginia Single Tree Sites","37 58.024","-080 07.810","Wood County is listed separately.
Most measuremens made before 2010 do not include height because the the methods used from 1963 thrue 2009 were very inaccurate.","","313088","1","37 58.024","-080 07.810","2100.0 ft","Private & Publc","100.2'","Clinometer/laser rangefinder/sine","9.6'","115''","63.5'","Tree is located in Greenbrier County and was measured by A. Waldron, E. Judy in 2011. Crown spread is average of two measurements.","Various Various","1963-01-01","","N"
"Shortleaf Pine","Pinus echinata","West Virginia","54 Counties","West Virginia Single Tree Sites","37 59.426","-082 22.942","Wood County is listed separately.
Most measuremens made before 2010 do not include height because the the methods used from 1963 thrue 2009 were very inaccurate.","","313155","1","37 59.426","-082 22.942","","Private & Publc","93.0'","Clinometer/laser rangefinder/sine","10.0'","120''","55.5'","Measured by T. Oxley, E. Jarrell 1/28/2015 near Missouri Branch, Wayne County.","Various Various","1963-01-01","","N"
"Shortleaf Pine","Pinus echinata","West Virginia","54 Counties","West Virginia Single Tree Sites","39 00.917","-078 42.255","Wood County is listed separately.
Most measuremens made before 2010 do not include height because the the methods used from 1963 thrue 2009 were very inaccurate.","","313129","1","39 00.917","-078 42.255","1800.0 ft","Private & Publc","93.1'","Clinometer/laser rangefinder/sine","8.9'","107''","35.0'","Tree located in Hardy County and measured by J. Bowen 4/29/10
Crown spread is maximum, average is 32.75'","Various Various","1963-01-01","","N"
"Shortleaf Pine","Pinus echinata","West Virginia","54 Counties","West Virginia Single Tree Sites","39 10.519","-078 54.432","Wood County is listed separately.
Most measuremens made before 2010 do not include height because the the methods used from 1963 thrue 2009 were very inaccurate.","","313082","1","39 10.519","-078 54.432","1750.0 ft","Private & Publc","99.8'","Clinometer/laser rangefinder/sine","7.0'","84''","45.0'","Tree is located in Hardy County and was measured by J. Bowen 4/22/2010
crown Spread is maximum, the average is 43.5'","Various Various","1963-01-01","","N"
"Shortleaf Pine","Pinus echinata","West Virginia","54 Counties","West Virginia Single Tree Sites","39 06.733","-078 53.003","Wood County is listed separately.
Most measuremens made before 2010 do not include height because the the methods used from 1963 thrue 2009 were very inaccurate.","","313104","1","39 06.733","-078 53.003","1400.0 ft","Private & Publc","103.0'","Clinometer/laser rangefinder/sine","5.6'","67''","20.3'","Tree is in Hardy County and measured by Jim Bowen 3/22/2011
Crown spread is an average of two measurements
Access to tree is Clifford Hollow Road","Various Various","1963-01-01","","N"
"Shortleaf Pine","Pinus echinata","West Virginia","54 Counties","West Virginia Single Tree Sites","39 13.103","-081 06.817","Wood County is listed separately.
Most measuremens made before 2010 do not include height because the the methods used from 1963 thrue 2009 were very inaccurate.","","313153","1","39 13.103","-081 06.817","840.0 ft","Private & Publc","117.4'","Clinometer/laser rangefinder/sine","5.2'","62''","33.0'","Measured by A. Wessner 4/23/2022 on North Bend State Park near Cairo, Ritchie County
Previously measured by T. Sharp 2015.at  69"" x 114.1' at North Bend State Park near Cairo, Ritchie County.","Various Various","1963-01-01","","N"
"Siberian Elm","Ulmus pumila","West Virginia","54 Counties","West Virginia Single Tree Sites","39 17.453","-077 51.769","Wood County is listed separately.
Most measuremens made before 2010 do not include height because the the methods used from 1963 thrue 2009 were very inaccurate.","","313143","1","39 17.453","-077 51.769","","Private & Publc","72.0'","Clinometer/laser rangefinder/sine","15.8'","189''","70.0'","Measured by T. Williamson, Q, Band 2018. Previously measured by J. Bowen 2010  Girth taken at 3 1/2' and 66.1' x 177"" x 80.5' Tree located at
Asbury Methodist Church in Charles Town, Jefferson County.. Crown spread is an average of the two axis method .Tree located Asbury Methodist Church in Charles Town, Jefferson County.","Various Various","1963-01-01","","N"
"Silver Maple","Acer saccharinum","West Virginia","54 Counties","West Virginia Single Tree Sites","39 32.393","-077 56.715","Wood County is listed separately.
Most measuremens made before 2010 do not include height because the the methods used from 1963 thrue 2009 were very inaccurate.","","313165","1","39 32.393","-077 56.715","","Private & Publc","94.0'","Clinometer/laser rangefinder/sine","20.2'","243''","73.8'","Measured by B. Kunze 7/14/2014 near Martinsburg, Berkeley County. Crown spread is an average of the two axis method.","Various Various","1963-01-01","","N"
"Silver Maple","Acer saccharinum","West Virginia","54 Counties","West Virginia Single Tree Sites","39 33.587","-081 00.404","Wood County is listed separately.
Most measuremens made before 2010 do not include height because the the methods used from 1963 thrue 2009 were very inaccurate.","","313268","1","39 33.587","-081 00.404","","Private & Publc","101.7'","Clinometer/laser rangefinder/sine","24.0'","287''","77.3'","Tree measured by B. Hannah, S. Adams 11/14/2023
Tree located on boundary line of ORINWR (Crab Island at high water) and Sistersville City Park., Sistersville, Tyler County.","Various Various","1963-01-01","","N"
"Slippery Elm","Ulmus rubra","West Virginia","54 Counties","West Virginia Single Tree Sites","38 35.449","-079 56.698","Wood County is listed separately.
Most measuremens made before 2010 do not include height because the the methods used from 1963 thrue 2009 were very inaccurate.","","313099","1","38 35.449","-079 56.698","3200.0 ft","Private & Publc","113.6'","Clinometer/laser rangefinder/sine","","","","Measured by D. Cooley, R. Wernicke 2019
Previously Measured by D. Cooley in 2010 at 110' x 155"" x 88'.
Tree located on West Virginia State Farm Commission Land near Huttonsville, Randolph County.
Crown spread is an average of two measurements.","Various Various","1963-01-01","","N"
"Sourwood","Oxydendrum arboreum","West Virginia","54 Counties","West Virginia Single Tree Sites","38 00.168","-082 22.993","Wood County is listed separately.
Most measuremens made before 2010 do not include height because the the methods used from 1963 thrue 2009 were very inaccurate.","","313083","1","38 00.168","-082 22.993","1140.0 ft","Private & Publc","97.7'","Clinometer/laser rangefinder/sine","7.1'","85''","55.5'","Tree is located in Wayne County and was measured by T. Oxley, T. Casto, I. Smith in 2011, Crown spread is average of two measurements.","Various Various","1963-01-01","","N"
"Southern Catalpa","Catalpa bignonioides","West Virginia","54 Counties","West Virginia Single Tree Sites","38 00.649","-081 03.653","Wood County is listed separately.
Most measuremens made before 2010 do not include height because the the methods used from 1963 thrue 2009 were very inaccurate.","","313170","1","38 00.649","-081 03.653","2000.0 ft","Private & Publc","71.8'","Clinometer/laser rangefinder/sine","14.5'","174''","66.8'","Measured by T. Sharp 11/1/2016. Tree located in front yard at 37 Cunard Road (CR 9) at the intersection of Gatewood Road (CR 14) near Fayetteville, Fayette County.
Crown spread is an average of the two-axis method.","Various Various","1963-01-01","","N"
"Southern Red Oak","Quercus falcata","West Virginia","54 Counties","West Virginia Single Tree Sites","38 24.317","-082 24.619","Wood County is listed separately.
Most measuremens made before 2010 do not include height because the the methods used from 1963 thrue 2009 were very inaccurate.","","313114","1","38 24.317","-082 24.619","640.0 ft","Private & Publc","78.7'","Clinometer/laser rangefinder/sine","15.7'","189''","107.0'","Measured by I. Smith 4/13/2023 at 171 Woodland Drive, Huntington, Cabell County. Previously measured by T. Sharp 1/24/2012.at 78.9' x 181' x 112'.
Crown spread is an average of two axis method.","Various Various","1963-01-01","","N"
"Swamp White Oak","Quercus bicolor","West Virginia","54 Counties","West Virginia Single Tree Sites","39 23.461","-077 47.428","Wood County is listed separately.
Most measuremens made before 2010 do not include height because the the methods used from 1963 thrue 2009 were very inaccurate.","","313091","1","39 23.461","-077 47.428","400.0 ft","Private & Publc","89.3'","Clinometer/laser rangefinder/sine","17.5'","210''","72.5'","Tree is located in Jefferson County and was measured by J. Bowen, H. Peddicord in 2010. Crown spread is an average of two measurements","Various Various","1963-01-01","","N"
"Swamp White Oak","Quercus bicolor","West Virginia","54 Counties","West Virginia Single Tree Sites","39 21.840","-078 53.172","Wood County is listed separately.
Most measuremens made before 2010 do not include height because the the methods used from 1963 thrue 2009 were very inaccurate.","","313130","1","39 21.840","-078 53.172","720.0 ft","Private & Publc","92.3'","Clinometer/laser rangefinder/sine","18.6'","223''","108.5'","Measured by J. Bowen 2019.
Circumference was previously measured by J. Bowen in1/29/2010 2010 at 205""
Tree located off of Patterson Creek Road near Burlington Mineral County.","Various Various","1963-01-01","","N"
"Sweet Birch","Betula lenta","West Virginia","54 Counties","West Virginia Single Tree Sites","39 14.877","-078 58.627","Wood County is listed separately.
Most measuremens made before 2010 do not include height because the the methods used from 1963 thrue 2009 were very inaccurate.","","313248","1","39 14.877","-078 58.627","","Private & Publc","82.9'","Clinometer/laser rangefinder/sine","8.7'","105''","75.5'","Measured near Purgitsville, Mineral County by J. Bowen, M. Bonner 2022","Various Various","1963-01-01","","N"
"Sweet Cherry","Prunus avium","West Virginia","54 Counties","West Virginia Single Tree Sites","","","Wood County is listed separately.
Most measuremens made before 2010 do not include height because the the methods used from 1963 thrue 2009 were very inaccurate.","","313149","1","","","","Private & Publc","82.5'","Clinometer/laser rangefinder/sine","","","","Measured by J. Bowen 2/17/2010 near Lost River, Hardy County","Various Various","1963-01-01","","N"
"Sweet Cherry","Prunus avium","West Virginia","54 Counties","West Virginia Single Tree Sites","38 58.065","-078 50.687","Wood County is listed separately.
Most measuremens made before 2010 do not include height because the the methods used from 1963 thrue 2009 were very inaccurate.","","313185","1","38 58.065","-078 50.687","","Private & Publc","82.5'","Clinometer/laser rangefinder/sine","","","","Tree is a multistem.
Measured by J. Bowen 2/17/2010. 
Tree located near Lost River, Hardy County.","Various Various","1963-01-01","","N"
"Sweetgum","Liquidambar styraciflua","West Virginia","54 Counties","West Virginia Single Tree Sites","38 22.832","-081 05.422","Wood County is listed separately.
Most measuremens made before 2010 do not include height because the the methods used from 1963 thrue 2009 were very inaccurate.","","313238","1","38 22.832","-081 05.422","","Private & Publc","","Clinometer/laser rangefinder/sine","13.6'","163''","","Measured by D. Cooley, J. Spencer 2017 near Bickmore, Clay County","Various Various","1963-01-01","","N"
"Sweetgum","Liquidambar styraciflua","West Virginia","54 Counties","West Virginia Single Tree Sites","38 09.509","-081 11.235","Wood County is listed separately.
Most measuremens made before 2010 do not include height because the the methods used from 1963 thrue 2009 were very inaccurate.","","313214","1","38 09.509","-081 11.235","760.0 ft","Private & Publc","86.0'","Clinometer/laser rangefinder/sine","11.3'","136''","69.0'","Measured by M. Bailey, C. White 1/15/20","Various Various","1963-01-01","","N"
"Sweetgum","Liquidambar styraciflua","West Virginia","54 Counties","West Virginia Single Tree Sites","38 22.832","-081 05.422","Wood County is listed separately.
Most measuremens made before 2010 do not include height because the the methods used from 1963 thrue 2009 were very inaccurate.","","313237","1","38 22.832","-081 05.422","","Private & Publc","118.0'","Clinometer/laser rangefinder/sine","","","81.0'","Measured by D. Cooley, J. Spencer 2010 near Bickmore Clay County","Various Various","1963-01-01","","N"
"Sycamore Maple","Acer pseudoplatanus","West Virginia","54 Counties","West Virginia Single Tree Sites","39 21.671","-078 03.722","Wood County is listed separately.
Most measuremens made before 2010 do not include height because the the methods used from 1963 thrue 2009 were very inaccurate.","","313228","1","39 21.671","-078 03.722","","Private & Publc","86.0'","Clinometer/laser rangefinder/sine","5.6'","67''","44.0'","Measured by H. Peddicord 2016. Tree located on Altoona Farms located off of WV 51 near Inwood, Jefferson County.","Various Various","1963-01-01","","N"
"Table Mountain Pine","Pinus pungens","West Virginia","54 Counties","West Virginia Single Tree Sites","37 43.530","-080 19.829","Wood County is listed separately.
Most measuremens made before 2010 do not include height because the the methods used from 1963 thrue 2009 were very inaccurate.","","313123","1","37 43.530","-080 19.829","2800.0 ft","Private & Publc","70.7'","Clinometer/laser rangefinder/sine","6.2'","74''","32.0'","Measured by Allen Waldron 1/10/2012
Crown spread is average","Various Various","1963-01-01","","N"
"Table Mountain Pine","Pinus pungens","West Virginia","54 Counties","West Virginia Single Tree Sites","39 05.977","-078 38.970","Wood County is listed separately.
Most measuremens made before 2010 do not include height because the the methods used from 1963 thrue 2009 were very inaccurate.","","313105","1","39 05.977","-078 38.970","1400.0 ft","Private & Publc","96.4'","Clinometer/laser rangefinder/sine","5.4'","65''","35.3'","Measured J. Bowen 2002.
Tree located near wardensville Hardy County. Inspected by J. Bowen 2/16/2010 a 94.4'' x 63"" x 33' .
Inspected by J. Bowen on 3/30/2018","Various Various","1963-01-01","","N"
"Table Mountain Pine","Pinus pungens","West Virginia","54 Counties","West Virginia Single Tree Sites","39 05.979","-078 30.521","Wood County is listed separately.
Most measuremens made before 2010 do not include height because the the methods used from 1963 thrue 2009 were very inaccurate.","","313263","1","39 05.979","-078 30.521","1600.0 ft","Private & Publc","96.4'","Clinometer/laser rangefinder/sine","6.0'","72''","39.1'","Measured by J. Bowen, I. Bergdoll, D. Moreland J. Kinlein. 6/21/2022.  From intersection of 259/55 north of Wardensville go 4.1 miles on 55 to left turn on FS 502 thengo 1.6 miles and just past Food plot. Park and then walk about 360 yards and tree will be on right about20 feet below road. l","Various Various","1963-01-01","","N"
"Tamarack","Larix laricina","West Virginia","54 Counties","West Virginia Single Tree Sites","39 32.126","-079 28.869","Wood County is listed separately.
Most measuremens made before 2010 do not include height because the the methods used from 1963 thrue 2009 were very inaccurate.","","313182","1","39 32.126","-079 28.869","2400.0 ft","Private & Publc","51.8'","Clinometer/laser rangefinder/sine","2.3'","28''","8.0'","Tree found in Cranesville Swamp Preserve a 1600 acre tract managed by the Nature Conservancy. It is partly in Garrett County Maryland but the above tree is in West Virginia.
Double stem tree at base, with largest stem circumference measured at 5'.
Crown spread is an average of the 2-axis method.","Various Various","1963-01-01","","N"
"Tree Of Heaven","Ailanthus altissima","West Virginia","54 Counties","West Virginia Single Tree Sites","38 20.541","-081 37.418","Wood County is listed separately.
Most measuremens made before 2010 do not include height because the the methods used from 1963 thrue 2009 were very inaccurate.","","313229","1","38 20.541","-081 37.418","","Private & Publc","62.5'","Clinometer/laser rangefinder/sine","16.8'","202''","68.2'","Measured by T. Oxley 2020. Tree located near Roosevelt School, Charleston, Kanawha County.","Various Various","1963-01-01","","N"
"Tree Of Heaven","Ailanthus altissima","West Virginia","54 Counties","West Virginia Single Tree Sites","37 39.124","-080 43.856","Wood County is listed separately.
Most measuremens made before 2010 do not include height because the the methods used from 1963 thrue 2009 were very inaccurate.","","313135","1","37 39.124","-080 43.856","1500.0 ft","Private & Publc","71.7'","Clinometer/laser rangefinder/sine","15.3'","184''","59.0'","Girth measurement made by M. Bailey, C. White, B. Hibbs 4/2020. 
The tree has deteriorated  since the 2011 measurements thus the 2011 height and spread measurements were kept.. 
Measured by A. Waldron, C. Okes, R. McBride in 2011.
Tree located in Yard of Graham House Preservation property near Lowell, Summers County, West Virginia.
Crown spread is an average of two measurement.","Various Various","1963-01-01","","N"
"Tree Of Heaven","Ailanthus altissima","West Virginia","54 Counties","West Virginia Single Tree Sites","38 55.860","-079 50.709","Wood County is listed separately.
Most measuremens made before 2010 do not include height because the the methods used from 1963 thrue 2009 were very inaccurate.","","313264","1","38 55.860","-079 50.709","","Private & Publc","86.6'","Clinometer/laser rangefinder/sine","11.3'","136''","41.1'","Measured by B. Hannah, S. Adams 1/18/2023 on  the Davis & Elkins College Campus. Tree located in front of the Madden Stutent Center, Elkins, Raandolph County.","Various Various","1963-01-01","","N"
"Tree Of Heaven","Ailanthus altissima","West Virginia","54 Counties","West Virginia Single Tree Sites","39 22.492","-077 45.248","Wood County is listed separately.
Most measuremens made before 2010 do not include height because the the methods used from 1963 thrue 2009 were very inaccurate.","","313136","1","39 22.492","-077 45.248","","Private & Publc","107.0'","Clinometer/laser rangefinder/sine","10.1'","121''","44.8'","Measured by B. Kunze 2014
Tree is at intersection Bakerton and Broken Rock Road near Baketon, Jefferson County, WV.
Crown spread is an average of two measurements","Various Various","1963-01-01","","N"
"Tuliptree","Liriodendron tulipifera","West Virginia","54 Counties","West Virginia Single Tree Sites","39 14.090","-077 54.126","Wood County is listed separately.
Most measuremens made before 2010 do not include height because the the methods used from 1963 thrue 2009 were very inaccurate.","","313207","1","39 14.090","-077 54.126","500.0 ft","Private & Publc","116.6'","Clinometer/laser rangefinder/sine","19.5'","234''","104.5'","Measured by J. Bowen 2/22/10.  Tree located on     I. Harrison property near Wheatland , Jefferson County. 
Crown spread is an average of the two axis method. Maximum spread is 115'","Various Various","1963-01-01","","N"
"Tuliptree","Liriodendron tulipifera","West Virginia","54 Counties","West Virginia Single Tree Sites","39 02.078","-080 28.162","Wood County is listed separately.
Most measuremens made before 2010 do not include height because the the methods used from 1963 thrue 2009 were very inaccurate.","","313128","1","39 02.078","-080 28.162","1120.0 ft","Private & Publc","117.0'","Clinometer/laser rangefinder/sine","19.2'","230''","120.0'","Measured by T. Sharp 10/29/2009.
Tree located in Arnold Cemetery, Weston, Lewis County, West Virginia.
Girth taken at 2 1/2'.
Crown spread is maximum, average is 106.5'","Various Various","1963-01-01","","N"
"Tuliptree","Liriodendron tulipifera","West Virginia","54 Counties","West Virginia Single Tree Sites","39 02.076","-080 28.162","Wood County is listed separately.
Most measuremens made before 2010 do not include height because the the methods used from 1963 thrue 2009 were very inaccurate.","","313259","1","39 02.076","-080 28.162","","Private & Publc","120.0'","Clinometer/laser rangefinder/sine","20.3'","243''","100.0'","Circumference measured at 2 1/2' 
Tree located in Arnold Cemetery at 102 South Main Street, Weston, Lewis County
Measued by D. Cooley, J. Spencer 6/6/2023. 
Previously measured by D.Cooley 2015 at 243"" x 132.3' x 107.5  and by T. Sharp 2009 at 230.1"" x 117' x 106'","Various Various","1963-01-01","","N"
"Tuliptree","Liriodendron tulipifera","West Virginia","54 Counties","West Virginia Single Tree Sites","37 38.632","-081 28.446","Wood County is listed separately.
Most measuremens made before 2010 do not include height because the the methods used from 1963 thrue 2009 were very inaccurate.","","313179","1","37 38.632","-081 28.446","2200.0 ft","Private & Publc","173.0'","Clinometer/laser rangefinder/sine","15.6'","187''","106.5'","Tree located near Saulsville (Wolf Gap), Wyoming County. Measured by M. Bailey, J. Harless 5/9/2019.: measured  3/5/2010  by T. Sharp, A. Waldron, M. Bailey at 169.3' x 183.6"" X 96.3' ;
measured 1996 by R. Arnold, A. Waldron at # x 188"" x 78';
measured 1977 by F. Brooks, E. Forney at # x 156"" x 72'.
                       

    Crown spread is an average of the two-axis method.","Various Various","1963-01-01","","N"
"Weeping Willow","Salix babylonica","West Virginia","54 Counties","West Virginia Single Tree Sites","39 19.349","-080 27.950","Wood County is listed separately.
Most measuremens made before 2010 do not include height because the the methods used from 1963 thrue 2009 were very inaccurate.","","313139","1","39 19.349","-080 27.950","960.0 ft","Private & Publc","78.0'","Clinometer/laser rangefinder/sine","20.0'","240''","66.0'","Tree is near Marshville, Harrison County, West Virginia. Measured by B. Hannah, J. Wildman 2011
Crown spread is an average of two measurements.","Various Various","1963-01-01","","N"
"Weeping Willow","Salix babylonica","West Virginia","54 Counties","West Virginia Single Tree Sites","38 13.261","-080 05.876","Wood County is listed separately.
Most measuremens made before 2010 do not include height because the the methods used from 1963 thrue 2009 were very inaccurate.","","313140","1","38 13.261","-080 05.876","","Private & Publc","89.0'","Clinometer/laser rangefinder/sine","","","88.0'","Tree is a multistem (3). It is at end of 11th Street in Marlinton, Pocahontas County, West Virginia. Measured by D. Cooley, 10/20/2011. Crown spread is an average of two measurements.","Various Various","1963-01-01","","N"
"White Fringetree","Chionanthus virginicus","West Virginia","54 Counties","West Virginia Single Tree Sites","37 46.531","-081 20.326","Wood County is listed separately.
Most measuremens made before 2010 do not include height because the the methods used from 1963 thrue 2009 were very inaccurate.","","313110","1","37 46.531","-081 20.326","1920.0 ft","Private & Publc","19.4'","Clinometer/laser rangefinder/sine","1.0'","12''","10.0'","Measured by A. Waldron 5/8/2012. Crown Spread is average","Various Various","1963-01-01","","N"
"White Mulberry","Morus alba","West Virginia","54 Counties","West Virginia Single Tree Sites","39 13.945","-077 50.543","Wood County is listed separately.
Most measuremens made before 2010 do not include height because the the methods used from 1963 thrue 2009 were very inaccurate.","","313137","1","39 13.945","-077 50.543","400.0 ft","Private & Publc","64.2'","Clinometer/laser rangefinder/sine","13.7'","165''","70.5'","Tree located near Kablertown, Jefferson County, WV
Measured by J. Bowen 3/23/2010. Crown spread is maximum, average is 67'","Various Various","1963-01-01","","N"
"White Oak","Quercus alba","West Virginia","54 Counties","West Virginia Single Tree Sites","37 30.883","-080 57.819","Wood County is listed separately.
Most measuremens made before 2010 do not include height because the the methods used from 1963 thrue 2009 were very inaccurate.","","313092","1","37 30.883","-080 57.819","2560.0 ft","Private & Publc","72.0'","Clinometer/laser rangefinder/sine","17.1'","205''","116.8'","Tree is in Summers County. Measured by A. Waldron, R. Arnold 10/24/2012
Crown spread is an average of two measurements.","Various Various","1963-01-01","","N"
"White Oak","Quercus alba","West Virginia","54 Counties","West Virginia Single Tree Sites","38 25.028","-082 04.257","Wood County is listed separately.
Most measuremens made before 2010 do not include height because the the methods used from 1963 thrue 2009 were very inaccurate.","","313261","1","38 25.028","-082 04.257","","Private & Publc","75.8'","Clinometer/laser rangefinder/sine","17.7'","212''","112.9'","Measured by I. Smith 2/2/2023 at 77 Old Oak Lane, Culloden. Putnam County. Previously measured by T. Sharp 2012. 72' x 207.7"" x 107.5'","Various Various","1963-01-01","","N"
"White Oak","Quercus alba","West Virginia","54 Counties","West Virginia Single Tree Sites","38 04.792","-080 53.216","Wood County is listed separately.
Most measuremens made before 2010 do not include height because the the methods used from 1963 thrue 2009 were very inaccurate.","","313225","1","38 04.792","-080 53.216","2000.0 ft","Private & Publc","80.2'","Clinometer/laser rangefinder/sine","18.1'","217''","107.5'","Measured by T. Sharp, L. Forstthoffer 9/18/2021 near Russellville and at the end of Rock of Ages Road, Greenbrier County.","Various Various","1963-01-01","","N"
"White Oak","Quercus alba","West Virginia","54 Counties","West Virginia Single Tree Sites","39 03.998","-079 42.153","Wood County is listed separately.
Most measuremens made before 2010 do not include height because the the methods used from 1963 thrue 2009 were very inaccurate.","","313090","1","39 03.998","-079 42.153","1720.0 ft","Private & Publc","89.0'","Clinometer/laser rangefinder/sine","20.3'","244''","108.0'","Tree is in Tucker County and was measured by B. Hannah, R. Ozburn 2/22/2012. Crown spread is average of two measurements","Various Various","1963-01-01","","N"
"White Oak","Quercus alba","West Virginia","54 Counties","West Virginia Single Tree Sites","39 18.982","-078 47.353","Wood County is listed separately.
Most measuremens made before 2010 do not include height because the the methods used from 1963 thrue 2009 were very inaccurate.","","313174","1","39 18.982","-078 47.353","600.0 ft","Private & Publc","89.1'","Clinometer/laser rangefinder/sine","20.5'","246''","104.4'","Measured by T. Oxley, B. Pownell 5/14/2015. Tree located along South Branch River Road, near Romney, Hampshire County.
Crown spread is an average of the two-axis method..","Various Various","1963-01-01","","N"
"Willow Oak","Quercus phellos","West Virginia","54 Counties","West Virginia Single Tree Sites","38 48.328","-081 20.955","Wood County is listed separately.
Most measuremens made before 2010 do not include height because the the methods used from 1963 thrue 2009 were very inaccurate.","","313202","1","38 48.328","-081 20.955","","Private & Publc","83.0'","Clinometer/laser rangefinder/sine","13.8'","166''","84.9'","Measured by C. Minton 2014.
Tree located in side yard of residence at 138 Prospect Street, Spencer, Roane County.
Previously measured by T. Sharp 2009 at:
69.1' x 155.5"" x 77'","Various Various","1963-01-01","","N"
"Winged Sumac","Rhus copallinum","West Virginia","54 Counties","West Virginia Single Tree Sites","38 13.418","-080 59.679","Wood County is listed separately.
Most measuremens made before 2010 do not include height because the the methods used from 1963 thrue 2009 were very inaccurate.","","313132","1","38 13.418","-080 59.679","1400.0 ft","Private & Publc","","Clinometer/laser rangefinder/sine","1.2'","14''","","Tree located at the Mason Branch river access in the Gauley River National Recreational Area. Near Poe, Nicholas County, WV
Measured by T. Sharp 10/2006","Various Various","1963-01-01","","N"
"Winged Sumac","Rhus copallinum","West Virginia","54 Counties","West Virginia Single Tree Sites","38 13.472","-081 07.177","Wood County is listed separately.
Most measuremens made before 2010 do not include height because the the methods used from 1963 thrue 2009 were very inaccurate.","","313154","1","38 13.472","-081 07.177","900.0 ft","Private & Publc","19.6'","Clinometer/laser rangefinder/sine","1.2'","14''","","Tree located at the Upper Swiss River access in the Gauley River National Recreation Area managed by the National Park Service. Tree is along margin of parking area near road entrance.","Various Various","1963-01-01","","N"
"Yellow Buckeye","Aesculus flava","West Virginia","54 Counties","West Virginia Single Tree Sites","37 47.985","-080 26.547","Wood County is listed separately.
Most measuremens made before 2010 do not include height because the the methods used from 1963 thrue 2009 were very inaccurate.","","313247","1","37 47.985","-080 26.547","","Private & Publc","102.7'","Clinometer/laser rangefinder/sine","14.4'","173''","74.0'","Measured by M. Bailey, C, White, J. Reed 2020 in front yard of the General Lewis Inn along US 60 in  Lewisbug, Greenbrier County.
Previously measured J. Circle 1982 at # x 146"" x 48' and by A. Waldron, J. Circle in 2011 at 108,6',168.4"", 56.5'","Various Various","1963-01-01","","N"
"Yellow Buckeye","Aesculus flava","West Virginia","54 Counties","West Virginia Single Tree Sites","38 27.070","-080 46.431","Wood County is listed separately.
Most measuremens made before 2010 do not include height because the the methods used from 1963 thrue 2009 were very inaccurate.","","313063","1","38 27.070","-080 46.431","1800.0 ft","Private & Publc","130.0'","Clinometer/laser rangefinder/sine","17.7'","212''","60.0'","Measured by D. Cooley, J. Spencer 2019. Circumference taken at 3 1/2', crown spread is an average of the two axis method.
Previously  measured by D. Cooley, J. Spencer in 2010 at 130', 204"". 67' .Girth taken at 3 1/2'
Crown spead is average of two measurements.","Various Various","1963-01-01","","N"