"Common Name","Botanical Name","State","County","Site","Site Latitude","Site Longitude","Location comments","Tree name","Tree id","Measurement number","Latitude","Longitude","Elevation","Ownership type","Height (ft)","Height measurement method","Girth (ft)","Girth (in)","Crown spread (ft)","Tree comments","Measurer(s)","Measured","Trip report url","Photos available"
"American Holly","Ilex opaca","Massachusetts","Barnstable","Lowell Holly Reservation","","","135 Acres
Wilfred Wheeler planted many varieties of American Hollies on the Reservation.","","235783","1","","","","Public - state","40.3'","Clinometer/laser rangefinder/sine","","","","","Doug Bidlack","2009-02-12","http%3A%2F%2Fwww.nativetreesociety.org%2Ffieldtrips%2Fmass%2Famericanhollies%2Famerican_hollies_in_ma.htm","N"
"American Holly","Ilex opaca","Massachusetts","Barnstable","Lowell Holly Reservation","","","135 Acres
Wilfred Wheeler planted many varieties of American Hollies on the Reservation.","","235784","1","","","","Public - state","45.9'","Clinometer/laser rangefinder/sine","3.3'","40''","","","Doug Bidlack","2009-02-12","http%3A%2F%2Fwww.nativetreesociety.org%2Ffieldtrips%2Fmass%2Famericanhollies%2Famerican_hollies_in_ma.htm","N"
"American Holly","Ilex opaca","Massachusetts","Barnstable","Lowell Holly Reservation","","","135 Acres
Wilfred Wheeler planted many varieties of American Hollies on the Reservation.","","235785","1","","","","Public - state","49.8'","Clinometer/laser rangefinder/sine","5.2'","62''","","","Doug Bidlack","2009-02-12","http%3A%2F%2Fwww.nativetreesociety.org%2Ffieldtrips%2Fmass%2Famericanhollies%2Famerican_hollies_in_ma.htm","N"
"American Holly","Ilex opaca","Massachusetts","Barnstable","Lowell Holly Reservation","","","135 Acres
Wilfred Wheeler planted many varieties of American Hollies on the Reservation.","","235786","1","","","","Public - state","52.6'","Clinometer/laser rangefinder/sine","4.1'","49''","","","Doug Bidlack","2009-02-12","http%3A%2F%2Fwww.nativetreesociety.org%2Ffieldtrips%2Fmass%2Famericanhollies%2Famerican_hollies_in_ma.htm","N"
"American Holly","Ilex opaca","Massachusetts","Barnstable","Lowell Holly Reservation","","","135 Acres
Wilfred Wheeler planted many varieties of American Hollies on the Reservation.","","235789","1","","","","Public - state","54.1'","Clinometer/laser rangefinder/sine","2.8'","34''","","","Doug Bidlack","2009-02-12","http%3A%2F%2Fwww.nativetreesociety.org%2Ffieldtrips%2Fmass%2Famericanhollies%2Famerican_hollies_in_ma.htm","N"
"American Holly","Ilex opaca","Massachusetts","Barnstable","Lowell Holly Reservation","","","135 Acres
Wilfred Wheeler planted many varieties of American Hollies on the Reservation.","","235788","1","","","","Public - state","54.2'","Clinometer/laser rangefinder/sine","4.2'","50''","","","Doug Bidlack","2009-02-12","http%3A%2F%2Fwww.nativetreesociety.org%2Ffieldtrips%2Fmass%2Famericanhollies%2Famerican_hollies_in_ma.htm","N"
"American Holly","Ilex opaca","Massachusetts","Barnstable","Lowell Holly Reservation","","","135 Acres
Wilfred Wheeler planted many varieties of American Hollies on the Reservation.","","235781","1","","","","Public - state","55.9'","Clinometer/laser rangefinder/sine","2.5'","30''","","","Doug Bidlack","2009-02-12","http%3A%2F%2Fwww.nativetreesociety.org%2Ffieldtrips%2Fmass%2Famericanhollies%2Famerican_hollies_in_ma.htm","N"
"American Holly","Ilex opaca","Massachusetts","Barnstable","Lowell Holly Reservation","","","135 Acres
Wilfred Wheeler planted many varieties of American Hollies on the Reservation.","","235782","1","","","","Public - state","57.9'","Clinometer/laser rangefinder/sine","3.0'","36''","","Circumference taken at 4'","Doug Bidlack","2009-02-12","http%3A%2F%2Fwww.nativetreesociety.org%2Ffieldtrips%2Fmass%2Famericanhollies%2Famerican_hollies_in_ma.htm","N"
"American Holly","Ilex opaca","Massachusetts","Barnstable","Lowell Holly Reservation","","","135 Acres
Wilfred Wheeler planted many varieties of American Hollies on the Reservation.","","235787","1","","","","Public - state","59.0'","Clinometer/laser rangefinder/sine","2.8'","34''","","","Doug Bidlack","2009-02-12","http%3A%2F%2Fwww.nativetreesociety.org%2Ffieldtrips%2Fmass%2Famericanhollies%2Famerican_hollies_in_ma.htm","N"
"American Holly","Ilex opaca","Massachusetts","Barnstable","Lowell Holly Reservation","","","135 Acres
Wilfred Wheeler planted many varieties of American Hollies on the Reservation.","","235790","1","","","","Public - state","60.2'","Clinometer/laser rangefinder/sine","3.4'","41''","","","Doug Bidlack","2009-02-12","http%3A%2F%2Fwww.nativetreesociety.org%2Ffieldtrips%2Fmass%2Famericanhollies%2Famerican_hollies_in_ma.htm","N"
"American Basswood","Tilia americana","Massachusetts","Berkshire","Chickley River Valley","","","Trees were measured on the public lands of Savoy Mountain State Park, Kenneth M. Dubuque State Park and some private land.","","250148","1","","","","Public-Private","115.0'","Clinometer/laser rangefinder/sine","7.6'","91''","","","John Knuerr","2011-11-12","http%3A%2F%2Fwww.ents-bbs.org%2Fviewtopic.php%3Ff%3D86%26t%3D3262%26sid%3Df4a6e4470aee0238cfd4fb23a06e6032%23p13071","N"
"American Beech","Fagus grandifolia","Massachusetts","Berkshire","Chickley River Valley","","","Trees were measured on the public lands of Savoy Mountain State Park, Kenneth M. Dubuque State Park and some private land.","","250149","1","","","","Public-Private","114.9'","Clinometer/laser rangefinder/sine","6.6'","79''","","","John Knuerr","2011-11-12","http%3A%2F%2Fwww.ents-bbs.org%2Fviewtopic.php%3Ff%3D86%26t%3D3262%26sid%3Df4a6e4470aee0238cfd4fb23a06e6032%23p13071","N"
"Bigtooth Aspen","Populus grandidentata","Massachusetts","Berkshire","Chickley River Valley","","","Trees were measured on the public lands of Savoy Mountain State Park, Kenneth M. Dubuque State Park and some private land.","","250154","1","","","","Public-Private","108.4'","Clinometer/laser rangefinder/sine","4.0'","48''","","Tree is on private property.","John Knuerr","2011-11-12","http%3A%2F%2Fwww.ents-bbs.org%2Fviewtopic.php%3Ff%3D86%26t%3D3262%26sid%3Df4a6e4470aee0238cfd4fb23a06e6032%23p13071","N"
"Black Cherry","Prunus serotina","Massachusetts","Berkshire","Chickley River Valley","","","Trees were measured on the public lands of Savoy Mountain State Park, Kenneth M. Dubuque State Park and some private land.","","250153","1","","","","Public-Private","109.2'","Clinometer/laser rangefinder/sine","","","","","John Knuerr","2011-11-12","http%3A%2F%2Fwww.ents-bbs.org%2Fviewtopic.php%3Ff%3D86%26t%3D3262%26sid%3Df4a6e4470aee0238cfd4fb23a06e6032%23p13071","N"
"Eastern Hemlock","Tsuga canadensis","Massachusetts","Berkshire","Chickley River Valley","","","Trees were measured on the public lands of Savoy Mountain State Park, Kenneth M. Dubuque State Park and some private land.","","250146","1","","","","Public-Private","120.5'","Clinometer/laser rangefinder/sine","7.5'","90''","","","John Knuerr","2011-11-12","http%3A%2F%2Fwww.ents-bbs.org%2Fviewtopic.php%3Ff%3D86%26t%3D3262%26sid%3Df4a6e4470aee0238cfd4fb23a06e6032%23p13071","N"
"Eastern White Pine","Pinus strobus","Massachusetts","Berkshire","Chickley River Valley","","","Trees were measured on the public lands of Savoy Mountain State Park, Kenneth M. Dubuque State Park and some private land.","","250145","1","","","","Public-Private","150.4'","Clinometer/laser rangefinder/sine","8.2'","98''","","""Top of the Hill Pines""","John Knuerr","2011-11-12","http%3A%2F%2Fwww.ents-bbs.org%2Fviewtopic.php%3Ff%3D86%26t%3D3262%26sid%3Df4a6e4470aee0238cfd4fb23a06e6032%23p13071","N"
"Eastern White Pine","Pinus strobus","Massachusetts","Berkshire","Chickley River Valley","","","Trees were measured on the public lands of Savoy Mountain State Park, Kenneth M. Dubuque State Park and some private land.","","250144","1","","","","Public-Private","150.9'","Clinometer/laser rangefinder/sine","9.7'","116''","","""Top of the Hill Pines""","John Knuerr","2011-11-12","http%3A%2F%2Fwww.ents-bbs.org%2Fviewtopic.php%3Ff%3D86%26t%3D3262%26sid%3Df4a6e4470aee0238cfd4fb23a06e6032%23p13071","N"
"Eastern White Pine","Pinus strobus","Massachusetts","Berkshire","Chickley River Valley","","","Trees were measured on the public lands of Savoy Mountain State Park, Kenneth M. Dubuque State Park and some private land.","","250143","1","","","","Public-Private","156.7'","Clinometer/laser rangefinder/sine","9.3'","112''","","""Top of the Hill Pines""","John Knuerr","2011-11-12","http%3A%2F%2Fwww.ents-bbs.org%2Fviewtopic.php%3Ff%3D86%26t%3D3262%26sid%3Df4a6e4470aee0238cfd4fb23a06e6032%23p13071","N"
"Eastern White Pine","Pinus strobus","Massachusetts","Berkshire","Chickley River Valley","","","Trees were measured on the public lands of Savoy Mountain State Park, Kenneth M. Dubuque State Park and some private land.","","250142","1","","","","Public-Private","157.3'","Clinometer/laser rangefinder/sine","","","","Muti-stem tree
Next to Savoy Road on Savoy Mountain State Forest Lands.","John Knuerr","2011-11-12","http%3A%2F%2Fwww.ents-bbs.org%2Fviewtopic.php%3Ff%3D86%26t%3D3262%26sid%3Df4a6e4470aee0238cfd4fb23a06e6032%23p13071","N"
"Northern Red Oak","Quercus rubra","Massachusetts","Berkshire","Chickley River Valley","","","Trees were measured on the public lands of Savoy Mountain State Park, Kenneth M. Dubuque State Park and some private land.","","250150","1","","","","Public-Private","113.9'","Clinometer/laser rangefinder/sine","6.0'","72''","","","John Knuerr","2011-11-12","http%3A%2F%2Fwww.ents-bbs.org%2Fviewtopic.php%3Ff%3D86%26t%3D3262%26sid%3Df4a6e4470aee0238cfd4fb23a06e6032%23p13071","N"
"Red Maple","Acer rubrum","Massachusetts","Berkshire","Chickley River Valley","","","Trees were measured on the public lands of Savoy Mountain State Park, Kenneth M. Dubuque State Park and some private land.","","250152","1","","","","Public-Private","111.9'","Clinometer/laser rangefinder/sine","6.0'","72''","","","John Knuerr","2011-11-12","http%3A%2F%2Fwww.ents-bbs.org%2Fviewtopic.php%3Ff%3D86%26t%3D3262%26sid%3Df4a6e4470aee0238cfd4fb23a06e6032%23p13071","N"
"Sugar Maple","Acer saccharum","Massachusetts","Berkshire","Chickley River Valley","","","Trees were measured on the public lands of Savoy Mountain State Park, Kenneth M. Dubuque State Park and some private land.","","250151","1","","","","Public-Private","112.7'","Clinometer/laser rangefinder/sine","5.6'","67''","","","John Knuerr","2011-11-12","http%3A%2F%2Fwww.ents-bbs.org%2Fviewtopic.php%3Ff%3D86%26t%3D3262%26sid%3Df4a6e4470aee0238cfd4fb23a06e6032%23p13071","N"
"White Ash","Fraxinus americana","Massachusetts","Berkshire","Chickley River Valley","","","Trees were measured on the public lands of Savoy Mountain State Park, Kenneth M. Dubuque State Park and some private land.","","250147","1","","","","Public-Private","132.0'","Clinometer/laser rangefinder/sine","7.3'","88''","","On private property","John Knuerr","2011-11-12","http%3A%2F%2Fwww.ents-bbs.org%2Fviewtopic.php%3Ff%3D86%26t%3D3262%26sid%3Df4a6e4470aee0238cfd4fb23a06e6032%23p13071","N"
"Eastern White Pine","Pinus strobus","Massachusetts","Berkshire","Elders Grove","42 38.019","-072 58.537","","","251006","1","42 38.019","-072 58.537","1160.0 ft","Public - state","172.4'","Clinometer/laser rangefinder/sine","12.3'","147''","","""Saheda""","John Harkness","2019-03-29","http%3A%2F%2Fwww.ents-bbs.org%2Fviewtopic.php%3Ff%3D87%26t%3D8539%26sid%3Da375a13d6124ce9daf6e633a9c56e3ae","N"
"Eastern White Pine","Pinus strobus","Massachusetts","Berkshire","MTSF, Trees Of Peace","42 38.572","-072 55.952","","","173734","1","42 38.572","-072 55.952","825.0 ft","DCR","165.4'","Clinometer/laser rangefinder/sine","9.4'","113''","44.0'","Joe Norton Tree","Robert Leverett","2011-08-10","","N"
"Eastern White Pine","Pinus strobus","Massachusetts","Berkshire","MTSF, Trees Of Peace","42 38.538","-072 56.181","","","173733","1","42 38.538","-072 56.181","850.0 ft","DCR","172.5'","Clinometer/laser rangefinder/sine","10.7'","128''","47.0'","Tallest tree in New England","Robert Leverett","2011-08-10","","N"
"Eastern White Pine","Pinus strobus","Massachusetts","Berkshire","MTSF-Trout Brook","42 37.685","-072 56.275","","","5938","1","42 37.685","-072 56.275","1080.0 ft","DCR","143.3'","Clinometer/laser rangefinder/sine","14.1'","169''","50.0'","Largest white pine measured in MTSF","Robert Leverett","2011-08-18","","N"
"Hophornbeam","Ostrya virginiana","Massachusetts","Berkshire","Stafford Hill Wildlife Management Area","","","","","250157","1","","","","Public - state","","Clinometer/laser rangefinder/sine","8.0'","96''","","","Brian Hawth","2011-12-27","http%3A%2F%2Fwww.ents-bbs.org%2Fviewtopic.php%3Ff%3D86%26t%3D3456%26sid%3D1aab79c2b470771418baab32817731c3","N"
"Sugar Maple","Acer saccharum","Massachusetts","Berkshire","Stafford Hill Wildlife Management Area","","","","","250158","1","","","","Public - state","","Clinometer/laser rangefinder/sine","14.1'","170''","","","Brian Hawth","2011-12-27","http%3A%2F%2Fwww.ents-bbs.org%2Fviewtopic.php%3Ff%3D86%26t%3D3456%26sid%3D1aab79c2b470771418baab32817731c3","N"
"Sweet Cherry","Prunus avium","Massachusetts","Berkshire","Stafford Hill Wildlife Management Area","","","","","250159","1","","","","Public - state","","Clinometer/laser rangefinder/sine","4.2'","50''","","Originally ID was Fire Cherry","Brian Hawth","2011-12-27","http%3A%2F%2Fwww.ents-bbs.org%2Fviewtopic.php%3Ff%3D86%26t%3D3456%26sid%3D1aab79c2b470771418baab32817731c3","N"
"Atlantic White Cedar","Chamaecyparis thyoides","Massachusetts","Bristol","Copicut Woods","","","516 Acres and is part of the Southeastern Massachusetts Bioreserve. (13,600 acres)","","250667","1","","","","Public - city","59.3'","Clinometer/laser rangefinder/sine","6.6'","79''","","","Doug Bidlack, Jared Lockwood","2017-03-16","http%3A%2F%2Fwww.ents-bbs.org%2Fviewtopic.php%3Ff%3D86%26t%3D7949%26sid%3D52d7fef5ff3eb844da190294bb3c38a0","N"
"Atlantic White Cedar","Chamaecyparis thyoides","Massachusetts","Bristol","Copicut Woods","","","516 Acres and is part of the Southeastern Massachusetts Bioreserve. (13,600 acres)","","250668","1","","","","Public - city","62.1'","Clinometer/laser rangefinder/sine","6.0'","72''","","","Doug Bidlack, Jared Lockwood","2017-03-16","http%3A%2F%2Fwww.ents-bbs.org%2Fviewtopic.php%3Ff%3D86%26t%3D7949%26sid%3D52d7fef5ff3eb844da190294bb3c38a0","N"
"Atlantic White Cedar","Chamaecyparis thyoides","Massachusetts","Bristol","Copicut Woods","","","516 Acres and is part of the Southeastern Massachusetts Bioreserve. (13,600 acres)","","250669","1","","","","Public - city","62.1'","Clinometer/laser rangefinder/sine","6.7'","80''","","","Doug Bidlack, Jared Lockwood","2017-03-16","http%3A%2F%2Fwww.ents-bbs.org%2Fviewtopic.php%3Ff%3D86%26t%3D7949%26sid%3D52d7fef5ff3eb844da190294bb3c38a0","N"
"Atlantic White Cedar","Chamaecyparis thyoides","Massachusetts","Bristol","Copicut Woods","","","516 Acres and is part of the Southeastern Massachusetts Bioreserve. (13,600 acres)","","250670","1","","","","Public - city","62.8'","Clinometer/laser rangefinder/sine","6.7'","80''","","","Doug Bidlack, Jared Lockwood","2017-03-16","http%3A%2F%2Fwww.ents-bbs.org%2Fviewtopic.php%3Ff%3D86%26t%3D7949%26sid%3D52d7fef5ff3eb844da190294bb3c38a0","N"
"Atlantic White Cedar","Chamaecyparis thyoides","Massachusetts","Bristol","Copicut Woods","","","516 Acres and is part of the Southeastern Massachusetts Bioreserve. (13,600 acres)","","250671","1","","","","Public - city","64.8'","Clinometer/laser rangefinder/sine","6.4'","77''","","","Doug Bidlack, Jared Lockwood","2017-03-16","http%3A%2F%2Fwww.ents-bbs.org%2Fviewtopic.php%3Ff%3D86%26t%3D7949%26sid%3D52d7fef5ff3eb844da190294bb3c38a0","N"
"Atlantic White Cedar","Chamaecyparis thyoides","Massachusetts","Bristol","Copicut Woods","","","516 Acres and is part of the Southeastern Massachusetts Bioreserve. (13,600 acres)","","250672","1","","","","Public - city","65.7'","Clinometer/laser rangefinder/sine","5.8'","70''","","","Doug Bidlack, Jared Lockwood","2017-03-16","http%3A%2F%2Fwww.ents-bbs.org%2Fviewtopic.php%3Ff%3D86%26t%3D7949%26sid%3D52d7fef5ff3eb844da190294bb3c38a0","N"
"Atlantic White Cedar","Chamaecyparis thyoides","Massachusetts","Bristol","Copicut Woods","","","516 Acres and is part of the Southeastern Massachusetts Bioreserve. (13,600 acres)","","250673","1","","","","Public - city","66.4'","Clinometer/laser rangefinder/sine","6.7'","80''","16.8'","","Doug Bidlack, Jared Lockwood","2017-03-16","http%3A%2F%2Fwww.ents-bbs.org%2Fviewtopic.php%3Ff%3D86%26t%3D7949%26sid%3D52d7fef5ff3eb844da190294bb3c38a0","N"
"Mountain Laurel","Kalmia latifolia","Massachusetts","Bristol","Copicut Woods","","","516 Acres and is part of the Southeastern Massachusetts Bioreserve. (13,600 acres)","","250674","1","","","","Public - city","19.1'","Clinometer/laser rangefinder/sine","0.8'","9''","","","Doug Bidlack, Jared Lockwood","2017-03-16","http%3A%2F%2Fwww.ents-bbs.org%2Fviewtopic.php%3Ff%3D86%26t%3D7949%26sid%3D52d7fef5ff3eb844da190294bb3c38a0","N"
"Black Cherry","Prunus serotina","Massachusetts","Franklin","Buckland State Forest","42 34.602","-072 45.193","","","250174","2","42 34.602","-072 45.193","","Public - state","127.1'","Clinometer/laser rangefinder/sine","","","","","John Eichholz, John Eichholz","2012-03-20","http%3A%2F%2Fwww.ents-bbs.org%2Fviewtopic.php%3Ff%3D86%26t%3D1525%26sid%3Df4a6e4470aee0238cfd4fb23a06e6032","N"
"European Larch","Larix decidua","Massachusetts","Franklin","Buckland State Forest","42 34.677","-072 45.213","","","250176","2","42 34.677","-072 45.213","","Public - state","147.7'","Clinometer/laser rangefinder/sine","","","","","John Eichholz, John Eichholz","2012-03-20","http%3A%2F%2Fwww.ents-bbs.org%2Fviewtopic.php%3Ff%3D86%26t%3D1525%26sid%3Df4a6e4470aee0238cfd4fb23a06e6032","N"
"Norway Spruce","Picea abies","Massachusetts","Franklin","Buckland State Forest","42 34.673","-072 45.108","","","250177","2","42 34.673","-072 45.108","","Public - state","150.3'","Clinometer/laser rangefinder/sine","","","","","John Eichholz, John Eichholz","2012-03-20","http%3A%2F%2Fwww.ents-bbs.org%2Fviewtopic.php%3Ff%3D86%26t%3D1525%26sid%3Df4a6e4470aee0238cfd4fb23a06e6032","N"
"White Ash","Fraxinus americana","Massachusetts","Franklin","Buckland State Forest","42 34.625","-072 45.147","","","250175","2","42 34.625","-072 45.147","","Public - state","132.8'","Clinometer/laser rangefinder/sine","","","","","John Eichholz, John Eichholz","2012-03-20","http%3A%2F%2Fwww.ents-bbs.org%2Fviewtopic.php%3Ff%3D86%26t%3D1525%26sid%3Df4a6e4470aee0238cfd4fb23a06e6032","N"
"Eastern White Pine","Pinus strobus","Massachusetts","Franklin","Burnt Hill","","","","","236043","1","","","","Public - state","122.0'","Clinometer/laser rangefinder/sine","","","","","John Eichholz","2004-03-03","http%3A%2F%2Fwww.nativetreesociety.org%2Ffieldtrips%2Fmass_mtsf%2Fmtsf_black_cherries.htm","N"
"Eastern White Pine","Pinus strobus","Massachusetts","Franklin","Burnt Hill","","","","","236041","1","","","","Public - state","127.9'","Clinometer/laser rangefinder/sine","","","","","John Eichholz","2004-03-03","http%3A%2F%2Fwww.nativetreesociety.org%2Ffieldtrips%2Fmass_mtsf%2Fmtsf_black_cherries.htm","N"
"Eastern White Pine","Pinus strobus","Massachusetts","Franklin","Burnt Hill","","","","","236042","1","","","","Public - state","129.5'","Clinometer/laser rangefinder/sine","","","","","John Eichholz","2004-03-03","http%3A%2F%2Fwww.nativetreesociety.org%2Ffieldtrips%2Fmass_mtsf%2Fmtsf_black_cherries.htm","N"
"Eastern White Pine","Pinus strobus","Massachusetts","Franklin","Burnt Hill","","","","","236045","1","","","","Public - state","131.9'","Clinometer/laser rangefinder/sine","","","","","John Eichholz","2004-03-03","http%3A%2F%2Fwww.nativetreesociety.org%2Ffieldtrips%2Fmass_mtsf%2Fmtsf_black_cherries.htm","N"
"Eastern White Pine","Pinus strobus","Massachusetts","Franklin","Burnt Hill","","","","","236046","1","","","","Public - state","135.2'","Clinometer/laser rangefinder/sine","","","","","John Eichholz","2004-03-03","http%3A%2F%2Fwww.nativetreesociety.org%2Ffieldtrips%2Fmass_mtsf%2Fmtsf_black_cherries.htm","N"
"Eastern White Pine","Pinus strobus","Massachusetts","Franklin","Burnt Hill","","","","","236044","1","","","","Public - state","138.2'","Clinometer/laser rangefinder/sine","","","","","John Eichholz","2004-03-03","http%3A%2F%2Fwww.nativetreesociety.org%2Ffieldtrips%2Fmass_mtsf%2Fmtsf_black_cherries.htm","N"
"Eastern White Pine","Pinus strobus","Massachusetts","Franklin","Burnt Hill","","","","","236047","1","","","","Public - state","141.9'","Clinometer/laser rangefinder/sine","","","","","John Eichholz","2004-03-03","http%3A%2F%2Fwww.nativetreesociety.org%2Ffieldtrips%2Fmass_mtsf%2Fmtsf_black_cherries.htm","N"
"Eastern White Pine","Pinus strobus","Massachusetts","Franklin","Burnt Hill","","","","","236040","1","","","","Public - state","143.5'","Clinometer/laser rangefinder/sine","","","","","John Eichholz","2004-03-03","http%3A%2F%2Fwww.nativetreesociety.org%2Ffieldtrips%2Fmass_mtsf%2Fmtsf_black_cherries.htm","N"
"American Elm","Ulmus americana","Massachusetts","Franklin","Clark Ridge","","","","","236055","1","","","","Public - state","115.0'","Clinometer/laser rangefinder/sine","","","","Height is Not Less Than(NLT)","John Eichholz","2004-03-19","http%3A%2F%2Fwww.nativetreesociety.org%2Ffieldtrips%2Fmass_mtsf%2Fmtsf_clark_ridge.htm","N"
"Bitternut Hickory","Carya cordiformis","Massachusetts","Franklin","Clark Ridge","","","","","236050","1","","","","Public - state","106.3'","Clinometer/laser rangefinder/sine","3.1'","37''","","","John Eichholz","2004-03-19","http%3A%2F%2Fwww.nativetreesociety.org%2Ffieldtrips%2Fmass_mtsf%2Fmtsf_clark_ridge.htm","N"
"Bitternut Hickory","Carya cordiformis","Massachusetts","Franklin","Clark Ridge","","","","","236048","1","","","","Public - state","110.0'","Clinometer/laser rangefinder/sine","2.9'","35''","","","John Eichholz","2004-03-19","http%3A%2F%2Fwww.nativetreesociety.org%2Ffieldtrips%2Fmass_mtsf%2Fmtsf_clark_ridge.htm","N"
"Bitternut Hickory","Carya cordiformis","Massachusetts","Franklin","Clark Ridge","","","","","236049","1","","","","Public - state","113.5'","Clinometer/laser rangefinder/sine","3.7'","44''","","","John Eichholz","2004-03-19","http%3A%2F%2Fwww.nativetreesociety.org%2Ffieldtrips%2Fmass_mtsf%2Fmtsf_clark_ridge.htm","N"
"Bitternut Hickory","Carya cordiformis","Massachusetts","Franklin","Clark Ridge","","","","","236051","1","","","","Public - state","121.4'","Clinometer/laser rangefinder/sine","5.3'","64''","","","John Eichholz","2004-03-19","http%3A%2F%2Fwww.nativetreesociety.org%2Ffieldtrips%2Fmass_mtsf%2Fmtsf_clark_ridge.htm","N"
"Black Cherry","Prunus serotina var. serotina","Massachusetts","Franklin","Clark Ridge","","","","","236053","1","","","","Public - state","101.0'","Clinometer/laser rangefinder/sine","3.2'","38''","","","John Eichholz","2004-03-19","http%3A%2F%2Fwww.nativetreesociety.org%2Ffieldtrips%2Fmass_mtsf%2Fmtsf_clark_ridge.htm","N"
"Black Cherry","Prunus serotina var. serotina","Massachusetts","Franklin","Clark Ridge","","","","","236052","1","","","","Public - state","120.7'","Clinometer/laser rangefinder/sine","4.2'","50''","","","John Eichholz","2004-03-19","http%3A%2F%2Fwww.nativetreesociety.org%2Ffieldtrips%2Fmass_mtsf%2Fmtsf_clark_ridge.htm","N"
"Sugar Maple","Acer saccharum var. saccharum","Massachusetts","Franklin","Clark Ridge","","","","","236059","1","","","","Public - state","113.5'","Clinometer/laser rangefinder/sine","7.3'","88''","","","John Eichholz","2004-03-19","http%3A%2F%2Fwww.nativetreesociety.org%2Ffieldtrips%2Fmass_mtsf%2Fmtsf_clark_ridge.htm","N"
"Sugar Maple","Acer saccharum var. saccharum","Massachusetts","Franklin","Clark Ridge","","","","","236056","1","","","","Public - state","123.4'","Clinometer/laser rangefinder/sine","8.6'","103''","","","John Eichholz","2004-03-19","http%3A%2F%2Fwww.nativetreesociety.org%2Ffieldtrips%2Fmass_mtsf%2Fmtsf_clark_ridge.htm","N"
"Sugar Maple","Acer saccharum var. saccharum","Massachusetts","Franklin","Clark Ridge","","","","","236058","1","","","","Public - state","123.4'","Clinometer/laser rangefinder/sine","9.5'","114''","","","John Eichholz","2004-03-19","http%3A%2F%2Fwww.nativetreesociety.org%2Ffieldtrips%2Fmass_mtsf%2Fmtsf_clark_ridge.htm","N"
"Sugar Maple","Acer saccharum var. saccharum","Massachusetts","Franklin","Clark Ridge","","","","","236057","1","","","","Public - state","129.7'","Clinometer/laser rangefinder/sine","7.7'","92''","","","John Eichholz","2004-03-19","http%3A%2F%2Fwww.nativetreesociety.org%2Ffieldtrips%2Fmass_mtsf%2Fmtsf_clark_ridge.htm","N"
"White Ash","Fraxinus americana","Massachusetts","Franklin","Clark Ridge","","","","","236054","1","","","","Public - state","135.0'","Clinometer/laser rangefinder/sine","","","","","John Eichholz","2004-03-19","http%3A%2F%2Fwww.nativetreesociety.org%2Ffieldtrips%2Fmass_mtsf%2Fmtsf_clark_ridge.htm","N"
"Bitternut Hickory","Carya cordiformis","Massachusetts","Franklin","Deerfield River-Middle Section","","","","","235798","1","","","","Public-Private","108.6'","Clinometer/laser rangefinder/sine","4.1'","49''","","","John Eichholz","2005-02-21","http%3A%2F%2Fwww.nativetreesociety.org%2Ffieldtrips%2Fmass%2Fdeerfield_middle_section.htm","N"
"Bitternut Hickory","Carya cordiformis","Massachusetts","Franklin","Deerfield River-Middle Section","","","","","235797","1","","","","Public-Private","109.4'","Clinometer/laser rangefinder/sine","5.9'","71''","","","John Eichholz","2005-02-21","http%3A%2F%2Fwww.nativetreesociety.org%2Ffieldtrips%2Fmass%2Fdeerfield_middle_section.htm","N"
"Bitternut Hickory","Carya cordiformis","Massachusetts","Franklin","Deerfield River-Middle Section","","","","","235800","1","","","","Public-Private","111.7'","Clinometer/laser rangefinder/sine","7.0'","84''","","","John Eichholz","2005-02-21","http%3A%2F%2Fwww.nativetreesociety.org%2Ffieldtrips%2Fmass%2Fdeerfield_middle_section.htm","N"
"Bitternut Hickory","Carya cordiformis","Massachusetts","Franklin","Deerfield River-Middle Section","","","","","235799","1","","","","Public-Private","112.3'","Clinometer/laser rangefinder/sine","6.0'","72''","","","John Eichholz","2005-02-21","http%3A%2F%2Fwww.nativetreesociety.org%2Ffieldtrips%2Fmass%2Fdeerfield_middle_section.htm","N"
"Eastern White Pine","Pinus strobus","Massachusetts","Franklin","Deerfield River-Middle Section","","","","","235794","1","","","","Public-Private","129.1'","Clinometer/laser rangefinder/sine","7.1'","85''","","","John Eichholz","2005-02-21","http%3A%2F%2Fwww.nativetreesociety.org%2Ffieldtrips%2Fmass%2Fdeerfield_middle_section.htm","N"
"Eastern White Pine","Pinus strobus","Massachusetts","Franklin","Deerfield River-Middle Section","","","","","235793","1","","","","Public-Private","129.5'","Clinometer/laser rangefinder/sine","7.9'","95''","","","John Eichholz","2005-02-21","http%3A%2F%2Fwww.nativetreesociety.org%2Ffieldtrips%2Fmass%2Fdeerfield_middle_section.htm","N"
"Northern Red Oak","Quercus rubra","Massachusetts","Franklin","Deerfield River-Middle Section","","","","","235792","1","","","","Public-Private","107.8'","Clinometer/laser rangefinder/sine","8.6'","103''","","","John Eichholz","2005-02-21","http%3A%2F%2Fwww.nativetreesociety.org%2Ffieldtrips%2Fmass%2Fdeerfield_middle_section.htm","N"
"Red Maple","Acer rubrum","Massachusetts","Franklin","Deerfield River-Middle Section","","","","","235791","1","","","","Public-Private","102.5'","Clinometer/laser rangefinder/sine","5.0'","60''","","","John Eichholz","2005-02-21","http%3A%2F%2Fwww.nativetreesociety.org%2Ffieldtrips%2Fmass%2Fdeerfield_middle_section.htm","N"
"Sugar Maple","Acer saccharum var. saccharum","Massachusetts","Franklin","Deerfield River-Middle Section","","","","","235796","1","","","","Public-Private","109.6'","Clinometer/laser rangefinder/sine","7.5'","90''","","","John Eichholz","2005-02-21","http%3A%2F%2Fwww.nativetreesociety.org%2Ffieldtrips%2Fmass%2Fdeerfield_middle_section.htm","N"
"White Ash","Fraxinus americana","Massachusetts","Franklin","Deerfield River-Middle Section","","","","","235795","1","","","","Public-Private","99.8'","Clinometer/laser rangefinder/sine","4.5'","54''","","","John Eichholz","2005-02-21","http%3A%2F%2Fwww.nativetreesociety.org%2Ffieldtrips%2Fmass%2Fdeerfield_middle_section.htm","N"
"Arborvitae","Thuja occidentalis","Massachusetts","Franklin","Howland Cemetery","42 31.945","-072 42.018","","","235835","1","42 31.945","-072 42.018","","Private","70.7'","Clinometer/laser rangefinder/sine","6.5'","78''","","Measured by J. LaCoy 2/5/2009 along Shelburne Falls Road north of Conway, Franklin County","Jeff Lacoy","2009-01-28","http%3A%2F%2Fwww.nativetreesociety.org%2Ffieldtrips%2Fmass%2Fhowland_cemetery_pines_conway_ma.htm","N"
"Arborvitae","Thuja occidentalis","Massachusetts","Franklin","Howland Cemetery","42 31.944","-072 42.019","","","235834","1","42 31.944","-072 42.019","","Private","78.1'","Clinometer/laser rangefinder/sine","7.1'","85''","","Measured by J. LaCoy 2/5/2009 along Shelburne Falls Road north of Conway, Franklin County","Jeff Lacoy","2009-01-28","http%3A%2F%2Fwww.nativetreesociety.org%2Ffieldtrips%2Fmass%2Fhowland_cemetery_pines_conway_ma.htm","N"
"Eastern White Pine","Pinus strobus","Massachusetts","Franklin","Howland Cemetery","","","","","235831","1","","","","Private","119.4'","Clinometer/laser rangefinder/sine","","","","Multi-stem tree","Jeff Lacoy","2009-01-28","http%3A%2F%2Fwww.nativetreesociety.org%2Ffieldtrips%2Fmass%2Fhowland_cemetery_pines_conway_ma.htm","N"
"Eastern White Pine","Pinus strobus","Massachusetts","Franklin","Howland Cemetery","","","","","235830","1","","","","Private","120.8'","Clinometer/laser rangefinder/sine","11.9'","143''","","","Jeff Lacoy","2009-01-28","http%3A%2F%2Fwww.nativetreesociety.org%2Ffieldtrips%2Fmass%2Fhowland_cemetery_pines_conway_ma.htm","N"
"Eastern White Pine","Pinus strobus","Massachusetts","Franklin","Howland Cemetery","","","","","235829","1","","","","Private","125.8'","Clinometer/laser rangefinder/sine","12.4'","149''","","","Jeff Lacoy","2009-01-28","http%3A%2F%2Fwww.nativetreesociety.org%2Ffieldtrips%2Fmass%2Fhowland_cemetery_pines_conway_ma.htm","N"
"Eastern White Pine","Pinus strobus","Massachusetts","Franklin","Howland Cemetery","","","","","235828","1","","","","Private","132.9'","Clinometer/laser rangefinder/sine","11.3'","136''","","","Jeff Lacoy","2009-01-28","http%3A%2F%2Fwww.nativetreesociety.org%2Ffieldtrips%2Fmass%2Fhowland_cemetery_pines_conway_ma.htm","N"
"Eastern White Pine","Pinus strobus","Massachusetts","Franklin","Howland Cemetery","","","","","235827","1","","","","Private","134.0'","Clinometer/laser rangefinder/sine","10.3'","124''","","","Jeff Lacoy","2009-01-28","http%3A%2F%2Fwww.nativetreesociety.org%2Ffieldtrips%2Fmass%2Fhowland_cemetery_pines_conway_ma.htm","N"
"Eastern White Pine","Pinus strobus","Massachusetts","Franklin","Howland Cemetery","","","","","235826","1","","","","Private","138.4'","Clinometer/laser rangefinder/sine","14.4'","173''","","","Jeff Lacoy","2009-01-28","http%3A%2F%2Fwww.nativetreesociety.org%2Ffieldtrips%2Fmass%2Fhowland_cemetery_pines_conway_ma.htm","N"
"Eastern White Pine","Pinus strobus","Massachusetts","Franklin","Howland Cemetery","","","","","235825","1","","","","Private","152.7'","Clinometer/laser rangefinder/sine","10.3'","124''","","","Jeff Lacoy","2009-01-28","http%3A%2F%2Fwww.nativetreesociety.org%2Ffieldtrips%2Fmass%2Fhowland_cemetery_pines_conway_ma.htm","N"
"Norway Spruce","Picea abies","Massachusetts","Franklin","Howland Cemetery","","","","","235832","1","","","","Private","106.1'","Clinometer/laser rangefinder/sine","","","","","Jeff Lacoy","2009-01-28","http%3A%2F%2Fwww.nativetreesociety.org%2Ffieldtrips%2Fmass%2Fhowland_cemetery_pines_conway_ma.htm","N"
"Norway Spruce","Picea abies","Massachusetts","Franklin","Howland Cemetery","","","","","235833","1","","","","Private","114.2'","Clinometer/laser rangefinder/sine","","","","","Jeff Lacoy","2009-01-28","http%3A%2F%2Fwww.nativetreesociety.org%2Ffieldtrips%2Fmass%2Fhowland_cemetery_pines_conway_ma.htm","N"
"Black Cherry","Prunus serotina var. serotina","Massachusetts","Franklin","Mohawk Trail State Forest","42 38.236","-072 56.342","","","19224","1","42 38.236","-072 56.342","930.0 ft","DCR","103.2'","Clinometer/laser rangefinder/sine","8.0'","96''","49.0'","","Robert Leverett, Bart Bouricius","2011-10-16","","N"
"Eastern White Pine","Pinus strobus","Massachusetts","Franklin","Mohawk Trail State Forest","42 38.236","-072 56.342","","","19233","1","42 38.236","-072 56.342","920.0 ft","DCR","150.2'","Clinometer/laser rangefinder/sine","11.1'","133''","","Crazy Horse","Robert Leverett, Bart Bouricius","2011-10-16","","N"
"Eastern White Pine","Pinus strobus","Massachusetts","Franklin","Mohawk Trail State Forest","42 38.236","-072 56.342","","","19232","1","42 38.236","-072 56.342","","DCR","152.5'","Clinometer/laser rangefinder/sine","11.3'","136''","","Wampanoag","Robert Leverett, Bart Bouricius","2011-10-16","","N"
"Eastern White Pine","Pinus strobus","Massachusetts","Franklin","Mohawk Trail State Forest","42 38.236","-072 56.342","","","19231","1","42 38.236","-072 56.342","900.0 ft","DCR","152.9'","Clinometer/laser rangefinder/sine","11.2'","134''","","Sitting Bull","Robert Leverett, Bart Bouricius","2011-10-16","","N"
"Eastern White Pine","Pinus strobus","Massachusetts","Franklin","Mohawk Trail State Forest","42 38.236","-072 56.342","","","19234","1","42 38.236","-072 56.342","","DCR","155.1'","Clinometer/laser rangefinder/sine","8.1'","97''","","","Robert Leverett, Bart Bouricius","2011-10-16","","N"
"Eastern White Pine","Pinus strobus","Massachusetts","Franklin","Mohawk Trail State Forest","42 38.236","-072 56.342","","","19230","1","42 38.236","-072 56.342","915.0 ft","DCR","156.4'","Clinometer/laser rangefinder/sine","10.3'","124''","","Sacajawea","Robert Leverett, Bart Bouricius","2011-10-16","","N"
"Eastern White Pine","Pinus strobus","Massachusetts","Franklin","Mohawk Trail State Forest","42 38.236","-072 56.342","","","19229","1","42 38.236","-072 56.342","900.0 ft","DCR","160.0'","Clinometer/laser rangefinder/sine","9.3'","112''","","","Robert Leverett, Bart Bouricius","2011-10-16","","N"
"Eastern White Pine","Pinus strobus","Massachusetts","Franklin","Mohawk Trail State Forest","42 38.236","-072 56.342","","","19222","1","42 38.236","-072 56.342","900.0 ft","DCR","165.0'","Clinometer/laser rangefinder/sine","12.1'","145''","48.0'","Tecumseh Pine","Robert Leverett, Bart Bouricius","2011-10-16","","N"
"Eastern White Pine","Pinus strobus","Massachusetts","Franklin","Mohawk Trail State Forest","42 38.236","-072 56.342","","","19223","1","42 38.236","-072 56.342","920.0 ft","DCR","166.3'","Clinometer/laser rangefinder/sine","11.8'","142''","46.0'","Saheda Pine","Robert Leverett, Bart Bouricius","2011-10-16","","N"
"Eastern White Pine","Pinus strobus","Massachusetts","Franklin","Mohawk Trail State Forest","42 38.583","-072 56.222","","","40891","1","42 38.583","-072 56.222","800.0 ft","DCR","172.5'","Clinometer/laser rangefinder/sine","10.7'","128''","48.0'","","Bob Leverett","2013-08-19","","N"
"Northern Red Oak","Quercus rubra var. rubra","Massachusetts","Franklin","Mohawk Trail State Forest","42 38.236","-072 56.342","","","19225","1","42 38.236","-072 56.342","920.0 ft","DCR","106.4'","Clinometer/laser rangefinder/sine","9.3'","112''","","","Robert Leverett, Bart Bouricius","2011-10-16","","N"
"Red Maple","Acer rubrum var. rubrum","Massachusetts","Franklin","Mohawk Trail State Forest","42 38.236","-072 56.342","","","19227","1","42 38.236","-072 56.342","910.0 ft","DCR","114.4'","Clinometer/laser rangefinder/sine","8.4'","101''","55.0'","","Robert Leverett, Bart Bouricius","2011-10-16","","N"
"Red Maple","Acer rubrum var. rubrum","Massachusetts","Franklin","Mohawk Trail State Forest","42 38.236","-072 56.342","","","19226","1","42 38.236","-072 56.342","920.0 ft","DCR","125.2'","Clinometer/laser rangefinder/sine","6.8'","82''","","","Robert Leverett, Bart Bouricius","2011-10-16","","N"
"Sugar Maple","Acer saccharum var. saccharum","Massachusetts","Franklin","Mohawk Trail State Forest","42 38.236","-072 56.342","","","19228","1","42 38.236","-072 56.342","910.0 ft","DCR","108.4'","Clinometer/laser rangefinder/sine","","","","","Robert Leverett, Bart Bouricius","2011-10-16","","N"
"Bigtooth Aspen","Populus grandidentata","Massachusetts","Franklin","Mount Peak","","","Trees were measured on west face of mountain
Trees were measured from 11/23/2003 thru 2/24/2004","","281507","1","","","","Public - state","96.2'","Clinometer/laser rangefinder/sine","","","","","John Eichholz","2004-02-24","http%3A%2F%2Fwww.nativetreesociety.org%2Ffieldtrips%2Fmass%2Fzoar_gap.htm","N"
"Bigtooth Aspen","Populus grandidentata","Massachusetts","Franklin","Mount Peak","","","Trees were measured on west face of mountain
Trees were measured from 11/23/2003 thru 2/24/2004","","281483","1","","","","Public - state","107.8'","Clinometer/laser rangefinder/sine","5.7'","68''","","","John Eichholz","2004-02-24","http%3A%2F%2Fwww.nativetreesociety.org%2Ffieldtrips%2Fmass%2Fzoar_gap.htm","N"
"Bitternut Hickory","Carya cordiformis","Massachusetts","Franklin","Mount Peak","","","Trees were measured on west face of mountain
Trees were measured from 11/23/2003 thru 2/24/2004","","281509","1","","","","Public - state","98.9'","Clinometer/laser rangefinder/sine","3.9'","47''","","","John Eichholz","2004-02-24","http%3A%2F%2Fwww.nativetreesociety.org%2Ffieldtrips%2Fmass%2Fzoar_gap.htm","N"
"Bitternut Hickory","Carya cordiformis","Massachusetts","Franklin","Mount Peak","","","Trees were measured on west face of mountain
Trees were measured from 11/23/2003 thru 2/24/2004","","281508","1","","","","Public - state","99.4'","Clinometer/laser rangefinder/sine","3.5'","42''","","","John Eichholz","2004-02-24","http%3A%2F%2Fwww.nativetreesociety.org%2Ffieldtrips%2Fmass%2Fzoar_gap.htm","N"
"Bitternut Hickory","Carya cordiformis","Massachusetts","Franklin","Mount Peak","","","Trees were measured on west face of mountain
Trees were measured from 11/23/2003 thru 2/24/2004","","281488","1","","","","Public - state","100.2'","Clinometer/laser rangefinder/sine","4.1'","49''","","","John Eichholz","2004-02-24","http%3A%2F%2Fwww.nativetreesociety.org%2Ffieldtrips%2Fmass%2Fzoar_gap.htm","N"
"Black Cherry","Prunus serotina var. serotina","Massachusetts","Franklin","Mount Peak","","","Trees were measured on west face of mountain
Trees were measured from 11/23/2003 thru 2/24/2004","","281486","1","","","","Public - state","103.7'","Clinometer/laser rangefinder/sine","5.0'","60''","","","John Eichholz","2004-02-24","http%3A%2F%2Fwww.nativetreesociety.org%2Ffieldtrips%2Fmass%2Fzoar_gap.htm","N"
"Eastern Hemlock","Tsuga canadensis","Massachusetts","Franklin","Mount Peak","","","Trees were measured on west face of mountain
Trees were measured from 11/23/2003 thru 2/24/2004","","281505","1","","","","Public - state","96.1'","Clinometer/laser rangefinder/sine","","","","","John Eichholz","2004-02-24","http%3A%2F%2Fwww.nativetreesociety.org%2Ffieldtrips%2Fmass%2Fzoar_gap.htm","N"
"Eastern Hemlock","Tsuga canadensis","Massachusetts","Franklin","Mount Peak","","","Trees were measured on west face of mountain
Trees were measured from 11/23/2003 thru 2/24/2004","","281504","1","","","","Public - state","99.9'","Clinometer/laser rangefinder/sine","5.1'","61''","","","John Eichholz","2004-02-24","http%3A%2F%2Fwww.nativetreesociety.org%2Ffieldtrips%2Fmass%2Fzoar_gap.htm","N"
"Eastern Hemlock","Tsuga canadensis","Massachusetts","Franklin","Mount Peak","","","Trees were measured on west face of mountain
Trees were measured from 11/23/2003 thru 2/24/2004","","281484","1","","","","Public - state","106.5'","Clinometer/laser rangefinder/sine","5.7'","68''","","","John Eichholz","2004-02-24","http%3A%2F%2Fwww.nativetreesociety.org%2Ffieldtrips%2Fmass%2Fzoar_gap.htm","N"
"Eastern White Pine","Pinus strobus","Massachusetts","Franklin","Mount Peak","","","Trees were measured on west face of mountain
Trees were measured from 11/23/2003 thru 2/24/2004","","281492","1","","","","Public - state","108.4'","Clinometer/laser rangefinder/sine","","","","","John Eichholz","2004-02-24","http%3A%2F%2Fwww.nativetreesociety.org%2Ffieldtrips%2Fmass%2Fzoar_gap.htm","N"
"Eastern White Pine","Pinus strobus","Massachusetts","Franklin","Mount Peak","","","Trees were measured on west face of mountain
Trees were measured from 11/23/2003 thru 2/24/2004","","281491","1","","","","Public - state","110.4'","Clinometer/laser rangefinder/sine","","","","","John Eichholz","2004-02-24","http%3A%2F%2Fwww.nativetreesociety.org%2Ffieldtrips%2Fmass%2Fzoar_gap.htm","N"
"Eastern White Pine","Pinus strobus","Massachusetts","Franklin","Mount Peak","","","Trees were measured on west face of mountain
Trees were measured from 11/23/2003 thru 2/24/2004","","281500","1","","","","Public - state","115.4'","Clinometer/laser rangefinder/sine","5.5'","66''","","","John Eichholz","2004-02-24","http%3A%2F%2Fwww.nativetreesociety.org%2Ffieldtrips%2Fmass%2Fzoar_gap.htm","N"
"Eastern White Pine","Pinus strobus","Massachusetts","Franklin","Mount Peak","","","Trees were measured on west face of mountain
Trees were measured from 11/23/2003 thru 2/24/2004","","281479","1","","","","Public - state","124.8'","Clinometer/laser rangefinder/sine","","","","","John Eichholz","2004-02-24","http%3A%2F%2Fwww.nativetreesociety.org%2Ffieldtrips%2Fmass%2Fzoar_gap.htm","N"
"Northern Red Oak","Quercus rubra","Massachusetts","Franklin","Mount Peak","","","Trees were measured on west face of mountain
Trees were measured from 11/23/2003 thru 2/24/2004","","281494","1","","","","Public - state","106.0'","Clinometer/laser rangefinder/sine","","","","","John Eichholz","2004-02-24","http%3A%2F%2Fwww.nativetreesociety.org%2Ffieldtrips%2Fmass%2Fzoar_gap.htm","N"
"Northern Red Oak","Quercus rubra","Massachusetts","Franklin","Mount Peak","","","Trees were measured on west face of mountain
Trees were measured from 11/23/2003 thru 2/24/2004","","281493","1","","","","Public - state","110.2'","Clinometer/laser rangefinder/sine","8.8'","106''","","","John Eichholz","2004-02-24","http%3A%2F%2Fwww.nativetreesociety.org%2Ffieldtrips%2Fmass%2Fzoar_gap.htm","N"
"Northern Red Oak","Quercus rubra","Massachusetts","Franklin","Mount Peak","","","Trees were measured on west face of mountain
Trees were measured from 11/23/2003 thru 2/24/2004","","281481","1","","","","Public - state","115.2'","Clinometer/laser rangefinder/sine","8.6'","103''","","","John Eichholz","2004-02-24","http%3A%2F%2Fwww.nativetreesociety.org%2Ffieldtrips%2Fmass%2Fzoar_gap.htm","N"
"Red Maple","Acer rubrum","Massachusetts","Franklin","Mount Peak","","","Trees were measured on west face of mountain
Trees were measured from 11/23/2003 thru 2/24/2004","","281511","1","","","","Public - state","91.8'","Clinometer/laser rangefinder/sine","4.0'","48''","","","John Eichholz","2004-02-24","http%3A%2F%2Fwww.nativetreesociety.org%2Ffieldtrips%2Fmass%2Fzoar_gap.htm","N"
"Red Maple","Acer rubrum","Massachusetts","Franklin","Mount Peak","","","Trees were measured on west face of mountain
Trees were measured from 11/23/2003 thru 2/24/2004","","281510","1","","","","Public - state","96.9'","Clinometer/laser rangefinder/sine","","","","","John Eichholz","2004-02-24","http%3A%2F%2Fwww.nativetreesociety.org%2Ffieldtrips%2Fmass%2Fzoar_gap.htm","N"
"Red Maple","Acer rubrum","Massachusetts","Franklin","Mount Peak","","","Trees were measured on west face of mountain
Trees were measured from 11/23/2003 thru 2/24/2004","","281487","1","","","","Public - state","103.7'","Clinometer/laser rangefinder/sine","6.3'","76''","","","John Eichholz","2004-02-24","http%3A%2F%2Fwww.nativetreesociety.org%2Ffieldtrips%2Fmass%2Fzoar_gap.htm","N"
"Shagbark Hickory","Carya ovata","Massachusetts","Franklin","Mount Peak","","","Trees were measured on west face of mountain
Trees were measured from 11/23/2003 thru 2/24/2004","","281496","1","","","","Public - state","103.6'","Clinometer/laser rangefinder/sine","3.8'","46''","","","John Eichholz","2004-02-24","http%3A%2F%2Fwww.nativetreesociety.org%2Ffieldtrips%2Fmass%2Fzoar_gap.htm","N"
"Shagbark Hickory","Carya ovata","Massachusetts","Franklin","Mount Peak","","","Trees were measured on west face of mountain
Trees were measured from 11/23/2003 thru 2/24/2004","","281495","1","","","","Public - state","104.3'","Clinometer/laser rangefinder/sine","3.5'","42''","","","John Eichholz","2004-02-24","http%3A%2F%2Fwww.nativetreesociety.org%2Ffieldtrips%2Fmass%2Fzoar_gap.htm","N"
"Shagbark Hickory","Carya ovata","Massachusetts","Franklin","Mount Peak","","","Trees were measured on west face of mountain
Trees were measured from 11/23/2003 thru 2/24/2004","","281485","1","","","","Public - state","104.7'","Clinometer/laser rangefinder/sine","3.4'","41''","","","John Eichholz","2004-02-24","http%3A%2F%2Fwww.nativetreesociety.org%2Ffieldtrips%2Fmass%2Fzoar_gap.htm","N"
"Sugar Maple","Acer saccharum var. saccharum","Massachusetts","Franklin","Mount Peak","","","Trees were measured on west face of mountain
Trees were measured from 11/23/2003 thru 2/24/2004","","281498","1","","","","Public - state","99.5'","Clinometer/laser rangefinder/sine","","","","","John Eichholz","2004-02-24","http%3A%2F%2Fwww.nativetreesociety.org%2Ffieldtrips%2Fmass%2Fzoar_gap.htm","N"
"Sugar Maple","Acer saccharum var. saccharum","Massachusetts","Franklin","Mount Peak","","","Trees were measured on west face of mountain
Trees were measured from 11/23/2003 thru 2/24/2004","","281497","1","","","","Public - state","102.1'","Clinometer/laser rangefinder/sine","","","","","John Eichholz","2004-02-24","http%3A%2F%2Fwww.nativetreesociety.org%2Ffieldtrips%2Fmass%2Fzoar_gap.htm","N"
"Sugar Maple","Acer saccharum var. saccharum","Massachusetts","Franklin","Mount Peak","","","Trees were measured on west face of mountain
Trees were measured from 11/23/2003 thru 2/24/2004","","281499","1","","","","Public - state","106.2'","Clinometer/laser rangefinder/sine","","","","","John Eichholz","2004-02-24","http%3A%2F%2Fwww.nativetreesociety.org%2Ffieldtrips%2Fmass%2Fzoar_gap.htm","N"
"Sugar Maple","Acer saccharum var. saccharum","Massachusetts","Franklin","Mount Peak","","","Trees were measured on west face of mountain
Trees were measured from 11/23/2003 thru 2/24/2004","","281482","1","","","","Public - state","114.5'","Clinometer/laser rangefinder/sine","8.8'","106''","","","John Eichholz","2004-02-24","http%3A%2F%2Fwww.nativetreesociety.org%2Ffieldtrips%2Fmass%2Fzoar_gap.htm","N"
"Sweet Birch","Betula lenta","Massachusetts","Franklin","Mount Peak","","","Trees were measured on west face of mountain
Trees were measured from 11/23/2003 thru 2/24/2004","","281503","1","","","","Public - state","94.7'","Clinometer/laser rangefinder/sine","4.3'","52''","","","John Eichholz","2004-02-24","http%3A%2F%2Fwww.nativetreesociety.org%2Ffieldtrips%2Fmass%2Fzoar_gap.htm","N"
"Sweet Birch","Betula lenta","Massachusetts","Franklin","Mount Peak","","","Trees were measured on west face of mountain
Trees were measured from 11/23/2003 thru 2/24/2004","","281502","1","","","","Public - state","100.0'","Clinometer/laser rangefinder/sine","4.7'","56''","","","John Eichholz","2004-02-24","http%3A%2F%2Fwww.nativetreesociety.org%2Ffieldtrips%2Fmass%2Fzoar_gap.htm","N"
"Western Hemlock","Tsuga heterophylla","Massachusetts","Franklin","Mount Peak","","","Trees were measured on west face of mountain
Trees were measured from 11/23/2003 thru 2/24/2004","","281506","1","","","","Public - state","99.5'","Clinometer/laser rangefinder/sine","5.1'","61''","","","John Eichholz","2004-02-24","http%3A%2F%2Fwww.nativetreesociety.org%2Ffieldtrips%2Fmass%2Fzoar_gap.htm","N"
"White Ash","Fraxinus americana","Massachusetts","Franklin","Mount Peak","","","Trees were measured on west face of mountain
Trees were measured from 11/23/2003 thru 2/24/2004","","281490","1","","","","Public - state","111.1'","Clinometer/laser rangefinder/sine","6.5'","78''","","","John Eichholz","2004-02-24","http%3A%2F%2Fwww.nativetreesociety.org%2Ffieldtrips%2Fmass%2Fzoar_gap.htm","N"
"White Ash","Fraxinus americana","Massachusetts","Franklin","Mount Peak","","","Trees were measured on west face of mountain
Trees were measured from 11/23/2003 thru 2/24/2004","","281489","1","","","","Public - state","111.8'","Clinometer/laser rangefinder/sine","5.9'","71''","","","John Eichholz","2004-02-24","http%3A%2F%2Fwww.nativetreesociety.org%2Ffieldtrips%2Fmass%2Fzoar_gap.htm","N"
"White Ash","Fraxinus americana","Massachusetts","Franklin","Mount Peak","","","Trees were measured on west face of mountain
Trees were measured from 11/23/2003 thru 2/24/2004","","281480","1","","","","Public - state","119.5'","Clinometer/laser rangefinder/sine","5.5'","66''","","","John Eichholz","2004-02-24","http%3A%2F%2Fwww.nativetreesociety.org%2Ffieldtrips%2Fmass%2Fzoar_gap.htm","N"
"Yellow Birch","Betula alleghaniensis","Massachusetts","Franklin","Mount Peak","","","Trees were measured on west face of mountain
Trees were measured from 11/23/2003 thru 2/24/2004","","281501","1","","","","Public - state","76.6'","Clinometer/laser rangefinder/sine","8.4'","101''","","","John Eichholz","2004-02-24","http%3A%2F%2Fwww.nativetreesociety.org%2Ffieldtrips%2Fmass%2Fzoar_gap.htm","N"
"Eastern White Pine","Pinus strobus","Massachusetts","Franklin","MTSF-Trees Of Peace-Mast Pines","42 38.545","-072 56.050","","","173735","1","42 38.545","-072 56.050","850.0 ft","DCR","160.1'","Clinometer/laser rangefinder/sine","8.9'","107''","","Michael Taylor Tree","Robert Leverett","2011-08-10","","N"
"American Basswood","Tilia americana","Massachusetts","Franklin","Shelburne Falls Area","","","","","235569","1","","","","Public-Private","102.9'","Clinometer/laser rangefinder/sine","6.3'","76''","","","John Eichholz","2004-11-05","http%3A%2F%2Fwww.nativetreesociety.org%2Ffieldtrips%2Fmass%2Fshelburne04.htm","N"
"Bigtooth Aspen","Populus grandidentata","Massachusetts","Franklin","Shelburne Falls Area","","","","","235561","1","","","","Public-Private","105.7'","Clinometer/laser rangefinder/sine","5.4'","65''","","","John Eichholz","2004-11-05","http%3A%2F%2Fwww.nativetreesociety.org%2Ffieldtrips%2Fmass%2Fshelburne04.htm","N"
"Black Cherry","Prunus serotina var. serotina","Massachusetts","Franklin","Shelburne Falls Area","","","","","235565","1","","","","Public-Private","97.8'","Clinometer/laser rangefinder/sine","","","","","John Eichholz","2004-11-05","http%3A%2F%2Fwww.nativetreesociety.org%2Ffieldtrips%2Fmass%2Fshelburne04.htm","N"
"Black Locust","Robinia pseudoacacia","Massachusetts","Franklin","Shelburne Falls Area","","","","","235564","1","","","","Public-Private","99.0'","Clinometer/laser rangefinder/sine","","","","","John Eichholz","2004-11-05","http%3A%2F%2Fwww.nativetreesociety.org%2Ffieldtrips%2Fmass%2Fshelburne04.htm","N"
"Eastern Hemlock","Tsuga canadensis","Massachusetts","Franklin","Shelburne Falls Area","","","","","235559","1","","","","Public-Private","109.5'","Clinometer/laser rangefinder/sine","7.6'","91''","","","John Eichholz","2004-11-05","http%3A%2F%2Fwww.nativetreesociety.org%2Ffieldtrips%2Fmass%2Fshelburne04.htm","N"
"Eastern White Pine","Pinus strobus","Massachusetts","Franklin","Shelburne Falls Area","","","","","235554","1","","","","Public-Private","128.5'","Clinometer/laser rangefinder/sine","","","","","John Eichholz","2004-11-05","http%3A%2F%2Fwww.nativetreesociety.org%2Ffieldtrips%2Fmass%2Fshelburne04.htm","N"
"Eastern White Pine","Pinus strobus","Massachusetts","Franklin","Shelburne Falls Area","","","","","235555","1","","","","Public-Private","134.4'","Clinometer/laser rangefinder/sine","11.2'","134''","","","John Eichholz","2004-11-05","http%3A%2F%2Fwww.nativetreesociety.org%2Ffieldtrips%2Fmass%2Fshelburne04.htm","N"
"Northern Red Oak","Quercus rubra","Massachusetts","Franklin","Shelburne Falls Area","","","","","235557","1","","","","Public-Private","114.8'","Clinometer/laser rangefinder/sine","5.7'","68''","","","John Eichholz","2004-11-05","http%3A%2F%2Fwww.nativetreesociety.org%2Ffieldtrips%2Fmass%2Fshelburne04.htm","N"
"Northern Red Oak","Quercus rubra","Massachusetts","Franklin","Shelburne Falls Area","","","","","235556","1","","","","Public-Private","118.0'","Clinometer/laser rangefinder/sine","","","","","John Eichholz","2004-11-05","http%3A%2F%2Fwww.nativetreesociety.org%2Ffieldtrips%2Fmass%2Fshelburne04.htm","N"
"Norway Spruce","Picea abies","Massachusetts","Franklin","Shelburne Falls Area","","","","","235558","1","","","","Public-Private","115.8'","Clinometer/laser rangefinder/sine","7.0'","84''","","","John Eichholz","2004-11-05","http%3A%2F%2Fwww.nativetreesociety.org%2Ffieldtrips%2Fmass%2Fshelburne04.htm","N"
"Red Pine","Pinus resinosa","Massachusetts","Franklin","Shelburne Falls Area","","","","","235562","1","","","","Public-Private","103.1'","Clinometer/laser rangefinder/sine","5.8'","70''","","","John Eichholz","2004-11-05","http%3A%2F%2Fwww.nativetreesociety.org%2Ffieldtrips%2Fmass%2Fshelburne04.htm","N"
"Red Spruce","Picea rubens","Massachusetts","Franklin","Shelburne Falls Area","","","","","235560","1","","","","Public-Private","109.0'","Clinometer/laser rangefinder/sine","5.4'","65''","","","John Eichholz","2004-11-05","http%3A%2F%2Fwww.nativetreesociety.org%2Ffieldtrips%2Fmass%2Fshelburne04.htm","N"
"Shagbark Hickory","Carya ovata","Massachusetts","Franklin","Shelburne Falls Area","","","","","235566","1","","","","Public-Private","107.9'","Clinometer/laser rangefinder/sine","9.4'","113''","","","John Eichholz","2004-11-05","http%3A%2F%2Fwww.nativetreesociety.org%2Ffieldtrips%2Fmass%2Fshelburne04.htm","N"
"Tuliptree","Liriodendron tulipifera","Massachusetts","Franklin","Shelburne Falls Area","","","","","235567","1","","","","Public-Private","105.6'","Clinometer/laser rangefinder/sine","13.2'","158''","","","John Eichholz","2004-11-05","http%3A%2F%2Fwww.nativetreesociety.org%2Ffieldtrips%2Fmass%2Fshelburne04.htm","N"
"White Ash","Fraxinus americana","Massachusetts","Franklin","Shelburne Falls Area","","","","","235563","1","","","","Public-Private","102.7'","Clinometer/laser rangefinder/sine","","","","","John Eichholz","2004-11-05","http%3A%2F%2Fwww.nativetreesociety.org%2Ffieldtrips%2Fmass%2Fshelburne04.htm","N"
"White Ash","Fraxinus americana","Massachusetts","Franklin","Shelburne Falls Area","","","","","235568","1","","","","Public-Private","104.9'","Clinometer/laser rangefinder/sine","","","","","John Eichholz","2004-11-05","http%3A%2F%2Fwww.nativetreesociety.org%2Ffieldtrips%2Fmass%2Fshelburne04.htm","N"
"Bigtooth Aspen","Populus grandidentata","Massachusetts","Franklin","Whately Tract","","","","","235481","1","","","","Private","","Clinometer/laser rangefinder/sine","6.2'","74''","","","Gary Beluzo","2007-01-06","http%3A%2F%2Fwww.nativetreesociety.org%2Ffieldtrips%2Fmass%2Fliriodendron_in_franklin.htm","N"
"Black Cherry","Prunus serotina var. serotina","Massachusetts","Franklin","Whately Tract","","","","","235482","1","","","","Private","70.5'","Clinometer/laser rangefinder/sine","3.6'","43''","","","Gary Beluzo","2007-01-06","http%3A%2F%2Fwww.nativetreesociety.org%2Ffieldtrips%2Fmass%2Fliriodendron_in_franklin.htm","N"
"Eastern White Pine","Pinus strobus","Massachusetts","Franklin","Whately Tract","","","","","235486","1","","","","Private","102.4'","Clinometer/laser rangefinder/sine","5.9'","71''","","","Gary Beluzo","2007-01-06","http%3A%2F%2Fwww.nativetreesociety.org%2Ffieldtrips%2Fmass%2Fliriodendron_in_franklin.htm","N"
"Eastern White Pine","Pinus strobus","Massachusetts","Franklin","Whately Tract","","","","","235487","1","","","","Private","103.8'","Clinometer/laser rangefinder/sine","5.7'","68''","","","Gary Beluzo","2007-01-06","http%3A%2F%2Fwww.nativetreesociety.org%2Ffieldtrips%2Fmass%2Fliriodendron_in_franklin.htm","N"
"Eastern White Pine","Pinus strobus","Massachusetts","Franklin","Whately Tract","","","","","235488","1","","","","Private","108.3'","Clinometer/laser rangefinder/sine","10.2'","122''","","","Gary Beluzo","2007-01-06","http%3A%2F%2Fwww.nativetreesociety.org%2Ffieldtrips%2Fmass%2Fliriodendron_in_franklin.htm","N"
"Northern Red Oak","Quercus rubra","Massachusetts","Franklin","Whately Tract","","","","","235484","1","","","","Private","92.6'","Clinometer/laser rangefinder/sine","4.8'","58''","","","Gary Beluzo","2007-01-06","http%3A%2F%2Fwww.nativetreesociety.org%2Ffieldtrips%2Fmass%2Fliriodendron_in_franklin.htm","N"
"Red Maple","Acer rubrum","Massachusetts","Franklin","Whately Tract","","","","","235485","1","","","","Private","74.1'","Clinometer/laser rangefinder/sine","3.8'","46''","","","Gary Beluzo","2007-01-06","http%3A%2F%2Fwww.nativetreesociety.org%2Ffieldtrips%2Fmass%2Fliriodendron_in_franklin.htm","N"
"Sweet Birch","Betula lenta","Massachusetts","Franklin","Whately Tract","","","","","235483","1","","","","Private","78.9'","Clinometer/laser rangefinder/sine","3.0'","36''","","","Gary Beluzo","2007-01-06","http%3A%2F%2Fwww.nativetreesociety.org%2Ffieldtrips%2Fmass%2Fliriodendron_in_franklin.htm","N"
"Tuliptree","Liriodendron tulipifera","Massachusetts","Franklin","Whately Tract","","","","","235475","1","","","","Private","72.0'","Clinometer/laser rangefinder/sine","2.6'","31''","","","Gary Beluzo","2007-01-06","http%3A%2F%2Fwww.nativetreesociety.org%2Ffieldtrips%2Fmass%2Fliriodendron_in_franklin.htm","N"
"Tuliptree","Liriodendron tulipifera","Massachusetts","Franklin","Whately Tract","","","","","235470","1","","","","Private","86.2'","Clinometer/laser rangefinder/sine","4.5'","54''","","","Gary Beluzo","2007-01-06","http%3A%2F%2Fwww.nativetreesociety.org%2Ffieldtrips%2Fmass%2Fliriodendron_in_franklin.htm","N"
"Tuliptree","Liriodendron tulipifera","Massachusetts","Franklin","Whately Tract","","","","","235476","1","","","","Private","88.5'","Clinometer/laser rangefinder/sine","3.3'","40''","","","Gary Beluzo","2007-01-06","http%3A%2F%2Fwww.nativetreesociety.org%2Ffieldtrips%2Fmass%2Fliriodendron_in_franklin.htm","N"
"Tuliptree","Liriodendron tulipifera","Massachusetts","Franklin","Whately Tract","","","","","235469","1","","","","Private","90.8'","Clinometer/laser rangefinder/sine","4.5'","54''","","","Gary Beluzo","2007-01-06","http%3A%2F%2Fwww.nativetreesociety.org%2Ffieldtrips%2Fmass%2Fliriodendron_in_franklin.htm","N"
"Tuliptree","Liriodendron tulipifera","Massachusetts","Franklin","Whately Tract","","","","","235474","1","","","","Private","94.5'","Clinometer/laser rangefinder/sine","4.3'","52''","","","Gary Beluzo","2007-01-06","http%3A%2F%2Fwww.nativetreesociety.org%2Ffieldtrips%2Fmass%2Fliriodendron_in_franklin.htm","N"
"Tuliptree","Liriodendron tulipifera","Massachusetts","Franklin","Whately Tract","","","","","235478","1","","","","Private","94.5'","Clinometer/laser rangefinder/sine","3.9'","47''","","","Gary Beluzo","2007-01-06","http%3A%2F%2Fwww.nativetreesociety.org%2Ffieldtrips%2Fmass%2Fliriodendron_in_franklin.htm","N"
"Tuliptree","Liriodendron tulipifera","Massachusetts","Franklin","Whately Tract","","","","","235464","1","","","","Private","94.9'","Clinometer/laser rangefinder/sine","5.1'","61''","","","Gary Beluzo","2007-01-06","http%3A%2F%2Fwww.nativetreesociety.org%2Ffieldtrips%2Fmass%2Fliriodendron_in_franklin.htm","N"
"Tuliptree","Liriodendron tulipifera","Massachusetts","Franklin","Whately Tract","","","","","235472","1","","","","Private","96.0'","Clinometer/laser rangefinder/sine","4.9'","59''","","","Gary Beluzo","2007-01-06","http%3A%2F%2Fwww.nativetreesociety.org%2Ffieldtrips%2Fmass%2Fliriodendron_in_franklin.htm","N"
"Tuliptree","Liriodendron tulipifera","Massachusetts","Franklin","Whately Tract","","","","","235477","1","","","","Private","96.0'","Clinometer/laser rangefinder/sine","4.9'","59''","","","Gary Beluzo","2007-01-06","http%3A%2F%2Fwww.nativetreesociety.org%2Ffieldtrips%2Fmass%2Fliriodendron_in_franklin.htm","N"
"Tuliptree","Liriodendron tulipifera","Massachusetts","Franklin","Whately Tract","","","","","235465","1","","","","Private","98.1'","Clinometer/laser rangefinder/sine","3.9'","47''","","","Gary Beluzo","2007-01-06","http%3A%2F%2Fwww.nativetreesociety.org%2Ffieldtrips%2Fmass%2Fliriodendron_in_franklin.htm","N"
"Tuliptree","Liriodendron tulipifera","Massachusetts","Franklin","Whately Tract","","","","","235480","1","","","","Private","100.2'","Clinometer/laser rangefinder/sine","4.5'","54''","","","Gary Beluzo","2007-01-06","http%3A%2F%2Fwww.nativetreesociety.org%2Ffieldtrips%2Fmass%2Fliriodendron_in_franklin.htm","N"
"Tuliptree","Liriodendron tulipifera","Massachusetts","Franklin","Whately Tract","","","","","235479","1","","","","Private","100.5'","Clinometer/laser rangefinder/sine","4.6'","55''","","","Gary Beluzo","2007-01-06","http%3A%2F%2Fwww.nativetreesociety.org%2Ffieldtrips%2Fmass%2Fliriodendron_in_franklin.htm","N"
"Tuliptree","Liriodendron tulipifera","Massachusetts","Franklin","Whately Tract","","","","","235467","1","","","","Private","101.9'","Clinometer/laser rangefinder/sine","4.0'","48''","","","Gary Beluzo","2007-01-06","http%3A%2F%2Fwww.nativetreesociety.org%2Ffieldtrips%2Fmass%2Fliriodendron_in_franklin.htm","N"
"Tuliptree","Liriodendron tulipifera","Massachusetts","Franklin","Whately Tract","","","","","235473","1","","","","Private","102.0'","Clinometer/laser rangefinder/sine","4.7'","56''","","","Gary Beluzo","2007-01-06","http%3A%2F%2Fwww.nativetreesociety.org%2Ffieldtrips%2Fmass%2Fliriodendron_in_franklin.htm","N"
"Tuliptree","Liriodendron tulipifera","Massachusetts","Franklin","Whately Tract","","","","","235468","1","","","","Private","103.2'","Clinometer/laser rangefinder/sine","6.3'","76''","","","Gary Beluzo","2007-01-06","http%3A%2F%2Fwww.nativetreesociety.org%2Ffieldtrips%2Fmass%2Fliriodendron_in_franklin.htm","N"
"Tuliptree","Liriodendron tulipifera","Massachusetts","Franklin","Whately Tract","","","","","235471","1","","","","Private","103.5'","Clinometer/laser rangefinder/sine","6.3'","76''","","","Gary Beluzo","2007-01-06","http%3A%2F%2Fwww.nativetreesociety.org%2Ffieldtrips%2Fmass%2Fliriodendron_in_franklin.htm","N"
"Tuliptree","Liriodendron tulipifera","Massachusetts","Franklin","Whately Tract","","","","","235466","1","","","","Private","105.5'","Clinometer/laser rangefinder/sine","4.1'","49''","","","Gary Beluzo","2007-01-06","http%3A%2F%2Fwww.nativetreesociety.org%2Ffieldtrips%2Fmass%2Fliriodendron_in_franklin.htm","N"
"Bigtooth Aspen","Populus grandidentata","Massachusetts","Franklin","Zoar Gap","","","Trees measured below rocky fields to western boundary of state forest.","","236017","1","","","","Public - state","122.5'","Clinometer/laser rangefinder/sine","3.9'","47''","","","John Eichholz","2004-02-24","http%3A%2F%2Fwww.nativetreesociety.org%2Ffieldtrips%2Fmass_mtsf%2Fmtsf_black_cherries.htm","N"
"Bitternut Hickory","Carya cordiformis","Massachusetts","Franklin","Zoar Gap","","","Trees measured below rocky fields to western boundary of state forest.","","236098","1","","","","Public - state","113.5'","Clinometer/laser rangefinder/sine","3.9'","47''","","","John Eichholz","2004-03-10","http%3A%2F%2Fwww.nativetreesociety.org%2Ffieldtrips%2Fmass_mtsf%2Fmtsf_black_cherries.htm","N"
"Bitternut Hickory","Carya cordiformis","Massachusetts","Franklin","Zoar Gap","","","Trees measured below rocky fields to western boundary of state forest.","","236018","1","","","","Public - state","120.1'","Clinometer/laser rangefinder/sine","6.8'","82''","","","John Eichholz","2004-02-24","http%3A%2F%2Fwww.nativetreesociety.org%2Ffieldtrips%2Fmass_mtsf%2Fmtsf_black_cherries.htm","N"
"Black Cherry","Prunus serotina var. serotina","Massachusetts","Franklin","Zoar Gap","","","Trees measured below rocky fields to western boundary of state forest.","","236076","1","","","","Public - state","93.2'","Clinometer/laser rangefinder/sine","3.2'","38''","","","John Eichholz","2004-03-10","http%3A%2F%2Fwww.nativetreesociety.org%2Ffieldtrips%2Fmass_mtsf%2Fmtsf_black_cherries.htm","N"
"Black Cherry","Prunus serotina var. serotina","Massachusetts","Franklin","Zoar Gap","","","Trees measured below rocky fields to western boundary of state forest.","","236077","1","","","","Public - state","93.9'","Clinometer/laser rangefinder/sine","5.8'","70''","","","John Eichholz","2004-03-10","http%3A%2F%2Fwww.nativetreesociety.org%2Ffieldtrips%2Fmass_mtsf%2Fmtsf_black_cherries.htm","N"
"Black Cherry","Prunus serotina var. serotina","Massachusetts","Franklin","Zoar Gap","","","Trees measured below rocky fields to western boundary of state forest.","","236078","1","","","","Public - state","99.7'","Clinometer/laser rangefinder/sine","3.9'","47''","","","John Eichholz","2004-03-10","http%3A%2F%2Fwww.nativetreesociety.org%2Ffieldtrips%2Fmass_mtsf%2Fmtsf_black_cherries.htm","N"
"Black Cherry","Prunus serotina var. serotina","Massachusetts","Franklin","Zoar Gap","","","Trees measured below rocky fields to western boundary of state forest.","","236079","1","","","","Public - state","104.8'","Clinometer/laser rangefinder/sine","3.9'","47''","","","John Eichholz","2004-03-10","http%3A%2F%2Fwww.nativetreesociety.org%2Ffieldtrips%2Fmass_mtsf%2Fmtsf_black_cherries.htm","N"
"Black Cherry","Prunus serotina var. serotina","Massachusetts","Franklin","Zoar Gap","","","Trees measured below rocky fields to western boundary of state forest.","","236080","1","","","","Public - state","106.4'","Clinometer/laser rangefinder/sine","4.1'","49''","","","John Eichholz","2004-03-10","http%3A%2F%2Fwww.nativetreesociety.org%2Ffieldtrips%2Fmass_mtsf%2Fmtsf_black_cherries.htm","N"
"Black Cherry","Prunus serotina var. serotina","Massachusetts","Franklin","Zoar Gap","","","Trees measured below rocky fields to western boundary of state forest.","","236081","1","","","","Public - state","107.8'","Clinometer/laser rangefinder/sine","3.2'","38''","","","John Eichholz","2004-03-10","http%3A%2F%2Fwww.nativetreesociety.org%2Ffieldtrips%2Fmass_mtsf%2Fmtsf_black_cherries.htm","N"
"Black Cherry","Prunus serotina var. serotina","Massachusetts","Franklin","Zoar Gap","","","Trees measured below rocky fields to western boundary of state forest.","","236082","1","","","","Public - state","108.0'","Clinometer/laser rangefinder/sine","5.1'","61''","","","John Eichholz","2004-03-10","http%3A%2F%2Fwww.nativetreesociety.org%2Ffieldtrips%2Fmass_mtsf%2Fmtsf_black_cherries.htm","N"
"Black Cherry","Prunus serotina var. serotina","Massachusetts","Franklin","Zoar Gap","","","Trees measured below rocky fields to western boundary of state forest.","","236083","1","","","","Public - state","108.8'","Clinometer/laser rangefinder/sine","5.3'","64''","","","John Eichholz","2004-03-10","http%3A%2F%2Fwww.nativetreesociety.org%2Ffieldtrips%2Fmass_mtsf%2Fmtsf_black_cherries.htm","N"
"Black Cherry","Prunus serotina var. serotina","Massachusetts","Franklin","Zoar Gap","","","Trees measured below rocky fields to western boundary of state forest.","","236084","1","","","","Public - state","110.1'","Clinometer/laser rangefinder/sine","4.7'","56''","","","John Eichholz","2004-03-10","http%3A%2F%2Fwww.nativetreesociety.org%2Ffieldtrips%2Fmass_mtsf%2Fmtsf_black_cherries.htm","N"
"Black Cherry","Prunus serotina var. serotina","Massachusetts","Franklin","Zoar Gap","","","Trees measured below rocky fields to western boundary of state forest.","","236085","1","","","","Public - state","110.4'","Clinometer/laser rangefinder/sine","6.6'","79''","","","John Eichholz","2004-03-10","http%3A%2F%2Fwww.nativetreesociety.org%2Ffieldtrips%2Fmass_mtsf%2Fmtsf_black_cherries.htm","N"
"Black Cherry","Prunus serotina var. serotina","Massachusetts","Franklin","Zoar Gap","","","Trees measured below rocky fields to western boundary of state forest.","","236086","1","","","","Public - state","110.5'","Clinometer/laser rangefinder/sine","4.2'","50''","","","John Eichholz","2004-03-10","http%3A%2F%2Fwww.nativetreesociety.org%2Ffieldtrips%2Fmass_mtsf%2Fmtsf_black_cherries.htm","N"
"Black Cherry","Prunus serotina var. serotina","Massachusetts","Franklin","Zoar Gap","","","Trees measured below rocky fields to western boundary of state forest.","","236087","1","","","","Public - state","110.6'","Clinometer/laser rangefinder/sine","5.1'","61''","","","John Eichholz","2004-03-10","http%3A%2F%2Fwww.nativetreesociety.org%2Ffieldtrips%2Fmass_mtsf%2Fmtsf_black_cherries.htm","N"
"Black Cherry","Prunus serotina var. serotina","Massachusetts","Franklin","Zoar Gap","","","Trees measured below rocky fields to western boundary of state forest.","","236088","1","","","","Public - state","114.9'","Clinometer/laser rangefinder/sine","4.1'","49''","","","John Eichholz","2004-03-10","http%3A%2F%2Fwww.nativetreesociety.org%2Ffieldtrips%2Fmass_mtsf%2Fmtsf_black_cherries.htm","N"
"Black Cherry","Prunus serotina var. serotina","Massachusetts","Franklin","Zoar Gap","","","Trees measured below rocky fields to western boundary of state forest.","","236089","1","","","","Public - state","117.3'","Clinometer/laser rangefinder/sine","4.2'","50''","","","John Eichholz","2004-03-10","http%3A%2F%2Fwww.nativetreesociety.org%2Ffieldtrips%2Fmass_mtsf%2Fmtsf_black_cherries.htm","N"
"Black Cherry","Prunus serotina var. serotina","Massachusetts","Franklin","Zoar Gap","","","Trees measured below rocky fields to western boundary of state forest.","","236090","1","","","","Public - state","118.8'","Clinometer/laser rangefinder/sine","4.8'","58''","","","John Eichholz","2004-03-10","http%3A%2F%2Fwww.nativetreesociety.org%2Ffieldtrips%2Fmass_mtsf%2Fmtsf_black_cherries.htm","N"
"Black Cherry","Prunus serotina var. serotina","Massachusetts","Franklin","Zoar Gap","","","Trees measured below rocky fields to western boundary of state forest.","","236091","1","","","","Public - state","121.7'","Clinometer/laser rangefinder/sine","6.2'","74''","","","John Eichholz","2004-03-10","http%3A%2F%2Fwww.nativetreesociety.org%2Ffieldtrips%2Fmass_mtsf%2Fmtsf_black_cherries.htm","N"
"Eastern Hemlock","Tsuga canadensis","Massachusetts","Franklin","Zoar Gap","","","Trees measured below rocky fields to western boundary of state forest.","","236020","1","","","","Public - state","115.0'","Clinometer/laser rangefinder/sine","6.3'","76''","","","John Eichholz","2004-02-24","http%3A%2F%2Fwww.nativetreesociety.org%2Ffieldtrips%2Fmass_mtsf%2Fmtsf_black_cherries.htm","N"
"Eastern White Pine","Pinus strobus","Massachusetts","Franklin","Zoar Gap","","","Trees measured below rocky fields to western boundary of state forest.","","236014","1","","","","Public - state","124.8'","Clinometer/laser rangefinder/sine","","","","","John Eichholz","2004-02-24","http%3A%2F%2Fwww.nativetreesociety.org%2Ffieldtrips%2Fmass_mtsf%2Fmtsf_black_cherries.htm","N"
"Northern Red Oak","Quercus rubra","Massachusetts","Franklin","Zoar Gap","","","Trees measured below rocky fields to western boundary of state forest.","","236016","1","","","","Public - state","127.6'","Clinometer/laser rangefinder/sine","6.8'","82''","","","John Eichholz","2004-02-24","http%3A%2F%2Fwww.nativetreesociety.org%2Ffieldtrips%2Fmass_mtsf%2Fmtsf_black_cherries.htm","N"
"Red Maple","Acer rubrum","Massachusetts","Franklin","Zoar Gap","","","Trees measured below rocky fields to western boundary of state forest.","","236019","1","","","","Public - state","106.8'","Clinometer/laser rangefinder/sine","","","","","John Eichholz","2004-02-24","http%3A%2F%2Fwww.nativetreesociety.org%2Ffieldtrips%2Fmass_mtsf%2Fmtsf_black_cherries.htm","N"
"Red Maple","Acer rubrum","Massachusetts","Franklin","Zoar Gap","","","Trees measured below rocky fields to western boundary of state forest.","","236097","1","","","","Public - state","115.7'","Clinometer/laser rangefinder/sine","","","","","John Eichholz","2004-03-10","http%3A%2F%2Fwww.nativetreesociety.org%2Ffieldtrips%2Fmass_mtsf%2Fmtsf_black_cherries.htm","N"
"Sugar Maple","Acer saccharum var. saccharum","Massachusetts","Franklin","Zoar Gap","","","Trees measured below rocky fields to western boundary of state forest.","","236021","1","","","","Public - state","106.8'","Clinometer/laser rangefinder/sine","","","","","John Eichholz","2004-02-24","http%3A%2F%2Fwww.nativetreesociety.org%2Ffieldtrips%2Fmass_mtsf%2Fmtsf_black_cherries.htm","N"
"Sugar Maple","Acer saccharum var. saccharum","Massachusetts","Franklin","Zoar Gap","","","Trees measured below rocky fields to western boundary of state forest.","","236094","1","","","","Public - state","123.4'","Clinometer/laser rangefinder/sine","8.6'","103''","","","John Eichholz","2004-03-10","http%3A%2F%2Fwww.nativetreesociety.org%2Ffieldtrips%2Fmass_mtsf%2Fmtsf_black_cherries.htm","N"
"Sugar Maple","Acer saccharum var. saccharum","Massachusetts","Franklin","Zoar Gap","","","Trees measured below rocky fields to western boundary of state forest.","","236095","1","","","","Public - state","129.1'","Clinometer/laser rangefinder/sine","7.7'","92''","","","John Eichholz","2004-03-10","http%3A%2F%2Fwww.nativetreesociety.org%2Ffieldtrips%2Fmass_mtsf%2Fmtsf_black_cherries.htm","N"
"Sweet Birch","Betula lenta","Massachusetts","Franklin","Zoar Gap","","","Trees measured below rocky fields to western boundary of state forest.","","236092","1","","","","Public - state","99.0'","Clinometer/laser rangefinder/sine","","","","","John Eichholz","2004-03-10","http%3A%2F%2Fwww.nativetreesociety.org%2Ffieldtrips%2Fmass_mtsf%2Fmtsf_black_cherries.htm","N"
"Sweet Birch","Betula lenta","Massachusetts","Franklin","Zoar Gap","","","Trees measured below rocky fields to western boundary of state forest.","","236100","1","","","","Public - state","105.0'","Clinometer/laser rangefinder/sine","4.9'","59''","","","John Eichholz","2004-03-10","http%3A%2F%2Fwww.nativetreesociety.org%2Ffieldtrips%2Fmass_mtsf%2Fmtsf_black_cherries.htm","N"
"Sweet Birch","Betula lenta","Massachusetts","Franklin","Zoar Gap","","","Trees measured below rocky fields to western boundary of state forest.","","236093","1","","","","Public - state","105.7'","Clinometer/laser rangefinder/sine","","","","","John Eichholz","2004-03-10","http%3A%2F%2Fwww.nativetreesociety.org%2Ffieldtrips%2Fmass_mtsf%2Fmtsf_black_cherries.htm","N"
"Sweet Birch","Betula lenta","Massachusetts","Franklin","Zoar Gap","","","Trees measured below rocky fields to western boundary of state forest.","","236099","1","","","","Public - state","108.3'","Clinometer/laser rangefinder/sine","","","","","John Eichholz","2004-03-10","http%3A%2F%2Fwww.nativetreesociety.org%2Ffieldtrips%2Fmass_mtsf%2Fmtsf_black_cherries.htm","N"
"White Ash","Fraxinus americana","Massachusetts","Franklin","Zoar Gap","","","Trees measured below rocky fields to western boundary of state forest.","","236015","1","","","","Public - state","119.5'","Clinometer/laser rangefinder/sine","5.5'","66''","","","John Eichholz","2004-02-24","http%3A%2F%2Fwww.nativetreesociety.org%2Ffieldtrips%2Fmass_mtsf%2Fmtsf_black_cherries.htm","N"
"White Ash","Fraxinus americana","Massachusetts","Franklin","Zoar Gap","","","Trees measured below rocky fields to western boundary of state forest.","","236096","1","","","","Public - state","134.0'","Clinometer/laser rangefinder/sine","","","","","John Eichholz","2004-03-10","http%3A%2F%2Fwww.nativetreesociety.org%2Ffieldtrips%2Fmass_mtsf%2Fmtsf_black_cherries.htm","N"
"Eastern Hemlock","Tsuga canadensis","Massachusetts","Hampden","M & M Trail Near Mt. Nonotuck","","","","","250220","1","","","","Public - state","115.0'","Clinometer/laser rangefinder/sine","8.4'","101''","","","Jeff Kline","2014-01-03","http%3A%2F%2Fwww.ents-bbs.org%2Fviewtopic.php%3Ff%3D86%26t%3D5992%26sid%3Df4a6e4470aee0238cfd4fb23a06e6032%23p26977","N"
"Eastern Hemlock","Tsuga canadensis","Massachusetts","Hampden","M & M Trail Near Mt. Nonotuck","","","","","250222","1","","","","Public - state","126.5'","Clinometer/laser rangefinder/sine","","","","","Jeff Kline","2014-01-03","http%3A%2F%2Fwww.ents-bbs.org%2Fviewtopic.php%3Ff%3D86%26t%3D5992%26sid%3Df4a6e4470aee0238cfd4fb23a06e6032%23p26977","N"
"Eastern Hemlock","Tsuga canadensis","Massachusetts","Hampden","M & M Trail Near Mt. Nonotuck","","","","","250221","1","","","","Public - state","131.0'","Clinometer/laser rangefinder/sine","9.4'","113''","","","Jeff Kline","2014-01-03","http%3A%2F%2Fwww.ents-bbs.org%2Fviewtopic.php%3Ff%3D86%26t%3D5992%26sid%3Df4a6e4470aee0238cfd4fb23a06e6032%23p26977","N"
"Eastern Hemlock","Tsuga canadensis","Massachusetts","Hampden","Old Southwick Cemetery","","","","","250226","1","","","","Public-Private","60.0'","Clinometer/laser rangefinder/sine","11.0'","132''","","","Sam Goodwin","2014-10-21","http%3A%2F%2Fwww.ents-bbs.org%2Fviewtopic.php%3Ff%3D86%26t%3D6682%26sid%3Df4a6e4470aee0238cfd4fb23a06e6032","N"
"Eastern White Pine","Pinus strobus","Massachusetts","Hampden","Old Southwick Cemetery","","","","","250225","1","","","","Public-Private","92.0'","Clinometer/laser rangefinder/sine","11.0'","132''","","","Sam Goodwin","2014-10-21","http%3A%2F%2Fwww.ents-bbs.org%2Fviewtopic.php%3Ff%3D86%26t%3D6682%26sid%3Df4a6e4470aee0238cfd4fb23a06e6032","N"
"Eastern White Pine","Pinus strobus","Massachusetts","Hampden","Old Southwick Cemetery","","","","","250224","1","","","","Public-Private","98.0'","Clinometer/laser rangefinder/sine","11.2'","134''","","","Sam Goodwin","2014-10-21","http%3A%2F%2Fwww.ents-bbs.org%2Fviewtopic.php%3Ff%3D86%26t%3D6682%26sid%3Df4a6e4470aee0238cfd4fb23a06e6032","N"
"Maple","Acer spp.","Massachusetts","Hampden","Old Southwick Cemetery","","","","","250227","1","","","","Public-Private","60.0'","Clinometer/laser rangefinder/sine","11.0'","132''","","","Sam Goodwin","2014-10-21","http%3A%2F%2Fwww.ents-bbs.org%2Fviewtopic.php%3Ff%3D86%26t%3D6682%26sid%3Df4a6e4470aee0238cfd4fb23a06e6032","N"
"Sawara False Cypress","Chamaecyparis pisifera","Massachusetts","Hampden","Old Southwick Cemetery","","","","","250223","1","","","","Public-Private","70.0'","Clinometer/laser rangefinder/sine","10.5'","126''","","","Sam Goodwin","2014-10-21","http%3A%2F%2Fwww.ents-bbs.org%2Fviewtopic.php%3Ff%3D86%26t%3D6682%26sid%3Df4a6e4470aee0238cfd4fb23a06e6032","N"
"American Beech","Fagus grandifolia","Massachusetts","Hampden","Robinson State Park","","","Trees were measured in two different coves","","235620","1","","","","Public - state","96.8'","Clinometer/laser rangefinder/sine","5.3'","64''","","","John Eichholz","2006-12-03","http%3A%2F%2Fwww.nativetreesociety.org%2Ffieldtrips%2Fmass%2Frobinson%2Frobinson_state_park_update.htm","N"
"American Beech","Fagus grandifolia","Massachusetts","Hampden","Robinson State Park","","","Trees were measured in two different coves","","235624","1","","","","Public - state","103.0'","Clinometer/laser rangefinder/sine","4.7'","56''","","","John Eichholz","2006-12-03","http%3A%2F%2Fwww.nativetreesociety.org%2Ffieldtrips%2Fmass%2Frobinson%2Frobinson_state_park_update.htm","N"
"American Beech","Fagus grandifolia","Massachusetts","Hampden","Robinson State Park","","","Trees were measured in two different coves","","235623","1","","","","Public - state","104.8'","Clinometer/laser rangefinder/sine","5.2'","62''","","","John Eichholz","2006-12-03","http%3A%2F%2Fwww.nativetreesociety.org%2Ffieldtrips%2Fmass%2Frobinson%2Frobinson_state_park_update.htm","N"
"American Beech","Fagus grandifolia","Massachusetts","Hampden","Robinson State Park","","","Trees were measured in two different coves","","235621","1","","","","Public - state","105.4'","Clinometer/laser rangefinder/sine","6.0'","72''","","","John Eichholz","2006-12-03","http%3A%2F%2Fwww.nativetreesociety.org%2Ffieldtrips%2Fmass%2Frobinson%2Frobinson_state_park_update.htm","N"
"American Beech","Fagus grandifolia","Massachusetts","Hampden","Robinson State Park","","","Trees were measured in two different coves","","235622","1","","","","Public - state","107.6'","Clinometer/laser rangefinder/sine","5.2'","62''","","","John Eichholz","2006-12-03","http%3A%2F%2Fwww.nativetreesociety.org%2Ffieldtrips%2Fmass%2Frobinson%2Frobinson_state_park_update.htm","N"
"Pignut Hickory","Carya glabra","Massachusetts","Hampden","Robinson State Park","","","Trees were measured in two different coves","","235619","1","","","","Public - state","112.1'","Clinometer/laser rangefinder/sine","4.8'","58''","","","John Eichholz","2006-12-03","http%3A%2F%2Fwww.nativetreesociety.org%2Ffieldtrips%2Fmass%2Frobinson%2Frobinson_state_park_update.htm","N"
"Shagbark Hickory","Carya ovata","Massachusetts","Hampden","Robinson State Park","","","Trees were measured in two different coves","","235618","1","","","","Public - state","97.8'","Clinometer/laser rangefinder/sine","","","","","John Eichholz","2006-12-03","http%3A%2F%2Fwww.nativetreesociety.org%2Ffieldtrips%2Fmass%2Frobinson%2Frobinson_state_park_update.htm","N"
"Tuliptree","Liriodendron tulipifera","Massachusetts","Hampden","Robinson State Park","","","Trees were measured in two different coves","","235628","1","","","","Public - state","100.5'","Clinometer/laser rangefinder/sine","9.4'","113''","","","Gary Beluzo","2006-11-29","http%3A%2F%2Fwww.nativetreesociety.org%2Ffieldtrips%2Fmass%2Frobinson%2Frobinson_state_park_update.htm","N"
"Tuliptree","Liriodendron tulipifera","Massachusetts","Hampden","Robinson State Park","","","Trees were measured in two different coves","","235626","1","","","","Public - state","116.5'","Clinometer/laser rangefinder/sine","9.3'","112''","","","Gary Beluzo","2006-11-29","http%3A%2F%2Fwww.nativetreesociety.org%2Ffieldtrips%2Fmass%2Frobinson%2Frobinson_state_park_update.htm","N"
"Tuliptree","Liriodendron tulipifera","Massachusetts","Hampden","Robinson State Park","","","Trees were measured in two different coves","","235625","1","","","","Public - state","117.2'","Clinometer/laser rangefinder/sine","9.5'","114''","","","Gary Beluzo","2006-11-29","http%3A%2F%2Fwww.nativetreesociety.org%2Ffieldtrips%2Fmass%2Frobinson%2Frobinson_state_park_update.htm","N"
"Tuliptree","Liriodendron tulipifera","Massachusetts","Hampden","Robinson State Park","","","Trees were measured in two different coves","","235633","1","","","","Public - state","118.0'","Clinometer/laser rangefinder/sine","8.4'","101''","","","Gary Beluzo","2006-11-29","http%3A%2F%2Fwww.nativetreesociety.org%2Ffieldtrips%2Fmass%2Frobinson%2Frobinson_state_park_update.htm","N"
"Tuliptree","Liriodendron tulipifera","Massachusetts","Hampden","Robinson State Park","","","Trees were measured in two different coves","","235634","1","","","","Public - state","118.3'","Clinometer/laser rangefinder/sine","9.4'","113''","","","Gary Beluzo","2006-11-29","http%3A%2F%2Fwww.nativetreesociety.org%2Ffieldtrips%2Fmass%2Frobinson%2Frobinson_state_park_update.htm","N"
"Tuliptree","Liriodendron tulipifera","Massachusetts","Hampden","Robinson State Park","","","Trees were measured in two different coves","","235612","1","","","","Public - state","118.6'","Clinometer/laser rangefinder/sine","","","","","John Eichholz","2006-12-03","http%3A%2F%2Fwww.nativetreesociety.org%2Ffieldtrips%2Fmass%2Frobinson%2Frobinson_state_park_update.htm","N"
"Tuliptree","Liriodendron tulipifera","Massachusetts","Hampden","Robinson State Park","","","Trees were measured in two different coves","","235631","1","","","","Public - state","119.2'","Clinometer/laser rangefinder/sine","8.5'","102''","","","Gary Beluzo","2006-11-29","http%3A%2F%2Fwww.nativetreesociety.org%2Ffieldtrips%2Fmass%2Frobinson%2Frobinson_state_park_update.htm","N"
"Tuliptree","Liriodendron tulipifera","Massachusetts","Hampden","Robinson State Park","","","Trees were measured in two different coves","","235629","1","","","","Public - state","119.5'","Clinometer/laser rangefinder/sine","11.7'","140''","","","Gary Beluzo","2006-11-29","http%3A%2F%2Fwww.nativetreesociety.org%2Ffieldtrips%2Fmass%2Frobinson%2Frobinson_state_park_update.htm","N"
"Tuliptree","Liriodendron tulipifera","Massachusetts","Hampden","Robinson State Park","","","Trees were measured in two different coves","","235627","1","","","","Public - state","123.6'","Clinometer/laser rangefinder/sine","10.1'","121''","","","Gary Beluzo","2006-11-29","http%3A%2F%2Fwww.nativetreesociety.org%2Ffieldtrips%2Fmass%2Frobinson%2Frobinson_state_park_update.htm","N"
"Tuliptree","Liriodendron tulipifera","Massachusetts","Hampden","Robinson State Park","","","Trees were measured in two different coves","","235611","1","","","","Public - state","123.9'","Clinometer/laser rangefinder/sine","8.5'","102''","","","John Eichholz","2006-12-03","http%3A%2F%2Fwww.nativetreesociety.org%2Ffieldtrips%2Fmass%2Frobinson%2Frobinson_state_park_update.htm","N"
"Tuliptree","Liriodendron tulipifera","Massachusetts","Hampden","Robinson State Park","","","Trees were measured in two different coves","","235632","1","","","","Public - state","126.1'","Clinometer/laser rangefinder/sine","8.6'","103''","","","Gary Beluzo","2006-11-29","http%3A%2F%2Fwww.nativetreesociety.org%2Ffieldtrips%2Fmass%2Frobinson%2Frobinson_state_park_update.htm","N"
"Tuliptree","Liriodendron tulipifera","Massachusetts","Hampden","Robinson State Park","","","Trees were measured in two different coves","","235610","1","","","","Public - state","126.8'","Clinometer/laser rangefinder/sine","11.0'","132''","","","John Eichholz","2006-12-03","http%3A%2F%2Fwww.nativetreesociety.org%2Ffieldtrips%2Fmass%2Frobinson%2Frobinson_state_park_update.htm","N"
"Tuliptree","Liriodendron tulipifera","Massachusetts","Hampden","Robinson State Park","","","Trees were measured in two different coves","","235630","1","","","","Public - state","131.3'","Clinometer/laser rangefinder/sine","12.4'","149''","","","Gary Beluzo","2006-11-29","http%3A%2F%2Fwww.nativetreesociety.org%2Ffieldtrips%2Fmass%2Frobinson%2Frobinson_state_park_update.htm","N"
"Tuliptree","Liriodendron tulipifera","Massachusetts","Hampden","Robinson State Park","","","Trees were measured in two different coves","","235613","1","","","","Public - state","140.9'","Clinometer/laser rangefinder/sine","","","","","John Eichholz","2006-12-03","http%3A%2F%2Fwww.nativetreesociety.org%2Ffieldtrips%2Fmass%2Frobinson%2Frobinson_state_park_update.htm","N"
"White Ash","Fraxinus americana","Massachusetts","Hampden","Robinson State Park","","","Trees were measured in two different coves","","235614","1","","","","Public - state","114.8'","Clinometer/laser rangefinder/sine","5.5'","66''","","","John Eichholz","2006-12-03","http%3A%2F%2Fwww.nativetreesociety.org%2Ffieldtrips%2Fmass%2Frobinson%2Frobinson_state_park_update.htm","N"
"White Ash","Fraxinus americana","Massachusetts","Hampden","Robinson State Park","","","Trees were measured in two different coves","","235617","1","","","","Public - state","129.3'","Clinometer/laser rangefinder/sine","","","","","John Eichholz","2006-12-03","http%3A%2F%2Fwww.nativetreesociety.org%2Ffieldtrips%2Fmass%2Frobinson%2Frobinson_state_park_update.htm","N"
"White Oak","Quercus alba","Massachusetts","Hampden","Robinson State Park","","","Trees were measured in two different coves","","235615","1","","","","Public - state","94.9'","Clinometer/laser rangefinder/sine","","","","","John Eichholz","2006-12-03","http%3A%2F%2Fwww.nativetreesociety.org%2Ffieldtrips%2Fmass%2Frobinson%2Frobinson_state_park_update.htm","N"
"White Oak","Quercus alba","Massachusetts","Hampden","Robinson State Park","","","Trees were measured in two different coves","","235616","1","","","","Public - state","106.3'","Clinometer/laser rangefinder/sine","6.4'","77''","","","John Eichholz","2006-12-03","http%3A%2F%2Fwww.nativetreesociety.org%2Ffieldtrips%2Fmass%2Frobinson%2Frobinson_state_park_update.htm","N"
"Eastern White Pine","Pinus strobus","Massachusetts","Hampden","Southwick Tail Trail","","","6.5 mile trail from MA/CT border to Shaker Road in Wesrfield, MA.","","250083","1","","","","Public - state","80.0'","Clinometer/laser rangefinder/sine","13.5'","162''","","","Sam Goodwin","2011-03-27","http%3A%2F%2Fwww.ents-bbs.org%2Fviewtopic.php%3Ff%3D86%26t%3D2253%26sid%3Df4a6e4470aee0238cfd4fb23a06e6032","N"
"Eastern White Pine","Pinus strobus","Massachusetts","Hampden","Southwick Tail Trail","","","6.5 mile trail from MA/CT border to Shaker Road in Wesrfield, MA.","","250084","1","","","","Public - state","113.0'","Clinometer/laser rangefinder/sine","","","","Multi-stem tree","Sam Goodwin","2011-03-27","http%3A%2F%2Fwww.ents-bbs.org%2Fviewtopic.php%3Ff%3D86%26t%3D2253%26sid%3Df4a6e4470aee0238cfd4fb23a06e6032","N"
"Pitch Pine","Pinus rigida","Massachusetts","Hampden","Southwick Tail Trail","","","6.5 mile trail from MA/CT border to Shaker Road in Wesrfield, MA.","","250085","1","","","","Public - state","85.0'","Clinometer/laser rangefinder/sine","8.8'","106''","","","Sam Goodwin","2011-03-27","http%3A%2F%2Fwww.ents-bbs.org%2Fviewtopic.php%3Ff%3D86%26t%3D2253%26sid%3Df4a6e4470aee0238cfd4fb23a06e6032","N"
"Black Cherry","Prunus serotina var. serotina","Massachusetts","Hampshire","Bryant Woods","42 28.184","-072 55.970","","","6977","1","42 28.184","-072 55.970","1400.0 ft","TTOR","101.5'","Clinometer/laser rangefinder/sine","9.1'","109''","","Largest Black Cherry on property","Robert Leverett","2011-08-15","","N"
"Eastern White Pine","Pinus strobus","Massachusetts","Hampshire","Bryant Woods","42 28.184","-072 55.970","","","6984","1","42 28.184","-072 55.970","1400.0 ft","TTOR","141.5'","Clinometer/laser rangefinder/sine","13.3'","160''","48.0'","Walt Whitman Tree","Robert Leverett","2011-08-15","","N"
"Eastern White Pine","Pinus strobus","Massachusetts","Hampshire","Bryant Woods","42 28.184","-072 55.970","","","6980","1","42 28.184","-072 55.970","1400.0 ft","TTOR","142.6'","Clinometer/laser rangefinder/sine","11.4'","137''","45.0'","Next to Joan Maloof Pine","Robert Leverett","2011-08-15","","N"
"Eastern White Pine","Pinus strobus","Massachusetts","Hampshire","Bryant Woods","42 28.184","-072 55.970","","","6978","1","42 28.184","-072 55.970","1400.0 ft","TTOR","145.0'","Clinometer/laser rangefinder/sine","11.8'","142''","44.0'","Near start of trail","Robert Leverett","2011-08-15","","N"
"Eastern White Pine","Pinus strobus","Massachusetts","Hampshire","Bryant Woods","42 16.670","-072 26.765","","","6974","1","42 16.670","-072 26.765","","TTOR","146.3'","Clinometer/laser rangefinder/sine","9.2'","110''","39.0'","","Robert Leverett","2011-08-15","","N"
"Eastern White Pine","Pinus strobus","Massachusetts","Hampshire","Bryant Woods","42 28.184","-072 55.970","","","6975","1","42 28.184","-072 55.970","1400.0 ft","TTOR","150.4'","Clinometer/laser rangefinder/sine","12.0'","144''","45.0'","The Centurion","Robert Leverett","2011-08-15","","N"
"Eastern White Pine","Pinus strobus","Massachusetts","Hampshire","Bryant Woods","42 28.184","-072 55.970","","","6979","1","42 28.184","-072 55.970","1400.0 ft","TTOR","150.6'","Clinometer/laser rangefinder/sine","11.4'","137''","45.0'","Joan Maloof Pine","Robert Leverett","2011-08-15","","N"
"Eastern White Pine","Pinus strobus","Massachusetts","Hampshire","Bryant Woods","42 28.184","-072 55.970","","","6981","1","42 28.184","-072 55.970","1400.0 ft","TTOR","151.1'","Clinometer/laser rangefinder/sine","9.8'","118''","42.0'","On trail on right beyond Joan Maloof Pines and its neighbor","Robert Leverett","2011-08-15","","N"
"Eastern White Pine","Pinus strobus","Massachusetts","Hampshire","Bryant Woods","42 28.184","-072 55.970","","","6983","1","42 28.184","-072 55.970","1400.0 ft","TTOR","152.7'","Clinometer/laser rangefinder/sine","11.1'","133''","45.0'","Emily Dickinson - On Trail","Robert Leverett","2011-08-15","","N"
"Eastern White Pine","Pinus strobus","Massachusetts","Hampshire","Bryant Woods","42 28.184","-072 55.970","","","6982","1","42 28.184","-072 55.970","1400.0 ft","TTOR","154.7'","Clinometer/laser rangefinder/sine","11.1'","133''","47.0'","Robert Frost Pine","Robert Leverett","2011-08-15","","N"
"Eastern White Pine","Pinus strobus","Massachusetts","Hampshire","Bryant Woods","42 28.184","-072 55.970","","","6976","1","42 28.184","-072 55.970","1400.0 ft","TTOR","157.1'","Clinometer/laser rangefinder/sine","10.3'","124''","45.0'","Bryant Pine, tallest in stand","Robert Leverett","2011-08-15","","N"
"Pitch Pine","Pinus rigida","Massachusetts","Hampshire","DAR State Forest","","","1728 Acres","","235849","1","","","","Public - state","51.5'","Clinometer/laser rangefinder/sine","5.2'","62''","","","Jeff Lacoy","2009-02-06","http%3A%2F%2Fwww.nativetreesociety.org%2Ffieldtrips%2Fmass%2Fday_hike_report_2609.htm","N"
"Pitch Pine","Pinus rigida","Massachusetts","Hampshire","DAR State Forest","","","1728 Acres","","235848","1","","","","Public - state","77.6'","Clinometer/laser rangefinder/sine","6.2'","74''","","","Jeff Lacoy","2009-02-06","http%3A%2F%2Fwww.nativetreesociety.org%2Ffieldtrips%2Fmass%2Fday_hike_report_2609.htm","N"
"Tuliptree","Liriodendron tulipifera","Massachusetts","Hampshire","Emily Dickinson House And Museum","","","","","235850","1","","","","Public - state","123.4'","Clinometer/laser rangefinder/sine","11.3'","136''","","","Andrew Joslin","2009-02-22","http%3A%2F%2Fwww.nativetreesociety.org%2Ffieldtrips%2Fmass%2Famherst_hadley1.htm","N"
"White Oak","Quercus alba","Massachusetts","Hampshire","Emily Dickinson House And Museum","","","","","235851","1","","","","Public - state","6.1'","Clinometer/laser rangefinder/sine","13.3'","160''","114.0'","Crown Spread is maximum","Andrew Joslin","2009-02-22","http%3A%2F%2Fwww.nativetreesociety.org%2Ffieldtrips%2Fmass%2Famherst_hadley1.htm","N"
"Eastern White Pine","Pinus strobus","Massachusetts","Hampshire","Herman Covey Wildlife Management Area","","","1474 acres","","250232","1","","","","Public - state","95.0'","Clinometer/laser rangefinder/sine","7.4'","89''","","Height is Not Less Than(NLT)","Sam Goodwin","2014-10-31","http%3A%2F%2Fwww.ents-bbs.org%2Fviewtopic.php%3Ff%3D86%26t%3D6702%26sid%3Dda554d1b3f9b89985fc2d3a27bfc32d5","N"
"Northern Red Oak","Quercus rubra","Massachusetts","Hampshire","Herman Covey Wildlife Management Area","","","1474 acres","","250231","1","","","","Public - state","80.0'","Clinometer/laser rangefinder/sine","12.2'","146''","","Height is Not Less Than(NLT)","Sam Goodwin","2014-10-31","http%3A%2F%2Fwww.ents-bbs.org%2Fviewtopic.php%3Ff%3D86%26t%3D6702%26sid%3Dda554d1b3f9b89985fc2d3a27bfc32d5","N"
"Sugar Maple","Acer saccharum","Massachusetts","Hampshire","Herman Covey Wildlife Management Area","","","1474 acres","","250229","1","","","","Public - state","60.0'","Clinometer/laser rangefinder/sine","12.6'","151''","","","Sam Goodwin","2014-10-31","http%3A%2F%2Fwww.ents-bbs.org%2Fviewtopic.php%3Ff%3D86%26t%3D6702%26sid%3Dda554d1b3f9b89985fc2d3a27bfc32d5","N"
"Sugar Maple","Acer saccharum","Massachusetts","Hampshire","Herman Covey Wildlife Management Area","","","1474 acres","","250230","1","","","","Public - state","60.0'","Clinometer/laser rangefinder/sine","12.0'","144''","","","Sam Goodwin","2014-10-31","http%3A%2F%2Fwww.ents-bbs.org%2Fviewtopic.php%3Ff%3D86%26t%3D6702%26sid%3Dda554d1b3f9b89985fc2d3a27bfc32d5","N"
"Sugar Maple","Acer saccharum","Massachusetts","Hampshire","Herman Covey Wildlife Management Area","","","1474 acres","","250228","1","","","","Public - state","65.0'","Clinometer/laser rangefinder/sine","","","","Multi-stem tree","Sam Goodwin","2014-10-31","http%3A%2F%2Fwww.ents-bbs.org%2Fviewtopic.php%3Ff%3D86%26t%3D6702%26sid%3Dda554d1b3f9b89985fc2d3a27bfc32d5","N"
"Eastern Hemlock","Tsuga canadensis","Massachusetts","Hampshire","Lower Broad Brook","42 21.063","-072 40.641","","","19221","1","42 21.063","-072 40.641","235.0 ft","Private","114.0'","Clinometer/laser rangefinder/sine","8.0'","96''","42.0'","","Robert Leverett","2012-01-20","","N"
"Eastern White Pine","Pinus strobus","Massachusetts","Hampshire","Lower Broad Brook","42 21.063","-072 40.641","","","19217","1","42 21.063","-072 40.641","220.0 ft","Private","135.0'","Clinometer/laser rangefinder/sine","6.8'","82''","35.0'","","Robert Leverett","2012-01-20","","N"
"Northern Red Oak","Quercus rubra var. rubra","Massachusetts","Hampshire","Lower Broad Brook","42 21.063","-072 40.641","","","19216","1","42 21.063","-072 40.641","220.0 ft","Private","115.1'","Clinometer/laser rangefinder/sine","6.5'","78''","55.0'","","Robert Leverett","2012-01-20","","N"
"Red Maple","Acer rubrum","Massachusetts","Hampshire","Lower Broad Brook","42 21.063","-072 40.641","","","19219","1","42 21.063","-072 40.641","220.0 ft","Private","100.5'","Clinometer/laser rangefinder/sine","5.5'","66''","45.0'","","Robert Leverett","2012-01-20","","N"
"Tuliptree","Liriodendron tulipifera","Massachusetts","Hampshire","Lower Broad Brook","42 21.082","-072 40.664","","","2388","1","42 21.082","-072 40.664","250.0 ft","Private","126.0'","Clinometer/laser rangefinder/sine","6.7'","80''","47.0'","Monica's Tuliptree","Robert Leverett","2011-03-19","","N"
"Tuliptree","Liriodendron tulipifera","Massachusetts","Hampshire","Lower Broad Brook","42 21.063","-072 40.641","","","19218","1","42 21.063","-072 40.641","220.0 ft","Private","126.7'","Clinometer/laser rangefinder/sine","6.0'","72''","45.0'","","Robert Leverett","2012-01-20","","N"
"Tuliptree","Liriodendron tulipifera","Massachusetts","Hampshire","Lower Broad Brook","42 21.082","-072 40.664","","","2387","1","42 21.082","-072 40.664","250.0 ft","Private","130.3'","Clinometer/laser rangefinder/sine","6.8'","82''","50.0'","","Robert Leverett","2011-03-19","","N"
"White Ash","Fraxinus americana","Massachusetts","Hampshire","Lower Broad Brook","42 21.063","-072 40.641","","","19220","1","42 21.063","-072 40.641","220.0 ft","Private","106.0'","Clinometer/laser rangefinder/sine","5.8'","70''","40.0'","","Robert Leverett","2012-01-20","","N"
"Dawn Redwood","Metasequoia glyptostroboides","Massachusetts","Hampshire","Mount Holyoke College","","","","","235852","1","","","","Private","79.0'","Clinometer/laser rangefinder/sine","","","","","Andrew Joslin","2009-02-22","http%3A%2F%2Fwww.nativetreesociety.org%2Ffieldtrips%2Fmass%2Famherst_hadley1.htm","N"
"Northern Red Oak","Quercus rubra","Massachusetts","Hampshire","Mount Holyoke College","","","","","235853","1","","","","Private","87.2'","Clinometer/laser rangefinder/sine","15.5'","186''","","","Andrew Joslin","2009-02-22","http%3A%2F%2Fwww.nativetreesociety.org%2Ffieldtrips%2Fmass%2Famherst_hadley1.htm","N"
"Sweetgum","Liquidambar styraciflua","Massachusetts","Hampshire","Mount Holyoke College","","","","","235854","1","","","","Private","51.5'","Clinometer/laser rangefinder/sine","5.2'","62''","","","Andrew Joslin","2009-02-22","http%3A%2F%2Fwww.nativetreesociety.org%2Ffieldtrips%2Fmass%2Famherst_hadley1.htm","N"
"Eastern Hemlock","Tsuga canadensis","Massachusetts","Middlesex","Cobb Memorial Forest","","","47 Acres","","250343","1","","","","Public - state","100.0'","Clinometer/laser rangefinder/sine","6.6'","79''","50.0'","","Jared Lockwood","2016-04-17","http%3A%2F%2Fwww.ents-bbs.org%2Fviewtopic.php%3Ff%3D86%26t%3D7631%26sid%3De52ef5bd464b38a87863ea9c1bde70dd","N"
"Eastern White Pine","Pinus strobus","Massachusetts","Middlesex","Cobb Memorial Forest","","","47 Acres","","250340","1","","","","Public - state","119.3'","Clinometer/laser rangefinder/sine","9.9'","119''","","","Jared Lockwood","2016-04-17","http%3A%2F%2Fwww.ents-bbs.org%2Fviewtopic.php%3Ff%3D86%26t%3D7631%26sid%3De52ef5bd464b38a87863ea9c1bde70dd","N"
"Eastern White Pine","Pinus strobus","Massachusetts","Middlesex","Cobb Memorial Forest","","","47 Acres","","250341","1","","","","Public - state","125.0'","Clinometer/laser rangefinder/sine","7.8'","94''","","","Jared Lockwood","2016-04-17","http%3A%2F%2Fwww.ents-bbs.org%2Fviewtopic.php%3Ff%3D86%26t%3D7631%26sid%3De52ef5bd464b38a87863ea9c1bde70dd","N"
"Eastern White Pine","Pinus strobus","Massachusetts","Middlesex","Cobb Memorial Forest","","","47 Acres","","250339","1","","","","Public - state","130.5'","Clinometer/laser rangefinder/sine","9.0'","108''","","","Jared Lockwood","2016-04-17","http%3A%2F%2Fwww.ents-bbs.org%2Fviewtopic.php%3Ff%3D86%26t%3D7631%26sid%3De52ef5bd464b38a87863ea9c1bde70dd","N"
"Hickory","Carya spp.","Massachusetts","Middlesex","Cobb Memorial Forest","","","47 Acres","","250345","1","","","","Public - state","105.0'","Clinometer/laser rangefinder/sine","10.0'","120''","","Height is Not Less Than(NLT)","Jared Lockwood","2016-04-17","http%3A%2F%2Fwww.ents-bbs.org%2Fviewtopic.php%3Ff%3D86%26t%3D7631%26sid%3De52ef5bd464b38a87863ea9c1bde70dd","N"
"Sweet Birch","Betula lenta","Massachusetts","Middlesex","Cobb Memorial Forest","","","47 Acres","","250342","1","","","","Public - state","85.9'","Clinometer/laser rangefinder/sine","","","","Height is Not Less Than(NLT)
Probable multi-stem tree.","Jared Lockwood","2016-04-17","http%3A%2F%2Fwww.ents-bbs.org%2Fviewtopic.php%3Ff%3D86%26t%3D7631%26sid%3De52ef5bd464b38a87863ea9c1bde70dd","N"
"Sweet Birch","Betula lenta","Massachusetts","Middlesex","Cobb Memorial Forest","","","47 Acres","","250344","1","","","","Public - state","95.0'","Clinometer/laser rangefinder/sine","7.2'","86''","","","Jared Lockwood","2016-04-17","http%3A%2F%2Fwww.ents-bbs.org%2Fviewtopic.php%3Ff%3D86%26t%3D7631%26sid%3De52ef5bd464b38a87863ea9c1bde70dd","N"
"American Elm","Ulmus americana","Massachusetts","Middlesex","Codman-North Conservation Area","","","16 Acres","","250926","1","","","","Public - city","100.3'","Clinometer/laser rangefinder/sine","6.4'","77''","","","Jared Lockwood","2017-09-23","http%3A%2F%2Fwww.ents-bbs.org%2Fviewtopic.php%3Ff%3D86%26t%3D8095%26sid%3Df01aed3bab3c2b41d036f39fba3b6a91","N"
"Black Oak","Quercus velutina","Massachusetts","Middlesex","Codman-North Conservation Area","","","16 Acres","","250916","1","","","","Public - city","81.6'","Clinometer/laser rangefinder/sine","8.8'","106''","","","Jared Lockwood","2017-09-23","http%3A%2F%2Fwww.ents-bbs.org%2Fviewtopic.php%3Ff%3D86%26t%3D8095%26sid%3Df01aed3bab3c2b41d036f39fba3b6a91","N"
"Black Oak","Quercus velutina","Massachusetts","Middlesex","Codman-North Conservation Area","","","16 Acres","","250917","1","","","","Public - city","87.1'","Clinometer/laser rangefinder/sine","6.9'","83''","","","Jared Lockwood","2017-09-23","http%3A%2F%2Fwww.ents-bbs.org%2Fviewtopic.php%3Ff%3D86%26t%3D8095%26sid%3Df01aed3bab3c2b41d036f39fba3b6a91","N"
"Black Oak","Quercus velutina","Massachusetts","Middlesex","Codman-North Conservation Area","","","16 Acres","","250918","1","","","","Public - city","88.0'","Clinometer/laser rangefinder/sine","7.2'","86''","","","Jared Lockwood","2017-09-23","http%3A%2F%2Fwww.ents-bbs.org%2Fviewtopic.php%3Ff%3D86%26t%3D8095%26sid%3Df01aed3bab3c2b41d036f39fba3b6a91","N"
"Butternut","Juglans cinerea","Massachusetts","Middlesex","Codman-North Conservation Area","","","16 Acres","","250928","1","","","","Public - city","96.3'","Clinometer/laser rangefinder/sine","4.3'","52''","","","Jared Lockwood","2017-09-23","http%3A%2F%2Fwww.ents-bbs.org%2Fviewtopic.php%3Ff%3D86%26t%3D8095%26sid%3Df01aed3bab3c2b41d036f39fba3b6a91","N"
"Common Winterberry","Ilex verticillata","Massachusetts","Middlesex","Codman-North Conservation Area","","","16 Acres","","250929","1","","","","Public - city","21.7'","Clinometer/laser rangefinder/sine","","","0.6'","","Jared Lockwood","2017-09-23","http%3A%2F%2Fwww.ents-bbs.org%2Fviewtopic.php%3Ff%3D86%26t%3D8095%26sid%3Df01aed3bab3c2b41d036f39fba3b6a91","N"
"Eastern Hemlock","Tsuga canadensis","Massachusetts","Middlesex","Codman-North Conservation Area","","","16 Acres","","250901","1","","","","Public - city","10.7'","Clinometer/laser rangefinder/sine","8.3'","100''","","","Jared Lockwood","2017-09-23","http%3A%2F%2Fwww.ents-bbs.org%2Fviewtopic.php%3Ff%3D86%26t%3D8095%26sid%3Df01aed3bab3c2b41d036f39fba3b6a91","N"
"Eastern Hemlock","Tsuga canadensis","Massachusetts","Middlesex","Codman-North Conservation Area","","","16 Acres","","250882","1","","","","Public - city","109.1'","Clinometer/laser rangefinder/sine","12.0'","144''","","","Jared Lockwood","2017-09-23","http%3A%2F%2Fwww.ents-bbs.org%2Fviewtopic.php%3Ff%3D86%26t%3D8095%26sid%3Df01aed3bab3c2b41d036f39fba3b6a91","N"
"Eastern Hemlock","Tsuga canadensis","Massachusetts","Middlesex","Codman-North Conservation Area","","","16 Acres","","250883","1","","","","Public - city","110.4'","Clinometer/laser rangefinder/sine","7.9'","95''","","","Jared Lockwood","2017-09-23","http%3A%2F%2Fwww.ents-bbs.org%2Fviewtopic.php%3Ff%3D86%26t%3D8095%26sid%3Df01aed3bab3c2b41d036f39fba3b6a91","N"
"Eastern Hemlock","Tsuga canadensis","Massachusetts","Middlesex","Codman-North Conservation Area","","","16 Acres","","250884","1","","","","Public - city","111.1'","Clinometer/laser rangefinder/sine","6.0'","72''","","","Jared Lockwood","2017-09-23","http%3A%2F%2Fwww.ents-bbs.org%2Fviewtopic.php%3Ff%3D86%26t%3D8095%26sid%3Df01aed3bab3c2b41d036f39fba3b6a91","N"
"Eastern Hemlock","Tsuga canadensis","Massachusetts","Middlesex","Codman-North Conservation Area","","","16 Acres","","250886","1","","","","Public - city","112.4'","Clinometer/laser rangefinder/sine","7.1'","85''","","","Jared Lockwood","2017-09-23","http%3A%2F%2Fwww.ents-bbs.org%2Fviewtopic.php%3Ff%3D86%26t%3D8095%26sid%3Df01aed3bab3c2b41d036f39fba3b6a91","N"
"Eastern Hemlock","Tsuga canadensis","Massachusetts","Middlesex","Codman-North Conservation Area","","","16 Acres","","250885","1","","","","Public - city","113.2'","Clinometer/laser rangefinder/sine","7.9'","95''","","","Jared Lockwood","2017-09-23","http%3A%2F%2Fwww.ents-bbs.org%2Fviewtopic.php%3Ff%3D86%26t%3D8095%26sid%3Df01aed3bab3c2b41d036f39fba3b6a91","N"
"Eastern Hemlock","Tsuga canadensis","Massachusetts","Middlesex","Codman-North Conservation Area","","","16 Acres","","250887","1","","","","Public - city","114.8'","Clinometer/laser rangefinder/sine","10.2'","122''","","","Jared Lockwood","2017-09-23","http%3A%2F%2Fwww.ents-bbs.org%2Fviewtopic.php%3Ff%3D86%26t%3D8095%26sid%3Df01aed3bab3c2b41d036f39fba3b6a91","N"
"Eastern Hemlock","Tsuga canadensis","Massachusetts","Middlesex","Codman-North Conservation Area","","","16 Acres","","250888","1","","","","Public - city","115.1'","Clinometer/laser rangefinder/sine","6.5'","78''","","","Jared Lockwood","2017-09-23","http%3A%2F%2Fwww.ents-bbs.org%2Fviewtopic.php%3Ff%3D86%26t%3D8095%26sid%3Df01aed3bab3c2b41d036f39fba3b6a91","N"
"Eastern Hemlock","Tsuga canadensis","Massachusetts","Middlesex","Codman-North Conservation Area","","","16 Acres","","250889","1","","","","Public - city","116.6'","Clinometer/laser rangefinder/sine","7.6'","91''","","","Jared Lockwood","2017-09-23","http%3A%2F%2Fwww.ents-bbs.org%2Fviewtopic.php%3Ff%3D86%26t%3D8095%26sid%3Df01aed3bab3c2b41d036f39fba3b6a91","N"
"Eastern Hemlock","Tsuga canadensis","Massachusetts","Middlesex","Codman-North Conservation Area","","","16 Acres","","250890","1","","","","Public - city","118.1'","Clinometer/laser rangefinder/sine","9.4'","113''","","","Jared Lockwood","2017-09-23","http%3A%2F%2Fwww.ents-bbs.org%2Fviewtopic.php%3Ff%3D86%26t%3D8095%26sid%3Df01aed3bab3c2b41d036f39fba3b6a91","N"
"Eastern Hemlock","Tsuga canadensis","Massachusetts","Middlesex","Codman-North Conservation Area","","","16 Acres","","250891","1","","","","Public - city","118.3'","Clinometer/laser rangefinder/sine","9.3'","112''","","","Jared Lockwood","2017-09-23","http%3A%2F%2Fwww.ents-bbs.org%2Fviewtopic.php%3Ff%3D86%26t%3D8095%26sid%3Df01aed3bab3c2b41d036f39fba3b6a91","N"
"Eastern Hemlock","Tsuga canadensis","Massachusetts","Middlesex","Codman-North Conservation Area","","","16 Acres","","250892","1","","","","Public - city","119.0'","Clinometer/laser rangefinder/sine","10.8'","130''","","","Jared Lockwood","2017-09-23","http%3A%2F%2Fwww.ents-bbs.org%2Fviewtopic.php%3Ff%3D86%26t%3D8095%26sid%3Df01aed3bab3c2b41d036f39fba3b6a91","N"
"Eastern Hemlock","Tsuga canadensis","Massachusetts","Middlesex","Codman-North Conservation Area","","","16 Acres","","250893","1","","","","Public - city","119.2'","Clinometer/laser rangefinder/sine","9.2'","110''","","","Jared Lockwood","2017-09-23","http%3A%2F%2Fwww.ents-bbs.org%2Fviewtopic.php%3Ff%3D86%26t%3D8095%26sid%3Df01aed3bab3c2b41d036f39fba3b6a91","N"
"Eastern Hemlock","Tsuga canadensis","Massachusetts","Middlesex","Codman-North Conservation Area","","","16 Acres","","250894","1","","","","Public - city","119.6'","Clinometer/laser rangefinder/sine","8.0'","96''","","","Jared Lockwood","2017-09-23","http%3A%2F%2Fwww.ents-bbs.org%2Fviewtopic.php%3Ff%3D86%26t%3D8095%26sid%3Df01aed3bab3c2b41d036f39fba3b6a91","N"
"Eastern Hemlock","Tsuga canadensis","Massachusetts","Middlesex","Codman-North Conservation Area","","","16 Acres","","250895","1","","","","Public - city","120.1'","Clinometer/laser rangefinder/sine","7.4'","89''","","","Jared Lockwood","2017-09-23","http%3A%2F%2Fwww.ents-bbs.org%2Fviewtopic.php%3Ff%3D86%26t%3D8095%26sid%3Df01aed3bab3c2b41d036f39fba3b6a91","N"
"Eastern Hemlock","Tsuga canadensis","Massachusetts","Middlesex","Codman-North Conservation Area","","","16 Acres","","250896","1","","","","Public - city","120.4'","Clinometer/laser rangefinder/sine","9.9'","119''","","","Jared Lockwood","2017-09-23","http%3A%2F%2Fwww.ents-bbs.org%2Fviewtopic.php%3Ff%3D86%26t%3D8095%26sid%3Df01aed3bab3c2b41d036f39fba3b6a91","N"
"Eastern Hemlock","Tsuga canadensis","Massachusetts","Middlesex","Codman-North Conservation Area","","","16 Acres","","250897","1","","","","Public - city","123.3'","Clinometer/laser rangefinder/sine","8.8'","106''","","","Jared Lockwood","2017-09-23","http%3A%2F%2Fwww.ents-bbs.org%2Fviewtopic.php%3Ff%3D86%26t%3D8095%26sid%3Df01aed3bab3c2b41d036f39fba3b6a91","N"
"Eastern Hemlock","Tsuga canadensis","Massachusetts","Middlesex","Codman-North Conservation Area","","","16 Acres","","250898","1","","","","Public - city","123.4'","Clinometer/laser rangefinder/sine","8.5'","102''","","","Jared Lockwood","2017-09-23","http%3A%2F%2Fwww.ents-bbs.org%2Fviewtopic.php%3Ff%3D86%26t%3D8095%26sid%3Df01aed3bab3c2b41d036f39fba3b6a91","N"
"Eastern Hemlock","Tsuga canadensis","Massachusetts","Middlesex","Codman-North Conservation Area","","","16 Acres","","250899","1","","","","Public - city","125.3'","Clinometer/laser rangefinder/sine","7.4'","89''","","","Jared Lockwood","2017-09-23","http%3A%2F%2Fwww.ents-bbs.org%2Fviewtopic.php%3Ff%3D86%26t%3D8095%26sid%3Df01aed3bab3c2b41d036f39fba3b6a91","N"
"Eastern Hemlock","Tsuga canadensis","Massachusetts","Middlesex","Codman-North Conservation Area","","","16 Acres","","250900","1","","","","Public - city","125.6'","Clinometer/laser rangefinder/sine","8.0'","96''","","","Jared Lockwood","2017-09-23","http%3A%2F%2Fwww.ents-bbs.org%2Fviewtopic.php%3Ff%3D86%26t%3D8095%26sid%3Df01aed3bab3c2b41d036f39fba3b6a91","N"
"Eastern White Pine","Pinus strobus","Massachusetts","Middlesex","Codman-North Conservation Area","","","16 Acres","","250902","1","","","","Public - city","112.7'","Clinometer/laser rangefinder/sine","7.6'","91''","","","Jared Lockwood","2017-09-23","http%3A%2F%2Fwww.ents-bbs.org%2Fviewtopic.php%3Ff%3D86%26t%3D8095%26sid%3Df01aed3bab3c2b41d036f39fba3b6a91","N"
"Eastern White Pine","Pinus strobus","Massachusetts","Middlesex","Codman-North Conservation Area","","","16 Acres","","250903","1","","","","Public - city","120.3'","Clinometer/laser rangefinder/sine","5.5'","66''","","","Jared Lockwood","2017-09-23","http%3A%2F%2Fwww.ents-bbs.org%2Fviewtopic.php%3Ff%3D86%26t%3D8095%26sid%3Df01aed3bab3c2b41d036f39fba3b6a91","N"
"Eastern White Pine","Pinus strobus","Massachusetts","Middlesex","Codman-North Conservation Area","","","16 Acres","","250904","1","","","","Public - city","121.7'","Clinometer/laser rangefinder/sine","7.6'","91''","","","Jared Lockwood","2017-09-23","http%3A%2F%2Fwww.ents-bbs.org%2Fviewtopic.php%3Ff%3D86%26t%3D8095%26sid%3Df01aed3bab3c2b41d036f39fba3b6a91","N"
"Eastern White Pine","Pinus strobus","Massachusetts","Middlesex","Codman-North Conservation Area","","","16 Acres","","250905","1","","","","Public - city","128.3'","Clinometer/laser rangefinder/sine","9.7'","116''","","","Jared Lockwood","2017-09-23","http%3A%2F%2Fwww.ents-bbs.org%2Fviewtopic.php%3Ff%3D86%26t%3D8095%26sid%3Df01aed3bab3c2b41d036f39fba3b6a91","N"
"Northern Red Oak","Quercus rubra","Massachusetts","Middlesex","Codman-North Conservation Area","","","16 Acres","","250906","1","","","","Public - city","91.8'","Clinometer/laser rangefinder/sine","10.5'","126''","","","Jared Lockwood","2017-09-23","http%3A%2F%2Fwww.ents-bbs.org%2Fviewtopic.php%3Ff%3D86%26t%3D8095%26sid%3Df01aed3bab3c2b41d036f39fba3b6a91","N"
"Northern Red Oak","Quercus rubra","Massachusetts","Middlesex","Codman-North Conservation Area","","","16 Acres","","250907","1","","","","Public - city","96.9'","Clinometer/laser rangefinder/sine","8.2'","98''","","","Jared Lockwood","2017-09-23","http%3A%2F%2Fwww.ents-bbs.org%2Fviewtopic.php%3Ff%3D86%26t%3D8095%26sid%3Df01aed3bab3c2b41d036f39fba3b6a91","N"
"Northern Red Oak","Quercus rubra","Massachusetts","Middlesex","Codman-North Conservation Area","","","16 Acres","","250908","1","","","","Public - city","100.8'","Clinometer/laser rangefinder/sine","8.8'","106''","","","Jared Lockwood","2017-09-23","http%3A%2F%2Fwww.ents-bbs.org%2Fviewtopic.php%3Ff%3D86%26t%3D8095%26sid%3Df01aed3bab3c2b41d036f39fba3b6a91","N"
"Northern Red Oak","Quercus rubra","Massachusetts","Middlesex","Codman-North Conservation Area","","","16 Acres","","250909","1","","","","Public - city","101.2'","Clinometer/laser rangefinder/sine","10.0'","120''","","","Jared Lockwood","2017-09-23","http%3A%2F%2Fwww.ents-bbs.org%2Fviewtopic.php%3Ff%3D86%26t%3D8095%26sid%3Df01aed3bab3c2b41d036f39fba3b6a91","N"
"Northern Red Oak","Quercus rubra","Massachusetts","Middlesex","Codman-North Conservation Area","","","16 Acres","","250910","1","","","","Public - city","102.2'","Clinometer/laser rangefinder/sine","9.9'","119''","","","Jared Lockwood","2017-09-23","http%3A%2F%2Fwww.ents-bbs.org%2Fviewtopic.php%3Ff%3D86%26t%3D8095%26sid%3Df01aed3bab3c2b41d036f39fba3b6a91","N"
"Northern Red Oak","Quercus rubra","Massachusetts","Middlesex","Codman-North Conservation Area","","","16 Acres","","250911","1","","","","Public - city","102.8'","Clinometer/laser rangefinder/sine","4.8'","58''","","","Jared Lockwood","2017-09-23","http%3A%2F%2Fwww.ents-bbs.org%2Fviewtopic.php%3Ff%3D86%26t%3D8095%26sid%3Df01aed3bab3c2b41d036f39fba3b6a91","N"
"Northern Red Oak","Quercus rubra","Massachusetts","Middlesex","Codman-North Conservation Area","","","16 Acres","","250912","1","","","","Public - city","112.4'","Clinometer/laser rangefinder/sine","11.3'","136''","","","Jared Lockwood","2017-09-23","http%3A%2F%2Fwww.ents-bbs.org%2Fviewtopic.php%3Ff%3D86%26t%3D8095%26sid%3Df01aed3bab3c2b41d036f39fba3b6a91","N"
"Pignut Hickory","Carya glabra","Massachusetts","Middlesex","Codman-North Conservation Area","","","16 Acres","","250921","1","","","","Public - city","89.9'","Clinometer/laser rangefinder/sine","3.9'","47''","","","Jared Lockwood","2017-09-23","http%3A%2F%2Fwww.ents-bbs.org%2Fviewtopic.php%3Ff%3D86%26t%3D8095%26sid%3Df01aed3bab3c2b41d036f39fba3b6a91","N"
"Pignut Hickory","Carya glabra","Massachusetts","Middlesex","Codman-North Conservation Area","","","16 Acres","","250922","1","","","","Public - city","107.9'","Clinometer/laser rangefinder/sine","4.3'","52''","","","Jared Lockwood","2017-09-23","http%3A%2F%2Fwww.ents-bbs.org%2Fviewtopic.php%3Ff%3D86%26t%3D8095%26sid%3Df01aed3bab3c2b41d036f39fba3b6a91","N"
"Red Maple","Acer rubrum","Massachusetts","Middlesex","Codman-North Conservation Area","","","16 Acres","","250923","1","","","","Public - city","96.9'","Clinometer/laser rangefinder/sine","5.2'","62''","","","Jared Lockwood","2017-09-23","http%3A%2F%2Fwww.ents-bbs.org%2Fviewtopic.php%3Ff%3D86%26t%3D8095%26sid%3Df01aed3bab3c2b41d036f39fba3b6a91","N"
"Red Maple","Acer rubrum","Massachusetts","Middlesex","Codman-North Conservation Area","","","16 Acres","","250924","1","","","","Public - city","98.2'","Clinometer/laser rangefinder/sine","5.0'","60''","","","Jared Lockwood","2017-09-23","http%3A%2F%2Fwww.ents-bbs.org%2Fviewtopic.php%3Ff%3D86%26t%3D8095%26sid%3Df01aed3bab3c2b41d036f39fba3b6a91","N"
"Red Maple","Acer rubrum","Massachusetts","Middlesex","Codman-North Conservation Area","","","16 Acres","","250925","1","","","","Public - city","101.4'","Clinometer/laser rangefinder/sine","","","4.8'","","Jared Lockwood","2017-09-23","http%3A%2F%2Fwww.ents-bbs.org%2Fviewtopic.php%3Ff%3D86%26t%3D8095%26sid%3Df01aed3bab3c2b41d036f39fba3b6a91","N"
"Sweet Birch","Betula lenta","Massachusetts","Middlesex","Codman-North Conservation Area","","","16 Acres","","250927","1","","","","Public - city","107.2'","Clinometer/laser rangefinder/sine","5.2'","62''","","","Jared Lockwood","2017-09-23","http%3A%2F%2Fwww.ents-bbs.org%2Fviewtopic.php%3Ff%3D86%26t%3D8095%26sid%3Df01aed3bab3c2b41d036f39fba3b6a91","N"
"White Ash","Fraxinus americana","Massachusetts","Middlesex","Codman-North Conservation Area","","","16 Acres","","250919","1","","","","Public - city","99.2'","Clinometer/laser rangefinder/sine","3.7'","44''","","","Jared Lockwood","2017-09-23","http%3A%2F%2Fwww.ents-bbs.org%2Fviewtopic.php%3Ff%3D86%26t%3D8095%26sid%3Df01aed3bab3c2b41d036f39fba3b6a91","N"
"White Ash","Fraxinus americana","Massachusetts","Middlesex","Codman-North Conservation Area","","","16 Acres","","250920","1","","","","Public - city","99.3'","Clinometer/laser rangefinder/sine","5.8'","70''","","","Jared Lockwood","2017-09-23","http%3A%2F%2Fwww.ents-bbs.org%2Fviewtopic.php%3Ff%3D86%26t%3D8095%26sid%3Df01aed3bab3c2b41d036f39fba3b6a91","N"
"White Oak","Quercus alba","Massachusetts","Middlesex","Codman-North Conservation Area","","","16 Acres","","250913","1","","","","Public - city","88.9'","Clinometer/laser rangefinder/sine","10.9'","131''","","","Jared Lockwood","2017-09-23","http%3A%2F%2Fwww.ents-bbs.org%2Fviewtopic.php%3Ff%3D86%26t%3D8095%26sid%3Df01aed3bab3c2b41d036f39fba3b6a91","N"
"White Oak","Quercus alba","Massachusetts","Middlesex","Codman-North Conservation Area","","","16 Acres","","250914","1","","","","Public - city","92.1'","Clinometer/laser rangefinder/sine","9.2'","110''","","","Jared Lockwood","2017-09-23","http%3A%2F%2Fwww.ents-bbs.org%2Fviewtopic.php%3Ff%3D86%26t%3D8095%26sid%3Df01aed3bab3c2b41d036f39fba3b6a91","N"
"White Oak","Quercus alba","Massachusetts","Middlesex","Codman-North Conservation Area","","","16 Acres","","250915","1","","","","Public - city","98.4'","Clinometer/laser rangefinder/sine","8.0'","96''","","","Jared Lockwood","2017-09-23","http%3A%2F%2Fwww.ents-bbs.org%2Fviewtopic.php%3Ff%3D86%26t%3D8095%26sid%3Df01aed3bab3c2b41d036f39fba3b6a91","N"
"Eastern White Pine","Pinus strobus","Massachusetts","Middlesex","Mount Misery Conservation Area","42 25.066","-071 21.226","227 Acres","","250540","2","42 25.066","-071 21.226","","Public - city","135.3'","Clinometer/laser rangefinder/sine","10.3'","124''","","","Doug Bidlack, Jared Lockwood","2017-06-28","http%3A%2F%2Fwww.ents-bbs.org%2Fviewtopic.php%3Ff%3D86%26t%3D6738%26sid%3D52d7fef5ff3eb844da190294bb3c38a0","N"
"Pitch Pine","Pinus rigida","Massachusetts","Middlesex","Mount Misery Conservation Area","42 25.066","-071 21.234","227 Acres","","250541","2","42 25.066","-071 21.234","","Public - city","102.8'","Clinometer/laser rangefinder/sine","4.4'","53''","","","Doug Bidlack, Jared Lockwood","2017-06-28","http%3A%2F%2Fwww.ents-bbs.org%2Fviewtopic.php%3Ff%3D86%26t%3D6738%26sid%3D52d7fef5ff3eb844da190294bb3c38a0","N"
"Scots Pine","Pinus sylvestris","Massachusetts","Middlesex","Mount Misery Conservation Area","","","227 Acres","","250675","1","","","","Public - city","98.7'","Clinometer/laser rangefinder/sine","4.4'","53''","","","Jared Lockwood","2017-06-28","http%3A%2F%2Fwww.ents-bbs.org%2Fviewtopic.php%3Ff%3D86%26t%3D6738%26sid%3D52d7fef5ff3eb844da190294bb3c38a0","N"
"Sweet Birch","Betula lenta","Massachusetts","Middlesex","Mount Misery Conservation Area","","","227 Acres","","250547","1","","","","Public - city","84.4'","Clinometer/laser rangefinder/sine","","","","","Doug Bidlack","2014-11-16","http%3A%2F%2Fwww.ents-bbs.org%2Fviewtopic.php%3Ff%3D86%26t%3D6738%26sid%3D52d7fef5ff3eb844da190294bb3c38a0","N"
"Sweet Birch","Betula lenta","Massachusetts","Middlesex","Mount Misery Conservation Area","42 25.065","-071 21.241","227 Acres","","250542","2","42 25.065","-071 21.241","","Public - city","93.3'","Clinometer/laser rangefinder/sine","8.0'","96''","","","Doug Bidlack, Jared Lockwood","2017-06-28","http%3A%2F%2Fwww.ents-bbs.org%2Fviewtopic.php%3Ff%3D86%26t%3D6738%26sid%3D52d7fef5ff3eb844da190294bb3c38a0","N"
"Sweet Birch","Betula lenta","Massachusetts","Middlesex","Mount Misery Conservation Area","","","227 Acres","","250546","1","","","","Public - city","93.3'","Clinometer/laser rangefinder/sine","","","","","Doug Bidlack","2014-11-16","http%3A%2F%2Fwww.ents-bbs.org%2Fviewtopic.php%3Ff%3D86%26t%3D6738%26sid%3D52d7fef5ff3eb844da190294bb3c38a0","N"
"Eastern White Pine","Pinus strobus","Massachusetts","Middlesex","Private Tract (Eastern Massachusetts)","","","This tract had the first 150' + Eastern White Pine in Eastern Massachusetts.","","250653","1","","","","Private","138.7'","Clinometer/laser rangefinder/sine","8.1'","97''","","","Doug Bidlack, Jared Lockwood","2017-02-26","http%3A%2F%2Fwww.ents-bbs.org%2Fviewtopic.php%3Ff%3D86%26t%3D7945%26sid%3D52d7fef5ff3eb844da190294bb3c38a0","N"
"Eastern White Pine","Pinus strobus","Massachusetts","Middlesex","Private Tract (Eastern Massachusetts)","","","This tract had the first 150' + Eastern White Pine in Eastern Massachusetts.","","250654","1","","","","Private","139.3'","Clinometer/laser rangefinder/sine","9.0'","108''","","","Doug Bidlack, Jared Lockwood","2017-02-26","http%3A%2F%2Fwww.ents-bbs.org%2Fviewtopic.php%3Ff%3D86%26t%3D7945%26sid%3D52d7fef5ff3eb844da190294bb3c38a0","N"
"Eastern White Pine","Pinus strobus","Massachusetts","Middlesex","Private Tract (Eastern Massachusetts)","","","This tract had the first 150' + Eastern White Pine in Eastern Massachusetts.","","250655","1","","","","Private","141.1'","Clinometer/laser rangefinder/sine","8.6'","103''","","","Doug Bidlack, Jared Lockwood","2017-02-26","http%3A%2F%2Fwww.ents-bbs.org%2Fviewtopic.php%3Ff%3D86%26t%3D7945%26sid%3D52d7fef5ff3eb844da190294bb3c38a0","N"
"Eastern White Pine","Pinus strobus","Massachusetts","Middlesex","Private Tract (Eastern Massachusetts)","","","This tract had the first 150' + Eastern White Pine in Eastern Massachusetts.","","250656","1","","","","Private","143.1'","Clinometer/laser rangefinder/sine","8.8'","106''","","","Doug Bidlack, Jared Lockwood","2017-02-26","http%3A%2F%2Fwww.ents-bbs.org%2Fviewtopic.php%3Ff%3D86%26t%3D7945%26sid%3D52d7fef5ff3eb844da190294bb3c38a0","N"
"Eastern White Pine","Pinus strobus","Massachusetts","Middlesex","Private Tract (Eastern Massachusetts)","","","This tract had the first 150' + Eastern White Pine in Eastern Massachusetts.","","250657","1","","","","Private","146.0'","Clinometer/laser rangefinder/sine","9.3'","112''","","","Doug Bidlack, Jared Lockwood","2017-02-26","http%3A%2F%2Fwww.ents-bbs.org%2Fviewtopic.php%3Ff%3D86%26t%3D7945%26sid%3D52d7fef5ff3eb844da190294bb3c38a0","N"
"Eastern White Pine","Pinus strobus","Massachusetts","Middlesex","Private Tract (Eastern Massachusetts)","","","This tract had the first 150' + Eastern White Pine in Eastern Massachusetts.","","250658","1","","","","Private","151.0'","Clinometer/laser rangefinder/sine","8.0'","96''","","","Doug Bidlack, Jared Lockwood","2017-02-26","http%3A%2F%2Fwww.ents-bbs.org%2Fviewtopic.php%3Ff%3D86%26t%3D7945%26sid%3D52d7fef5ff3eb844da190294bb3c38a0","N"
"Atlantic White Cedar","Chamaecyparis thyoides","Massachusetts","Middlesex","Westborough Cedar Swamp","","","65 acres","","250877","1","","","","Public - city","59.8'","Clinometer/laser rangefinder/sine","3.9'","47''","","","Jared Lockwood","2017-03-12","http%3A%2F%2Fwww.ents-bbs.org%2Fviewtopic.php%3Ff%3D86%26t%3D7949%26sid%3Df01aed3bab3c2b41d036f39fba3b6a91%23p39666","N"
"Atlantic White Cedar","Chamaecyparis thyoides","Massachusetts","Middlesex","Westborough Cedar Swamp","","","65 acres","","250878","1","","","","Public - city","60.8'","Clinometer/laser rangefinder/sine","4.3'","52''","","","Jared Lockwood","2017-03-12","http%3A%2F%2Fwww.ents-bbs.org%2Fviewtopic.php%3Ff%3D86%26t%3D7949%26sid%3Df01aed3bab3c2b41d036f39fba3b6a91%23p39666","N"
"Atlantic White Cedar","Chamaecyparis thyoides","Massachusetts","Middlesex","Westborough Cedar Swamp","","","65 acres","","250879","1","","","","Public - city","69.5'","Clinometer/laser rangefinder/sine","3.7'","44''","","","Jared Lockwood","2017-03-12","http%3A%2F%2Fwww.ents-bbs.org%2Fviewtopic.php%3Ff%3D86%26t%3D7949%26sid%3Df01aed3bab3c2b41d036f39fba3b6a91%23p39666","N"
"Eastern Hemlock","Tsuga canadensis","Massachusetts","Norfolk","Blue Hills Reservation","","","","","250202","1","","","","Public - state","","Clinometer/laser rangefinder/sine","6.7'","80''","","","Raymond Caron","2005-04-25","http%3A%2F%2Fwww.ents-bbs.org%2Fviewtopic.php%3Ff%3D86%26t%3D3381%26sid%3Dca180e6cabfe44d24073e15dd865bb0b","N"
"Eastern Hemlock","Tsuga canadensis","Massachusetts","Norfolk","Blue Hills Reservation","","","","","250203","1","","","","Public - state","","Clinometer/laser rangefinder/sine","7.2'","86''","","","Raymond Caron","2005-04-25","http%3A%2F%2Fwww.ents-bbs.org%2Fviewtopic.php%3Ff%3D86%26t%3D3381%26sid%3Dca180e6cabfe44d24073e15dd865bb0b","N"
"Eastern White Pine","Pinus strobus","Massachusetts","Norfolk","Blue Hills Reservation","","","","","250195","1","","","","Public - state","","Clinometer/laser rangefinder/sine","9.5'","114''","","","Raymond Caron","2005-04-25","http%3A%2F%2Fwww.ents-bbs.org%2Fviewtopic.php%3Ff%3D86%26t%3D3381%26sid%3Dca180e6cabfe44d24073e15dd865bb0b","N"
"Eastern White Pine","Pinus strobus","Massachusetts","Norfolk","Blue Hills Reservation","","","","","250196","1","","","","Public - state","","Clinometer/laser rangefinder/sine","7.2'","86''","","","Raymond Caron","2005-04-25","http%3A%2F%2Fwww.ents-bbs.org%2Fviewtopic.php%3Ff%3D86%26t%3D3381%26sid%3Dca180e6cabfe44d24073e15dd865bb0b","N"
"Eastern White Pine","Pinus strobus","Massachusetts","Norfolk","Blue Hills Reservation","","","","","250197","1","","","","Public - state","","Clinometer/laser rangefinder/sine","8.8'","106''","","","Raymond Caron","2005-04-25","http%3A%2F%2Fwww.ents-bbs.org%2Fviewtopic.php%3Ff%3D86%26t%3D3381%26sid%3Dca180e6cabfe44d24073e15dd865bb0b","N"
"Eastern White Pine","Pinus strobus","Massachusetts","Norfolk","Blue Hills Reservation","","","","","250198","1","","","","Public - state","","Clinometer/laser rangefinder/sine","7.3'","88''","","","Raymond Caron","2005-04-25","http%3A%2F%2Fwww.ents-bbs.org%2Fviewtopic.php%3Ff%3D86%26t%3D3381%26sid%3Dca180e6cabfe44d24073e15dd865bb0b","N"
"Eastern White Pine","Pinus strobus","Massachusetts","Norfolk","Blue Hills Reservation","","","","","250199","1","","","","Public - state","","Clinometer/laser rangefinder/sine","7.0'","84''","","","Raymond Caron","2005-04-25","http%3A%2F%2Fwww.ents-bbs.org%2Fviewtopic.php%3Ff%3D86%26t%3D3381%26sid%3Dca180e6cabfe44d24073e15dd865bb0b","N"
"Eastern White Pine","Pinus strobus","Massachusetts","Norfolk","Blue Hills Reservation","","","","","250200","1","","","","Public - state","","Clinometer/laser rangefinder/sine","7.2'","86''","","","Raymond Caron","2005-04-25","http%3A%2F%2Fwww.ents-bbs.org%2Fviewtopic.php%3Ff%3D86%26t%3D3381%26sid%3Dca180e6cabfe44d24073e15dd865bb0b","N"
"Eastern White Pine","Pinus strobus","Massachusetts","Norfolk","Blue Hills Reservation","","","","","250201","1","","","","Public - state","","Clinometer/laser rangefinder/sine","8.3'","100''","","","Raymond Caron","2005-04-25","http%3A%2F%2Fwww.ents-bbs.org%2Fviewtopic.php%3Ff%3D86%26t%3D3381%26sid%3Dca180e6cabfe44d24073e15dd865bb0b","N"
"Eastern White Pine","Pinus strobus","Massachusetts","Norfolk","Blue Hills Reservation","","","","","250218","1","","","","Public - state","104.8'","Clinometer/laser rangefinder/sine","9.8'","117''","","","Andrew Joslin","2008-12-03","http%3A%2F%2Fwww.ents-bbs.org%2Fviewtopic.php%3Ff%3D86%26t%3D3381%26sid%3Dca180e6cabfe44d24073e15dd865bb0b","N"
"Eastern White Pine","Pinus strobus","Massachusetts","Norfolk","Blue Hills Reservation","","","","","250217","1","","","","Public - state","118.0'","Clinometer/laser rangefinder/sine","9.6'","115''","","","Andrew Joslin","2008-12-03","http%3A%2F%2Fwww.ents-bbs.org%2Fviewtopic.php%3Ff%3D86%26t%3D3381%26sid%3Dca180e6cabfe44d24073e15dd865bb0b","N"
"Northern Red Oak","Quercus rubra","Massachusetts","Norfolk","Blue Hills Reservation","","","","","250204","1","","","","Public - state","","Clinometer/laser rangefinder/sine","7.5'","90''","","","Raymond Caron","2005-04-25","http%3A%2F%2Fwww.ents-bbs.org%2Fviewtopic.php%3Ff%3D86%26t%3D3381%26sid%3Dca180e6cabfe44d24073e15dd865bb0b","N"
"Northern Red Oak","Quercus rubra","Massachusetts","Norfolk","Blue Hills Reservation","","","","","250205","1","","","","Public - state","","Clinometer/laser rangefinder/sine","7.8'","93''","","","Raymond Caron","2005-04-25","http%3A%2F%2Fwww.ents-bbs.org%2Fviewtopic.php%3Ff%3D86%26t%3D3381%26sid%3Dca180e6cabfe44d24073e15dd865bb0b","N"
"Northern Red Oak","Quercus rubra","Massachusetts","Norfolk","Blue Hills Reservation","","","","","250206","1","","","","Public - state","","Clinometer/laser rangefinder/sine","9.6'","115''","","","Raymond Caron","2005-04-25","http%3A%2F%2Fwww.ents-bbs.org%2Fviewtopic.php%3Ff%3D86%26t%3D3381%26sid%3Dca180e6cabfe44d24073e15dd865bb0b","N"
"Northern Red Oak","Quercus rubra","Massachusetts","Norfolk","Blue Hills Reservation","","","","","250207","1","","","","Public - state","","Clinometer/laser rangefinder/sine","6.9'","83''","","","Raymond Caron","2005-04-25","http%3A%2F%2Fwww.ents-bbs.org%2Fviewtopic.php%3Ff%3D86%26t%3D3381%26sid%3Dca180e6cabfe44d24073e15dd865bb0b","N"
"Northern Red Oak","Quercus rubra","Massachusetts","Norfolk","Blue Hills Reservation","","","","","250208","1","","","","Public - state","","Clinometer/laser rangefinder/sine","9.1'","109''","","","Raymond Caron","2005-04-25","http%3A%2F%2Fwww.ents-bbs.org%2Fviewtopic.php%3Ff%3D86%26t%3D3381%26sid%3Dca180e6cabfe44d24073e15dd865bb0b","N"
"Northern Red Oak","Quercus rubra","Massachusetts","Norfolk","Blue Hills Reservation","","","","","250209","1","","","","Public - state","","Clinometer/laser rangefinder/sine","7.1'","85''","","","Raymond Caron","2005-04-25","http%3A%2F%2Fwww.ents-bbs.org%2Fviewtopic.php%3Ff%3D86%26t%3D3381%26sid%3Dca180e6cabfe44d24073e15dd865bb0b","N"
"Northern Red Oak","Quercus rubra","Massachusetts","Norfolk","Blue Hills Reservation","","","","","250210","1","","","","Public - state","","Clinometer/laser rangefinder/sine","9.6'","115''","","","Raymond Caron","2005-04-25","http%3A%2F%2Fwww.ents-bbs.org%2Fviewtopic.php%3Ff%3D86%26t%3D3381%26sid%3Dca180e6cabfe44d24073e15dd865bb0b","N"
"Northern Red Oak","Quercus rubra","Massachusetts","Norfolk","Blue Hills Reservation","","","","","250211","1","","","","Public - state","","Clinometer/laser rangefinder/sine","8.2'","98''","","","Raymond Caron","2005-04-25","http%3A%2F%2Fwww.ents-bbs.org%2Fviewtopic.php%3Ff%3D86%26t%3D3381%26sid%3Dca180e6cabfe44d24073e15dd865bb0b","N"
"Northern Red Oak","Quercus rubra","Massachusetts","Norfolk","Blue Hills Reservation","","","","","250212","1","","","","Public - state","","Clinometer/laser rangefinder/sine","6.1'","73''","","","Raymond Caron","2005-04-25","http%3A%2F%2Fwww.ents-bbs.org%2Fviewtopic.php%3Ff%3D86%26t%3D3381%26sid%3Dca180e6cabfe44d24073e15dd865bb0b","N"
"Northern Red Oak","Quercus rubra","Massachusetts","Norfolk","Blue Hills Reservation","","","","","250213","1","","","","Public - state","","Clinometer/laser rangefinder/sine","7.1'","85''","","","Raymond Caron","2005-04-25","http%3A%2F%2Fwww.ents-bbs.org%2Fviewtopic.php%3Ff%3D86%26t%3D3381%26sid%3Dca180e6cabfe44d24073e15dd865bb0b","N"
"Northern Red Oak","Quercus rubra","Massachusetts","Norfolk","Blue Hills Reservation","","","","","250214","1","","","","Public - state","","Clinometer/laser rangefinder/sine","7.8'","93''","","","Raymond Caron","2005-04-25","http%3A%2F%2Fwww.ents-bbs.org%2Fviewtopic.php%3Ff%3D86%26t%3D3381%26sid%3Dca180e6cabfe44d24073e15dd865bb0b","N"
"Quaking Aspen","Populus tremuloides","Massachusetts","Norfolk","Blue Hills Reservation","","","","","250219","1","","","","Public - state","84.6'","Clinometer/laser rangefinder/sine","4.3'","52''","","","Andrew Joslin","2011-12-11","http%3A%2F%2Fwww.ents-bbs.org%2Fviewtopic.php%3Ff%3D86%26t%3D3381%26sid%3Dca180e6cabfe44d24073e15dd865bb0b","N"
"Red Maple","Acer rubrum","Massachusetts","Norfolk","Blue Hills Reservation","","","","","250216","1","","","","Public - state","87.6'","Clinometer/laser rangefinder/sine","9.3'","111''","","","Andrew Joslin","2008-12-03","http%3A%2F%2Fwww.ents-bbs.org%2Fviewtopic.php%3Ff%3D86%26t%3D3381%26sid%3Dca180e6cabfe44d24073e15dd865bb0b","N"
"White Ash","Fraxinus americana","Massachusetts","Norfolk","Blue Hills Reservation","","","","","250215","1","","","","Public - state","101.8'","Clinometer/laser rangefinder/sine","7.3'","88''","","","Andrew Joslin","2008-12-03","http%3A%2F%2Fwww.ents-bbs.org%2Fviewtopic.php%3Ff%3D86%26t%3D3381%26sid%3Dca180e6cabfe44d24073e15dd865bb0b","N"
"American Holly","Ilex opaca var. opaca","Massachusetts","Plymouth","Nasketucket Bay State Reservation","","","210 acres","","235765","1","","","","Public - state","","Clinometer/laser rangefinder/sine","4.0'","48''","","Circumference taken at 1 1/4'","Doug Bidlack","2009-02-11","http%3A%2F%2Fwww.nativetreesociety.org%2Ffieldtrips%2Fmass%2Famericanhollies%2Famerican_hollies_in_ma.htm","N"
"American Holly","Ilex opaca var. opaca","Massachusetts","Plymouth","Nasketucket Bay State Reservation","","","210 acres","","235776","1","","","","Public - state","","Clinometer/laser rangefinder/sine","3.3'","40''","","","Doug Bidlack","2009-02-11","http%3A%2F%2Fwww.nativetreesociety.org%2Ffieldtrips%2Fmass%2Famericanhollies%2Famerican_hollies_in_ma.htm","N"
"American Holly","Ilex opaca var. opaca","Massachusetts","Plymouth","Nasketucket Bay State Reservation","","","210 acres","","235778","1","","","","Public - state","","Clinometer/laser rangefinder/sine","3.0'","36''","","Circumference taken at 3 3/4'","Doug Bidlack","2009-02-11","http%3A%2F%2Fwww.nativetreesociety.org%2Ffieldtrips%2Fmass%2Famericanhollies%2Famerican_hollies_in_ma.htm","N"
"American Holly","Ilex opaca var. opaca","Massachusetts","Plymouth","Nasketucket Bay State Reservation","","","210 acres","","235774","1","","","","Public - state","4.1'","Clinometer/laser rangefinder/sine","3.4'","41''","","","Doug Bidlack","2009-02-11","http%3A%2F%2Fwww.nativetreesociety.org%2Ffieldtrips%2Fmass%2Famericanhollies%2Famerican_hollies_in_ma.htm","N"
"American Holly","Ilex opaca var. opaca","Massachusetts","Plymouth","Nasketucket Bay State Reservation","","","210 acres","","235770","1","","","","Public - state","42.8'","Clinometer/laser rangefinder/sine","3.8'","46''","","Circumference taken at 3 3/4'","Doug Bidlack","2009-02-11","http%3A%2F%2Fwww.nativetreesociety.org%2Ffieldtrips%2Fmass%2Famericanhollies%2Famerican_hollies_in_ma.htm","N"
"American Holly","Ilex opaca var. opaca","Massachusetts","Plymouth","Nasketucket Bay State Reservation","","","210 acres","","235764","1","","","","Public - state","42.9'","Clinometer/laser rangefinder/sine","3.7'","44''","","Circumference taken at 2'","Doug Bidlack","2009-02-11","http%3A%2F%2Fwww.nativetreesociety.org%2Ffieldtrips%2Fmass%2Famericanhollies%2Famerican_hollies_in_ma.htm","N"
"American Holly","Ilex opaca var. opaca","Massachusetts","Plymouth","Nasketucket Bay State Reservation","","","210 acres","","235777","1","","","","Public - state","45.5'","Clinometer/laser rangefinder/sine","3.3'","40''","","","Doug Bidlack","2009-02-11","http%3A%2F%2Fwww.nativetreesociety.org%2Ffieldtrips%2Fmass%2Famericanhollies%2Famerican_hollies_in_ma.htm","N"
"American Holly","Ilex opaca var. opaca","Massachusetts","Plymouth","Nasketucket Bay State Reservation","","","210 acres","","235772","1","","","","Public - state","46.1'","Clinometer/laser rangefinder/sine","3.0'","36''","","Circumference taken at 2 3/4'","Doug Bidlack","2009-02-11","http%3A%2F%2Fwww.nativetreesociety.org%2Ffieldtrips%2Fmass%2Famericanhollies%2Famerican_hollies_in_ma.htm","N"
"American Holly","Ilex opaca var. opaca","Massachusetts","Plymouth","Nasketucket Bay State Reservation","","","210 acres","","235775","1","","","","Public - state","47.5'","Clinometer/laser rangefinder/sine","3.3'","40''","","Circumference taken at 4'","Doug Bidlack","2009-02-11","http%3A%2F%2Fwww.nativetreesociety.org%2Ffieldtrips%2Fmass%2Famericanhollies%2Famerican_hollies_in_ma.htm","N"
"American Holly","Ilex opaca var. opaca","Massachusetts","Plymouth","Nasketucket Bay State Reservation","","","210 acres","","235769","1","","","","Public - state","47.9'","Clinometer/laser rangefinder/sine","4.0'","48''","","Circumference taken at 2'","Doug Bidlack","2009-02-11","http%3A%2F%2Fwww.nativetreesociety.org%2Ffieldtrips%2Fmass%2Famericanhollies%2Famerican_hollies_in_ma.htm","N"
"American Holly","Ilex opaca var. opaca","Massachusetts","Plymouth","Nasketucket Bay State Reservation","","","210 acres","","235766","1","","","","Public - state","50.1'","Clinometer/laser rangefinder/sine","2.6'","31''","","","Doug Bidlack","2009-02-11","http%3A%2F%2Fwww.nativetreesociety.org%2Ffieldtrips%2Fmass%2Famericanhollies%2Famerican_hollies_in_ma.htm","N"
"American Holly","Ilex opaca var. opaca","Massachusetts","Plymouth","Nasketucket Bay State Reservation","","","210 acres","","235773","1","","","","Public - state","51.2'","Clinometer/laser rangefinder/sine","4.0'","48''","","Circumference taken at 3 3/4'","Doug Bidlack","2009-02-11","http%3A%2F%2Fwww.nativetreesociety.org%2Ffieldtrips%2Fmass%2Famericanhollies%2Famerican_hollies_in_ma.htm","N"
"American Holly","Ilex opaca var. opaca","Massachusetts","Plymouth","Nasketucket Bay State Reservation","","","210 acres","","235771","1","","","","Public - state","52.1'","Clinometer/laser rangefinder/sine","2.5'","30''","","","Doug Bidlack","2009-02-11","http%3A%2F%2Fwww.nativetreesociety.org%2Ffieldtrips%2Fmass%2Famericanhollies%2Famerican_hollies_in_ma.htm","N"
"American Holly","Ilex opaca var. opaca","Massachusetts","Plymouth","Nasketucket Bay State Reservation","","","210 acres","","235768","1","","","","Public - state","52.5'","Clinometer/laser rangefinder/sine","3.7'","44''","","","Doug Bidlack","2009-02-11","http%3A%2F%2Fwww.nativetreesociety.org%2Ffieldtrips%2Fmass%2Famericanhollies%2Famerican_hollies_in_ma.htm","N"
"American Holly","Ilex opaca var. opaca","Massachusetts","Plymouth","Nasketucket Bay State Reservation","","","210 acres","","235767","1","","","","Public - state","53.4'","Clinometer/laser rangefinder/sine","3.2'","38''","","","Doug Bidlack","2009-02-11","http%3A%2F%2Fwww.nativetreesociety.org%2Ffieldtrips%2Fmass%2Famericanhollies%2Famerican_hollies_in_ma.htm","N"
"American Holly","Ilex opaca var. opaca","Massachusetts","Plymouth","Nasketucket Bay State Reservation","","","210 acres","","235780","1","","","","Public - state","54.4'","Clinometer/laser rangefinder/sine","3.4'","41''","","","Doug Bidlack","2009-02-11","http%3A%2F%2Fwww.nativetreesociety.org%2Ffieldtrips%2Fmass%2Famericanhollies%2Famerican_hollies_in_ma.htm","N"
"American Holly","Ilex opaca var. opaca","Massachusetts","Plymouth","Nasketucket Bay State Reservation","","","210 acres","","235779","1","","","","Public - state","60.0'","Clinometer/laser rangefinder/sine","3.3'","40''","","","Doug Bidlack","2009-02-11","http%3A%2F%2Fwww.nativetreesociety.org%2Ffieldtrips%2Fmass%2Famericanhollies%2Famerican_hollies_in_ma.htm","N"
"Tuliptree","Liriodendron tulipifera","Massachusetts","Plymouth","Russell Pond","","","","","235460","1","","","","Private-Land Trust","","Clinometer/laser rangefinder/sine","11.7'","140''","","","Gary Beluzo","2007-01-16","http%3A%2F%2Fwww.nativetreesociety.org%2Ffieldtrips%2Fmass%2Fliriodendron_in_franklin.htm","N"
"Tuliptree","Liriodendron tulipifera","Massachusetts","Plymouth","Russell Pond","","","","","235461","1","","","","Private-Land Trust","","Clinometer/laser rangefinder/sine","10.9'","131''","","","Gary Beluzo","2007-01-16","http%3A%2F%2Fwww.nativetreesociety.org%2Ffieldtrips%2Fmass%2Fliriodendron_in_franklin.htm","N"
"Tuliptree","Liriodendron tulipifera","Massachusetts","Plymouth","Russell Pond","","","","","235462","1","","","","Private-Land Trust","","Clinometer/laser rangefinder/sine","10.1'","121''","","","Gary Beluzo","2007-01-16","http%3A%2F%2Fwww.nativetreesociety.org%2Ffieldtrips%2Fmass%2Fliriodendron_in_franklin.htm","N"
"Tuliptree","Liriodendron tulipifera","Massachusetts","Plymouth","Russell Pond","","","","","235463","1","","","","Private-Land Trust","","Clinometer/laser rangefinder/sine","9.8'","118''","","","Gary Beluzo","2007-01-16","http%3A%2F%2Fwww.nativetreesociety.org%2Ffieldtrips%2Fmass%2Fliriodendron_in_franklin.htm","N"
"Baker Cypress","Cupressus bakeri","Massachusetts","Suffolk","Arnold Arboretum","","","","","189018","1","","","","Public","54.3'","Clinometer/laser rangefinder/sine","","","","","Elijah Whitcomb","2019-06-30","","N"
"Blackjack Oak","Quercus marilandica var. marilandica","Massachusetts","Suffolk","Arnold Arboretum","","","","","189024","1","","","","Public","49.0'","Clinometer/laser rangefinder/sine","7.1'","85''","","","Elijah Whitcomb","2019-06-30","","N"
"Chestnut-Leaved Oak","Quercus castaneifolia","Massachusetts","Suffolk","Arnold Arboretum","","","","","189022","1","","","","Public","76.8'","Clinometer/laser rangefinder/sine","6.9'","82''","","","Elijah Whitcomb","2019-06-30","","N"
"Chinese Cork Oak","Quercus variabilis","Massachusetts","Suffolk","Arnold Arboretum","","","","","189025","1","","","","Public","83.3'","Clinometer/laser rangefinder/sine","5.2'","62''","","","Elijah Whitcomb","2019-06-30","","N"
"Chinese Pear","Pyrus pyrifolia","Massachusetts","Suffolk","Arnold Arboretum","","","","","189034","1","","","","Public","51.1'","Clinometer/laser rangefinder/sine","5.2'","62''","","","Elijah Whitcomb","2019-06-30","","N"
"Chinese Red Pine","Pinus tabuliformis","Massachusetts","Suffolk","Arnold Arboretum","","","","","189010","1","","","","Public","57.5'","Clinometer/laser rangefinder/sine","4.4'","53''","","","Elijah Whitcomb","2019-06-30","","N"
"Dahurian Larch","Larix gmelinii","Massachusetts","Suffolk","Arnold Arboretum","","","","","189016","1","","","","Public","47.3'","Clinometer/laser rangefinder/sine","","","","","Elijah Whitcomb","2019-06-30","","N"
"Dragon Spruce","Picea asperata","Massachusetts","Suffolk","Arnold Arboretum","","","","","189026","1","","","","Public","53.6'","Clinometer/laser rangefinder/sine","3.0'","36''","","","Elijah Whitcomb","2019-06-30","","N"
"Dwarf Chinkapin Oak","Quercus prinoides","Massachusetts","Suffolk","Arnold Arboretum","","","","","235739","1","","","","Public","21.3'","Clinometer/laser rangefinder/sine","2.4'","29''","23.0'","","Doug Bidlack","2009-07-26","","N"
"European White Elm","Ulmus laevis","Massachusetts","Suffolk","Arnold Arboretum","","","","","189031","1","","","","Public","67.8'","Clinometer/laser rangefinder/sine","7.4'","89''","","","Elijah Whitcomb","2019-06-30","","N"
"Japanese Cedar","Cryptomeria japonica","Massachusetts","Suffolk","Arnold Arboretum","","","","","189014","1","","","","Public","88.3'","Clinometer/laser rangefinder/sine","7.5'","90''","","","Elijah Whitcomb","2019-06-30","","N"
"Limber Pine","Pinus flexilis","Massachusetts","Suffolk","Arnold Arboretum","","","","","189011","1","","","","Public","31.2'","Clinometer/laser rangefinder/sine","","","","","Elijah Whitcomb","2019-06-30","","N"
"Nikko Maple","Acer maximowiczianum","Massachusetts","Suffolk","Arnold Arboretum","","","","","189029","1","","","","Public","37.0'","Clinometer/laser rangefinder/sine","3.4'","41''","","","Elijah Whitcomb","2019-06-30","","N"
"Northern Pin Oak","Quercus ellipsoidalis","Massachusetts","Suffolk","Arnold Arboretum","","","","","189021","1","","","","Public","89.6'","Clinometer/laser rangefinder/sine","9.0'","108''","","","Elijah Whitcomb","2019-06-30","","N"
"Pawpaw","Asimina triloba","Massachusetts","Suffolk","Arnold Arboretum","","","","","189028","1","","","","Public","22.0'","Clinometer/laser rangefinder/sine","","","","","Elijah Whitcomb","2019-06-30","","N"
"Roughleaf Dogwood","Cornus drummondii","Massachusetts","Suffolk","Arnold Arboretum","","","","","189027","1","","","","Public","17.7'","Clinometer/laser rangefinder/sine","","","","","Elijah Whitcomb","2019-06-30","","N"
"Service Tree Of Fontainebleau","Sorbus latifolia","Massachusetts","Suffolk","Arnold Arboretum","","","","","189020","1","","","","Public","70.3'","Clinometer/laser rangefinder/sine","7.2'","86''","","","Elijah Whitcomb","2019-06-30","","N"
"Sessile Oak","Quercus petraea","Massachusetts","Suffolk","Arnold Arboretum","","","","","189023","1","","","","Public","17.7'","Clinometer/laser rangefinder/sine","","","","","Elijah Whitcomb","2019-06-30","","N"
"Shikoku Fir","Abies veitchii","Massachusetts","Suffolk","Arnold Arboretum","","","","","189017","1","","","","Public","54.4'","Clinometer/laser rangefinder/sine","4.3'","51''","","","Elijah Whitcomb","2019-06-30","","N"
"Shortleaf Pine","Pinus echinata","Massachusetts","Suffolk","Arnold Arboretum","","","","","189013","1","","","","Public","72.1'","Clinometer/laser rangefinder/sine","4.9'","58''","","","Elijah Whitcomb","2019-06-30","","N"
"Siebold's Maple","Acer sieboldianum","Massachusetts","Suffolk","Arnold Arboretum","","","","","189030","1","","","","Public","24.3'","Clinometer/laser rangefinder/sine","","","","","Elijah Whitcomb","2019-06-30","","N"
"Smoothleaf Elm","Ulmus carpinifolia","Massachusetts","Suffolk","Arnold Arboretum","","","","","189032","1","","","","Public","46.8'","Clinometer/laser rangefinder/sine","5.7'","68''","","","Elijah Whitcomb","2019-06-30","","N"
"Southwestern White Pine","Pinus strobiformis","Massachusetts","Suffolk","Arnold Arboretum","","","","","189012","1","","","","Public","63.1'","Clinometer/laser rangefinder/sine","6.1'","73''","","","Elijah Whitcomb","2019-06-30","","N"
"Western Larch","Larix occidentalis","Massachusetts","Suffolk","Arnold Arboretum","","","","","189015","1","","","","Public","76.1'","Clinometer/laser rangefinder/sine","5.5'","66''","","","Elijah Whitcomb","2019-06-30","","N"
"Winterbeam","Sorbus airia","Massachusetts","Suffolk","Arnold Arboretum","","","","","189019","1","","","","Public","36.0'","Clinometer/laser rangefinder/sine","","","","","Elijah Whitcomb","2019-06-30","","N"
"Yulan Magnolia","Magnolia denudata","Massachusetts","Suffolk","Arnold Arboretum","","","","","189033","1","","","","Public","28.3'","Clinometer/laser rangefinder/sine","","","","","Elijah Whitcomb","2019-06-30","","N"
"Red Maple","Acer rubrum","Massachusetts","Suffolk","Franklin Park","","","527 Acres
Trees were measured in the ""Wilderness"" section.","","235724","1","","","","Public - city","","Clinometer/laser rangefinder/sine","15.6'","187''","","","Andrew Joslin","2006-08-04","http%3A%2F%2Fwww.nativetreesociety.org%2Ffieldtrips%2Fmass%2Ffranklin_park.htm","N"
"Sassafras","Sassafras albidum","Massachusetts","Suffolk","Franklin Park","","","527 Acres
Trees were measured in the ""Wilderness"" section.","","235722","1","","","","Public - city","","Clinometer/laser rangefinder/sine","6.6'","79''","","","Andrew Joslin","2006-08-04","http%3A%2F%2Fwww.nativetreesociety.org%2Ffieldtrips%2Fmass%2Ffranklin_park.htm","N"
"Sweet Birch","Betula lenta","Massachusetts","Suffolk","Franklin Park","","","527 Acres
Trees were measured in the ""Wilderness"" section.","","235723","1","","","","Public - city","","Clinometer/laser rangefinder/sine","8.4'","101''","","","Andrew Joslin","2006-08-04","http%3A%2F%2Fwww.nativetreesociety.org%2Ffieldtrips%2Fmass%2Ffranklin_park.htm","N"
"American Chestnut","Castanea dentata","Massachusetts","Suffolk","Massachusetts Single Tree Sites","42 14.870","-073 20.507","","","256016","1","42 14.870","-073 20.507","","Public-Private","52.0'","Clinometer/laser rangefinder/sine","2.5'","30''","","Measured by j. Kline 6/5/2015 on Monument Mountain near Great Barrington, Berkshire County.
Monument Mountain Reservation is 503 acres","Various Various","2001-01-01","","N"
"American Chestnut","Castanea dentata","Massachusetts","Suffolk","Massachusetts Single Tree Sites","","","","","256010","1","","","","Public-Private","81.7'","Clinometer/laser rangefinder/sine","2.7'","32''","32.0'","Measured by D. Bidlack 3/14/13  on the Assabet River Natonal Wildlife Refuge near Sudbury, Middlesex County..
Refuge is 2230 Acres.","Various Various","2001-01-01","","N"
"American Sycamore","Platanus occidentalis","Massachusetts","Suffolk","Massachusetts Single Tree Sites","42 30.088","-071 35.072","","","256031","1","42 30.088","-071 35.072","","Public-Private","97.3'","Clinometer/laser rangefinder/sine","21.6'","259''","106.2'","Known as the ""Whipping Tree""","Various Various","2001-01-01","","N"
"Atlantic White Cedar","Chamaecyparis thyoides","Massachusetts","Suffolk","Massachusetts Single Tree Sites","","","","","255995","1","","","","Public-Private","","","1.9'","23''","","Measured by A. Joslin 7/15/2008 in the Blue Hills Reservation, Milford.","Various Various","2001-01-01","","N"
"Atlantic White Cedar","Chamaecyparis thyoides","Massachusetts","Suffolk","Massachusetts Single Tree Sites","41 53.257","-071 12.596","","","256023","1","41 53.257","-071 12.596","","Public-Private","71.9'","Clinometer/laser rangefinder/sine","5.1'","61''","","Measured by D. Bidlack 12/15/2012 Rehoboth State Forest near Rehoboth, Bistol County","Various Various","2001-01-01","","N"
"Atlantic White Cedar","Chamaecyparis thyoides","Massachusetts","Suffolk","Massachusetts Single Tree Sites","42 29.425","-071 17.614","","","256025","1","42 29.425","-071 17.614","","Public-Private","74.4'","Clinometer/laser rangefinder/sine","3.3'","40''","","Measured by D. Bidlack 3/1/2017 on Bedford Trustee Lands in near Bedford, Middlesex County","Various Various","2001-01-01","","N"
"Atlantic White Cedar","Chamaecyparis thyoides","Massachusetts","Suffolk","Massachusetts Single Tree Sites","41 53.247","-071 12.606","","","256024","1","41 53.247","-071 12.606","","Public-Private","74.5'","Clinometer/laser rangefinder/sine","4.4'","53''","","Measured by D. Bidlack 12/15/2012 i Rehoboth State Forest near Rehoboth, Bristol County","Various Various","2001-01-01","","N"
"Atlantic White Cedar","Chamaecyparis thyoides","Massachusetts","Suffolk","Massachusetts Single Tree Sites","41 44.764","-070 48.651","","","256026","1","41 44.764","-070 48.651","","Public-Private","74.9'","Clinometer/laser rangefinder/sine","3.9'","47''","","Measured by D. Bidlack 3/1/2017 on Eastover Reservation Lands(75 acres) near Marion, Plymouth County.","Various Various","2001-01-01","","N"
"Bear Oak","Quercus ilicifolia","Massachusetts","Suffolk","Massachusetts Single Tree Sites","42 26.070","-071 12.071","","","256009","1","42 26.070","-071 12.071","","Public-Private","2.0'","Clinometer/laser rangefinder/sine","1.8'","21''","21.0'","Measured by D. Bidlack 8/3/2013 at 11111great Meadows near Lexington, Middlesex County.  183 acre site is owned by City. Height measured by pole.","Various Various","2001-01-01","","N"
"Bigtooth Aspen","Populus grandidentata","Massachusetts","Suffolk","Massachusetts Single Tree Sites","42 26.520","-071 34.377","","","256018","1","42 26.520","-071 34.377","","Public-Private","100.5'","Clinometer/laser rangefinder/sine","6.3'","76''","","Measured by J. Lockwood 4/23/2016 on Rattle Snake Hill conservation lands off of  Sugar Road, Bolton, Worcester County","Various Various","2001-01-01","","N"
"Black Cherry","Prunus serotina","Massachusetts","Suffolk","Massachusetts Single Tree Sites","42 37.648","-073 13.644","","","256032","1","42 37.648","-073 13.644","","Public-Private","94.9'","Clinometer/laser rangefinder/sine","5.7'","68''","","Measured by T. Sharp 10/6/2021. Tree located along a former rest stop? along US 7. It is a woods edge across a ditch line bordering the former rest stop. location is near New Ashford, Berkshire County.","Various Various","2001-01-01","","N"
"Black Locust","Robinia pseudoacacia","Massachusetts","Suffolk","Massachusetts Single Tree Sites","42 03.331","-072 46.326","","","256011","1","42 03.331","-072 46.326","","Public-Private","93.0'","Clinometer/laser rangefinder/sine","9.6'","115''","","Measured by S. Goodwin 10/6/2014  Southwick, Hampden County.","Various Various","2001-01-01","","N"
"Common Winterberry","Ilex verticillata","Massachusetts","Suffolk","Massachusetts Single Tree Sites","42 22.657","-071 15.444","","","256015","1","42 22.657","-071 15.444","","Public-Private","28.1'","Clinometer/laser rangefinder/sine","0.7'","8''","11.0'","Measured by D. Bidlack 4/15/2014 in Waltham, Middlesex County.","Various Various","2001-01-01","","N"
"Eastern Cottonwood","Populus deltoides","Massachusetts","Suffolk","Massachusetts Single Tree Sites","42 19.715","-071 16.045","","","255999","1","42 19.715","-071 16.045","","Public-Private","","Clinometer/laser rangefinder/sine","12.6'","151''","","Circumference taken a 5 1/2' (head high?)
Measured by A. Joslin 3/16/2006 along the Charles River near Newton, Middlesex County.","Various Various","2001-01-01","","N"
"Eastern Cottonwood","Populus deltoides","Massachusetts","Suffolk","Massachusetts Single Tree Sites","42 16.934","-071 11.359","","","256001","1","42 16.934","-071 11.359","","Public-Private","110.5'","Clinometer/laser rangefinder/sine","13.6'","163''","","Measured by S. Joslin 3/15/2009 in West Roxbury, Suffolk County.","Various Various","2001-01-01","","N"
"Eastern Cottonwood","Populus deltoides","Massachusetts","Suffolk","Massachusetts Single Tree Sites","42 19.889","-071 07.158","","","256008","1","42 19.889","-071 07.158","","Public-Private","111.4'","Clinometer/laser rangefinder/sine","15.4'","185''","","Measured by A. Joslin 8/29/2011 in Brookline, Norfolk County.","Various Various","2001-01-01","","N"
"Eastern White Pine","Pinus strobus","Massachusetts","Suffolk","Massachusetts Single Tree Sites","","","","","256003","1","","","","Public-Private","116.1'","Clinometer/laser rangefinder/sine","12.2'","146''","","Measured by D. Bidlack1/27/2009 in the Old Rifle Range Conservation Lands(119 acres), Concord, Middlesex County.","Various Various","2001-01-01","","N"
"Eastern White Pine","Pinus strobus","Massachusetts","Suffolk","Massachusetts Single Tree Sites","42 26.930","-071 34.913","","","256017","1","42 26.930","-071 34.913","","Public-Private","122.0'","Clinometer/laser rangefinder/sine","","","","Measured by J. Lockwood 4/24/2016 just south of the Sugar Road overpass on I-495 near Bolton, Worcester County.","Various Various","2001-01-01","","N"
"Eastern White Pine","Pinus strobus","Massachusetts","Suffolk","Massachusetts Single Tree Sites","42 26.809","-071 20.343","","","256002","1","42 26.809","-071 20.343","","Public-Private","132.0'","Clinometer/laser rangefinder/sine","12.8'","153''","","Measured by A. Joslin 3/13/2013 in the Hapgood Wright Town Forest(183 acres), Concord, Middlesex County
Previously measured by D. Bidlack 1/27/2009 at 128.9' x 151""","Various Various","2001-01-01","","N"
"Eastern White Pine","Pinus strobus","Massachusetts","Suffolk","Massachusetts Single Tree Sites","","","","","256020","1","","","","Public-Private","132.2'","Clinometer/laser rangefinder/sine","8.3'","100''","","Measured by J. Lockwood 7/3/2016 on the Punkatasset and Estabrook Conservation Lands near Concord, Middlesex  County.  
1290 Acres.","Various Various","2001-01-01","","N"
"Eastern White Pine","Pinus strobus","Massachusetts","Suffolk","Massachusetts Single Tree Sites","","","","","256021","1","","","","Public-Private","132.4'","Clinometer/laser rangefinder/sine","8.6'","103''","","Measured by J. Lockwood 7/3/2016 on the Punkatasset and Estabrook Conservation Lands near Concord,  Middlesex County.  
1290 acres.","Various Various","2001-01-01","","N"
"Eastern White Pine","Pinus strobus","Massachusetts","Suffolk","Massachusetts Single Tree Sites","","","","","256029","1","","","","Public-Private","132.7'","Clinometer/laser rangefinder/sine","13.0'","156''","","Measured by J. Lockwood 2/16/2017 at an undisclosed location in Massachusetts.in lste 
Previously measured by A. Joslin 3/2013 at 131.6' x  153.6"" and by A. Joslin, D. Bidlack at 130.. 7' x 152.3""  and by D. Bidlack in late 2008","Various Various","2001-01-01","","N"
"Eastern White Pine","Pinus strobus","Massachusetts","Suffolk","Massachusetts Single Tree Sites","42 40.405","-072 49.306","","","256005","1","42 40.405","-072 49.306","","Public-Private","140.0'","Clinometer/laser rangefinder/sine","","","","Height is Not Less Than(NLT)
Measured by J. Eichholz 3/2/2004 on private property near Heath, Franklin County","Various Various","2001-01-01","","N"
"Eastern White Pine","Pinus strobus","Massachusetts","Suffolk","Massachusetts Single Tree Sites","42 40.430","-072 49.308","","","256006","1","42 40.430","-072 49.308","","Public-Private","140.0'","Clinometer/laser rangefinder/sine","","","","Height is Not Less Than(NLT)
Measured by J. Eichholz 3/2/2004 on private property near Heath, Franklin County","Various Various","2001-01-01","","N"
"Eastern White Pine","Pinus strobus","Massachusetts","Suffolk","Massachusetts Single Tree Sites","42 43.196","-073 00.666","","","256030","1","42 43.196","-073 00.666","","Public-Private","147.6'","Clinometer/laser rangefinder/sine","14.5'","174''","50.9'","""Grandfather Pine""
Measured by j. Lockwell 2/5/2019 in Monroe State Forest. 
1095 cubic feet","Various Various","2001-01-01","","N"
"European Larch","Larix decidua","Massachusetts","Suffolk","Massachusetts Single Tree Sites","42 36.791","-072 28.737","","","256004","1","42 36.791","-072 28.737","","Public-Private","92.1'","Clinometer/laser rangefinder/sine","4.8'","58''","","Measured by J. LaCoy 2/5/2009 at a picnic area across from the Northfield  Mountain Project, near Northfield, Franklin County.","Various Various","2001-01-01","","N"
"Honeylocust","Gleditsia triacanthos","Massachusetts","Suffolk","Massachusetts Single Tree Sites","42 18.434","-071 06.967","","","256000","1","42 18.434","-071 06.967","","Public-Private","93.4'","Clinometer/laser rangefinder/sine","9.0'","108''","","Measured by A. Joslin 2/5/2008, Jamaica  Plain(Boston), Suffolk County","Various Various","2001-01-01","","N"
"Maidenhair Tree","Ginkgo biloba","Massachusetts","Suffolk","Massachusetts Single Tree Sites","42 21.523","-071 03.816","","","256012","1","42 21.523","-071 03.816","240.0 ft","Public-Private","70.0'","Clinometer/laser rangefinder/sine","10.6'","127''","","Measured by S. Goodwin 11/5/2014 at the corner of Silver and Broad Streets, Westfield, Hampden County.","Various Various","2001-01-01","","N"
"Northern Catalpa","Catalpa speciosa","Massachusetts","Suffolk","Massachusetts Single Tree Sites","42 30.006","-071 34.971","","","256027","1","42 30.006","-071 34.971","","Public-Private","86.1'","Clinometer/laser rangefinder/sine","13.8'","165''","5.8'","Measured by J. Lockwood 5/22/2016 in Harvard, Worcester County.","Various Various","2001-01-01","","N"
"Northern Spicebush","Lindera benzoin","Massachusetts","Suffolk","Massachusetts Single Tree Sites","42 27.053","-071 12.760","","","256013","1","42 27.053","-071 12.760","","Public-Private","21.1'","Clinometer/laser rangefinder/sine","1.3'","15''","23.6'","Measured by D. Bidlack 4.15.2014 in Lexington, Middlesex County, Crown spread is an average, maximum is 26'
Circumference taken at 3' 10""","Various Various","2001-01-01","","N"
"Northern Spicebush","Lindera benzoin","Massachusetts","Suffolk","Massachusetts Single Tree Sites","42 27.052","-071 12.790","","","256014","1","42 27.052","-071 12.790","","Public-Private","22.2'","Clinometer/laser rangefinder/sine","0.7'","8''","","Measured by D. Bidlack 4/15/2014 in Lexington, Middlesex County,","Various Various","2001-01-01","","N"
"Shagbark Hickory","Carya ovata","Massachusetts","Suffolk","Massachusetts Single Tree Sites","42 34.755","-071 26.270","","","256028","1","42 34.755","-071 26.270","","Public-Private","89.8'","Clinometer/laser rangefinder/sine","12.2'","146''","85.1'","Measured by J. Lockwood on 5/22/2016 in the Prospect Hill Wildlife Sanctuary(8 acres). Located near the  intersection of Hildreth Street and Wright  Lane, Westford, Worcester County. The Property is managed by the Westford Conservation Trust.","Various Various","2001-01-01","","N"
"Swamp White Oak","Quercus bicolor","Massachusetts","Suffolk","Massachusetts Single Tree Sites","42 27.722","-071 38.234","","","256019","1","42 27.722","-071 38.234","","Public-Private","77.5'","Clinometer/laser rangefinder/sine","15.1'","181''","78.5'","Measured by J. Lockwood 6/15/2016 in Bolton Flats Wildlife Management Area near Lanacaster, Worcester County","Various Various","2001-01-01","","N"
"Sweet Birch","Betula lenta","Massachusetts","Suffolk","Massachusetts Single Tree Sites","","","","","255998","1","","","","Public-Private","","Clinometer/laser rangefinder/sine","8.8'","105''","","Measured by E. Campbell 12/2/2008 on University of Massachusetts/Amherst Campus in Hampshire Count.","Various Various","2001-01-01","","N"
"Tuliptree","Liriodendron tulipifera","Massachusetts","Suffolk","Massachusetts Single Tree Sites","42 06.873","-072 48.069","","","255996","1","42 06.873","-072 48.069","","Public-Private","","Clinometer/laser rangefinder/sine","14.2'","170''","","Measured by G. Beluzo 1/16/2007, North Loomis Road, Granville(part of Springfield), Hampden County.","Various Various","2001-01-01","","N"
"Tuliptree","Liriodendron tulipifera","Massachusetts","Suffolk","Massachusetts Single Tree Sites","41 49.032","-071 07.785","","","255997","1","41 49.032","-071 07.785","","Public-Private","97.5'","Clinometer/laser rangefinder/sine","14.3'","172''","","Known as the Dighton Tuliptree,
Measured by D. Bidlack 2/3/2007 at the Dighton Community Church, 2036 Elm Street, Dighton, Bristol County.","Various Various","2001-01-01","","N"
"White Ash","Fraxinus americana","Massachusetts","Suffolk","Massachusetts Single Tree Sites","42 06.774","-072 38.335","","","256007","1","42 06.774","-072 38.335","","Public-Private","85.0'","Clinometer/laser rangefinder/sine","19.8'","237''","","","Various Various","2001-01-01","","N"
"Yellow Birch","Betula alleghaniensis","Massachusetts","Suffolk","Massachusetts Single Tree Sites","","","","","256022","1","","","","Public-Private","86.8'","Clinometer/laser rangefinder/sine","12.8'","153''","57.4'","Measured by J. Lockwood, R. Asselin 1/2/2017 in Monroe State Forest, near Monroe, Franklin County","Various Various","2001-01-01","","N"
"Pitch Pine","Pinus rigida","Massachusetts","Worcester","Blomfelt Conservation Area","","","30 acres","","250537","1","","","","Public - city","100.3'","Clinometer/laser rangefinder/sine","4.1'","49''","","","Jared Lockwood","2016-11-19","http%3A%2F%2Fwww.ents-bbs.org%2Fviewtopic.php%3Ff%3D86%26t%3D7869%26sid%3D8def4cf5010eaa8d4aa3ae1748691869%23p39041","N"
"Pitch Pine","Pinus rigida","Massachusetts","Worcester","Blomfelt Conservation Area","","","30 acres","","250538","1","","","","Public - city","101.8'","Clinometer/laser rangefinder/sine","4.4'","53''","","","Jared Lockwood","2016-11-19","http%3A%2F%2Fwww.ents-bbs.org%2Fviewtopic.php%3Ff%3D86%26t%3D7869%26sid%3D8def4cf5010eaa8d4aa3ae1748691869%23p39041","N"
"Pitch Pine","Pinus rigida","Massachusetts","Worcester","Blomfelt Conservation Area","","","30 acres","","250539","1","","","","Public - city","105.0'","Clinometer/laser rangefinder/sine","4.0'","48''","","","Jared Lockwood","2016-11-19","http%3A%2F%2Fwww.ents-bbs.org%2Fviewtopic.php%3Ff%3D86%26t%3D7869%26sid%3D8def4cf5010eaa8d4aa3ae1748691869%23p39041","N"
"Red Pine","Pinus resinosa","Massachusetts","Worcester","Eastwood Cemetery","","","Natural occurrence ?","","250349","1","","","","Public-Private","100.1'","Clinometer/laser rangefinder/sine","","","","","Jared Lockwood","2016-04-28","http%3A%2F%2Fwww.ents-bbs.org%2Fviewtopic.php%3Ff%3D86%26t%3D7678%26sid%3De52ef5bd464b38a87863ea9c1bde70dd","N"
"Red Pine","Pinus resinosa","Massachusetts","Worcester","Eastwood Cemetery","","","Natural occurrence ?","","250348","1","","","","Public-Private","102.0'","Clinometer/laser rangefinder/sine","","","","","Jared Lockwood","2016-04-28","http%3A%2F%2Fwww.ents-bbs.org%2Fviewtopic.php%3Ff%3D86%26t%3D7678%26sid%3De52ef5bd464b38a87863ea9c1bde70dd","N"
"Red Pine","Pinus resinosa","Massachusetts","Worcester","Eastwood Cemetery","","","Natural occurrence ?","","250347","1","","","","Public-Private","102.5'","Clinometer/laser rangefinder/sine","","","","","Jared Lockwood","2016-04-28","http%3A%2F%2Fwww.ents-bbs.org%2Fviewtopic.php%3Ff%3D86%26t%3D7678%26sid%3De52ef5bd464b38a87863ea9c1bde70dd","N"
"Red Pine","Pinus resinosa","Massachusetts","Worcester","Eastwood Cemetery","","","Natural occurrence ?","","250346","1","","","","Public-Private","103.2'","Clinometer/laser rangefinder/sine","5.4'","64''","","","Jared Lockwood","2016-04-28","http%3A%2F%2Fwww.ents-bbs.org%2Fviewtopic.php%3Ff%3D86%26t%3D7678%26sid%3De52ef5bd464b38a87863ea9c1bde70dd","N"
"Cucumber-Tree","Magnolia acuminata","Massachusetts","Worcester","Edmund Hill Woods","","","118 acres","","250871","1","","","","Public - city","121.7'","Clinometer/laser rangefinder/sine","8.2'","98''","","","Doug Bidlack, Jared Lockwood, Andrew Joslin","2017-04-03","http%3A%2F%2Fwww.ents-bbs.org%2Fviewtopic.php%3Ff%3D86%26t%3D7976%26sid%3Df01aed3bab3c2b41d036f39fba3b6a91%23p39817","N"
"Eastern White Pine","Pinus strobus","Massachusetts","Worcester","Edmund Hill Woods","","","118 acres","","250872","1","","","","Public - city","132.3'","Clinometer/laser rangefinder/sine","9.6'","115''","","","Doug Bidlack, Jared Lockwood, Andrew Joslin","2017-04-03","http%3A%2F%2Fwww.ents-bbs.org%2Fviewtopic.php%3Ff%3D86%26t%3D7976%26sid%3Df01aed3bab3c2b41d036f39fba3b6a91%23p39817","N"
"Bigtooth Aspen","Populus grandidentata","Massachusetts","Worcester","Michael P. Yellick Conservation Area","","","92 acres","","250876","1","","","","Public - city","112.5'","Clinometer/laser rangefinder/sine","4.5'","54''","","","Doug Bidlack, Jared Lockwood, Andrew Joslin","2017-04-03","http%3A%2F%2Fwww.ents-bbs.org%2Fviewtopic.php%3Ff%3D86%26t%3D7976%26sid%3Df01aed3bab3c2b41d036f39fba3b6a91","N"
"Eastern White Pine","Pinus strobus","Massachusetts","Worcester","Michael P. Yellick Conservation Area","","","92 acres","","250874","1","","","","Public - city","133.0'","Clinometer/laser rangefinder/sine","4.9'","59''","","","Doug Bidlack, Jared Lockwood, Andrew Joslin","2017-04-03","http%3A%2F%2Fwww.ents-bbs.org%2Fviewtopic.php%3Ff%3D86%26t%3D7976%26sid%3Df01aed3bab3c2b41d036f39fba3b6a91","N"
"Eastern White Pine","Pinus strobus","Massachusetts","Worcester","Michael P. Yellick Conservation Area","","","92 acres","","250873","1","","","","Public - city","133.9'","Clinometer/laser rangefinder/sine","8.7'","104''","","","Doug Bidlack, Jared Lockwood, Andrew Joslin","2017-04-03","http%3A%2F%2Fwww.ents-bbs.org%2Fviewtopic.php%3Ff%3D86%26t%3D7976%26sid%3Df01aed3bab3c2b41d036f39fba3b6a91","N"
"Eastern White Pine","Pinus strobus","Massachusetts","Worcester","Michael P. Yellick Conservation Area","","","92 acres","","250875","1","","","","Public - city","136.5'","Clinometer/laser rangefinder/sine","9.5'","114''","","","Doug Bidlack, Jared Lockwood, Andrew Joslin","2017-04-03","http%3A%2F%2Fwww.ents-bbs.org%2Fviewtopic.php%3Ff%3D86%26t%3D7976%26sid%3Df01aed3bab3c2b41d036f39fba3b6a91","N"
"American Basswood","Tilia americana","Massachusetts","Worcester","Norhwoods Core Conservation Area-Bolton","","","","","250486","1","","","","Public - city","82.8'","Clinometer/laser rangefinder/sine","2.2'","26''","","","Jared Lockwood","2016-05-16","http%3A%2F%2Fwww.ents-bbs.org%2Fviewtopic.php%3Ff%3D86%26t%3D7692%26sid%3De52ef5bd464b38a87863ea9c1bde70dd","N"
"American Hornbeam","Carpinus caroliniana","Massachusetts","Worcester","Norhwoods Core Conservation Area-Bolton","","","","","250530","1","","","","Public - city","13.8'","Clinometer/laser rangefinder/sine","0.3'","4''","","","Jared Lockwood","2016-05-16","http%3A%2F%2Fwww.ents-bbs.org%2Fviewtopic.php%3Ff%3D86%26t%3D7692%26sid%3De52ef5bd464b38a87863ea9c1bde70dd","N"
"American Hornbeam","Carpinus caroliniana","Massachusetts","Worcester","Norhwoods Core Conservation Area-Bolton","","","","","250529","1","","","","Public - city","17.9'","Clinometer/laser rangefinder/sine","1.2'","14''","","","Jared Lockwood","2016-05-16","http%3A%2F%2Fwww.ents-bbs.org%2Fviewtopic.php%3Ff%3D86%26t%3D7692%26sid%3De52ef5bd464b38a87863ea9c1bde70dd","N"
"American Hornbeam","Carpinus caroliniana","Massachusetts","Worcester","Norhwoods Core Conservation Area-Bolton","","","","","250528","1","","","","Public - city","23.8'","Clinometer/laser rangefinder/sine","0.8'","10''","","","Jared Lockwood","2016-05-16","http%3A%2F%2Fwww.ents-bbs.org%2Fviewtopic.php%3Ff%3D86%26t%3D7692%26sid%3De52ef5bd464b38a87863ea9c1bde70dd","N"
"American Hornbeam","Carpinus caroliniana","Massachusetts","Worcester","Norhwoods Core Conservation Area-Bolton","","","","","250527","1","","","","Public - city","27.7'","Clinometer/laser rangefinder/sine","1.5'","18''","","","Jared Lockwood","2016-05-16","http%3A%2F%2Fwww.ents-bbs.org%2Fviewtopic.php%3Ff%3D86%26t%3D7692%26sid%3De52ef5bd464b38a87863ea9c1bde70dd","N"
"American Hornbeam","Carpinus caroliniana","Massachusetts","Worcester","Norhwoods Core Conservation Area-Bolton","","","","","250526","1","","","","Public - city","29.3'","Clinometer/laser rangefinder/sine","1.4'","17''","","Circumference taken at 3 2/3'","Jared Lockwood","2016-05-16","http%3A%2F%2Fwww.ents-bbs.org%2Fviewtopic.php%3Ff%3D86%26t%3D7692%26sid%3De52ef5bd464b38a87863ea9c1bde70dd","N"
"American Sycamore","Platanus occidentalis","Massachusetts","Worcester","Norhwoods Core Conservation Area-Bolton","","","","","250484","1","","","","Public - city","95.9'","Clinometer/laser rangefinder/sine","10.0'","120''","","","Jared Lockwood","2016-05-16","http%3A%2F%2Fwww.ents-bbs.org%2Fviewtopic.php%3Ff%3D86%26t%3D7692%26sid%3De52ef5bd464b38a87863ea9c1bde70dd","N"
"Black Cherry","Prunus serotina","Massachusetts","Worcester","Norhwoods Core Conservation Area-Bolton","","","","","250513","1","","","","Public - city","80.4'","Clinometer/laser rangefinder/sine","3.1'","37''","","","Jared Lockwood","2016-05-16","http%3A%2F%2Fwww.ents-bbs.org%2Fviewtopic.php%3Ff%3D86%26t%3D7692%26sid%3De52ef5bd464b38a87863ea9c1bde70dd","N"
"Black Cherry","Prunus serotina","Massachusetts","Worcester","Norhwoods Core Conservation Area-Bolton","","","","","250512","1","","","","Public - city","81.4'","Clinometer/laser rangefinder/sine","4.2'","50''","","","Jared Lockwood","2016-05-16","http%3A%2F%2Fwww.ents-bbs.org%2Fviewtopic.php%3Ff%3D86%26t%3D7692%26sid%3De52ef5bd464b38a87863ea9c1bde70dd","N"
"Black Cherry","Prunus serotina","Massachusetts","Worcester","Norhwoods Core Conservation Area-Bolton","","","","","250511","1","","","","Public - city","91.0'","Clinometer/laser rangefinder/sine","3.5'","42''","","","Jared Lockwood","2016-05-16","http%3A%2F%2Fwww.ents-bbs.org%2Fviewtopic.php%3Ff%3D86%26t%3D7692%26sid%3De52ef5bd464b38a87863ea9c1bde70dd","N"
"Black Cherry","Prunus serotina","Massachusetts","Worcester","Norhwoods Core Conservation Area-Bolton","","","","","250510","1","","","","Public - city","96.6'","Clinometer/laser rangefinder/sine","2.9'","35''","","","Jared Lockwood","2016-05-16","http%3A%2F%2Fwww.ents-bbs.org%2Fviewtopic.php%3Ff%3D86%26t%3D7692%26sid%3De52ef5bd464b38a87863ea9c1bde70dd","N"
"Black Oak","Quercus velutina","Massachusetts","Worcester","Norhwoods Core Conservation Area-Bolton","","","","","250509","1","","","","Public - city","84.7'","Clinometer/laser rangefinder/sine","6.4'","77''","","","Jared Lockwood","2016-05-16","http%3A%2F%2Fwww.ents-bbs.org%2Fviewtopic.php%3Ff%3D86%26t%3D7692%26sid%3De52ef5bd464b38a87863ea9c1bde70dd","N"
"Black Oak","Quercus velutina","Massachusetts","Worcester","Norhwoods Core Conservation Area-Bolton","","","","","250508","1","","","","Public - city","90.2'","Clinometer/laser rangefinder/sine","7.4'","89''","","","Jared Lockwood","2016-05-16","http%3A%2F%2Fwww.ents-bbs.org%2Fviewtopic.php%3Ff%3D86%26t%3D7692%26sid%3De52ef5bd464b38a87863ea9c1bde70dd","N"
"Black Oak","Quercus velutina","Massachusetts","Worcester","Norhwoods Core Conservation Area-Bolton","","","","","250507","1","","","","Public - city","93.1'","Clinometer/laser rangefinder/sine","7.1'","85''","","","Jared Lockwood","2016-05-16","http%3A%2F%2Fwww.ents-bbs.org%2Fviewtopic.php%3Ff%3D86%26t%3D7692%26sid%3De52ef5bd464b38a87863ea9c1bde70dd","N"
"Eastern Hemlock","Tsuga canadensis","Massachusetts","Worcester","Norhwoods Core Conservation Area-Bolton","","","","","250472","1","","","","Public - city","100.1'","Clinometer/laser rangefinder/sine","7.4'","89''","","","Jared Lockwood","2016-05-16","http%3A%2F%2Fwww.ents-bbs.org%2Fviewtopic.php%3Ff%3D86%26t%3D7692%26sid%3De52ef5bd464b38a87863ea9c1bde70dd","N"
"Eastern Hemlock","Tsuga canadensis","Massachusetts","Worcester","Norhwoods Core Conservation Area-Bolton","","","","","250471","1","","","","Public - city","108.0'","Clinometer/laser rangefinder/sine","9.1'","109''","","","Jared Lockwood","2016-05-16","http%3A%2F%2Fwww.ents-bbs.org%2Fviewtopic.php%3Ff%3D86%26t%3D7692%26sid%3De52ef5bd464b38a87863ea9c1bde70dd","N"
"Eastern White Pine","Pinus strobus","Massachusetts","Worcester","Norhwoods Core Conservation Area-Bolton","","","","","250467","1","","","","Public - city","106.9'","Clinometer/laser rangefinder/sine","4.9'","59''","","","Jared Lockwood","2016-05-16","http%3A%2F%2Fwww.ents-bbs.org%2Fviewtopic.php%3Ff%3D86%26t%3D7692%26sid%3De52ef5bd464b38a87863ea9c1bde70dd","N"
"Eastern White Pine","Pinus strobus","Massachusetts","Worcester","Norhwoods Core Conservation Area-Bolton","","","","","250466","1","","","","Public - city","113.0'","Clinometer/laser rangefinder/sine","9.8'","118''","","","Jared Lockwood","2016-05-16","http%3A%2F%2Fwww.ents-bbs.org%2Fviewtopic.php%3Ff%3D86%26t%3D7692%26sid%3De52ef5bd464b38a87863ea9c1bde70dd","N"
"Eastern White Pine","Pinus strobus","Massachusetts","Worcester","Norhwoods Core Conservation Area-Bolton","","","","","250465","1","","","","Public - city","118.8'","Clinometer/laser rangefinder/sine","6.6'","79''","","","Jared Lockwood","2016-05-16","http%3A%2F%2Fwww.ents-bbs.org%2Fviewtopic.php%3Ff%3D86%26t%3D7692%26sid%3De52ef5bd464b38a87863ea9c1bde70dd","N"
"Eastern White Pine","Pinus strobus","Massachusetts","Worcester","Norhwoods Core Conservation Area-Bolton","","","","","250464","1","","","","Public - city","120.3'","Clinometer/laser rangefinder/sine","6.8'","82''","","","Jared Lockwood","2016-05-16","http%3A%2F%2Fwww.ents-bbs.org%2Fviewtopic.php%3Ff%3D86%26t%3D7692%26sid%3De52ef5bd464b38a87863ea9c1bde70dd","N"
"Eastern White Pine","Pinus strobus","Massachusetts","Worcester","Norhwoods Core Conservation Area-Bolton","","","","","250463","1","","","","Public - city","120.8'","Clinometer/laser rangefinder/sine","8.3'","100''","","","Jared Lockwood","2016-05-16","http%3A%2F%2Fwww.ents-bbs.org%2Fviewtopic.php%3Ff%3D86%26t%3D7692%26sid%3De52ef5bd464b38a87863ea9c1bde70dd","N"
"Green Ash","Fraxinus pennsylvanica","Massachusetts","Worcester","Norhwoods Core Conservation Area-Bolton","","","","","250518","1","","","","Public - city","7.0'","Clinometer/laser rangefinder/sine","","","","","Jared Lockwood","2016-05-16","http%3A%2F%2Fwww.ents-bbs.org%2Fviewtopic.php%3Ff%3D86%26t%3D7692%26sid%3De52ef5bd464b38a87863ea9c1bde70dd","N"
"Green Ash","Fraxinus pennsylvanica","Massachusetts","Worcester","Norhwoods Core Conservation Area-Bolton","","","","","250517","1","","","","Public - city","89.2'","Clinometer/laser rangefinder/sine","6.8'","82''","","","Jared Lockwood","2016-05-16","http%3A%2F%2Fwww.ents-bbs.org%2Fviewtopic.php%3Ff%3D86%26t%3D7692%26sid%3De52ef5bd464b38a87863ea9c1bde70dd","N"
"Green Ash","Fraxinus pennsylvanica","Massachusetts","Worcester","Norhwoods Core Conservation Area-Bolton","","","","","250516","1","","","","Public - city","89.9'","Clinometer/laser rangefinder/sine","2.9'","35''","","Circumference taken at 4'","Jared Lockwood","2016-05-16","http%3A%2F%2Fwww.ents-bbs.org%2Fviewtopic.php%3Ff%3D86%26t%3D7692%26sid%3De52ef5bd464b38a87863ea9c1bde70dd","N"
"Green Ash","Fraxinus pennsylvanica","Massachusetts","Worcester","Norhwoods Core Conservation Area-Bolton","","","","","250515","1","","","","Public - city","92.5'","Clinometer/laser rangefinder/sine","6.3'","76''","","","Jared Lockwood","2016-05-16","http%3A%2F%2Fwww.ents-bbs.org%2Fviewtopic.php%3Ff%3D86%26t%3D7692%26sid%3De52ef5bd464b38a87863ea9c1bde70dd","N"
"Green Ash","Fraxinus pennsylvanica","Massachusetts","Worcester","Norhwoods Core Conservation Area-Bolton","","","","","250514","1","","","","Public - city","93.6'","Clinometer/laser rangefinder/sine","","","","","Jared Lockwood","2016-05-16","http%3A%2F%2Fwww.ents-bbs.org%2Fviewtopic.php%3Ff%3D86%26t%3D7692%26sid%3De52ef5bd464b38a87863ea9c1bde70dd","N"
"Hophornbeam","Ostrya virginiana","Massachusetts","Worcester","Norhwoods Core Conservation Area-Bolton","","","","","250485","1","","","","Public - city","69.1'","Clinometer/laser rangefinder/sine","3.4'","41''","","","Jared Lockwood","2016-05-16","http%3A%2F%2Fwww.ents-bbs.org%2Fviewtopic.php%3Ff%3D86%26t%3D7692%26sid%3De52ef5bd464b38a87863ea9c1bde70dd","N"
"Northern Red Oak","Quercus rubra","Massachusetts","Worcester","Norhwoods Core Conservation Area-Bolton","","","","","250501","1","","","","Public - city","95.1'","Clinometer/laser rangefinder/sine","","","","","Jared Lockwood","2016-05-16","http%3A%2F%2Fwww.ents-bbs.org%2Fviewtopic.php%3Ff%3D86%26t%3D7692%26sid%3De52ef5bd464b38a87863ea9c1bde70dd","N"
"Northern Red Oak","Quercus rubra","Massachusetts","Worcester","Norhwoods Core Conservation Area-Bolton","","","","","250500","1","","","","Public - city","95.7'","Clinometer/laser rangefinder/sine","6.3'","76''","","","Jared Lockwood","2016-05-16","http%3A%2F%2Fwww.ents-bbs.org%2Fviewtopic.php%3Ff%3D86%26t%3D7692%26sid%3De52ef5bd464b38a87863ea9c1bde70dd","N"
"Northern Red Oak","Quercus rubra","Massachusetts","Worcester","Norhwoods Core Conservation Area-Bolton","","","","","250499","1","","","","Public - city","97.1'","Clinometer/laser rangefinder/sine","13.2'","158''","","","Jared Lockwood","2016-05-16","http%3A%2F%2Fwww.ents-bbs.org%2Fviewtopic.php%3Ff%3D86%26t%3D7692%26sid%3De52ef5bd464b38a87863ea9c1bde70dd","N"
"Northern Red Oak","Quercus rubra","Massachusetts","Worcester","Norhwoods Core Conservation Area-Bolton","","","","","250498","1","","","","Public - city","104.3'","Clinometer/laser rangefinder/sine","5.0'","60''","","","Jared Lockwood","2016-05-16","http%3A%2F%2Fwww.ents-bbs.org%2Fviewtopic.php%3Ff%3D86%26t%3D7692%26sid%3De52ef5bd464b38a87863ea9c1bde70dd","N"
"Paper Birch","Betula papyrifera","Massachusetts","Worcester","Norhwoods Core Conservation Area-Bolton","","","","","250489","1","","","","Public - city","66.4'","Clinometer/laser rangefinder/sine","4.3'","52''","","","Jared Lockwood","2016-05-16","http%3A%2F%2Fwww.ents-bbs.org%2Fviewtopic.php%3Ff%3D86%26t%3D7692%26sid%3De52ef5bd464b38a87863ea9c1bde70dd","N"
"Paper Birch","Betula papyrifera","Massachusetts","Worcester","Norhwoods Core Conservation Area-Bolton","","","","","250488","1","","","","Public - city","72.5'","Clinometer/laser rangefinder/sine","1.9'","23''","","","Jared Lockwood","2016-05-16","http%3A%2F%2Fwww.ents-bbs.org%2Fviewtopic.php%3Ff%3D86%26t%3D7692%26sid%3De52ef5bd464b38a87863ea9c1bde70dd","N"
"Paper Birch","Betula papyrifera","Massachusetts","Worcester","Norhwoods Core Conservation Area-Bolton","","","","","250487","1","","","","Public - city","78.1'","Clinometer/laser rangefinder/sine","2.6'","31''","","","Jared Lockwood","2016-05-16","http%3A%2F%2Fwww.ents-bbs.org%2Fviewtopic.php%3Ff%3D86%26t%3D7692%26sid%3De52ef5bd464b38a87863ea9c1bde70dd","N"
"Pignut Hickory","Carya glabra","Massachusetts","Worcester","Norhwoods Core Conservation Area-Bolton","","","","","250478","1","","","","Public - city","99.3'","Clinometer/laser rangefinder/sine","6.5'","78''","","","Jared Lockwood","2016-05-16","http%3A%2F%2Fwww.ents-bbs.org%2Fviewtopic.php%3Ff%3D86%26t%3D7692%26sid%3De52ef5bd464b38a87863ea9c1bde70dd","N"
"Pignut Hickory","Carya glabra","Massachusetts","Worcester","Norhwoods Core Conservation Area-Bolton","","","","","250477","1","","","","Public - city","99.9'","Clinometer/laser rangefinder/sine","2.8'","34''","","","Jared Lockwood","2016-05-16","http%3A%2F%2Fwww.ents-bbs.org%2Fviewtopic.php%3Ff%3D86%26t%3D7692%26sid%3De52ef5bd464b38a87863ea9c1bde70dd","N"
"Pignut Hickory","Carya glabra","Massachusetts","Worcester","Norhwoods Core Conservation Area-Bolton","","","","","250476","1","","","","Public - city","102.7'","Clinometer/laser rangefinder/sine","6.7'","80''","","","Jared Lockwood","2016-05-16","http%3A%2F%2Fwww.ents-bbs.org%2Fviewtopic.php%3Ff%3D86%26t%3D7692%26sid%3De52ef5bd464b38a87863ea9c1bde70dd","N"
"Pignut Hickory","Carya glabra","Massachusetts","Worcester","Norhwoods Core Conservation Area-Bolton","","","","","250475","1","","","","Public - city","106.2'","Clinometer/laser rangefinder/sine","3.8'","46''","","","Jared Lockwood","2016-05-16","http%3A%2F%2Fwww.ents-bbs.org%2Fviewtopic.php%3Ff%3D86%26t%3D7692%26sid%3De52ef5bd464b38a87863ea9c1bde70dd","N"
"Pignut Hickory","Carya glabra","Massachusetts","Worcester","Norhwoods Core Conservation Area-Bolton","","","","","250474","1","","","","Public - city","108.8'","Clinometer/laser rangefinder/sine","4.6'","55''","","","Jared Lockwood","2016-05-16","http%3A%2F%2Fwww.ents-bbs.org%2Fviewtopic.php%3Ff%3D86%26t%3D7692%26sid%3De52ef5bd464b38a87863ea9c1bde70dd","N"
"Pignut Hickory","Carya glabra","Massachusetts","Worcester","Norhwoods Core Conservation Area-Bolton","","","","","250473","1","","","","Public - city","112.1'","Clinometer/laser rangefinder/sine","7.4'","89''","","","Jared Lockwood","2016-05-16","http%3A%2F%2Fwww.ents-bbs.org%2Fviewtopic.php%3Ff%3D86%26t%3D7692%26sid%3De52ef5bd464b38a87863ea9c1bde70dd","N"
"Pitch Pine","Pinus rigida","Massachusetts","Worcester","Norhwoods Core Conservation Area-Bolton","","","","","250470","1","","","","Public - city","67.8'","Clinometer/laser rangefinder/sine","3.2'","38''","","","Jared Lockwood","2016-05-16","http%3A%2F%2Fwww.ents-bbs.org%2Fviewtopic.php%3Ff%3D86%26t%3D7692%26sid%3De52ef5bd464b38a87863ea9c1bde70dd","N"
"Pitch Pine","Pinus rigida","Massachusetts","Worcester","Norhwoods Core Conservation Area-Bolton","","","","","250469","1","","","","Public - city","75.4'","Clinometer/laser rangefinder/sine","3.7'","44''","","","Jared Lockwood","2016-05-16","http%3A%2F%2Fwww.ents-bbs.org%2Fviewtopic.php%3Ff%3D86%26t%3D7692%26sid%3De52ef5bd464b38a87863ea9c1bde70dd","N"
"Pitch Pine","Pinus rigida","Massachusetts","Worcester","Norhwoods Core Conservation Area-Bolton","","","","","250468","1","","","","Public - city","79.4'","Clinometer/laser rangefinder/sine","3.5'","42''","","","Jared Lockwood","2016-05-16","http%3A%2F%2Fwww.ents-bbs.org%2Fviewtopic.php%3Ff%3D86%26t%3D7692%26sid%3De52ef5bd464b38a87863ea9c1bde70dd","N"
"Sassafras","Sassafras albidum","Massachusetts","Worcester","Norhwoods Core Conservation Area-Bolton","","","","","250525","1","","","","Public - city","66.7'","Clinometer/laser rangefinder/sine","4.3'","52''","","","Jared Lockwood","2016-05-16","http%3A%2F%2Fwww.ents-bbs.org%2Fviewtopic.php%3Ff%3D86%26t%3D7692%26sid%3De52ef5bd464b38a87863ea9c1bde70dd","N"
"Sassafras","Sassafras albidum","Massachusetts","Worcester","Norhwoods Core Conservation Area-Bolton","","","","","250524","1","","","","Public - city","77.3'","Clinometer/laser rangefinder/sine","2.8'","34''","","","Jared Lockwood","2016-05-16","http%3A%2F%2Fwww.ents-bbs.org%2Fviewtopic.php%3Ff%3D86%26t%3D7692%26sid%3De52ef5bd464b38a87863ea9c1bde70dd","N"
"Sassafras","Sassafras albidum","Massachusetts","Worcester","Norhwoods Core Conservation Area-Bolton","","","","","250523","1","","","","Public - city","77.4'","Clinometer/laser rangefinder/sine","2.4'","29''","","","Jared Lockwood","2016-05-16","http%3A%2F%2Fwww.ents-bbs.org%2Fviewtopic.php%3Ff%3D86%26t%3D7692%26sid%3De52ef5bd464b38a87863ea9c1bde70dd","N"
"Sassafras","Sassafras albidum","Massachusetts","Worcester","Norhwoods Core Conservation Area-Bolton","","","","","250522","1","","","","Public - city","77.6'","Clinometer/laser rangefinder/sine","3.0'","36''","","","Jared Lockwood","2016-05-16","http%3A%2F%2Fwww.ents-bbs.org%2Fviewtopic.php%3Ff%3D86%26t%3D7692%26sid%3De52ef5bd464b38a87863ea9c1bde70dd","N"
"Sugar Maple","Acer saccharum","Massachusetts","Worcester","Norhwoods Core Conservation Area-Bolton","","","","","250483","1","","","","Public - city","7.5'","Clinometer/laser rangefinder/sine","4.9'","59''","","","Jared Lockwood","2016-05-16","http%3A%2F%2Fwww.ents-bbs.org%2Fviewtopic.php%3Ff%3D86%26t%3D7692%26sid%3De52ef5bd464b38a87863ea9c1bde70dd","N"
"Sugar Maple","Acer saccharum","Massachusetts","Worcester","Norhwoods Core Conservation Area-Bolton","","","","","250482","1","","","","Public - city","90.6'","Clinometer/laser rangefinder/sine","8.5'","102''","","","Jared Lockwood","2016-05-16","http%3A%2F%2Fwww.ents-bbs.org%2Fviewtopic.php%3Ff%3D86%26t%3D7692%26sid%3De52ef5bd464b38a87863ea9c1bde70dd","N"
"Sugar Maple","Acer saccharum","Massachusetts","Worcester","Norhwoods Core Conservation Area-Bolton","","","","","250481","1","","","","Public - city","93.1'","Clinometer/laser rangefinder/sine","8.5'","102''","","","Jared Lockwood","2016-05-16","http%3A%2F%2Fwww.ents-bbs.org%2Fviewtopic.php%3Ff%3D86%26t%3D7692%26sid%3De52ef5bd464b38a87863ea9c1bde70dd","N"
"Sugar Maple","Acer saccharum","Massachusetts","Worcester","Norhwoods Core Conservation Area-Bolton","","","","","250480","1","","","","Public - city","94.4'","Clinometer/laser rangefinder/sine","8.5'","102''","","","Jared Lockwood","2016-05-16","http%3A%2F%2Fwww.ents-bbs.org%2Fviewtopic.php%3Ff%3D86%26t%3D7692%26sid%3De52ef5bd464b38a87863ea9c1bde70dd","N"
"Sugar Maple","Acer saccharum","Massachusetts","Worcester","Norhwoods Core Conservation Area-Bolton","","","","","250479","1","","","","Public - city","94.8'","Clinometer/laser rangefinder/sine","6.5'","78''","","","Jared Lockwood","2016-05-16","http%3A%2F%2Fwww.ents-bbs.org%2Fviewtopic.php%3Ff%3D86%26t%3D7692%26sid%3De52ef5bd464b38a87863ea9c1bde70dd","N"
"Sweet Birch","Betula lenta","Massachusetts","Worcester","Norhwoods Core Conservation Area-Bolton","","","","","250497","1","","","","Public - city","91.2'","Clinometer/laser rangefinder/sine","5.7'","68''","","","Jared Lockwood","2016-05-16","http%3A%2F%2Fwww.ents-bbs.org%2Fviewtopic.php%3Ff%3D86%26t%3D7692%26sid%3De52ef5bd464b38a87863ea9c1bde70dd","N"
"Sweet Birch","Betula lenta","Massachusetts","Worcester","Norhwoods Core Conservation Area-Bolton","","","","","250496","1","","","","Public - city","91.7'","Clinometer/laser rangefinder/sine","","","","","Jared Lockwood","2016-05-16","http%3A%2F%2Fwww.ents-bbs.org%2Fviewtopic.php%3Ff%3D86%26t%3D7692%26sid%3De52ef5bd464b38a87863ea9c1bde70dd","N"
"Sweet Birch","Betula lenta","Massachusetts","Worcester","Norhwoods Core Conservation Area-Bolton","","","","","250495","1","","","","Public - city","92.5'","Clinometer/laser rangefinder/sine","3.0'","36''","","","Jared Lockwood","2016-05-16","http%3A%2F%2Fwww.ents-bbs.org%2Fviewtopic.php%3Ff%3D86%26t%3D7692%26sid%3De52ef5bd464b38a87863ea9c1bde70dd","N"
"Sweet Birch","Betula lenta","Massachusetts","Worcester","Norhwoods Core Conservation Area-Bolton","","","","","250494","1","","","","Public - city","97.8'","Clinometer/laser rangefinder/sine","3.6'","43''","","","Jared Lockwood","2016-05-16","http%3A%2F%2Fwww.ents-bbs.org%2Fviewtopic.php%3Ff%3D86%26t%3D7692%26sid%3De52ef5bd464b38a87863ea9c1bde70dd","N"
"Sweet Birch","Betula lenta","Massachusetts","Worcester","Norhwoods Core Conservation Area-Bolton","","","","","250493","1","","","","Public - city","98.7'","Clinometer/laser rangefinder/sine","4.2'","50''","","","Jared Lockwood","2016-05-16","http%3A%2F%2Fwww.ents-bbs.org%2Fviewtopic.php%3Ff%3D86%26t%3D7692%26sid%3De52ef5bd464b38a87863ea9c1bde70dd","N"
"Sweet Birch","Betula lenta","Massachusetts","Worcester","Norhwoods Core Conservation Area-Bolton","","","","","250492","1","","","","Public - city","98.8'","Clinometer/laser rangefinder/sine","3.9'","47''","","","Jared Lockwood","2016-05-16","http%3A%2F%2Fwww.ents-bbs.org%2Fviewtopic.php%3Ff%3D86%26t%3D7692%26sid%3De52ef5bd464b38a87863ea9c1bde70dd","N"
"White Ash","Fraxinus americana","Massachusetts","Worcester","Norhwoods Core Conservation Area-Bolton","","","","","250519","1","","","","Public - city","114.4'","Clinometer/laser rangefinder/sine","","","","","Jared Lockwood","2016-05-16","http%3A%2F%2Fwww.ents-bbs.org%2Fviewtopic.php%3Ff%3D86%26t%3D7692%26sid%3De52ef5bd464b38a87863ea9c1bde70dd","N"
"White Ash","Fraxinus americana","Massachusetts","Worcester","Norhwoods Core Conservation Area-Bolton","","","","","250520","1","","","","Public - city","114.5'","Clinometer/laser rangefinder/sine","7.6'","91''","","","Jared Lockwood","2016-05-16","http%3A%2F%2Fwww.ents-bbs.org%2Fviewtopic.php%3Ff%3D86%26t%3D7692%26sid%3De52ef5bd464b38a87863ea9c1bde70dd","N"
"White Ash","Fraxinus americana","Massachusetts","Worcester","Norhwoods Core Conservation Area-Bolton","","","","","250521","1","","","","Public - city","114.6'","Clinometer/laser rangefinder/sine","","","","","Jared Lockwood","2016-05-16","http%3A%2F%2Fwww.ents-bbs.org%2Fviewtopic.php%3Ff%3D86%26t%3D7692%26sid%3De52ef5bd464b38a87863ea9c1bde70dd","N"
"White Oak","Quercus alba","Massachusetts","Worcester","Norhwoods Core Conservation Area-Bolton","","","","","250506","1","","","","Public - city","84.5'","Clinometer/laser rangefinder/sine","6.4'","77''","","","Jared Lockwood","2016-05-16","http%3A%2F%2Fwww.ents-bbs.org%2Fviewtopic.php%3Ff%3D86%26t%3D7692%26sid%3De52ef5bd464b38a87863ea9c1bde70dd","N"
"White Oak","Quercus alba","Massachusetts","Worcester","Norhwoods Core Conservation Area-Bolton","","","","","250505","1","","","","Public - city","85.6'","Clinometer/laser rangefinder/sine","","","","Multi-stem wolf tree.","Jared Lockwood","2016-05-16","http%3A%2F%2Fwww.ents-bbs.org%2Fviewtopic.php%3Ff%3D86%26t%3D7692%26sid%3De52ef5bd464b38a87863ea9c1bde70dd","N"
"White Oak","Quercus alba","Massachusetts","Worcester","Norhwoods Core Conservation Area-Bolton","","","","","250504","1","","","","Public - city","87.3'","Clinometer/laser rangefinder/sine","6.3'","76''","","","Jared Lockwood","2016-05-16","http%3A%2F%2Fwww.ents-bbs.org%2Fviewtopic.php%3Ff%3D86%26t%3D7692%26sid%3De52ef5bd464b38a87863ea9c1bde70dd","N"
"White Oak","Quercus alba","Massachusetts","Worcester","Norhwoods Core Conservation Area-Bolton","","","","","250503","1","","","","Public - city","91.4'","Clinometer/laser rangefinder/sine","13.2'","158''","","Wolf Tree","Jared Lockwood","2016-05-16","http%3A%2F%2Fwww.ents-bbs.org%2Fviewtopic.php%3Ff%3D86%26t%3D7692%26sid%3De52ef5bd464b38a87863ea9c1bde70dd","N"
"White Oak","Quercus alba","Massachusetts","Worcester","Norhwoods Core Conservation Area-Bolton","","","","","250502","1","","","","Public - city","92.2'","Clinometer/laser rangefinder/sine","5.5'","66''","","","Jared Lockwood","2016-05-16","http%3A%2F%2Fwww.ents-bbs.org%2Fviewtopic.php%3Ff%3D86%26t%3D7692%26sid%3De52ef5bd464b38a87863ea9c1bde70dd","N"
"Yellow Birch","Betula alleghaniensis","Massachusetts","Worcester","Norhwoods Core Conservation Area-Bolton","","","","","250491","1","","","","Public - city","83.2'","Clinometer/laser rangefinder/sine","2.2'","26''","","","Jared Lockwood","2016-05-16","http%3A%2F%2Fwww.ents-bbs.org%2Fviewtopic.php%3Ff%3D86%26t%3D7692%26sid%3De52ef5bd464b38a87863ea9c1bde70dd","N"
"Yellow Birch","Betula alleghaniensis","Massachusetts","Worcester","Norhwoods Core Conservation Area-Bolton","","","","","250490","1","","","","Public - city","83.4'","Clinometer/laser rangefinder/sine","3.4'","41''","","","Jared Lockwood","2016-05-16","http%3A%2F%2Fwww.ents-bbs.org%2Fviewtopic.php%3Ff%3D86%26t%3D7692%26sid%3De52ef5bd464b38a87863ea9c1bde70dd","N"
"American Sycamore","Platanus occidentalis","Massachusetts","Worcester","Northwoods","","","","","124417","1","","","","Private","95.9'","Clinometer/laser rangefinder/sine","10.0'","120''","","","Jared Lockwood","2016-05-03","","N"
"Hophornbeam","Ostrya virginiana","Massachusetts","Worcester","Northwoods","","","","","124415","1","","","","Private","69.7'","Clinometer/laser rangefinder/sine","3.4'","40''","","","Jared Lockwood","2016-05-03","","N"
"Paper Birch","Betula papyrifera","Massachusetts","Worcester","Northwoods","","","","","124416","1","","","","Private","78.1'","Clinometer/laser rangefinder/sine","2.6'","31''","","","Jared Lockwood","2016-05-03","","N"
"White Ash","Fraxinus americana","Massachusetts","Worcester","Northwoods","","","","","124419","1","","","","Private","114.5'","Clinometer/laser rangefinder/sine","7.6'","91''","","","Jared Lockwood","2016-05-03","","N"
"White Ash","Fraxinus americana","Massachusetts","Worcester","Northwoods","","","","","124418","1","","","","Private","114.6'","Clinometer/laser rangefinder/sine","","","","","Jared Lockwood","2016-05-03","","N"
"Bigtooth Aspen","Populus grandidentata","Massachusetts","Worcester","Oxbow National Wildlife Refuge","","","1667 acres","","250533","1","","","","Public - federal","88.4'","Clinometer/laser rangefinder/sine","6.4'","77''","49.5'","","Jared Lockwood","2016-06-15","http%3A%2F%2Fwww.ents-bbs.org%2Fviewtopic.php%3Ff%3D86%26t%3D7700%26sid%3Df94deecbfc6dafbb682ef60b3faea762","N"
"Shagbark Hickory","Carya ovata","Massachusetts","Worcester","Oxbow National Wildlife Refuge","","","1667 acres","","250532","1","","","","Public - federal","83.4'","Clinometer/laser rangefinder/sine","7.8'","93''","52.6'","","Jared Lockwood","2016-06-15","http%3A%2F%2Fwww.ents-bbs.org%2Fviewtopic.php%3Ff%3D86%26t%3D7700%26sid%3Df94deecbfc6dafbb682ef60b3faea762","N"
"Swamp White Oak","Quercus bicolor","Massachusetts","Worcester","Oxbow National Wildlife Refuge","","","1667 acres","","250531","1","","","","Public - federal","68.5'","Clinometer/laser rangefinder/sine","12.9'","155''","77.9'","","Jared Lockwood","2016-06-15","http%3A%2F%2Fwww.ents-bbs.org%2Fviewtopic.php%3Ff%3D86%26t%3D7700%26sid%3Df94deecbfc6dafbb682ef60b3faea762","N"
"American Sycamore","Platanus occidentalis","Massachusetts","Worcester","Sochalaski Cnservation Lands","","","","","250368","1","","","","Public - city","119.5'","Clinometer/laser rangefinder/sine","8.0'","96''","","","Jared Lockwood","2016-05-01","http%3A%2F%2Fwww.ents-bbs.org%2Fviewtopic.php%3Ff%3D86%26t%3D7682%26sid%3De52ef5bd464b38a87863ea9c1bde70dd","N"
"Basswood","Tilia spp.","Massachusetts","Worcester","Sochalaski Cnservation Lands","","","","","250370","1","","","","Public - city","82.8'","Clinometer/laser rangefinder/sine","3.1'","37''","","","Jared Lockwood","2016-05-01","http%3A%2F%2Fwww.ents-bbs.org%2Fviewtopic.php%3Ff%3D86%26t%3D7682%26sid%3De52ef5bd464b38a87863ea9c1bde70dd","N"
"Hophornbeam","Ostrya virginiana","Massachusetts","Worcester","Sochalaski Cnservation Lands","","","","","250369","1","","","","Public - city","69.7'","Clinometer/laser rangefinder/sine","3.4'","40''","","","Jared Lockwood","2016-05-01","http%3A%2F%2Fwww.ents-bbs.org%2Fviewtopic.php%3Ff%3D86%26t%3D7682%26sid%3De52ef5bd464b38a87863ea9c1bde70dd","N"
"Paper Birch","Betula papyrifera","Massachusetts","Worcester","Sochalaski Cnservation Lands","","","","","250371","1","","","","Public - city","78.1'","Clinometer/laser rangefinder/sine","","","","","Jared Lockwood","2016-05-01","http%3A%2F%2Fwww.ents-bbs.org%2Fviewtopic.php%3Ff%3D86%26t%3D7682%26sid%3De52ef5bd464b38a87863ea9c1bde70dd","N"
"Eastern Hemlock","Tsuga canadensis","Massachusetts","Worcester","Warren Avenue","42 29.277","-071 35.434","","","124441","1","42 29.277","-071 35.434","","Private","115.5'","Clinometer/laser rangefinder/sine","","","","","Jared Lockwood","2016-05-19","","N"