"Common Name","Botanical Name","State","County","Site","Site Latitude","Site Longitude","Location comments","Tree name","Tree id","Measurement number","Latitude","Longitude","Elevation","Ownership type","Height (ft)","Height measurement method","Girth (ft)","Girth (in)","Crown spread (ft)","Tree comments","Measurer(s)","Measured","Trip report url","Photos available"
"Atlantic White Cedar","Chamaecyparis thyoides","Maryland","Anne Arundel","Arlington Echo Outdoor Education Center","","","","","45358","1","","","","Public - County Schools","55.9'","Clinometer/laser rangefinder/sine","4.0'","48''","","","Colby Rucker","2002-05-22","","N"
"Atlantic White Cedar","Chamaecyparis thyoides","Maryland","Anne Arundel","Arlington Echo Outdoor Education Center","39 04.604","-076 36.447","","","45357","1","39 04.604","-076 36.447","","Public - County Schools","77.0'","Clinometer/laser rangefinder/sine","4.9'","59''","","","Colby Rucker","2002-05-22","","N"
"American Chestnut","Castanea dentata","Maryland","Anne Arundel","Broadneck Hill","","","School address is 470 Shore Acres Road, Arnold. MD","","45354","1","","","","Public - County school","49.1'","Clinometer/laser rangefinder/sine","1.5'","18''","","","Colby Rucker","2001-09-30","","N"
"Bigtooth Aspen","Populus grandidentata","Maryland","Anne Arundel","Broadneck Hill","39 02.811","-076 29.242","School address is 470 Shore Acres Road, Arnold. MD","","45355","1","39 02.811","-076 29.242","","Public - County school","99.5'","Clinometer/laser rangefinder/sine","3.8'","46''","","","Colby Rucker","2001-09-30","","N"
"Virginia Pine","Pinus virginiana","Maryland","Anne Arundel","Broadneck Hill","","","School address is 470 Shore Acres Road, Arnold. MD","","45356","1","","","","Public - County school","93.9'","Clinometer/laser rangefinder/sine","3.6'","43''","","","Colby Rucker","2001-09-30","","N"
"American Beech","Fagus grandifolia","Maryland","Anne Arundel","Chase Creek Woods","","","","","280914","1","","","","Private","119.5'","Clinometer/laser rangefinder/sine","10.3'","123''","","","Colby Rucker","2003-07-01","","N"
"American Chestnut","Castanea dentata","Maryland","Anne Arundel","Chase Creek Woods","","","","","280944","1","","","","Private","46.1'","Clinometer/laser rangefinder/sine","3.3'","40''","","","Colby Rucker","2003-07-01","","N"
"American Elm","Ulmus americana","Maryland","Anne Arundel","Chase Creek Woods","","","","","280935","1","","","","Private","63.4'","Clinometer/laser rangefinder/sine","2.4'","29''","","","Colby Rucker","2003-07-01","","N"
"American Holly","Ilex opaca var. opaca","Maryland","Anne Arundel","Chase Creek Woods","","","","","280938","1","","","","Private","56.6'","Clinometer/laser rangefinder/sine","3.5'","42''","","","Colby Rucker","2003-07-01","","N"
"American Hornbeam","Carpinus caroliniana","Maryland","Anne Arundel","Chase Creek Woods","","","","","280940","1","","","","Private","50.8'","Clinometer/laser rangefinder/sine","3.0'","36''","","","Colby Rucker","2003-07-01","","N"
"American Sycamore","Platanus occidentalis","Maryland","Anne Arundel","Chase Creek Woods","","","","","280909","1","","","","Private","132.6'","Clinometer/laser rangefinder/sine","6.3'","75''","","","Colby Rucker","2003-07-01","","N"
"Bigtooth Aspen","Populus grandidentata","Maryland","Anne Arundel","Chase Creek Woods","","","","","280926","1","","","","Private","81.9'","Clinometer/laser rangefinder/sine","2.6'","31''","","","Colby Rucker","2003-07-01","","N"
"Bitternut Hickory","Carya cordiformis","Maryland","Anne Arundel","Chase Creek Woods","","","","","280917","1","","","","Private","108.3'","Clinometer/laser rangefinder/sine","6.0'","72''","","","Colby Rucker","2003-07-01","","N"
"Black Cherry","Prunus serotina var. serotina","Maryland","Anne Arundel","Chase Creek Woods","","","","","280915","1","","","","Private","116.5'","Clinometer/laser rangefinder/sine","6.6'","79''","","","Colby Rucker","2003-07-01","","N"
"Black Locust","Robinia pseudoacacia","Maryland","Anne Arundel","Chase Creek Woods","","","","","280930","1","","","","Private","79.9'","Clinometer/laser rangefinder/sine","3.5'","42''","","","Colby Rucker","2003-07-01","","N"
"Black Oak","Quercus velutina","Maryland","Anne Arundel","Chase Creek Woods","","","","","280908","1","","","","Private","135.6'","Clinometer/laser rangefinder/sine","10.2'","122''","","","Colby Rucker","2003-07-01","","N"
"Black Walnut","Juglans nigra","Maryland","Anne Arundel","Chase Creek Woods","","","","","280918","1","","","","Private","107.1'","Clinometer/laser rangefinder/sine","7.9'","95''","","","Colby Rucker","2003-07-01","","N"
"Black Willow","Salix nigra","Maryland","Anne Arundel","Chase Creek Woods","","","","","280931","1","","","","Private","76.8'","Clinometer/laser rangefinder/sine","2.8'","34''","","","Colby Rucker","2003-07-01","","N"
"Blackgum","Nyssa sylvatica","Maryland","Anne Arundel","Chase Creek Woods","","","","","280960","1","","","","Private","","Clinometer/laser rangefinder/sine","11.2'","134''","","","Colby Rucker","2003-07-01","","N"
"Blackgum","Nyssa sylvatica","Maryland","Anne Arundel","Chase Creek Woods","","","","","280920","1","","","","Private","98.5'","Clinometer/laser rangefinder/sine","5.5'","66''","","","Colby Rucker","2003-07-01","","N"
"Blackhaw","Viburnum prunifolium","Maryland","Anne Arundel","Chase Creek Woods","","","","","280951","1","","","","Private","27.5'","Clinometer/laser rangefinder/sine","1.3'","16''","","","Colby Rucker","2003-07-01","","N"
"Boxelder","Acer negundo var. negundo","Maryland","Anne Arundel","Chase Creek Woods","","","","","280936","1","","","","Private","59.5'","Clinometer/laser rangefinder/sine","5.5'","66''","","","Colby Rucker","2003-07-01","","N"
"Callery Pear","Pyrus calleryana","Maryland","Anne Arundel","Chase Creek Woods","","","","","280945","1","","","","Private","39.2'","Clinometer/laser rangefinder/sine","1.4'","17''","","","Colby Rucker","2003-07-01","","N"
"Chestnut Oak","Quercus montana","Maryland","Anne Arundel","Chase Creek Woods","","","","","280961","1","","","","Private","","Clinometer/laser rangefinder/sine","13.1'","157''","","","Colby Rucker","2003-07-01","","N"
"Chestnut Oak","Quercus montana","Maryland","Anne Arundel","Chase Creek Woods","","","","","280912","1","","","","Private","124.8'","Clinometer/laser rangefinder/sine","5.5'","66''","","","Colby Rucker","2003-07-01","","N"
"Common Hackberry","Celtis occidentalis","Maryland","Anne Arundel","Chase Creek Woods","","","","","280954","1","","","","Private","19.5'","Clinometer/laser rangefinder/sine","0.7'","8''","","","Colby Rucker","2003-07-01","","N"
"Common Persimmon","Diospyros virginiana","Maryland","Anne Arundel","Chase Creek Woods","","","","","280937","1","","","","Private","57.2'","Clinometer/laser rangefinder/sine","3.2'","38''","","","Colby Rucker","2003-07-01","","N"
"Common Serviceberry","Amelanchier arborea var. arborea","Maryland","Anne Arundel","Chase Creek Woods","","","","","280955","1","","","","Private","19.7'","Clinometer/laser rangefinder/sine","0.8'","10''","","","Colby Rucker","2003-07-01","","N"
"Common Winterberry","Ilex verticillata","Maryland","Anne Arundel","Chase Creek Woods","","","","","280957","1","","","","Private","18.5'","Clinometer/laser rangefinder/sine","0.5'","6''","","","Colby Rucker","2003-07-01","","N"
"Devil's Walkingstick","Aralia spinosa","Maryland","Anne Arundel","Chase Creek Woods","","","","","280952","1","","","","Private","26.6'","Clinometer/laser rangefinder/sine","1.2'","14''","","","Colby Rucker","2003-07-01","","N"
"Eastern Redbud","Cercis canadensis var. canadensis","Maryland","Anne Arundel","Chase Creek Woods","","","","","280949","1","","","","Private","31.8'","Clinometer/laser rangefinder/sine","2.2'","26''","","","Colby Rucker","2003-07-01","","N"
"Eastern Redcedar","Juniperus virginiana var. virginiana","Maryland","Anne Arundel","Chase Creek Woods","","","","","280939","1","","","","Private","55.9'","Clinometer/laser rangefinder/sine","4.0'","48''","","","Colby Rucker","2003-07-01","","N"
"Flowering Dogwood","Cornus florida","Maryland","Anne Arundel","Chase Creek Woods","","","","","280948","1","","","","Private","33.3'","Clinometer/laser rangefinder/sine","2.0'","24''","","","Colby Rucker","2003-07-01","","N"
"Hazel Alder","Alnus serrulata","Maryland","Anne Arundel","Chase Creek Woods","","","","","280963","1","","","","Private","27.7'","Clinometer/laser rangefinder/sine","0.7'","8''","","","Colby Rucker","2003-07-01","","N"
"Hybrid Oak","Quercus x saulii","Maryland","Anne Arundel","Chase Creek Woods","","","","","280941","1","","","","Private","49.2'","Clinometer/laser rangefinder/sine","1.6'","19''","","Q. alba x Q. prinus","Colby Rucker","2003-07-01","","N"
"Mockernut Hickory","Carya tomentosa","Maryland","Anne Arundel","Chase Creek Woods","","","","","280964","1","","","","Private","117.2'","Clinometer/laser rangefinder/sine","5.9'","71''","","","Colby Rucker","2003-07-01","","N"
"Mountain Laurel","Kalmia latifolia","Maryland","Anne Arundel","Chase Creek Woods","","","","","280958","1","","","","Private","17.7'","Clinometer/laser rangefinder/sine","0.8'","9''","","","Colby Rucker","2003-07-01","","N"
"Northern Red Oak","Quercus rubra","Maryland","Anne Arundel","Chase Creek Woods","","","","","280907","1","","","","Private","137.4'","Clinometer/laser rangefinder/sine","22.0'","264''","","","Colby Rucker","2003-07-01","","N"
"Northern Spicebush","Lindera benzoin","Maryland","Anne Arundel","Chase Creek Woods","","","","","280962","1","","","","Private","19.5'","Clinometer/laser rangefinder/sine","1.0'","12''","","","Colby Rucker","2003-07-01","","N"
"Pawpaw","Asimina triloba","Maryland","Anne Arundel","Chase Creek Woods","","","","","280947","1","","","","Private","36.5'","Clinometer/laser rangefinder/sine","1.3'","16''","","","Colby Rucker","2003-07-01","","N"
"Pignut Hickory","Carya glabra","Maryland","Anne Arundel","Chase Creek Woods","","","","","280911","1","","","","Private","124.1'","Clinometer/laser rangefinder/sine","5.4'","65''","","","Colby Rucker","2003-07-01","","N"
"Pitch Pine","Pinus rigida","Maryland","Anne Arundel","Chase Creek Woods","","","","","280927","1","","","","Private","77.5'","Clinometer/laser rangefinder/sine","3.8'","46''","","","Colby Rucker","2003-07-01","","N"
"Poison Sumac","Toxicodendron vernix","Maryland","Anne Arundel","Chase Creek Woods","","","","","280950","1","","","","Private","29.5'","Clinometer/laser rangefinder/sine","1.5'","18''","","","Colby Rucker","2003-07-01","","N"
"Princesstree","Paulownia tomentosa","Maryland","Anne Arundel","Chase Creek Woods","","","","","280933","1","","","","Private","71.9'","Clinometer/laser rangefinder/sine","2.4'","29''","","","Colby Rucker","2003-07-01","","N"
"Red Maple","Acer rubrum","Maryland","Anne Arundel","Chase Creek Woods","","","","","280916","1","","","","Private","110.3'","Clinometer/laser rangefinder/sine","7.3'","87''","","","Colby Rucker","2003-07-01","","N"
"Red Mulberry","Morus rubra var. rubra","Maryland","Anne Arundel","Chase Creek Woods","","","","","280942","1","","","","Private","46.4'","Clinometer/laser rangefinder/sine","2.4'","29''","","","Colby Rucker","2003-07-01","","N"
"Rose Of Sharon","Hibiscus syriacus","Maryland","Anne Arundel","Chase Creek Woods","","","","","280956","1","","","","Private","19.0'","Clinometer/laser rangefinder/sine","1.0'","12''","","","Colby Rucker","2003-07-01","","N"
"Sand Hickory","Carya pallida","Maryland","Anne Arundel","Chase Creek Woods","","","","","280924","1","","","","Private","88.9'","Clinometer/laser rangefinder/sine","5.3'","64''","","","Colby Rucker","2003-07-01","","N"
"Sassafras","Sassafras albidum","Maryland","Anne Arundel","Chase Creek Woods","","","","","280929","1","","","","Private","81.0'","Clinometer/laser rangefinder/sine","3.2'","38''","","","Colby Rucker","2003-07-01","","N"
"Scarlet Oak","Quercus coccinea var. coccinea","Maryland","Anne Arundel","Chase Creek Woods","","","","","280923","1","","","","Private","103.2'","Clinometer/laser rangefinder/sine","7.5'","90''","","","Colby Rucker","2003-07-01","","N"
"Shortleaf Pine","Pinus echinata","Maryland","Anne Arundel","Chase Creek Woods","","","","","280921","1","","","","Private","105.0'","Clinometer/laser rangefinder/sine","5.7'","68''","","","Colby Rucker","2003-07-01","","N"
"Silktree","Albizia julibrissin","Maryland","Anne Arundel","Chase Creek Woods","","","","","280946","1","","","","Private","31.5'","Clinometer/laser rangefinder/sine","0.8'","10''","","","Colby Rucker","2003-07-01","","N"
"Southern Red Oak","Quercus falcata","Maryland","Anne Arundel","Chase Creek Woods","","","","","280922","1","","","","Private","103.7'","Clinometer/laser rangefinder/sine","5.7'","68''","","","Colby Rucker","2003-07-01","","N"
"Staghorn Sumac","Rhus typhina","Maryland","Anne Arundel","Chase Creek Woods","","","","","280953","1","","","","Private","20.4'","Clinometer/laser rangefinder/sine","0.8'","10''","","","Colby Rucker","2003-07-01","","N"
"Sweet Cherry","Prunus avium","Maryland","Anne Arundel","Chase Creek Woods","","","","","280932","1","","","","Private","73.2'","Clinometer/laser rangefinder/sine","2.8'","34''","","","Colby Rucker","2003-07-01","","N"
"Sweetgum","Liquidambar styraciflua","Maryland","Anne Arundel","Chase Creek Woods","","","","","280919","1","","","","Private","103.0'","Clinometer/laser rangefinder/sine","5.8'","70''","","","Colby Rucker","2003-07-01","","N"
"Tree Of Heaven","Ailanthus altissima","Maryland","Anne Arundel","Chase Creek Woods","","","","","280928","1","","","","Private","91.0'","Clinometer/laser rangefinder/sine","5.7'","68''","","","Colby Rucker","2003-07-01","","N"
"Tuliptree","Liriodendron tulipifera","Maryland","Anne Arundel","Chase Creek Woods","","","","","280959","1","","","","Private","","Clinometer/laser rangefinder/sine","19.8'","238''","","","Colby Rucker","2003-07-01","","N"
"Tuliptree","Liriodendron tulipifera","Maryland","Anne Arundel","Chase Creek Woods","39 01.863","-076 30.556","","","280906","1","39 01.863","-076 30.556","","Private","157.6'","Clinometer/laser rangefinder/sine","9.6'","115''","","","Colby Rucker","2003-07-01","","N"
"Virginia Pine","Pinus virginiana","Maryland","Anne Arundel","Chase Creek Woods","","","","","280925","1","","","","Private","85.2'","Clinometer/laser rangefinder/sine","4.5'","54''","","","Colby Rucker","2003-07-01","","N"
"White Ash","Fraxinus americana","Maryland","Anne Arundel","Chase Creek Woods","","","","","280910","1","","","","Private","132.0'","Clinometer/laser rangefinder/sine","8.7'","104''","","","Colby Rucker","2003-07-01","","N"
"White Mulberry","Morus alba","Maryland","Anne Arundel","Chase Creek Woods","","","","","280943","1","","","","Private","46.3'","Clinometer/laser rangefinder/sine","1.6'","19''","","","Colby Rucker","2003-07-01","","N"
"White Oak","Quercus alba","Maryland","Anne Arundel","Chase Creek Woods","","","","","280913","1","","","","Private","121.4'","Clinometer/laser rangefinder/sine","8.3'","100''","","","Colby Rucker","2003-07-01","","N"
"Willow Oak","Quercus phellos","Maryland","Anne Arundel","Chase Creek Woods","","","","","280934","1","","","","Private","66.2'","Clinometer/laser rangefinder/sine","2.4'","29''","","","Colby Rucker","2003-07-01","","N"
"American Beech","Fagus grandifolia","Maryland","Anne Arundel","Corcoran Environmental Study Area","","","","","128104","1","","","","Public","21.2'","Clinometer/laser rangefinder/sine","0.5'","6''","","","Colby Rucker","2002-04-08","","N"
"American Elm","Ulmus americana","Maryland","Anne Arundel","Corcoran Environmental Study Area","","","","","128089","1","","","","Public","95.3'","Clinometer/laser rangefinder/sine","4.5'","54''","","","Colby Rucker","2002-04-08","","N"
"American Holly","Ilex opaca var. opaca","Maryland","Anne Arundel","Corcoran Environmental Study Area","","","","","128101","1","","","","Public","69.3'","Clinometer/laser rangefinder/sine","4.2'","50''","","","Colby Rucker","2002-04-08","","N"
"American Sycamore","Platanus occidentalis","Maryland","Anne Arundel","Corcoran Environmental Study Area","","","","","128075","1","","","","Public","119.2'","Clinometer/laser rangefinder/sine","7.7'","92''","","","Colby Rucker","2002-04-08","","N"
"Bitternut Hickory","Carya cordiformis","Maryland","Anne Arundel","Corcoran Environmental Study Area","","","","","128077","1","","","","Public","115.9'","Clinometer/laser rangefinder/sine","7.4'","89''","","","Colby Rucker","2002-04-08","","N"
"Black Cherry","Prunus serotina var. serotina","Maryland","Anne Arundel","Corcoran Environmental Study Area","","","","","128090","1","","","","Public","109.9'","Clinometer/laser rangefinder/sine","10.8'","130''","","","Colby Rucker","2002-04-08","","N"
"Black Highbush Blueberry","Vaccinium fuscatum","Maryland","Anne Arundel","Corcoran Environmental Study Area","","","","","128106","1","","","","Public","16.8'","Clinometer/laser rangefinder/sine","0.8'","10''","","","Colby Rucker","2002-04-08","","N"
"Black Locust","Robinia pseudoacacia","Maryland","Anne Arundel","Corcoran Environmental Study Area","","","","","128091","1","","","","Public","107.8'","Clinometer/laser rangefinder/sine","6.3'","76''","","","Colby Rucker","2002-04-08","","N"
"Black Oak","Quercus velutina","Maryland","Anne Arundel","Corcoran Environmental Study Area","","","","","128079","1","","","","Public","122.2'","Clinometer/laser rangefinder/sine","14.0'","168''","","","Colby Rucker","2002-04-08","","N"
"Black Walnut","Juglans nigra","Maryland","Anne Arundel","Corcoran Environmental Study Area","","","","","128078","1","","","","Public","99.7'","Clinometer/laser rangefinder/sine","8.8'","106''","","","Colby Rucker","2002-04-08","","N"
"Blackgum","Nyssa sylvatica","Maryland","Anne Arundel","Corcoran Environmental Study Area","","","","","128087","1","","","","Public","106.1'","Clinometer/laser rangefinder/sine","6.8'","81''","","","Colby Rucker","2002-04-08","","N"
"Blackhaw","Viburnum prunifolium","Maryland","Anne Arundel","Corcoran Environmental Study Area","","","","","128105","1","","","","Public","20.4'","Clinometer/laser rangefinder/sine","0.8'","9''","","","Colby Rucker","2002-04-08","","N"
"Chestnut Oak","Quercus montana","Maryland","Anne Arundel","Corcoran Environmental Study Area","","","","","128081","1","","","","Public","91.6'","Clinometer/laser rangefinder/sine","8.3'","99''","","","Colby Rucker","2002-04-08","","N"
"Common Hackberry","Celtis occidentalis","Maryland","Anne Arundel","Corcoran Environmental Study Area","","","","","128100","1","","","","Public","28.9'","Clinometer/laser rangefinder/sine","2.6'","31''","","","Colby Rucker","2002-04-08","","N"
"Common Persimmon","Diospyros virginiana","Maryland","Anne Arundel","Corcoran Environmental Study Area","","","","","128096","1","","","","Public","66.9'","Clinometer/laser rangefinder/sine","2.6'","31''","","","Colby Rucker","2002-04-08","","N"
"Devil's Walkingstick","Aralia spinosa","Maryland","Anne Arundel","Corcoran Environmental Study Area","39 02.325","-076 25.132","","","127137","1","39 02.325","-076 25.132","","Public","25.0'","Clinometer/laser rangefinder/sine","1.0'","12''","12.0'","This tree was probably in the same patch that Colby Rucker visited in 2002","Dan Wilson","2010-04-01","","N"
"Devil's Walkingstick","Aralia spinosa","Maryland","Anne Arundel","Corcoran Environmental Study Area","","","","","128099","1","","","","Public","38.7'","Clinometer/laser rangefinder/sine","1.5'","18''","","","Colby Rucker","2002-04-08","","N"
"Eastern Redcedar","Juniperus virginiana var. virginiana","Maryland","Anne Arundel","Corcoran Environmental Study Area","","","","","128098","1","","","","Public","39.4'","Clinometer/laser rangefinder/sine","1.1'","13''","","","Colby Rucker","2002-04-08","","N"
"Flowering Dogwood","Cornus florida","Maryland","Anne Arundel","Corcoran Environmental Study Area","","","","","128102","1","","","","Public","33.6'","Clinometer/laser rangefinder/sine","1.3'","16''","","","Colby Rucker","2002-04-08","","N"
"Loblolly Pine","Pinus taeda","Maryland","Anne Arundel","Corcoran Environmental Study Area","","","","","128093","1","","","","Public","85.0'","Clinometer/laser rangefinder/sine","3.3'","40''","","","Colby Rucker","2002-04-08","","N"
"Mockernut Hickory","Carya tomentosa","Maryland","Anne Arundel","Corcoran Environmental Study Area","","","","","128076","1","","","","Public","118.2'","Clinometer/laser rangefinder/sine","7.5'","90''","","","Colby Rucker","2002-04-08","","N"
"Northern Red Oak","Quercus rubra","Maryland","Anne Arundel","Corcoran Environmental Study Area","","","","","128088","1","","","","Public","103.5'","Clinometer/laser rangefinder/sine","6.8'","81''","","","Colby Rucker","2002-04-08","","N"
"Northern Spicebush","Lindera benzoin","Maryland","Anne Arundel","Corcoran Environmental Study Area","","","","","128103","1","","","","Public","24.4'","Clinometer/laser rangefinder/sine","0.8'","10''","","","Colby Rucker","2002-04-08","","N"
"Pignut Hickory","Carya glabra","Maryland","Anne Arundel","Corcoran Environmental Study Area","","","","","128110","1","","","","Public","","Clinometer/laser rangefinder/sine","8.6'","103''","","","Colby Rucker","2002-04-08","","N"
"Pignut Hickory","Carya glabra","Maryland","Anne Arundel","Corcoran Environmental Study Area","","","","","128084","1","","","","Public","114.6'","Clinometer/laser rangefinder/sine","6.8'","81''","","","Colby Rucker","2002-04-08","","N"
"Pin Oak","Quercus palustris","Maryland","Anne Arundel","Corcoran Environmental Study Area","","","","","128085","1","","","","Public","110.1'","Clinometer/laser rangefinder/sine","9.6'","115''","","","Colby Rucker","2002-04-08","","N"
"Pitch Pine","Pinus rigida","Maryland","Anne Arundel","Corcoran Environmental Study Area","","","","","128094","1","","","","Public","84.1'","Clinometer/laser rangefinder/sine","6.4'","77''","","","Colby Rucker","2002-04-08","","N"
"Red Maple","Acer rubrum","Maryland","Anne Arundel","Corcoran Environmental Study Area","","","","","128086","1","","","","Public","106.9'","Clinometer/laser rangefinder/sine","4.5'","54''","","","Colby Rucker","2002-04-08","","N"
"Sassafras","Sassafras albidum","Maryland","Anne Arundel","Corcoran Environmental Study Area","","","","","128092","1","","","","Public","93.7'","Clinometer/laser rangefinder/sine","3.0'","36''","","","Colby Rucker","2002-04-08","","N"
"Southern Red Oak","Quercus falcata","Maryland","Anne Arundel","Corcoran Environmental Study Area","","","","","128080","1","","","","Public","109.7'","Clinometer/laser rangefinder/sine","9.4'","113''","","","Colby Rucker","2002-04-08","","N"
"Sweet Cherry","Prunus avium","Maryland","Anne Arundel","Corcoran Environmental Study Area","","","","","128097","1","","","","Public","48.7'","Clinometer/laser rangefinder/sine","1.1'","13''","","","Colby Rucker","2002-04-08","","N"
"Sweetgum","Liquidambar styraciflua","Maryland","Anne Arundel","Corcoran Environmental Study Area","","","","","128108","1","","","","Public","","Clinometer/laser rangefinder/sine","13.0'","156''","","","Colby Rucker","2002-04-08","","N"
"Sweetgum","Liquidambar styraciflua","Maryland","Anne Arundel","Corcoran Environmental Study Area","","","","","128074","1","","","","Public","120.9'","Clinometer/laser rangefinder/sine","6.0'","72''","","","Colby Rucker","2002-04-08","","N"
"Tuliptree","Liriodendron tulipifera","Maryland","Anne Arundel","Corcoran Environmental Study Area","","","","","128107","1","","","","Public","","Clinometer/laser rangefinder/sine","13.3'","159''","","","Colby Rucker","2002-04-08","","N"
"Tuliptree","Liriodendron tulipifera","Maryland","Anne Arundel","Corcoran Environmental Study Area","39 02.031","-076 25.020","","","128073","1","39 02.031","-076 25.020","","Public","142.1'","Clinometer/laser rangefinder/sine","12.3'","148''","","","Colby Rucker","2002-04-08","","N"
"Virginia Pine","Pinus virginiana","Maryland","Anne Arundel","Corcoran Environmental Study Area","","","","","128095","1","","","","Public","82.8'","Clinometer/laser rangefinder/sine","3.9'","47''","","","Colby Rucker","2002-04-08","","N"
"White Oak","Quercus alba","Maryland","Anne Arundel","Corcoran Environmental Study Area","","","","","128109","1","","","","Public","","Clinometer/laser rangefinder/sine","10.8'","130''","","","Colby Rucker","2002-04-08","","N"
"White Oak","Quercus alba","Maryland","Anne Arundel","Corcoran Environmental Study Area","","","","","128082","1","","","","Public","119.6'","Clinometer/laser rangefinder/sine","12.0'","144''","","","Colby Rucker","2002-04-08","","N"
"Willow Oak","Quercus phellos","Maryland","Anne Arundel","Corcoran Environmental Study Area","","","","","128083","1","","","","Public","115.0'","Clinometer/laser rangefinder/sine","9.8'","118''","","","Colby Rucker","2002-04-08","","N"
"American Chestnut","Castanea dentata","Maryland","Anne Arundel","Eco Trail Of Downs Memorial Park","","","","","128130","1","","","","Public County","","","1.1'","13''","","","Matthew Hannum","2007-07-01","","N"
"American Holly","Ilex opaca var. opaca","Maryland","Anne Arundel","Eco Trail Of Downs Memorial Park","","","","","128124","1","","","","Public County","","","1.6'","19''","","","Matthew Hannum","2007-07-01","","N"
"Blackgum","Nyssa sylvatica","Maryland","Anne Arundel","Eco Trail Of Downs Memorial Park","","","","","128128","1","","","","Public County","","","1.4'","17''","","","Matthew Hannum","2007-07-01","","N"
"Blackgum","Nyssa sylvatica","Maryland","Anne Arundel","Eco Trail Of Downs Memorial Park","","","","","128129","1","","","","Public County","","","2.5'","30''","","","Matthew Hannum","2007-07-01","","N"
"Chestnut Oak","Quercus montana","Maryland","Anne Arundel","Eco Trail Of Downs Memorial Park","","","","","128118","1","","","","Public County","","","7.0'","84''","","","Matthew Hannum","2007-07-01","","N"
"Chestnut Oak","Quercus montana","Maryland","Anne Arundel","Eco Trail Of Downs Memorial Park","","","","","128119","1","","","","Public County","","","7.8'","94''","","","Matthew Hannum","2007-07-01","","N"
"Chestnut Oak","Quercus montana","Maryland","Anne Arundel","Eco Trail Of Downs Memorial Park","","","","","128120","1","","","","Public County","","","7.4'","89''","","","Matthew Hannum","2007-07-01","","N"
"Chestnut Oak","Quercus montana","Maryland","Anne Arundel","Eco Trail Of Downs Memorial Park","","","","","128121","1","","","","Public County","","","14.5'","174''","","Fused double stem?","Matthew Hannum","2007-07-01","","N"
"Chestnut Oak","Quercus montana","Maryland","Anne Arundel","Eco Trail Of Downs Memorial Park","","","","","128122","1","","","","Public County","","","9.8'","118''","","","Matthew Hannum","2007-07-01","","N"
"Loblolly Pine","Pinus taeda","Maryland","Anne Arundel","Eco Trail Of Downs Memorial Park","","","","","128123","1","","","","Public County","","","5.2'","62''","","","Matthew Hannum","2007-07-01","","N"
"Southern Red Oak","Quercus falcata","Maryland","Anne Arundel","Eco Trail Of Downs Memorial Park","","","","","128116","1","","","","Public County","","","3.4'","41''","","","Matthew Hannum","2007-07-01","","N"
"Southern Red Oak","Quercus falcata","Maryland","Anne Arundel","Eco Trail Of Downs Memorial Park","","","","","128117","1","","","","Public County","","","7.3'","88''","","","Matthew Hannum","2007-07-01","","N"
"Sweetgum","Liquidambar styraciflua","Maryland","Anne Arundel","Eco Trail Of Downs Memorial Park","","","","","128125","1","","","","Public County","","","4.8'","58''","","","Matthew Hannum","2007-07-01","","N"
"Sweetgum","Liquidambar styraciflua","Maryland","Anne Arundel","Eco Trail Of Downs Memorial Park","","","","","128126","1","","","","Public County","","","6.3'","76''","","","Matthew Hannum","2007-07-01","","N"
"Tuliptree","Liriodendron tulipifera","Maryland","Anne Arundel","Eco Trail Of Downs Memorial Park","","","","","128127","1","","","","Public County","","","5.2'","62''","","","Matthew Hannum","2007-07-01","","N"
"White Oak","Quercus alba","Maryland","Anne Arundel","Eco Trail Of Downs Memorial Park","","","","","128112","1","","","","Public County","","","4.9'","59''","","","Matthew Hannum","2007-07-01","","N"
"White Oak","Quercus alba","Maryland","Anne Arundel","Eco Trail Of Downs Memorial Park","","","","","128113","1","","","","Public County","","","5.4'","65''","","","Matthew Hannum","2007-07-01","","N"
"White Oak","Quercus alba","Maryland","Anne Arundel","Eco Trail Of Downs Memorial Park","","","","","128114","1","","","","Public County","","","5.1'","61''","","","Matthew Hannum","2007-07-01","","N"
"White Oak","Quercus alba","Maryland","Anne Arundel","Eco Trail Of Downs Memorial Park","","","","","128115","1","","","","Public County","","","5.7'","68''","","","Matthew Hannum","2007-07-01","","N"
"Willow Oak","Quercus phellos","Maryland","Anne Arundel","Eco Trail Of Downs Memorial Park","39 06.824","-076 26.365","","","128111","1","39 06.824","-076 26.365","","Public County","","","4.3'","52''","","","Matthew Hannum","2007-07-01","","N"
"American Beech","Fagus grandifolia","Maryland","Anne Arundel","Ray's Pond","","","Trees are located in ravine above Rays Pond","","45352","1","","","","Private","116.2'","Clinometer/laser rangefinder/sine","10.3'","123''","","","Rucker Colby","2002-08-11","","N"
"Bitternut Hickory","Carya cordiformis","Maryland","Anne Arundel","Ray's Pond","","","Trees are located in ravine above Rays Pond","","45353","1","","","","Private","112.5'","Clinometer/laser rangefinder/sine","6.0'","72''","","","Rucker Colby","2002-08-11","","N"
"Tuliptree","Liriodendron tulipifera","Maryland","Anne Arundel","Ray's Pond","39 01.840","-076 31.120","Trees are located in ravine above Rays Pond","","45351","1","39 01.840","-076 31.120","","Private","154.6'","Clinometer/laser rangefinder/sine","15.6'","187''","","","Rucker Colby","2002-08-11","","N"
"American Beech","Fagus grandifolia","Maryland","Baltimore","Loch Raven Reservior","","","9,200 acres minus 3,100 acres of water at crest..
Supplies the City of Baltimore and Baltimore County with drinking water.","","231340","1","","","","Public - city","124.5'","Clinometer/laser rangefinder/sine","10.2'","122''","","","George Fieo","2015-11-15","http%3A%2F%2Fwww.ents-bbs.org%2Fviewtopic.php%3Ff%3D85%26t%3D8746%26sid%3D97ab2f9c9694ae17b9e495f826350141","N"
"American Beech","Fagus grandifolia","Maryland","Baltimore","Loch Raven Reservior","","","9,200 acres minus 3,100 acres of water at crest..
Supplies the City of Baltimore and Baltimore County with drinking water.","","231424","1","","","","Public - city","126.5'","Clinometer/laser rangefinder/sine","13.6'","163''","","","George Fieo","2015-11-15","http%3A%2F%2Fwww.ents-bbs.org%2Fviewtopic.php%3Ff%3D85%26t%3D8746%26sid%3D97ab2f9c9694ae17b9e495f826350141","N"
"American Beech","Fagus grandifolia","Maryland","Baltimore","Loch Raven Reservior","","","9,200 acres minus 3,100 acres of water at crest..
Supplies the City of Baltimore and Baltimore County with drinking water.","","231341","1","","","","Public - city","131.8'","Clinometer/laser rangefinder/sine","6.9'","83''","","","George Fieo","2015-11-15","http%3A%2F%2Fwww.ents-bbs.org%2Fviewtopic.php%3Ff%3D85%26t%3D8746%26sid%3D97ab2f9c9694ae17b9e495f826350141","N"
"American Beech","Fagus grandifolia","Maryland","Baltimore","Loch Raven Reservior","","","9,200 acres minus 3,100 acres of water at crest..
Supplies the City of Baltimore and Baltimore County with drinking water.","","231342","1","","","","Public - city","139.0'","Clinometer/laser rangefinder/sine","6.7'","80''","","","George Fieo","2015-11-15","http%3A%2F%2Fwww.ents-bbs.org%2Fviewtopic.php%3Ff%3D85%26t%3D8746%26sid%3D97ab2f9c9694ae17b9e495f826350141","N"
"American Sycamore","Platanus occidentalis","Maryland","Baltimore","Loch Raven Reservior","","","9,200 acres minus 3,100 acres of water at crest..
Supplies the City of Baltimore and Baltimore County with drinking water.","","231348","1","","","","Public - city","11.8'","Clinometer/laser rangefinder/sine","9.4'","113''","","","George Fieo","2015-11-15","http%3A%2F%2Fwww.ents-bbs.org%2Fviewtopic.php%3Ff%3D85%26t%3D8746%26sid%3D97ab2f9c9694ae17b9e495f826350141","N"
"American Sycamore","Platanus occidentalis","Maryland","Baltimore","Loch Raven Reservior","","","9,200 acres minus 3,100 acres of water at crest..
Supplies the City of Baltimore and Baltimore County with drinking water.","","231343","1","","","","Public - city","131.7'","Clinometer/laser rangefinder/sine","6.7'","80''","","","George Fieo","2015-11-15","http%3A%2F%2Fwww.ents-bbs.org%2Fviewtopic.php%3Ff%3D85%26t%3D8746%26sid%3D97ab2f9c9694ae17b9e495f826350141","N"
"American Sycamore","Platanus occidentalis","Maryland","Baltimore","Loch Raven Reservior","","","9,200 acres minus 3,100 acres of water at crest..
Supplies the City of Baltimore and Baltimore County with drinking water.","","231344","1","","","","Public - city","137.3'","Clinometer/laser rangefinder/sine","5.4'","65''","","","George Fieo","2015-11-15","http%3A%2F%2Fwww.ents-bbs.org%2Fviewtopic.php%3Ff%3D85%26t%3D8746%26sid%3D97ab2f9c9694ae17b9e495f826350141","N"
"American Sycamore","Platanus occidentalis","Maryland","Baltimore","Loch Raven Reservior","","","9,200 acres minus 3,100 acres of water at crest..
Supplies the City of Baltimore and Baltimore County with drinking water.","","231345","1","","","","Public - city","140.1'","Clinometer/laser rangefinder/sine","7.0'","84''","","","George Fieo","2015-11-15","http%3A%2F%2Fwww.ents-bbs.org%2Fviewtopic.php%3Ff%3D85%26t%3D8746%26sid%3D97ab2f9c9694ae17b9e495f826350141","N"
"American Sycamore","Platanus occidentalis","Maryland","Baltimore","Loch Raven Reservior","","","9,200 acres minus 3,100 acres of water at crest..
Supplies the City of Baltimore and Baltimore County with drinking water.","","231346","1","","","","Public - city","140.6'","Clinometer/laser rangefinder/sine","9.1'","109''","","","George Fieo","2015-11-15","http%3A%2F%2Fwww.ents-bbs.org%2Fviewtopic.php%3Ff%3D85%26t%3D8746%26sid%3D97ab2f9c9694ae17b9e495f826350141","N"
"American Sycamore","Platanus occidentalis","Maryland","Baltimore","Loch Raven Reservior","","","9,200 acres minus 3,100 acres of water at crest..
Supplies the City of Baltimore and Baltimore County with drinking water.","","231347","1","","","","Public - city","140.8'","Clinometer/laser rangefinder/sine","4.4'","53''","","","George Fieo","2015-11-15","http%3A%2F%2Fwww.ents-bbs.org%2Fviewtopic.php%3Ff%3D85%26t%3D8746%26sid%3D97ab2f9c9694ae17b9e495f826350141","N"
"American Sycamore","Platanus occidentalis","Maryland","Baltimore","Loch Raven Reservior","","","9,200 acres minus 3,100 acres of water at crest..
Supplies the City of Baltimore and Baltimore County with drinking water.","","231349","1","","","","Public - city","143.0'","Clinometer/laser rangefinder/sine","5.9'","71''","","","George Fieo","2015-11-15","http%3A%2F%2Fwww.ents-bbs.org%2Fviewtopic.php%3Ff%3D85%26t%3D8746%26sid%3D97ab2f9c9694ae17b9e495f826350141","N"
"American Sycamore","Platanus occidentalis","Maryland","Baltimore","Loch Raven Reservior","","","9,200 acres minus 3,100 acres of water at crest..
Supplies the City of Baltimore and Baltimore County with drinking water.","","231350","1","","","","Public - city","144.4'","Clinometer/laser rangefinder/sine","9.2'","110''","","","George Fieo","2015-11-15","http%3A%2F%2Fwww.ents-bbs.org%2Fviewtopic.php%3Ff%3D85%26t%3D8746%26sid%3D97ab2f9c9694ae17b9e495f826350141","N"
"American Sycamore","Platanus occidentalis","Maryland","Baltimore","Loch Raven Reservior","","","9,200 acres minus 3,100 acres of water at crest..
Supplies the City of Baltimore and Baltimore County with drinking water.","","231351","1","","","","Public - city","149.9'","Clinometer/laser rangefinder/sine","6.3'","76''","","","George Fieo","2015-11-15","http%3A%2F%2Fwww.ents-bbs.org%2Fviewtopic.php%3Ff%3D85%26t%3D8746%26sid%3D97ab2f9c9694ae17b9e495f826350141","N"
"Bigtooth Aspen","Populus grandidentata","Maryland","Baltimore","Loch Raven Reservior","","","9,200 acres minus 3,100 acres of water at crest..
Supplies the City of Baltimore and Baltimore County with drinking water.","","231352","1","","","","Public - city","103.7'","Clinometer/laser rangefinder/sine","","","","","George Fieo","2015-11-15","http%3A%2F%2Fwww.ents-bbs.org%2Fviewtopic.php%3Ff%3D85%26t%3D8746%26sid%3D97ab2f9c9694ae17b9e495f826350141","N"
"Bigtooth Aspen","Populus grandidentata","Maryland","Baltimore","Loch Raven Reservior","","","9,200 acres minus 3,100 acres of water at crest..
Supplies the City of Baltimore and Baltimore County with drinking water.","","231353","1","","","","Public - city","122.5'","Clinometer/laser rangefinder/sine","5.2'","62''","","","George Fieo","2015-11-15","http%3A%2F%2Fwww.ents-bbs.org%2Fviewtopic.php%3Ff%3D85%26t%3D8746%26sid%3D97ab2f9c9694ae17b9e495f826350141","N"
"Bitternut Hickory","Carya cordiformis","Maryland","Baltimore","Loch Raven Reservior","","","9,200 acres minus 3,100 acres of water at crest..
Supplies the City of Baltimore and Baltimore County with drinking water.","","231354","1","","","","Public - city","136.5'","Clinometer/laser rangefinder/sine","7.0'","84''","","","George Fieo","2015-11-15","http%3A%2F%2Fwww.ents-bbs.org%2Fviewtopic.php%3Ff%3D85%26t%3D8746%26sid%3D97ab2f9c9694ae17b9e495f826350141","N"
"Black Walnut","Juglans nigra","Maryland","Baltimore","Loch Raven Reservior","","","9,200 acres minus 3,100 acres of water at crest..
Supplies the City of Baltimore and Baltimore County with drinking water.","","231361","1","","","","Public - city","124.0'","Clinometer/laser rangefinder/sine","5.2'","62''","","","George Fieo","2015-11-15","http%3A%2F%2Fwww.ents-bbs.org%2Fviewtopic.php%3Ff%3D85%26t%3D8746%26sid%3D97ab2f9c9694ae17b9e495f826350141","N"
"Black Walnut","Juglans nigra","Maryland","Baltimore","Loch Raven Reservior","","","9,200 acres minus 3,100 acres of water at crest..
Supplies the City of Baltimore and Baltimore County with drinking water.","","231362","1","","","","Public - city","130.8'","Clinometer/laser rangefinder/sine","4.6'","55''","","","George Fieo","2015-11-15","http%3A%2F%2Fwww.ents-bbs.org%2Fviewtopic.php%3Ff%3D85%26t%3D8746%26sid%3D97ab2f9c9694ae17b9e495f826350141","N"
"Blackgum","Nyssa sylvatica","Maryland","Baltimore","Loch Raven Reservior","","","9,200 acres minus 3,100 acres of water at crest..
Supplies the City of Baltimore and Baltimore County with drinking water.","","231355","1","","","","Public - city","100.3'","Clinometer/laser rangefinder/sine","8.6'","103''","","","George Fieo","2015-11-15","http%3A%2F%2Fwww.ents-bbs.org%2Fviewtopic.php%3Ff%3D85%26t%3D8746%26sid%3D97ab2f9c9694ae17b9e495f826350141","N"
"Blackgum","Nyssa sylvatica","Maryland","Baltimore","Loch Raven Reservior","","","9,200 acres minus 3,100 acres of water at crest..
Supplies the City of Baltimore and Baltimore County with drinking water.","","231356","1","","","","Public - city","101.6'","Clinometer/laser rangefinder/sine","5.1'","61''","","","George Fieo","2015-11-15","http%3A%2F%2Fwww.ents-bbs.org%2Fviewtopic.php%3Ff%3D85%26t%3D8746%26sid%3D97ab2f9c9694ae17b9e495f826350141","N"
"Blackgum","Nyssa sylvatica","Maryland","Baltimore","Loch Raven Reservior","","","9,200 acres minus 3,100 acres of water at crest..
Supplies the City of Baltimore and Baltimore County with drinking water.","","231357","1","","","","Public - city","109.2'","Clinometer/laser rangefinder/sine","5.8'","70''","","","George Fieo","2015-11-15","http%3A%2F%2Fwww.ents-bbs.org%2Fviewtopic.php%3Ff%3D85%26t%3D8746%26sid%3D97ab2f9c9694ae17b9e495f826350141","N"
"Blackgum","Nyssa sylvatica","Maryland","Baltimore","Loch Raven Reservior","","","9,200 acres minus 3,100 acres of water at crest..
Supplies the City of Baltimore and Baltimore County with drinking water.","","231358","1","","","","Public - city","109.4'","Clinometer/laser rangefinder/sine","6.2'","74''","","","George Fieo","2015-11-15","http%3A%2F%2Fwww.ents-bbs.org%2Fviewtopic.php%3Ff%3D85%26t%3D8746%26sid%3D97ab2f9c9694ae17b9e495f826350141","N"
"Blackgum","Nyssa sylvatica","Maryland","Baltimore","Loch Raven Reservior","","","9,200 acres minus 3,100 acres of water at crest..
Supplies the City of Baltimore and Baltimore County with drinking water.","","231359","1","","","","Public - city","111.2'","Clinometer/laser rangefinder/sine","7.6'","91''","","","George Fieo","2015-11-15","http%3A%2F%2Fwww.ents-bbs.org%2Fviewtopic.php%3Ff%3D85%26t%3D8746%26sid%3D97ab2f9c9694ae17b9e495f826350141","N"
"Blackgum","Nyssa sylvatica","Maryland","Baltimore","Loch Raven Reservior","","","9,200 acres minus 3,100 acres of water at crest..
Supplies the City of Baltimore and Baltimore County with drinking water.","","231360","1","","","","Public - city","116.2'","Clinometer/laser rangefinder/sine","5.8'","70''","","","George Fieo","2015-11-15","http%3A%2F%2Fwww.ents-bbs.org%2Fviewtopic.php%3Ff%3D85%26t%3D8746%26sid%3D97ab2f9c9694ae17b9e495f826350141","N"
"Chestnut Oak","Quercus montana","Maryland","Baltimore","Loch Raven Reservior","","","9,200 acres minus 3,100 acres of water at crest..
Supplies the City of Baltimore and Baltimore County with drinking water.","","231364","1","","","","Public - city","99.2'","Clinometer/laser rangefinder/sine","9.3'","112''","","","George Fieo","2015-11-15","http%3A%2F%2Fwww.ents-bbs.org%2Fviewtopic.php%3Ff%3D85%26t%3D8746%26sid%3D97ab2f9c9694ae17b9e495f826350141","N"
"Chestnut Oak","Quercus montana","Maryland","Baltimore","Loch Raven Reservior","","","9,200 acres minus 3,100 acres of water at crest..
Supplies the City of Baltimore and Baltimore County with drinking water.","","231363","1","","","","Public - city","99.5'","Clinometer/laser rangefinder/sine","16.4'","197''","","","George Fieo","2015-11-15","http%3A%2F%2Fwww.ents-bbs.org%2Fviewtopic.php%3Ff%3D85%26t%3D8746%26sid%3D97ab2f9c9694ae17b9e495f826350141","N"
"Chestnut Oak","Quercus montana","Maryland","Baltimore","Loch Raven Reservior","","","9,200 acres minus 3,100 acres of water at crest..
Supplies the City of Baltimore and Baltimore County with drinking water.","","231365","1","","","","Public - city","101.0'","Clinometer/laser rangefinder/sine","11.1'","133''","","","George Fieo","2015-11-15","http%3A%2F%2Fwww.ents-bbs.org%2Fviewtopic.php%3Ff%3D85%26t%3D8746%26sid%3D97ab2f9c9694ae17b9e495f826350141","N"
"Chestnut Oak","Quercus montana","Maryland","Baltimore","Loch Raven Reservior","","","9,200 acres minus 3,100 acres of water at crest..
Supplies the City of Baltimore and Baltimore County with drinking water.","","231366","1","","","","Public - city","119.7'","Clinometer/laser rangefinder/sine","6.3'","76''","","","George Fieo","2015-11-15","http%3A%2F%2Fwww.ents-bbs.org%2Fviewtopic.php%3Ff%3D85%26t%3D8746%26sid%3D97ab2f9c9694ae17b9e495f826350141","N"
"Chestnut Oak","Quercus montana","Maryland","Baltimore","Loch Raven Reservior","","","9,200 acres minus 3,100 acres of water at crest..
Supplies the City of Baltimore and Baltimore County with drinking water.","","231367","1","","","","Public - city","120.9'","Clinometer/laser rangefinder/sine","5.3'","64''","","","George Fieo","2015-11-15","http%3A%2F%2Fwww.ents-bbs.org%2Fviewtopic.php%3Ff%3D85%26t%3D8746%26sid%3D97ab2f9c9694ae17b9e495f826350141","N"
"Chestnut Oak","Quercus montana","Maryland","Baltimore","Loch Raven Reservior","","","9,200 acres minus 3,100 acres of water at crest..
Supplies the City of Baltimore and Baltimore County with drinking water.","","231368","1","","","","Public - city","120.9'","Clinometer/laser rangefinder/sine","7.9'","95''","","","George Fieo","2015-11-15","http%3A%2F%2Fwww.ents-bbs.org%2Fviewtopic.php%3Ff%3D85%26t%3D8746%26sid%3D97ab2f9c9694ae17b9e495f826350141","N"
"Chestnut Oak","Quercus montana","Maryland","Baltimore","Loch Raven Reservior","","","9,200 acres minus 3,100 acres of water at crest..
Supplies the City of Baltimore and Baltimore County with drinking water.","","231369","1","","","","Public - city","121.0'","Clinometer/laser rangefinder/sine","7.9'","95''","","","George Fieo","2015-11-15","http%3A%2F%2Fwww.ents-bbs.org%2Fviewtopic.php%3Ff%3D85%26t%3D8746%26sid%3D97ab2f9c9694ae17b9e495f826350141","N"
"Chestnut Oak","Quercus montana","Maryland","Baltimore","Loch Raven Reservior","","","9,200 acres minus 3,100 acres of water at crest..
Supplies the City of Baltimore and Baltimore County with drinking water.","","231370","1","","","","Public - city","123.3'","Clinometer/laser rangefinder/sine","10.3'","124''","","","George Fieo","2015-11-15","http%3A%2F%2Fwww.ents-bbs.org%2Fviewtopic.php%3Ff%3D85%26t%3D8746%26sid%3D97ab2f9c9694ae17b9e495f826350141","N"
"Chestnut Oak","Quercus montana","Maryland","Baltimore","Loch Raven Reservior","","","9,200 acres minus 3,100 acres of water at crest..
Supplies the City of Baltimore and Baltimore County with drinking water.","","231371","1","","","","Public - city","127.7'","Clinometer/laser rangefinder/sine","5.2'","62''","","","George Fieo","2015-11-15","http%3A%2F%2Fwww.ents-bbs.org%2Fviewtopic.php%3Ff%3D85%26t%3D8746%26sid%3D97ab2f9c9694ae17b9e495f826350141","N"
"Chestnut Oak","Quercus montana","Maryland","Baltimore","Loch Raven Reservior","","","9,200 acres minus 3,100 acres of water at crest..
Supplies the City of Baltimore and Baltimore County with drinking water.","","231372","1","","","","Public - city","131.4'","Clinometer/laser rangefinder/sine","10.8'","130''","","","George Fieo","2015-11-15","http%3A%2F%2Fwww.ents-bbs.org%2Fviewtopic.php%3Ff%3D85%26t%3D8746%26sid%3D97ab2f9c9694ae17b9e495f826350141","N"
"Chestnut Oak","Quercus montana","Maryland","Baltimore","Loch Raven Reservior","","","9,200 acres minus 3,100 acres of water at crest..
Supplies the City of Baltimore and Baltimore County with drinking water.","","231373","1","","","","Public - city","133.7'","Clinometer/laser rangefinder/sine","7.7'","92''","","","George Fieo","2015-11-15","http%3A%2F%2Fwww.ents-bbs.org%2Fviewtopic.php%3Ff%3D85%26t%3D8746%26sid%3D97ab2f9c9694ae17b9e495f826350141","N"
"Chestnut Oak","Quercus montana","Maryland","Baltimore","Loch Raven Reservior","","","9,200 acres minus 3,100 acres of water at crest..
Supplies the City of Baltimore and Baltimore County with drinking water.","","231374","1","","","","Public - city","135.0'","Clinometer/laser rangefinder/sine","7.8'","94''","","","George Fieo","2015-11-15","http%3A%2F%2Fwww.ents-bbs.org%2Fviewtopic.php%3Ff%3D85%26t%3D8746%26sid%3D97ab2f9c9694ae17b9e495f826350141","N"
"Eastern Hemlock","Tsuga canadensis","Maryland","Baltimore","Loch Raven Reservior","","","9,200 acres minus 3,100 acres of water at crest..
Supplies the City of Baltimore and Baltimore County with drinking water.","","231375","1","","","","Public - city","101.5'","Clinometer/laser rangefinder/sine","","","","","George Fieo","2015-11-15","http%3A%2F%2Fwww.ents-bbs.org%2Fviewtopic.php%3Ff%3D85%26t%3D8746%26sid%3D97ab2f9c9694ae17b9e495f826350141","N"
"Eastern White Pine","Pinus strobus","Maryland","Baltimore","Loch Raven Reservior","","","9,200 acres minus 3,100 acres of water at crest..
Supplies the City of Baltimore and Baltimore County with drinking water.","","231423","1","","","","Public - city","133.8'","Clinometer/laser rangefinder/sine","5.9'","71''","","","George Fieo","2015-11-15","http%3A%2F%2Fwww.ents-bbs.org%2Fviewtopic.php%3Ff%3D85%26t%3D8746%26sid%3D97ab2f9c9694ae17b9e495f826350141","N"
"Mockernut Hickory","Carya tomentosa","Maryland","Baltimore","Loch Raven Reservior","","","9,200 acres minus 3,100 acres of water at crest..
Supplies the City of Baltimore and Baltimore County with drinking water.","","231376","1","","","","Public - city","123.3'","Clinometer/laser rangefinder/sine","4.8'","58''","","","George Fieo","2015-11-15","http%3A%2F%2Fwww.ents-bbs.org%2Fviewtopic.php%3Ff%3D85%26t%3D8746%26sid%3D97ab2f9c9694ae17b9e495f826350141","N"
"Mockernut Hickory","Carya tomentosa","Maryland","Baltimore","Loch Raven Reservior","","","9,200 acres minus 3,100 acres of water at crest..
Supplies the City of Baltimore and Baltimore County with drinking water.","","231377","1","","","","Public - city","130.9'","Clinometer/laser rangefinder/sine","6.5'","78''","","","George Fieo","2015-11-15","http%3A%2F%2Fwww.ents-bbs.org%2Fviewtopic.php%3Ff%3D85%26t%3D8746%26sid%3D97ab2f9c9694ae17b9e495f826350141","N"
"Northern Red Oak","Quercus rubra","Maryland","Baltimore","Loch Raven Reservior","","","9,200 acres minus 3,100 acres of water at crest..
Supplies the City of Baltimore and Baltimore County with drinking water.","","231425","1","","","","Public - city","132.8'","Clinometer/laser rangefinder/sine","13.5'","162''","","","George Fieo","2015-11-15","http%3A%2F%2Fwww.ents-bbs.org%2Fviewtopic.php%3Ff%3D85%26t%3D8746%26sid%3D97ab2f9c9694ae17b9e495f826350141","N"
"Northern Red Oak","Quercus rubra","Maryland","Baltimore","Loch Raven Reservior","","","9,200 acres minus 3,100 acres of water at crest..
Supplies the City of Baltimore and Baltimore County with drinking water.","","231378","1","","","","Public - city","132.9'","Clinometer/laser rangefinder/sine","10.9'","131''","","","George Fieo","2015-11-15","http%3A%2F%2Fwww.ents-bbs.org%2Fviewtopic.php%3Ff%3D85%26t%3D8746%26sid%3D97ab2f9c9694ae17b9e495f826350141","N"
"Northern Red Oak","Quercus rubra","Maryland","Baltimore","Loch Raven Reservior","","","9,200 acres minus 3,100 acres of water at crest..
Supplies the City of Baltimore and Baltimore County with drinking water.","","231379","1","","","","Public - city","137.6'","Clinometer/laser rangefinder/sine","10.1'","121''","","","George Fieo","2015-11-15","http%3A%2F%2Fwww.ents-bbs.org%2Fviewtopic.php%3Ff%3D85%26t%3D8746%26sid%3D97ab2f9c9694ae17b9e495f826350141","N"
"Northern Red Oak","Quercus rubra","Maryland","Baltimore","Loch Raven Reservior","","","9,200 acres minus 3,100 acres of water at crest..
Supplies the City of Baltimore and Baltimore County with drinking water.","","231380","1","","","","Public - city","139.1'","Clinometer/laser rangefinder/sine","10.9'","131''","","","George Fieo","2015-11-15","http%3A%2F%2Fwww.ents-bbs.org%2Fviewtopic.php%3Ff%3D85%26t%3D8746%26sid%3D97ab2f9c9694ae17b9e495f826350141","N"
"Northern Red Oak","Quercus rubra","Maryland","Baltimore","Loch Raven Reservior","","","9,200 acres minus 3,100 acres of water at crest..
Supplies the City of Baltimore and Baltimore County with drinking water.","","231381","1","","","","Public - city","143.4'","Clinometer/laser rangefinder/sine","9.6'","115''","","","George Fieo","2015-11-15","http%3A%2F%2Fwww.ents-bbs.org%2Fviewtopic.php%3Ff%3D85%26t%3D8746%26sid%3D97ab2f9c9694ae17b9e495f826350141","N"
"Northern Red Oak","Quercus rubra","Maryland","Baltimore","Loch Raven Reservior","","","9,200 acres minus 3,100 acres of water at crest..
Supplies the City of Baltimore and Baltimore County with drinking water.","","231382","1","","","","Public - city","144.7'","Clinometer/laser rangefinder/sine","9.4'","113''","","","George Fieo","2015-11-15","http%3A%2F%2Fwww.ents-bbs.org%2Fviewtopic.php%3Ff%3D85%26t%3D8746%26sid%3D97ab2f9c9694ae17b9e495f826350141","N"
"Northern Red Oak","Quercus rubra","Maryland","Baltimore","Loch Raven Reservior","","","9,200 acres minus 3,100 acres of water at crest..
Supplies the City of Baltimore and Baltimore County with drinking water.","","231383","1","","","","Public - city","145.1'","Clinometer/laser rangefinder/sine","10.2'","122''","","","George Fieo","2015-11-15","http%3A%2F%2Fwww.ents-bbs.org%2Fviewtopic.php%3Ff%3D85%26t%3D8746%26sid%3D97ab2f9c9694ae17b9e495f826350141","N"
"Northern Red Oak","Quercus rubra","Maryland","Baltimore","Loch Raven Reservior","","","9,200 acres minus 3,100 acres of water at crest..
Supplies the City of Baltimore and Baltimore County with drinking water.","","231384","1","","","","Public - city","147.0'","Clinometer/laser rangefinder/sine","8.2'","98''","","","George Fieo","2015-11-15","http%3A%2F%2Fwww.ents-bbs.org%2Fviewtopic.php%3Ff%3D85%26t%3D8746%26sid%3D97ab2f9c9694ae17b9e495f826350141","N"
"Pawpaw","Asimina triloba","Maryland","Baltimore","Loch Raven Reservior","","","9,200 acres minus 3,100 acres of water at crest..
Supplies the City of Baltimore and Baltimore County with drinking water.","","231385","1","","","","Public - city","45.2'","Clinometer/laser rangefinder/sine","0.7'","9''","","","George Fieo","2015-11-15","http%3A%2F%2Fwww.ents-bbs.org%2Fviewtopic.php%3Ff%3D85%26t%3D8746%26sid%3D97ab2f9c9694ae17b9e495f826350141","N"
"Pignut Hickory","Carya glabra","Maryland","Baltimore","Loch Raven Reservior","","","9,200 acres minus 3,100 acres of water at crest..
Supplies the City of Baltimore and Baltimore County with drinking water.","","231386","1","","","","Public - city","134.4'","Clinometer/laser rangefinder/sine","8.4'","101''","","","George Fieo","2015-11-15","http%3A%2F%2Fwww.ents-bbs.org%2Fviewtopic.php%3Ff%3D85%26t%3D8746%26sid%3D97ab2f9c9694ae17b9e495f826350141","N"
"Pignut Hickory","Carya glabra","Maryland","Baltimore","Loch Raven Reservior","","","9,200 acres minus 3,100 acres of water at crest..
Supplies the City of Baltimore and Baltimore County with drinking water.","","231387","1","","","","Public - city","140.8'","Clinometer/laser rangefinder/sine","8.1'","97''","","","George Fieo","2015-11-15","http%3A%2F%2Fwww.ents-bbs.org%2Fviewtopic.php%3Ff%3D85%26t%3D8746%26sid%3D97ab2f9c9694ae17b9e495f826350141","N"
"Pignut Hickory","Carya glabra","Maryland","Baltimore","Loch Raven Reservior","","","9,200 acres minus 3,100 acres of water at crest..
Supplies the City of Baltimore and Baltimore County with drinking water.","","231388","1","","","","Public - city","142.1'","Clinometer/laser rangefinder/sine","7.2'","86''","","","George Fieo","2015-11-15","http%3A%2F%2Fwww.ents-bbs.org%2Fviewtopic.php%3Ff%3D85%26t%3D8746%26sid%3D97ab2f9c9694ae17b9e495f826350141","N"
"Red Maple","Acer rubrum","Maryland","Baltimore","Loch Raven Reservior","","","9,200 acres minus 3,100 acres of water at crest..
Supplies the City of Baltimore and Baltimore County with drinking water.","","231389","1","","","","Public - city","102.1'","Clinometer/laser rangefinder/sine","6.3'","76''","","","George Fieo","2015-11-15","http%3A%2F%2Fwww.ents-bbs.org%2Fviewtopic.php%3Ff%3D85%26t%3D8746%26sid%3D97ab2f9c9694ae17b9e495f826350141","N"
"Scarlet Oak","Quercus coccinea var. coccinea","Maryland","Baltimore","Loch Raven Reservior","","","9,200 acres minus 3,100 acres of water at crest..
Supplies the City of Baltimore and Baltimore County with drinking water.","","231426","1","","","","Public - city","126.0'","Clinometer/laser rangefinder/sine","12.1'","145''","","","George Fieo","2015-11-15","http%3A%2F%2Fwww.ents-bbs.org%2Fviewtopic.php%3Ff%3D85%26t%3D8746%26sid%3D97ab2f9c9694ae17b9e495f826350141","N"
"Scarlet Oak","Quercus coccinea var. coccinea","Maryland","Baltimore","Loch Raven Reservior","","","9,200 acres minus 3,100 acres of water at crest..
Supplies the City of Baltimore and Baltimore County with drinking water.","","231390","1","","","","Public - city","130.7'","Clinometer/laser rangefinder/sine","7.7'","92''","","","George Fieo","2015-11-15","http%3A%2F%2Fwww.ents-bbs.org%2Fviewtopic.php%3Ff%3D85%26t%3D8746%26sid%3D97ab2f9c9694ae17b9e495f826350141","N"
"Slippery Elm","Ulmus rubra","Maryland","Baltimore","Loch Raven Reservior","","","9,200 acres minus 3,100 acres of water at crest..
Supplies the City of Baltimore and Baltimore County with drinking water.","","231391","1","","","","Public - city","111.9'","Clinometer/laser rangefinder/sine","5.8'","70''","","","George Fieo","2015-11-15","http%3A%2F%2Fwww.ents-bbs.org%2Fviewtopic.php%3Ff%3D85%26t%3D8746%26sid%3D97ab2f9c9694ae17b9e495f826350141","N"
"Tuliptree","Liriodendron tulipifera","Maryland","Baltimore","Loch Raven Reservior","","","9,200 acres minus 3,100 acres of water at crest..
Supplies the City of Baltimore and Baltimore County with drinking water.","","231428","1","","","","Public - city","147.3'","Clinometer/laser rangefinder/sine","13.5'","161''","","","George Fieo","2015-11-15","http%3A%2F%2Fwww.ents-bbs.org%2Fviewtopic.php%3Ff%3D85%26t%3D8746%26sid%3D97ab2f9c9694ae17b9e495f826350141","N"
"Tuliptree","Liriodendron tulipifera","Maryland","Baltimore","Loch Raven Reservior","","","9,200 acres minus 3,100 acres of water at crest..
Supplies the City of Baltimore and Baltimore County with drinking water.","","231429","1","","","","Public - city","149.8'","Clinometer/laser rangefinder/sine","12.8'","154''","","","George Fieo","2015-11-15","http%3A%2F%2Fwww.ents-bbs.org%2Fviewtopic.php%3Ff%3D85%26t%3D8746%26sid%3D97ab2f9c9694ae17b9e495f826350141","N"
"Tuliptree","Liriodendron tulipifera","Maryland","Baltimore","Loch Raven Reservior","","","9,200 acres minus 3,100 acres of water at crest..
Supplies the City of Baltimore and Baltimore County with drinking water.","","231392","1","","","","Public - city","150.8'","Clinometer/laser rangefinder/sine","10.0'","120''","","","George Fieo","2015-11-15","http%3A%2F%2Fwww.ents-bbs.org%2Fviewtopic.php%3Ff%3D85%26t%3D8746%26sid%3D97ab2f9c9694ae17b9e495f826350141","N"
"Tuliptree","Liriodendron tulipifera","Maryland","Baltimore","Loch Raven Reservior","","","9,200 acres minus 3,100 acres of water at crest..
Supplies the City of Baltimore and Baltimore County with drinking water.","","231393","1","","","","Public - city","151.2'","Clinometer/laser rangefinder/sine","","","","","George Fieo","2015-11-15","http%3A%2F%2Fwww.ents-bbs.org%2Fviewtopic.php%3Ff%3D85%26t%3D8746%26sid%3D97ab2f9c9694ae17b9e495f826350141","N"
"Tuliptree","Liriodendron tulipifera","Maryland","Baltimore","Loch Raven Reservior","","","9,200 acres minus 3,100 acres of water at crest..
Supplies the City of Baltimore and Baltimore County with drinking water.","","231396","1","","","","Public - city","151.4'","Clinometer/laser rangefinder/sine","9.2'","110''","","","George Fieo","2015-11-15","http%3A%2F%2Fwww.ents-bbs.org%2Fviewtopic.php%3Ff%3D85%26t%3D8746%26sid%3D97ab2f9c9694ae17b9e495f826350141","N"
"Tuliptree","Liriodendron tulipifera","Maryland","Baltimore","Loch Raven Reservior","","","9,200 acres minus 3,100 acres of water at crest..
Supplies the City of Baltimore and Baltimore County with drinking water.","","231397","1","","","","Public - city","151.5'","Clinometer/laser rangefinder/sine","9.8'","117''","","","George Fieo","2015-11-15","http%3A%2F%2Fwww.ents-bbs.org%2Fviewtopic.php%3Ff%3D85%26t%3D8746%26sid%3D97ab2f9c9694ae17b9e495f826350141","N"
"Tuliptree","Liriodendron tulipifera","Maryland","Baltimore","Loch Raven Reservior","","","9,200 acres minus 3,100 acres of water at crest..
Supplies the City of Baltimore and Baltimore County with drinking water.","","231394","1","","","","Public - city","151.6'","Clinometer/laser rangefinder/sine","8.3'","100''","","","George Fieo","2015-11-15","http%3A%2F%2Fwww.ents-bbs.org%2Fviewtopic.php%3Ff%3D85%26t%3D8746%26sid%3D97ab2f9c9694ae17b9e495f826350141","N"
"Tuliptree","Liriodendron tulipifera","Maryland","Baltimore","Loch Raven Reservior","","","9,200 acres minus 3,100 acres of water at crest..
Supplies the City of Baltimore and Baltimore County with drinking water.","","231395","1","","","","Public - city","151.8'","Clinometer/laser rangefinder/sine","9.2'","110''","","","George Fieo","2015-11-15","http%3A%2F%2Fwww.ents-bbs.org%2Fviewtopic.php%3Ff%3D85%26t%3D8746%26sid%3D97ab2f9c9694ae17b9e495f826350141","N"
"Tuliptree","Liriodendron tulipifera","Maryland","Baltimore","Loch Raven Reservior","","","9,200 acres minus 3,100 acres of water at crest..
Supplies the City of Baltimore and Baltimore County with drinking water.","","231398","1","","","","Public - city","152.3'","Clinometer/laser rangefinder/sine","9.2'","110''","","","George Fieo","2015-11-15","http%3A%2F%2Fwww.ents-bbs.org%2Fviewtopic.php%3Ff%3D85%26t%3D8746%26sid%3D97ab2f9c9694ae17b9e495f826350141","N"
"Tuliptree","Liriodendron tulipifera","Maryland","Baltimore","Loch Raven Reservior","","","9,200 acres minus 3,100 acres of water at crest..
Supplies the City of Baltimore and Baltimore County with drinking water.","","231399","1","","","","Public - city","152.3'","Clinometer/laser rangefinder/sine","8.7'","104''","","","George Fieo","2015-11-15","http%3A%2F%2Fwww.ents-bbs.org%2Fviewtopic.php%3Ff%3D85%26t%3D8746%26sid%3D97ab2f9c9694ae17b9e495f826350141","N"
"Tuliptree","Liriodendron tulipifera","Maryland","Baltimore","Loch Raven Reservior","","","9,200 acres minus 3,100 acres of water at crest..
Supplies the City of Baltimore and Baltimore County with drinking water.","","231409","1","","","","Public - city","153.0'","Clinometer/laser rangefinder/sine","13.6'","163''","","","George Fieo","2015-11-15","http%3A%2F%2Fwww.ents-bbs.org%2Fviewtopic.php%3Ff%3D85%26t%3D8746%26sid%3D97ab2f9c9694ae17b9e495f826350141","N"
"Tuliptree","Liriodendron tulipifera","Maryland","Baltimore","Loch Raven Reservior","","","9,200 acres minus 3,100 acres of water at crest..
Supplies the City of Baltimore and Baltimore County with drinking water.","","231400","1","","","","Public - city","153.7'","Clinometer/laser rangefinder/sine","8.6'","103''","","","George Fieo","2015-11-15","http%3A%2F%2Fwww.ents-bbs.org%2Fviewtopic.php%3Ff%3D85%26t%3D8746%26sid%3D97ab2f9c9694ae17b9e495f826350141","N"
"Tuliptree","Liriodendron tulipifera","Maryland","Baltimore","Loch Raven Reservior","","","9,200 acres minus 3,100 acres of water at crest..
Supplies the City of Baltimore and Baltimore County with drinking water.","","231410","1","","","","Public - city","153.8'","Clinometer/laser rangefinder/sine","14.5'","174''","","","George Fieo","2015-11-15","http%3A%2F%2Fwww.ents-bbs.org%2Fviewtopic.php%3Ff%3D85%26t%3D8746%26sid%3D97ab2f9c9694ae17b9e495f826350141","N"
"Tuliptree","Liriodendron tulipifera","Maryland","Baltimore","Loch Raven Reservior","","","9,200 acres minus 3,100 acres of water at crest..
Supplies the City of Baltimore and Baltimore County with drinking water.","","231401","1","","","","Public - city","154.1'","Clinometer/laser rangefinder/sine","9.9'","119''","","","George Fieo","2015-11-15","http%3A%2F%2Fwww.ents-bbs.org%2Fviewtopic.php%3Ff%3D85%26t%3D8746%26sid%3D97ab2f9c9694ae17b9e495f826350141","N"
"Tuliptree","Liriodendron tulipifera","Maryland","Baltimore","Loch Raven Reservior","","","9,200 acres minus 3,100 acres of water at crest..
Supplies the City of Baltimore and Baltimore County with drinking water.","","231411","1","","","","Public - city","154.7'","Clinometer/laser rangefinder/sine","12.9'","155''","","","George Fieo","2015-11-15","http%3A%2F%2Fwww.ents-bbs.org%2Fviewtopic.php%3Ff%3D85%26t%3D8746%26sid%3D97ab2f9c9694ae17b9e495f826350141","N"
"Tuliptree","Liriodendron tulipifera","Maryland","Baltimore","Loch Raven Reservior","","","9,200 acres minus 3,100 acres of water at crest..
Supplies the City of Baltimore and Baltimore County with drinking water.","","231402","1","","","","Public - city","156.0'","Clinometer/laser rangefinder/sine","9.8'","117''","","","George Fieo","2015-11-15","http%3A%2F%2Fwww.ents-bbs.org%2Fviewtopic.php%3Ff%3D85%26t%3D8746%26sid%3D97ab2f9c9694ae17b9e495f826350141","N"
"Tuliptree","Liriodendron tulipifera","Maryland","Baltimore","Loch Raven Reservior","","","9,200 acres minus 3,100 acres of water at crest..
Supplies the City of Baltimore and Baltimore County with drinking water.","","231412","1","","","","Public - city","156.9'","Clinometer/laser rangefinder/sine","13.1'","157''","","","George Fieo","2015-11-15","http%3A%2F%2Fwww.ents-bbs.org%2Fviewtopic.php%3Ff%3D85%26t%3D8746%26sid%3D97ab2f9c9694ae17b9e495f826350141","N"
"Tuliptree","Liriodendron tulipifera","Maryland","Baltimore","Loch Raven Reservior","","","9,200 acres minus 3,100 acres of water at crest..
Supplies the City of Baltimore and Baltimore County with drinking water.","","231403","1","","","","Public - city","157.0'","Clinometer/laser rangefinder/sine","9.6'","115''","","","George Fieo","2015-11-15","http%3A%2F%2Fwww.ents-bbs.org%2Fviewtopic.php%3Ff%3D85%26t%3D8746%26sid%3D97ab2f9c9694ae17b9e495f826350141","N"
"Tuliptree","Liriodendron tulipifera","Maryland","Baltimore","Loch Raven Reservior","","","9,200 acres minus 3,100 acres of water at crest..
Supplies the City of Baltimore and Baltimore County with drinking water.","","231404","1","","","","Public - city","157.9'","Clinometer/laser rangefinder/sine","","","10.1'","","George Fieo","2015-11-15","http%3A%2F%2Fwww.ents-bbs.org%2Fviewtopic.php%3Ff%3D85%26t%3D8746%26sid%3D97ab2f9c9694ae17b9e495f826350141","N"
"Tuliptree","Liriodendron tulipifera","Maryland","Baltimore","Loch Raven Reservior","","","9,200 acres minus 3,100 acres of water at crest..
Supplies the City of Baltimore and Baltimore County with drinking water.","","231413","1","","","","Public - city","158.1'","Clinometer/laser rangefinder/sine","13.4'","161''","","","George Fieo","2015-11-15","http%3A%2F%2Fwww.ents-bbs.org%2Fviewtopic.php%3Ff%3D85%26t%3D8746%26sid%3D97ab2f9c9694ae17b9e495f826350141","N"
"Tuliptree","Liriodendron tulipifera","Maryland","Baltimore","Loch Raven Reservior","","","9,200 acres minus 3,100 acres of water at crest..
Supplies the City of Baltimore and Baltimore County with drinking water.","","231405","1","","","","Public - city","158.7'","Clinometer/laser rangefinder/sine","","","","","George Fieo","2015-11-15","http%3A%2F%2Fwww.ents-bbs.org%2Fviewtopic.php%3Ff%3D85%26t%3D8746%26sid%3D97ab2f9c9694ae17b9e495f826350141","N"
"Tuliptree","Liriodendron tulipifera","Maryland","Baltimore","Loch Raven Reservior","","","9,200 acres minus 3,100 acres of water at crest..
Supplies the City of Baltimore and Baltimore County with drinking water.","","231406","1","","","","Public - city","159.4'","Clinometer/laser rangefinder/sine","9.3'","111''","","","George Fieo","2015-11-15","http%3A%2F%2Fwww.ents-bbs.org%2Fviewtopic.php%3Ff%3D85%26t%3D8746%26sid%3D97ab2f9c9694ae17b9e495f826350141","N"
"Tuliptree","Liriodendron tulipifera","Maryland","Baltimore","Loch Raven Reservior","","","9,200 acres minus 3,100 acres of water at crest..
Supplies the City of Baltimore and Baltimore County with drinking water.","","231407","1","","","","Public - city","159.6'","Clinometer/laser rangefinder/sine","9.9'","119''","","","George Fieo","2015-11-15","http%3A%2F%2Fwww.ents-bbs.org%2Fviewtopic.php%3Ff%3D85%26t%3D8746%26sid%3D97ab2f9c9694ae17b9e495f826350141","N"
"Tuliptree","Liriodendron tulipifera","Maryland","Baltimore","Loch Raven Reservior","","","9,200 acres minus 3,100 acres of water at crest..
Supplies the City of Baltimore and Baltimore County with drinking water.","","231408","1","","","","Public - city","170.4'","Clinometer/laser rangefinder/sine","13.5'","162''","","","George Fieo","2015-11-15","http%3A%2F%2Fwww.ents-bbs.org%2Fviewtopic.php%3Ff%3D85%26t%3D8746%26sid%3D97ab2f9c9694ae17b9e495f826350141","N"
"Virginia Pine","Pinus virginiana","Maryland","Baltimore","Loch Raven Reservior","","","9,200 acres minus 3,100 acres of water at crest..
Supplies the City of Baltimore and Baltimore County with drinking water.","","231414","1","","","","Public - city","103.0'","Clinometer/laser rangefinder/sine","5.6'","67''","38.8'","","George Fieo","2015-11-15","http%3A%2F%2Fwww.ents-bbs.org%2Fviewtopic.php%3Ff%3D85%26t%3D8746%26sid%3D97ab2f9c9694ae17b9e495f826350141","N"
"Virginia Pine","Pinus virginiana","Maryland","Baltimore","Loch Raven Reservior","","","9,200 acres minus 3,100 acres of water at crest..
Supplies the City of Baltimore and Baltimore County with drinking water.","","231415","1","","","","Public - city","111.3'","Clinometer/laser rangefinder/sine","3.7'","44''","","","George Fieo","2015-11-15","http%3A%2F%2Fwww.ents-bbs.org%2Fviewtopic.php%3Ff%3D85%26t%3D8746%26sid%3D97ab2f9c9694ae17b9e495f826350141","N"
"White Ash","Fraxinus americana","Maryland","Baltimore","Loch Raven Reservior","","","9,200 acres minus 3,100 acres of water at crest..
Supplies the City of Baltimore and Baltimore County with drinking water.","","231416","1","","","","Public - city","128.2'","Clinometer/laser rangefinder/sine","7.1'","85''","","","George Fieo","2015-11-15","http%3A%2F%2Fwww.ents-bbs.org%2Fviewtopic.php%3Ff%3D85%26t%3D8746%26sid%3D97ab2f9c9694ae17b9e495f826350141","N"
"White Ash","Fraxinus americana","Maryland","Baltimore","Loch Raven Reservior","","","9,200 acres minus 3,100 acres of water at crest..
Supplies the City of Baltimore and Baltimore County with drinking water.","","231417","1","","","","Public - city","136.3'","Clinometer/laser rangefinder/sine","6.5'","78''","","","George Fieo","2015-11-15","http%3A%2F%2Fwww.ents-bbs.org%2Fviewtopic.php%3Ff%3D85%26t%3D8746%26sid%3D97ab2f9c9694ae17b9e495f826350141","N"
"White Oak","Quercus alba","Maryland","Baltimore","Loch Raven Reservior","","","9,200 acres minus 3,100 acres of water at crest..
Supplies the City of Baltimore and Baltimore County with drinking water.","","231422","1","","","","Public - city","105.3'","Clinometer/laser rangefinder/sine","11.1'","133''","","","George Fieo","2015-11-15","http%3A%2F%2Fwww.ents-bbs.org%2Fviewtopic.php%3Ff%3D85%26t%3D8746%26sid%3D97ab2f9c9694ae17b9e495f826350141","N"
"White Oak","Quercus alba","Maryland","Baltimore","Loch Raven Reservior","","","9,200 acres minus 3,100 acres of water at crest..
Supplies the City of Baltimore and Baltimore County with drinking water.","","231427","1","","","","Public - city","120.3'","Clinometer/laser rangefinder/sine","12.4'","149''","","","George Fieo","2015-11-15","http%3A%2F%2Fwww.ents-bbs.org%2Fviewtopic.php%3Ff%3D85%26t%3D8746%26sid%3D97ab2f9c9694ae17b9e495f826350141","N"
"White Oak","Quercus alba","Maryland","Baltimore","Loch Raven Reservior","","","9,200 acres minus 3,100 acres of water at crest..
Supplies the City of Baltimore and Baltimore County with drinking water.","","231418","1","","","","Public - city","128.2'","Clinometer/laser rangefinder/sine","8.7'","104''","","","George Fieo","2015-11-15","http%3A%2F%2Fwww.ents-bbs.org%2Fviewtopic.php%3Ff%3D85%26t%3D8746%26sid%3D97ab2f9c9694ae17b9e495f826350141","N"
"White Oak","Quercus alba","Maryland","Baltimore","Loch Raven Reservior","","","9,200 acres minus 3,100 acres of water at crest..
Supplies the City of Baltimore and Baltimore County with drinking water.","","231419","1","","","","Public - city","130.3'","Clinometer/laser rangefinder/sine","7.4'","89''","","","George Fieo","2015-11-15","http%3A%2F%2Fwww.ents-bbs.org%2Fviewtopic.php%3Ff%3D85%26t%3D8746%26sid%3D97ab2f9c9694ae17b9e495f826350141","N"
"White Oak","Quercus alba","Maryland","Baltimore","Loch Raven Reservior","","","9,200 acres minus 3,100 acres of water at crest..
Supplies the City of Baltimore and Baltimore County with drinking water.","","231420","1","","","","Public - city","133.4'","Clinometer/laser rangefinder/sine","10.8'","130''","","","George Fieo","2015-11-15","http%3A%2F%2Fwww.ents-bbs.org%2Fviewtopic.php%3Ff%3D85%26t%3D8746%26sid%3D97ab2f9c9694ae17b9e495f826350141","N"
"White Oak","Quercus alba","Maryland","Baltimore","Loch Raven Reservior","","","9,200 acres minus 3,100 acres of water at crest..
Supplies the City of Baltimore and Baltimore County with drinking water.","","231421","1","","","","Public - city","135.5'","Clinometer/laser rangefinder/sine","7.5'","90''","","","George Fieo","2015-11-15","http%3A%2F%2Fwww.ents-bbs.org%2Fviewtopic.php%3Ff%3D85%26t%3D8746%26sid%3D97ab2f9c9694ae17b9e495f826350141","N"
"Austrian Pine","Pinus nigra","Maryland","Baltimore City","Cylburn Arboretum","","","","","102902","1","","","400.0 ft","Public","40.5'","Clinometer/laser rangefinder/sine","7.0'","84''","","","Turner Sharp","2015-08-16","","N"
"Black Walnut","Juglans nigra","Maryland","Baltimore City","Cylburn Arboretum","39 21.205","-076 39.137","","","102899","1","39 21.205","-076 39.137","400.0 ft","Public","86.3'","Clinometer/laser rangefinder/sine","11.3'","135''","","","Turner Sharp","2015-08-16","","N"
"Japanese Bush Spruce","Picea maximowiczii","Maryland","Baltimore City","Cylburn Arboretum","","","","","102906","1","","","400.0 ft","Public","60.9'","Clinometer/laser rangefinder/sine","5.3'","64''","","","Turner Sharp","2015-08-16","","N"
"Japanese Pagoda Tree","Styphnolobium japonicum","Maryland","Baltimore City","Cylburn Arboretum","","","","","102903","1","","","400.0 ft","Public","39.7'","Clinometer/laser rangefinder/sine","3.7'","45''","","","Turner Sharp","2015-08-16","","N"
"Momi Fir","Abies firma","Maryland","Baltimore City","Cylburn Arboretum","","","","","102905","1","","","400.0 ft","Public","57.5'","Clinometer/laser rangefinder/sine","5.8'","70''","","","Turner Sharp","2015-08-16","","N"
"Nikko Fir","Abies homolepis","Maryland","Baltimore City","Cylburn Arboretum","","","","","102904","1","","","400.0 ft","Public","51.5'","Clinometer/laser rangefinder/sine","4.4'","53''","","","Turner Sharp","2015-08-16","","N"
"River Birch","Betula nigra","Maryland","Baltimore City","Cylburn Arboretum","","","","","102901","1","","","400.0 ft","Public","56.7'","Clinometer/laser rangefinder/sine","5.7'","68''","","","Turner Sharp","2015-08-16","","N"
"Slippery Elm","Ulmus rubra","Maryland","Baltimore City","Cylburn Arboretum","","","","","102900","1","","","400.0 ft","Public","74.5'","Clinometer/laser rangefinder/sine","8.3'","99''","","","Turner Sharp","2015-08-16","","N"
"Eastern Redcedar","Juniperus virginiana var. virginiana","Maryland","Baltimore City","Gwynns Falls/Leakin Park","","","","","48053","1","","","","Public - city","","","10.5'","126''","","","Mick Ricereto","2012-04-15","","N"
"Tuliptree","Liriodendron tulipifera","Maryland","Baltimore City","Gwynns Falls/Leakin Park","39 18.524","-076 41.502","","","48048","1","39 18.524","-076 41.502","200.0 ft","Public - city","","","13.3'","160''","","","Mick Ricereto","2012-04-15","","N"
"Tuliptree","Liriodendron tulipifera","Maryland","Baltimore City","Gwynns Falls/Leakin Park","","","","","48049","1","","","","Public - city","","","15.3'","184''","","","Mick Ricereto","2012-04-15","","N"
"Tuliptree","Liriodendron tulipifera","Maryland","Baltimore City","Gwynns Falls/Leakin Park","","","","","48050","1","","","","Public - city","","","17.5'","210''","","","Mick Ricereto","2012-04-15","","N"
"Tuliptree","Liriodendron tulipifera","Maryland","Baltimore City","Gwynns Falls/Leakin Park","","","","","48051","1","","","","Public - city","","","22.0'","264''","","Tree is along Franklintown Loop Trail","Mick Ricereto","2012-04-15","","N"
"Tuliptree","Liriodendron tulipifera","Maryland","Baltimore City","Gwynns Falls/Leakin Park","","","","","48052","1","","","","Public - city","","","20.0'","240''","","","Mick Ricereto","2012-04-15","","N"
"American Elm","Ulmus americana","Maryland","Baltimore City","Leakin Park","","","1,216 contiguous  Acres","","231442","1","","","","Public - city","125.9'","Clinometer/laser rangefinder/sine","","","","","George Fieo","2016-01-03","http%3A%2F%2Fwww.ents-bbs.org%2Fviewtopic.php%3Ff%3D85%26t%3D8743%26sid%3Dbb55fa56e2402571f9c4b9568c9c097d","N"
"American Sycamore","Platanus occidentalis","Maryland","Baltimore City","Leakin Park","","","1,216 contiguous  Acres","","231443","1","","","","Public - city","142.8'","Clinometer/laser rangefinder/sine","9.3'","112''","","","George Fieo","2016-01-03","http%3A%2F%2Fwww.ents-bbs.org%2Fviewtopic.php%3Ff%3D85%26t%3D8743%26sid%3Dbb55fa56e2402571f9c4b9568c9c097d","N"
"Green Ash","Fraxinus pennsylvanica","Maryland","Baltimore City","Leakin Park","","","1,216 contiguous  Acres","","231444","1","","","","Public - city","132.1'","Clinometer/laser rangefinder/sine","10.8'","129''","","","George Fieo","2016-01-03","http%3A%2F%2Fwww.ents-bbs.org%2Fviewtopic.php%3Ff%3D85%26t%3D8743%26sid%3Dbb55fa56e2402571f9c4b9568c9c097d","N"
"Green Ash","Fraxinus pennsylvanica","Maryland","Baltimore City","Leakin Park","","","1,216 contiguous  Acres","","231445","1","","","","Public - city","139.2'","Clinometer/laser rangefinder/sine","8.5'","101''","","","George Fieo","2016-01-03","http%3A%2F%2Fwww.ents-bbs.org%2Fviewtopic.php%3Ff%3D85%26t%3D8743%26sid%3Dbb55fa56e2402571f9c4b9568c9c097d","N"
"Northern Red Oak","Quercus rubra","Maryland","Baltimore City","Leakin Park","","","1,216 contiguous  Acres","","231448","1","","","","Public - city","115.1'","Clinometer/laser rangefinder/sine","13.2'","158''","","","George Fieo","2016-01-03","http%3A%2F%2Fwww.ents-bbs.org%2Fviewtopic.php%3Ff%3D85%26t%3D8743%26sid%3Dbb55fa56e2402571f9c4b9568c9c097d","N"
"Northern Red Oak","Quercus rubra","Maryland","Baltimore City","Leakin Park","","","1,216 contiguous  Acres","","231446","1","","","","Public - city","126.5'","Clinometer/laser rangefinder/sine","10.9'","131''","","","George Fieo","2016-01-03","http%3A%2F%2Fwww.ents-bbs.org%2Fviewtopic.php%3Ff%3D85%26t%3D8743%26sid%3Dbb55fa56e2402571f9c4b9568c9c097d","N"
"Northern Red Oak","Quercus rubra","Maryland","Baltimore City","Leakin Park","","","1,216 contiguous  Acres","","231447","1","","","","Public - city","132.8'","Clinometer/laser rangefinder/sine","10.7'","128''","","","George Fieo","2016-01-03","http%3A%2F%2Fwww.ents-bbs.org%2Fviewtopic.php%3Ff%3D85%26t%3D8743%26sid%3Dbb55fa56e2402571f9c4b9568c9c097d","N"
"Tuliptree","Liriodendron tulipifera","Maryland","Baltimore City","Leakin Park","","","1,216 contiguous  Acres","","231464","1","","","","Public - city","136.7'","Clinometer/laser rangefinder/sine","21.4'","257''","","","George Fieo","2016-01-03","http%3A%2F%2Fwww.ents-bbs.org%2Fviewtopic.php%3Ff%3D85%26t%3D8743%26sid%3Dbb55fa56e2402571f9c4b9568c9c097d","N"
"Tuliptree","Liriodendron tulipifera","Maryland","Baltimore City","Leakin Park","","","1,216 contiguous  Acres","","231465","1","","","","Public - city","138.4'","Clinometer/laser rangefinder/sine","14.3'","172''","","","George Fieo","2016-01-03","http%3A%2F%2Fwww.ents-bbs.org%2Fviewtopic.php%3Ff%3D85%26t%3D8743%26sid%3Dbb55fa56e2402571f9c4b9568c9c097d","N"
"Tuliptree","Liriodendron tulipifera","Maryland","Baltimore City","Leakin Park","","","1,216 contiguous  Acres","","231466","1","","","","Public - city","142.7'","Clinometer/laser rangefinder/sine","15.4'","185''","","","George Fieo","2016-01-03","http%3A%2F%2Fwww.ents-bbs.org%2Fviewtopic.php%3Ff%3D85%26t%3D8743%26sid%3Dbb55fa56e2402571f9c4b9568c9c097d","N"
"Tuliptree","Liriodendron tulipifera","Maryland","Baltimore City","Leakin Park","","","1,216 contiguous  Acres","","231467","1","","","","Public - city","145.0'","Clinometer/laser rangefinder/sine","13.2'","158''","","","George Fieo","2016-01-03","http%3A%2F%2Fwww.ents-bbs.org%2Fviewtopic.php%3Ff%3D85%26t%3D8743%26sid%3Dbb55fa56e2402571f9c4b9568c9c097d","N"
"Tuliptree","Liriodendron tulipifera","Maryland","Baltimore City","Leakin Park","","","1,216 contiguous  Acres","","231457","1","","","","Public - city","146.5'","Clinometer/laser rangefinder/sine","9.5'","113''","","","George Fieo","2016-01-03","http%3A%2F%2Fwww.ents-bbs.org%2Fviewtopic.php%3Ff%3D85%26t%3D8743%26sid%3Dbb55fa56e2402571f9c4b9568c9c097d","N"
"Tuliptree","Liriodendron tulipifera","Maryland","Baltimore City","Leakin Park","","","1,216 contiguous  Acres","","231468","1","","","","Public - city","146.6'","Clinometer/laser rangefinder/sine","13.1'","157''","","","George Fieo","2016-01-03","http%3A%2F%2Fwww.ents-bbs.org%2Fviewtopic.php%3Ff%3D85%26t%3D8743%26sid%3Dbb55fa56e2402571f9c4b9568c9c097d","N"
"Tuliptree","Liriodendron tulipifera","Maryland","Baltimore City","Leakin Park","","","1,216 contiguous  Acres","","231458","1","","","","Public - city","146.8'","Clinometer/laser rangefinder/sine","10.9'","131''","","","George Fieo","2016-01-03","http%3A%2F%2Fwww.ents-bbs.org%2Fviewtopic.php%3Ff%3D85%26t%3D8743%26sid%3Dbb55fa56e2402571f9c4b9568c9c097d","N"
"Tuliptree","Liriodendron tulipifera","Maryland","Baltimore City","Leakin Park","","","1,216 contiguous  Acres","","231469","1","","","","Public - city","146.9'","Clinometer/laser rangefinder/sine","13.5'","161''","","","George Fieo","2016-01-03","http%3A%2F%2Fwww.ents-bbs.org%2Fviewtopic.php%3Ff%3D85%26t%3D8743%26sid%3Dbb55fa56e2402571f9c4b9568c9c097d","N"
"Tuliptree","Liriodendron tulipifera","Maryland","Baltimore City","Leakin Park","","","1,216 contiguous  Acres","","231459","1","","","","Public - city","147.5'","Clinometer/laser rangefinder/sine","","","","","George Fieo","2016-01-03","http%3A%2F%2Fwww.ents-bbs.org%2Fviewtopic.php%3Ff%3D85%26t%3D8743%26sid%3Dbb55fa56e2402571f9c4b9568c9c097d","N"
"Tuliptree","Liriodendron tulipifera","Maryland","Baltimore City","Leakin Park","","","1,216 contiguous  Acres","","231470","1","","","","Public - city","147.5'","Clinometer/laser rangefinder/sine","","","","","George Fieo","2016-01-03","http%3A%2F%2Fwww.ents-bbs.org%2Fviewtopic.php%3Ff%3D85%26t%3D8743%26sid%3Dbb55fa56e2402571f9c4b9568c9c097d","N"
"Tuliptree","Liriodendron tulipifera","Maryland","Baltimore City","Leakin Park","","","1,216 contiguous  Acres","","231460","1","","","","Public - city","148.2'","Clinometer/laser rangefinder/sine","11.8'","141''","","","George Fieo","2016-01-03","http%3A%2F%2Fwww.ents-bbs.org%2Fviewtopic.php%3Ff%3D85%26t%3D8743%26sid%3Dbb55fa56e2402571f9c4b9568c9c097d","N"
"Tuliptree","Liriodendron tulipifera","Maryland","Baltimore City","Leakin Park","","","1,216 contiguous  Acres","","231461","1","","","","Public - city","148.7'","Clinometer/laser rangefinder/sine","10.0'","120''","","","George Fieo","2016-01-03","http%3A%2F%2Fwww.ents-bbs.org%2Fviewtopic.php%3Ff%3D85%26t%3D8743%26sid%3Dbb55fa56e2402571f9c4b9568c9c097d","N"
"Tuliptree","Liriodendron tulipifera","Maryland","Baltimore City","Leakin Park","","","1,216 contiguous  Acres","","231462","1","","","","Public - city","151.7'","Clinometer/laser rangefinder/sine","","","","","George Fieo","2016-01-03","http%3A%2F%2Fwww.ents-bbs.org%2Fviewtopic.php%3Ff%3D85%26t%3D8743%26sid%3Dbb55fa56e2402571f9c4b9568c9c097d","N"
"Tuliptree","Liriodendron tulipifera","Maryland","Baltimore City","Leakin Park","","","1,216 contiguous  Acres","","231463","1","","","","Public - city","155.1'","Clinometer/laser rangefinder/sine","10.8'","130''","","","George Fieo","2016-01-03","http%3A%2F%2Fwww.ents-bbs.org%2Fviewtopic.php%3Ff%3D85%26t%3D8743%26sid%3Dbb55fa56e2402571f9c4b9568c9c097d","N"
"Virginia Pine","Pinus virginiana","Maryland","Baltimore City","Leakin Park","","","1,216 contiguous  Acres","","231449","1","","","","Public - city","92.0'","Clinometer/laser rangefinder/sine","7.0'","84''","","","George Fieo","2016-01-03","http%3A%2F%2Fwww.ents-bbs.org%2Fviewtopic.php%3Ff%3D85%26t%3D8743%26sid%3Dbb55fa56e2402571f9c4b9568c9c097d","N"
"White Oak","Quercus alba","Maryland","Baltimore City","Leakin Park","","","1,216 contiguous  Acres","","231450","1","","","","Public - city","112.7'","Clinometer/laser rangefinder/sine","10.9'","130''","","","George Fieo","2016-01-03","http%3A%2F%2Fwww.ents-bbs.org%2Fviewtopic.php%3Ff%3D85%26t%3D8743%26sid%3Dbb55fa56e2402571f9c4b9568c9c097d","N"
"White Oak","Quercus alba","Maryland","Baltimore City","Leakin Park","","","1,216 contiguous  Acres","","231451","1","","","","Public - city","113.4'","Clinometer/laser rangefinder/sine","","","","","George Fieo","2016-01-03","http%3A%2F%2Fwww.ents-bbs.org%2Fviewtopic.php%3Ff%3D85%26t%3D8743%26sid%3Dbb55fa56e2402571f9c4b9568c9c097d","N"
"White Oak","Quercus alba","Maryland","Baltimore City","Leakin Park","","","1,216 contiguous  Acres","","231452","1","","","","Public - city","127.5'","Clinometer/laser rangefinder/sine","7.0'","83''","","","George Fieo","2016-01-03","http%3A%2F%2Fwww.ents-bbs.org%2Fviewtopic.php%3Ff%3D85%26t%3D8743%26sid%3Dbb55fa56e2402571f9c4b9568c9c097d","N"
"White Oak","Quercus alba","Maryland","Baltimore City","Leakin Park","","","1,216 contiguous  Acres","","231453","1","","","","Public - city","129.8'","Clinometer/laser rangefinder/sine","8.8'","105''","","","George Fieo","2016-01-03","http%3A%2F%2Fwww.ents-bbs.org%2Fviewtopic.php%3Ff%3D85%26t%3D8743%26sid%3Dbb55fa56e2402571f9c4b9568c9c097d","N"
"White Oak","Quercus alba","Maryland","Baltimore City","Leakin Park","","","1,216 contiguous  Acres","","231454","1","","","","Public - city","130.4'","Clinometer/laser rangefinder/sine","7.5'","89''","","","George Fieo","2016-01-03","http%3A%2F%2Fwww.ents-bbs.org%2Fviewtopic.php%3Ff%3D85%26t%3D8743%26sid%3Dbb55fa56e2402571f9c4b9568c9c097d","N"
"White Oak","Quercus alba","Maryland","Baltimore City","Leakin Park","","","1,216 contiguous  Acres","","231455","1","","","","Public - city","130.7'","Clinometer/laser rangefinder/sine","10.5'","125''","","","George Fieo","2016-01-03","http%3A%2F%2Fwww.ents-bbs.org%2Fviewtopic.php%3Ff%3D85%26t%3D8743%26sid%3Dbb55fa56e2402571f9c4b9568c9c097d","N"
"White Oak","Quercus alba","Maryland","Baltimore City","Leakin Park","","","1,216 contiguous  Acres","","231456","1","","","","Public - city","132.5'","Clinometer/laser rangefinder/sine","4.8'","58''","","","George Fieo","2016-01-03","http%3A%2F%2Fwww.ents-bbs.org%2Fviewtopic.php%3Ff%3D85%26t%3D8743%26sid%3Dbb55fa56e2402571f9c4b9568c9c097d","N"
"American Basswood","Tilia americana","Maryland","Cecil","Conowingo-Funks Pond Recreational Area","","","","","231975","1","","","","Public - state","118.1'","Clinometer/laser rangefinder/sine","6.0'","72''","","","George Fieo","2013-11-12","http%3A%2F%2Fwww.ents-bbs.org%2Fviewtopic.php%3Ff%3D85%26t%3D8744%26sid%3D97ab2f9c9694ae17b9e495f826350141%23p44617","N"
"American Basswood","Tilia americana","Maryland","Cecil","Conowingo-Funks Pond Recreational Area","","","","","231976","1","","","","Public - state","125.3'","Clinometer/laser rangefinder/sine","5.7'","68''","","","George Fieo","2013-11-12","http%3A%2F%2Fwww.ents-bbs.org%2Fviewtopic.php%3Ff%3D85%26t%3D8744%26sid%3D97ab2f9c9694ae17b9e495f826350141%23p44617","N"
"American Beech","Fagus grandifolia","Maryland","Cecil","Conowingo-Funks Pond Recreational Area","","","","","231977","1","","","","Public - state","113.4'","Clinometer/laser rangefinder/sine","7.5'","90''","","","George Fieo","2013-11-12","http%3A%2F%2Fwww.ents-bbs.org%2Fviewtopic.php%3Ff%3D85%26t%3D8744%26sid%3D97ab2f9c9694ae17b9e495f826350141%23p44617","N"
"American Hornbeam","Carpinus caroliniana ssp. virginiana","Maryland","Cecil","Conowingo-Funks Pond Recreational Area","","","","","231978","1","","","","Public - state","49.8'","Clinometer/laser rangefinder/sine","1.9'","23''","","","George Fieo","2013-11-12","http%3A%2F%2Fwww.ents-bbs.org%2Fviewtopic.php%3Ff%3D85%26t%3D8744%26sid%3D97ab2f9c9694ae17b9e495f826350141%23p44617","N"
"American Sycamore","Platanus occidentalis","Maryland","Cecil","Conowingo-Funks Pond Recreational Area","","","","","232027","1","","","","Public - state","136.6'","Clinometer/laser rangefinder/sine","7.0'","84''","","","George Fieo","2013-11-12","http%3A%2F%2Fwww.ents-bbs.org%2Fviewtopic.php%3Ff%3D85%26t%3D8744%26sid%3D97ab2f9c9694ae17b9e495f826350141%23p44617","N"
"American Sycamore","Platanus occidentalis","Maryland","Cecil","Conowingo-Funks Pond Recreational Area","","","","","232028","1","","","","Public - state","143.5'","Clinometer/laser rangefinder/sine","","","","","George Fieo","2013-11-12","http%3A%2F%2Fwww.ents-bbs.org%2Fviewtopic.php%3Ff%3D85%26t%3D8744%26sid%3D97ab2f9c9694ae17b9e495f826350141%23p44617","N"
"American Sycamore","Platanus occidentalis","Maryland","Cecil","Conowingo-Funks Pond Recreational Area","","","","","232029","1","","","","Public - state","154.7'","Clinometer/laser rangefinder/sine","7.9'","95''","","","George Fieo","2013-11-12","http%3A%2F%2Fwww.ents-bbs.org%2Fviewtopic.php%3Ff%3D85%26t%3D8744%26sid%3D97ab2f9c9694ae17b9e495f826350141%23p44617","N"
"Bitternut Hickory","Carya cordiformis","Maryland","Cecil","Conowingo-Funks Pond Recreational Area","","","","","231982","1","","","","Public - state","122.0'","Clinometer/laser rangefinder/sine","7.6'","91''","","","George Fieo","2013-11-12","http%3A%2F%2Fwww.ents-bbs.org%2Fviewtopic.php%3Ff%3D85%26t%3D8744%26sid%3D97ab2f9c9694ae17b9e495f826350141%23p44617","N"
"Bitternut Hickory","Carya cordiformis","Maryland","Cecil","Conowingo-Funks Pond Recreational Area","","","","","231983","1","","","","Public - state","122.7'","Clinometer/laser rangefinder/sine","5.7'","68''","","","George Fieo","2013-11-12","http%3A%2F%2Fwww.ents-bbs.org%2Fviewtopic.php%3Ff%3D85%26t%3D8744%26sid%3D97ab2f9c9694ae17b9e495f826350141%23p44617","N"
"Bitternut Hickory","Carya cordiformis","Maryland","Cecil","Conowingo-Funks Pond Recreational Area","","","","","231984","1","","","","Public - state","125.6'","Clinometer/laser rangefinder/sine","7.7'","92''","","","George Fieo","2013-11-12","http%3A%2F%2Fwww.ents-bbs.org%2Fviewtopic.php%3Ff%3D85%26t%3D8744%26sid%3D97ab2f9c9694ae17b9e495f826350141%23p44617","N"
"Bitternut Hickory","Carya cordiformis","Maryland","Cecil","Conowingo-Funks Pond Recreational Area","","","","","231985","1","","","","Public - state","126.7'","Clinometer/laser rangefinder/sine","7.1'","85''","","","George Fieo","2013-11-12","http%3A%2F%2Fwww.ents-bbs.org%2Fviewtopic.php%3Ff%3D85%26t%3D8744%26sid%3D97ab2f9c9694ae17b9e495f826350141%23p44617","N"
"Black Cherry","Prunus serotina var. serotina","Maryland","Cecil","Conowingo-Funks Pond Recreational Area","","","","","231990","1","","","","Public - state","124.0'","Clinometer/laser rangefinder/sine","6.7'","80''","","","George Fieo","2013-11-12","http%3A%2F%2Fwww.ents-bbs.org%2Fviewtopic.php%3Ff%3D85%26t%3D8744%26sid%3D97ab2f9c9694ae17b9e495f826350141%23p44617","N"
"Black Oak","Quercus velutina","Maryland","Cecil","Conowingo-Funks Pond Recreational Area","","","","","231991","1","","","","Public - state","118.9'","Clinometer/laser rangefinder/sine","8.7'","104''","","","George Fieo","2013-11-12","http%3A%2F%2Fwww.ents-bbs.org%2Fviewtopic.php%3Ff%3D85%26t%3D8744%26sid%3D97ab2f9c9694ae17b9e495f826350141%23p44617","N"
"Black Walnut","Juglans nigra","Maryland","Cecil","Conowingo-Funks Pond Recreational Area","","","","","231992","1","","","","Public - state","107.4'","Clinometer/laser rangefinder/sine","6.4'","77''","","","George Fieo","2013-11-12","http%3A%2F%2Fwww.ents-bbs.org%2Fviewtopic.php%3Ff%3D85%26t%3D8744%26sid%3D97ab2f9c9694ae17b9e495f826350141%23p44617","N"
"Black Walnut","Juglans nigra","Maryland","Cecil","Conowingo-Funks Pond Recreational Area","","","","","231993","1","","","","Public - state","107.9'","Clinometer/laser rangefinder/sine","","","","","George Fieo","2013-11-12","http%3A%2F%2Fwww.ents-bbs.org%2Fviewtopic.php%3Ff%3D85%26t%3D8744%26sid%3D97ab2f9c9694ae17b9e495f826350141%23p44617","N"
"Blackgum","Nyssa sylvatica","Maryland","Cecil","Conowingo-Funks Pond Recreational Area","","","","","231986","1","","","","Public - state","97.6'","Clinometer/laser rangefinder/sine","6.5'","78''","","","George Fieo","2013-11-12","http%3A%2F%2Fwww.ents-bbs.org%2Fviewtopic.php%3Ff%3D85%26t%3D8744%26sid%3D97ab2f9c9694ae17b9e495f826350141%23p44617","N"
"Chestnut Oak","Quercus montana","Maryland","Cecil","Conowingo-Funks Pond Recreational Area","","","","","231994","1","","","","Public - state","110.4'","Clinometer/laser rangefinder/sine","11.1'","133''","","","George Fieo","2013-11-12","http%3A%2F%2Fwww.ents-bbs.org%2Fviewtopic.php%3Ff%3D85%26t%3D8744%26sid%3D97ab2f9c9694ae17b9e495f826350141%23p44617","N"
"Chestnut Oak","Quercus montana","Maryland","Cecil","Conowingo-Funks Pond Recreational Area","","","","","231995","1","","","","Public - state","124.6'","Clinometer/laser rangefinder/sine","6.5'","78''","","","George Fieo","2013-11-12","http%3A%2F%2Fwww.ents-bbs.org%2Fviewtopic.php%3Ff%3D85%26t%3D8744%26sid%3D97ab2f9c9694ae17b9e495f826350141%23p44617","N"
"Chinese Pear","Pyrus pyrifolia","Maryland","Cecil","Conowingo-Funks Pond Recreational Area","","","","","231979","1","","","","Public - state","63.4'","Clinometer/laser rangefinder/sine","2.9'","35''","","","George Fieo","2013-11-12","http%3A%2F%2Fwww.ents-bbs.org%2Fviewtopic.php%3Ff%3D85%26t%3D8744%26sid%3D97ab2f9c9694ae17b9e495f826350141%23p44617","N"
"Chinese Pear","Pyrus pyrifolia","Maryland","Cecil","Conowingo-Funks Pond Recreational Area","","","","","231980","1","","","","Public - state","77.5'","Clinometer/laser rangefinder/sine","4.8'","58''","","","George Fieo","2013-11-12","http%3A%2F%2Fwww.ents-bbs.org%2Fviewtopic.php%3Ff%3D85%26t%3D8744%26sid%3D97ab2f9c9694ae17b9e495f826350141%23p44617","N"
"Chinese Pear","Pyrus pyrifolia","Maryland","Cecil","Conowingo-Funks Pond Recreational Area","","","","","231981","1","","","","Public - state","81.6'","Clinometer/laser rangefinder/sine","3.6'","43''","","","George Fieo","2013-11-12","http%3A%2F%2Fwww.ents-bbs.org%2Fviewtopic.php%3Ff%3D85%26t%3D8744%26sid%3D97ab2f9c9694ae17b9e495f826350141%23p44617","N"
"Common Hackberry","Celtis occidentalis","Maryland","Cecil","Conowingo-Funks Pond Recreational Area","","","","","231997","1","","","","Public - state","110.6'","Clinometer/laser rangefinder/sine","7.7'","92''","","","George Fieo","2013-11-12","http%3A%2F%2Fwww.ents-bbs.org%2Fviewtopic.php%3Ff%3D85%26t%3D8744%26sid%3D97ab2f9c9694ae17b9e495f826350141%23p44617","N"
"Common Hackberry","Celtis occidentalis","Maryland","Cecil","Conowingo-Funks Pond Recreational Area","","","","","231996","1","","","","Public - state","111.1'","Clinometer/laser rangefinder/sine","9.8'","118''","","","George Fieo","2013-11-12","http%3A%2F%2Fwww.ents-bbs.org%2Fviewtopic.php%3Ff%3D85%26t%3D8744%26sid%3D97ab2f9c9694ae17b9e495f826350141%23p44617","N"
"Flowering Dogwood","Cornus florida","Maryland","Cecil","Conowingo-Funks Pond Recreational Area","","","","","231998","1","","","","Public - state","43.2'","Clinometer/laser rangefinder/sine","1.9'","23''","","","George Fieo","2013-11-12","http%3A%2F%2Fwww.ents-bbs.org%2Fviewtopic.php%3Ff%3D85%26t%3D8744%26sid%3D97ab2f9c9694ae17b9e495f826350141%23p44617","N"
"Green Ash","Fraxinus pennsylvanica","Maryland","Cecil","Conowingo-Funks Pond Recreational Area","","","","","232004","1","","","","Public - state","11.5'","Clinometer/laser rangefinder/sine","6.0'","72''","","","George Fieo","2013-11-12","http%3A%2F%2Fwww.ents-bbs.org%2Fviewtopic.php%3Ff%3D85%26t%3D8744%26sid%3D97ab2f9c9694ae17b9e495f826350141%23p44617","N"
"Green Ash","Fraxinus pennsylvanica","Maryland","Cecil","Conowingo-Funks Pond Recreational Area","","","","","231999","1","","","","Public - state","119.9'","Clinometer/laser rangefinder/sine","","","","","George Fieo","2013-11-12","http%3A%2F%2Fwww.ents-bbs.org%2Fviewtopic.php%3Ff%3D85%26t%3D8744%26sid%3D97ab2f9c9694ae17b9e495f826350141%23p44617","N"
"Green Ash","Fraxinus pennsylvanica","Maryland","Cecil","Conowingo-Funks Pond Recreational Area","","","","","232000","1","","","","Public - state","126.7'","Clinometer/laser rangefinder/sine","7.9'","95''","","","George Fieo","2013-11-12","http%3A%2F%2Fwww.ents-bbs.org%2Fviewtopic.php%3Ff%3D85%26t%3D8744%26sid%3D97ab2f9c9694ae17b9e495f826350141%23p44617","N"
"Green Ash","Fraxinus pennsylvanica","Maryland","Cecil","Conowingo-Funks Pond Recreational Area","","","","","232001","1","","","","Public - state","129.2'","Clinometer/laser rangefinder/sine","8.4'","101''","","","George Fieo","2013-11-12","http%3A%2F%2Fwww.ents-bbs.org%2Fviewtopic.php%3Ff%3D85%26t%3D8744%26sid%3D97ab2f9c9694ae17b9e495f826350141%23p44617","N"
"Green Ash","Fraxinus pennsylvanica","Maryland","Cecil","Conowingo-Funks Pond Recreational Area","","","","","232002","1","","","","Public - state","132.4'","Clinometer/laser rangefinder/sine","8.2'","98''","","","George Fieo","2013-11-12","http%3A%2F%2Fwww.ents-bbs.org%2Fviewtopic.php%3Ff%3D85%26t%3D8744%26sid%3D97ab2f9c9694ae17b9e495f826350141%23p44617","N"
"Green Ash","Fraxinus pennsylvanica","Maryland","Cecil","Conowingo-Funks Pond Recreational Area","","","","","232003","1","","","","Public - state","136.7'","Clinometer/laser rangefinder/sine","8.6'","103''","","","George Fieo","2013-11-12","http%3A%2F%2Fwww.ents-bbs.org%2Fviewtopic.php%3Ff%3D85%26t%3D8744%26sid%3D97ab2f9c9694ae17b9e495f826350141%23p44617","N"
"Mockernut Hickory","Carya tomentosa","Maryland","Cecil","Conowingo-Funks Pond Recreational Area","","","","","232005","1","","","","Public - state","118.9'","Clinometer/laser rangefinder/sine","7.9'","95''","","","George Fieo","2013-11-12","http%3A%2F%2Fwww.ents-bbs.org%2Fviewtopic.php%3Ff%3D85%26t%3D8744%26sid%3D97ab2f9c9694ae17b9e495f826350141%23p44617","N"
"Northern Red Oak","Quercus rubra","Maryland","Cecil","Conowingo-Funks Pond Recreational Area","","","","","232047","1","","","","Public - state","122.3'","Clinometer/laser rangefinder/sine","13.9'","167''","","","George Fieo","2013-11-12","http%3A%2F%2Fwww.ents-bbs.org%2Fviewtopic.php%3Ff%3D85%26t%3D8744%26sid%3D97ab2f9c9694ae17b9e495f826350141%23p44617","N"
"Northern Red Oak","Quercus rubra","Maryland","Cecil","Conowingo-Funks Pond Recreational Area","","","","","232048","1","","","","Public - state","134.0'","Clinometer/laser rangefinder/sine","13.2'","158''","","","George Fieo","2013-11-12","http%3A%2F%2Fwww.ents-bbs.org%2Fviewtopic.php%3Ff%3D85%26t%3D8744%26sid%3D97ab2f9c9694ae17b9e495f826350141%23p44617","N"
"Pawpaw","Asimina triloba","Maryland","Cecil","Conowingo-Funks Pond Recreational Area","","","","","232006","1","","","","Public - state","38.1'","Clinometer/laser rangefinder/sine","1.8'","22''","","","George Fieo","2013-11-12","http%3A%2F%2Fwww.ents-bbs.org%2Fviewtopic.php%3Ff%3D85%26t%3D8744%26sid%3D97ab2f9c9694ae17b9e495f826350141%23p44617","N"
"Pawpaw","Asimina triloba","Maryland","Cecil","Conowingo-Funks Pond Recreational Area","","","","","232007","1","","","","Public - state","45.2'","Clinometer/laser rangefinder/sine","1.3'","16''","","","George Fieo","2013-11-12","http%3A%2F%2Fwww.ents-bbs.org%2Fviewtopic.php%3Ff%3D85%26t%3D8744%26sid%3D97ab2f9c9694ae17b9e495f826350141%23p44617","N"
"Pawpaw","Asimina triloba","Maryland","Cecil","Conowingo-Funks Pond Recreational Area","","","","","232008","1","","","","Public - state","47.7'","Clinometer/laser rangefinder/sine","1.1'","13''","","","George Fieo","2013-11-12","http%3A%2F%2Fwww.ents-bbs.org%2Fviewtopic.php%3Ff%3D85%26t%3D8744%26sid%3D97ab2f9c9694ae17b9e495f826350141%23p44617","N"
"Pignut Hickory","Carya glabra","Maryland","Cecil","Conowingo-Funks Pond Recreational Area","","","","","232009","1","","","","Public - state","124.9'","Clinometer/laser rangefinder/sine","9.7'","116''","","","George Fieo","2013-11-12","http%3A%2F%2Fwww.ents-bbs.org%2Fviewtopic.php%3Ff%3D85%26t%3D8744%26sid%3D97ab2f9c9694ae17b9e495f826350141%23p44617","N"
"Pignut Hickory","Carya glabra","Maryland","Cecil","Conowingo-Funks Pond Recreational Area","","","","","232010","1","","","","Public - state","127.3'","Clinometer/laser rangefinder/sine","6.7'","80''","","","George Fieo","2013-11-12","http%3A%2F%2Fwww.ents-bbs.org%2Fviewtopic.php%3Ff%3D85%26t%3D8744%26sid%3D97ab2f9c9694ae17b9e495f826350141%23p44617","N"
"Pin Oak","Quercus palustris","Maryland","Cecil","Conowingo-Funks Pond Recreational Area","","","","","232011","1","","","","Public - state","101.5'","Clinometer/laser rangefinder/sine","4.6'","55''","","","George Fieo","2013-11-12","http%3A%2F%2Fwww.ents-bbs.org%2Fviewtopic.php%3Ff%3D85%26t%3D8744%26sid%3D97ab2f9c9694ae17b9e495f826350141%23p44617","N"
"River Birch","Betula nigra","Maryland","Cecil","Conowingo-Funks Pond Recreational Area","","","","","232012","1","","","","Public - state","87.3'","Clinometer/laser rangefinder/sine","7.5'","90''","","","George Fieo","2013-11-12","http%3A%2F%2Fwww.ents-bbs.org%2Fviewtopic.php%3Ff%3D85%26t%3D8744%26sid%3D97ab2f9c9694ae17b9e495f826350141%23p44617","N"
"Sassafras","Sassafras albidum","Maryland","Cecil","Conowingo-Funks Pond Recreational Area","","","","","232013","1","","","","Public - state","103.1'","Clinometer/laser rangefinder/sine","6.8'","82''","","","George Fieo","2013-11-12","http%3A%2F%2Fwww.ents-bbs.org%2Fviewtopic.php%3Ff%3D85%26t%3D8744%26sid%3D97ab2f9c9694ae17b9e495f826350141%23p44617","N"
"Sassafras","Sassafras albidum","Maryland","Cecil","Conowingo-Funks Pond Recreational Area","","","","","232014","1","","","","Public - state","104.1'","Clinometer/laser rangefinder/sine","7.0'","84''","","","George Fieo","2013-11-12","http%3A%2F%2Fwww.ents-bbs.org%2Fviewtopic.php%3Ff%3D85%26t%3D8744%26sid%3D97ab2f9c9694ae17b9e495f826350141%23p44617","N"
"Sassafras","Sassafras albidum","Maryland","Cecil","Conowingo-Funks Pond Recreational Area","","","","","232015","1","","","","Public - state","113.0'","Clinometer/laser rangefinder/sine","5.9'","71''","","","George Fieo","2013-11-12","http%3A%2F%2Fwww.ents-bbs.org%2Fviewtopic.php%3Ff%3D85%26t%3D8744%26sid%3D97ab2f9c9694ae17b9e495f826350141%23p44617","N"
"Sassafras","Sassafras albidum","Maryland","Cecil","Conowingo-Funks Pond Recreational Area","","","","","232016","1","","","","Public - state","120.0'","Clinometer/laser rangefinder/sine","6.7'","80''","","","George Fieo","2013-11-12","http%3A%2F%2Fwww.ents-bbs.org%2Fviewtopic.php%3Ff%3D85%26t%3D8744%26sid%3D97ab2f9c9694ae17b9e495f826350141%23p44617","N"
"Shagbark Hickory","Carya ovata","Maryland","Cecil","Conowingo-Funks Pond Recreational Area","","","","","232017","1","","","","Public - state","119.8'","Clinometer/laser rangefinder/sine","5.2'","62''","","","George Fieo","2013-11-12","http%3A%2F%2Fwww.ents-bbs.org%2Fviewtopic.php%3Ff%3D85%26t%3D8744%26sid%3D97ab2f9c9694ae17b9e495f826350141%23p44617","N"
"Silver Maple","Acer saccharinum","Maryland","Cecil","Conowingo-Funks Pond Recreational Area","","","","","232018","1","","","","Public - state","114.4'","Clinometer/laser rangefinder/sine","11.6'","139''","","","George Fieo","2013-11-12","http%3A%2F%2Fwww.ents-bbs.org%2Fviewtopic.php%3Ff%3D85%26t%3D8744%26sid%3D97ab2f9c9694ae17b9e495f826350141%23p44617","N"
"Silver Maple","Acer saccharinum","Maryland","Cecil","Conowingo-Funks Pond Recreational Area","","","","","232019","1","","","","Public - state","119.4'","Clinometer/laser rangefinder/sine","9.1'","109''","","","George Fieo","2013-11-12","http%3A%2F%2Fwww.ents-bbs.org%2Fviewtopic.php%3Ff%3D85%26t%3D8744%26sid%3D97ab2f9c9694ae17b9e495f826350141%23p44617","N"
"Silver Maple","Acer saccharinum","Maryland","Cecil","Conowingo-Funks Pond Recreational Area","","","","","232020","1","","","","Public - state","119.8'","Clinometer/laser rangefinder/sine","8.3'","100''","","","George Fieo","2013-11-12","http%3A%2F%2Fwww.ents-bbs.org%2Fviewtopic.php%3Ff%3D85%26t%3D8744%26sid%3D97ab2f9c9694ae17b9e495f826350141%23p44617","N"
"Silver Maple","Acer saccharinum","Maryland","Cecil","Conowingo-Funks Pond Recreational Area","","","","","232021","1","","","","Public - state","121.5'","Clinometer/laser rangefinder/sine","8.2'","98''","","","George Fieo","2013-11-12","http%3A%2F%2Fwww.ents-bbs.org%2Fviewtopic.php%3Ff%3D85%26t%3D8744%26sid%3D97ab2f9c9694ae17b9e495f826350141%23p44617","N"
"Silver Maple","Acer saccharinum","Maryland","Cecil","Conowingo-Funks Pond Recreational Area","","","","","232022","1","","","","Public - state","124.9'","Clinometer/laser rangefinder/sine","11.7'","140''","","","George Fieo","2013-11-12","http%3A%2F%2Fwww.ents-bbs.org%2Fviewtopic.php%3Ff%3D85%26t%3D8744%26sid%3D97ab2f9c9694ae17b9e495f826350141%23p44617","N"
"Slippery Elm","Ulmus rubra","Maryland","Cecil","Conowingo-Funks Pond Recreational Area","","","","","232023","1","","","","Public - state","92.3'","Clinometer/laser rangefinder/sine","5.7'","68''","","","George Fieo","2013-11-12","http%3A%2F%2Fwww.ents-bbs.org%2Fviewtopic.php%3Ff%3D85%26t%3D8744%26sid%3D97ab2f9c9694ae17b9e495f826350141%23p44617","N"
"Slippery Elm","Ulmus rubra","Maryland","Cecil","Conowingo-Funks Pond Recreational Area","","","","","232024","1","","","","Public - state","100.8'","Clinometer/laser rangefinder/sine","3.8'","46''","","","George Fieo","2013-11-12","http%3A%2F%2Fwww.ents-bbs.org%2Fviewtopic.php%3Ff%3D85%26t%3D8744%26sid%3D97ab2f9c9694ae17b9e495f826350141%23p44617","N"
"Slippery Elm","Ulmus rubra","Maryland","Cecil","Conowingo-Funks Pond Recreational Area","","","","","232025","1","","","","Public - state","112.9'","Clinometer/laser rangefinder/sine","6.0'","72''","","","George Fieo","2013-11-12","http%3A%2F%2Fwww.ents-bbs.org%2Fviewtopic.php%3Ff%3D85%26t%3D8744%26sid%3D97ab2f9c9694ae17b9e495f826350141%23p44617","N"
"Sugar Maple","Acer saccharum","Maryland","Cecil","Conowingo-Funks Pond Recreational Area","","","","","232026","1","","","","Public - state","88.1'","Clinometer/laser rangefinder/sine","14.5'","174''","","Planted","George Fieo","2013-11-12","http%3A%2F%2Fwww.ents-bbs.org%2Fviewtopic.php%3Ff%3D85%26t%3D8744%26sid%3D97ab2f9c9694ae17b9e495f826350141%23p44617","N"
"Sweet Birch","Betula lenta","Maryland","Cecil","Conowingo-Funks Pond Recreational Area","","","","","231987","1","","","","Public - state","86.9'","Clinometer/laser rangefinder/sine","8.4'","101''","","","George Fieo","2013-11-12","http%3A%2F%2Fwww.ents-bbs.org%2Fviewtopic.php%3Ff%3D85%26t%3D8744%26sid%3D97ab2f9c9694ae17b9e495f826350141%23p44617","N"
"Sweet Birch","Betula lenta","Maryland","Cecil","Conowingo-Funks Pond Recreational Area","","","","","231988","1","","","","Public - state","102.6'","Clinometer/laser rangefinder/sine","6.4'","77''","","","George Fieo","2013-11-12","http%3A%2F%2Fwww.ents-bbs.org%2Fviewtopic.php%3Ff%3D85%26t%3D8744%26sid%3D97ab2f9c9694ae17b9e495f826350141%23p44617","N"
"Sweet Birch","Betula lenta","Maryland","Cecil","Conowingo-Funks Pond Recreational Area","","","","","231989","1","","","","Public - state","106.2'","Clinometer/laser rangefinder/sine","6.4'","77''","","","George Fieo","2013-11-12","http%3A%2F%2Fwww.ents-bbs.org%2Fviewtopic.php%3Ff%3D85%26t%3D8744%26sid%3D97ab2f9c9694ae17b9e495f826350141%23p44617","N"
"Tuliptree","Liriodendron tulipifera","Maryland","Cecil","Conowingo-Funks Pond Recreational Area","","","","","232044","1","","","","Public - state","116.7'","Clinometer/laser rangefinder/sine","19.4'","233''","","","George Fieo","2013-11-12","http%3A%2F%2Fwww.ents-bbs.org%2Fviewtopic.php%3Ff%3D85%26t%3D8744%26sid%3D97ab2f9c9694ae17b9e495f826350141%23p44617","N"
"Tuliptree","Liriodendron tulipifera","Maryland","Cecil","Conowingo-Funks Pond Recreational Area","","","","","232045","1","","","","Public - state","135.4'","Clinometer/laser rangefinder/sine","16.1'","193''","","","George Fieo","2013-11-12","http%3A%2F%2Fwww.ents-bbs.org%2Fviewtopic.php%3Ff%3D85%26t%3D8744%26sid%3D97ab2f9c9694ae17b9e495f826350141%23p44617","N"
"Tuliptree","Liriodendron tulipifera","Maryland","Cecil","Conowingo-Funks Pond Recreational Area","","","","","232030","1","","","","Public - state","148.8'","Clinometer/laser rangefinder/sine","11.3'","136''","","","George Fieo","2013-11-12","http%3A%2F%2Fwww.ents-bbs.org%2Fviewtopic.php%3Ff%3D85%26t%3D8744%26sid%3D97ab2f9c9694ae17b9e495f826350141%23p44617","N"
"Tuliptree","Liriodendron tulipifera","Maryland","Cecil","Conowingo-Funks Pond Recreational Area","","","","","232031","1","","","","Public - state","149.3'","Clinometer/laser rangefinder/sine","11.2'","134''","","","George Fieo","2013-11-12","http%3A%2F%2Fwww.ents-bbs.org%2Fviewtopic.php%3Ff%3D85%26t%3D8744%26sid%3D97ab2f9c9694ae17b9e495f826350141%23p44617","N"
"Tuliptree","Liriodendron tulipifera","Maryland","Cecil","Conowingo-Funks Pond Recreational Area","","","","","232032","1","","","","Public - state","150.1'","Clinometer/laser rangefinder/sine","7.2'","86''","","","George Fieo","2013-11-12","http%3A%2F%2Fwww.ents-bbs.org%2Fviewtopic.php%3Ff%3D85%26t%3D8744%26sid%3D97ab2f9c9694ae17b9e495f826350141%23p44617","N"
"Tuliptree","Liriodendron tulipifera","Maryland","Cecil","Conowingo-Funks Pond Recreational Area","","","","","232033","1","","","","Public - state","150.3'","Clinometer/laser rangefinder/sine","10.7'","128''","","","George Fieo","2013-11-12","http%3A%2F%2Fwww.ents-bbs.org%2Fviewtopic.php%3Ff%3D85%26t%3D8744%26sid%3D97ab2f9c9694ae17b9e495f826350141%23p44617","N"
"Tuliptree","Liriodendron tulipifera","Maryland","Cecil","Conowingo-Funks Pond Recreational Area","","","","","232034","1","","","","Public - state","150.5'","Clinometer/laser rangefinder/sine","11.5'","138''","","","George Fieo","2013-11-12","http%3A%2F%2Fwww.ents-bbs.org%2Fviewtopic.php%3Ff%3D85%26t%3D8744%26sid%3D97ab2f9c9694ae17b9e495f826350141%23p44617","N"
"Tuliptree","Liriodendron tulipifera","Maryland","Cecil","Conowingo-Funks Pond Recreational Area","","","","","232035","1","","","","Public - state","150.6'","Clinometer/laser rangefinder/sine","9.6'","115''","","","George Fieo","2013-11-12","http%3A%2F%2Fwww.ents-bbs.org%2Fviewtopic.php%3Ff%3D85%26t%3D8744%26sid%3D97ab2f9c9694ae17b9e495f826350141%23p44617","N"
"Tuliptree","Liriodendron tulipifera","Maryland","Cecil","Conowingo-Funks Pond Recreational Area","","","","","232036","1","","","","Public - state","150.7'","Clinometer/laser rangefinder/sine","7.8'","94''","","","George Fieo","2013-11-12","http%3A%2F%2Fwww.ents-bbs.org%2Fviewtopic.php%3Ff%3D85%26t%3D8744%26sid%3D97ab2f9c9694ae17b9e495f826350141%23p44617","N"
"Tuliptree","Liriodendron tulipifera","Maryland","Cecil","Conowingo-Funks Pond Recreational Area","","","","","232037","1","","","","Public - state","152.2'","Clinometer/laser rangefinder/sine","10.0'","120''","","","George Fieo","2013-11-12","http%3A%2F%2Fwww.ents-bbs.org%2Fviewtopic.php%3Ff%3D85%26t%3D8744%26sid%3D97ab2f9c9694ae17b9e495f826350141%23p44617","N"
"Tuliptree","Liriodendron tulipifera","Maryland","Cecil","Conowingo-Funks Pond Recreational Area","","","","","232038","1","","","","Public - state","152.2'","Clinometer/laser rangefinder/sine","11.1'","133''","","","George Fieo","2013-11-12","http%3A%2F%2Fwww.ents-bbs.org%2Fviewtopic.php%3Ff%3D85%26t%3D8744%26sid%3D97ab2f9c9694ae17b9e495f826350141%23p44617","N"
"Tuliptree","Liriodendron tulipifera","Maryland","Cecil","Conowingo-Funks Pond Recreational Area","","","","","232039","1","","","","Public - state","154.2'","Clinometer/laser rangefinder/sine","8.2'","98''","","","George Fieo","2013-11-12","http%3A%2F%2Fwww.ents-bbs.org%2Fviewtopic.php%3Ff%3D85%26t%3D8744%26sid%3D97ab2f9c9694ae17b9e495f826350141%23p44617","N"
"Tuliptree","Liriodendron tulipifera","Maryland","Cecil","Conowingo-Funks Pond Recreational Area","","","","","232040","1","","","","Public - state","154.2'","Clinometer/laser rangefinder/sine","8.6'","103''","","","George Fieo","2013-11-12","http%3A%2F%2Fwww.ents-bbs.org%2Fviewtopic.php%3Ff%3D85%26t%3D8744%26sid%3D97ab2f9c9694ae17b9e495f826350141%23p44617","N"
"Tuliptree","Liriodendron tulipifera","Maryland","Cecil","Conowingo-Funks Pond Recreational Area","","","","","232041","1","","","","Public - state","155.2'","Clinometer/laser rangefinder/sine","10.0'","120''","","","George Fieo","2013-11-12","http%3A%2F%2Fwww.ents-bbs.org%2Fviewtopic.php%3Ff%3D85%26t%3D8744%26sid%3D97ab2f9c9694ae17b9e495f826350141%23p44617","N"
"Tuliptree","Liriodendron tulipifera","Maryland","Cecil","Conowingo-Funks Pond Recreational Area","","","","","232042","1","","","","Public - state","158.3'","Clinometer/laser rangefinder/sine","9.0'","108''","","","George Fieo","2013-11-12","http%3A%2F%2Fwww.ents-bbs.org%2Fviewtopic.php%3Ff%3D85%26t%3D8744%26sid%3D97ab2f9c9694ae17b9e495f826350141%23p44617","N"
"Tuliptree","Liriodendron tulipifera","Maryland","Cecil","Conowingo-Funks Pond Recreational Area","","","","","232043","1","","","","Public - state","159.5'","Clinometer/laser rangefinder/sine","7.5'","90''","","","George Fieo","2013-11-12","http%3A%2F%2Fwww.ents-bbs.org%2Fviewtopic.php%3Ff%3D85%26t%3D8744%26sid%3D97ab2f9c9694ae17b9e495f826350141%23p44617","N"
"White Ash","Fraxinus americana","Maryland","Cecil","Conowingo-Funks Pond Recreational Area","","","","","232046","1","","","","Public - state","121.9'","Clinometer/laser rangefinder/sine","7.5'","90''","","","George Fieo","2013-11-12","http%3A%2F%2Fwww.ents-bbs.org%2Fviewtopic.php%3Ff%3D85%26t%3D8744%26sid%3D97ab2f9c9694ae17b9e495f826350141%23p44617","N"
"American Beech","Fagus grandifolia","Maryland","Cecil","Fair Hill NRMA","39 42.403","-075 51.336","Former William Dupont estate acquired by State of Maryland 1975. 5,600 acres.","","168093","1","39 42.403","-075 51.336","400.0 ft","Public - State","81.8'","Clinometer/laser rangefinder/sine","15.3'","184''","","","George Fieo","2015-12-03","http%3A%2F%2Fwww.ents-bbs.org%2Fviewtopic.php%3Ff%3D85%26t%3D7354","N"
"American Beech","Fagus grandifolia","Maryland","Cecil","Fair Hill NRMA","","","Former William Dupont estate acquired by State of Maryland 1975. 5,600 acres.","","168094","1","","","400.0 ft","Public - State","128.7'","Clinometer/laser rangefinder/sine","10.0'","120''","","","George Fieo","2015-12-03","http%3A%2F%2Fwww.ents-bbs.org%2Fviewtopic.php%3Ff%3D85%26t%3D7354","N"
"American Beech","Fagus grandifolia","Maryland","Cecil","Fair Hill NRMA","","","Former William Dupont estate acquired by State of Maryland 1975. 5,600 acres.","","168095","1","","","400.0 ft","Public - State","130.2'","Clinometer/laser rangefinder/sine","10.9'","131''","","","George Fieo","2015-12-03","http%3A%2F%2Fwww.ents-bbs.org%2Fviewtopic.php%3Ff%3D85%26t%3D7354","N"
"American Chestnut","Castanea dentata","Maryland","Cecil","Fair Hill NRMA","","","Former William Dupont estate acquired by State of Maryland 1975. 5,600 acres.","","168096","1","","","400.0 ft","Public - State","31.9'","Clinometer/laser rangefinder/sine","1.2'","14''","","","George Fieo","2015-12-03","http%3A%2F%2Fwww.ents-bbs.org%2Fviewtopic.php%3Ff%3D85%26t%3D7354","N"
"American Chestnut","Castanea dentata","Maryland","Cecil","Fair Hill NRMA","","","Former William Dupont estate acquired by State of Maryland 1975. 5,600 acres.","","168097","1","","","400.0 ft","Public - State","61.3'","Clinometer/laser rangefinder/sine","1.4'","17''","","","George Fieo","2015-12-03","http%3A%2F%2Fwww.ents-bbs.org%2Fviewtopic.php%3Ff%3D85%26t%3D7354","N"
"American Sycamore","Platanus occidentalis","Maryland","Cecil","Fair Hill NRMA","","","Former William Dupont estate acquired by State of Maryland 1975. 5,600 acres.","","168144","1","","","400.0 ft","Public - State","144.0'","Clinometer/laser rangefinder/sine","5.2'","62''","","","George Fieo","2015-12-03","http%3A%2F%2Fwww.ents-bbs.org%2Fviewtopic.php%3Ff%3D85%26t%3D7354","N"
"American Sycamore","Platanus occidentalis","Maryland","Cecil","Fair Hill NRMA","","","Former William Dupont estate acquired by State of Maryland 1975. 5,600 acres.","","168145","1","","","400.0 ft","Public - State","144.4'","Clinometer/laser rangefinder/sine","7.4'","89''","","","George Fieo","2015-12-03","http%3A%2F%2Fwww.ents-bbs.org%2Fviewtopic.php%3Ff%3D85%26t%3D7354","N"
"American Sycamore","Platanus occidentalis","Maryland","Cecil","Fair Hill NRMA","","","Former William Dupont estate acquired by State of Maryland 1975. 5,600 acres.","","168146","1","","","400.0 ft","Public - State","146.7'","Clinometer/laser rangefinder/sine","6.9'","83''","","","George Fieo","2015-12-03","http%3A%2F%2Fwww.ents-bbs.org%2Fviewtopic.php%3Ff%3D85%26t%3D7354","N"
"Bigtooth Aspen","Populus grandidentata","Maryland","Cecil","Fair Hill NRMA","","","Former William Dupont estate acquired by State of Maryland 1975. 5,600 acres.","","168099","1","","","400.0 ft","Public - State","111.6'","Clinometer/laser rangefinder/sine","6.2'","74''","","","George Fieo","2015-12-03","http%3A%2F%2Fwww.ents-bbs.org%2Fviewtopic.php%3Ff%3D85%26t%3D7354","N"
"Bigtooth Aspen","Populus grandidentata","Maryland","Cecil","Fair Hill NRMA","","","Former William Dupont estate acquired by State of Maryland 1975. 5,600 acres.","","168100","1","","","400.0 ft","Public - State","120.6'","Clinometer/laser rangefinder/sine","4.8'","58''","","","George Fieo","2015-12-03","http%3A%2F%2Fwww.ents-bbs.org%2Fviewtopic.php%3Ff%3D85%26t%3D7354","N"
"Bitternut Hickory","Carya cordiformis","Maryland","Cecil","Fair Hill NRMA","","","Former William Dupont estate acquired by State of Maryland 1975. 5,600 acres.","","168101","1","","","400.0 ft","Public - State","133.5'","Clinometer/laser rangefinder/sine","8.7'","104''","","","George Fieo","2015-12-03","http%3A%2F%2Fwww.ents-bbs.org%2Fviewtopic.php%3Ff%3D85%26t%3D7354","N"
"Black Cherry","Prunus serotina var. serotina","Maryland","Cecil","Fair Hill NRMA","","","Former William Dupont estate acquired by State of Maryland 1975. 5,600 acres.","","168106","1","","","400.0 ft","Public - State","128.5'","Clinometer/laser rangefinder/sine","7.0'","84''","","","George Fieo","2015-12-03","http%3A%2F%2Fwww.ents-bbs.org%2Fviewtopic.php%3Ff%3D85%26t%3D7354","N"
"Black Oak","Quercus velutina","Maryland","Cecil","Fair Hill NRMA","","","Former William Dupont estate acquired by State of Maryland 1975. 5,600 acres.","","168107","1","","","400.0 ft","Public - State","132.9'","Clinometer/laser rangefinder/sine","9.2'","110''","","","George Fieo","2015-12-03","http%3A%2F%2Fwww.ents-bbs.org%2Fviewtopic.php%3Ff%3D85%26t%3D7354","N"
"Black Oak","Quercus velutina","Maryland","Cecil","Fair Hill NRMA","","","Former William Dupont estate acquired by State of Maryland 1975. 5,600 acres.","","168108","1","","","400.0 ft","Public - State","136.4'","Clinometer/laser rangefinder/sine","13.2'","158''","","","George Fieo","2015-12-03","http%3A%2F%2Fwww.ents-bbs.org%2Fviewtopic.php%3Ff%3D85%26t%3D7354","N"
"Black Oak","Quercus velutina","Maryland","Cecil","Fair Hill NRMA","","","Former William Dupont estate acquired by State of Maryland 1975. 5,600 acres.","","168109","1","","","400.0 ft","Public - State","136.6'","Clinometer/laser rangefinder/sine","9.1'","109''","","","George Fieo","2015-12-03","http%3A%2F%2Fwww.ents-bbs.org%2Fviewtopic.php%3Ff%3D85%26t%3D7354","N"
"Black Oak","Quercus velutina","Maryland","Cecil","Fair Hill NRMA","","","Former William Dupont estate acquired by State of Maryland 1975. 5,600 acres.","","168110","1","","","400.0 ft","Public - State","137.5'","Clinometer/laser rangefinder/sine","9.2'","110''","","","George Fieo","2015-12-03","http%3A%2F%2Fwww.ents-bbs.org%2Fviewtopic.php%3Ff%3D85%26t%3D7354","N"
"Black Oak","Quercus velutina","Maryland","Cecil","Fair Hill NRMA","","","Former William Dupont estate acquired by State of Maryland 1975. 5,600 acres.","","168111","1","","","400.0 ft","Public - State","140.2'","Clinometer/laser rangefinder/sine","11.5'","138''","","","George Fieo","2015-12-03","http%3A%2F%2Fwww.ents-bbs.org%2Fviewtopic.php%3Ff%3D85%26t%3D7354","N"
"Black Walnut","Juglans nigra","Maryland","Cecil","Fair Hill NRMA","","","Former William Dupont estate acquired by State of Maryland 1975. 5,600 acres.","","168112","1","","","400.0 ft","Public - State","121.8'","Clinometer/laser rangefinder/sine","9.2'","110''","","","George Fieo","2015-12-03","http%3A%2F%2Fwww.ents-bbs.org%2Fviewtopic.php%3Ff%3D85%26t%3D7354","N"
"Black Walnut","Juglans nigra","Maryland","Cecil","Fair Hill NRMA","","","Former William Dupont estate acquired by State of Maryland 1975. 5,600 acres.","","168113","1","","","400.0 ft","Public - State","127.5'","Clinometer/laser rangefinder/sine","8.2'","98''","","","George Fieo","2015-12-03","http%3A%2F%2Fwww.ents-bbs.org%2Fviewtopic.php%3Ff%3D85%26t%3D7354","N"
"Blackgum","Nyssa sylvatica","Maryland","Cecil","Fair Hill NRMA","","","Former William Dupont estate acquired by State of Maryland 1975. 5,600 acres.","","168102","1","","","400.0 ft","Public - State","99.1'","Clinometer/laser rangefinder/sine","9.9'","119''","","","George Fieo","2015-12-03","http%3A%2F%2Fwww.ents-bbs.org%2Fviewtopic.php%3Ff%3D85%26t%3D7354","N"
"Blackgum","Nyssa sylvatica","Maryland","Cecil","Fair Hill NRMA","","","Former William Dupont estate acquired by State of Maryland 1975. 5,600 acres.","","168103","1","","","400.0 ft","Public - State","109.8'","Clinometer/laser rangefinder/sine","5.0'","60''","","","George Fieo","2015-12-03","http%3A%2F%2Fwww.ents-bbs.org%2Fviewtopic.php%3Ff%3D85%26t%3D7354","N"
"Blackhaw","Viburnum prunifolium","Maryland","Cecil","Fair Hill NRMA","","","Former William Dupont estate acquired by State of Maryland 1975. 5,600 acres.","","168104","1","","","400.0 ft","Public - State","33.6'","Clinometer/laser rangefinder/sine","1.5'","17''","","","George Fieo","2015-12-03","http%3A%2F%2Fwww.ents-bbs.org%2Fviewtopic.php%3Ff%3D85%26t%3D7354","N"
"Carolina Ash","Fraxinus caroliniana","Maryland","Cecil","Fair Hill NRMA","","","Former William Dupont estate acquired by State of Maryland 1975. 5,600 acres.","","168098","1","","","400.0 ft","Public - State","36.5'","Clinometer/laser rangefinder/sine","3.2'","38''","","Circumference taken at 2'.","George Fieo","2015-12-03","http%3A%2F%2Fwww.ents-bbs.org%2Fviewtopic.php%3Ff%3D85%26t%3D7354","N"
"Chestnut Oak","Quercus montana","Maryland","Cecil","Fair Hill NRMA","","","Former William Dupont estate acquired by State of Maryland 1975. 5,600 acres.","","168114","1","","","400.0 ft","Public - State","105.0'","Clinometer/laser rangefinder/sine","9.5'","114''","","","George Fieo","2015-12-03","http%3A%2F%2Fwww.ents-bbs.org%2Fviewtopic.php%3Ff%3D85%26t%3D7354","N"
"Chestnut Oak","Quercus montana","Maryland","Cecil","Fair Hill NRMA","","","Former William Dupont estate acquired by State of Maryland 1975. 5,600 acres.","","168115","1","","","400.0 ft","Public - State","115.0'","Clinometer/laser rangefinder/sine","6.5'","78''","","","George Fieo","2015-12-03","http%3A%2F%2Fwww.ents-bbs.org%2Fviewtopic.php%3Ff%3D85%26t%3D7354","N"
"Flowering Dogwood","Cornus florida","Maryland","Cecil","Fair Hill NRMA","","","Former William Dupont estate acquired by State of Maryland 1975. 5,600 acres.","","168117","1","","","400.0 ft","Public - State","51.2'","Clinometer/laser rangefinder/sine","1.9'","23''","","","George Fieo","2015-12-03","http%3A%2F%2Fwww.ents-bbs.org%2Fviewtopic.php%3Ff%3D85%26t%3D7354","N"
"Hophornbeam","Ostrya virginiana","Maryland","Cecil","Fair Hill NRMA","","","Former William Dupont estate acquired by State of Maryland 1975. 5,600 acres.","","168116","1","","","400.0 ft","Public - State","75.2'","Clinometer/laser rangefinder/sine","2.1'","25''","","","George Fieo","2015-12-03","http%3A%2F%2Fwww.ents-bbs.org%2Fviewtopic.php%3Ff%3D85%26t%3D7354","N"
"Mockernut Hickory","Carya tomentosa","Maryland","Cecil","Fair Hill NRMA","","","Former William Dupont estate acquired by State of Maryland 1975. 5,600 acres.","","168118","1","","","400.0 ft","Public - State","124.6'","Clinometer/laser rangefinder/sine","7.1'","85''","","","George Fieo","2015-12-03","http%3A%2F%2Fwww.ents-bbs.org%2Fviewtopic.php%3Ff%3D85%26t%3D7354","N"
"Mockernut Hickory","Carya tomentosa","Maryland","Cecil","Fair Hill NRMA","","","Former William Dupont estate acquired by State of Maryland 1975. 5,600 acres.","","168119","1","","","400.0 ft","Public - State","133.6'","Clinometer/laser rangefinder/sine","4.9'","59''","","","George Fieo","2015-12-03","http%3A%2F%2Fwww.ents-bbs.org%2Fviewtopic.php%3Ff%3D85%26t%3D7354","N"
"Northern Red Oak","Quercus rubra var. rubra","Maryland","Cecil","Fair Hill NRMA","","","Former William Dupont estate acquired by State of Maryland 1975. 5,600 acres.","","168120","1","","","400.0 ft","Public - State","140.5'","Clinometer/laser rangefinder/sine","11.9'","143''","","","George Fieo","2015-12-03","http%3A%2F%2Fwww.ents-bbs.org%2Fviewtopic.php%3Ff%3D85%26t%3D7354","N"
"Northern Red Oak","Quercus rubra var. rubra","Maryland","Cecil","Fair Hill NRMA","","","Former William Dupont estate acquired by State of Maryland 1975. 5,600 acres.","","168121","1","","","400.0 ft","Public - State","140.7'","Clinometer/laser rangefinder/sine","10.1'","121''","","","George Fieo","2015-12-03","http%3A%2F%2Fwww.ents-bbs.org%2Fviewtopic.php%3Ff%3D85%26t%3D7354","N"
"Northern Red Oak","Quercus rubra var. rubra","Maryland","Cecil","Fair Hill NRMA","","","Former William Dupont estate acquired by State of Maryland 1975. 5,600 acres.","","168122","1","","","400.0 ft","Public - State","141.1'","Clinometer/laser rangefinder/sine","9.8'","118''","","","George Fieo","2015-12-03","http%3A%2F%2Fwww.ents-bbs.org%2Fviewtopic.php%3Ff%3D85%26t%3D7354","N"
"Northern Red Oak","Quercus rubra var. rubra","Maryland","Cecil","Fair Hill NRMA","","","Former William Dupont estate acquired by State of Maryland 1975. 5,600 acres.","","168123","1","","","400.0 ft","Public - State","141.9'","Clinometer/laser rangefinder/sine","8.5'","102''","","","George Fieo","2015-12-03","http%3A%2F%2Fwww.ents-bbs.org%2Fviewtopic.php%3Ff%3D85%26t%3D7354","N"
"Northern Red Oak","Quercus rubra var. rubra","Maryland","Cecil","Fair Hill NRMA","","","Former William Dupont estate acquired by State of Maryland 1975. 5,600 acres.","","168124","1","","","400.0 ft","Public - State","142.1'","Clinometer/laser rangefinder/sine","6.0'","72''","","","George Fieo","2015-12-03","http%3A%2F%2Fwww.ents-bbs.org%2Fviewtopic.php%3Ff%3D85%26t%3D7354","N"
"Northern Red Oak","Quercus rubra var. rubra","Maryland","Cecil","Fair Hill NRMA","","","Former William Dupont estate acquired by State of Maryland 1975. 5,600 acres.","","168125","1","","","400.0 ft","Public - State","142.2'","Clinometer/laser rangefinder/sine","11.7'","140''","","","George Fieo","2015-12-03","http%3A%2F%2Fwww.ents-bbs.org%2Fviewtopic.php%3Ff%3D85%26t%3D7354","N"
"Northern Red Oak","Quercus rubra var. rubra","Maryland","Cecil","Fair Hill NRMA","","","Former William Dupont estate acquired by State of Maryland 1975. 5,600 acres.","","168126","1","","","400.0 ft","Public - State","142.8'","Clinometer/laser rangefinder/sine","9.4'","113''","","","George Fieo","2015-12-03","http%3A%2F%2Fwww.ents-bbs.org%2Fviewtopic.php%3Ff%3D85%26t%3D7354","N"
"Northern Red Oak","Quercus rubra var. rubra","Maryland","Cecil","Fair Hill NRMA","","","Former William Dupont estate acquired by State of Maryland 1975. 5,600 acres.","","168127","1","","","400.0 ft","Public - State","145.4'","Clinometer/laser rangefinder/sine","10.4'","125''","","","George Fieo","2015-12-03","http%3A%2F%2Fwww.ents-bbs.org%2Fviewtopic.php%3Ff%3D85%26t%3D7354","N"
"Pignut Hickory","Carya glabra","Maryland","Cecil","Fair Hill NRMA","","","Former William Dupont estate acquired by State of Maryland 1975. 5,600 acres.","","168129","1","","","400.0 ft","Public - State","127.2'","Clinometer/laser rangefinder/sine","9.5'","114''","","","George Fieo","2015-12-03","http%3A%2F%2Fwww.ents-bbs.org%2Fviewtopic.php%3Ff%3D85%26t%3D7354","N"
"Pignut Hickory","Carya glabra","Maryland","Cecil","Fair Hill NRMA","","","Former William Dupont estate acquired by State of Maryland 1975. 5,600 acres.","","168130","1","","","400.0 ft","Public - State","130.0'","Clinometer/laser rangefinder/sine","9.0'","108''","","","George Fieo","2015-12-03","http%3A%2F%2Fwww.ents-bbs.org%2Fviewtopic.php%3Ff%3D85%26t%3D7354","N"
"Pignut Hickory","Carya glabra","Maryland","Cecil","Fair Hill NRMA","","","Former William Dupont estate acquired by State of Maryland 1975. 5,600 acres.","","168131","1","","","400.0 ft","Public - State","140.7'","Clinometer/laser rangefinder/sine","7.0'","84''","","","George Fieo","2015-12-03","http%3A%2F%2Fwww.ents-bbs.org%2Fviewtopic.php%3Ff%3D85%26t%3D7354","N"
"Pignut Hickory","Carya glabra","Maryland","Cecil","Fair Hill NRMA","","","Former William Dupont estate acquired by State of Maryland 1975. 5,600 acres.","","168132","1","","","400.0 ft","Public - State","140.8'","Clinometer/laser rangefinder/sine","7.1'","85''","","","George Fieo","2015-12-03","http%3A%2F%2Fwww.ents-bbs.org%2Fviewtopic.php%3Ff%3D85%26t%3D7354","N"
"Pignut Hickory","Carya glabra","Maryland","Cecil","Fair Hill NRMA","","","Former William Dupont estate acquired by State of Maryland 1975. 5,600 acres.","","168133","1","","","400.0 ft","Public - State","141.0'","Clinometer/laser rangefinder/sine","6.8'","82''","","","George Fieo","2015-12-03","http%3A%2F%2Fwww.ents-bbs.org%2Fviewtopic.php%3Ff%3D85%26t%3D7354","N"
"Pignut Hickory","Carya glabra","Maryland","Cecil","Fair Hill NRMA","","","Former William Dupont estate acquired by State of Maryland 1975. 5,600 acres.","","168134","1","","","400.0 ft","Public - State","141.9'","Clinometer/laser rangefinder/sine","7.3'","88''","","","George Fieo","2015-12-03","http%3A%2F%2Fwww.ents-bbs.org%2Fviewtopic.php%3Ff%3D85%26t%3D7354","N"
"Pignut Hickory","Carya glabra","Maryland","Cecil","Fair Hill NRMA","","","Former William Dupont estate acquired by State of Maryland 1975. 5,600 acres.","","168135","1","","","400.0 ft","Public - State","145.8'","Clinometer/laser rangefinder/sine","7.8'","94''","","","George Fieo","2015-12-03","http%3A%2F%2Fwww.ents-bbs.org%2Fviewtopic.php%3Ff%3D85%26t%3D7354","N"
"Pin Oak","Quercus palustris","Maryland","Cecil","Fair Hill NRMA","","","Former William Dupont estate acquired by State of Maryland 1975. 5,600 acres.","","168128","1","","","400.0 ft","Public - State","125.1'","Clinometer/laser rangefinder/sine","9.0'","108''","","","George Fieo","2015-12-03","http%3A%2F%2Fwww.ents-bbs.org%2Fviewtopic.php%3Ff%3D85%26t%3D7354","N"
"Pitch Pine","Pinus rigida","Maryland","Cecil","Fair Hill NRMA","","","Former William Dupont estate acquired by State of Maryland 1975. 5,600 acres.","","168136","1","","","400.0 ft","Public - State","96.1'","Clinometer/laser rangefinder/sine","5.0'","60''","","","George Fieo","2015-12-03","http%3A%2F%2Fwww.ents-bbs.org%2Fviewtopic.php%3Ff%3D85%26t%3D7354","N"
"Pitch Pine","Pinus rigida","Maryland","Cecil","Fair Hill NRMA","","","Former William Dupont estate acquired by State of Maryland 1975. 5,600 acres.","","168137","1","","","400.0 ft","Public - State","96.9'","Clinometer/laser rangefinder/sine","5.2'","62''","","","George Fieo","2015-12-03","http%3A%2F%2Fwww.ents-bbs.org%2Fviewtopic.php%3Ff%3D85%26t%3D7354","N"
"Scarlet Oak","Quercus coccinea var. coccinea","Maryland","Cecil","Fair Hill NRMA","","","Former William Dupont estate acquired by State of Maryland 1975. 5,600 acres.","","168138","1","","","400.0 ft","Public - State","120.2'","Clinometer/laser rangefinder/sine","7.5'","90''","","","George Fieo","2015-12-03","http%3A%2F%2Fwww.ents-bbs.org%2Fviewtopic.php%3Ff%3D85%26t%3D7354","N"
"Scarlet Oak","Quercus coccinea var. coccinea","Maryland","Cecil","Fair Hill NRMA","","","Former William Dupont estate acquired by State of Maryland 1975. 5,600 acres.","","168139","1","","","400.0 ft","Public - State","121.7'","Clinometer/laser rangefinder/sine","7.5'","90''","","","George Fieo","2015-12-03","http%3A%2F%2Fwww.ents-bbs.org%2Fviewtopic.php%3Ff%3D85%26t%3D7354","N"
"Scarlet Oak","Quercus coccinea var. coccinea","Maryland","Cecil","Fair Hill NRMA","","","Former William Dupont estate acquired by State of Maryland 1975. 5,600 acres.","","168140","1","","","400.0 ft","Public - State","122.7'","Clinometer/laser rangefinder/sine","8.7'","104''","","","George Fieo","2015-12-03","http%3A%2F%2Fwww.ents-bbs.org%2Fviewtopic.php%3Ff%3D85%26t%3D7354","N"
"Scarlet Oak","Quercus coccinea var. coccinea","Maryland","Cecil","Fair Hill NRMA","","","Former William Dupont estate acquired by State of Maryland 1975. 5,600 acres.","","168141","1","","","400.0 ft","Public - State","125.6'","Clinometer/laser rangefinder/sine","8.2'","98''","","","George Fieo","2015-12-03","http%3A%2F%2Fwww.ents-bbs.org%2Fviewtopic.php%3Ff%3D85%26t%3D7354","N"
"Scarlet Oak","Quercus coccinea var. coccinea","Maryland","Cecil","Fair Hill NRMA","","","Former William Dupont estate acquired by State of Maryland 1975. 5,600 acres.","","168142","1","","","400.0 ft","Public - State","130.0'","Clinometer/laser rangefinder/sine","6.0'","72''","","","George Fieo","2015-12-03","http%3A%2F%2Fwww.ents-bbs.org%2Fviewtopic.php%3Ff%3D85%26t%3D7354","N"
"Southern Red Oak","Quercus falcata","Maryland","Cecil","Fair Hill NRMA","","","Former William Dupont estate acquired by State of Maryland 1975. 5,600 acres.","","168143","1","","","400.0 ft","Public - State","120.8'","Clinometer/laser rangefinder/sine","9.3'","112''","","","George Fieo","2015-12-03","http%3A%2F%2Fwww.ents-bbs.org%2Fviewtopic.php%3Ff%3D85%26t%3D7354","N"
"Sweet Birch","Betula lenta","Maryland","Cecil","Fair Hill NRMA","","","Former William Dupont estate acquired by State of Maryland 1975. 5,600 acres.","","168105","1","","","400.0 ft","Public - State","107.4'","Clinometer/laser rangefinder/sine","5.8'","70''","","","George Fieo","2015-12-03","http%3A%2F%2Fwww.ents-bbs.org%2Fviewtopic.php%3Ff%3D85%26t%3D7354","N"
"Tuliptree","Liriodendron tulipifera","Maryland","Cecil","Fair Hill NRMA","","","Former William Dupont estate acquired by State of Maryland 1975. 5,600 acres.","","168147","1","","","400.0 ft","Public - State","155.7'","Clinometer/laser rangefinder/sine","9.2'","110''","","","George Fieo","2015-12-03","http%3A%2F%2Fwww.ents-bbs.org%2Fviewtopic.php%3Ff%3D85%26t%3D7354","N"
"Tuliptree","Liriodendron tulipifera","Maryland","Cecil","Fair Hill NRMA","","","Former William Dupont estate acquired by State of Maryland 1975. 5,600 acres.","","168148","1","","","400.0 ft","Public - State","155.7'","Clinometer/laser rangefinder/sine","10.2'","122''","","","George Fieo","2015-12-03","http%3A%2F%2Fwww.ents-bbs.org%2Fviewtopic.php%3Ff%3D85%26t%3D7354","N"
"Tuliptree","Liriodendron tulipifera","Maryland","Cecil","Fair Hill NRMA","","","Former William Dupont estate acquired by State of Maryland 1975. 5,600 acres.","","168149","1","","","400.0 ft","Public - State","155.9'","Clinometer/laser rangefinder/sine","10.4'","125''","","","George Fieo","2015-12-03","http%3A%2F%2Fwww.ents-bbs.org%2Fviewtopic.php%3Ff%3D85%26t%3D7354","N"
"Tuliptree","Liriodendron tulipifera","Maryland","Cecil","Fair Hill NRMA","","","Former William Dupont estate acquired by State of Maryland 1975. 5,600 acres.","","168150","1","","","400.0 ft","Public - State","156.2'","Clinometer/laser rangefinder/sine","10.2'","122''","","","George Fieo","2015-12-03","http%3A%2F%2Fwww.ents-bbs.org%2Fviewtopic.php%3Ff%3D85%26t%3D7354","N"
"Tuliptree","Liriodendron tulipifera","Maryland","Cecil","Fair Hill NRMA","","","Former William Dupont estate acquired by State of Maryland 1975. 5,600 acres.","","168151","1","","","400.0 ft","Public - State","162.3'","Clinometer/laser rangefinder/sine","10.4'","125''","","","George Fieo","2015-12-03","http%3A%2F%2Fwww.ents-bbs.org%2Fviewtopic.php%3Ff%3D85%26t%3D7354","N"
"White Ash","Fraxinus americana","Maryland","Cecil","Fair Hill NRMA","","","Former William Dupont estate acquired by State of Maryland 1975. 5,600 acres.","","168152","1","","","400.0 ft","Public - State","138.7'","Clinometer/laser rangefinder/sine","8.0'","96''","","","George Fieo","2015-12-03","http%3A%2F%2Fwww.ents-bbs.org%2Fviewtopic.php%3Ff%3D85%26t%3D7354","N"
"White Ash","Fraxinus americana","Maryland","Cecil","Fair Hill NRMA","","","Former William Dupont estate acquired by State of Maryland 1975. 5,600 acres.","","168153","1","","","400.0 ft","Public - State","141.0'","Clinometer/laser rangefinder/sine","10.0'","120''","","","George Fieo","2015-12-03","http%3A%2F%2Fwww.ents-bbs.org%2Fviewtopic.php%3Ff%3D85%26t%3D7354","N"
"White Oak","Quercus alba","Maryland","Cecil","Fair Hill NRMA","","","Former William Dupont estate acquired by State of Maryland 1975. 5,600 acres.","","168154","1","","","400.0 ft","Public - State","138.0'","Clinometer/laser rangefinder/sine","8.2'","98''","","","George Fieo","2015-12-03","http%3A%2F%2Fwww.ents-bbs.org%2Fviewtopic.php%3Ff%3D85%26t%3D7354","N"
"White Oak","Quercus alba","Maryland","Cecil","Fair Hill NRMA","","","Former William Dupont estate acquired by State of Maryland 1975. 5,600 acres.","","168155","1","","","400.0 ft","Public - State","144.7'","Clinometer/laser rangefinder/sine","9.8'","118''","","","George Fieo","2015-12-03","http%3A%2F%2Fwww.ents-bbs.org%2Fviewtopic.php%3Ff%3D85%26t%3D7354","N"
"American Beech","Fagus grandifolia","Maryland","Charles","Chapman State Park","","","This forest comprises 2,200 acres. Trees were measured near Champman's Landing","","45340","1","","","","Public - state","108.7'","Clinometer/laser rangefinder/sine","8.2'","98''","","","Darian Copiz","2008-02-01","","N"
"American Sycamore","Platanus occidentalis","Maryland","Charles","Chapman State Park","","","This forest comprises 2,200 acres. Trees were measured near Champman's Landing","","45345","1","","","","Public - state","118.7'","Clinometer/laser rangefinder/sine","","","","","Darian Copiz","2008-02-01","","N"
"Bitternut Hickory","Carya cordiformis","Maryland","Charles","Chapman State Park","","","This forest comprises 2,200 acres. Trees were measured near Champman's Landing","","45338","1","","","","Public - state","118.8'","Clinometer/laser rangefinder/sine","9.8'","117''","","","Darian Copiz","2008-02-01","","N"
"Bitternut Hickory","Carya cordiformis","Maryland","Charles","Chapman State Park","38 37.028","-077 07.096","This forest comprises 2,200 acres. Trees were measured near Champman's Landing","","45337","1","38 37.028","-077 07.096","","Public - state","126.5'","Clinometer/laser rangefinder/sine","8.0'","96''","","","Darian Copiz","2008-02-01","","N"
"Chinkapin Oak","Quercus muehlenbergii","Maryland","Charles","Chapman State Park","","","This forest comprises 2,200 acres. Trees were measured near Champman's Landing","","45346","1","","","","Public - state","90.0'","Clinometer/laser rangefinder/sine","12.8'","153''","","","Darian Copiz","2008-02-01","","N"
"Green Ash","Fraxinus pennsylvanica","Maryland","Charles","Chapman State Park","","","This forest comprises 2,200 acres. Trees were measured near Champman's Landing","","45342","1","","","","Public - state","107.2'","Clinometer/laser rangefinder/sine","11.2'","134''","","","Darian Copiz","2008-02-01","","N"
"Green Ash","Fraxinus pennsylvanica","Maryland","Charles","Chapman State Park","","","This forest comprises 2,200 acres. Trees were measured near Champman's Landing","","45341","1","","","","Public - state","120.5'","Clinometer/laser rangefinder/sine","10.2'","122''","","","Darian Copiz","2008-02-01","","N"
"Pignut Hickory","Carya glabra","Maryland","Charles","Chapman State Park","","","This forest comprises 2,200 acres. Trees were measured near Champman's Landing","","45339","1","","","","Public - state","114.1'","Clinometer/laser rangefinder/sine","9.0'","108''","","","Darian Copiz","2008-02-01","","N"
"Sassafras","Sassafras albidum","Maryland","Charles","Chapman State Park","","","This forest comprises 2,200 acres. Trees were measured near Champman's Landing","","45347","1","","","","Public - state","106.5'","Clinometer/laser rangefinder/sine","8.7'","104''","","","Darian Copiz","2008-02-01","","N"
"Tuliptree","Liriodendron tulipifera","Maryland","Charles","Chapman State Park","","","This forest comprises 2,200 acres. Trees were measured near Champman's Landing","","45343","1","","","","Public - state","113.8'","Clinometer/laser rangefinder/sine","17.4'","209''","60.0'","","Darian Copiz","2008-02-01","","N"
"Tuliptree","Liriodendron tulipifera","Maryland","Charles","Chapman State Park","","","This forest comprises 2,200 acres. Trees were measured near Champman's Landing","","45344","1","","","","Public - state","133.0'","Clinometer/laser rangefinder/sine","","","","","Darian Copiz","2008-02-01","","N"
"Tuliptree","Liriodendron tulipifera","Maryland","Frederick","Catoctin Mountain Park","","","","","140163","1","","","1780.0 ft","Public - National Park Service","124.5'","Clinometer/laser rangefinder/sine","","","","","Robert Leverett","2009-12-01","","N"
"Tuliptree","Liriodendron tulipifera","Maryland","Frederick","Catoctin Mountain Park","39 39.224","-077 27.868","","","140162","1","39 39.224","-077 27.868","1780.0 ft","Public - National Park Service","128.2'","Clinometer/laser rangefinder/sine","","","","","Robert Leverett","2009-12-01","","N"
"Tuliptree","Liriodendron tulipifera","Maryland","Frederick","Catoctin Mountain Park","","","","","140164","1","","","1780.0 ft","Public - National Park Service","130.5'","Clinometer/laser rangefinder/sine","","","","","Robert Leverett","2009-12-01","","N"
"Tuliptree","Liriodendron tulipifera","Maryland","Frederick","Catoctin Mountain Park","","","","","140165","1","","","1780.0 ft","Public - National Park Service","132.5'","Clinometer/laser rangefinder/sine","","","","","Robert Leverett","2009-12-01","","N"
"Tuliptree","Liriodendron tulipifera","Maryland","Frederick","Catoctin Mountain Park","","","","","140166","1","","","1780.0 ft","Public - National Park Service","133.8'","Clinometer/laser rangefinder/sine","","","","","Robert Leverett","2009-12-01","","N"
"Tuliptree","Liriodendron tulipifera","Maryland","Frederick","Catoctin Mountain Park","","","","","140167","1","","","1780.0 ft","Public - National Park Service","141.5'","Clinometer/laser rangefinder/sine","","","","","Robert Leverett","2009-12-01","","N"
"Eastern Hemlock","Tsuga canadensis","Maryland","Garrett","Swallow Falls State Park","39 29.940","-079 25.009","","","45177","1","39 29.940","-079 25.009","2360.0 ft","Public - State","123.0'","","","","","","Darian Copiz","2005-10-01","","N"
"Eastern White Pine","Pinus strobus","Maryland","Garrett","Swallow Falls State Park","","","","","45178","1","","","2360.0 ft","Public - State","119.0'","","","","","","Darian Copiz","2005-10-01","","N"
"Eastern Hemlock","Tsuga canadensis","Maryland","Harford","Broad Creek Memorial Scout Reservation","","","","","45324","1","","","","Private","134.6'","Clinometer/laser rangefinder/sine","12.1'","145''","","","Darian Copiz","2005-02-01","","N"
"Eastern Hemlock","Tsuga canadensis","Maryland","Harford","Broad Creek Memorial Scout Reservation","","","","","45323","1","","","","Private","139.5'","Clinometer/laser rangefinder/sine","","","","","Darian Copiz","2005-02-01","","N"
"Eastern Hemlock","Tsuga canadensis","Maryland","Harford","Broad Creek Memorial Scout Reservation","39 41.172","-076 15.186","","","45321","1","39 41.172","-076 15.186","240.0 ft","Private","141.2'","Clinometer/laser rangefinder/sine","10.6'","127''","","","Darian Copiz","2005-02-01","","N"
"Eastern Hemlock","Tsuga canadensis","Maryland","Harford","Broad Creek Memorial Scout Reservation","","","","","45322","1","","","","Private","141.3'","Clinometer/laser rangefinder/sine","9.1'","109''","","","Darian Copiz","2005-02-01","","N"
"Tuliptree","Liriodendron tulipifera","Maryland","Harford","Broad Creek Memorial Scout Reservation","","","","","45325","1","","","","Private","133.0'","Clinometer/laser rangefinder/sine","8.9'","107''","","","Darian Copiz","2005-02-01","","N"
"American Basswood","Tilia americana","Maryland","Harford","Gunpowder Falls State Park","","","18,000 acres in Baltimore and Harford Counties","","231761","1","","","","Public - state","130.0'","Clinometer/laser rangefinder/sine","4.7'","56''","","","George Fieo","2016-11-20","http%3A%2F%2Fwww.ents-bbs.org%2Fviewtopic.php%3Ff%3D85%26t%3D8747%26sid%3D97ab2f9c9694ae17b9e495f826350141","N"
"American Beech","Fagus grandifolia","Maryland","Harford","Gunpowder Falls State Park","","","18,000 acres in Baltimore and Harford Counties","","231843","1","","","","Public - state","112.0'","Clinometer/laser rangefinder/sine","12.4'","149''","","","George Fieo","2016-11-20","http%3A%2F%2Fwww.ents-bbs.org%2Fviewtopic.php%3Ff%3D85%26t%3D8747%26sid%3D97ab2f9c9694ae17b9e495f826350141","N"
"American Beech","Fagus grandifolia","Maryland","Harford","Gunpowder Falls State Park","","","18,000 acres in Baltimore and Harford Counties","","231762","1","","","","Public - state","119.3'","Clinometer/laser rangefinder/sine","8.3'","100''","","","George Fieo","2016-11-20","http%3A%2F%2Fwww.ents-bbs.org%2Fviewtopic.php%3Ff%3D85%26t%3D8747%26sid%3D97ab2f9c9694ae17b9e495f826350141","N"
"American Hornbeam","Carpinus caroliniana ssp. virginiana","Maryland","Harford","Gunpowder Falls State Park","","","18,000 acres in Baltimore and Harford Counties","","231763","1","","","","Public - state","28.9'","Clinometer/laser rangefinder/sine","1.7'","20''","","","George Fieo","2016-11-20","http%3A%2F%2Fwww.ents-bbs.org%2Fviewtopic.php%3Ff%3D85%26t%3D8747%26sid%3D97ab2f9c9694ae17b9e495f826350141","N"
"American Sycamore","Platanus occidentalis","Maryland","Harford","Gunpowder Falls State Park","","","18,000 acres in Baltimore and Harford Counties","","231764","1","","","","Public - state","134.4'","Clinometer/laser rangefinder/sine","5.3'","64''","","","George Fieo","2016-11-20","http%3A%2F%2Fwww.ents-bbs.org%2Fviewtopic.php%3Ff%3D85%26t%3D8747%26sid%3D97ab2f9c9694ae17b9e495f826350141","N"
"American Sycamore","Platanus occidentalis","Maryland","Harford","Gunpowder Falls State Park","","","18,000 acres in Baltimore and Harford Counties","","231765","1","","","","Public - state","137.3'","Clinometer/laser rangefinder/sine","7.2'","86''","","","George Fieo","2016-11-20","http%3A%2F%2Fwww.ents-bbs.org%2Fviewtopic.php%3Ff%3D85%26t%3D8747%26sid%3D97ab2f9c9694ae17b9e495f826350141","N"
"American Sycamore","Platanus occidentalis","Maryland","Harford","Gunpowder Falls State Park","","","18,000 acres in Baltimore and Harford Counties","","231766","1","","","","Public - state","137.8'","Clinometer/laser rangefinder/sine","10.7'","128''","","","George Fieo","2016-11-20","http%3A%2F%2Fwww.ents-bbs.org%2Fviewtopic.php%3Ff%3D85%26t%3D8747%26sid%3D97ab2f9c9694ae17b9e495f826350141","N"
"American Sycamore","Platanus occidentalis","Maryland","Harford","Gunpowder Falls State Park","","","18,000 acres in Baltimore and Harford Counties","","231767","1","","","","Public - state","139.1'","Clinometer/laser rangefinder/sine","7.3'","87''","","","George Fieo","2016-11-20","http%3A%2F%2Fwww.ents-bbs.org%2Fviewtopic.php%3Ff%3D85%26t%3D8747%26sid%3D97ab2f9c9694ae17b9e495f826350141","N"
"American Sycamore","Platanus occidentalis","Maryland","Harford","Gunpowder Falls State Park","","","18,000 acres in Baltimore and Harford Counties","","231768","1","","","","Public - state","139.2'","Clinometer/laser rangefinder/sine","9.0'","108''","","","George Fieo","2016-11-20","http%3A%2F%2Fwww.ents-bbs.org%2Fviewtopic.php%3Ff%3D85%26t%3D8747%26sid%3D97ab2f9c9694ae17b9e495f826350141","N"
"American Sycamore","Platanus occidentalis","Maryland","Harford","Gunpowder Falls State Park","","","18,000 acres in Baltimore and Harford Counties","","231769","1","","","","Public - state","140.1'","Clinometer/laser rangefinder/sine","5.3'","64''","","","George Fieo","2016-11-20","http%3A%2F%2Fwww.ents-bbs.org%2Fviewtopic.php%3Ff%3D85%26t%3D8747%26sid%3D97ab2f9c9694ae17b9e495f826350141","N"
"American Sycamore","Platanus occidentalis","Maryland","Harford","Gunpowder Falls State Park","","","18,000 acres in Baltimore and Harford Counties","","231770","1","","","","Public - state","140.4'","Clinometer/laser rangefinder/sine","9.4'","113''","","","George Fieo","2016-11-20","http%3A%2F%2Fwww.ents-bbs.org%2Fviewtopic.php%3Ff%3D85%26t%3D8747%26sid%3D97ab2f9c9694ae17b9e495f826350141","N"
"American Sycamore","Platanus occidentalis","Maryland","Harford","Gunpowder Falls State Park","","","18,000 acres in Baltimore and Harford Counties","","231771","1","","","","Public - state","145.3'","Clinometer/laser rangefinder/sine","","","6.1'","","George Fieo","2016-11-20","http%3A%2F%2Fwww.ents-bbs.org%2Fviewtopic.php%3Ff%3D85%26t%3D8747%26sid%3D97ab2f9c9694ae17b9e495f826350141","N"
"Bigtooth Aspen","Populus grandidentata","Maryland","Harford","Gunpowder Falls State Park","","","18,000 acres in Baltimore and Harford Counties","","231772","1","","","","Public - state","101.9'","Clinometer/laser rangefinder/sine","4.0'","48''","","","George Fieo","2016-11-20","http%3A%2F%2Fwww.ents-bbs.org%2Fviewtopic.php%3Ff%3D85%26t%3D8747%26sid%3D97ab2f9c9694ae17b9e495f826350141","N"
"Bitternut Hickory","Carya cordiformis","Maryland","Harford","Gunpowder Falls State Park","","","18,000 acres in Baltimore and Harford Counties","","231773","1","","","","Public - state","124.0'","Clinometer/laser rangefinder/sine","6.9'","83''","","","George Fieo","2016-11-20","http%3A%2F%2Fwww.ents-bbs.org%2Fviewtopic.php%3Ff%3D85%26t%3D8747%26sid%3D97ab2f9c9694ae17b9e495f826350141","N"
"Bitternut Hickory","Carya cordiformis","Maryland","Harford","Gunpowder Falls State Park","","","18,000 acres in Baltimore and Harford Counties","","231774","1","","","","Public - state","135.9'","Clinometer/laser rangefinder/sine","5.4'","65''","","","George Fieo","2016-11-20","http%3A%2F%2Fwww.ents-bbs.org%2Fviewtopic.php%3Ff%3D85%26t%3D8747%26sid%3D97ab2f9c9694ae17b9e495f826350141","N"
"Bitternut Hickory","Carya cordiformis","Maryland","Harford","Gunpowder Falls State Park","","","18,000 acres in Baltimore and Harford Counties","","231778","1","","","","Public - state","136.7'","Clinometer/laser rangefinder/sine","6.8'","82''","","","George Fieo","2016-11-20","http%3A%2F%2Fwww.ents-bbs.org%2Fviewtopic.php%3Ff%3D85%26t%3D8747%26sid%3D97ab2f9c9694ae17b9e495f826350141","N"
"Bitternut Hickory","Carya cordiformis","Maryland","Harford","Gunpowder Falls State Park","","","18,000 acres in Baltimore and Harford Counties","","231779","1","","","","Public - state","139.5'","Clinometer/laser rangefinder/sine","5.6'","67''","","","George Fieo","2016-11-20","http%3A%2F%2Fwww.ents-bbs.org%2Fviewtopic.php%3Ff%3D85%26t%3D8747%26sid%3D97ab2f9c9694ae17b9e495f826350141","N"
"Bitternut Hickory","Carya cordiformis","Maryland","Harford","Gunpowder Falls State Park","","","18,000 acres in Baltimore and Harford Counties","","231775","1","","","","Public - state","142.0'","Clinometer/laser rangefinder/sine","5.3'","64''","","","George Fieo","2016-11-20","http%3A%2F%2Fwww.ents-bbs.org%2Fviewtopic.php%3Ff%3D85%26t%3D8747%26sid%3D97ab2f9c9694ae17b9e495f826350141","N"
"Bitternut Hickory","Carya cordiformis","Maryland","Harford","Gunpowder Falls State Park","","","18,000 acres in Baltimore and Harford Counties","","231776","1","","","","Public - state","142.1'","Clinometer/laser rangefinder/sine","7.3'","88''","","","George Fieo","2016-11-20","http%3A%2F%2Fwww.ents-bbs.org%2Fviewtopic.php%3Ff%3D85%26t%3D8747%26sid%3D97ab2f9c9694ae17b9e495f826350141","N"
"Bitternut Hickory","Carya cordiformis","Maryland","Harford","Gunpowder Falls State Park","","","18,000 acres in Baltimore and Harford Counties","","231777","1","","","","Public - state","145.7'","Clinometer/laser rangefinder/sine","7.8'","94''","","","George Fieo","2016-11-20","http%3A%2F%2Fwww.ents-bbs.org%2Fviewtopic.php%3Ff%3D85%26t%3D8747%26sid%3D97ab2f9c9694ae17b9e495f826350141","N"
"Black Cherry","Prunus serotina var. serotina","Maryland","Harford","Gunpowder Falls State Park","","","18,000 acres in Baltimore and Harford Counties","","231782","1","","","","Public - state","120.9'","Clinometer/laser rangefinder/sine","5.0'","60''","","","George Fieo","2016-11-20","http%3A%2F%2Fwww.ents-bbs.org%2Fviewtopic.php%3Ff%3D85%26t%3D8747%26sid%3D97ab2f9c9694ae17b9e495f826350141","N"
"Black Oak","Quercus velutina","Maryland","Harford","Gunpowder Falls State Park","","","18,000 acres in Baltimore and Harford Counties","","231783","1","","","","Public - state","129.3'","Clinometer/laser rangefinder/sine","7.3'","87''","","","George Fieo","2016-11-20","http%3A%2F%2Fwww.ents-bbs.org%2Fviewtopic.php%3Ff%3D85%26t%3D8747%26sid%3D97ab2f9c9694ae17b9e495f826350141","N"
"Black Oak","Quercus velutina","Maryland","Harford","Gunpowder Falls State Park","","","18,000 acres in Baltimore and Harford Counties","","231784","1","","","","Public - state","138.4'","Clinometer/laser rangefinder/sine","6.9'","83''","","","George Fieo","2016-11-20","http%3A%2F%2Fwww.ents-bbs.org%2Fviewtopic.php%3Ff%3D85%26t%3D8747%26sid%3D97ab2f9c9694ae17b9e495f826350141","N"
"Black Oak","Quercus velutina","Maryland","Harford","Gunpowder Falls State Park","","","18,000 acres in Baltimore and Harford Counties","","231785","1","","","","Public - state","142.3'","Clinometer/laser rangefinder/sine","7.9'","95''","","","George Fieo","2016-11-20","http%3A%2F%2Fwww.ents-bbs.org%2Fviewtopic.php%3Ff%3D85%26t%3D8747%26sid%3D97ab2f9c9694ae17b9e495f826350141","N"
"Black Walnut","Juglans nigra","Maryland","Harford","Gunpowder Falls State Park","","","18,000 acres in Baltimore and Harford Counties","","231786","1","","","","Public - state","122.1'","Clinometer/laser rangefinder/sine","4.8'","58''","","","George Fieo","2016-11-20","http%3A%2F%2Fwww.ents-bbs.org%2Fviewtopic.php%3Ff%3D85%26t%3D8747%26sid%3D97ab2f9c9694ae17b9e495f826350141","N"
"Black Walnut","Juglans nigra","Maryland","Harford","Gunpowder Falls State Park","","","18,000 acres in Baltimore and Harford Counties","","231787","1","","","","Public - state","122.9'","Clinometer/laser rangefinder/sine","4.9'","58''","","","George Fieo","2016-11-20","http%3A%2F%2Fwww.ents-bbs.org%2Fviewtopic.php%3Ff%3D85%26t%3D8747%26sid%3D97ab2f9c9694ae17b9e495f826350141","N"
"Black Walnut","Juglans nigra","Maryland","Harford","Gunpowder Falls State Park","","","18,000 acres in Baltimore and Harford Counties","","231788","1","","","","Public - state","129.7'","Clinometer/laser rangefinder/sine","6.5'","78''","","","George Fieo","2016-11-20","http%3A%2F%2Fwww.ents-bbs.org%2Fviewtopic.php%3Ff%3D85%26t%3D8747%26sid%3D97ab2f9c9694ae17b9e495f826350141","N"
"Black Walnut","Juglans nigra","Maryland","Harford","Gunpowder Falls State Park","","","18,000 acres in Baltimore and Harford Counties","","231789","1","","","","Public - state","130.6'","Clinometer/laser rangefinder/sine","5.8'","70''","","","George Fieo","2016-11-20","http%3A%2F%2Fwww.ents-bbs.org%2Fviewtopic.php%3Ff%3D85%26t%3D8747%26sid%3D97ab2f9c9694ae17b9e495f826350141","N"
"Black Walnut","Juglans nigra","Maryland","Harford","Gunpowder Falls State Park","","","18,000 acres in Baltimore and Harford Counties","","231790","1","","","","Public - state","130.9'","Clinometer/laser rangefinder/sine","5.8'","70''","","","George Fieo","2016-11-20","http%3A%2F%2Fwww.ents-bbs.org%2Fviewtopic.php%3Ff%3D85%26t%3D8747%26sid%3D97ab2f9c9694ae17b9e495f826350141","N"
"Blackgum","Nyssa sylvatica","Maryland","Harford","Gunpowder Falls State Park","","","18,000 acres in Baltimore and Harford Counties","","231780","1","","","","Public - state","94.9'","Clinometer/laser rangefinder/sine","4.9'","59''","","","George Fieo","2016-11-20","http%3A%2F%2Fwww.ents-bbs.org%2Fviewtopic.php%3Ff%3D85%26t%3D8747%26sid%3D97ab2f9c9694ae17b9e495f826350141","N"
"Blackgum","Nyssa sylvatica","Maryland","Harford","Gunpowder Falls State Park","","","18,000 acres in Baltimore and Harford Counties","","231781","1","","","","Public - state","101.8'","Clinometer/laser rangefinder/sine","6.3'","76''","","","George Fieo","2016-11-20","http%3A%2F%2Fwww.ents-bbs.org%2Fviewtopic.php%3Ff%3D85%26t%3D8747%26sid%3D97ab2f9c9694ae17b9e495f826350141","N"
"Chestnut Oak","Quercus montana","Maryland","Harford","Gunpowder Falls State Park","","","18,000 acres in Baltimore and Harford Counties","","231791","1","","","","Public - state","101.4'","Clinometer/laser rangefinder/sine","10.3'","123''","","","George Fieo","2016-11-20","http%3A%2F%2Fwww.ents-bbs.org%2Fviewtopic.php%3Ff%3D85%26t%3D8747%26sid%3D97ab2f9c9694ae17b9e495f826350141","N"
"Chestnut Oak","Quercus montana","Maryland","Harford","Gunpowder Falls State Park","","","18,000 acres in Baltimore and Harford Counties","","231792","1","","","","Public - state","120.5'","Clinometer/laser rangefinder/sine","7.5'","90''","","","George Fieo","2016-11-20","http%3A%2F%2Fwww.ents-bbs.org%2Fviewtopic.php%3Ff%3D85%26t%3D8747%26sid%3D97ab2f9c9694ae17b9e495f826350141","N"
"Chestnut Oak","Quercus montana","Maryland","Harford","Gunpowder Falls State Park","","","18,000 acres in Baltimore and Harford Counties","","231793","1","","","","Public - state","125.1'","Clinometer/laser rangefinder/sine","7.7'","92''","","","George Fieo","2016-11-20","http%3A%2F%2Fwww.ents-bbs.org%2Fviewtopic.php%3Ff%3D85%26t%3D8747%26sid%3D97ab2f9c9694ae17b9e495f826350141","N"
"Chestnut Oak","Quercus montana","Maryland","Harford","Gunpowder Falls State Park","","","18,000 acres in Baltimore and Harford Counties","","231794","1","","","","Public - state","130.0'","Clinometer/laser rangefinder/sine","5.4'","65''","","","George Fieo","2016-11-20","http%3A%2F%2Fwww.ents-bbs.org%2Fviewtopic.php%3Ff%3D85%26t%3D8747%26sid%3D97ab2f9c9694ae17b9e495f826350141","N"
"Common Persimmon","Diospyros virginiana","Maryland","Harford","Gunpowder Falls State Park","","","18,000 acres in Baltimore and Harford Counties","","231795","1","","","","Public - state","112.7'","Clinometer/laser rangefinder/sine","3.3'","40''","","","George Fieo","2016-11-20","http%3A%2F%2Fwww.ents-bbs.org%2Fviewtopic.php%3Ff%3D85%26t%3D8747%26sid%3D97ab2f9c9694ae17b9e495f826350141","N"
"Hophornbeam","Ostrya virginiana","Maryland","Harford","Gunpowder Falls State Park","","","18,000 acres in Baltimore and Harford Counties","","231796","1","","","","Public - state","57.6'","Clinometer/laser rangefinder/sine","2.3'","27''","","","George Fieo","2016-11-20","http%3A%2F%2Fwww.ents-bbs.org%2Fviewtopic.php%3Ff%3D85%26t%3D8747%26sid%3D97ab2f9c9694ae17b9e495f826350141","N"
"Hophornbeam","Ostrya virginiana","Maryland","Harford","Gunpowder Falls State Park","","","18,000 acres in Baltimore and Harford Counties","","231797","1","","","","Public - state","58.6'","Clinometer/laser rangefinder/sine","2.1'","25''","","","George Fieo","2016-11-20","http%3A%2F%2Fwww.ents-bbs.org%2Fviewtopic.php%3Ff%3D85%26t%3D8747%26sid%3D97ab2f9c9694ae17b9e495f826350141","N"
"Hophornbeam","Ostrya virginiana","Maryland","Harford","Gunpowder Falls State Park","","","18,000 acres in Baltimore and Harford Counties","","231798","1","","","","Public - state","63.6'","Clinometer/laser rangefinder/sine","2.3'","28''","","","George Fieo","2016-11-20","http%3A%2F%2Fwww.ents-bbs.org%2Fviewtopic.php%3Ff%3D85%26t%3D8747%26sid%3D97ab2f9c9694ae17b9e495f826350141","N"
"Mockernut Hickory","Carya tomentosa","Maryland","Harford","Gunpowder Falls State Park","","","18,000 acres in Baltimore and Harford Counties","","231799","1","","","","Public - state","122.7'","Clinometer/laser rangefinder/sine","5.3'","64''","","","George Fieo","2016-11-20","http%3A%2F%2Fwww.ents-bbs.org%2Fviewtopic.php%3Ff%3D85%26t%3D8747%26sid%3D97ab2f9c9694ae17b9e495f826350141","N"
"Mockernut Hickory","Carya tomentosa","Maryland","Harford","Gunpowder Falls State Park","","","18,000 acres in Baltimore and Harford Counties","","231800","1","","","","Public - state","123.3'","Clinometer/laser rangefinder/sine","4.8'","58''","","","George Fieo","2016-11-20","http%3A%2F%2Fwww.ents-bbs.org%2Fviewtopic.php%3Ff%3D85%26t%3D8747%26sid%3D97ab2f9c9694ae17b9e495f826350141","N"
"Northern Red Oak","Quercus rubra","Maryland","Harford","Gunpowder Falls State Park","","","18,000 acres in Baltimore and Harford Counties","","231806","1","","","","Public - state","11.5'","Clinometer/laser rangefinder/sine","9.8'","118''","","","George Fieo","2016-11-20","http%3A%2F%2Fwww.ents-bbs.org%2Fviewtopic.php%3Ff%3D85%26t%3D8747%26sid%3D97ab2f9c9694ae17b9e495f826350141","N"
"Northern Red Oak","Quercus rubra","Maryland","Harford","Gunpowder Falls State Park","","","18,000 acres in Baltimore and Harford Counties","","231801","1","","","","Public - state","131.1'","Clinometer/laser rangefinder/sine","11.7'","140''","","","George Fieo","2016-11-20","http%3A%2F%2Fwww.ents-bbs.org%2Fviewtopic.php%3Ff%3D85%26t%3D8747%26sid%3D97ab2f9c9694ae17b9e495f826350141","N"
"Northern Red Oak","Quercus rubra","Maryland","Harford","Gunpowder Falls State Park","","","18,000 acres in Baltimore and Harford Counties","","231802","1","","","","Public - state","131.3'","Clinometer/laser rangefinder/sine","5.8'","70''","","","George Fieo","2016-11-20","http%3A%2F%2Fwww.ents-bbs.org%2Fviewtopic.php%3Ff%3D85%26t%3D8747%26sid%3D97ab2f9c9694ae17b9e495f826350141","N"
"Northern Red Oak","Quercus rubra","Maryland","Harford","Gunpowder Falls State Park","","","18,000 acres in Baltimore and Harford Counties","","231803","1","","","","Public - state","133.5'","Clinometer/laser rangefinder/sine","9.6'","115''","","","George Fieo","2016-11-20","http%3A%2F%2Fwww.ents-bbs.org%2Fviewtopic.php%3Ff%3D85%26t%3D8747%26sid%3D97ab2f9c9694ae17b9e495f826350141","N"
"Northern Red Oak","Quercus rubra","Maryland","Harford","Gunpowder Falls State Park","","","18,000 acres in Baltimore and Harford Counties","","231804","1","","","","Public - state","135.0'","Clinometer/laser rangefinder/sine","10.8'","130''","","","George Fieo","2016-11-20","http%3A%2F%2Fwww.ents-bbs.org%2Fviewtopic.php%3Ff%3D85%26t%3D8747%26sid%3D97ab2f9c9694ae17b9e495f826350141","N"
"Northern Red Oak","Quercus rubra","Maryland","Harford","Gunpowder Falls State Park","","","18,000 acres in Baltimore and Harford Counties","","231805","1","","","","Public - state","135.3'","Clinometer/laser rangefinder/sine","10.3'","124''","","","George Fieo","2016-11-20","http%3A%2F%2Fwww.ents-bbs.org%2Fviewtopic.php%3Ff%3D85%26t%3D8747%26sid%3D97ab2f9c9694ae17b9e495f826350141","N"
"Northern Red Oak","Quercus rubra","Maryland","Harford","Gunpowder Falls State Park","","","18,000 acres in Baltimore and Harford Counties","","231807","1","","","","Public - state","139.3'","Clinometer/laser rangefinder/sine","7.9'","95''","","","George Fieo","2016-11-20","http%3A%2F%2Fwww.ents-bbs.org%2Fviewtopic.php%3Ff%3D85%26t%3D8747%26sid%3D97ab2f9c9694ae17b9e495f826350141","N"
"Northern Red Oak","Quercus rubra","Maryland","Harford","Gunpowder Falls State Park","","","18,000 acres in Baltimore and Harford Counties","","231808","1","","","","Public - state","141.7'","Clinometer/laser rangefinder/sine","8.8'","106''","","","George Fieo","2016-11-20","http%3A%2F%2Fwww.ents-bbs.org%2Fviewtopic.php%3Ff%3D85%26t%3D8747%26sid%3D97ab2f9c9694ae17b9e495f826350141","N"
"Pawpaw","Asimina triloba","Maryland","Harford","Gunpowder Falls State Park","","","18,000 acres in Baltimore and Harford Counties","","231809","1","","","","Public - state","34.8'","Clinometer/laser rangefinder/sine","1.2'","14''","","","George Fieo","2016-11-20","http%3A%2F%2Fwww.ents-bbs.org%2Fviewtopic.php%3Ff%3D85%26t%3D8747%26sid%3D97ab2f9c9694ae17b9e495f826350141","N"
"Pignut Hickory","Carya glabra","Maryland","Harford","Gunpowder Falls State Park","","","18,000 acres in Baltimore and Harford Counties","","231810","1","","","","Public - state","120.8'","Clinometer/laser rangefinder/sine","8.7'","104''","","","George Fieo","2016-11-20","http%3A%2F%2Fwww.ents-bbs.org%2Fviewtopic.php%3Ff%3D85%26t%3D8747%26sid%3D97ab2f9c9694ae17b9e495f826350141","N"
"Pignut Hickory","Carya glabra","Maryland","Harford","Gunpowder Falls State Park","","","18,000 acres in Baltimore and Harford Counties","","231811","1","","","","Public - state","125.9'","Clinometer/laser rangefinder/sine","5.9'","71''","","","George Fieo","2016-11-20","http%3A%2F%2Fwww.ents-bbs.org%2Fviewtopic.php%3Ff%3D85%26t%3D8747%26sid%3D97ab2f9c9694ae17b9e495f826350141","N"
"Pignut Hickory","Carya glabra","Maryland","Harford","Gunpowder Falls State Park","","","18,000 acres in Baltimore and Harford Counties","","231812","1","","","","Public - state","138.4'","Clinometer/laser rangefinder/sine","8.6'","103''","","","George Fieo","2016-11-20","http%3A%2F%2Fwww.ents-bbs.org%2Fviewtopic.php%3Ff%3D85%26t%3D8747%26sid%3D97ab2f9c9694ae17b9e495f826350141","N"
"Pignut Hickory","Carya glabra","Maryland","Harford","Gunpowder Falls State Park","","","18,000 acres in Baltimore and Harford Counties","","231813","1","","","","Public - state","141.7'","Clinometer/laser rangefinder/sine","6.7'","80''","","","George Fieo","2016-11-20","http%3A%2F%2Fwww.ents-bbs.org%2Fviewtopic.php%3Ff%3D85%26t%3D8747%26sid%3D97ab2f9c9694ae17b9e495f826350141","N"
"Quaking Aspen","Populus tremuloides","Maryland","Harford","Gunpowder Falls State Park","","","18,000 acres in Baltimore and Harford Counties","","231814","1","","","","Public - state","95.5'","Clinometer/laser rangefinder/sine","5.1'","61''","","","George Fieo","2016-11-20","http%3A%2F%2Fwww.ents-bbs.org%2Fviewtopic.php%3Ff%3D85%26t%3D8747%26sid%3D97ab2f9c9694ae17b9e495f826350141","N"
"Red Maple","Acer rubrum","Maryland","Harford","Gunpowder Falls State Park","","","18,000 acres in Baltimore and Harford Counties","","231815","1","","","","Public - state","8.9'","Clinometer/laser rangefinder/sine","4.5'","54''","","","George Fieo","2016-11-20","http%3A%2F%2Fwww.ents-bbs.org%2Fviewtopic.php%3Ff%3D85%26t%3D8747%26sid%3D97ab2f9c9694ae17b9e495f826350141","N"
"Red Maple","Acer rubrum","Maryland","Harford","Gunpowder Falls State Park","","","18,000 acres in Baltimore and Harford Counties","","231816","1","","","","Public - state","107.2'","Clinometer/laser rangefinder/sine","5.1'","61''","","","George Fieo","2016-11-20","http%3A%2F%2Fwww.ents-bbs.org%2Fviewtopic.php%3Ff%3D85%26t%3D8747%26sid%3D97ab2f9c9694ae17b9e495f826350141","N"
"Sassafras","Sassafras albidum","Maryland","Harford","Gunpowder Falls State Park","","","18,000 acres in Baltimore and Harford Counties","","231818","1","","","","Public - state","98.2'","Clinometer/laser rangefinder/sine","4.3'","51''","","","George Fieo","2016-11-20","http%3A%2F%2Fwww.ents-bbs.org%2Fviewtopic.php%3Ff%3D85%26t%3D8747%26sid%3D97ab2f9c9694ae17b9e495f826350141","N"
"Sassafras","Sassafras albidum","Maryland","Harford","Gunpowder Falls State Park","","","18,000 acres in Baltimore and Harford Counties","","231817","1","","","","Public - state","98.3'","Clinometer/laser rangefinder/sine","4.8'","58''","","","George Fieo","2016-11-20","http%3A%2F%2Fwww.ents-bbs.org%2Fviewtopic.php%3Ff%3D85%26t%3D8747%26sid%3D97ab2f9c9694ae17b9e495f826350141","N"
"Scarlet Oak","Quercus coccinea var. coccinea","Maryland","Harford","Gunpowder Falls State Park","","","18,000 acres in Baltimore and Harford Counties","","231819","1","","","","Public - state","112.3'","Clinometer/laser rangefinder/sine","9.0'","108''","","","George Fieo","2016-11-20","http%3A%2F%2Fwww.ents-bbs.org%2Fviewtopic.php%3Ff%3D85%26t%3D8747%26sid%3D97ab2f9c9694ae17b9e495f826350141","N"
"Scarlet Oak","Quercus coccinea var. coccinea","Maryland","Harford","Gunpowder Falls State Park","","","18,000 acres in Baltimore and Harford Counties","","231820","1","","","","Public - state","115.4'","Clinometer/laser rangefinder/sine","8.5'","102''","","","George Fieo","2016-11-20","http%3A%2F%2Fwww.ents-bbs.org%2Fviewtopic.php%3Ff%3D85%26t%3D8747%26sid%3D97ab2f9c9694ae17b9e495f826350141","N"
"Slippery Elm","Ulmus rubra","Maryland","Harford","Gunpowder Falls State Park","","","18,000 acres in Baltimore and Harford Counties","","231821","1","","","","Public - state","104.3'","Clinometer/laser rangefinder/sine","6.7'","80''","","","George Fieo","2016-11-20","http%3A%2F%2Fwww.ents-bbs.org%2Fviewtopic.php%3Ff%3D85%26t%3D8747%26sid%3D97ab2f9c9694ae17b9e495f826350141","N"
"Slippery Elm","Ulmus rubra","Maryland","Harford","Gunpowder Falls State Park","","","18,000 acres in Baltimore and Harford Counties","","231822","1","","","","Public - state","116.4'","Clinometer/laser rangefinder/sine","6.8'","82''","","","George Fieo","2016-11-20","http%3A%2F%2Fwww.ents-bbs.org%2Fviewtopic.php%3Ff%3D85%26t%3D8747%26sid%3D97ab2f9c9694ae17b9e495f826350141","N"
"Tuliptree","Liriodendron tulipifera","Maryland","Harford","Gunpowder Falls State Park","","","18,000 acres in Baltimore and Harford Counties","","231834","1","","","","Public - state","147.4'","Clinometer/laser rangefinder/sine","12.0'","144''","","","George Fieo","2016-11-20","http%3A%2F%2Fwww.ents-bbs.org%2Fviewtopic.php%3Ff%3D85%26t%3D8747%26sid%3D97ab2f9c9694ae17b9e495f826350141","N"
"Tuliptree","Liriodendron tulipifera","Maryland","Harford","Gunpowder Falls State Park","","","18,000 acres in Baltimore and Harford Counties","","231835","1","","","","Public - state","149.3'","Clinometer/laser rangefinder/sine","12.5'","150''","","","George Fieo","2016-11-20","http%3A%2F%2Fwww.ents-bbs.org%2Fviewtopic.php%3Ff%3D85%26t%3D8747%26sid%3D97ab2f9c9694ae17b9e495f826350141","N"
"Tuliptree","Liriodendron tulipifera","Maryland","Harford","Gunpowder Falls State Park","","","18,000 acres in Baltimore and Harford Counties","","231823","1","","","","Public - state","150.2'","Clinometer/laser rangefinder/sine","8.2'","98''","","","George Fieo","2016-11-20","http%3A%2F%2Fwww.ents-bbs.org%2Fviewtopic.php%3Ff%3D85%26t%3D8747%26sid%3D97ab2f9c9694ae17b9e495f826350141","N"
"Tuliptree","Liriodendron tulipifera","Maryland","Harford","Gunpowder Falls State Park","","","18,000 acres in Baltimore and Harford Counties","","231824","1","","","","Public - state","150.8'","Clinometer/laser rangefinder/sine","7.8'","93''","","","George Fieo","2016-11-20","http%3A%2F%2Fwww.ents-bbs.org%2Fviewtopic.php%3Ff%3D85%26t%3D8747%26sid%3D97ab2f9c9694ae17b9e495f826350141","N"
"Tuliptree","Liriodendron tulipifera","Maryland","Harford","Gunpowder Falls State Park","","","18,000 acres in Baltimore and Harford Counties","","231825","1","","","","Public - state","151.7'","Clinometer/laser rangefinder/sine","8.8'","106''","","","George Fieo","2016-11-20","http%3A%2F%2Fwww.ents-bbs.org%2Fviewtopic.php%3Ff%3D85%26t%3D8747%26sid%3D97ab2f9c9694ae17b9e495f826350141","N"
"Tuliptree","Liriodendron tulipifera","Maryland","Harford","Gunpowder Falls State Park","","","18,000 acres in Baltimore and Harford Counties","","231826","1","","","","Public - state","152.0'","Clinometer/laser rangefinder/sine","10.8'","130''","","","George Fieo","2016-11-20","http%3A%2F%2Fwww.ents-bbs.org%2Fviewtopic.php%3Ff%3D85%26t%3D8747%26sid%3D97ab2f9c9694ae17b9e495f826350141","N"
"Tuliptree","Liriodendron tulipifera","Maryland","Harford","Gunpowder Falls State Park","","","18,000 acres in Baltimore and Harford Counties","","231827","1","","","","Public - state","152.6'","Clinometer/laser rangefinder/sine","10.1'","121''","","","George Fieo","2016-11-20","http%3A%2F%2Fwww.ents-bbs.org%2Fviewtopic.php%3Ff%3D85%26t%3D8747%26sid%3D97ab2f9c9694ae17b9e495f826350141","N"
"Tuliptree","Liriodendron tulipifera","Maryland","Harford","Gunpowder Falls State Park","","","18,000 acres in Baltimore and Harford Counties","","231828","1","","","","Public - state","155.6'","Clinometer/laser rangefinder/sine","8.2'","98''","","","George Fieo","2016-11-20","http%3A%2F%2Fwww.ents-bbs.org%2Fviewtopic.php%3Ff%3D85%26t%3D8747%26sid%3D97ab2f9c9694ae17b9e495f826350141","N"
"Tuliptree","Liriodendron tulipifera","Maryland","Harford","Gunpowder Falls State Park","","","18,000 acres in Baltimore and Harford Counties","","231836","1","","","","Public - state","155.6'","Clinometer/laser rangefinder/sine","14.2'","170''","","","George Fieo","2016-11-20","http%3A%2F%2Fwww.ents-bbs.org%2Fviewtopic.php%3Ff%3D85%26t%3D8747%26sid%3D97ab2f9c9694ae17b9e495f826350141","N"
"Tuliptree","Liriodendron tulipifera","Maryland","Harford","Gunpowder Falls State Park","","","18,000 acres in Baltimore and Harford Counties","","231829","1","","","","Public - state","155.7'","Clinometer/laser rangefinder/sine","9.6'","115''","","","George Fieo","2016-11-20","http%3A%2F%2Fwww.ents-bbs.org%2Fviewtopic.php%3Ff%3D85%26t%3D8747%26sid%3D97ab2f9c9694ae17b9e495f826350141","N"
"Tuliptree","Liriodendron tulipifera","Maryland","Harford","Gunpowder Falls State Park","","","18,000 acres in Baltimore and Harford Counties","","231831","1","","","","Public - state","155.9'","Clinometer/laser rangefinder/sine","9.9'","119''","","","George Fieo","2016-11-20","http%3A%2F%2Fwww.ents-bbs.org%2Fviewtopic.php%3Ff%3D85%26t%3D8747%26sid%3D97ab2f9c9694ae17b9e495f826350141","N"
"Tuliptree","Liriodendron tulipifera","Maryland","Harford","Gunpowder Falls State Park","","","18,000 acres in Baltimore and Harford Counties","","231830","1","","","","Public - state","156.7'","Clinometer/laser rangefinder/sine","11.5'","138''","","","George Fieo","2016-11-20","http%3A%2F%2Fwww.ents-bbs.org%2Fviewtopic.php%3Ff%3D85%26t%3D8747%26sid%3D97ab2f9c9694ae17b9e495f826350141","N"
"Tuliptree","Liriodendron tulipifera","Maryland","Harford","Gunpowder Falls State Park","","","18,000 acres in Baltimore and Harford Counties","","231832","1","","","","Public - state","157.2'","Clinometer/laser rangefinder/sine","11.3'","135''","","","George Fieo","2016-11-20","http%3A%2F%2Fwww.ents-bbs.org%2Fviewtopic.php%3Ff%3D85%26t%3D8747%26sid%3D97ab2f9c9694ae17b9e495f826350141","N"
"Tuliptree","Liriodendron tulipifera","Maryland","Harford","Gunpowder Falls State Park","","","18,000 acres in Baltimore and Harford Counties","","231833","1","","","","Public - state","159.3'","Clinometer/laser rangefinder/sine","8.9'","107''","","","George Fieo","2016-11-20","http%3A%2F%2Fwww.ents-bbs.org%2Fviewtopic.php%3Ff%3D85%26t%3D8747%26sid%3D97ab2f9c9694ae17b9e495f826350141","N"
"White Ash","Fraxinus americana","Maryland","Harford","Gunpowder Falls State Park","","","18,000 acres in Baltimore and Harford Counties","","231839","1","","","","Public - state","11.3'","Clinometer/laser rangefinder/sine","8.3'","100''","","","George Fieo","2016-11-20","http%3A%2F%2Fwww.ents-bbs.org%2Fviewtopic.php%3Ff%3D85%26t%3D8747%26sid%3D97ab2f9c9694ae17b9e495f826350141","N"
"White Ash","Fraxinus americana","Maryland","Harford","Gunpowder Falls State Park","","","18,000 acres in Baltimore and Harford Counties","","231837","1","","","","Public - state","128.3'","Clinometer/laser rangefinder/sine","9.1'","109''","","","George Fieo","2016-11-20","http%3A%2F%2Fwww.ents-bbs.org%2Fviewtopic.php%3Ff%3D85%26t%3D8747%26sid%3D97ab2f9c9694ae17b9e495f826350141","N"
"White Ash","Fraxinus americana","Maryland","Harford","Gunpowder Falls State Park","","","18,000 acres in Baltimore and Harford Counties","","231838","1","","","","Public - state","130.2'","Clinometer/laser rangefinder/sine","7.2'","86''","","","George Fieo","2016-11-20","http%3A%2F%2Fwww.ents-bbs.org%2Fviewtopic.php%3Ff%3D85%26t%3D8747%26sid%3D97ab2f9c9694ae17b9e495f826350141","N"
"White Oak","Quercus alba","Maryland","Harford","Gunpowder Falls State Park","","","18,000 acres in Baltimore and Harford Counties","","231840","1","","","","Public - state","119.0'","Clinometer/laser rangefinder/sine","9.9'","119''","","","George Fieo","2016-11-20","http%3A%2F%2Fwww.ents-bbs.org%2Fviewtopic.php%3Ff%3D85%26t%3D8747%26sid%3D97ab2f9c9694ae17b9e495f826350141","N"
"White Oak","Quercus alba","Maryland","Harford","Gunpowder Falls State Park","","","18,000 acres in Baltimore and Harford Counties","","231841","1","","","","Public - state","121.9'","Clinometer/laser rangefinder/sine","9.7'","116''","","","George Fieo","2016-11-20","http%3A%2F%2Fwww.ents-bbs.org%2Fviewtopic.php%3Ff%3D85%26t%3D8747%26sid%3D97ab2f9c9694ae17b9e495f826350141","N"
"White Oak","Quercus alba","Maryland","Harford","Gunpowder Falls State Park","","","18,000 acres in Baltimore and Harford Counties","","231842","1","","","","Public - state","126.5'","Clinometer/laser rangefinder/sine","7.6'","91''","","","George Fieo","2016-11-20","http%3A%2F%2Fwww.ents-bbs.org%2Fviewtopic.php%3Ff%3D85%26t%3D8747%26sid%3D97ab2f9c9694ae17b9e495f826350141","N"
"American Basswood","Tilia americana","Maryland","Howard","Avalon Section Of Patapsco Valley State Park","","","16,043 acres in Baltimore and Howard Counties
Trees were measured in the Avalon and Orange Grove section of the park","","230994","1","","","","Public - state park","94.0'","Clinometer/laser rangefinder/sine","6.9'","82''","","","George Fieo","2017-12-15","http%3A%2F%2Fwww.ents-bbs.org%2Fviewtopic.php%3Ff%3D85%26t%3D8745%26sid%3D0f283f6872d048235790bc6c09610d80%23p44618","N"
"American Basswood","Tilia americana","Maryland","Howard","Avalon Section Of Patapsco Valley State Park","","","16,043 acres in Baltimore and Howard Counties
Trees were measured in the Avalon and Orange Grove section of the park","","230995","1","","","","Public - state park","109.4'","Clinometer/laser rangefinder/sine","10.2'","122''","","","George Fieo","2017-12-15","http%3A%2F%2Fwww.ents-bbs.org%2Fviewtopic.php%3Ff%3D85%26t%3D8745%26sid%3D0f283f6872d048235790bc6c09610d80%23p44618","N"
"American Beech","Fagus grandifolia","Maryland","Howard","Avalon Section Of Patapsco Valley State Park","","","16,043 acres in Baltimore and Howard Counties
Trees were measured in the Avalon and Orange Grove section of the park","","230996","1","","","","Public - state park","111.5'","Clinometer/laser rangefinder/sine","11.1'","133''","","","George Fieo","2017-12-15","http%3A%2F%2Fwww.ents-bbs.org%2Fviewtopic.php%3Ff%3D85%26t%3D8745%26sid%3D0f283f6872d048235790bc6c09610d80%23p44618","N"
"American Beech","Fagus grandifolia","Maryland","Howard","Avalon Section Of Patapsco Valley State Park","","","16,043 acres in Baltimore and Howard Counties
Trees were measured in the Avalon and Orange Grove section of the park","","230997","1","","","","Public - state park","113.3'","Clinometer/laser rangefinder/sine","10.3'","124''","","","George Fieo","2017-12-15","http%3A%2F%2Fwww.ents-bbs.org%2Fviewtopic.php%3Ff%3D85%26t%3D8745%26sid%3D0f283f6872d048235790bc6c09610d80%23p44618","N"
"American Hornbeam","Carpinus caroliniana ssp. virginiana","Maryland","Howard","Avalon Section Of Patapsco Valley State Park","","","16,043 acres in Baltimore and Howard Counties
Trees were measured in the Avalon and Orange Grove section of the park","","230998","1","","","","Public - state park","36.4'","Clinometer/laser rangefinder/sine","1.5'","18''","","","George Fieo","2017-12-15","http%3A%2F%2Fwww.ents-bbs.org%2Fviewtopic.php%3Ff%3D85%26t%3D8745%26sid%3D0f283f6872d048235790bc6c09610d80%23p44618","N"
"American Sycamore","Platanus occidentalis","Maryland","Howard","Avalon Section Of Patapsco Valley State Park","","","16,043 acres in Baltimore and Howard Counties
Trees were measured in the Avalon and Orange Grove section of the park","","230927","1","","","","Public - state park","","","14.8'","178''","","","Matthew Hannum","2007-04-29","http%3A%2F%2Fwww.ents-bbs.org%2Fviewtopic.php%3Ff%3D85%26t%3D8745%26sid%3D0f283f6872d048235790bc6c09610d80%23p44618","N"
"American Sycamore","Platanus occidentalis","Maryland","Howard","Avalon Section Of Patapsco Valley State Park","","","16,043 acres in Baltimore and Howard Counties
Trees were measured in the Avalon and Orange Grove section of the park","","230928","1","","","","Public - state park","","","8.1'","97''","","","Matthew Hannum","2007-04-29","http%3A%2F%2Fwww.ents-bbs.org%2Fviewtopic.php%3Ff%3D85%26t%3D8745%26sid%3D0f283f6872d048235790bc6c09610d80%23p44618","N"
"American Sycamore","Platanus occidentalis","Maryland","Howard","Avalon Section Of Patapsco Valley State Park","","","16,043 acres in Baltimore and Howard Counties
Trees were measured in the Avalon and Orange Grove section of the park","","230929","1","","","","Public - state park","","","9.5'","114''","","","Matthew Hannum","2007-04-29","http%3A%2F%2Fwww.ents-bbs.org%2Fviewtopic.php%3Ff%3D85%26t%3D8745%26sid%3D0f283f6872d048235790bc6c09610d80%23p44618","N"
"American Sycamore","Platanus occidentalis","Maryland","Howard","Avalon Section Of Patapsco Valley State Park","","","16,043 acres in Baltimore and Howard Counties
Trees were measured in the Avalon and Orange Grove section of the park","","230999","1","","","","Public - state park","132.4'","Clinometer/laser rangefinder/sine","6.4'","77''","","","George Fieo","2017-12-15","http%3A%2F%2Fwww.ents-bbs.org%2Fviewtopic.php%3Ff%3D85%26t%3D8745%26sid%3D0f283f6872d048235790bc6c09610d80%23p44618","N"
"American Sycamore","Platanus occidentalis","Maryland","Howard","Avalon Section Of Patapsco Valley State Park","","","16,043 acres in Baltimore and Howard Counties
Trees were measured in the Avalon and Orange Grove section of the park","","231000","1","","","","Public - state park","138.0'","Clinometer/laser rangefinder/sine","5.3'","64''","","","George Fieo","2017-12-15","http%3A%2F%2Fwww.ents-bbs.org%2Fviewtopic.php%3Ff%3D85%26t%3D8745%26sid%3D0f283f6872d048235790bc6c09610d80%23p44618","N"
"American Sycamore","Platanus occidentalis","Maryland","Howard","Avalon Section Of Patapsco Valley State Park","","","16,043 acres in Baltimore and Howard Counties
Trees were measured in the Avalon and Orange Grove section of the park","","231052","1","","","","Public - state park","142.1'","Clinometer/laser rangefinder/sine","15.2'","182''","130.0'","Crown spread is maximum.","George Fieo","2017-12-15","http%3A%2F%2Fwww.ents-bbs.org%2Fviewtopic.php%3Ff%3D85%26t%3D8745%26sid%3D0f283f6872d048235790bc6c09610d80%23p44618","N"
"American Sycamore","Platanus occidentalis","Maryland","Howard","Avalon Section Of Patapsco Valley State Park","","","16,043 acres in Baltimore and Howard Counties
Trees were measured in the Avalon and Orange Grove section of the park","","231001","1","","","","Public - state park","144.9'","Clinometer/laser rangefinder/sine","8.0'","95''","","","George Fieo","2017-12-15","http%3A%2F%2Fwww.ents-bbs.org%2Fviewtopic.php%3Ff%3D85%26t%3D8745%26sid%3D0f283f6872d048235790bc6c09610d80%23p44618","N"
"American Sycamore","Platanus occidentalis","Maryland","Howard","Avalon Section Of Patapsco Valley State Park","","","16,043 acres in Baltimore and Howard Counties
Trees were measured in the Avalon and Orange Grove section of the park","","231002","1","","","","Public - state park","147.6'","Clinometer/laser rangefinder/sine","","","","","George Fieo","2017-12-15","http%3A%2F%2Fwww.ents-bbs.org%2Fviewtopic.php%3Ff%3D85%26t%3D8745%26sid%3D0f283f6872d048235790bc6c09610d80%23p44618","N"
"Bald Cypress","Taxodium distichum","Maryland","Howard","Avalon Section Of Patapsco Valley State Park","","","16,043 acres in Baltimore and Howard Counties
Trees were measured in the Avalon and Orange Grove section of the park","","231003","1","","","","Public - state park","112.3'","Clinometer/laser rangefinder/sine","7.8'","93''","","","George Fieo","2017-12-15","http%3A%2F%2Fwww.ents-bbs.org%2Fviewtopic.php%3Ff%3D85%26t%3D8745%26sid%3D0f283f6872d048235790bc6c09610d80%23p44618","N"
"Bald Cypress","Taxodium distichum","Maryland","Howard","Avalon Section Of Patapsco Valley State Park","","","16,043 acres in Baltimore and Howard Counties
Trees were measured in the Avalon and Orange Grove section of the park","","231004","1","","","","Public - state park","116.1'","Clinometer/laser rangefinder/sine","6.3'","75''","","","George Fieo","2017-12-15","http%3A%2F%2Fwww.ents-bbs.org%2Fviewtopic.php%3Ff%3D85%26t%3D8745%26sid%3D0f283f6872d048235790bc6c09610d80%23p44618","N"
"Bitternut Hickory","Carya cordiformis","Maryland","Howard","Avalon Section Of Patapsco Valley State Park","","","16,043 acres in Baltimore and Howard Counties
Trees were measured in the Avalon and Orange Grove section of the park","","231006","1","","","","Public - state park","132.8'","Clinometer/laser rangefinder/sine","6.6'","79''","","","George Fieo","2017-12-15","http%3A%2F%2Fwww.ents-bbs.org%2Fviewtopic.php%3Ff%3D85%26t%3D8745%26sid%3D0f283f6872d048235790bc6c09610d80%23p44618","N"
"Bitternut Hickory","Carya cordiformis","Maryland","Howard","Avalon Section Of Patapsco Valley State Park","","","16,043 acres in Baltimore and Howard Counties
Trees were measured in the Avalon and Orange Grove section of the park","","231005","1","","","","Public - state park","135.2'","Clinometer/laser rangefinder/sine","","","","","George Fieo","2017-12-15","http%3A%2F%2Fwww.ents-bbs.org%2Fviewtopic.php%3Ff%3D85%26t%3D8745%26sid%3D0f283f6872d048235790bc6c09610d80%23p44618","N"
"Black Locust","Robinia pseudoacacia","Maryland","Howard","Avalon Section Of Patapsco Valley State Park","","","16,043 acres in Baltimore and Howard Counties
Trees were measured in the Avalon and Orange Grove section of the park","","230930","1","","","","Public - state park","","","4.9'","59''","","","Matthew Hannum","2007-04-29","http%3A%2F%2Fwww.ents-bbs.org%2Fviewtopic.php%3Ff%3D85%26t%3D8745%26sid%3D0f283f6872d048235790bc6c09610d80%23p44618","N"
"Black Locust","Robinia pseudoacacia","Maryland","Howard","Avalon Section Of Patapsco Valley State Park","","","16,043 acres in Baltimore and Howard Counties
Trees were measured in the Avalon and Orange Grove section of the park","","230943","1","","","","Public - state park","","","7.6'","91''","","","Matthew Hannum","2007-04-29","http%3A%2F%2Fwww.ents-bbs.org%2Fviewtopic.php%3Ff%3D85%26t%3D8745%26sid%3D0f283f6872d048235790bc6c09610d80%23p44618","N"
"Black Oak","Quercus velutina","Maryland","Howard","Avalon Section Of Patapsco Valley State Park","","","16,043 acres in Baltimore and Howard Counties
Trees were measured in the Avalon and Orange Grove section of the park","","231009","1","","","","Public - state park","108.7'","Clinometer/laser rangefinder/sine","9.2'","110''","","","George Fieo","2017-12-15","http%3A%2F%2Fwww.ents-bbs.org%2Fviewtopic.php%3Ff%3D85%26t%3D8745%26sid%3D0f283f6872d048235790bc6c09610d80%23p44618","N"
"Black Oak","Quercus velutina","Maryland","Howard","Avalon Section Of Patapsco Valley State Park","","","16,043 acres in Baltimore and Howard Counties
Trees were measured in the Avalon and Orange Grove section of the park","","231010","1","","","","Public - state park","113.3'","Clinometer/laser rangefinder/sine","10.6'","127''","","","George Fieo","2017-12-15","http%3A%2F%2Fwww.ents-bbs.org%2Fviewtopic.php%3Ff%3D85%26t%3D8745%26sid%3D0f283f6872d048235790bc6c09610d80%23p44618","N"
"Black Walnut","Juglans nigra","Maryland","Howard","Avalon Section Of Patapsco Valley State Park","","","16,043 acres in Baltimore and Howard Counties
Trees were measured in the Avalon and Orange Grove section of the park","","231011","1","","","","Public - state park","125.7'","Clinometer/laser rangefinder/sine","7.9'","95''","","","George Fieo","2017-12-15","http%3A%2F%2Fwww.ents-bbs.org%2Fviewtopic.php%3Ff%3D85%26t%3D8745%26sid%3D0f283f6872d048235790bc6c09610d80%23p44618","N"
"Blackgum","Nyssa sylvatica","Maryland","Howard","Avalon Section Of Patapsco Valley State Park","","","16,043 acres in Baltimore and Howard Counties
Trees were measured in the Avalon and Orange Grove section of the park","","231007","1","","","","Public - state park","101.4'","Clinometer/laser rangefinder/sine","7.1'","85''","","","George Fieo","2017-12-15","http%3A%2F%2Fwww.ents-bbs.org%2Fviewtopic.php%3Ff%3D85%26t%3D8745%26sid%3D0f283f6872d048235790bc6c09610d80%23p44618","N"
"Blackgum","Nyssa sylvatica","Maryland","Howard","Avalon Section Of Patapsco Valley State Park","","","16,043 acres in Baltimore and Howard Counties
Trees were measured in the Avalon and Orange Grove section of the park","","231008","1","","","","Public - state park","103.2'","Clinometer/laser rangefinder/sine","7.5'","90''","","","George Fieo","2017-12-15","http%3A%2F%2Fwww.ents-bbs.org%2Fviewtopic.php%3Ff%3D85%26t%3D8745%26sid%3D0f283f6872d048235790bc6c09610d80%23p44618","N"
"Boxelder","Acer negundo var. negundo","Maryland","Howard","Avalon Section Of Patapsco Valley State Park","39 13.646","-076 43.473","16,043 acres in Baltimore and Howard Counties
Trees were measured in the Avalon and Orange Grove section of the park","","230925","1","39 13.646","-076 43.473","","Public - state park","","","7.7'","92''","","","Matthew Hannum","2007-04-29","http%3A%2F%2Fwww.ents-bbs.org%2Fviewtopic.php%3Ff%3D85%26t%3D8745%26sid%3D0f283f6872d048235790bc6c09610d80%23p44618","N"
"Boxelder","Acer negundo var. negundo","Maryland","Howard","Avalon Section Of Patapsco Valley State Park","","","16,043 acres in Baltimore and Howard Counties
Trees were measured in the Avalon and Orange Grove section of the park","","230926","1","","","","Public - state park","","","7.8'","94''","","","Matthew Hannum","2007-04-29","http%3A%2F%2Fwww.ents-bbs.org%2Fviewtopic.php%3Ff%3D85%26t%3D8745%26sid%3D0f283f6872d048235790bc6c09610d80%23p44618","N"
"Chestnut Oak","Quercus montana","Maryland","Howard","Avalon Section Of Patapsco Valley State Park","","","16,043 acres in Baltimore and Howard Counties
Trees were measured in the Avalon and Orange Grove section of the park","","231012","1","","","","Public - state park","100.4'","Clinometer/laser rangefinder/sine","11.2'","134''","","","George Fieo","2017-12-15","http%3A%2F%2Fwww.ents-bbs.org%2Fviewtopic.php%3Ff%3D85%26t%3D8745%26sid%3D0f283f6872d048235790bc6c09610d80%23p44618","N"
"Chestnut Oak","Quercus montana","Maryland","Howard","Avalon Section Of Patapsco Valley State Park","","","16,043 acres in Baltimore and Howard Counties
Trees were measured in the Avalon and Orange Grove section of the park","","231013","1","","","","Public - state park","112.7'","Clinometer/laser rangefinder/sine","8.1'","97''","","","George Fieo","2017-12-15","http%3A%2F%2Fwww.ents-bbs.org%2Fviewtopic.php%3Ff%3D85%26t%3D8745%26sid%3D0f283f6872d048235790bc6c09610d80%23p44618","N"
"Common Persimmon","Diospyros virginiana","Maryland","Howard","Avalon Section Of Patapsco Valley State Park","","","16,043 acres in Baltimore and Howard Counties
Trees were measured in the Avalon and Orange Grove section of the park","","231014","1","","","","Public - state park","87.0'","Clinometer/laser rangefinder/sine","3.8'","46''","","","George Fieo","2017-12-15","http%3A%2F%2Fwww.ents-bbs.org%2Fviewtopic.php%3Ff%3D85%26t%3D8745%26sid%3D0f283f6872d048235790bc6c09610d80%23p44618","N"
"Common Persimmon","Diospyros virginiana","Maryland","Howard","Avalon Section Of Patapsco Valley State Park","","","16,043 acres in Baltimore and Howard Counties
Trees were measured in the Avalon and Orange Grove section of the park","","231015","1","","","","Public - state park","89.8'","Clinometer/laser rangefinder/sine","3.9'","47''","","","George Fieo","2017-12-15","http%3A%2F%2Fwww.ents-bbs.org%2Fviewtopic.php%3Ff%3D85%26t%3D8745%26sid%3D0f283f6872d048235790bc6c09610d80%23p44618","N"
"Common Persimmon","Diospyros virginiana","Maryland","Howard","Avalon Section Of Patapsco Valley State Park","","","16,043 acres in Baltimore and Howard Counties
Trees were measured in the Avalon and Orange Grove section of the park","","231016","1","","","","Public - state park","93.3'","Clinometer/laser rangefinder/sine","5.4'","65''","","","George Fieo","2017-12-15","http%3A%2F%2Fwww.ents-bbs.org%2Fviewtopic.php%3Ff%3D85%26t%3D8745%26sid%3D0f283f6872d048235790bc6c09610d80%23p44618","N"
"Eastern White Pine","Pinus strobus","Maryland","Howard","Avalon Section Of Patapsco Valley State Park","","","16,043 acres in Baltimore and Howard Counties
Trees were measured in the Avalon and Orange Grove section of the park","","230936","1","","","","Public - state park","","","9.8'","118''","","","Matthew Hannum","2007-04-29","http%3A%2F%2Fwww.ents-bbs.org%2Fviewtopic.php%3Ff%3D85%26t%3D8745%26sid%3D0f283f6872d048235790bc6c09610d80%23p44618","N"
"Eastern White Pine","Pinus strobus","Maryland","Howard","Avalon Section Of Patapsco Valley State Park","","","16,043 acres in Baltimore and Howard Counties
Trees were measured in the Avalon and Orange Grove section of the park","","231049","1","","","","Public - state park","128.1'","Clinometer/laser rangefinder/sine","7.3'","88''","","","George Fieo","2017-12-15","http%3A%2F%2Fwww.ents-bbs.org%2Fviewtopic.php%3Ff%3D85%26t%3D8745%26sid%3D0f283f6872d048235790bc6c09610d80%23p44618","N"
"Flowering Dogwood","Cornus florida","Maryland","Howard","Avalon Section Of Patapsco Valley State Park","","","16,043 acres in Baltimore and Howard Counties
Trees were measured in the Avalon and Orange Grove section of the park","","231019","1","","","","Public - state park","47.9'","Clinometer/laser rangefinder/sine","1.5'","17''","","","George Fieo","2017-12-15","http%3A%2F%2Fwww.ents-bbs.org%2Fviewtopic.php%3Ff%3D85%26t%3D8745%26sid%3D0f283f6872d048235790bc6c09610d80%23p44618","N"
"Green Ash","Fraxinus pennsylvanica","Maryland","Howard","Avalon Section Of Patapsco Valley State Park","","","16,043 acres in Baltimore and Howard Counties
Trees were measured in the Avalon and Orange Grove section of the park","","231020","1","","","","Public - state park","137.7'","Clinometer/laser rangefinder/sine","10.2'","122''","","","George Fieo","2017-12-15","http%3A%2F%2Fwww.ents-bbs.org%2Fviewtopic.php%3Ff%3D85%26t%3D8745%26sid%3D0f283f6872d048235790bc6c09610d80%23p44618","N"
"Hophornbeam","Ostrya virginiana var. virginiana","Maryland","Howard","Avalon Section Of Patapsco Valley State Park","","","16,043 acres in Baltimore and Howard Counties
Trees were measured in the Avalon and Orange Grove section of the park","","231017","1","","","","Public - state park","45.1'","Clinometer/laser rangefinder/sine","2.1'","25''","","","George Fieo","2017-12-15","http%3A%2F%2Fwww.ents-bbs.org%2Fviewtopic.php%3Ff%3D85%26t%3D8745%26sid%3D0f283f6872d048235790bc6c09610d80%23p44618","N"
"Hophornbeam","Ostrya virginiana var. virginiana","Maryland","Howard","Avalon Section Of Patapsco Valley State Park","","","16,043 acres in Baltimore and Howard Counties
Trees were measured in the Avalon and Orange Grove section of the park","","231018","1","","","","Public - state park","57.2'","Clinometer/laser rangefinder/sine","2.1'","25''","","","George Fieo","2017-12-15","http%3A%2F%2Fwww.ents-bbs.org%2Fviewtopic.php%3Ff%3D85%26t%3D8745%26sid%3D0f283f6872d048235790bc6c09610d80%23p44618","N"
"Mockernut Hickory","Carya tomentosa","Maryland","Howard","Avalon Section Of Patapsco Valley State Park","","","16,043 acres in Baltimore and Howard Counties
Trees were measured in the Avalon and Orange Grove section of the park","","230940","1","","","","Public - state park","","","5.1'","61''","","Tentative ID","Matthew Hannum","2007-04-29","http%3A%2F%2Fwww.ents-bbs.org%2Fviewtopic.php%3Ff%3D85%26t%3D8745%26sid%3D0f283f6872d048235790bc6c09610d80%23p44618","N"
"Mockernut Hickory","Carya tomentosa","Maryland","Howard","Avalon Section Of Patapsco Valley State Park","","","16,043 acres in Baltimore and Howard Counties
Trees were measured in the Avalon and Orange Grove section of the park","","230941","1","","","","Public - state park","","","7.1'","85''","","Tentative ID","Matthew Hannum","2007-04-29","http%3A%2F%2Fwww.ents-bbs.org%2Fviewtopic.php%3Ff%3D85%26t%3D8745%26sid%3D0f283f6872d048235790bc6c09610d80%23p44618","N"
"Mockernut Hickory","Carya tomentosa","Maryland","Howard","Avalon Section Of Patapsco Valley State Park","","","16,043 acres in Baltimore and Howard Counties
Trees were measured in the Avalon and Orange Grove section of the park","","231021","1","","","","Public - state park","110.5'","Clinometer/laser rangefinder/sine","6.7'","80''","","","George Fieo","2017-12-15","http%3A%2F%2Fwww.ents-bbs.org%2Fviewtopic.php%3Ff%3D85%26t%3D8745%26sid%3D0f283f6872d048235790bc6c09610d80%23p44618","N"
"Northern Red Oak","Quercus rubra","Maryland","Howard","Avalon Section Of Patapsco Valley State Park","","","16,043 acres in Baltimore and Howard Counties
Trees were measured in the Avalon and Orange Grove section of the park","","230938","1","","","","Public - state park","","","9.3'","112''","","","Matthew Hannum","2007-04-29","http%3A%2F%2Fwww.ents-bbs.org%2Fviewtopic.php%3Ff%3D85%26t%3D8745%26sid%3D0f283f6872d048235790bc6c09610d80%23p44618","N"
"Northern Red Oak","Quercus rubra","Maryland","Howard","Avalon Section Of Patapsco Valley State Park","","","16,043 acres in Baltimore and Howard Counties
Trees were measured in the Avalon and Orange Grove section of the park","","230939","1","","","","Public - state park","","","9.5'","114''","","","Matthew Hannum","2007-04-29","http%3A%2F%2Fwww.ents-bbs.org%2Fviewtopic.php%3Ff%3D85%26t%3D8745%26sid%3D0f283f6872d048235790bc6c09610d80%23p44618","N"
"Northern Red Oak","Quercus rubra","Maryland","Howard","Avalon Section Of Patapsco Valley State Park","","","16,043 acres in Baltimore and Howard Counties
Trees were measured in the Avalon and Orange Grove section of the park","","231051","1","","","","Public - state park","129.8'","Clinometer/laser rangefinder/sine","13.9'","167''","","","George Fieo","2017-12-15","http%3A%2F%2Fwww.ents-bbs.org%2Fviewtopic.php%3Ff%3D85%26t%3D8745%26sid%3D0f283f6872d048235790bc6c09610d80%23p44618","N"
"Northern Red Oak","Quercus rubra","Maryland","Howard","Avalon Section Of Patapsco Valley State Park","","","16,043 acres in Baltimore and Howard Counties
Trees were measured in the Avalon and Orange Grove section of the park","","231022","1","","","","Public - state park","133.4'","Clinometer/laser rangefinder/sine","9.8'","118''","","","George Fieo","2017-12-15","http%3A%2F%2Fwww.ents-bbs.org%2Fviewtopic.php%3Ff%3D85%26t%3D8745%26sid%3D0f283f6872d048235790bc6c09610d80%23p44618","N"
"Northern Red Oak","Quercus rubra","Maryland","Howard","Avalon Section Of Patapsco Valley State Park","","","16,043 acres in Baltimore and Howard Counties
Trees were measured in the Avalon and Orange Grove section of the park","","231023","1","","","","Public - state park","135.0'","Clinometer/laser rangefinder/sine","11.5'","137''","","","George Fieo","2017-12-15","http%3A%2F%2Fwww.ents-bbs.org%2Fviewtopic.php%3Ff%3D85%26t%3D8745%26sid%3D0f283f6872d048235790bc6c09610d80%23p44618","N"
"Northern Red Oak","Quercus rubra","Maryland","Howard","Avalon Section Of Patapsco Valley State Park","","","16,043 acres in Baltimore and Howard Counties
Trees were measured in the Avalon and Orange Grove section of the park","","231024","1","","","","Public - state park","135.3'","Clinometer/laser rangefinder/sine","7.8'","94''","","","George Fieo","2017-12-15","http%3A%2F%2Fwww.ents-bbs.org%2Fviewtopic.php%3Ff%3D85%26t%3D8745%26sid%3D0f283f6872d048235790bc6c09610d80%23p44618","N"
"Northern Red Oak","Quercus rubra","Maryland","Howard","Avalon Section Of Patapsco Valley State Park","","","16,043 acres in Baltimore and Howard Counties
Trees were measured in the Avalon and Orange Grove section of the park","","231025","1","","","","Public - state park","138.6'","Clinometer/laser rangefinder/sine","","","","","George Fieo","2017-12-15","http%3A%2F%2Fwww.ents-bbs.org%2Fviewtopic.php%3Ff%3D85%26t%3D8745%26sid%3D0f283f6872d048235790bc6c09610d80%23p44618","N"
"Northern Red Oak","Quercus rubra","Maryland","Howard","Avalon Section Of Patapsco Valley State Park","","","16,043 acres in Baltimore and Howard Counties
Trees were measured in the Avalon and Orange Grove section of the park","","231026","1","","","","Public - state park","140.1'","Clinometer/laser rangefinder/sine","10.1'","121''","","","George Fieo","2017-12-15","http%3A%2F%2Fwww.ents-bbs.org%2Fviewtopic.php%3Ff%3D85%26t%3D8745%26sid%3D0f283f6872d048235790bc6c09610d80%23p44618","N"
"Pignut Hickory","Carya glabra","Maryland","Howard","Avalon Section Of Patapsco Valley State Park","","","16,043 acres in Baltimore and Howard Counties
Trees were measured in the Avalon and Orange Grove section of the park","","231027","1","","","","Public - state park","131.4'","Clinometer/laser rangefinder/sine","7.6'","91''","","","George Fieo","2017-12-15","http%3A%2F%2Fwww.ents-bbs.org%2Fviewtopic.php%3Ff%3D85%26t%3D8745%26sid%3D0f283f6872d048235790bc6c09610d80%23p44618","N"
"Pignut Hickory","Carya glabra","Maryland","Howard","Avalon Section Of Patapsco Valley State Park","","","16,043 acres in Baltimore and Howard Counties
Trees were measured in the Avalon and Orange Grove section of the park","","231028","1","","","","Public - state park","141.7'","Clinometer/laser rangefinder/sine","8.1'","97''","","","George Fieo","2017-12-15","http%3A%2F%2Fwww.ents-bbs.org%2Fviewtopic.php%3Ff%3D85%26t%3D8745%26sid%3D0f283f6872d048235790bc6c09610d80%23p44618","N"
"Scarlet Oak","Quercus coccinea var. coccinea","Maryland","Howard","Avalon Section Of Patapsco Valley State Park","","","16,043 acres in Baltimore and Howard Counties
Trees were measured in the Avalon and Orange Grove section of the park","","231029","1","","","","Public - state park","108.3'","Clinometer/laser rangefinder/sine","9.3'","112''","","","George Fieo","2017-12-15","http%3A%2F%2Fwww.ents-bbs.org%2Fviewtopic.php%3Ff%3D85%26t%3D8745%26sid%3D0f283f6872d048235790bc6c09610d80%23p44618","N"
"Scarlet Oak","Quercus coccinea var. coccinea","Maryland","Howard","Avalon Section Of Patapsco Valley State Park","","","16,043 acres in Baltimore and Howard Counties
Trees were measured in the Avalon and Orange Grove section of the park","","231050","1","","","","Public - state park","119.3'","Clinometer/laser rangefinder/sine","12.1'","145''","","","George Fieo","2017-12-15","http%3A%2F%2Fwww.ents-bbs.org%2Fviewtopic.php%3Ff%3D85%26t%3D8745%26sid%3D0f283f6872d048235790bc6c09610d80%23p44618","N"
"Shagbark Hickory","Carya ovata","Maryland","Howard","Avalon Section Of Patapsco Valley State Park","","","16,043 acres in Baltimore and Howard Counties
Trees were measured in the Avalon and Orange Grove section of the park","","230942","1","","","","Public - state park","","","3.1'","37''","","","Matthew Hannum","2007-04-29","http%3A%2F%2Fwww.ents-bbs.org%2Fviewtopic.php%3Ff%3D85%26t%3D8745%26sid%3D0f283f6872d048235790bc6c09610d80%23p44618","N"
"Slippery Elm","Ulmus rubra","Maryland","Howard","Avalon Section Of Patapsco Valley State Park","","","16,043 acres in Baltimore and Howard Counties
Trees were measured in the Avalon and Orange Grove section of the park","","231030","1","","","","Public - state park","106.1'","Clinometer/laser rangefinder/sine","8.5'","102''","","","George Fieo","2017-12-15","http%3A%2F%2Fwww.ents-bbs.org%2Fviewtopic.php%3Ff%3D85%26t%3D8745%26sid%3D0f283f6872d048235790bc6c09610d80%23p44618","N"
"Tuliptree","Liriodendron tulipifera","Maryland","Howard","Avalon Section Of Patapsco Valley State Park","","","16,043 acres in Baltimore and Howard Counties
Trees were measured in the Avalon and Orange Grove section of the park","","230931","1","","","","Public - state park","","","10.6'","127''","","","Matthew Hannum","2007-04-29","http%3A%2F%2Fwww.ents-bbs.org%2Fviewtopic.php%3Ff%3D85%26t%3D8745%26sid%3D0f283f6872d048235790bc6c09610d80%23p44618","N"
"Tuliptree","Liriodendron tulipifera","Maryland","Howard","Avalon Section Of Patapsco Valley State Park","","","16,043 acres in Baltimore and Howard Counties
Trees were measured in the Avalon and Orange Grove section of the park","","230932","1","","","","Public - state park","","","8.5'","102''","","","Matthew Hannum","2007-04-29","http%3A%2F%2Fwww.ents-bbs.org%2Fviewtopic.php%3Ff%3D85%26t%3D8745%26sid%3D0f283f6872d048235790bc6c09610d80%23p44618","N"
"Tuliptree","Liriodendron tulipifera","Maryland","Howard","Avalon Section Of Patapsco Valley State Park","","","16,043 acres in Baltimore and Howard Counties
Trees were measured in the Avalon and Orange Grove section of the park","","230933","1","","","","Public - state park","","","10.1'","121''","","","Matthew Hannum","2007-04-29","http%3A%2F%2Fwww.ents-bbs.org%2Fviewtopic.php%3Ff%3D85%26t%3D8745%26sid%3D0f283f6872d048235790bc6c09610d80%23p44618","N"
"Tuliptree","Liriodendron tulipifera","Maryland","Howard","Avalon Section Of Patapsco Valley State Park","","","16,043 acres in Baltimore and Howard Counties
Trees were measured in the Avalon and Orange Grove section of the park","","231053","1","","","","Public - state park","141.8'","Clinometer/laser rangefinder/sine","13.1'","157''","","","George Fieo","2017-12-15","http%3A%2F%2Fwww.ents-bbs.org%2Fviewtopic.php%3Ff%3D85%26t%3D8745%26sid%3D0f283f6872d048235790bc6c09610d80%23p44618","N"
"Tuliptree","Liriodendron tulipifera","Maryland","Howard","Avalon Section Of Patapsco Valley State Park","","","16,043 acres in Baltimore and Howard Counties
Trees were measured in the Avalon and Orange Grove section of the park","","231054","1","","","","Public - state park","143.3'","Clinometer/laser rangefinder/sine","17.0'","204''","","","George Fieo","2017-12-15","http%3A%2F%2Fwww.ents-bbs.org%2Fviewtopic.php%3Ff%3D85%26t%3D8745%26sid%3D0f283f6872d048235790bc6c09610d80%23p44618","N"
"Tuliptree","Liriodendron tulipifera","Maryland","Howard","Avalon Section Of Patapsco Valley State Park","","","16,043 acres in Baltimore and Howard Counties
Trees were measured in the Avalon and Orange Grove section of the park","","231055","1","","","","Public - state park","145.2'","Clinometer/laser rangefinder/sine","13.3'","160''","","","George Fieo","2017-12-15","http%3A%2F%2Fwww.ents-bbs.org%2Fviewtopic.php%3Ff%3D85%26t%3D8745%26sid%3D0f283f6872d048235790bc6c09610d80%23p44618","N"
"Tuliptree","Liriodendron tulipifera","Maryland","Howard","Avalon Section Of Patapsco Valley State Park","","","16,043 acres in Baltimore and Howard Counties
Trees were measured in the Avalon and Orange Grove section of the park","","231031","1","","","","Public - state park","150.5'","Clinometer/laser rangefinder/sine","10.3'","123''","","","George Fieo","2017-12-15","http%3A%2F%2Fwww.ents-bbs.org%2Fviewtopic.php%3Ff%3D85%26t%3D8745%26sid%3D0f283f6872d048235790bc6c09610d80%23p44618","N"
"Tuliptree","Liriodendron tulipifera","Maryland","Howard","Avalon Section Of Patapsco Valley State Park","","","16,043 acres in Baltimore and Howard Counties
Trees were measured in the Avalon and Orange Grove section of the park","","231056","1","","","","Public - state park","151.7'","Clinometer/laser rangefinder/sine","17.7'","212''","","","George Fieo","2017-12-15","http%3A%2F%2Fwww.ents-bbs.org%2Fviewtopic.php%3Ff%3D85%26t%3D8745%26sid%3D0f283f6872d048235790bc6c09610d80%23p44618","N"
"Tuliptree","Liriodendron tulipifera","Maryland","Howard","Avalon Section Of Patapsco Valley State Park","","","16,043 acres in Baltimore and Howard Counties
Trees were measured in the Avalon and Orange Grove section of the park","","231032","1","","","","Public - state park","153.1'","Clinometer/laser rangefinder/sine","","","","","George Fieo","2017-12-15","http%3A%2F%2Fwww.ents-bbs.org%2Fviewtopic.php%3Ff%3D85%26t%3D8745%26sid%3D0f283f6872d048235790bc6c09610d80%23p44618","N"
"Tuliptree","Liriodendron tulipifera","Maryland","Howard","Avalon Section Of Patapsco Valley State Park","","","16,043 acres in Baltimore and Howard Counties
Trees were measured in the Avalon and Orange Grove section of the park","","231033","1","","","","Public - state park","153.1'","Clinometer/laser rangefinder/sine","10.0'","120''","","","George Fieo","2017-12-15","http%3A%2F%2Fwww.ents-bbs.org%2Fviewtopic.php%3Ff%3D85%26t%3D8745%26sid%3D0f283f6872d048235790bc6c09610d80%23p44618","N"
"Tuliptree","Liriodendron tulipifera","Maryland","Howard","Avalon Section Of Patapsco Valley State Park","","","16,043 acres in Baltimore and Howard Counties
Trees were measured in the Avalon and Orange Grove section of the park","","231057","1","","","","Public - state park","153.2'","Clinometer/laser rangefinder/sine","14.0'","168''","","","George Fieo","2017-12-15","http%3A%2F%2Fwww.ents-bbs.org%2Fviewtopic.php%3Ff%3D85%26t%3D8745%26sid%3D0f283f6872d048235790bc6c09610d80%23p44618","N"
"Tuliptree","Liriodendron tulipifera","Maryland","Howard","Avalon Section Of Patapsco Valley State Park","","","16,043 acres in Baltimore and Howard Counties
Trees were measured in the Avalon and Orange Grove section of the park","","231034","1","","","","Public - state park","153.7'","Clinometer/laser rangefinder/sine","10.1'","121''","","","George Fieo","2017-12-15","http%3A%2F%2Fwww.ents-bbs.org%2Fviewtopic.php%3Ff%3D85%26t%3D8745%26sid%3D0f283f6872d048235790bc6c09610d80%23p44618","N"
"Tuliptree","Liriodendron tulipifera","Maryland","Howard","Avalon Section Of Patapsco Valley State Park","","","16,043 acres in Baltimore and Howard Counties
Trees were measured in the Avalon and Orange Grove section of the park","","231035","1","","","","Public - state park","154.3'","Clinometer/laser rangefinder/sine","8.6'","103''","","","George Fieo","2017-12-15","http%3A%2F%2Fwww.ents-bbs.org%2Fviewtopic.php%3Ff%3D85%26t%3D8745%26sid%3D0f283f6872d048235790bc6c09610d80%23p44618","N"
"Tuliptree","Liriodendron tulipifera","Maryland","Howard","Avalon Section Of Patapsco Valley State Park","","","16,043 acres in Baltimore and Howard Counties
Trees were measured in the Avalon and Orange Grove section of the park","","231036","1","","","","Public - state park","154.3'","Clinometer/laser rangefinder/sine","8.8'","106''","","","George Fieo","2017-12-15","http%3A%2F%2Fwww.ents-bbs.org%2Fviewtopic.php%3Ff%3D85%26t%3D8745%26sid%3D0f283f6872d048235790bc6c09610d80%23p44618","N"
"Tuliptree","Liriodendron tulipifera","Maryland","Howard","Avalon Section Of Patapsco Valley State Park","","","16,043 acres in Baltimore and Howard Counties
Trees were measured in the Avalon and Orange Grove section of the park","","231037","1","","","","Public - state park","154.4'","Clinometer/laser rangefinder/sine","10.2'","122''","","","George Fieo","2017-12-15","http%3A%2F%2Fwww.ents-bbs.org%2Fviewtopic.php%3Ff%3D85%26t%3D8745%26sid%3D0f283f6872d048235790bc6c09610d80%23p44618","N"
"Tuliptree","Liriodendron tulipifera","Maryland","Howard","Avalon Section Of Patapsco Valley State Park","","","16,043 acres in Baltimore and Howard Counties
Trees were measured in the Avalon and Orange Grove section of the park","","231038","1","","","","Public - state park","154.5'","Clinometer/laser rangefinder/sine","9.9'","119''","","","George Fieo","2017-12-15","http%3A%2F%2Fwww.ents-bbs.org%2Fviewtopic.php%3Ff%3D85%26t%3D8745%26sid%3D0f283f6872d048235790bc6c09610d80%23p44618","N"
"Tuliptree","Liriodendron tulipifera","Maryland","Howard","Avalon Section Of Patapsco Valley State Park","","","16,043 acres in Baltimore and Howard Counties
Trees were measured in the Avalon and Orange Grove section of the park","","231039","1","","","","Public - state park","155.6'","Clinometer/laser rangefinder/sine","11.2'","134''","","","George Fieo","2017-12-15","http%3A%2F%2Fwww.ents-bbs.org%2Fviewtopic.php%3Ff%3D85%26t%3D8745%26sid%3D0f283f6872d048235790bc6c09610d80%23p44618","N"
"Tuliptree","Liriodendron tulipifera","Maryland","Howard","Avalon Section Of Patapsco Valley State Park","","","16,043 acres in Baltimore and Howard Counties
Trees were measured in the Avalon and Orange Grove section of the park","","231040","1","","","","Public - state park","156.6'","Clinometer/laser rangefinder/sine","10.9'","131''","","","George Fieo","2017-12-15","http%3A%2F%2Fwww.ents-bbs.org%2Fviewtopic.php%3Ff%3D85%26t%3D8745%26sid%3D0f283f6872d048235790bc6c09610d80%23p44618","N"
"Tuliptree","Liriodendron tulipifera","Maryland","Howard","Avalon Section Of Patapsco Valley State Park","","","16,043 acres in Baltimore and Howard Counties
Trees were measured in the Avalon and Orange Grove section of the park","","231058","1","","","","Public - state park","156.9'","Clinometer/laser rangefinder/sine","13.3'","160''","","","George Fieo","2017-12-15","http%3A%2F%2Fwww.ents-bbs.org%2Fviewtopic.php%3Ff%3D85%26t%3D8745%26sid%3D0f283f6872d048235790bc6c09610d80%23p44618","N"
"Tuliptree","Liriodendron tulipifera","Maryland","Howard","Avalon Section Of Patapsco Valley State Park","","","16,043 acres in Baltimore and Howard Counties
Trees were measured in the Avalon and Orange Grove section of the park","","231041","1","","","","Public - state park","157.3'","Clinometer/laser rangefinder/sine","10.3'","124''","","","George Fieo","2017-12-15","http%3A%2F%2Fwww.ents-bbs.org%2Fviewtopic.php%3Ff%3D85%26t%3D8745%26sid%3D0f283f6872d048235790bc6c09610d80%23p44618","N"
"Tuliptree","Liriodendron tulipifera","Maryland","Howard","Avalon Section Of Patapsco Valley State Park","","","16,043 acres in Baltimore and Howard Counties
Trees were measured in the Avalon and Orange Grove section of the park","","231042","1","","","","Public - state park","158.7'","Clinometer/laser rangefinder/sine","10.5'","126''","","","George Fieo","2017-12-15","http%3A%2F%2Fwww.ents-bbs.org%2Fviewtopic.php%3Ff%3D85%26t%3D8745%26sid%3D0f283f6872d048235790bc6c09610d80%23p44618","N"
"White Ash","Fraxinus americana","Maryland","Howard","Avalon Section Of Patapsco Valley State Park","","","16,043 acres in Baltimore and Howard Counties
Trees were measured in the Avalon and Orange Grove section of the park","","230934","1","","","","Public - state park","","","10.3'","124''","","","Matthew Hannum","2007-04-29","http%3A%2F%2Fwww.ents-bbs.org%2Fviewtopic.php%3Ff%3D85%26t%3D8745%26sid%3D0f283f6872d048235790bc6c09610d80%23p44618","N"
"White Ash","Fraxinus americana","Maryland","Howard","Avalon Section Of Patapsco Valley State Park","","","16,043 acres in Baltimore and Howard Counties
Trees were measured in the Avalon and Orange Grove section of the park","","230935","1","","","","Public - state park","","","12.7'","152''","","","Matthew Hannum","2007-04-29","http%3A%2F%2Fwww.ents-bbs.org%2Fviewtopic.php%3Ff%3D85%26t%3D8745%26sid%3D0f283f6872d048235790bc6c09610d80%23p44618","N"
"White Ash","Fraxinus americana","Maryland","Howard","Avalon Section Of Patapsco Valley State Park","","","16,043 acres in Baltimore and Howard Counties
Trees were measured in the Avalon and Orange Grove section of the park","","231043","1","","","","Public - state park","133.4'","Clinometer/laser rangefinder/sine","8.9'","107''","","","George Fieo","2017-12-15","http%3A%2F%2Fwww.ents-bbs.org%2Fviewtopic.php%3Ff%3D85%26t%3D8745%26sid%3D0f283f6872d048235790bc6c09610d80%23p44618","N"
"White Ash","Fraxinus americana","Maryland","Howard","Avalon Section Of Patapsco Valley State Park","","","16,043 acres in Baltimore and Howard Counties
Trees were measured in the Avalon and Orange Grove section of the park","","231044","1","","","","Public - state park","136.4'","Clinometer/laser rangefinder/sine","8.8'","106''","","","George Fieo","2017-12-15","http%3A%2F%2Fwww.ents-bbs.org%2Fviewtopic.php%3Ff%3D85%26t%3D8745%26sid%3D0f283f6872d048235790bc6c09610d80%23p44618","N"
"White Ash","Fraxinus americana","Maryland","Howard","Avalon Section Of Patapsco Valley State Park","","","16,043 acres in Baltimore and Howard Counties
Trees were measured in the Avalon and Orange Grove section of the park","","231045","1","","","","Public - state park","137.2'","Clinometer/laser rangefinder/sine","10.1'","121''","","","George Fieo","2017-12-15","http%3A%2F%2Fwww.ents-bbs.org%2Fviewtopic.php%3Ff%3D85%26t%3D8745%26sid%3D0f283f6872d048235790bc6c09610d80%23p44618","N"
"White Ash","Fraxinus americana","Maryland","Howard","Avalon Section Of Patapsco Valley State Park","","","16,043 acres in Baltimore and Howard Counties
Trees were measured in the Avalon and Orange Grove section of the park","","231046","1","","","","Public - state park","144.8'","Clinometer/laser rangefinder/sine","10.7'","128''","","","George Fieo","2017-12-15","http%3A%2F%2Fwww.ents-bbs.org%2Fviewtopic.php%3Ff%3D85%26t%3D8745%26sid%3D0f283f6872d048235790bc6c09610d80%23p44618","N"
"White Ash","Fraxinus americana","Maryland","Howard","Avalon Section Of Patapsco Valley State Park","","","16,043 acres in Baltimore and Howard Counties
Trees were measured in the Avalon and Orange Grove section of the park","","231047","1","","","","Public - state park","147.6'","Clinometer/laser rangefinder/sine","11.2'","134''","","","George Fieo","2017-12-15","http%3A%2F%2Fwww.ents-bbs.org%2Fviewtopic.php%3Ff%3D85%26t%3D8745%26sid%3D0f283f6872d048235790bc6c09610d80%23p44618","N"
"White Oak","Quercus alba","Maryland","Howard","Avalon Section Of Patapsco Valley State Park","","","16,043 acres in Baltimore and Howard Counties
Trees were measured in the Avalon and Orange Grove section of the park","","230937","1","","","","Public - state park","","","7.1'","85''","","","Matthew Hannum","2007-04-29","http%3A%2F%2Fwww.ents-bbs.org%2Fviewtopic.php%3Ff%3D85%26t%3D8745%26sid%3D0f283f6872d048235790bc6c09610d80%23p44618","N"
"White Oak","Quercus alba","Maryland","Howard","Avalon Section Of Patapsco Valley State Park","","","16,043 acres in Baltimore and Howard Counties
Trees were measured in the Avalon and Orange Grove section of the park","","231048","1","","","","Public - state park","122.7'","Clinometer/laser rangefinder/sine","5.7'","68''","","","George Fieo","2017-12-15","http%3A%2F%2Fwww.ents-bbs.org%2Fviewtopic.php%3Ff%3D85%26t%3D8745%26sid%3D0f283f6872d048235790bc6c09610d80%23p44618","N"
"Tuliptree","Liriodendron tulipifera","Maryland","Howard","Dorsey Branch","39 16.112","-077 01.059","","","44865","1","39 16.112","-077 01.059","540.0 ft","Private","107.5'","Clinometer/laser rangefinder/sine","12.7'","152''","","Tree is probably on County Road Right-of-Way","Turner Sharp","2011-11-27","http%3A%2F%2Fwww.ents-bbs.org%2Fviewtopic.php%3Ff%3D85%26t%3D4002","N"
"Tuliptree","Liriodendron tulipifera","Maryland","Howard","Dorsey Branch","","","","","44871","1","","","540.0 ft","Private","111.1'","Clinometer/laser rangefinder/sine","9.2'","110''","","","Turner Sharp","2011-11-27","http%3A%2F%2Fwww.ents-bbs.org%2Fviewtopic.php%3Ff%3D85%26t%3D4002","N"
"Tuliptree","Liriodendron tulipifera","Maryland","Howard","Dorsey Branch","","","","","44872","1","","","540.0 ft","Private","113.2'","Clinometer/laser rangefinder/sine","10.7'","128''","","","Turner Sharp","2011-11-27","http%3A%2F%2Fwww.ents-bbs.org%2Fviewtopic.php%3Ff%3D85%26t%3D4002","N"
"Tuliptree","Liriodendron tulipifera","Maryland","Howard","Dorsey Branch","","","","","44870","1","","","540.0 ft","Private","116.0'","Clinometer/laser rangefinder/sine","","","","Fused twin stem. Measured height of tallest stem","Turner Sharp","2011-11-27","http%3A%2F%2Fwww.ents-bbs.org%2Fviewtopic.php%3Ff%3D85%26t%3D4002","N"
"Tuliptree","Liriodendron tulipifera","Maryland","Howard","Dorsey Branch","","","","","44868","1","","","540.0 ft","Private","119.9'","Clinometer/laser rangefinder/sine","9.0'","108''","","","Turner Sharp","2011-11-27","http%3A%2F%2Fwww.ents-bbs.org%2Fviewtopic.php%3Ff%3D85%26t%3D4002","N"
"Tuliptree","Liriodendron tulipifera","Maryland","Howard","Dorsey Branch","","","","","44867","1","","","540.0 ft","Private","123.0'","Clinometer/laser rangefinder/sine","11.6'","139''","","","Turner Sharp","2011-11-27","http%3A%2F%2Fwww.ents-bbs.org%2Fviewtopic.php%3Ff%3D85%26t%3D4002","N"
"Tuliptree","Liriodendron tulipifera","Maryland","Howard","Dorsey Branch","","","","","44869","1","","","540.0 ft","Private","132.5'","Clinometer/laser rangefinder/sine","10.8'","129''","","","Turner Sharp","2011-11-27","http%3A%2F%2Fwww.ents-bbs.org%2Fviewtopic.php%3Ff%3D85%26t%3D4002","N"
"White Oak","Quercus alba","Maryland","Howard","Dorsey Branch","","","","","44866","1","","","540.0 ft","Private","93.4'","Clinometer/laser rangefinder/sine","11.3'","135''","","","Turner Sharp","2011-11-27","http%3A%2F%2Fwww.ents-bbs.org%2Fviewtopic.php%3Ff%3D85%26t%3D4002","N"
"Tuliptree","Liriodendron tulipifera","Maryland","Howard","Ellicott City","","","","","45368","1","","","","Private?","112.3'","Clinometer/laser rangefinder/sine","16.8'","202''","","","Colby Rucker","2001-08-26","","N"
"Tuliptree","Liriodendron tulipifera","Maryland","Howard","Ellicott City","39 16.194","-076 47.731","","","45367","1","39 16.194","-076 47.731","240.0 ft","Private?","116.0'","Clinometer/laser rangefinder/sine","15.1'","181''","","","Colby Rucker","2001-08-26","","N"
"Black Walnut","Juglans nigra","Maryland","Howard","Waterford Farm","39 16.170","-077 03.688","","","153512","3","39 16.170","-077 03.688","","Private","83.9'","Clinometer/laser rangefinder/sine","13.1'","157''","","","Turner Sharp, Turner Sharp, Turner Sharp","2022-09-08","","N"
"Eastern Redcedar","Juniperus virginiana var. virginiana","Maryland","Howard","Waterford Farm","39 16.305","-077 03.877","","","153511","1","39 16.305","-077 03.877","420.0 ft","Private","58.0'","Clinometer/laser rangefinder/sine","9.2'","110''","35.0'","","Turner Sharp","2011-05-19","","N"
"Littleleaf Linden","Tilia cordata","Maryland","Howard","Waterford Farm","39 16.167","-077 03.695","","","158828","2","39 16.167","-077 03.695","","Private","89.5'","Clinometer/laser rangefinder/sine","8.8'","106''","","","Turner Sharp, Turner Sharp","2022-09-08","","N"
"Northern Red Oak","Quercus rubra","Maryland","Howard","Waterford Farm","39 16.290","-077 03.895","","","158829","1","39 16.290","-077 03.895","500.0 ft","Private","91.6'","Clinometer/laser rangefinder/sine","9.8'","118''","","","Turner Sharp","2017-10-21","","N"
"American Sycamore","Platanus occidentalis","Maryland","Montgomery","C&O Canal Historical Park","","","Trees are upstream from lockhouse.","","47844","1","","","","Public- National Park","126.8'","Clinometer/laser rangefinder/sine","17.7'","212''","","","Will Blozan, Darian Copiz","2010-11-26","","N"
"Common Hackberry","Celtis occidentalis","Maryland","Montgomery","C&O Canal Historical Park","","","Trees are upstream from lockhouse.","","47843","1","","","","Public- National Park","99.6'","Clinometer/laser rangefinder/sine","","","","","Will Blozan, Darian Copiz","2010-11-26","","N"
"Shumard's Oak","Quercus shumardii","Maryland","Montgomery","C&O Canal Historical Park","","","Trees are upstream from lockhouse.","","47841","1","","","","Public- National Park","129.8'","Clinometer/laser rangefinder/sine","14.1'","169''","","","Will Blozan, Darian Copiz","2010-11-26","","N"
"Shumard's Oak","Quercus shumardii","Maryland","Montgomery","C&O Canal Historical Park","39 00.318","-077 14.772","Trees are upstream from lockhouse.","","47840","1","39 00.318","-077 14.772","160.0 ft","Public- National Park","130.0'","Clinometer/laser rangefinder/sine","14.7'","176''","","","Will Blozan, Darian Copiz","2010-11-26","","N"
"Shumard's Oak","Quercus shumardii","Maryland","Montgomery","C&O Canal Historical Park","","","Trees are upstream from lockhouse.","","47842","1","","","","Public- National Park","130.6'","Clinometer/laser rangefinder/sine","11.5'","138''","","","Will Blozan, Darian Copiz","2010-11-26","","N"
"American Sycamore","Platanus occidentalis","Maryland","Montgomery","Seneca Creek State Park - South Of Brink Road","","","","","45300","1","","","","Public - State Park","102.0'","Clinometer/laser rangefinder/sine","14.3'","172''","","","Howard Stoner","2005-02-21","","N"
"American Sycamore","Platanus occidentalis","Maryland","Montgomery","Seneca Creek State Park - South Of Brink Road","","","","","45301","1","","","","Public - State Park","105.0'","Clinometer/laser rangefinder/sine","19.3'","232''","","","Howard Stoner","2005-02-21","","N"
"American Sycamore","Platanus occidentalis","Maryland","Montgomery","Seneca Creek State Park - South Of Brink Road","39 12.065","-077 12.276","","","45299","1","39 12.065","-077 12.276","","Public - State Park","107.0'","Clinometer/laser rangefinder/sine","12.0'","144''","","","Howard Stoner","2005-02-21","","N"
"Green Ash","Fraxinus pennsylvanica","Maryland","Montgomery","Seneca Creek State Park - South Of Brink Road","","","","","45303","1","","","","Public - State Park","76.0'","Clinometer/laser rangefinder/sine","11.5'","138''","","Tentative ID","Howard Stoner","2005-02-21","","N"
"Northern Red Oak","Quercus rubra","Maryland","Montgomery","Seneca Creek State Park - South Of Brink Road","","","","","45302","1","","","","Public - State Park","88.0'","Clinometer/laser rangefinder/sine","13.5'","162''","","","Howard Stoner","2005-02-21","","N"
"American Beech","Fagus grandifolia","Maryland","Prince George's","Belt Woods - South Tract","","","This visit was to find and remeasure trees that Colby Rucker measured in 2001. His measurements can be found at:","","128446","1","","","","Public - State","56.2'","Clinometer/laser rangefinder/sine","4.0'","48''","","","Colby Rucker","2001-09-30","http%3A%2F%2Fgroups.google.com%2Fgroup%2Fentstrees%2Fbrowse_thread%2Fthread%2Fb8278e3db96bdc99%3Fhl%3Den","N"
"American Beech","Fagus grandifolia","Maryland","Prince George's","Belt Woods - South Tract","","","This visit was to find and remeasure trees that Colby Rucker measured in 2001. His measurements can be found at:","","128445","1","","","","Public - State","62.1'","Clinometer/laser rangefinder/sine","2.0'","24''","","","Colby Rucker","2001-09-30","http%3A%2F%2Fgroups.google.com%2Fgroup%2Fentstrees%2Fbrowse_thread%2Fthread%2Fb8278e3db96bdc99%3Fhl%3Den","N"
"American Elm","Ulmus americana","Maryland","Prince George's","Belt Woods - South Tract","","","This visit was to find and remeasure trees that Colby Rucker measured in 2001. His measurements can be found at:","","128430","1","","","","Public - State","73.4'","Clinometer/laser rangefinder/sine","9.3'","112''","","","Colby Rucker","2001-09-30","http%3A%2F%2Fgroups.google.com%2Fgroup%2Fentstrees%2Fbrowse_thread%2Fthread%2Fb8278e3db96bdc99%3Fhl%3Den","N"
"American Holly","Ilex opaca var. opaca","Maryland","Prince George's","Belt Woods - South Tract","","","This visit was to find and remeasure trees that Colby Rucker measured in 2001. His measurements can be found at:","","128451","1","","","","Public - State","25.3'","Clinometer/laser rangefinder/sine","1.4'","17''","","","Colby Rucker","2001-09-30","http%3A%2F%2Fgroups.google.com%2Fgroup%2Fentstrees%2Fbrowse_thread%2Fthread%2Fb8278e3db96bdc99%3Fhl%3Den","N"
"American Hornbeam","Carpinus caroliniana","Maryland","Prince George's","Belt Woods - South Tract","","","This visit was to find and remeasure trees that Colby Rucker measured in 2001. His measurements can be found at:","","128448","1","","","","Public - State","48.5'","Clinometer/laser rangefinder/sine","2.4'","29''","","","Colby Rucker","2001-09-30","http%3A%2F%2Fgroups.google.com%2Fgroup%2Fentstrees%2Fbrowse_thread%2Fthread%2Fb8278e3db96bdc99%3Fhl%3Den","N"
"American Hornbeam","Carpinus caroliniana","Maryland","Prince George's","Belt Woods - South Tract","","","This visit was to find and remeasure trees that Colby Rucker measured in 2001. His measurements can be found at:","","128388","1","","","","Public - State","53.0'","Clinometer/laser rangefinder/sine","1.6'","19''","","A re-measurement of one of Colbys 2001 trees.","Will Blozan, Darian Copiz, Gaines Mcmartin","2010-01-24","http%3A%2F%2Fgroups.google.com%2Fgroup%2Fentstrees%2Fbrowse_thread%2Fthread%2Fb8278e3db96bdc99%3Fhl%3Den","N"
"American Sycamore","Platanus occidentalis","Maryland","Prince George's","Belt Woods - South Tract","","","This visit was to find and remeasure trees that Colby Rucker measured in 2001. His measurements can be found at:","","128401","1","","","","Public - State","","Clinometer/laser rangefinder/sine","5.8'","70''","","","Will Blozan, Darian Copiz, Gaines Mcmartin","2010-01-24","http%3A%2F%2Fgroups.google.com%2Fgroup%2Fentstrees%2Fbrowse_thread%2Fthread%2Fb8278e3db96bdc99%3Fhl%3Den","N"
"American Sycamore","Platanus occidentalis","Maryland","Prince George's","Belt Woods - South Tract","","","This visit was to find and remeasure trees that Colby Rucker measured in 2001. His measurements can be found at:","","128402","1","","","","Public - State","","Clinometer/laser rangefinder/sine","9.8'","118''","","","Will Blozan, Darian Copiz, Gaines Mcmartin","2010-01-24","http%3A%2F%2Fgroups.google.com%2Fgroup%2Fentstrees%2Fbrowse_thread%2Fthread%2Fb8278e3db96bdc99%3Fhl%3Den","N"
"American Sycamore","Platanus occidentalis","Maryland","Prince George's","Belt Woods - South Tract","","","This visit was to find and remeasure trees that Colby Rucker measured in 2001. His measurements can be found at:","","128384","1","","","","Public - State","126.3'","Clinometer/laser rangefinder/sine","5.8'","70''","","Measured by Darian Copiz
A re-measurement of one of Colbys 2001 trees. Previous measurement was 5.6' x 124.1'","Will Blozan, Darian Copiz, Gaines Mcmartin","2010-01-24","http%3A%2F%2Fgroups.google.com%2Fgroup%2Fentstrees%2Fbrowse_thread%2Fthread%2Fb8278e3db96bdc99%3Fhl%3Den","N"
"American Sycamore","Platanus occidentalis","Maryland","Prince George's","Belt Woods - South Tract","","","This visit was to find and remeasure trees that Colby Rucker measured in 2001. His measurements can be found at:","","128417","1","","","","Public - State","126.7'","Clinometer/laser rangefinder/sine","5.6'","67''","","","Colby Rucker","2001-09-30","http%3A%2F%2Fgroups.google.com%2Fgroup%2Fentstrees%2Fbrowse_thread%2Fthread%2Fb8278e3db96bdc99%3Fhl%3Den","N"
"Bigtooth Aspen","Populus grandidentata","Maryland","Prince George's","Belt Woods - South Tract","","","This visit was to find and remeasure trees that Colby Rucker measured in 2001. His measurements can be found at:","","128429","1","","","","Public - State","80.6'","Clinometer/laser rangefinder/sine","4.8'","58''","","","Colby Rucker","2001-09-30","http%3A%2F%2Fgroups.google.com%2Fgroup%2Fentstrees%2Fbrowse_thread%2Fthread%2Fb8278e3db96bdc99%3Fhl%3Den","N"
"Bitternut Hickory","Carya cordiformis","Maryland","Prince George's","Belt Woods - South Tract","","","This visit was to find and remeasure trees that Colby Rucker measured in 2001. His measurements can be found at:","","128426","1","","","","Public - State","64.3'","Clinometer/laser rangefinder/sine","3.0'","36''","","","Colby Rucker","2001-09-30","http%3A%2F%2Fgroups.google.com%2Fgroup%2Fentstrees%2Fbrowse_thread%2Fthread%2Fb8278e3db96bdc99%3Fhl%3Den","N"
"Black Cherry","Prunus serotina var. serotina","Maryland","Prince George's","Belt Woods - South Tract","","","This visit was to find and remeasure trees that Colby Rucker measured in 2001. His measurements can be found at:","","128439","1","","","","Public - State","32.2'","Clinometer/laser rangefinder/sine","1.4'","17''","","","Colby Rucker","2001-09-30","http%3A%2F%2Fgroups.google.com%2Fgroup%2Fentstrees%2Fbrowse_thread%2Fthread%2Fb8278e3db96bdc99%3Fhl%3Den","N"
"Black Locust","Robinia pseudoacacia","Maryland","Prince George's","Belt Woods - South Tract","","","This visit was to find and remeasure trees that Colby Rucker measured in 2001. His measurements can be found at:","","128431","1","","","","Public - State","71.5'","Clinometer/laser rangefinder/sine","3.2'","38''","","","Colby Rucker","2001-09-30","http%3A%2F%2Fgroups.google.com%2Fgroup%2Fentstrees%2Fbrowse_thread%2Fthread%2Fb8278e3db96bdc99%3Fhl%3Den","N"
"Black Oak","Quercus velutina","Maryland","Prince George's","Belt Woods - South Tract","","","This visit was to find and remeasure trees that Colby Rucker measured in 2001. His measurements can be found at:","","128398","1","","","","Public - State","","Clinometer/laser rangefinder/sine","12.7'","152''","","","Will Blozan, Darian Copiz, Gaines Mcmartin","2010-01-24","http%3A%2F%2Fgroups.google.com%2Fgroup%2Fentstrees%2Fbrowse_thread%2Fthread%2Fb8278e3db96bdc99%3Fhl%3Den","N"
"Black Oak","Quercus velutina","Maryland","Prince George's","Belt Woods - South Tract","","","This visit was to find and remeasure trees that Colby Rucker measured in 2001. His measurements can be found at:","","128415","1","","","","Public - State","117.0'","Clinometer/laser rangefinder/sine","10.3'","123''","","","Colby Rucker","2001-09-30","http%3A%2F%2Fgroups.google.com%2Fgroup%2Fentstrees%2Fbrowse_thread%2Fthread%2Fb8278e3db96bdc99%3Fhl%3Den","N"
"Black Oak","Quercus velutina","Maryland","Prince George's","Belt Woods - South Tract","","","This visit was to find and remeasure trees that Colby Rucker measured in 2001. His measurements can be found at:","","128414","1","","","","Public - State","135.3'","Clinometer/laser rangefinder/sine","9.5'","114''","","","Colby Rucker","2001-09-30","http%3A%2F%2Fgroups.google.com%2Fgroup%2Fentstrees%2Fbrowse_thread%2Fthread%2Fb8278e3db96bdc99%3Fhl%3Den","N"
"Black Oak","Quercus velutina","Maryland","Prince George's","Belt Woods - South Tract","","","This visit was to find and remeasure trees that Colby Rucker measured in 2001. His measurements can be found at:","","128382","1","","","","Public - State","138.6'","Clinometer/laser rangefinder/sine","10.1'","121''","","Measured by Will Blozan","Will Blozan, Darian Copiz, Gaines Mcmartin","2010-01-24","http%3A%2F%2Fgroups.google.com%2Fgroup%2Fentstrees%2Fbrowse_thread%2Fthread%2Fb8278e3db96bdc99%3Fhl%3Den","N"
"Black Oak","Quercus velutina","Maryland","Prince George's","Belt Woods - South Tract","","","This visit was to find and remeasure trees that Colby Rucker measured in 2001. His measurements can be found at:","","128413","1","","","","Public - State","143.4'","Clinometer/laser rangefinder/sine","14.2'","170''","","","Colby Rucker","2001-09-30","http%3A%2F%2Fgroups.google.com%2Fgroup%2Fentstrees%2Fbrowse_thread%2Fthread%2Fb8278e3db96bdc99%3Fhl%3Den","N"
"Black Walnut","Juglans nigra","Maryland","Prince George's","Belt Woods - South Tract","","","This visit was to find and remeasure trees that Colby Rucker measured in 2001. His measurements can be found at:","","128400","1","","","","Public - State","","Clinometer/laser rangefinder/sine","5.9'","71''","","","Will Blozan, Darian Copiz, Gaines Mcmartin","2010-01-24","http%3A%2F%2Fgroups.google.com%2Fgroup%2Fentstrees%2Fbrowse_thread%2Fthread%2Fb8278e3db96bdc99%3Fhl%3Den","N"
"Black Walnut","Juglans nigra","Maryland","Prince George's","Belt Woods - South Tract","","","This visit was to find and remeasure trees that Colby Rucker measured in 2001. His measurements can be found at:","","128422","1","","","","Public - State","111.4'","Clinometer/laser rangefinder/sine","6.0'","72''","","","Colby Rucker","2001-09-30","http%3A%2F%2Fgroups.google.com%2Fgroup%2Fentstrees%2Fbrowse_thread%2Fthread%2Fb8278e3db96bdc99%3Fhl%3Den","N"
"Blackgum","Nyssa sylvatica","Maryland","Prince George's","Belt Woods - South Tract","","","This visit was to find and remeasure trees that Colby Rucker measured in 2001. His measurements can be found at:","","128420","1","","","","Public - State","","Clinometer/laser rangefinder/sine","7.7'","92''","","","Colby Rucker","2001-09-30","http%3A%2F%2Fgroups.google.com%2Fgroup%2Fentstrees%2Fbrowse_thread%2Fthread%2Fb8278e3db96bdc99%3Fhl%3Den","N"
"Blackgum","Nyssa sylvatica","Maryland","Prince George's","Belt Woods - South Tract","","","This visit was to find and remeasure trees that Colby Rucker measured in 2001. His measurements can be found at:","","128419","1","","","","Public - State","112.8'","Clinometer/laser rangefinder/sine","5.3'","64''","","","Colby Rucker","2001-09-30","http%3A%2F%2Fgroups.google.com%2Fgroup%2Fentstrees%2Fbrowse_thread%2Fthread%2Fb8278e3db96bdc99%3Fhl%3Den","N"
"Blackgum","Nyssa sylvatica","Maryland","Prince George's","Belt Woods - South Tract","","","This visit was to find and remeasure trees that Colby Rucker measured in 2001. His measurements can be found at:","","128418","1","","","","Public - State","124.1'","Clinometer/laser rangefinder/sine","6.5'","78''","","","Colby Rucker","2001-09-30","http%3A%2F%2Fgroups.google.com%2Fgroup%2Fentstrees%2Fbrowse_thread%2Fthread%2Fb8278e3db96bdc99%3Fhl%3Den","N"
"Blackgum","Nyssa sylvatica","Maryland","Prince George's","Belt Woods - South Tract","","","This visit was to find and remeasure trees that Colby Rucker measured in 2001. His measurements can be found at:","","128385","1","","","","Public - State","124.7'","Clinometer/laser rangefinder/sine","6.7'","80''","","Measured by Will Blozan
A re-measurement of one of Colbys 2001 trees. Previous measurements were 6.5' x 124.1'","Will Blozan, Darian Copiz, Gaines Mcmartin","2010-01-24","http%3A%2F%2Fgroups.google.com%2Fgroup%2Fentstrees%2Fbrowse_thread%2Fthread%2Fb8278e3db96bdc99%3Fhl%3Den","N"
"Blackhaw","Viburnum prunifolium","Maryland","Prince George's","Belt Woods - South Tract","","","This visit was to find and remeasure trees that Colby Rucker measured in 2001. His measurements can be found at:","","128453","1","","","","Public - State","19.1'","Clinometer/laser rangefinder/sine","1.3'","15''","","","Colby Rucker","2001-09-30","http%3A%2F%2Fgroups.google.com%2Fgroup%2Fentstrees%2Fbrowse_thread%2Fthread%2Fb8278e3db96bdc99%3Fhl%3Den","N"
"Boxelder","Acer negundo var. negundo","Maryland","Prince George's","Belt Woods - South Tract","","","This visit was to find and remeasure trees that Colby Rucker measured in 2001. His measurements can be found at:","","128450","1","","","","Public - State","27.8'","Clinometer/laser rangefinder/sine","0.8'","9''","","","Colby Rucker","2001-09-30","http%3A%2F%2Fgroups.google.com%2Fgroup%2Fentstrees%2Fbrowse_thread%2Fthread%2Fb8278e3db96bdc99%3Fhl%3Den","N"
"Callery Pear","Pyrus calleryana","Maryland","Prince George's","Belt Woods - South Tract","","","This visit was to find and remeasure trees that Colby Rucker measured in 2001. His measurements can be found at:","","128437","1","","","","Public - State","40.7'","Clinometer/laser rangefinder/sine","10.0'","120''","","","Colby Rucker","2001-09-30","http%3A%2F%2Fgroups.google.com%2Fgroup%2Fentstrees%2Fbrowse_thread%2Fthread%2Fb8278e3db96bdc99%3Fhl%3Den","N"
"Common Hackberry","Celtis occidentalis","Maryland","Prince George's","Belt Woods - South Tract","","","This visit was to find and remeasure trees that Colby Rucker measured in 2001. His measurements can be found at:","","128435","1","","","","Public - State","44.8'","Clinometer/laser rangefinder/sine","2.5'","30''","","","Colby Rucker","2001-09-30","http%3A%2F%2Fgroups.google.com%2Fgroup%2Fentstrees%2Fbrowse_thread%2Fthread%2Fb8278e3db96bdc99%3Fhl%3Den","N"
"Crapemyrtle","Lagerstroemia indica","Maryland","Prince George's","Belt Woods - South Tract","","","This visit was to find and remeasure trees that Colby Rucker measured in 2001. His measurements can be found at:","","128454","1","","","","Public - State","17.1'","Clinometer/laser rangefinder/sine","0.4'","5''","","","Colby Rucker","2001-09-30","http%3A%2F%2Fgroups.google.com%2Fgroup%2Fentstrees%2Fbrowse_thread%2Fthread%2Fb8278e3db96bdc99%3Fhl%3Den","N"
"Eastern Redcedar","Juniperus virginiana var. virginiana","Maryland","Prince George's","Belt Woods - South Tract","","","This visit was to find and remeasure trees that Colby Rucker measured in 2001. His measurements can be found at:","","128443","1","","","","Public - State","17.0'","Clinometer/laser rangefinder/sine","0.7'","8''","","","Colby Rucker","2001-09-30","http%3A%2F%2Fgroups.google.com%2Fgroup%2Fentstrees%2Fbrowse_thread%2Fthread%2Fb8278e3db96bdc99%3Fhl%3Den","N"
"Flowering Dogwood","Cornus florida","Maryland","Prince George's","Belt Woods - South Tract","","","This visit was to find and remeasure trees that Colby Rucker measured in 2001. His measurements can be found at:","","128449","1","","","","Public - State","38.2'","Clinometer/laser rangefinder/sine","2.0'","24''","","","Colby Rucker","2001-09-30","http%3A%2F%2Fgroups.google.com%2Fgroup%2Fentstrees%2Fbrowse_thread%2Fthread%2Fb8278e3db96bdc99%3Fhl%3Den","N"
"Mockernut Hickory","Carya tomentosa","Maryland","Prince George's","Belt Woods - South Tract","","","This visit was to find and remeasure trees that Colby Rucker measured in 2001. His measurements can be found at:","","128399","1","","","","Public - State","","Clinometer/laser rangefinder/sine","7.8'","94''","","","Will Blozan, Darian Copiz, Gaines Mcmartin","2010-01-24","http%3A%2F%2Fgroups.google.com%2Fgroup%2Fentstrees%2Fbrowse_thread%2Fthread%2Fb8278e3db96bdc99%3Fhl%3Den","N"
"Mockernut Hickory","Carya tomentosa","Maryland","Prince George's","Belt Woods - South Tract","","","This visit was to find and remeasure trees that Colby Rucker measured in 2001. His measurements can be found at:","","128383","1","","","","Public - State","133.0'","Clinometer/laser rangefinder/sine","5.6'","67''","","Measured by Will Blozan","Will Blozan, Darian Copiz, Gaines Mcmartin","2010-01-24","http%3A%2F%2Fgroups.google.com%2Fgroup%2Fentstrees%2Fbrowse_thread%2Fthread%2Fb8278e3db96bdc99%3Fhl%3Den","N"
"Northern Red Oak","Quercus rubra","Maryland","Prince George's","Belt Woods - South Tract","","","This visit was to find and remeasure trees that Colby Rucker measured in 2001. His measurements can be found at:","","128411","1","","","","Public - State","134.0'","Clinometer/laser rangefinder/sine","12.9'","155''","","","Colby Rucker","2001-09-30","http%3A%2F%2Fgroups.google.com%2Fgroup%2Fentstrees%2Fbrowse_thread%2Fthread%2Fb8278e3db96bdc99%3Fhl%3Den","N"
"Northern Red Oak","Quercus rubra","Maryland","Prince George's","Belt Woods - South Tract","","","This visit was to find and remeasure trees that Colby Rucker measured in 2001. His measurements can be found at:","","128410","1","","","","Public - State","144.4'","Clinometer/laser rangefinder/sine","7.7'","92''","","","Colby Rucker","2001-09-30","http%3A%2F%2Fgroups.google.com%2Fgroup%2Fentstrees%2Fbrowse_thread%2Fthread%2Fb8278e3db96bdc99%3Fhl%3Den","N"
"Northern Red Oak","Quercus rubra","Maryland","Prince George's","Belt Woods - South Tract","","","This visit was to find and remeasure trees that Colby Rucker measured in 2001. His measurements can be found at:","","128380","1","","","","Public - State","144.9'","Clinometer/laser rangefinder/sine","15.1'","181''","","Measured by Will Blozan","Will Blozan, Darian Copiz, Gaines Mcmartin","2010-01-24","http%3A%2F%2Fgroups.google.com%2Fgroup%2Fentstrees%2Fbrowse_thread%2Fthread%2Fb8278e3db96bdc99%3Fhl%3Den","N"
"Northern Spicebush","Lindera benzoin","Maryland","Prince George's","Belt Woods - South Tract","","","This visit was to find and remeasure trees that Colby Rucker measured in 2001. His measurements can be found at:","","128455","1","","","","Public - State","15.3'","Clinometer/laser rangefinder/sine","0.4'","5''","","","Colby Rucker","2001-09-30","http%3A%2F%2Fgroups.google.com%2Fgroup%2Fentstrees%2Fbrowse_thread%2Fthread%2Fb8278e3db96bdc99%3Fhl%3Den","N"
"Norway Maple","Acer platanoides","Maryland","Prince George's","Belt Woods - South Tract","","","This visit was to find and remeasure trees that Colby Rucker measured in 2001. His measurements can be found at:","","128447","1","","","","Public - State","59.3'","Clinometer/laser rangefinder/sine","2.0'","24''","","","Colby Rucker","2001-09-30","http%3A%2F%2Fgroups.google.com%2Fgroup%2Fentstrees%2Fbrowse_thread%2Fthread%2Fb8278e3db96bdc99%3Fhl%3Den","N"
"Pawpaw","Asimina triloba","Maryland","Prince George's","Belt Woods - South Tract","","","This visit was to find and remeasure trees that Colby Rucker measured in 2001. His measurements can be found at:","","128452","1","","","","Public - State","21.6'","Clinometer/laser rangefinder/sine","0.7'","8''","","","Colby Rucker","2001-09-30","http%3A%2F%2Fgroups.google.com%2Fgroup%2Fentstrees%2Fbrowse_thread%2Fthread%2Fb8278e3db96bdc99%3Fhl%3Den","N"
"Peach","Prunus persica","Maryland","Prince George's","Belt Woods - South Tract","","","This visit was to find and remeasure trees that Colby Rucker measured in 2001. His measurements can be found at:","","128456","1","","","","Public - State","8.3'","Clinometer/laser rangefinder/sine","","","","In Colby trip report he called this Prunus amygdalus with a common name of Peach. The scientific name indicates Almond.","Colby Rucker","2001-09-30","http%3A%2F%2Fgroups.google.com%2Fgroup%2Fentstrees%2Fbrowse_thread%2Fthread%2Fb8278e3db96bdc99%3Fhl%3Den","N"
"Pignut Hickory","Carya glabra","Maryland","Prince George's","Belt Woods - South Tract","","","This visit was to find and remeasure trees that Colby Rucker measured in 2001. His measurements can be found at:","","128424","1","","","","Public - State","97.5'","Clinometer/laser rangefinder/sine","","","","","Colby Rucker","2001-09-30","http%3A%2F%2Fgroups.google.com%2Fgroup%2Fentstrees%2Fbrowse_thread%2Fthread%2Fb8278e3db96bdc99%3Fhl%3Den","N"
"Pignut Hickory","Carya glabra","Maryland","Prince George's","Belt Woods - South Tract","","","This visit was to find and remeasure trees that Colby Rucker measured in 2001. His measurements can be found at:","","128423","1","","","","Public - State","98.5'","Clinometer/laser rangefinder/sine","3.6'","43''","","","Colby Rucker","2001-09-30","http%3A%2F%2Fgroups.google.com%2Fgroup%2Fentstrees%2Fbrowse_thread%2Fthread%2Fb8278e3db96bdc99%3Fhl%3Den","N"
"Princesstree","Paulownia tomentosa","Maryland","Prince George's","Belt Woods - South Tract","","","This visit was to find and remeasure trees that Colby Rucker measured in 2001. His measurements can be found at:","","128434","1","","","","Public - State","46.8'","Clinometer/laser rangefinder/sine","3.1'","37''","","","Colby Rucker","2001-09-30","http%3A%2F%2Fgroups.google.com%2Fgroup%2Fentstrees%2Fbrowse_thread%2Fthread%2Fb8278e3db96bdc99%3Fhl%3Den","N"
"Red Maple","Acer rubrum","Maryland","Prince George's","Belt Woods - South Tract","","","This visit was to find and remeasure trees that Colby Rucker measured in 2001. His measurements can be found at:","","128425","1","","","","Public - State","88.4'","Clinometer/laser rangefinder/sine","4.8'","58''","","","Colby Rucker","2001-09-30","http%3A%2F%2Fgroups.google.com%2Fgroup%2Fentstrees%2Fbrowse_thread%2Fthread%2Fb8278e3db96bdc99%3Fhl%3Den","N"
"Red Mulberry","Morus rubra var. rubra","Maryland","Prince George's","Belt Woods - South Tract","","","This visit was to find and remeasure trees that Colby Rucker measured in 2001. His measurements can be found at:","","128440","1","","","","Public - State","29.3'","Clinometer/laser rangefinder/sine","1.4'","17''","","","Colby Rucker","2001-09-30","http%3A%2F%2Fgroups.google.com%2Fgroup%2Fentstrees%2Fbrowse_thread%2Fthread%2Fb8278e3db96bdc99%3Fhl%3Den","N"
"River Birch","Betula nigra","Maryland","Prince George's","Belt Woods - South Tract","","","This visit was to find and remeasure trees that Colby Rucker measured in 2001. His measurements can be found at:","","128433","1","","","","Public - State","57.0'","Clinometer/laser rangefinder/sine","","","","","Colby Rucker","2001-09-30","http%3A%2F%2Fgroups.google.com%2Fgroup%2Fentstrees%2Fbrowse_thread%2Fthread%2Fb8278e3db96bdc99%3Fhl%3Den","N"
"River Birch","Betula nigra","Maryland","Prince George's","Belt Woods - South Tract","","","This visit was to find and remeasure trees that Colby Rucker measured in 2001. His measurements can be found at:","","128432","1","","","","Public - State","68.4'","Clinometer/laser rangefinder/sine","4.5'","54''","","","Colby Rucker","2001-09-30","http%3A%2F%2Fgroups.google.com%2Fgroup%2Fentstrees%2Fbrowse_thread%2Fthread%2Fb8278e3db96bdc99%3Fhl%3Den","N"
"Sand Hickory","Carya pallida","Maryland","Prince George's","Belt Woods - South Tract","","","This visit was to find and remeasure trees that Colby Rucker measured in 2001. His measurements can be found at:","","128395","1","","","","Public - State","135.2'","Clinometer/laser rangefinder/sine","7.1'","85''","","","Will Blozan, Darian Copiz, Gaines Mcmartin","2010-01-24","http%3A%2F%2Fgroups.google.com%2Fgroup%2Fentstrees%2Fbrowse_thread%2Fthread%2Fb8278e3db96bdc99%3Fhl%3Den","N"
"Sand Hickory","Carya pallida","Maryland","Prince George's","Belt Woods - South Tract","","","This visit was to find and remeasure trees that Colby Rucker measured in 2001. His measurements can be found at:","","128416","1","","","","Public - State","137.4'","Clinometer/laser rangefinder/sine","7.4'","89''","","","Colby Rucker","2001-09-30","http%3A%2F%2Fgroups.google.com%2Fgroup%2Fentstrees%2Fbrowse_thread%2Fthread%2Fb8278e3db96bdc99%3Fhl%3Den","N"
"Sand Hickory","Carya pallida","Maryland","Prince George's","Belt Woods - South Tract","","","This visit was to find and remeasure trees that Colby Rucker measured in 2001. His measurements can be found at:","","128381","1","","","","Public - State","142.9'","Clinometer/laser rangefinder/sine","7.7'","92''","","Measured by Will Blozan
Tentative ID for this tree
A re-measurement of one of Colbys 2001 trees. previous measured at 7.6' x 137.4'","Will Blozan, Darian Copiz, Gaines Mcmartin","2010-01-24","http%3A%2F%2Fgroups.google.com%2Fgroup%2Fentstrees%2Fbrowse_thread%2Fthread%2Fb8278e3db96bdc99%3Fhl%3Den","N"
"Sassafras","Sassafras albidum","Maryland","Prince George's","Belt Woods - South Tract","","","This visit was to find and remeasure trees that Colby Rucker measured in 2001. His measurements can be found at:","","128436","1","","","","Public - State","42.0'","Clinometer/laser rangefinder/sine","2.5'","30''","","","Colby Rucker","2001-09-30","http%3A%2F%2Fgroups.google.com%2Fgroup%2Fentstrees%2Fbrowse_thread%2Fthread%2Fb8278e3db96bdc99%3Fhl%3Den","N"
"Sassafras","Sassafras albidum","Maryland","Prince George's","Belt Woods - South Tract","","","This visit was to find and remeasure trees that Colby Rucker measured in 2001. His measurements can be found at:","","128387","1","","","","Public - State","87.9'","Clinometer/laser rangefinder/sine","3.5'","42''","","A re-measurement of one of Colbys 2001 trees.","Will Blozan, Darian Copiz, Gaines Mcmartin","2010-01-24","http%3A%2F%2Fgroups.google.com%2Fgroup%2Fentstrees%2Fbrowse_thread%2Fthread%2Fb8278e3db96bdc99%3Fhl%3Den","N"
"Silktree","Albizia julibrissin","Maryland","Prince George's","Belt Woods - South Tract","","","This visit was to find and remeasure trees that Colby Rucker measured in 2001. His measurements can be found at:","","128441","1","","","","Public - State","24.3'","Clinometer/laser rangefinder/sine","1.8'","21''","","","Colby Rucker","2001-09-30","http%3A%2F%2Fgroups.google.com%2Fgroup%2Fentstrees%2Fbrowse_thread%2Fthread%2Fb8278e3db96bdc99%3Fhl%3Den","N"
"Silver Maple","Acer saccharinum","Maryland","Prince George's","Belt Woods - South Tract","","","This visit was to find and remeasure trees that Colby Rucker measured in 2001. His measurements can be found at:","","128442","1","","","","Public - State","19.9'","Clinometer/laser rangefinder/sine","0.8'","10''","","","Colby Rucker","2001-09-30","http%3A%2F%2Fgroups.google.com%2Fgroup%2Fentstrees%2Fbrowse_thread%2Fthread%2Fb8278e3db96bdc99%3Fhl%3Den","N"
"Slippery Elm","Ulmus rubra","Maryland","Prince George's","Belt Woods - South Tract","","","This visit was to find and remeasure trees that Colby Rucker measured in 2001. His measurements can be found at:","","128391","1","","","","Public - State","79.0'","Clinometer/laser rangefinder/sine","3.2'","38''","","","Will Blozan, Darian Copiz, Gaines Mcmartin","2010-01-24","http%3A%2F%2Fgroups.google.com%2Fgroup%2Fentstrees%2Fbrowse_thread%2Fthread%2Fb8278e3db96bdc99%3Fhl%3Den","N"
"Southern Red Oak","Quercus falcata","Maryland","Prince George's","Belt Woods - South Tract","","","This visit was to find and remeasure trees that Colby Rucker measured in 2001. His measurements can be found at:","","128427","1","","","","Public - State","100.6'","Clinometer/laser rangefinder/sine","6.5'","78''","","","Colby Rucker","2001-09-30","http%3A%2F%2Fgroups.google.com%2Fgroup%2Fentstrees%2Fbrowse_thread%2Fthread%2Fb8278e3db96bdc99%3Fhl%3Den","N"
"Sweet Cherry","Prunus avium","Maryland","Prince George's","Belt Woods - South Tract","","","This visit was to find and remeasure trees that Colby Rucker measured in 2001. His measurements can be found at:","","128428","1","","","","Public - State","89.2'","Clinometer/laser rangefinder/sine","6.3'","76''","","","Colby Rucker","2001-09-30","http%3A%2F%2Fgroups.google.com%2Fgroup%2Fentstrees%2Fbrowse_thread%2Fthread%2Fb8278e3db96bdc99%3Fhl%3Den","N"
"Sweetgum","Liquidambar styraciflua","Maryland","Prince George's","Belt Woods - South Tract","","","This visit was to find and remeasure trees that Colby Rucker measured in 2001. His measurements can be found at:","","128421","1","","","","Public - State","118.1'","Clinometer/laser rangefinder/sine","6.3'","76''","","","Colby Rucker","2001-09-30","http%3A%2F%2Fgroups.google.com%2Fgroup%2Fentstrees%2Fbrowse_thread%2Fthread%2Fb8278e3db96bdc99%3Fhl%3Den","N"
"Sweetgum","Liquidambar styraciflua","Maryland","Prince George's","Belt Woods - South Tract","","","This visit was to find and remeasure trees that Colby Rucker measured in 2001. His measurements can be found at:","","128386","1","","","","Public - State","121.2'","Clinometer/laser rangefinder/sine","6.3'","76''","","Measured by Darian Copiz
A re-measurement of one of Colbys 2001 trees. Previous measurement 6.3' x 118.1","Will Blozan, Darian Copiz, Gaines Mcmartin","2010-01-24","http%3A%2F%2Fgroups.google.com%2Fgroup%2Fentstrees%2Fbrowse_thread%2Fthread%2Fb8278e3db96bdc99%3Fhl%3Den","N"
"Tree Of Heaven","Ailanthus altissima","Maryland","Prince George's","Belt Woods - South Tract","","","This visit was to find and remeasure trees that Colby Rucker measured in 2001. His measurements can be found at:","","128444","1","","","","Public - State","14.1'","Clinometer/laser rangefinder/sine","0.7'","9''","","","Colby Rucker","2001-09-30","http%3A%2F%2Fgroups.google.com%2Fgroup%2Fentstrees%2Fbrowse_thread%2Fthread%2Fb8278e3db96bdc99%3Fhl%3Den","N"
"Tuliptree","Liriodendron tulipifera","Maryland","Prince George's","Belt Woods - South Tract","","","This visit was to find and remeasure trees that Colby Rucker measured in 2001. His measurements can be found at:","","128396","1","","","","Public - State","","Clinometer/laser rangefinder/sine","16.5'","198''","","","Will Blozan, Darian Copiz, Gaines Mcmartin","2010-01-24","http%3A%2F%2Fgroups.google.com%2Fgroup%2Fentstrees%2Fbrowse_thread%2Fthread%2Fb8278e3db96bdc99%3Fhl%3Den","N"
"Tuliptree","Liriodendron tulipifera","Maryland","Prince George's","Belt Woods - South Tract","","","This visit was to find and remeasure trees that Colby Rucker measured in 2001. His measurements can be found at:","","128409","1","","","","Public - State","131.3'","Clinometer/laser rangefinder/sine","14.7'","176''","","","Colby Rucker","2001-09-30","http%3A%2F%2Fgroups.google.com%2Fgroup%2Fentstrees%2Fbrowse_thread%2Fthread%2Fb8278e3db96bdc99%3Fhl%3Den","N"
"Tuliptree","Liriodendron tulipifera","Maryland","Prince George's","Belt Woods - South Tract","","","This visit was to find and remeasure trees that Colby Rucker measured in 2001. His measurements can be found at:","","128408","1","","","","Public - State","152.1'","Clinometer/laser rangefinder/sine","12.4'","149''","","","Colby Rucker","2001-09-30","http%3A%2F%2Fgroups.google.com%2Fgroup%2Fentstrees%2Fbrowse_thread%2Fthread%2Fb8278e3db96bdc99%3Fhl%3Den","N"
"Tuliptree","Liriodendron tulipifera","Maryland","Prince George's","Belt Woods - South Tract","","","This visit was to find and remeasure trees that Colby Rucker measured in 2001. His measurements can be found at:","","128407","1","","","","Public - State","152.3'","Clinometer/laser rangefinder/sine","15.8'","189''","","","Colby Rucker","2001-09-30","http%3A%2F%2Fgroups.google.com%2Fgroup%2Fentstrees%2Fbrowse_thread%2Fthread%2Fb8278e3db96bdc99%3Fhl%3Den","N"
"Tuliptree","Liriodendron tulipifera","Maryland","Prince George's","Belt Woods - South Tract","","","This visit was to find and remeasure trees that Colby Rucker measured in 2001. His measurements can be found at:","","128406","1","","","","Public - State","152.5'","Clinometer/laser rangefinder/sine","11.2'","134''","","","Colby Rucker","2001-09-30","http%3A%2F%2Fgroups.google.com%2Fgroup%2Fentstrees%2Fbrowse_thread%2Fthread%2Fb8278e3db96bdc99%3Fhl%3Den","N"
"Tuliptree","Liriodendron tulipifera","Maryland","Prince George's","Belt Woods - South Tract","","","This visit was to find and remeasure trees that Colby Rucker measured in 2001. His measurements can be found at:","","128405","1","","","","Public - State","152.9'","Clinometer/laser rangefinder/sine","12.2'","146''","","","Colby Rucker","2001-09-30","http%3A%2F%2Fgroups.google.com%2Fgroup%2Fentstrees%2Fbrowse_thread%2Fthread%2Fb8278e3db96bdc99%3Fhl%3Den","N"
"Tuliptree","Liriodendron tulipifera","Maryland","Prince George's","Belt Woods - South Tract","","","This visit was to find and remeasure trees that Colby Rucker measured in 2001. His measurements can be found at:","","128404","1","","","","Public - State","153.7'","Clinometer/laser rangefinder/sine","10.6'","127''","","","Colby Rucker","2001-09-30","http%3A%2F%2Fgroups.google.com%2Fgroup%2Fentstrees%2Fbrowse_thread%2Fthread%2Fb8278e3db96bdc99%3Fhl%3Den","N"
"Tuliptree","Liriodendron tulipifera","Maryland","Prince George's","Belt Woods - South Tract","","","This visit was to find and remeasure trees that Colby Rucker measured in 2001. His measurements can be found at:","","128392","1","","","","Public - State","159.1'","Clinometer/laser rangefinder/sine","14.4'","173''","","Measured by Gaines McMartin","Will Blozan, Darian Copiz, Gaines Mcmartin","2010-01-24","http%3A%2F%2Fgroups.google.com%2Fgroup%2Fentstrees%2Fbrowse_thread%2Fthread%2Fb8278e3db96bdc99%3Fhl%3Den","N"
"Tuliptree","Liriodendron tulipifera","Maryland","Prince George's","Belt Woods - South Tract","","","This visit was to find and remeasure trees that Colby Rucker measured in 2001. His measurements can be found at:","","128403","1","","","","Public - State","159.6'","Clinometer/laser rangefinder/sine","10.7'","128''","","","Colby Rucker","2001-09-30","http%3A%2F%2Fgroups.google.com%2Fgroup%2Fentstrees%2Fbrowse_thread%2Fthread%2Fb8278e3db96bdc99%3Fhl%3Den","N"
"Tuliptree","Liriodendron tulipifera","Maryland","Prince George's","Belt Woods - South Tract","","","This visit was to find and remeasure trees that Colby Rucker measured in 2001. His measurements can be found at:","","128389","1","","","","Public - State","161.2'","Clinometer/laser rangefinder/sine","12.9'","155''","","A re-measurement of one 0f Colbys 2001 trees.","Will Blozan, Darian Copiz, Gaines Mcmartin","2010-01-24","http%3A%2F%2Fgroups.google.com%2Fgroup%2Fentstrees%2Fbrowse_thread%2Fthread%2Fb8278e3db96bdc99%3Fhl%3Den","N"
"Tuliptree","Liriodendron tulipifera","Maryland","Prince George's","Belt Woods - South Tract","38 54.171","-076 45.596","This visit was to find and remeasure trees that Colby Rucker measured in 2001. His measurements can be found at:","","45099","2","38 54.171","-076 45.596","","Public - State","164.1'","Clinometer/laser rangefinder/sine","13.2'","158''","","Measured by Will Blozan
A re-measurement of one of Colbys 2001 trees originally measured at 159.9' x 12.4'","Will Blozan, Darian Copiz, Gaines Mcmartin, Colby Rucker","2010-01-24","http%3A%2F%2Fgroups.google.com%2Fgroup%2Fentstrees%2Fbrowse_thread%2Fthread%2Fb8278e3db96bdc99%3Fhl%3Den","N"
"White Oak","Quercus alba","Maryland","Prince George's","Belt Woods - South Tract","","","This visit was to find and remeasure trees that Colby Rucker measured in 2001. His measurements can be found at:","","128397","1","","","","Public - State","","Clinometer/laser rangefinder/sine","13.3'","160''","","","Will Blozan, Darian Copiz, Gaines Mcmartin","2010-01-24","http%3A%2F%2Fgroups.google.com%2Fgroup%2Fentstrees%2Fbrowse_thread%2Fthread%2Fb8278e3db96bdc99%3Fhl%3Den","N"
"White Oak","Quercus alba","Maryland","Prince George's","Belt Woods - South Tract","","","This visit was to find and remeasure trees that Colby Rucker measured in 2001. His measurements can be found at:","","128393","1","","","","Public - State","134.6'","Clinometer/laser rangefinder/sine","10.5'","126''","","","Will Blozan, Darian Copiz, Gaines Mcmartin","2010-01-24","http%3A%2F%2Fgroups.google.com%2Fgroup%2Fentstrees%2Fbrowse_thread%2Fthread%2Fb8278e3db96bdc99%3Fhl%3Den","N"
"White Oak","Quercus alba","Maryland","Prince George's","Belt Woods - South Tract","","","This visit was to find and remeasure trees that Colby Rucker measured in 2001. His measurements can be found at:","","128394","1","","","","Public - State","141.4'","Clinometer/laser rangefinder/sine","8.0'","96''","","Measured by Gaines McMartin","Will Blozan, Darian Copiz, Gaines Mcmartin","2010-01-24","http%3A%2F%2Fgroups.google.com%2Fgroup%2Fentstrees%2Fbrowse_thread%2Fthread%2Fb8278e3db96bdc99%3Fhl%3Den","N"
"White Oak","Quercus alba","Maryland","Prince George's","Belt Woods - South Tract","","","This visit was to find and remeasure trees that Colby Rucker measured in 2001. His measurements can be found at:","","128412","1","","","","Public - State","143.7'","Clinometer/laser rangefinder/sine","11.1'","133''","","","Colby Rucker","2001-09-30","http%3A%2F%2Fgroups.google.com%2Fgroup%2Fentstrees%2Fbrowse_thread%2Fthread%2Fb8278e3db96bdc99%3Fhl%3Den","N"
"White Oak","Quercus alba","Maryland","Prince George's","Belt Woods - South Tract","","","This visit was to find and remeasure trees that Colby Rucker measured in 2001. His measurements can be found at:","","128390","1","","","","Public - State","145.6'","Clinometer/laser rangefinder/sine","9.4'","113''","","A re-measurement of one of Colbys 2001 trees.","Will Blozan, Darian Copiz, Gaines Mcmartin","2010-01-24","http%3A%2F%2Fgroups.google.com%2Fgroup%2Fentstrees%2Fbrowse_thread%2Fthread%2Fb8278e3db96bdc99%3Fhl%3Den","N"
"White Oak","Quercus alba","Maryland","Prince George's","Belt Woods - South Tract","","","This visit was to find and remeasure trees that Colby Rucker measured in 2001. His measurements can be found at:","","128379","1","","","","Public - State","145.8'","Clinometer/laser rangefinder/sine","13.2'","158''","","Measured by Darian Copiz","Will Blozan, Darian Copiz, Gaines Mcmartin","2010-01-24","http%3A%2F%2Fgroups.google.com%2Fgroup%2Fentstrees%2Fbrowse_thread%2Fthread%2Fb8278e3db96bdc99%3Fhl%3Den","N"
"Willow Oak","Quercus phellos","Maryland","Prince George's","Belt Woods - South Tract","","","This visit was to find and remeasure trees that Colby Rucker measured in 2001. His measurements can be found at:","","128438","1","","","","Public - State","36.6'","Clinometer/laser rangefinder/sine","4.5'","54''","","","Colby Rucker","2001-09-30","http%3A%2F%2Fgroups.google.com%2Fgroup%2Fentstrees%2Fbrowse_thread%2Fthread%2Fb8278e3db96bdc99%3Fhl%3Den","N"
"American Beech","Fagus grandifolia","Maryland","Prince George's","Patuxent Wildlife Research Center","","","","","45416","1","","","","Public - Federal, Fish & Wildlife","110.8'","Clinometer/laser rangefinder/sine","10.4'","125''","","","Darian Copiz","2011-08-23","http%3A%2F%2Fwww.ents-bbs.org%2Fviewtopic.php%3Ff%3D85%26t%3D2899","N"
"American Hornbeam","Carpinus caroliniana","Maryland","Prince George's","Patuxent Wildlife Research Center","39 03.108","-076 47.808","","","45414","1","39 03.108","-076 47.808","","Public - Federal, Fish & Wildlife","55.0'","Clinometer/laser rangefinder/sine","3.8'","46''","","Tree laying on ground","Darian Copiz","2011-08-23","http%3A%2F%2Fwww.ents-bbs.org%2Fviewtopic.php%3Ff%3D85%26t%3D2899","N"
"American Hornbeam","Carpinus caroliniana","Maryland","Prince George's","Patuxent Wildlife Research Center","","","","","45415","1","","","","Public - Federal, Fish & Wildlife","56.5'","Clinometer/laser rangefinder/sine","3.7'","44''","","","Darian Copiz","2011-08-23","http%3A%2F%2Fwww.ents-bbs.org%2Fviewtopic.php%3Ff%3D85%26t%3D2899","N"
"American Sycamore","Platanus occidentalis","Maryland","Prince George's","Patuxent Wildlife Research Center","","","","","45426","1","","","","Public - Federal, Fish & Wildlife","119.0'","Clinometer/laser rangefinder/sine","20.4'","245''","","","Darian Copiz","2011-08-23","http%3A%2F%2Fwww.ents-bbs.org%2Fviewtopic.php%3Ff%3D85%26t%3D2899","N"
"Green Ash","Fraxinus pennsylvanica","Maryland","Prince George's","Patuxent Wildlife Research Center","","","","","45418","1","","","","Public - Federal, Fish & Wildlife","120.5'","Clinometer/laser rangefinder/sine","10.8'","130''","","","Darian Copiz","2011-08-23","http%3A%2F%2Fwww.ents-bbs.org%2Fviewtopic.php%3Ff%3D85%26t%3D2899","N"
"Green Ash","Fraxinus pennsylvanica","Maryland","Prince George's","Patuxent Wildlife Research Center","","","","","45419","1","","","","Public - Federal, Fish & Wildlife","126.4'","Clinometer/laser rangefinder/sine","10.8'","130''","","","Darian Copiz","2011-08-23","http%3A%2F%2Fwww.ents-bbs.org%2Fviewtopic.php%3Ff%3D85%26t%3D2899","N"
"Overcup Oak","Quercus lyrata","Maryland","Prince George's","Patuxent Wildlife Research Center","","","","","45427","1","","","","Public - Federal, Fish & Wildlife","113.6'","Clinometer/laser rangefinder/sine","10.5'","126''","","","Darian Copiz","2011-08-23","http%3A%2F%2Fwww.ents-bbs.org%2Fviewtopic.php%3Ff%3D85%26t%3D2899","N"
"Pin Oak","Quercus palustris","Maryland","Prince George's","Patuxent Wildlife Research Center","","","","","45430","1","","","","Public - Federal, Fish & Wildlife","111.6'","Clinometer/laser rangefinder/sine","11.7'","140''","","","Darian Copiz","2011-08-23","http%3A%2F%2Fwww.ents-bbs.org%2Fviewtopic.php%3Ff%3D85%26t%3D2899","N"
"Poison Sumac","Toxicodendron vernix","Maryland","Prince George's","Patuxent Wildlife Research Center","","","","","45431","1","","","","Public - Federal, Fish & Wildlife","24.3'","Clinometer/laser rangefinder/sine","1.0'","12''","","","Darian Copiz","2011-08-23","http%3A%2F%2Fwww.ents-bbs.org%2Fviewtopic.php%3Ff%3D85%26t%3D2899","N"
"Swamp Chestnut Oak","Quercus michauxii","Maryland","Prince George's","Patuxent Wildlife Research Center","","","","","45428","1","","","","Public - Federal, Fish & Wildlife","107.6'","Clinometer/laser rangefinder/sine","10.3'","124''","","","Darian Copiz","2011-08-23","http%3A%2F%2Fwww.ents-bbs.org%2Fviewtopic.php%3Ff%3D85%26t%3D2899","N"
"Swamp Chestnut Oak","Quercus michauxii","Maryland","Prince George's","Patuxent Wildlife Research Center","","","","","45429","1","","","","Public - Federal, Fish & Wildlife","118.8'","Clinometer/laser rangefinder/sine","13.7'","164''","","","Darian Copiz","2011-08-23","http%3A%2F%2Fwww.ents-bbs.org%2Fviewtopic.php%3Ff%3D85%26t%3D2899","N"
"Sweetbay","Magnolia virginiana","Maryland","Prince George's","Patuxent Wildlife Research Center","","","","","45422","1","","","","Public - Federal, Fish & Wildlife","","Clinometer/laser rangefinder/sine","2.8'","34''","","Girth taken a 2' above ground level at midslope","Darian Copiz","2011-08-23","http%3A%2F%2Fwww.ents-bbs.org%2Fviewtopic.php%3Ff%3D85%26t%3D2899","N"
"Sweetbay","Magnolia virginiana","Maryland","Prince George's","Patuxent Wildlife Research Center","","","","","45423","1","","","","Public - Federal, Fish & Wildlife","","Clinometer/laser rangefinder/sine","1.8'","22''","","","Darian Copiz","2011-08-23","http%3A%2F%2Fwww.ents-bbs.org%2Fviewtopic.php%3Ff%3D85%26t%3D2899","N"
"Sweetbay","Magnolia virginiana","Maryland","Prince George's","Patuxent Wildlife Research Center","","","","","45424","1","","","","Public - Federal, Fish & Wildlife","55.7'","Clinometer/laser rangefinder/sine","1.8'","22''","","","Darian Copiz","2011-08-23","http%3A%2F%2Fwww.ents-bbs.org%2Fviewtopic.php%3Ff%3D85%26t%3D2899","N"
"Tuliptree","Liriodendron tulipifera","Maryland","Prince George's","Patuxent Wildlife Research Center","","","","","45421","1","","","","Public - Federal, Fish & Wildlife","127.5'","Clinometer/laser rangefinder/sine","15.0'","180''","","","Darian Copiz","2011-08-23","http%3A%2F%2Fwww.ents-bbs.org%2Fviewtopic.php%3Ff%3D85%26t%3D2899","N"
"Tuliptree","Liriodendron tulipifera","Maryland","Prince George's","Patuxent Wildlife Research Center","","","","","45420","1","","","","Public - Federal, Fish & Wildlife","137.1'","Clinometer/laser rangefinder/sine","13.0'","156''","","","Darian Copiz","2011-08-23","http%3A%2F%2Fwww.ents-bbs.org%2Fviewtopic.php%3Ff%3D85%26t%3D2899","N"
"Virginia Pine","Pinus virginiana","Maryland","Prince George's","Patuxent Wildlife Research Center","","","","","45425","1","","","","Public - Federal, Fish & Wildlife","112.3'","Clinometer/laser rangefinder/sine","3.5'","42''","","","Darian Copiz","2011-08-23","http%3A%2F%2Fwww.ents-bbs.org%2Fviewtopic.php%3Ff%3D85%26t%3D2899","N"
"White Ash","Fraxinus americana","Maryland","Prince George's","Patuxent Wildlife Research Center","","","","","45417","1","","","","Public - Federal, Fish & Wildlife","114.8'","Clinometer/laser rangefinder/sine","10.7'","128''","","","Darian Copiz","2011-08-23","http%3A%2F%2Fwww.ents-bbs.org%2Fviewtopic.php%3Ff%3D85%26t%3D2899","N"
"American Beech","Fagus grandifolia","Maryland","Prince George's","Swan Point Creek","","","site is within the Jug Bay Natural Area.","","158457","1","","","","Public-state","122.6'","Clinometer/laser rangefinder/sine","8.2'","98''","","","Darian Copiz","2017-01-14","http%3A%2F%2Fwww.ents-bbs.org%2Fviewtopic.php%3Ff%3D85%26t%3D7917%23p39221","N"
"American Beech","Fagus grandifolia","Maryland","Prince George's","Swan Point Creek","","","site is within the Jug Bay Natural Area.","","158456","1","","","","Public-state","123.3'","Clinometer/laser rangefinder/sine","7.3'","88''","","","Darian Copiz","2017-01-14","http%3A%2F%2Fwww.ents-bbs.org%2Fviewtopic.php%3Ff%3D85%26t%3D7917%23p39221","N"
"Mockernut Hickory","Carya tomentosa","Maryland","Prince George's","Swan Point Creek","","","site is within the Jug Bay Natural Area.","","158459","1","","","","Public-state","116.2'","Clinometer/laser rangefinder/sine","4.8'","58''","","","Darian Copiz","2017-01-14","http%3A%2F%2Fwww.ents-bbs.org%2Fviewtopic.php%3Ff%3D85%26t%3D7917%23p39221","N"
"Northern Red Oak","Quercus rubra","Maryland","Prince George's","Swan Point Creek","","","site is within the Jug Bay Natural Area.","","158452","1","","","","Public-state","129.2'","Clinometer/laser rangefinder/sine","9.8'","118''","","","Darian Copiz","2017-01-14","http%3A%2F%2Fwww.ents-bbs.org%2Fviewtopic.php%3Ff%3D85%26t%3D7917%23p39221","N"
"Northern Red Oak","Quercus rubra","Maryland","Prince George's","Swan Point Creek","","","site is within the Jug Bay Natural Area.","","158451","1","","","","Public-state","131.7'","Clinometer/laser rangefinder/sine","9.3'","112''","","","Darian Copiz","2017-01-14","http%3A%2F%2Fwww.ents-bbs.org%2Fviewtopic.php%3Ff%3D85%26t%3D7917%23p39221","N"
"Northern Red Oak","Quercus rubra","Maryland","Prince George's","Swan Point Creek","","","site is within the Jug Bay Natural Area.","","158450","1","","","","Public-state","133.0'","Clinometer/laser rangefinder/sine","6.8'","82''","","","Darian Copiz","2017-01-14","http%3A%2F%2Fwww.ents-bbs.org%2Fviewtopic.php%3Ff%3D85%26t%3D7917%23p39221","N"
"Red Maple","Acer rubrum","Maryland","Prince George's","Swan Point Creek","","","site is within the Jug Bay Natural Area.","","158460","1","","","","Public-state","112.4'","Clinometer/laser rangefinder/sine","4.3'","52''","","","Darian Copiz","2017-01-14","http%3A%2F%2Fwww.ents-bbs.org%2Fviewtopic.php%3Ff%3D85%26t%3D7917%23p39221","N"
"Sweetgum","Liquidambar styraciflua","Maryland","Prince George's","Swan Point Creek","","","site is within the Jug Bay Natural Area.","","158455","1","","","","Public-state","110.3'","Clinometer/laser rangefinder/sine","3.6'","43''","","","Darian Copiz","2017-01-14","http%3A%2F%2Fwww.ents-bbs.org%2Fviewtopic.php%3Ff%3D85%26t%3D7917%23p39221","N"
"Sweetgum","Liquidambar styraciflua","Maryland","Prince George's","Swan Point Creek","","","site is within the Jug Bay Natural Area.","","158454","1","","","","Public-state","114.1'","Clinometer/laser rangefinder/sine","8.3'","100''","","","Darian Copiz","2017-01-14","http%3A%2F%2Fwww.ents-bbs.org%2Fviewtopic.php%3Ff%3D85%26t%3D7917%23p39221","N"
"Sweetgum","Liquidambar styraciflua","Maryland","Prince George's","Swan Point Creek","","","site is within the Jug Bay Natural Area.","","158453","1","","","","Public-state","127.3'","Clinometer/laser rangefinder/sine","7.1'","85''","","","Darian Copiz","2017-01-14","http%3A%2F%2Fwww.ents-bbs.org%2Fviewtopic.php%3Ff%3D85%26t%3D7917%23p39221","N"
"Tuliptree","Liriodendron tulipifera","Maryland","Prince George's","Swan Point Creek","","","site is within the Jug Bay Natural Area.","","158449","1","","","","Public-state","158.1'","Clinometer/laser rangefinder/sine","15.4'","185''","","","Darian Copiz","2017-01-14","http%3A%2F%2Fwww.ents-bbs.org%2Fviewtopic.php%3Ff%3D85%26t%3D7917%23p39221","N"
"White Oak","Quercus alba","Maryland","Prince George's","Swan Point Creek","","","site is within the Jug Bay Natural Area.","","158458","1","","","","Public-state","124.9'","Clinometer/laser rangefinder/sine","9.0'","108''","","","Darian Copiz","2017-01-14","http%3A%2F%2Fwww.ents-bbs.org%2Fviewtopic.php%3Ff%3D85%26t%3D7917%23p39221","N"
"American Sycamore","Platanus occidentalis","Maryland","Prince George's","White's Woods","","","Trees measured are to east and southeast of the mansion","","158503","1","","","","Public-county","142.3'","Clinometer/laser rangefinder/sine","7.2'","86''","","","Darian Copiz","2017-01-15","http%3A%2F%2Fwww.ents-bbs.org%2Fviewtopic.php%3Ff%3D85%26t%3D7916","N"
"Black Cherry","Prunus serotina var. serotina","Maryland","Prince George's","White's Woods","","","Trees measured are to east and southeast of the mansion","","158512","1","","","","Public-county","104.1'","Clinometer/laser rangefinder/sine","8.0'","96''","","","Darian Copiz","2017-01-15","http%3A%2F%2Fwww.ents-bbs.org%2Fviewtopic.php%3Ff%3D85%26t%3D7916","N"
"Black Walnut","Juglans nigra","Maryland","Prince George's","White's Woods","","","Trees measured are to east and southeast of the mansion","","158507","1","","","","Public-county","122.0'","Clinometer/laser rangefinder/sine","10.5'","126''","","","Darian Copiz","2017-01-15","http%3A%2F%2Fwww.ents-bbs.org%2Fviewtopic.php%3Ff%3D85%26t%3D7916","N"
"Common Persimmon","Diospyros virginiana","Maryland","Prince George's","White's Woods","","","Trees measured are to east and southeast of the mansion","","158513","1","","","","Public-county","99.8'","Clinometer/laser rangefinder/sine","3.8'","46''","","","Darian Copiz","2017-01-15","http%3A%2F%2Fwww.ents-bbs.org%2Fviewtopic.php%3Ff%3D85%26t%3D7916","N"
"Mockernut Hickory","Carya tomentosa","Maryland","Prince George's","White's Woods","","","Trees measured are to east and southeast of the mansion","","158508","1","","","","Public-county","117.1'","Clinometer/laser rangefinder/sine","8.8'","106''","","","Darian Copiz","2017-01-15","http%3A%2F%2Fwww.ents-bbs.org%2Fviewtopic.php%3Ff%3D85%26t%3D7916","N"
"Pin Oak","Quercus palustris","Maryland","Prince George's","White's Woods","","","Trees measured are to east and southeast of the mansion","","158511","1","","","","Public-county","108.4'","Clinometer/laser rangefinder/sine","10.0'","120''","","","Darian Copiz","2017-01-15","http%3A%2F%2Fwww.ents-bbs.org%2Fviewtopic.php%3Ff%3D85%26t%3D7916","N"
"Sugarberry","Celtis laevigata","Maryland","Prince George's","White's Woods","","","Trees measured are to east and southeast of the mansion","","158510","1","","","","Public-county","110.4'","Clinometer/laser rangefinder/sine","7.7'","92''","","","Darian Copiz","2017-01-15","http%3A%2F%2Fwww.ents-bbs.org%2Fviewtopic.php%3Ff%3D85%26t%3D7916","N"
"Swamp Chestnut Oak","Quercus michauxii","Maryland","Prince George's","White's Woods","","","Trees measured are to east and southeast of the mansion","","158509","1","","","","Public-county","117.0'","Clinometer/laser rangefinder/sine","10.7'","128''","","","Darian Copiz","2017-01-15","http%3A%2F%2Fwww.ents-bbs.org%2Fviewtopic.php%3Ff%3D85%26t%3D7916","N"
"Sweetgum","Liquidambar styraciflua","Maryland","Prince George's","White's Woods","","","Trees measured are to east and southeast of the mansion","","158506","1","","","","Public-county","123.7'","Clinometer/laser rangefinder/sine","6.8'","81''","","","Darian Copiz","2017-01-15","http%3A%2F%2Fwww.ents-bbs.org%2Fviewtopic.php%3Ff%3D85%26t%3D7916","N"
"Tuliptree","Liriodendron tulipifera","Maryland","Prince George's","White's Woods","","","Trees measured are to east and southeast of the mansion","","158502","1","","","","Public-county","110.1'","Clinometer/laser rangefinder/sine","19.8'","238''","","Circumference taken at 5 1/2'","Darian Copiz","2017-01-15","http%3A%2F%2Fwww.ents-bbs.org%2Fviewtopic.php%3Ff%3D85%26t%3D7916","N"
"Tuliptree","Liriodendron tulipifera","Maryland","Prince George's","White's Woods","","","Trees measured are to east and southeast of the mansion","","158499","1","","","","Public-county","142.1'","Clinometer/laser rangefinder/sine","19.0'","228''","","","Darian Copiz","2017-01-15","http%3A%2F%2Fwww.ents-bbs.org%2Fviewtopic.php%3Ff%3D85%26t%3D7916","N"
"Tuliptree","Liriodendron tulipifera","Maryland","Prince George's","White's Woods","","","Trees measured are to east and southeast of the mansion","","158501","1","","","","Public-county","142.1'","Clinometer/laser rangefinder/sine","19.0'","228''","","","Darian Copiz","2017-01-15","http%3A%2F%2Fwww.ents-bbs.org%2Fviewtopic.php%3Ff%3D85%26t%3D7916","N"
"Tuliptree","Liriodendron tulipifera","Maryland","Prince George's","White's Woods","","","Trees measured are to east and southeast of the mansion","","158498","1","","","","Public-county","159.4'","Clinometer/laser rangefinder/sine","11.2'","134''","","","Darian Copiz","2017-01-15","http%3A%2F%2Fwww.ents-bbs.org%2Fviewtopic.php%3Ff%3D85%26t%3D7916","N"
"Tuliptree","Liriodendron tulipifera","Maryland","Prince George's","White's Woods","","","Trees measured are to east and southeast of the mansion","","158500","1","","","","Public-county","159.4'","Clinometer/laser rangefinder/sine","11.2'","134''","","","Darian Copiz","2017-01-15","http%3A%2F%2Fwww.ents-bbs.org%2Fviewtopic.php%3Ff%3D85%26t%3D7916","N"
"White Oak","Quercus alba","Maryland","Prince George's","White's Woods","","","Trees measured are to east and southeast of the mansion","","158505","1","","","","Public-county","118.5'","Clinometer/laser rangefinder/sine","11.4'","137''","","","Darian Copiz","2017-01-15","http%3A%2F%2Fwww.ents-bbs.org%2Fviewtopic.php%3Ff%3D85%26t%3D7916","N"
"White Oak","Quercus alba","Maryland","Prince George's","White's Woods","","","Trees measured are to east and southeast of the mansion","","158504","1","","","","Public-county","127.2'","Clinometer/laser rangefinder/sine","10.9'","131''","","","Darian Copiz","2017-01-15","http%3A%2F%2Fwww.ents-bbs.org%2Fviewtopic.php%3Ff%3D85%26t%3D7916","N"
"American Beech","Fagus grandifolia","Maryland","Various Counties","Maryland Single Tree Sites","38 37.730","-077 05.890","","","163337","1","38 37.730","-077 05.890","","Private. Public","129.4'","Clinometer/laser rangefinder/sine","9.4'","113''","","Tree is located in Ruth B. Swan Memorial Park in Charles County, Maryland.
Tree measured by Darian Copiz 2/2005","Various Various","2010-01-01","","N"
"American Chestnut","Castanea dentata","Maryland","Various Counties","Maryland Single Tree Sites","39 21.616","-077 02.969","","","163338","1","39 21.616","-077 02.969","500.0 ft","Private. Public","63.3'","Clinometer/laser rangefinder/sine","3.3'","40''","","The tree is located on a slope over looking the South Branch of the Patapsco River near Woodbine, Howard County, MD.
Previous measurements made in September of 2007 with height at 60.7', girth 2.9', max. crown spread at 39'.
5/16/2011 with height 61.9', girth of 3.2'. 
At both visits the crown was 90 percent healthy but evidence of blight in lower trunk.
The latest measurements made 6/24/2017 with tree having only one green limb lower down and the tallest leader completely bare and dead.
All measurements made by T. Sharp.","Various Various","2010-01-01","","N"
"American Sycamore","Platanus occidentalis","Maryland","Various Counties","Maryland Single Tree Sites","39 04.145","-077 20.365","","","163339","1","39 04.145","-077 20.365","","Private. Public","125.4'","Clinometer/laser rangefinder/sine","19.4'","233''","107.5'","Tree is near Seneca Locks in the C&O Canal National Historical Park. Montgomery County, MD
Tree measured by Will Blozan 12/31/1997","Various Various","2010-01-01","","N"
"Chinkapin Oak","Quercus muehlenbergii","Maryland","Various Counties","Maryland Single Tree Sites","39 39.417","-077 42.788","","","163352","1","39 39.417","-077 42.788","400.0 ft","Private. Public","75.9'","Clinometer/laser rangefinder/sine","14.5'","174''","","Measured by T. Sharp 6/5/2018 in Woodland Park at corner of Hillcrest Road and Woodland Way, Hagerstown, Washington County","Various Various","2010-01-01","","N"
"Common Hackberry","Celtis occidentalis","Maryland","Various Counties","Maryland Single Tree Sites","38 58.457","-077 13.366","","","163344","1","38 58.457","-077 13.366","100.0 ft","Private. Public","100.2'","Clinometer/laser rangefinder/sine","11.3'","136''","","Measured by Darian Copiz 10/24/2008,
Posted in google groups under, Offut Island in Washinton, DC 
Island is in Montgomery County, MD
Tree located on Offut Island which remains private property in the Potomac River Gorge.","Various Various","2010-01-01","","N"
"Common Persimmon","Diospyros virginiana","Maryland","Various Counties","Maryland Single Tree Sites","39 15.982","-077 00.594","","","163350","1","39 15.982","-077 00.594","600.0 ft","Private. Public","","Clinometer/laser rangefinder/sine","4.7'","56''","","Tree located near Glenwood, Howard County, Md.
Measured by T. Sharp 7/8/2008","Various Various","2010-01-01","","N"
"Eastern White Pine","Pinus strobus","Maryland","Various Counties","Maryland Single Tree Sites","39 18.893","-076 43.164","","","163347","1","39 18.893","-076 43.164","400.0 ft","Private. Public","68.0'","Clinometer/laser rangefinder/sine","15.5'","186''","77.0'","Tree located in Loraine Park Cemetery, 5608 Dogwood Road, Woodlawn, Baltimore County, MD 2107 Measured by Dan Wilson 4/2012","Various Various","2010-01-01","","N"
"Father David's Maple","Acer davidii","Maryland","Various Counties","Maryland Single Tree Sites","39 19.206","-076 38.631","","","163348","1","39 19.206","-076 38.631","200.0 ft","Private. Public","47.0'","Clinometer/laser rangefinder/sine","2.3'","28''","29.5'","Tree Located in Druid Hill Park, Baltimore, MD.
Measured by Dan Wilson 2/2012
Crown spread is an average of two measurements","Various Various","2010-01-01","","N"
"Pumpkin Ash","Fraxinus profunda","Maryland","Various Counties","Maryland Single Tree Sites","38 47.070","-076 42.166","","","163345","1","38 47.070","-076 42.166","","Private. Public","58.0'","Clinometer/laser rangefinder/sine","3.6'","43''","28.0'","Tree is in Jug Bay Natural Area, 1361 Wrighton Road, Lothian, MD 20711
Crown spread is Maximum. Average is 26.5'
Measured by Dan Wilson","Various Various","2010-01-01","","N"
"Red Maple","Acer rubrum","Maryland","Various Counties","Maryland Single Tree Sites","39 16.155","-077 00.895","","","163349","1","39 16.155","-077 00.895","","Private. Public","","Clinometer/laser rangefinder/sine","12.0'","144''","","Tree is located near Glenwood, Howard County, MD/
Measured by T. Sharp 7/2008","Various Various","2010-01-01","","N"
"Swamp Chestnut Oak","Quercus michauxii","Maryland","Various Counties","Maryland Single Tree Sites","38 59.383","-076 42.348","","","163341","1","38 59.383","-076 42.348","","Private. Public","95.2'","Clinometer/laser rangefinder/sine","16.3'","196''","","Tree is located upstream of the Priest Bridge over the Patuxent River. Anne Arundel County.
Measured by Colby Rucker 9/30/2001","Various Various","2010-01-01","","N"
"Sweet Cherry","Prunus avium","Maryland","Various Counties","Maryland Single Tree Sites","","","","","163342","1","","","","Private. Public","85.4'","Clinometer/laser rangefinder/sine","7.3'","87''","","Tree located at United Methodist Church in Arnold, Anne arundel County.
Measured by Colby Rucker 5/9/2002","Various Various","2010-01-01","","N"
"Tuliptree","Liriodendron tulipifera","Maryland","Various Counties","Maryland Single Tree Sites","39 14.924","-076 50.663","","","163351","1","39 14.924","-076 50.663","400.0 ft","Private. Public","106.1'","Clinometer/laser rangefinder/sine","21.0'","252''","","Measured by T. Sharp 1/3/2018.
Tree located adjacent to Dorsey,s Search Loop Trail off of Columbia Road, Columbia, Howard County, Md.
Previously measured  by J. Harvey on 1/10/2014 at 21.0' x 140'","Various Various","2010-01-01","","N"
"Tuliptree","Liriodendron tulipifera","Maryland","Various Counties","Maryland Single Tree Sites","39 02.885","-076 32.106","","","163343","1","39 02.885","-076 32.106","","Private. Public","116.1'","Clinometer/laser rangefinder/sine","22.7'","272''","","Tree is located above Ringold Cove near Arnold, Anne Arundel County, MD.
Measured by Colby Rucker 2/11/2001","Various Various","2010-01-01","","N"
"Wax Myrtle","Morella cerifera","Maryland","Various Counties","Maryland Single Tree Sites","38 08.908","-075 26.368","","","163346","1","38 08.908","-075 26.368","","Private. Public","29.0'","Clinometer/laser rangefinder/sine","0.5'","6''","13.0'","Tree is located in the Hickory Point Cypress Swamp Natural area of Pocomoke State Forest.
Measured by Dan Wilson. 3/2012","Various Various","2010-01-01","","N"
"White Oak","Quercus alba","Maryland","Various Counties","Maryland Single Tree Sites","39 04.058","-077 15.807","","","163336","1","39 04.058","-077 15.807","380.0 ft","Private. Public","70.5'","Clinometer/laser rangefinder/sine","18.1'","217''","120.0'","Travilah Oak. Montgomery County
Measured by Will Blozan 2010
Also measured by Will Blozan in 1997 with CBH measured at 17.7'","Various Various","2010-01-01","","N"
"White Oak","Quercus alba","Maryland","Various Counties","Maryland Single Tree Sites","38 59.763","-077 05.815","","","163340","1","38 59.763","-077 05.815","","Private. Public","87.2'","Clinometer/laser rangefinder/sine","19.7'","236''","141.0'","This tree is known as the ""Linden Oak"" located along Md 355 in Bethesda, Md.
Measured by Will Blozan in 12/31/1997.","Various Various","2010-01-01","","N"
"American Sycamore","Platanus occidentalis","Maryland","Washington","Killiamsburg Woods","","","","","158516","1","","","","Public-federal","146.2'","Clinometer/laser rangefinder/sine","8.3'","100''","","","Darian Copiz","2017-01-16","http%3A%2F%2Fwww.ents-bbs.org%2Fviewtopic.php%3Ff%3D85%26t%3D7960","N"
"Arborvitae","Thuja occidentalis","Maryland","Washington","Killiamsburg Woods","","","","","158531","1","","","","Public-federal","43.7'","Clinometer/laser rangefinder/sine","4.1'","49''","","","Darian Copiz","2017-01-16","http%3A%2F%2Fwww.ents-bbs.org%2Fviewtopic.php%3Ff%3D85%26t%3D7960","N"
"Bitternut Hickory","Carya cordiformis","Maryland","Washington","Killiamsburg Woods","","","","","158520","1","","","","Public-federal","119.8'","Clinometer/laser rangefinder/sine","5.8'","70''","","","Darian Copiz","2017-01-16","http%3A%2F%2Fwww.ents-bbs.org%2Fviewtopic.php%3Ff%3D85%26t%3D7960","N"
"Bitternut Hickory","Carya cordiformis","Maryland","Washington","Killiamsburg Woods","","","","","158519","1","","","","Public-federal","130.8'","Clinometer/laser rangefinder/sine","","","","","Darian Copiz","2017-01-16","http%3A%2F%2Fwww.ents-bbs.org%2Fviewtopic.php%3Ff%3D85%26t%3D7960","N"
"Black Oak","Quercus velutina","Maryland","Washington","Killiamsburg Woods","","","","","158518","1","","","","Public-federal","120.1'","Clinometer/laser rangefinder/sine","13.6'","163''","","","Darian Copiz","2017-01-16","http%3A%2F%2Fwww.ents-bbs.org%2Fviewtopic.php%3Ff%3D85%26t%3D7960","N"
"Black Oak","Quercus velutina","Maryland","Washington","Killiamsburg Woods","","","","","158517","1","","","","Public-federal","130.8'","Clinometer/laser rangefinder/sine","7.0'","84''","","","Darian Copiz","2017-01-16","http%3A%2F%2Fwww.ents-bbs.org%2Fviewtopic.php%3Ff%3D85%26t%3D7960","N"
"Chinkapin Oak","Quercus muehlenbergii","Maryland","Washington","Killiamsburg Woods","","","","","158529","1","","","","Public-federal","79.3'","Clinometer/laser rangefinder/sine","8.8'","106''","","","Darian Copiz","2017-01-16","http%3A%2F%2Fwww.ents-bbs.org%2Fviewtopic.php%3Ff%3D85%26t%3D7960","N"
"Common Hackberry","Celtis occidentalis","Maryland","Washington","Killiamsburg Woods","","","","","158525","1","","","","Public-federal","109.3'","Clinometer/laser rangefinder/sine","6.9'","83''","","","Darian Copiz","2017-01-16","http%3A%2F%2Fwww.ents-bbs.org%2Fviewtopic.php%3Ff%3D85%26t%3D7960","N"
"Eastern Cottonwood","Populus deltoides ssp. deltoides","Maryland","Washington","Killiamsburg Woods","","","","","158526","1","","","","Public-federal","118.2'","Clinometer/laser rangefinder/sine","11.3'","136''","","","Darian Copiz","2017-01-16","http%3A%2F%2Fwww.ents-bbs.org%2Fviewtopic.php%3Ff%3D85%26t%3D7960","N"
"Eastern Redcedar","Juniperus virginiana var. virginiana","Maryland","Washington","Killiamsburg Woods","","","","","158530","1","","","","Public-federal","73.5'","Clinometer/laser rangefinder/sine","4.0'","48''","","","Darian Copiz","2017-01-16","http%3A%2F%2Fwww.ents-bbs.org%2Fviewtopic.php%3Ff%3D85%26t%3D7960","N"
"Green Ash","Fraxinus pennsylvanica","Maryland","Washington","Killiamsburg Woods","","","","","158522","1","","","","Public-federal","124.8'","Clinometer/laser rangefinder/sine","8.6'","103''","","","Darian Copiz","2017-01-16","http%3A%2F%2Fwww.ents-bbs.org%2Fviewtopic.php%3Ff%3D85%26t%3D7960","N"
"Green Ash","Fraxinus pennsylvanica","Maryland","Washington","Killiamsburg Woods","","","","","158521","1","","","","Public-federal","126.4'","Clinometer/laser rangefinder/sine","8.9'","107''","","","Darian Copiz","2017-01-16","http%3A%2F%2Fwww.ents-bbs.org%2Fviewtopic.php%3Ff%3D85%26t%3D7960","N"
"Northern Red Oak","Quercus rubra","Maryland","Washington","Killiamsburg Woods","","","","","158524","1","","","","Public-federal","112.7'","Clinometer/laser rangefinder/sine","12.3'","148''","","","Darian Copiz","2017-01-16","http%3A%2F%2Fwww.ents-bbs.org%2Fviewtopic.php%3Ff%3D85%26t%3D7960","N"
"Northern Red Oak","Quercus rubra","Maryland","Washington","Killiamsburg Woods","","","","","158523","1","","","","Public-federal","124.3'","Clinometer/laser rangefinder/sine","10.5'","126''","","","Darian Copiz","2017-01-16","http%3A%2F%2Fwww.ents-bbs.org%2Fviewtopic.php%3Ff%3D85%26t%3D7960","N"
"Sugar Maple","Acer saccharum var. saccharum","Maryland","Washington","Killiamsburg Woods","","","","","158528","1","","","","Public-federal","96.3'","Clinometer/laser rangefinder/sine","5.0'","60''","","","Darian Copiz","2017-01-16","http%3A%2F%2Fwww.ents-bbs.org%2Fviewtopic.php%3Ff%3D85%26t%3D7960","N"
"Sugar Maple","Acer saccharum var. saccharum","Maryland","Washington","Killiamsburg Woods","","","","","158527","1","","","","Public-federal","105.0'","Clinometer/laser rangefinder/sine","6.5'","78''","","","Darian Copiz","2017-01-16","http%3A%2F%2Fwww.ents-bbs.org%2Fviewtopic.php%3Ff%3D85%26t%3D7960","N"
"Tuliptree","Liriodendron tulipifera","Maryland","Washington","Killiamsburg Woods","","","","","158515","1","","","","Public-federal","151.4'","Clinometer/laser rangefinder/sine","10.0'","120''","","","Darian Copiz","2017-01-16","http%3A%2F%2Fwww.ents-bbs.org%2Fviewtopic.php%3Ff%3D85%26t%3D7960","N"
"Tuliptree","Liriodendron tulipifera","Maryland","Washington","Killiamsburg Woods","","","","","158514","1","","","","Public-federal","164.8'","Clinometer/laser rangefinder/sine","9.2'","110''","","","Darian Copiz","2017-01-16","http%3A%2F%2Fwww.ents-bbs.org%2Fviewtopic.php%3Ff%3D85%26t%3D7960","N"