"Common Name","Botanical Name","State","County","Site","Site Latitude","Site Longitude","Location comments","Tree name","Tree id","Measurement number","Latitude","Longitude","Elevation","Ownership type","Height (ft)","Height measurement method","Girth (ft)","Girth (in)","Crown spread (ft)","Tree comments","Measurer(s)","Measured","Trip report url","Photos available"
"American Sycamore","Platanus occidentalis","Arkansas","Arkansas","White River National Wildlife Refuge","","","Trees were measured along trail leading to the state champion Bald Cypress.","","241727","1","","","","Public - federal","118.0'","Clinometer/laser rangefinder/sine","17.3'","207''","","Located near Jacks Bay Landing","Jess Riddle","2014-03-08","http%3A%2F%2Fwww.ents-bbs.org%2Fviewtopic.php%3Ff%3D67%26t%3D6811%26sid%3Dd34cff8a27be69502f1d66837e7ee988","N"
"Bald Cypress","Taxodium distichum","Arkansas","Arkansas","White River National Wildlife Refuge","","","Trees were measured along trail leading to the state champion Bald Cypress.","","241846","1","","","","Public - federal","","Clinometer/laser rangefinder/sine","27.1'","325''","","","Jess Riddle","2014-12-29","http%3A%2F%2Fwww.ents-bbs.org%2Fviewtopic.php%3Ff%3D67%26t%3D6811%26sid%3Dd34cff8a27be69502f1d66837e7ee988","N"
"Bald Cypress","Taxodium distichum","Arkansas","Arkansas","White River National Wildlife Refuge","","","Trees were measured along trail leading to the state champion Bald Cypress.","","241845","1","","","","Public - federal","108.5'","Clinometer/laser rangefinder/sine","","","","Multi-stem tree","Jess Riddle","2014-12-29","http%3A%2F%2Fwww.ents-bbs.org%2Fviewtopic.php%3Ff%3D67%26t%3D6811%26sid%3Dd34cff8a27be69502f1d66837e7ee988","N"
"Black Willow","Salix nigra","Arkansas","Arkansas","White River National Wildlife Refuge","","","Trees were measured along trail leading to the state champion Bald Cypress.","","241853","1","","","","Public - federal","105.0'","Clinometer/laser rangefinder/sine","11.8'","142''","","","Jess Riddle","2014-12-29","http%3A%2F%2Fwww.ents-bbs.org%2Fviewtopic.php%3Ff%3D67%26t%3D6811%26sid%3Dd34cff8a27be69502f1d66837e7ee988","N"
"Cedar Elm","Ulmus crassifolia","Arkansas","Arkansas","White River National Wildlife Refuge","","","Trees were measured along trail leading to the state champion Bald Cypress.","","241729","1","","","","Public - federal","95.0'","Clinometer/laser rangefinder/sine","9.2'","110''","","Located near Jacks Bay Landing","Jess Riddle","2014-03-08","http%3A%2F%2Fwww.ents-bbs.org%2Fviewtopic.php%3Ff%3D67%26t%3D6811%26sid%3Dd34cff8a27be69502f1d66837e7ee988","N"
"Cedar Elm","Ulmus crassifolia","Arkansas","Arkansas","White River National Wildlife Refuge","","","Trees were measured along trail leading to the state champion Bald Cypress.","","241854","1","","","","Public - federal","101.2'","Clinometer/laser rangefinder/sine","9.0'","108''","","","Jess Riddle","2014-12-29","http%3A%2F%2Fwww.ents-bbs.org%2Fviewtopic.php%3Ff%3D67%26t%3D6811%26sid%3Dd34cff8a27be69502f1d66837e7ee988","N"
"Green Hawthorn","Crataegus viridis","Arkansas","Arkansas","White River National Wildlife Refuge","","","Trees were measured along trail leading to the state champion Bald Cypress.","","241847","1","","","","Public - federal","45.0'","Clinometer/laser rangefinder/sine","2.2'","26''","","","Jess Riddle","2014-12-29","http%3A%2F%2Fwww.ents-bbs.org%2Fviewtopic.php%3Ff%3D67%26t%3D6811%26sid%3Dd34cff8a27be69502f1d66837e7ee988","N"
"Texas Red Oak","Quercus texana","Arkansas","Arkansas","White River National Wildlife Refuge","","","Trees were measured along trail leading to the state champion Bald Cypress.","","241851","1","","","","Public - federal","112.3'","Clinometer/laser rangefinder/sine","13.7'","164''","","","Jess Riddle","2014-12-29","http%3A%2F%2Fwww.ents-bbs.org%2Fviewtopic.php%3Ff%3D67%26t%3D6811%26sid%3Dd34cff8a27be69502f1d66837e7ee988","N"
"Texas Red Oak","Quercus texana","Arkansas","Arkansas","White River National Wildlife Refuge","","","Trees were measured along trail leading to the state champion Bald Cypress.","","241852","1","","","","Public - federal","118.7'","Clinometer/laser rangefinder/sine","12.8'","154''","","","Jess Riddle","2014-12-29","http%3A%2F%2Fwww.ents-bbs.org%2Fviewtopic.php%3Ff%3D67%26t%3D6811%26sid%3Dd34cff8a27be69502f1d66837e7ee988","N"
"Water Locust","Gleditsia aquatica","Arkansas","Arkansas","White River National Wildlife Refuge","","","Trees were measured along trail leading to the state champion Bald Cypress.","","241848","1","","","","Public - federal","84.9'","Clinometer/laser rangefinder/sine","6.8'","81''","","","Jess Riddle","2014-12-29","http%3A%2F%2Fwww.ents-bbs.org%2Fviewtopic.php%3Ff%3D67%26t%3D6811%26sid%3Dd34cff8a27be69502f1d66837e7ee988","N"
"Water Locust","Gleditsia aquatica","Arkansas","Arkansas","White River National Wildlife Refuge","","","Trees were measured along trail leading to the state champion Bald Cypress.","","241849","1","","","","Public - federal","89.1'","Clinometer/laser rangefinder/sine","4.3'","52''","","","Jess Riddle","2014-12-29","http%3A%2F%2Fwww.ents-bbs.org%2Fviewtopic.php%3Ff%3D67%26t%3D6811%26sid%3Dd34cff8a27be69502f1d66837e7ee988","N"
"Water Locust","Gleditsia aquatica","Arkansas","Arkansas","White River National Wildlife Refuge","","","Trees were measured along trail leading to the state champion Bald Cypress.","","241850","1","","","","Public - federal","102.6'","Clinometer/laser rangefinder/sine","5.2'","62''","","","Jess Riddle","2014-12-29","http%3A%2F%2Fwww.ents-bbs.org%2Fviewtopic.php%3Ff%3D67%26t%3D6811%26sid%3Dd34cff8a27be69502f1d66837e7ee988","N"
"Water Oak","Quercus nigra","Arkansas","Arkansas","White River National Wildlife Refuge","","","Trees were measured along trail leading to the state champion Bald Cypress.","","241728","1","","","","Public - federal","108.1'","Clinometer/laser rangefinder/sine","13.9'","167''","","Located near Jacks Bay Landing","Jess Riddle","2014-03-08","http%3A%2F%2Fwww.ents-bbs.org%2Fviewtopic.php%3Ff%3D67%26t%3D6811%26sid%3Dd34cff8a27be69502f1d66837e7ee988","N"
"Water Tupelo","Nyssa aquatica","Arkansas","Arkansas","White River National Wildlife Refuge","","","Trees were measured along trail leading to the state champion Bald Cypress.","","241389","1","","","","Public - federal","74.4'","Clinometer/laser rangefinder/sine","30.0'","360''","54.0'","""Diggins Gum""","Don Bragg, Kirby Sneed","2006-09-21","http%3A%2F%2Fwww.ents-bbs.org%2Fviewtopic.php%3Ff%3D67%26t%3D6811%26sid%3Dd34cff8a27be69502f1d66837e7ee988","N"
"Water Tupelo","Nyssa aquatica","Arkansas","Arkansas","White River National Wildlife Refuge","","","Trees were measured along trail leading to the state champion Bald Cypress.","","241390","1","","","","Public - federal","77.2'","Clinometer/laser rangefinder/sine","33.1'","397''","","""Beaver Hollow Gum""","Don Bragg, Kirby Sneed","2006-09-21","http%3A%2F%2Fwww.ents-bbs.org%2Fviewtopic.php%3Ff%3D67%26t%3D6811%26sid%3Dd34cff8a27be69502f1d66837e7ee988","N"
"American Beech","Fagus grandifolia","Arkansas","Ashley","Beech Creek In Overflow National Wildlife Refuge","","","12,247 Acres in the Overlow National Wildlife Refuge.
239 Acres tract along Beech Creek featuring mature Sugar Maple and Beech","","243100","1","","","","Public - federal","114.8'","Clinometer/laser rangefinder/sine","8.1'","97''","","","Jess Riddle","2014-07-04","http%3A%2F%2Fwww.ents-bbs.org%2Fviewtopic.php%3Ff%3D67%26t%3D6434%26sid%3Dc7b0c51175f428387223b27bc9c22940%23p29208","N"
"American Sycamore","Platanus occidentalis","Arkansas","Ashley","Beech Creek In Overflow National Wildlife Refuge","","","12,247 Acres in the Overlow National Wildlife Refuge.
239 Acres tract along Beech Creek featuring mature Sugar Maple and Beech","","243114","1","","","","Public - federal","126.8'","Clinometer/laser rangefinder/sine","10.8'","129''","","","Jess Riddle","2014-07-04","http%3A%2F%2Fwww.ents-bbs.org%2Fviewtopic.php%3Ff%3D67%26t%3D6434%26sid%3Dc7b0c51175f428387223b27bc9c22940%23p29208","N"
"American Sycamore","Platanus occidentalis","Arkansas","Ashley","Beech Creek In Overflow National Wildlife Refuge","","","12,247 Acres in the Overlow National Wildlife Refuge.
239 Acres tract along Beech Creek featuring mature Sugar Maple and Beech","","243113","1","","","","Public - federal","130.2'","Clinometer/laser rangefinder/sine","9.8'","118''","","","Jess Riddle","2014-07-04","http%3A%2F%2Fwww.ents-bbs.org%2Fviewtopic.php%3Ff%3D67%26t%3D6434%26sid%3Dc7b0c51175f428387223b27bc9c22940%23p29208","N"
"Bald Cypress","Taxodium distichum","Arkansas","Ashley","Beech Creek In Overflow National Wildlife Refuge","","","12,247 Acres in the Overlow National Wildlife Refuge.
239 Acres tract along Beech Creek featuring mature Sugar Maple and Beech","","243127","1","","","","Public - federal","123.7'","Clinometer/laser rangefinder/sine","","","","","Jess Riddle","2014-07-04","http%3A%2F%2Fwww.ents-bbs.org%2Fviewtopic.php%3Ff%3D67%26t%3D6434%26sid%3Dc7b0c51175f428387223b27bc9c22940%23p29208","N"
"Bitternut Hickory","Carya cordiformis","Arkansas","Ashley","Beech Creek In Overflow National Wildlife Refuge","","","12,247 Acres in the Overlow National Wildlife Refuge.
239 Acres tract along Beech Creek featuring mature Sugar Maple and Beech","","243098","1","","","","Public - federal","118.7'","Clinometer/laser rangefinder/sine","6.6'","79''","","","Jess Riddle","2014-07-04","http%3A%2F%2Fwww.ents-bbs.org%2Fviewtopic.php%3Ff%3D67%26t%3D6434%26sid%3Dc7b0c51175f428387223b27bc9c22940%23p29208","N"
"Blackgum","Nyssa sylvatica","Arkansas","Ashley","Beech Creek In Overflow National Wildlife Refuge","","","12,247 Acres in the Overlow National Wildlife Refuge.
239 Acres tract along Beech Creek featuring mature Sugar Maple and Beech","","243106","1","","","","Public - federal","112.6'","Clinometer/laser rangefinder/sine","6.7'","80''","","","Jess Riddle","2014-07-04","http%3A%2F%2Fwww.ents-bbs.org%2Fviewtopic.php%3Ff%3D67%26t%3D6434%26sid%3Dc7b0c51175f428387223b27bc9c22940%23p29208","N"
"Blackgum","Nyssa sylvatica","Arkansas","Ashley","Beech Creek In Overflow National Wildlife Refuge","","","12,247 Acres in the Overlow National Wildlife Refuge.
239 Acres tract along Beech Creek featuring mature Sugar Maple and Beech","","243105","1","","","","Public - federal","115.0'","Clinometer/laser rangefinder/sine","7.3'","88''","","","Jess Riddle","2014-07-04","http%3A%2F%2Fwww.ents-bbs.org%2Fviewtopic.php%3Ff%3D67%26t%3D6434%26sid%3Dc7b0c51175f428387223b27bc9c22940%23p29208","N"
"Cherrybark Oak","Quercus pagoda","Arkansas","Ashley","Beech Creek In Overflow National Wildlife Refuge","","","12,247 Acres in the Overlow National Wildlife Refuge.
239 Acres tract along Beech Creek featuring mature Sugar Maple and Beech","","243123","1","","","","Public - federal","123.1'","Clinometer/laser rangefinder/sine","","","","","Jess Riddle","2014-07-04","http%3A%2F%2Fwww.ents-bbs.org%2Fviewtopic.php%3Ff%3D67%26t%3D6434%26sid%3Dc7b0c51175f428387223b27bc9c22940%23p29208","N"
"Cherrybark Oak","Quercus pagoda","Arkansas","Ashley","Beech Creek In Overflow National Wildlife Refuge","","","12,247 Acres in the Overlow National Wildlife Refuge.
239 Acres tract along Beech Creek featuring mature Sugar Maple and Beech","","243122","1","","","","Public - federal","125.3'","Clinometer/laser rangefinder/sine","11.3'","136''","","","Jess Riddle","2014-07-04","http%3A%2F%2Fwww.ents-bbs.org%2Fviewtopic.php%3Ff%3D67%26t%3D6434%26sid%3Dc7b0c51175f428387223b27bc9c22940%23p29208","N"
"Hophornbeam","Ostrya virginiana","Arkansas","Ashley","Beech Creek In Overflow National Wildlife Refuge","","","12,247 Acres in the Overlow National Wildlife Refuge.
239 Acres tract along Beech Creek featuring mature Sugar Maple and Beech","","243107","1","","","","Public - federal","67.1'","Clinometer/laser rangefinder/sine","2.0'","24''","","","Jess Riddle","2014-07-04","http%3A%2F%2Fwww.ents-bbs.org%2Fviewtopic.php%3Ff%3D67%26t%3D6434%26sid%3Dc7b0c51175f428387223b27bc9c22940%23p29208","N"
"Loblolly Pine","Pinus taeda","Arkansas","Ashley","Beech Creek In Overflow National Wildlife Refuge","","","12,247 Acres in the Overlow National Wildlife Refuge.
239 Acres tract along Beech Creek featuring mature Sugar Maple and Beech","","243112","1","","","","Public - federal","130.5'","Clinometer/laser rangefinder/sine","9.0'","108''","","","Jess Riddle","2014-07-04","http%3A%2F%2Fwww.ents-bbs.org%2Fviewtopic.php%3Ff%3D67%26t%3D6434%26sid%3Dc7b0c51175f428387223b27bc9c22940%23p29208","N"
"Loblolly Pine","Pinus taeda","Arkansas","Ashley","Beech Creek In Overflow National Wildlife Refuge","","","12,247 Acres in the Overlow National Wildlife Refuge.
239 Acres tract along Beech Creek featuring mature Sugar Maple and Beech","","243111","1","","","","Public - federal","131.5'","Clinometer/laser rangefinder/sine","9.0'","108''","","","Jess Riddle","2014-07-04","http%3A%2F%2Fwww.ents-bbs.org%2Fviewtopic.php%3Ff%3D67%26t%3D6434%26sid%3Dc7b0c51175f428387223b27bc9c22940%23p29208","N"
"Loblolly Pine","Pinus taeda","Arkansas","Ashley","Beech Creek In Overflow National Wildlife Refuge","","","12,247 Acres in the Overlow National Wildlife Refuge.
239 Acres tract along Beech Creek featuring mature Sugar Maple and Beech","","243110","1","","","","Public - federal","132.2'","Clinometer/laser rangefinder/sine","9.3'","112''","","","Jess Riddle","2014-07-04","http%3A%2F%2Fwww.ents-bbs.org%2Fviewtopic.php%3Ff%3D67%26t%3D6434%26sid%3Dc7b0c51175f428387223b27bc9c22940%23p29208","N"
"Loblolly Pine","Pinus taeda","Arkansas","Ashley","Beech Creek In Overflow National Wildlife Refuge","","","12,247 Acres in the Overlow National Wildlife Refuge.
239 Acres tract along Beech Creek featuring mature Sugar Maple and Beech","","243109","1","","","","Public - federal","132.3'","Clinometer/laser rangefinder/sine","9.2'","110''","","","Jess Riddle","2014-07-04","http%3A%2F%2Fwww.ents-bbs.org%2Fviewtopic.php%3Ff%3D67%26t%3D6434%26sid%3Dc7b0c51175f428387223b27bc9c22940%23p29208","N"
"Loblolly Pine","Pinus taeda","Arkansas","Ashley","Beech Creek In Overflow National Wildlife Refuge","","","12,247 Acres in the Overlow National Wildlife Refuge.
239 Acres tract along Beech Creek featuring mature Sugar Maple and Beech","","243108","1","","","","Public - federal","135.5'","Clinometer/laser rangefinder/sine","11.3'","136''","","","Jess Riddle","2014-07-04","http%3A%2F%2Fwww.ents-bbs.org%2Fviewtopic.php%3Ff%3D67%26t%3D6434%26sid%3Dc7b0c51175f428387223b27bc9c22940%23p29208","N"
"Pawpaw","Asimina triloba","Arkansas","Ashley","Beech Creek In Overflow National Wildlife Refuge","","","12,247 Acres in the Overlow National Wildlife Refuge.
239 Acres tract along Beech Creek featuring mature Sugar Maple and Beech","","243096","1","","","","Public - federal","46.3'","Clinometer/laser rangefinder/sine","1.1'","13''","","","Jess Riddle","2014-07-04","http%3A%2F%2Fwww.ents-bbs.org%2Fviewtopic.php%3Ff%3D67%26t%3D6434%26sid%3Dc7b0c51175f428387223b27bc9c22940%23p29208","N"
"Pignut Hickory","Carya glabra","Arkansas","Ashley","Beech Creek In Overflow National Wildlife Refuge","","","12,247 Acres in the Overlow National Wildlife Refuge.
239 Acres tract along Beech Creek featuring mature Sugar Maple and Beech","","243099","1","","","","Public - federal","121.4'","Clinometer/laser rangefinder/sine","9.3'","111''","","","Jess Riddle","2014-07-04","http%3A%2F%2Fwww.ents-bbs.org%2Fviewtopic.php%3Ff%3D67%26t%3D6434%26sid%3Dc7b0c51175f428387223b27bc9c22940%23p29208","N"
"Sassafras","Sassafras albidum","Arkansas","Ashley","Beech Creek In Overflow National Wildlife Refuge","","","12,247 Acres in the Overlow National Wildlife Refuge.
239 Acres tract along Beech Creek featuring mature Sugar Maple and Beech","","243126","1","","","","Public - federal","84.5'","Clinometer/laser rangefinder/sine","4.0'","48''","","","Jess Riddle","2014-07-04","http%3A%2F%2Fwww.ents-bbs.org%2Fviewtopic.php%3Ff%3D67%26t%3D6434%26sid%3Dc7b0c51175f428387223b27bc9c22940%23p29208","N"
"Shumard's Oak","Quercus shumardii","Arkansas","Ashley","Beech Creek In Overflow National Wildlife Refuge","","","12,247 Acres in the Overlow National Wildlife Refuge.
239 Acres tract along Beech Creek featuring mature Sugar Maple and Beech","","243125","1","","","","Public - federal","118.7'","Clinometer/laser rangefinder/sine","11.9'","143''","","","Jess Riddle","2014-07-04","http%3A%2F%2Fwww.ents-bbs.org%2Fviewtopic.php%3Ff%3D67%26t%3D6434%26sid%3Dc7b0c51175f428387223b27bc9c22940%23p29208","N"
"Shumard's Oak","Quercus shumardii","Arkansas","Ashley","Beech Creek In Overflow National Wildlife Refuge","","","12,247 Acres in the Overlow National Wildlife Refuge.
239 Acres tract along Beech Creek featuring mature Sugar Maple and Beech","","243124","1","","","","Public - federal","132.2'","Clinometer/laser rangefinder/sine","9.4'","113''","","","Jess Riddle","2014-07-04","http%3A%2F%2Fwww.ents-bbs.org%2Fviewtopic.php%3Ff%3D67%26t%3D6434%26sid%3Dc7b0c51175f428387223b27bc9c22940%23p29208","N"
"Southern Sugar Maple","Acer floridanum","Arkansas","Ashley","Beech Creek In Overflow National Wildlife Refuge","","","12,247 Acres in the Overlow National Wildlife Refuge.
239 Acres tract along Beech Creek featuring mature Sugar Maple and Beech","","243097","1","","","","Public - federal","91.5'","Clinometer/laser rangefinder/sine","","","","","Jess Riddle","2014-07-04","http%3A%2F%2Fwww.ents-bbs.org%2Fviewtopic.php%3Ff%3D67%26t%3D6434%26sid%3Dc7b0c51175f428387223b27bc9c22940%23p29208","N"
"Swamp Chestnut Oak","Quercus michauxii","Arkansas","Ashley","Beech Creek In Overflow National Wildlife Refuge","","","12,247 Acres in the Overlow National Wildlife Refuge.
239 Acres tract along Beech Creek featuring mature Sugar Maple and Beech","","243116","1","","","","Public - federal","121.7'","Clinometer/laser rangefinder/sine","7.7'","92''","","","Jess Riddle","2014-07-04","http%3A%2F%2Fwww.ents-bbs.org%2Fviewtopic.php%3Ff%3D67%26t%3D6434%26sid%3Dc7b0c51175f428387223b27bc9c22940%23p29208","N"
"Swamp Chestnut Oak","Quercus michauxii","Arkansas","Ashley","Beech Creek In Overflow National Wildlife Refuge","","","12,247 Acres in the Overlow National Wildlife Refuge.
239 Acres tract along Beech Creek featuring mature Sugar Maple and Beech","","243115","1","","","","Public - federal","124.1'","Clinometer/laser rangefinder/sine","12.9'","155''","","","Jess Riddle","2014-07-04","http%3A%2F%2Fwww.ents-bbs.org%2Fviewtopic.php%3Ff%3D67%26t%3D6434%26sid%3Dc7b0c51175f428387223b27bc9c22940%23p29208","N"
"Sweetgum","Liquidambar styraciflua","Arkansas","Ashley","Beech Creek In Overflow National Wildlife Refuge","","","12,247 Acres in the Overlow National Wildlife Refuge.
239 Acres tract along Beech Creek featuring mature Sugar Maple and Beech","","243102","1","","","","Public - federal","131.6'","Clinometer/laser rangefinder/sine","9.9'","119''","","","Jess Riddle","2014-07-04","http%3A%2F%2Fwww.ents-bbs.org%2Fviewtopic.php%3Ff%3D67%26t%3D6434%26sid%3Dc7b0c51175f428387223b27bc9c22940%23p29208","N"
"Tuliptree","Liriodendron tulipifera","Arkansas","Ashley","Beech Creek In Overflow National Wildlife Refuge","","","12,247 Acres in the Overlow National Wildlife Refuge.
239 Acres tract along Beech Creek featuring mature Sugar Maple and Beech","","243104","1","","","","Public - federal","120.5'","Clinometer/laser rangefinder/sine","7.0'","84''","","","Jess Riddle","2014-07-04","http%3A%2F%2Fwww.ents-bbs.org%2Fviewtopic.php%3Ff%3D67%26t%3D6434%26sid%3Dc7b0c51175f428387223b27bc9c22940%23p29208","N"
"Tuliptree","Liriodendron tulipifera","Arkansas","Ashley","Beech Creek In Overflow National Wildlife Refuge","","","12,247 Acres in the Overlow National Wildlife Refuge.
239 Acres tract along Beech Creek featuring mature Sugar Maple and Beech","","243103","1","","","","Public - federal","122.4'","Clinometer/laser rangefinder/sine","5.3'","64''","","","Jess Riddle","2014-07-04","http%3A%2F%2Fwww.ents-bbs.org%2Fviewtopic.php%3Ff%3D67%26t%3D6434%26sid%3Dc7b0c51175f428387223b27bc9c22940%23p29208","N"
"Water Oak","Quercus nigra","Arkansas","Ashley","Beech Creek In Overflow National Wildlife Refuge","","","12,247 Acres in the Overlow National Wildlife Refuge.
239 Acres tract along Beech Creek featuring mature Sugar Maple and Beech","","243121","1","","","","Public - federal","119.9'","Clinometer/laser rangefinder/sine","9.0'","108''","","","Jess Riddle","2014-07-04","http%3A%2F%2Fwww.ents-bbs.org%2Fviewtopic.php%3Ff%3D67%26t%3D6434%26sid%3Dc7b0c51175f428387223b27bc9c22940%23p29208","N"
"Water Oak","Quercus nigra","Arkansas","Ashley","Beech Creek In Overflow National Wildlife Refuge","","","12,247 Acres in the Overlow National Wildlife Refuge.
239 Acres tract along Beech Creek featuring mature Sugar Maple and Beech","","243120","1","","","","Public - federal","120.6'","Clinometer/laser rangefinder/sine","7.6'","91''","","","Jess Riddle","2014-07-04","http%3A%2F%2Fwww.ents-bbs.org%2Fviewtopic.php%3Ff%3D67%26t%3D6434%26sid%3Dc7b0c51175f428387223b27bc9c22940%23p29208","N"
"Water Oak","Quercus nigra","Arkansas","Ashley","Beech Creek In Overflow National Wildlife Refuge","","","12,247 Acres in the Overlow National Wildlife Refuge.
239 Acres tract along Beech Creek featuring mature Sugar Maple and Beech","","243119","1","","","","Public - federal","120.7'","Clinometer/laser rangefinder/sine","9.4'","113''","","","Jess Riddle","2014-07-04","http%3A%2F%2Fwww.ents-bbs.org%2Fviewtopic.php%3Ff%3D67%26t%3D6434%26sid%3Dc7b0c51175f428387223b27bc9c22940%23p29208","N"
"Water Oak","Quercus nigra","Arkansas","Ashley","Beech Creek In Overflow National Wildlife Refuge","","","12,247 Acres in the Overlow National Wildlife Refuge.
239 Acres tract along Beech Creek featuring mature Sugar Maple and Beech","","243118","1","","","","Public - federal","121.2'","Clinometer/laser rangefinder/sine","8.4'","101''","","","Jess Riddle","2014-07-04","http%3A%2F%2Fwww.ents-bbs.org%2Fviewtopic.php%3Ff%3D67%26t%3D6434%26sid%3Dc7b0c51175f428387223b27bc9c22940%23p29208","N"
"Water Oak","Quercus nigra","Arkansas","Ashley","Beech Creek In Overflow National Wildlife Refuge","","","12,247 Acres in the Overlow National Wildlife Refuge.
239 Acres tract along Beech Creek featuring mature Sugar Maple and Beech","","243117","1","","","","Public - federal","124.8'","Clinometer/laser rangefinder/sine","10.5'","126''","","","Jess Riddle","2014-07-04","http%3A%2F%2Fwww.ents-bbs.org%2Fviewtopic.php%3Ff%3D67%26t%3D6434%26sid%3Dc7b0c51175f428387223b27bc9c22940%23p29208","N"
"White Ash","Fraxinus americana","Arkansas","Ashley","Beech Creek In Overflow National Wildlife Refuge","","","12,247 Acres in the Overlow National Wildlife Refuge.
239 Acres tract along Beech Creek featuring mature Sugar Maple and Beech","","243101","1","","","","Public - federal","113.6'","Clinometer/laser rangefinder/sine","6.1'","73''","","","Jess Riddle","2014-07-04","http%3A%2F%2Fwww.ents-bbs.org%2Fviewtopic.php%3Ff%3D67%26t%3D6434%26sid%3Dc7b0c51175f428387223b27bc9c22940%23p29208","N"
"Winged Elm","Ulmus alata","Arkansas","Ashley","Beech Creek In Overflow National Wildlife Refuge","","","12,247 Acres in the Overlow National Wildlife Refuge.
239 Acres tract along Beech Creek featuring mature Sugar Maple and Beech","","243129","1","","","","Public - federal","101.0'","Clinometer/laser rangefinder/sine","4.6'","55''","","","Jess Riddle","2014-07-04","http%3A%2F%2Fwww.ents-bbs.org%2Fviewtopic.php%3Ff%3D67%26t%3D6434%26sid%3Dc7b0c51175f428387223b27bc9c22940%23p29208","N"
"Winged Elm","Ulmus alata","Arkansas","Ashley","Beech Creek In Overflow National Wildlife Refuge","","","12,247 Acres in the Overlow National Wildlife Refuge.
239 Acres tract along Beech Creek featuring mature Sugar Maple and Beech","","243128","1","","","","Public - federal","112.7'","Clinometer/laser rangefinder/sine","8.1'","97''","","","Jess Riddle","2014-07-04","http%3A%2F%2Fwww.ents-bbs.org%2Fviewtopic.php%3Ff%3D67%26t%3D6434%26sid%3Dc7b0c51175f428387223b27bc9c22940%23p29208","N"
"Loblolly Pine","Pinus taeda","Arkansas","Ashley","Levi Wilcoxan Demostration Forest","","","Originally dedicated as a demonstration forest by Crossett Lumber in 1948. Subsequent owners (GP, Plum Creek) have maintained this status","","234008","1","","","","Private","116.8'","Clinometer/laser rangefinder/sine","11.0'","132''","","","Don Bragg","2006-03-19","http%3A%2F%2Fwww.nativetreesociety.org%2Ffieldtrips%2Farkansas%2Farkansas_shortleaf.htm","N"
"Loblolly Pine","Pinus taeda","Arkansas","Ashley","Levi Wilcoxan Demostration Forest","","","Originally dedicated as a demonstration forest by Crossett Lumber in 1948. Subsequent owners (GP, Plum Creek) have maintained this status","","234007","1","","","","Private","116.9'","Clinometer/laser rangefinder/sine","14.6'","175''","","""Morris Pine""","Don Bragg","2006-03-19","http%3A%2F%2Fwww.nativetreesociety.org%2Ffieldtrips%2Farkansas%2Farkansas_shortleaf.htm","N"
"Loblolly Pine","Pinus taeda","Arkansas","Ashley","Levi Wilcoxan Demostration Forest","","","Originally dedicated as a demonstration forest by Crossett Lumber in 1948. Subsequent owners (GP, Plum Creek) have maintained this status","","234006","1","","","","Private","122.2'","Clinometer/laser rangefinder/sine","11.2'","134''","","","Don Bragg","2006-03-19","http%3A%2F%2Fwww.nativetreesociety.org%2Ffieldtrips%2Farkansas%2Farkansas_shortleaf.htm","N"
"Loblolly Pine","Pinus taeda","Arkansas","Ashley","Levi Wilcoxan Demostration Forest","","","Originally dedicated as a demonstration forest by Crossett Lumber in 1948. Subsequent owners (GP, Plum Creek) have maintained this status","","234005","1","","","","Private","126.8'","Clinometer/laser rangefinder/sine","10.5'","126''","","","Don Bragg","2006-03-19","http%3A%2F%2Fwww.nativetreesociety.org%2Ffieldtrips%2Farkansas%2Farkansas_shortleaf.htm","N"
"Loblolly Pine","Pinus taeda","Arkansas","Ashley","Levi Wilcoxan Demostration Forest","","","Originally dedicated as a demonstration forest by Crossett Lumber in 1948. Subsequent owners (GP, Plum Creek) have maintained this status","","234004","1","","","","Private","138.3'","Clinometer/laser rangefinder/sine","10.7'","128''","","","Don Bragg","2006-03-19","http%3A%2F%2Fwww.nativetreesociety.org%2Ffieldtrips%2Farkansas%2Farkansas_shortleaf.htm","N"
"Post Oak","Quercus stellata","Arkansas","Ashley","Levi Wilcoxan Demostration Forest","","","Originally dedicated as a demonstration forest by Crossett Lumber in 1948. Subsequent owners (GP, Plum Creek) have maintained this status","","234010","1","","","","Private","91.4'","Clinometer/laser rangefinder/sine","8.4'","101''","","","Don Bragg","2006-03-19","http%3A%2F%2Fwww.nativetreesociety.org%2Ffieldtrips%2Farkansas%2Farkansas_shortleaf.htm","N"
"Post Oak","Quercus stellata","Arkansas","Ashley","Levi Wilcoxan Demostration Forest","","","Originally dedicated as a demonstration forest by Crossett Lumber in 1948. Subsequent owners (GP, Plum Creek) have maintained this status","","234009","1","","","","Private","99.7'","Clinometer/laser rangefinder/sine","8.4'","101''","","","Don Bragg","2006-03-19","http%3A%2F%2Fwww.nativetreesociety.org%2Ffieldtrips%2Farkansas%2Farkansas_shortleaf.htm","N"
"Shortleaf Pine","Pinus echinata","Arkansas","Ashley","Levi Wilcoxan Demostration Forest","","","Originally dedicated as a demonstration forest by Crossett Lumber in 1948. Subsequent owners (GP, Plum Creek) have maintained this status","","234015","1","","","","Private","112.7'","Clinometer/laser rangefinder/sine","8.1'","97''","","","Don Bragg","2006-03-19","http%3A%2F%2Fwww.nativetreesociety.org%2Ffieldtrips%2Farkansas%2Farkansas_shortleaf.htm","N"
"Shortleaf Pine","Pinus echinata","Arkansas","Ashley","Levi Wilcoxan Demostration Forest","","","Originally dedicated as a demonstration forest by Crossett Lumber in 1948. Subsequent owners (GP, Plum Creek) have maintained this status","","234014","1","","","","Private","121.1'","Clinometer/laser rangefinder/sine","8.6'","103''","","","Don Bragg","2006-03-19","http%3A%2F%2Fwww.nativetreesociety.org%2Ffieldtrips%2Farkansas%2Farkansas_shortleaf.htm","N"
"Shortleaf Pine","Pinus echinata","Arkansas","Ashley","Levi Wilcoxan Demostration Forest","","","Originally dedicated as a demonstration forest by Crossett Lumber in 1948. Subsequent owners (GP, Plum Creek) have maintained this status","","234013","1","","","","Private","124.2'","Clinometer/laser rangefinder/sine","6.6'","79''","","","Don Bragg","2006-03-19","http%3A%2F%2Fwww.nativetreesociety.org%2Ffieldtrips%2Farkansas%2Farkansas_shortleaf.htm","N"
"Shortleaf Pine","Pinus echinata","Arkansas","Ashley","Levi Wilcoxan Demostration Forest","","","Originally dedicated as a demonstration forest by Crossett Lumber in 1948. Subsequent owners (GP, Plum Creek) have maintained this status","","234012","1","","","","Private","129.6'","Clinometer/laser rangefinder/sine","7.7'","92''","","","Don Bragg","2006-03-19","http%3A%2F%2Fwww.nativetreesociety.org%2Ffieldtrips%2Farkansas%2Farkansas_shortleaf.htm","N"
"Shortleaf Pine","Pinus echinata","Arkansas","Ashley","Levi Wilcoxan Demostration Forest","","","Originally dedicated as a demonstration forest by Crossett Lumber in 1948. Subsequent owners (GP, Plum Creek) have maintained this status","","234011","1","","","","Private","136.1'","Clinometer/laser rangefinder/sine","9.4'","113''","","""Walsh Pine""
This was also measured 4/26/2005 at 134.8' Height x 112"" CBH","Don Bragg","2006-03-19","http%3A%2F%2Fwww.nativetreesociety.org%2Ffieldtrips%2Farkansas%2Farkansas_shortleaf.htm","N"
"Southern Red Oak","Quercus falcata","Arkansas","Ashley","Levi Wilcoxan Demostration Forest","","","Originally dedicated as a demonstration forest by Crossett Lumber in 1948. Subsequent owners (GP, Plum Creek) have maintained this status","","234016","1","","","","Private","102.8'","Clinometer/laser rangefinder/sine","10.1'","121''","","","Don Bragg","2006-03-19","http%3A%2F%2Fwww.nativetreesociety.org%2Ffieldtrips%2Farkansas%2Farkansas_shortleaf.htm","N"
"Sweetgum","Liquidambar styraciflua","Arkansas","Ashley","Levi Wilcoxan Demostration Forest","","","Originally dedicated as a demonstration forest by Crossett Lumber in 1948. Subsequent owners (GP, Plum Creek) have maintained this status","","234018","1","","","","Private","98.9'","Clinometer/laser rangefinder/sine","8.4'","101''","","","Don Bragg","2006-03-19","http%3A%2F%2Fwww.nativetreesociety.org%2Ffieldtrips%2Farkansas%2Farkansas_shortleaf.htm","N"
"Sweetgum","Liquidambar styraciflua","Arkansas","Ashley","Levi Wilcoxan Demostration Forest","","","Originally dedicated as a demonstration forest by Crossett Lumber in 1948. Subsequent owners (GP, Plum Creek) have maintained this status","","234017","1","","","","Private","120.7'","Clinometer/laser rangefinder/sine","7.9'","95''","","","Don Bragg","2006-03-19","http%3A%2F%2Fwww.nativetreesociety.org%2Ffieldtrips%2Farkansas%2Farkansas_shortleaf.htm","N"
"Water Oak","Quercus nigra","Arkansas","Ashley","Levi Wilcoxan Demostration Forest","","","Originally dedicated as a demonstration forest by Crossett Lumber in 1948. Subsequent owners (GP, Plum Creek) have maintained this status","","234019","1","","","","Private","102.3'","Clinometer/laser rangefinder/sine","7.4'","89''","","","Don Bragg","2006-03-19","http%3A%2F%2Fwww.nativetreesociety.org%2Ffieldtrips%2Farkansas%2Farkansas_shortleaf.htm","N"
"White Oak","Quercus alba","Arkansas","Ashley","Levi Wilcoxan Demostration Forest","","","Originally dedicated as a demonstration forest by Crossett Lumber in 1948. Subsequent owners (GP, Plum Creek) have maintained this status","","234024","1","","","","Private","100.7'","Clinometer/laser rangefinder/sine","9.6'","115''","","","Don Bragg","2006-03-19","http%3A%2F%2Fwww.nativetreesociety.org%2Ffieldtrips%2Farkansas%2Farkansas_shortleaf.htm","N"
"White Oak","Quercus alba","Arkansas","Ashley","Levi Wilcoxan Demostration Forest","","","Originally dedicated as a demonstration forest by Crossett Lumber in 1948. Subsequent owners (GP, Plum Creek) have maintained this status","","234023","1","","","","Private","104.9'","Clinometer/laser rangefinder/sine","8.4'","101''","","","Don Bragg","2006-03-19","http%3A%2F%2Fwww.nativetreesociety.org%2Ffieldtrips%2Farkansas%2Farkansas_shortleaf.htm","N"
"White Oak","Quercus alba","Arkansas","Ashley","Levi Wilcoxan Demostration Forest","","","Originally dedicated as a demonstration forest by Crossett Lumber in 1948. Subsequent owners (GP, Plum Creek) have maintained this status","","234022","1","","","","Private","106.5'","Clinometer/laser rangefinder/sine","7.7'","92''","","","Don Bragg","2006-03-19","http%3A%2F%2Fwww.nativetreesociety.org%2Ffieldtrips%2Farkansas%2Farkansas_shortleaf.htm","N"
"White Oak","Quercus alba","Arkansas","Ashley","Levi Wilcoxan Demostration Forest","","","Originally dedicated as a demonstration forest by Crossett Lumber in 1948. Subsequent owners (GP, Plum Creek) have maintained this status","","234021","1","","","","Private","109.2'","Clinometer/laser rangefinder/sine","11.8'","142''","","","Don Bragg","2006-03-19","http%3A%2F%2Fwww.nativetreesociety.org%2Ffieldtrips%2Farkansas%2Farkansas_shortleaf.htm","N"
"White Oak","Quercus alba","Arkansas","Ashley","Levi Wilcoxan Demostration Forest","","","Originally dedicated as a demonstration forest by Crossett Lumber in 1948. Subsequent owners (GP, Plum Creek) have maintained this status","","234020","1","","","","Private","110.0'","Clinometer/laser rangefinder/sine","9.6'","115''","","","Don Bragg","2006-03-19","http%3A%2F%2Fwww.nativetreesociety.org%2Ffieldtrips%2Farkansas%2Farkansas_shortleaf.htm","N"
"Winged Elm","Ulmus alata","Arkansas","Ashley","Levi Wilcoxan Demostration Forest","","","Originally dedicated as a demonstration forest by Crossett Lumber in 1948. Subsequent owners (GP, Plum Creek) have maintained this status","","234025","1","","","","Private","90.4'","Clinometer/laser rangefinder/sine","4.8'","58''","","","Don Bragg","2006-03-19","http%3A%2F%2Fwww.nativetreesociety.org%2Ffieldtrips%2Farkansas%2Farkansas_shortleaf.htm","N"
"American Witchhazel","Hamamelis virginiana","Arkansas","Bradley","Bradley County Park","","","","","241620","1","","","","Public - county","28.7'","Clinometer/laser rangefinder/sine","1.0'","12''","","","Jess Riddle","2014-05-15","http%3A%2F%2Fwww.ents-bbs.org%2Fviewtopic.php%3Ff%3D67%26t%3D6338%26sid%3D4a7f32fbd25a5a8512e560f2bcebeb17%23p28725","N"
"Bigleaf Snowbell","Styrax grandifolius","Arkansas","Bradley","Bradley County Park","","","","","241621","1","","","","Public - county","14.0'","Clinometer/laser rangefinder/sine","0.7'","9''","","","Jess Riddle","2014-05-15","http%3A%2F%2Fwww.ents-bbs.org%2Fviewtopic.php%3Ff%3D67%26t%3D6338%26sid%3D4a7f32fbd25a5a8512e560f2bcebeb17%23p28725","N"
"Bigleaf Snowbell","Styrax grandifolius","Arkansas","Bradley","Bradley County Park","","","","","241622","1","","","","Public - county","26.5'","Clinometer/laser rangefinder/sine","0.6'","7''","","","Jess Riddle","2014-05-15","http%3A%2F%2Fwww.ents-bbs.org%2Fviewtopic.php%3Ff%3D67%26t%3D6338%26sid%3D4a7f32fbd25a5a8512e560f2bcebeb17%23p28725","N"
"Common Serviceberry","Amelanchier arborea","Arkansas","Bradley","Bradley County Park","","","","","241619","1","","","","Public - county","37.1'","Clinometer/laser rangefinder/sine","1.3'","16''","","","Jess Riddle","2014-05-15","http%3A%2F%2Fwww.ents-bbs.org%2Fviewtopic.php%3Ff%3D67%26t%3D6338%26sid%3D4a7f32fbd25a5a8512e560f2bcebeb17%23p28725","N"
"American Holly","Ilex opaca","Arkansas","Calhoun","Moro Creek Bottoms Natural Area","","","81 Acres
Nature Conservancy manages an adjacent parcel.","","241588","1","","","","Public - state","73.7'","Clinometer/laser rangefinder/sine","4.8'","58''","","","Jess Riddle","2014-04-17","http%3A%2F%2Fwww.ents-bbs.org%2Fviewtopic.php%3Ff%3D67%26t%3D6257%26sid%3D9e9b8c124e0ec69f3346d56fe2aab67d%23p28407","N"
"Bald Cypress","Taxodium distichum","Arkansas","Calhoun","Moro Creek Bottoms Natural Area","","","81 Acres
Nature Conservancy manages an adjacent parcel.","","241613","1","","","","Public - state","119.6'","Clinometer/laser rangefinder/sine","","","","","Jess Riddle","2014-04-17","http%3A%2F%2Fwww.ents-bbs.org%2Fviewtopic.php%3Ff%3D67%26t%3D6257%26sid%3D9e9b8c124e0ec69f3346d56fe2aab67d%23p28407","N"
"Blackgum","Nyssa sylvatica","Arkansas","Calhoun","Moro Creek Bottoms Natural Area","","","81 Acres
Nature Conservancy manages an adjacent parcel.","","241596","1","","","","Public - state","112.5'","Clinometer/laser rangefinder/sine","6.9'","83''","","","Jess Riddle","2014-04-17","http%3A%2F%2Fwww.ents-bbs.org%2Fviewtopic.php%3Ff%3D67%26t%3D6257%26sid%3D9e9b8c124e0ec69f3346d56fe2aab67d%23p28407","N"
"Blackgum","Nyssa sylvatica","Arkansas","Calhoun","Moro Creek Bottoms Natural Area","","","81 Acres
Nature Conservancy manages an adjacent parcel.","","241595","1","","","","Public - state","119.5'","Clinometer/laser rangefinder/sine","11.3'","135''","","","Jess Riddle","2014-04-17","http%3A%2F%2Fwww.ents-bbs.org%2Fviewtopic.php%3Ff%3D67%26t%3D6257%26sid%3D9e9b8c124e0ec69f3346d56fe2aab67d%23p28407","N"
"Blackgum","Nyssa sylvatica","Arkansas","Calhoun","Moro Creek Bottoms Natural Area","","","81 Acres
Nature Conservancy manages an adjacent parcel.","","241594","1","","","","Public - state","120.8'","Clinometer/laser rangefinder/sine","9.7'","116''","","","Jess Riddle","2014-04-17","http%3A%2F%2Fwww.ents-bbs.org%2Fviewtopic.php%3Ff%3D67%26t%3D6257%26sid%3D9e9b8c124e0ec69f3346d56fe2aab67d%23p28407","N"
"Carolina Ash","Fraxinus caroliniana","Arkansas","Calhoun","Moro Creek Bottoms Natural Area","","","81 Acres
Nature Conservancy manages an adjacent parcel.","","241587","1","","","","Public - state","48.6'","Clinometer/laser rangefinder/sine","1.7'","20''","","","Jess Riddle","2014-04-17","http%3A%2F%2Fwww.ents-bbs.org%2Fviewtopic.php%3Ff%3D67%26t%3D6257%26sid%3D9e9b8c124e0ec69f3346d56fe2aab67d%23p28407","N"
"Cherrybark Oak","Quercus pagoda","Arkansas","Calhoun","Moro Creek Bottoms Natural Area","","","81 Acres
Nature Conservancy manages an adjacent parcel.","","241610","1","","","","Public - state","131.8'","Clinometer/laser rangefinder/sine","13.5'","162''","","","Jess Riddle","2014-04-17","http%3A%2F%2Fwww.ents-bbs.org%2Fviewtopic.php%3Ff%3D67%26t%3D6257%26sid%3D9e9b8c124e0ec69f3346d56fe2aab67d%23p28407","N"
"Hercules' Club","Zanthoxylum clava-herculis","Arkansas","Calhoun","Moro Creek Bottoms Natural Area","","","81 Acres
Nature Conservancy manages an adjacent parcel.","","241614","1","","","","Public - state","42.6'","Clinometer/laser rangefinder/sine","1.5'","18''","","","Jess Riddle","2014-04-17","http%3A%2F%2Fwww.ents-bbs.org%2Fviewtopic.php%3Ff%3D67%26t%3D6257%26sid%3D9e9b8c124e0ec69f3346d56fe2aab67d%23p28407","N"
"Loblolly Pine","Pinus taeda","Arkansas","Calhoun","Moro Creek Bottoms Natural Area","","","81 Acres
Nature Conservancy manages an adjacent parcel.","","241597","1","","","","Public - state","133.0'","Clinometer/laser rangefinder/sine","9.2'","110''","","","Jess Riddle","2014-04-17","http%3A%2F%2Fwww.ents-bbs.org%2Fviewtopic.php%3Ff%3D67%26t%3D6257%26sid%3D9e9b8c124e0ec69f3346d56fe2aab67d%23p28407","N"
"Overcup Oak","Quercus lyrata","Arkansas","Calhoun","Moro Creek Bottoms Natural Area","","","81 Acres
Nature Conservancy manages an adjacent parcel.","","241603","1","","","","Public - state","128.0'","Clinometer/laser rangefinder/sine","9.5'","114''","","","Jess Riddle","2014-04-17","http%3A%2F%2Fwww.ents-bbs.org%2Fviewtopic.php%3Ff%3D67%26t%3D6257%26sid%3D9e9b8c124e0ec69f3346d56fe2aab67d%23p28407","N"
"Pignut Hickory","Carya glabra","Arkansas","Calhoun","Moro Creek Bottoms Natural Area","","","81 Acres
Nature Conservancy manages an adjacent parcel.","","241584","1","","","","Public - state","125.2'","Clinometer/laser rangefinder/sine","5.9'","71''","","","Jess Riddle","2014-04-17","http%3A%2F%2Fwww.ents-bbs.org%2Fviewtopic.php%3Ff%3D67%26t%3D6257%26sid%3D9e9b8c124e0ec69f3346d56fe2aab67d%23p28407","N"
"Pignut Hickory","Carya glabra","Arkansas","Calhoun","Moro Creek Bottoms Natural Area","","","81 Acres
Nature Conservancy manages an adjacent parcel.","","241583","1","","","","Public - state","125.6'","Clinometer/laser rangefinder/sine","8.7'","104''","","","Jess Riddle","2014-04-17","http%3A%2F%2Fwww.ents-bbs.org%2Fviewtopic.php%3Ff%3D67%26t%3D6257%26sid%3D9e9b8c124e0ec69f3346d56fe2aab67d%23p28407","N"
"Shagbark Hickory","Carya ovata","Arkansas","Calhoun","Moro Creek Bottoms Natural Area","","","81 Acres
Nature Conservancy manages an adjacent parcel.","","241586","1","","","","Public - state","120.4'","Clinometer/laser rangefinder/sine","6.6'","79''","","","Jess Riddle","2014-04-17","http%3A%2F%2Fwww.ents-bbs.org%2Fviewtopic.php%3Ff%3D67%26t%3D6257%26sid%3D9e9b8c124e0ec69f3346d56fe2aab67d%23p28407","N"
"Shagbark Hickory","Carya ovata","Arkansas","Calhoun","Moro Creek Bottoms Natural Area","","","81 Acres
Nature Conservancy manages an adjacent parcel.","","241585","1","","","","Public - state","123.8'","Clinometer/laser rangefinder/sine","7.0'","84''","","","Jess Riddle","2014-04-17","http%3A%2F%2Fwww.ents-bbs.org%2Fviewtopic.php%3Ff%3D67%26t%3D6257%26sid%3D9e9b8c124e0ec69f3346d56fe2aab67d%23p28407","N"
"Swamp Chestnut Oak","Quercus michauxii","Arkansas","Calhoun","Moro Creek Bottoms Natural Area","","","81 Acres
Nature Conservancy manages an adjacent parcel.","","241608","1","","","","Public - state","123.9'","Clinometer/laser rangefinder/sine","14.4'","173''","","","Jess Riddle","2014-04-17","http%3A%2F%2Fwww.ents-bbs.org%2Fviewtopic.php%3Ff%3D67%26t%3D6257%26sid%3D9e9b8c124e0ec69f3346d56fe2aab67d%23p28407","N"
"Swamp Chestnut Oak","Quercus michauxii","Arkansas","Calhoun","Moro Creek Bottoms Natural Area","","","81 Acres
Nature Conservancy manages an adjacent parcel.","","241607","1","","","","Public - state","125.6'","Clinometer/laser rangefinder/sine","14.0'","168''","","","Jess Riddle","2014-04-17","http%3A%2F%2Fwww.ents-bbs.org%2Fviewtopic.php%3Ff%3D67%26t%3D6257%26sid%3D9e9b8c124e0ec69f3346d56fe2aab67d%23p28407","N"
"Swamp Chestnut Oak","Quercus michauxii","Arkansas","Calhoun","Moro Creek Bottoms Natural Area","","","81 Acres
Nature Conservancy manages an adjacent parcel.","","241606","1","","","","Public - state","127.7'","Clinometer/laser rangefinder/sine","12.4'","149''","","","Jess Riddle","2014-04-17","http%3A%2F%2Fwww.ents-bbs.org%2Fviewtopic.php%3Ff%3D67%26t%3D6257%26sid%3D9e9b8c124e0ec69f3346d56fe2aab67d%23p28407","N"
"Swamp Chestnut Oak","Quercus michauxii","Arkansas","Calhoun","Moro Creek Bottoms Natural Area","","","81 Acres
Nature Conservancy manages an adjacent parcel.","","241605","1","","","","Public - state","128.4'","Clinometer/laser rangefinder/sine","11.6'","139''","","","Jess Riddle","2014-04-17","http%3A%2F%2Fwww.ents-bbs.org%2Fviewtopic.php%3Ff%3D67%26t%3D6257%26sid%3D9e9b8c124e0ec69f3346d56fe2aab67d%23p28407","N"
"Swamp Chestnut Oak","Quercus michauxii","Arkansas","Calhoun","Moro Creek Bottoms Natural Area","","","81 Acres
Nature Conservancy manages an adjacent parcel.","","241604","1","","","","Public - state","132.1'","Clinometer/laser rangefinder/sine","10.9'","131''","","","Jess Riddle","2014-04-17","http%3A%2F%2Fwww.ents-bbs.org%2Fviewtopic.php%3Ff%3D67%26t%3D6257%26sid%3D9e9b8c124e0ec69f3346d56fe2aab67d%23p28407","N"
"Sweetgum","Liquidambar styraciflua","Arkansas","Calhoun","Moro Creek Bottoms Natural Area","","","81 Acres
Nature Conservancy manages an adjacent parcel.","","241593","1","","","","Public - state","131.9'","Clinometer/laser rangefinder/sine","12.3'","147''","","","Jess Riddle","2014-04-17","http%3A%2F%2Fwww.ents-bbs.org%2Fviewtopic.php%3Ff%3D67%26t%3D6257%26sid%3D9e9b8c124e0ec69f3346d56fe2aab67d%23p28407","N"
"Sweetgum","Liquidambar styraciflua","Arkansas","Calhoun","Moro Creek Bottoms Natural Area","","","81 Acres
Nature Conservancy manages an adjacent parcel.","","241592","1","","","","Public - state","133.0'","Clinometer/laser rangefinder/sine","8.9'","107''","","","Jess Riddle","2014-04-17","http%3A%2F%2Fwww.ents-bbs.org%2Fviewtopic.php%3Ff%3D67%26t%3D6257%26sid%3D9e9b8c124e0ec69f3346d56fe2aab67d%23p28407","N"
"Sweetgum","Liquidambar styraciflua","Arkansas","Calhoun","Moro Creek Bottoms Natural Area","","","81 Acres
Nature Conservancy manages an adjacent parcel.","","241591","1","","","","Public - state","136.2'","Clinometer/laser rangefinder/sine","9.8'","117''","","","Jess Riddle","2014-04-17","http%3A%2F%2Fwww.ents-bbs.org%2Fviewtopic.php%3Ff%3D67%26t%3D6257%26sid%3D9e9b8c124e0ec69f3346d56fe2aab67d%23p28407","N"
"Sweetgum","Liquidambar styraciflua","Arkansas","Calhoun","Moro Creek Bottoms Natural Area","","","81 Acres
Nature Conservancy manages an adjacent parcel.","","241590","1","","","","Public - state","137.1'","Clinometer/laser rangefinder/sine","10.8'","130''","","","Jess Riddle","2014-04-17","http%3A%2F%2Fwww.ents-bbs.org%2Fviewtopic.php%3Ff%3D67%26t%3D6257%26sid%3D9e9b8c124e0ec69f3346d56fe2aab67d%23p28407","N"
"Sweetgum","Liquidambar styraciflua","Arkansas","Calhoun","Moro Creek Bottoms Natural Area","","","81 Acres
Nature Conservancy manages an adjacent parcel.","","241589","1","","","","Public - state","137.6'","Clinometer/laser rangefinder/sine","8.1'","97''","","","Jess Riddle","2014-04-17","http%3A%2F%2Fwww.ents-bbs.org%2Fviewtopic.php%3Ff%3D67%26t%3D6257%26sid%3D9e9b8c124e0ec69f3346d56fe2aab67d%23p28407","N"
"Water Oak","Quercus nigra","Arkansas","Calhoun","Moro Creek Bottoms Natural Area","","","81 Acres
Nature Conservancy manages an adjacent parcel.","","241609","1","","","","Public - state","119.3'","Clinometer/laser rangefinder/sine","7.5'","90''","","","Jess Riddle","2014-04-17","http%3A%2F%2Fwww.ents-bbs.org%2Fviewtopic.php%3Ff%3D67%26t%3D6257%26sid%3D9e9b8c124e0ec69f3346d56fe2aab67d%23p28407","N"
"White Oak","Quercus alba","Arkansas","Calhoun","Moro Creek Bottoms Natural Area","","","81 Acres
Nature Conservancy manages an adjacent parcel.","","241602","1","","","","Public - state","112.6'","Clinometer/laser rangefinder/sine","12.3'","148''","","","Jess Riddle","2014-04-17","http%3A%2F%2Fwww.ents-bbs.org%2Fviewtopic.php%3Ff%3D67%26t%3D6257%26sid%3D9e9b8c124e0ec69f3346d56fe2aab67d%23p28407","N"
"White Oak","Quercus alba","Arkansas","Calhoun","Moro Creek Bottoms Natural Area","","","81 Acres
Nature Conservancy manages an adjacent parcel.","","241601","1","","","","Public - state","119.2'","Clinometer/laser rangefinder/sine","9.8'","117''","","","Jess Riddle","2014-04-17","http%3A%2F%2Fwww.ents-bbs.org%2Fviewtopic.php%3Ff%3D67%26t%3D6257%26sid%3D9e9b8c124e0ec69f3346d56fe2aab67d%23p28407","N"
"White Oak","Quercus alba","Arkansas","Calhoun","Moro Creek Bottoms Natural Area","","","81 Acres
Nature Conservancy manages an adjacent parcel.","","241600","1","","","","Public - state","120.4'","Clinometer/laser rangefinder/sine","12.3'","147''","","","Jess Riddle","2014-04-17","http%3A%2F%2Fwww.ents-bbs.org%2Fviewtopic.php%3Ff%3D67%26t%3D6257%26sid%3D9e9b8c124e0ec69f3346d56fe2aab67d%23p28407","N"
"White Oak","Quercus alba","Arkansas","Calhoun","Moro Creek Bottoms Natural Area","","","81 Acres
Nature Conservancy manages an adjacent parcel.","","241599","1","","","","Public - state","121.9'","Clinometer/laser rangefinder/sine","10.3'","123''","","","Jess Riddle","2014-04-17","http%3A%2F%2Fwww.ents-bbs.org%2Fviewtopic.php%3Ff%3D67%26t%3D6257%26sid%3D9e9b8c124e0ec69f3346d56fe2aab67d%23p28407","N"
"White Oak","Quercus alba","Arkansas","Calhoun","Moro Creek Bottoms Natural Area","","","81 Acres
Nature Conservancy manages an adjacent parcel.","","241598","1","","","","Public - state","122.7'","Clinometer/laser rangefinder/sine","8.8'","105''","","","Jess Riddle","2014-04-17","http%3A%2F%2Fwww.ents-bbs.org%2Fviewtopic.php%3Ff%3D67%26t%3D6257%26sid%3D9e9b8c124e0ec69f3346d56fe2aab67d%23p28407","N"
"Willow Oak","Quercus phellos","Arkansas","Calhoun","Moro Creek Bottoms Natural Area","","","81 Acres
Nature Conservancy manages an adjacent parcel.","","241612","1","","","","Public - state","128.1'","Clinometer/laser rangefinder/sine","11.3'","136''","","","Jess Riddle","2014-04-17","http%3A%2F%2Fwww.ents-bbs.org%2Fviewtopic.php%3Ff%3D67%26t%3D6257%26sid%3D9e9b8c124e0ec69f3346d56fe2aab67d%23p28407","N"
"Willow Oak","Quercus phellos","Arkansas","Calhoun","Moro Creek Bottoms Natural Area","","","81 Acres
Nature Conservancy manages an adjacent parcel.","","241611","1","","","","Public - state","130.8'","Clinometer/laser rangefinder/sine","10.6'","127''","","","Jess Riddle","2014-04-17","http%3A%2F%2Fwww.ents-bbs.org%2Fviewtopic.php%3Ff%3D67%26t%3D6257%26sid%3D9e9b8c124e0ec69f3346d56fe2aab67d%23p28407","N"
"American Beech","Fagus grandifolia","Arkansas","Columbia","Logoly State Park","","","368 Acres","","234003","1","","","","Public - state","71.5'","Clinometer/laser rangefinder/sine","7.6'","91''","","Height is Not Less Then(NLT)","Don Bragg","2008-09-08","http%3A%2F%2Fwww.nativetreesociety.org%2Ffieldtrips%2Farkansas%2Flogoly_state_park_ar.htm","N"
"Loblolly Pine","Pinus taeda","Arkansas","Columbia","Logoly State Park","","","368 Acres","","233997","1","","","","Public - state","108.0'","Clinometer/laser rangefinder/sine","7.3'","88''","","","Don Bragg","2008-09-08","http%3A%2F%2Fwww.nativetreesociety.org%2Ffieldtrips%2Farkansas%2Flogoly_state_park_ar.htm","N"
"Loblolly Pine","Pinus taeda","Arkansas","Columbia","Logoly State Park","","","368 Acres","","233998","1","","","","Public - state","115.5'","Clinometer/laser rangefinder/sine","7.1'","85''","","","Don Bragg","2008-09-08","http%3A%2F%2Fwww.nativetreesociety.org%2Ffieldtrips%2Farkansas%2Flogoly_state_park_ar.htm","N"
"Loblolly Pine","Pinus taeda","Arkansas","Columbia","Logoly State Park","","","368 Acres","","233996","1","","","","Public - state","117.5'","Clinometer/laser rangefinder/sine","6.8'","81''","","","Don Bragg","2008-09-08","http%3A%2F%2Fwww.nativetreesociety.org%2Ffieldtrips%2Farkansas%2Flogoly_state_park_ar.htm","N"
"Shortleaf Pine","Pinus echinata","Arkansas","Columbia","Logoly State Park","","","368 Acres","","234001","1","","","","Public - state","99.5'","Clinometer/laser rangefinder/sine","5.3'","64''","","","Don Bragg","2008-09-08","http%3A%2F%2Fwww.nativetreesociety.org%2Ffieldtrips%2Farkansas%2Flogoly_state_park_ar.htm","N"
"Shortleaf Pine","Pinus echinata","Arkansas","Columbia","Logoly State Park","","","368 Acres","","234000","1","","","","Public - state","116.0'","Clinometer/laser rangefinder/sine","5.5'","66''","","","Don Bragg","2008-09-08","http%3A%2F%2Fwww.nativetreesociety.org%2Ffieldtrips%2Farkansas%2Flogoly_state_park_ar.htm","N"
"Shortleaf Pine","Pinus echinata","Arkansas","Columbia","Logoly State Park","","","368 Acres","","234002","1","","","","Public - state","122.0'","Clinometer/laser rangefinder/sine","5.3'","63''","","","Don Bragg","2008-09-08","http%3A%2F%2Fwww.nativetreesociety.org%2Ffieldtrips%2Farkansas%2Flogoly_state_park_ar.htm","N"
"Southern Red Oak","Quercus falcata","Arkansas","Columbia","Logoly State Park","","","368 Acres","","233999","1","","","","Public - state","107.5'","Clinometer/laser rangefinder/sine","10.6'","127''","","","Don Bragg","2008-09-08","http%3A%2F%2Fwww.nativetreesociety.org%2Ffieldtrips%2Farkansas%2Flogoly_state_park_ar.htm","N"
"Black Willow","Salix nigra","Arkansas","Desha","Choctaw Island Wildlife Management Area","","","7,676 acres","","241843","1","","","","Public - state","105.3'","Clinometer/laser rangefinder/sine","9.3'","112''","","","Jess Riddle","2015-12-28","http%3A%2F%2Fwww.ents-bbs.org%2Fviewtopic.php%3Ff%3D67%26t%3D7423%26sid%3Dd34cff8a27be69502f1d66837e7ee988","N"
"Black Willow","Salix nigra","Arkansas","Desha","Choctaw Island Wildlife Management Area","","","7,676 acres","","241842","1","","","","Public - state","115.7'","Clinometer/laser rangefinder/sine","5.8'","70''","","","Jess Riddle","2015-12-28","http%3A%2F%2Fwww.ents-bbs.org%2Fviewtopic.php%3Ff%3D67%26t%3D7423%26sid%3Dd34cff8a27be69502f1d66837e7ee988","N"
"Black Willow","Salix nigra","Arkansas","Desha","Choctaw Island Wildlife Management Area","","","7,676 acres","","241841","1","","","","Public - state","118.0'","Clinometer/laser rangefinder/sine","6.2'","74''","","","Jess Riddle","2015-12-28","http%3A%2F%2Fwww.ents-bbs.org%2Fviewtopic.php%3Ff%3D67%26t%3D7423%26sid%3Dd34cff8a27be69502f1d66837e7ee988","N"
"Black Willow","Salix nigra","Arkansas","Desha","Choctaw Island Wildlife Management Area","","","7,676 acres","","241839","1","","","","Public - state","118.8'","Clinometer/laser rangefinder/sine","5.8'","70''","","","Jess Riddle","2015-12-28","http%3A%2F%2Fwww.ents-bbs.org%2Fviewtopic.php%3Ff%3D67%26t%3D7423%26sid%3Dd34cff8a27be69502f1d66837e7ee988","N"
"Black Willow","Salix nigra","Arkansas","Desha","Choctaw Island Wildlife Management Area","","","7,676 acres","","241840","1","","","","Public - state","118.8'","Clinometer/laser rangefinder/sine","6.7'","80''","","","Jess Riddle","2015-12-28","http%3A%2F%2Fwww.ents-bbs.org%2Fviewtopic.php%3Ff%3D67%26t%3D7423%26sid%3Dd34cff8a27be69502f1d66837e7ee988","N"
"Black Willow","Salix nigra","Arkansas","Desha","Choctaw Island Wildlife Management Area","","","7,676 acres","","241838","1","","","","Public - state","119.5'","Clinometer/laser rangefinder/sine","5.9'","71''","","","Jess Riddle","2015-12-28","http%3A%2F%2Fwww.ents-bbs.org%2Fviewtopic.php%3Ff%3D67%26t%3D7423%26sid%3Dd34cff8a27be69502f1d66837e7ee988","N"
"Black Willow","Salix nigra","Arkansas","Desha","Choctaw Island Wildlife Management Area","","","7,676 acres","","241837","1","","","","Public - state","121.3'","Clinometer/laser rangefinder/sine","7.3'","87''","","","Jess Riddle","2015-12-28","http%3A%2F%2Fwww.ents-bbs.org%2Fviewtopic.php%3Ff%3D67%26t%3D7423%26sid%3Dd34cff8a27be69502f1d66837e7ee988","N"
"Black Willow","Salix nigra","Arkansas","Desha","Choctaw Island Wildlife Management Area","","","7,676 acres","","241836","1","","","","Public - state","125.6'","Clinometer/laser rangefinder/sine","","","","","Jess Riddle","2015-12-28","http%3A%2F%2Fwww.ents-bbs.org%2Fviewtopic.php%3Ff%3D67%26t%3D7423%26sid%3Dd34cff8a27be69502f1d66837e7ee988","N"
"Eastern Cottonwood","Populus deltoides","Arkansas","Desha","Choctaw Island Wildlife Management Area","","","7,676 acres","","241832","1","","","","Public - state","142.8'","Clinometer/laser rangefinder/sine","13.6'","163''","","","Jess Riddle","2015-12-28","http%3A%2F%2Fwww.ents-bbs.org%2Fviewtopic.php%3Ff%3D67%26t%3D7423%26sid%3Dd34cff8a27be69502f1d66837e7ee988","N"
"Eastern Cottonwood","Populus deltoides","Arkansas","Desha","Choctaw Island Wildlife Management Area","","","7,676 acres","","241831","1","","","","Public - state","144.0'","Clinometer/laser rangefinder/sine","11.0'","132''","","","Jess Riddle","2015-12-28","http%3A%2F%2Fwww.ents-bbs.org%2Fviewtopic.php%3Ff%3D67%26t%3D7423%26sid%3Dd34cff8a27be69502f1d66837e7ee988","N"
"Eastern Cottonwood","Populus deltoides","Arkansas","Desha","Choctaw Island Wildlife Management Area","","","7,676 acres","","241830","1","","","","Public - state","145.7'","Clinometer/laser rangefinder/sine","","","","","Jess Riddle","2015-12-28","http%3A%2F%2Fwww.ents-bbs.org%2Fviewtopic.php%3Ff%3D67%26t%3D7423%26sid%3Dd34cff8a27be69502f1d66837e7ee988","N"
"Eastern Redbud","Cercis canadensis","Arkansas","Desha","Choctaw Island Wildlife Management Area","","","7,676 acres","","241817","1","","","","Public - state","40.5'","Clinometer/laser rangefinder/sine","2.8'","33''","","","Jess Riddle","2015-12-28","http%3A%2F%2Fwww.ents-bbs.org%2Fviewtopic.php%3Ff%3D67%26t%3D7423%26sid%3Dd34cff8a27be69502f1d66837e7ee988","N"
"Eastern Swampprivet","Forestiera acuminata","Arkansas","Desha","Choctaw Island Wildlife Management Area","","","7,676 acres","","241828","1","","","","Public - state","41.4'","Clinometer/laser rangefinder/sine","2.4'","29''","","","Jess Riddle","2015-12-28","http%3A%2F%2Fwww.ents-bbs.org%2Fviewtopic.php%3Ff%3D67%26t%3D7423%26sid%3Dd34cff8a27be69502f1d66837e7ee988","N"
"Eastern Swampprivet","Forestiera acuminata","Arkansas","Desha","Choctaw Island Wildlife Management Area","","","7,676 acres","","241827","1","","","","Public - state","42.5'","Clinometer/laser rangefinder/sine","3.5'","42''","","","Jess Riddle","2015-12-28","http%3A%2F%2Fwww.ents-bbs.org%2Fviewtopic.php%3Ff%3D67%26t%3D7423%26sid%3Dd34cff8a27be69502f1d66837e7ee988","N"
"Eastern Swampprivet","Forestiera acuminata","Arkansas","Desha","Choctaw Island Wildlife Management Area","","","7,676 acres","","241826","1","","","","Public - state","43.7'","Clinometer/laser rangefinder/sine","1.8'","21''","","","Jess Riddle","2015-12-28","http%3A%2F%2Fwww.ents-bbs.org%2Fviewtopic.php%3Ff%3D67%26t%3D7423%26sid%3Dd34cff8a27be69502f1d66837e7ee988","N"
"Eastern Swampprivet","Forestiera acuminata","Arkansas","Desha","Choctaw Island Wildlife Management Area","","","7,676 acres","","241825","1","","","","Public - state","44.3'","Clinometer/laser rangefinder/sine","1.3'","15''","","","Jess Riddle","2015-12-28","http%3A%2F%2Fwww.ents-bbs.org%2Fviewtopic.php%3Ff%3D67%26t%3D7423%26sid%3Dd34cff8a27be69502f1d66837e7ee988","N"
"Eastern Swampprivet","Forestiera acuminata","Arkansas","Desha","Choctaw Island Wildlife Management Area","","","7,676 acres","","241824","1","","","","Public - state","46.9'","Clinometer/laser rangefinder/sine","2.1'","25''","","","Jess Riddle","2015-12-28","http%3A%2F%2Fwww.ents-bbs.org%2Fviewtopic.php%3Ff%3D67%26t%3D7423%26sid%3Dd34cff8a27be69502f1d66837e7ee988","N"
"Eastern Swampprivet","Forestiera acuminata","Arkansas","Desha","Choctaw Island Wildlife Management Area","","","7,676 acres","","241823","1","","","","Public - state","47.5'","Clinometer/laser rangefinder/sine","2.1'","25''","","","Jess Riddle","2015-12-28","http%3A%2F%2Fwww.ents-bbs.org%2Fviewtopic.php%3Ff%3D67%26t%3D7423%26sid%3Dd34cff8a27be69502f1d66837e7ee988","N"
"Eastern Swampprivet","Forestiera acuminata","Arkansas","Desha","Choctaw Island Wildlife Management Area","","","7,676 acres","","241822","1","","","","Public - state","49.6'","Clinometer/laser rangefinder/sine","3.5'","42''","","","Jess Riddle","2015-12-28","http%3A%2F%2Fwww.ents-bbs.org%2Fviewtopic.php%3Ff%3D67%26t%3D7423%26sid%3Dd34cff8a27be69502f1d66837e7ee988","N"
"Eastern Swampprivet","Forestiera acuminata","Arkansas","Desha","Choctaw Island Wildlife Management Area","","","7,676 acres","","241821","1","","","","Public - state","49.7'","Clinometer/laser rangefinder/sine","3.4'","41''","","","Jess Riddle","2015-12-28","http%3A%2F%2Fwww.ents-bbs.org%2Fviewtopic.php%3Ff%3D67%26t%3D7423%26sid%3Dd34cff8a27be69502f1d66837e7ee988","N"
"Eastern Swampprivet","Forestiera acuminata","Arkansas","Desha","Choctaw Island Wildlife Management Area","","","7,676 acres","","241820","1","","","","Public - state","51.2'","Clinometer/laser rangefinder/sine","2.4'","29''","","","Jess Riddle","2015-12-28","http%3A%2F%2Fwww.ents-bbs.org%2Fviewtopic.php%3Ff%3D67%26t%3D7423%26sid%3Dd34cff8a27be69502f1d66837e7ee988","N"
"Eastern Swampprivet","Forestiera acuminata","Arkansas","Desha","Choctaw Island Wildlife Management Area","","","7,676 acres","","241819","1","","","","Public - state","56.0'","Clinometer/laser rangefinder/sine","1.8'","21''","","","Jess Riddle","2015-12-28","http%3A%2F%2Fwww.ents-bbs.org%2Fviewtopic.php%3Ff%3D67%26t%3D7423%26sid%3Dd34cff8a27be69502f1d66837e7ee988","N"
"Green Ash","Fraxinus pennsylvanica","Arkansas","Desha","Choctaw Island Wildlife Management Area","","","7,676 acres","","241829","1","","","","Public - state","98.0'","Clinometer/laser rangefinder/sine","11.5'","138''","","","Jess Riddle","2015-12-28","http%3A%2F%2Fwww.ents-bbs.org%2Fviewtopic.php%3Ff%3D67%26t%3D7423%26sid%3Dd34cff8a27be69502f1d66837e7ee988","N"
"Gum Bully","Sideroxylon lanuginosum","Arkansas","Desha","Choctaw Island Wildlife Management Area","","","7,676 acres","","241844","1","","","","Public - state","44.1'","Clinometer/laser rangefinder/sine","2.1'","25''","","","Jess Riddle","2015-12-28","http%3A%2F%2Fwww.ents-bbs.org%2Fviewtopic.php%3Ff%3D67%26t%3D7423%26sid%3Dd34cff8a27be69502f1d66837e7ee988","N"
"Roughleaf Dogwood","Cornus drummondii","Arkansas","Desha","Choctaw Island Wildlife Management Area","","","7,676 acres","","241818","1","","","","Public - state","34.3'","Clinometer/laser rangefinder/sine","1.1'","13''","","","Jess Riddle","2015-12-28","http%3A%2F%2Fwww.ents-bbs.org%2Fviewtopic.php%3Ff%3D67%26t%3D7423%26sid%3Dd34cff8a27be69502f1d66837e7ee988","N"
"Sandbar Willow","Salix interior","Arkansas","Desha","Choctaw Island Wildlife Management Area","","","7,676 acres","","241834","1","","","","Public - state","4.1'","Clinometer/laser rangefinder/sine","1.3'","16''","","","Jess Riddle","2015-12-28","http%3A%2F%2Fwww.ents-bbs.org%2Fviewtopic.php%3Ff%3D67%26t%3D7423%26sid%3Dd34cff8a27be69502f1d66837e7ee988","N"
"Sandbar Willow","Salix interior","Arkansas","Desha","Choctaw Island Wildlife Management Area","","","7,676 acres","","241835","1","","","","Public - state","43.4'","Clinometer/laser rangefinder/sine","3.3'","40''","","","Jess Riddle","2015-12-28","http%3A%2F%2Fwww.ents-bbs.org%2Fviewtopic.php%3Ff%3D67%26t%3D7423%26sid%3Dd34cff8a27be69502f1d66837e7ee988","N"
"Sandbar Willow","Salix interior","Arkansas","Desha","Choctaw Island Wildlife Management Area","","","7,676 acres","","241833","1","","","","Public - state","52.9'","Clinometer/laser rangefinder/sine","1.4'","17''","","","Jess Riddle","2015-12-28","http%3A%2F%2Fwww.ents-bbs.org%2Fviewtopic.php%3Ff%3D67%26t%3D7423%26sid%3Dd34cff8a27be69502f1d66837e7ee988","N"
"Sugarberry","Celtis laevigata var. laevigata","Arkansas","Desha","Choctaw Island Wildlife Management Area","","","7,676 acres","","241816","1","","","","Public - state","97.5'","Clinometer/laser rangefinder/sine","11.8'","142''","","","Jess Riddle","2015-12-28","http%3A%2F%2Fwww.ents-bbs.org%2Fviewtopic.php%3Ff%3D67%26t%3D7423%26sid%3Dd34cff8a27be69502f1d66837e7ee988","N"
"Loblolly Pine","Pinus taeda","Arkansas","Desha","Site 1 Southeastern Arkansas","","","Location of tract not disclosed. Map shows a random sourheastern location.","","241654","1","","","","Private","130.8'","Clinometer/laser rangefinder/sine","8.4'","101''","","","Jess Riddle","2014-09-18","http%3A%2F%2Fwww.ents-bbs.org%2Fviewtopic.php%3Ff%3D67%26t%3D6614%26sid%3D596b9f0b2b841094df15d50f2ae05a58","N"
"Loblolly Pine","Pinus taeda","Arkansas","Desha","Site 1 Southeastern Arkansas","","","Location of tract not disclosed. Map shows a random sourheastern location.","","241653","1","","","","Private","131.8'","Clinometer/laser rangefinder/sine","7.3'","88''","","","Jess Riddle","2014-09-18","http%3A%2F%2Fwww.ents-bbs.org%2Fviewtopic.php%3Ff%3D67%26t%3D6614%26sid%3D596b9f0b2b841094df15d50f2ae05a58","N"
"Loblolly Pine","Pinus taeda","Arkansas","Desha","Site 1 Southeastern Arkansas","","","Location of tract not disclosed. Map shows a random sourheastern location.","","241652","1","","","","Private","137.7'","Clinometer/laser rangefinder/sine","8.9'","107''","","","Jess Riddle","2014-09-18","http%3A%2F%2Fwww.ents-bbs.org%2Fviewtopic.php%3Ff%3D67%26t%3D6614%26sid%3D596b9f0b2b841094df15d50f2ae05a58","N"
"Pignut Hickory","Carya glabra","Arkansas","Desha","Site 1 Southeastern Arkansas","","","Location of tract not disclosed. Map shows a random sourheastern location.","","241646","1","","","","Private","121.4'","Clinometer/laser rangefinder/sine","5.8'","70''","","","Jess Riddle","2014-09-18","http%3A%2F%2Fwww.ents-bbs.org%2Fviewtopic.php%3Ff%3D67%26t%3D6614%26sid%3D596b9f0b2b841094df15d50f2ae05a58","N"
"Pignut Hickory","Carya glabra","Arkansas","Desha","Site 1 Southeastern Arkansas","","","Location of tract not disclosed. Map shows a random sourheastern location.","","241645","1","","","","Private","121.7'","Clinometer/laser rangefinder/sine","6.8'","81''","","","Jess Riddle","2014-09-18","http%3A%2F%2Fwww.ents-bbs.org%2Fviewtopic.php%3Ff%3D67%26t%3D6614%26sid%3D596b9f0b2b841094df15d50f2ae05a58","N"
"Post Oak","Quercus stellata","Arkansas","Desha","Site 1 Southeastern Arkansas","","","Location of tract not disclosed. Map shows a random sourheastern location.","","241662","1","","","","Private","105.5'","Clinometer/laser rangefinder/sine","6.2'","74''","","","Jess Riddle","2014-09-18","http%3A%2F%2Fwww.ents-bbs.org%2Fviewtopic.php%3Ff%3D67%26t%3D6614%26sid%3D596b9f0b2b841094df15d50f2ae05a58","N"
"Post Oak","Quercus stellata","Arkansas","Desha","Site 1 Southeastern Arkansas","","","Location of tract not disclosed. Map shows a random sourheastern location.","","241661","1","","","","Private","107.2'","Clinometer/laser rangefinder/sine","5.8'","70''","","","Jess Riddle","2014-09-18","http%3A%2F%2Fwww.ents-bbs.org%2Fviewtopic.php%3Ff%3D67%26t%3D6614%26sid%3D596b9f0b2b841094df15d50f2ae05a58","N"
"Post Oak","Quercus stellata","Arkansas","Desha","Site 1 Southeastern Arkansas","","","Location of tract not disclosed. Map shows a random sourheastern location.","","241660","1","","","","Private","108.1'","Clinometer/laser rangefinder/sine","6.4'","77''","","","Jess Riddle","2014-09-18","http%3A%2F%2Fwww.ents-bbs.org%2Fviewtopic.php%3Ff%3D67%26t%3D6614%26sid%3D596b9f0b2b841094df15d50f2ae05a58","N"
"Shortleaf Pine","Pinus echinata","Arkansas","Desha","Site 1 Southeastern Arkansas","","","Location of tract not disclosed. Map shows a random sourheastern location.","","241651","1","","","","Private","116.4'","Clinometer/laser rangefinder/sine","8.0'","96''","","","Jess Riddle","2014-09-18","http%3A%2F%2Fwww.ents-bbs.org%2Fviewtopic.php%3Ff%3D67%26t%3D6614%26sid%3D596b9f0b2b841094df15d50f2ae05a58","N"
"Shortleaf Pine","Pinus echinata","Arkansas","Desha","Site 1 Southeastern Arkansas","","","Location of tract not disclosed. Map shows a random sourheastern location.","","241650","1","","","","Private","118.7'","Clinometer/laser rangefinder/sine","8.4'","101''","","","Jess Riddle","2014-09-18","http%3A%2F%2Fwww.ents-bbs.org%2Fviewtopic.php%3Ff%3D67%26t%3D6614%26sid%3D596b9f0b2b841094df15d50f2ae05a58","N"
"Shortleaf Pine","Pinus echinata","Arkansas","Desha","Site 1 Southeastern Arkansas","","","Location of tract not disclosed. Map shows a random sourheastern location.","","241649","1","","","","Private","129.2'","Clinometer/laser rangefinder/sine","6.8'","81''","","","Jess Riddle","2014-09-18","http%3A%2F%2Fwww.ents-bbs.org%2Fviewtopic.php%3Ff%3D67%26t%3D6614%26sid%3D596b9f0b2b841094df15d50f2ae05a58","N"
"Shortleaf Pine","Pinus echinata","Arkansas","Desha","Site 1 Southeastern Arkansas","","","Location of tract not disclosed. Map shows a random sourheastern location.","","241648","1","","","","Private","132.0'","Clinometer/laser rangefinder/sine","6.3'","76''","","","Jess Riddle","2014-09-18","http%3A%2F%2Fwww.ents-bbs.org%2Fviewtopic.php%3Ff%3D67%26t%3D6614%26sid%3D596b9f0b2b841094df15d50f2ae05a58","N"
"Southern Red Oak","Quercus falcata","Arkansas","Desha","Site 1 Southeastern Arkansas","","","Location of tract not disclosed. Map shows a random sourheastern location.","","241659","1","","","","Private","109.5'","Clinometer/laser rangefinder/sine","10.8'","129''","","","Jess Riddle","2014-09-18","http%3A%2F%2Fwww.ents-bbs.org%2Fviewtopic.php%3Ff%3D67%26t%3D6614%26sid%3D596b9f0b2b841094df15d50f2ae05a58","N"
"Southern Red Oak","Quercus falcata","Arkansas","Desha","Site 1 Southeastern Arkansas","","","Location of tract not disclosed. Map shows a random sourheastern location.","","241658","1","","","","Private","117.7'","Clinometer/laser rangefinder/sine","8.2'","98''","","","Jess Riddle","2014-09-18","http%3A%2F%2Fwww.ents-bbs.org%2Fviewtopic.php%3Ff%3D67%26t%3D6614%26sid%3D596b9f0b2b841094df15d50f2ae05a58","N"
"Southern Red Oak","Quercus falcata","Arkansas","Desha","Site 1 Southeastern Arkansas","","","Location of tract not disclosed. Map shows a random sourheastern location.","","241657","1","","","","Private","119.6'","Clinometer/laser rangefinder/sine","5.8'","70''","","","Jess Riddle","2014-09-18","http%3A%2F%2Fwww.ents-bbs.org%2Fviewtopic.php%3Ff%3D67%26t%3D6614%26sid%3D596b9f0b2b841094df15d50f2ae05a58","N"
"Southern Red Oak","Quercus falcata","Arkansas","Desha","Site 1 Southeastern Arkansas","","","Location of tract not disclosed. Map shows a random sourheastern location.","","241656","1","","","","Private","121.5'","Clinometer/laser rangefinder/sine","8.4'","101''","","","Jess Riddle","2014-09-18","http%3A%2F%2Fwww.ents-bbs.org%2Fviewtopic.php%3Ff%3D67%26t%3D6614%26sid%3D596b9f0b2b841094df15d50f2ae05a58","N"
"Southern Red Oak","Quercus falcata","Arkansas","Desha","Site 1 Southeastern Arkansas","","","Location of tract not disclosed. Map shows a random sourheastern location.","","241655","1","","","","Private","121.8'","Clinometer/laser rangefinder/sine","7.3'","88''","","","Jess Riddle","2014-09-18","http%3A%2F%2Fwww.ents-bbs.org%2Fviewtopic.php%3Ff%3D67%26t%3D6614%26sid%3D596b9f0b2b841094df15d50f2ae05a58","N"
"White Ash","Fraxinus americana","Arkansas","Desha","Site 1 Southeastern Arkansas","","","Location of tract not disclosed. Map shows a random sourheastern location.","","241647","1","","","","Private","128.2'","Clinometer/laser rangefinder/sine","8.8'","106''","","","Jess Riddle","2014-09-18","http%3A%2F%2Fwww.ents-bbs.org%2Fviewtopic.php%3Ff%3D67%26t%3D6614%26sid%3D596b9f0b2b841094df15d50f2ae05a58","N"
"Bitternut Hickory","Carya cordiformis","Arkansas","Desha","Site 2 Southeastern Arkansas","","","Location not disclosed. Map shows a random location in southeastern Arkansas","","241679","1","","","","Private","126.7'","Clinometer/laser rangefinder/sine","7.8'","93''","","","Jess Riddle","2014-11-09","http%3A%2F%2Fwww.ents-bbs.org%2Fviewtopic.php%3Ff%3D67%26t%3D6723%26sid%3D596b9f0b2b841094df15d50f2ae05a58","N"
"Black Oak","Quercus velutina","Arkansas","Desha","Site 2 Southeastern Arkansas","","","Location not disclosed. Map shows a random location in southeastern Arkansas","","241704","1","","","","Private","114.2'","Clinometer/laser rangefinder/sine","6.9'","83''","","","Jess Riddle","2014-11-09","http%3A%2F%2Fwww.ents-bbs.org%2Fviewtopic.php%3Ff%3D67%26t%3D6723%26sid%3D596b9f0b2b841094df15d50f2ae05a58","N"
"Black Oak","Quercus velutina","Arkansas","Desha","Site 2 Southeastern Arkansas","","","Location not disclosed. Map shows a random location in southeastern Arkansas","","241703","1","","","","Private","114.7'","Clinometer/laser rangefinder/sine","7.7'","92''","","","Jess Riddle","2014-11-09","http%3A%2F%2Fwww.ents-bbs.org%2Fviewtopic.php%3Ff%3D67%26t%3D6723%26sid%3D596b9f0b2b841094df15d50f2ae05a58","N"
"Black Walnut","Juglans nigra","Arkansas","Desha","Site 2 Southeastern Arkansas","","","Location not disclosed. Map shows a random location in southeastern Arkansas","","241683","1","","","","Private","111.8'","Clinometer/laser rangefinder/sine","6.1'","73''","","","Jess Riddle","2014-11-09","http%3A%2F%2Fwww.ents-bbs.org%2Fviewtopic.php%3Ff%3D67%26t%3D6723%26sid%3D596b9f0b2b841094df15d50f2ae05a58","N"
"Carolina Basswood","Tilia americana var. caroliniana","Arkansas","Desha","Site 2 Southeastern Arkansas","","","Location not disclosed. Map shows a random location in southeastern Arkansas","","241708","1","","","","Private","103.5'","Clinometer/laser rangefinder/sine","8.4'","101''","","","Jess Riddle","2014-11-09","http%3A%2F%2Fwww.ents-bbs.org%2Fviewtopic.php%3Ff%3D67%26t%3D6723%26sid%3D596b9f0b2b841094df15d50f2ae05a58","N"
"Carolina Buckthorn","Frangula caroliniana","Arkansas","Desha","Site 2 Southeastern Arkansas","","","Location not disclosed. Map shows a random location in southeastern Arkansas","","241682","1","","","","Private","23.3'","Clinometer/laser rangefinder/sine","1.1'","13''","","","Jess Riddle","2014-11-09","http%3A%2F%2Fwww.ents-bbs.org%2Fviewtopic.php%3Ff%3D67%26t%3D6723%26sid%3D596b9f0b2b841094df15d50f2ae05a58","N"
"Cherrybark Oak","Quercus pagoda","Arkansas","Desha","Site 2 Southeastern Arkansas","","","Location not disclosed. Map shows a random location in southeastern Arkansas","","241697","1","","","","Private","131.3'","Clinometer/laser rangefinder/sine","9.3'","112''","","","Jess Riddle","2014-11-09","http%3A%2F%2Fwww.ents-bbs.org%2Fviewtopic.php%3Ff%3D67%26t%3D6723%26sid%3D596b9f0b2b841094df15d50f2ae05a58","N"
"Cherrybark Oak","Quercus pagoda","Arkansas","Desha","Site 2 Southeastern Arkansas","","","Location not disclosed. Map shows a random location in southeastern Arkansas","","241696","1","","","","Private","133.5'","Clinometer/laser rangefinder/sine","9.6'","115''","","","Jess Riddle","2014-11-09","http%3A%2F%2Fwww.ents-bbs.org%2Fviewtopic.php%3Ff%3D67%26t%3D6723%26sid%3D596b9f0b2b841094df15d50f2ae05a58","N"
"Cherrybark Oak","Quercus pagoda","Arkansas","Desha","Site 2 Southeastern Arkansas","","","Location not disclosed. Map shows a random location in southeastern Arkansas","","241695","1","","","","Private","139.2'","Clinometer/laser rangefinder/sine","9.3'","111''","","","Jess Riddle","2014-11-09","http%3A%2F%2Fwww.ents-bbs.org%2Fviewtopic.php%3Ff%3D67%26t%3D6723%26sid%3D596b9f0b2b841094df15d50f2ae05a58","N"
"Common Sweetleaf","Symplocos tinctoria","Arkansas","Desha","Site 2 Southeastern Arkansas","","","Location not disclosed. Map shows a random location in southeastern Arkansas","","241707","1","","","","Private","55.4'","Clinometer/laser rangefinder/sine","2.8'","33''","","","Jess Riddle","2014-11-09","http%3A%2F%2Fwww.ents-bbs.org%2Fviewtopic.php%3Ff%3D67%26t%3D6723%26sid%3D596b9f0b2b841094df15d50f2ae05a58","N"
"Common Sweetleaf","Symplocos tinctoria","Arkansas","Desha","Site 2 Southeastern Arkansas","","","Location not disclosed. Map shows a random location in southeastern Arkansas","","241706","1","","","","Private","55.6'","Clinometer/laser rangefinder/sine","2.4'","29''","","","Jess Riddle","2014-11-09","http%3A%2F%2Fwww.ents-bbs.org%2Fviewtopic.php%3Ff%3D67%26t%3D6723%26sid%3D596b9f0b2b841094df15d50f2ae05a58","N"
"Common Sweetleaf","Symplocos tinctoria","Arkansas","Desha","Site 2 Southeastern Arkansas","","","Location not disclosed. Map shows a random location in southeastern Arkansas","","241705","1","","","","Private","56.0'","Clinometer/laser rangefinder/sine","2.6'","31''","","","Jess Riddle","2014-11-09","http%3A%2F%2Fwww.ents-bbs.org%2Fviewtopic.php%3Ff%3D67%26t%3D6723%26sid%3D596b9f0b2b841094df15d50f2ae05a58","N"
"Loblolly Pine","Pinus taeda","Arkansas","Desha","Site 2 Southeastern Arkansas","","","Location not disclosed. Map shows a random location in southeastern Arkansas","","241686","1","","","","Private","122.9'","Clinometer/laser rangefinder/sine","9.6'","115''","","","Jess Riddle","2014-11-09","http%3A%2F%2Fwww.ents-bbs.org%2Fviewtopic.php%3Ff%3D67%26t%3D6723%26sid%3D596b9f0b2b841094df15d50f2ae05a58","N"
"Mockernut Hickory","Carya tomentosa","Arkansas","Desha","Site 2 Southeastern Arkansas","","","Location not disclosed. Map shows a random location in southeastern Arkansas","","241681","1","","","","Private","110.9'","Clinometer/laser rangefinder/sine","8.3'","99''","","","Jess Riddle","2014-11-09","http%3A%2F%2Fwww.ents-bbs.org%2Fviewtopic.php%3Ff%3D67%26t%3D6723%26sid%3D596b9f0b2b841094df15d50f2ae05a58","N"
"Mockernut Hickory","Carya tomentosa","Arkansas","Desha","Site 2 Southeastern Arkansas","","","Location not disclosed. Map shows a random location in southeastern Arkansas","","241680","1","","","","Private","121.2'","Clinometer/laser rangefinder/sine","5.9'","71''","","","Jess Riddle","2014-11-09","http%3A%2F%2Fwww.ents-bbs.org%2Fviewtopic.php%3Ff%3D67%26t%3D6723%26sid%3D596b9f0b2b841094df15d50f2ae05a58","N"
"Northern Red Oak","Quercus rubra","Arkansas","Desha","Site 2 Southeastern Arkansas","","","Location not disclosed. Map shows a random location in southeastern Arkansas","","241699","1","","","","Private","115.0'","Clinometer/laser rangefinder/sine","7.5'","90''","","","Jess Riddle","2014-11-09","http%3A%2F%2Fwww.ents-bbs.org%2Fviewtopic.php%3Ff%3D67%26t%3D6723%26sid%3D596b9f0b2b841094df15d50f2ae05a58","N"
"Northern Red Oak","Quercus rubra","Arkansas","Desha","Site 2 Southeastern Arkansas","","","Location not disclosed. Map shows a random location in southeastern Arkansas","","241698","1","","","","Private","118.8'","Clinometer/laser rangefinder/sine","6.8'","81''","","","Jess Riddle","2014-11-09","http%3A%2F%2Fwww.ents-bbs.org%2Fviewtopic.php%3Ff%3D67%26t%3D6723%26sid%3D596b9f0b2b841094df15d50f2ae05a58","N"
"Post Oak","Quercus stellata","Arkansas","Desha","Site 2 Southeastern Arkansas","","","Location not disclosed. Map shows a random location in southeastern Arkansas","","241702","1","","","","Private","106.5'","Clinometer/laser rangefinder/sine","6.5'","78''","","","Jess Riddle","2014-11-09","http%3A%2F%2Fwww.ents-bbs.org%2Fviewtopic.php%3Ff%3D67%26t%3D6723%26sid%3D596b9f0b2b841094df15d50f2ae05a58","N"
"Post Oak","Quercus stellata","Arkansas","Desha","Site 2 Southeastern Arkansas","","","Location not disclosed. Map shows a random location in southeastern Arkansas","","241701","1","","","","Private","108.9'","Clinometer/laser rangefinder/sine","6.1'","73''","","","Jess Riddle","2014-11-09","http%3A%2F%2Fwww.ents-bbs.org%2Fviewtopic.php%3Ff%3D67%26t%3D6723%26sid%3D596b9f0b2b841094df15d50f2ae05a58","N"
"Shortleaf Pine","Pinus echinata","Arkansas","Desha","Site 2 Southeastern Arkansas","","","Location not disclosed. Map shows a random location in southeastern Arkansas","","241685","1","","","","Private","106.5'","Clinometer/laser rangefinder/sine","7.9'","95''","","","Jess Riddle","2014-11-09","http%3A%2F%2Fwww.ents-bbs.org%2Fviewtopic.php%3Ff%3D67%26t%3D6723%26sid%3D596b9f0b2b841094df15d50f2ae05a58","N"
"Shortleaf Pine","Pinus echinata","Arkansas","Desha","Site 2 Southeastern Arkansas","","","Location not disclosed. Map shows a random location in southeastern Arkansas","","241684","1","","","","Private","111.9'","Clinometer/laser rangefinder/sine","8.2'","98''","","","Jess Riddle","2014-11-09","http%3A%2F%2Fwww.ents-bbs.org%2Fviewtopic.php%3Ff%3D67%26t%3D6723%26sid%3D596b9f0b2b841094df15d50f2ae05a58","N"
"Shumard's Oak","Quercus shumardii","Arkansas","Desha","Site 2 Southeastern Arkansas","","","Location not disclosed. Map shows a random location in southeastern Arkansas","","241700","1","","","","Private","128.7'","Clinometer/laser rangefinder/sine","9.7'","116''","","","Jess Riddle","2014-11-09","http%3A%2F%2Fwww.ents-bbs.org%2Fviewtopic.php%3Ff%3D67%26t%3D6723%26sid%3D596b9f0b2b841094df15d50f2ae05a58","N"
"Southern Red Oak","Quercus falcata","Arkansas","Desha","Site 2 Southeastern Arkansas","","","Location not disclosed. Map shows a random location in southeastern Arkansas","","241693","1","","","","Private","112.4'","Clinometer/laser rangefinder/sine","9.0'","108''","","","Jess Riddle","2014-11-09","http%3A%2F%2Fwww.ents-bbs.org%2Fviewtopic.php%3Ff%3D67%26t%3D6723%26sid%3D596b9f0b2b841094df15d50f2ae05a58","N"
"Southern Red Oak","Quercus falcata","Arkansas","Desha","Site 2 Southeastern Arkansas","","","Location not disclosed. Map shows a random location in southeastern Arkansas","","241692","1","","","","Private","115.4'","Clinometer/laser rangefinder/sine","8.7'","104''","","","Jess Riddle","2014-11-09","http%3A%2F%2Fwww.ents-bbs.org%2Fviewtopic.php%3Ff%3D67%26t%3D6723%26sid%3D596b9f0b2b841094df15d50f2ae05a58","N"
"Southern Red Oak","Quercus falcata","Arkansas","Desha","Site 2 Southeastern Arkansas","","","Location not disclosed. Map shows a random location in southeastern Arkansas","","241691","1","","","","Private","127.5'","Clinometer/laser rangefinder/sine","7.3'","87''","","","Jess Riddle","2014-11-09","http%3A%2F%2Fwww.ents-bbs.org%2Fviewtopic.php%3Ff%3D67%26t%3D6723%26sid%3D596b9f0b2b841094df15d50f2ae05a58","N"
"Swamp Chestnut Oak","Quercus michauxii","Arkansas","Desha","Site 2 Southeastern Arkansas","","","Location not disclosed. Map shows a random location in southeastern Arkansas","","241694","1","","","","Private","118.8'","Clinometer/laser rangefinder/sine","7.3'","88''","","","Jess Riddle","2014-11-09","http%3A%2F%2Fwww.ents-bbs.org%2Fviewtopic.php%3Ff%3D67%26t%3D6723%26sid%3D596b9f0b2b841094df15d50f2ae05a58","N"
"White Oak","Quercus alba","Arkansas","Desha","Site 2 Southeastern Arkansas","","","Location not disclosed. Map shows a random location in southeastern Arkansas","","241690","1","","","","Private","121.2'","Clinometer/laser rangefinder/sine","7.9'","95''","","","Jess Riddle","2014-11-09","http%3A%2F%2Fwww.ents-bbs.org%2Fviewtopic.php%3Ff%3D67%26t%3D6723%26sid%3D596b9f0b2b841094df15d50f2ae05a58","N"
"White Oak","Quercus alba","Arkansas","Desha","Site 2 Southeastern Arkansas","","","Location not disclosed. Map shows a random location in southeastern Arkansas","","241689","1","","","","Private","124.3'","Clinometer/laser rangefinder/sine","6.9'","83''","","","Jess Riddle","2014-11-09","http%3A%2F%2Fwww.ents-bbs.org%2Fviewtopic.php%3Ff%3D67%26t%3D6723%26sid%3D596b9f0b2b841094df15d50f2ae05a58","N"
"White Oak","Quercus alba","Arkansas","Desha","Site 2 Southeastern Arkansas","","","Location not disclosed. Map shows a random location in southeastern Arkansas","","241688","1","","","","Private","126.8'","Clinometer/laser rangefinder/sine","6.3'","75''","","","Jess Riddle","2014-11-09","http%3A%2F%2Fwww.ents-bbs.org%2Fviewtopic.php%3Ff%3D67%26t%3D6723%26sid%3D596b9f0b2b841094df15d50f2ae05a58","N"
"White Oak","Quercus alba","Arkansas","Desha","Site 2 Southeastern Arkansas","","","Location not disclosed. Map shows a random location in southeastern Arkansas","","241687","1","","","","Private","131.4'","Clinometer/laser rangefinder/sine","8.8'","106''","","","Jess Riddle","2014-11-09","http%3A%2F%2Fwww.ents-bbs.org%2Fviewtopic.php%3Ff%3D67%26t%3D6723%26sid%3D596b9f0b2b841094df15d50f2ae05a58","N"
"Winged Elm","Ulmus alata","Arkansas","Desha","Site 2 Southeastern Arkansas","","","Location not disclosed. Map shows a random location in southeastern Arkansas","","241710","1","","","","Private","106.3'","Clinometer/laser rangefinder/sine","5.7'","68''","","","Jess Riddle","2014-11-09","http%3A%2F%2Fwww.ents-bbs.org%2Fviewtopic.php%3Ff%3D67%26t%3D6723%26sid%3D596b9f0b2b841094df15d50f2ae05a58","N"
"Winged Elm","Ulmus alata","Arkansas","Desha","Site 2 Southeastern Arkansas","","","Location not disclosed. Map shows a random location in southeastern Arkansas","","241709","1","","","","Private","112.5'","Clinometer/laser rangefinder/sine","3.7'","44''","","","Jess Riddle","2014-11-09","http%3A%2F%2Fwww.ents-bbs.org%2Fviewtopic.php%3Ff%3D67%26t%3D6723%26sid%3D596b9f0b2b841094df15d50f2ae05a58","N"
"Blackgum","Nyssa sylvatica","Arkansas","Drew","University Of Arkansas-Monticello","","","","","233968","1","","","","Public - state","97.4'","Clinometer/laser rangefinder/sine","5.2'","62''","","West Block of Campus","Don Bragg","2005-03-03","http%3A%2F%2Fwww.nativetreesociety.org%2Ffieldtrips%2Farkansas%2Fuam_campus_trees.htm","N"
"Cherrybark Oak","Quercus pagoda","Arkansas","Drew","University Of Arkansas-Monticello","","","","","233957","1","","","","Public - state","101.2'","Clinometer/laser rangefinder/sine","8.6'","103''","","Forestry Park","Don Bragg","2005-03-03","http%3A%2F%2Fwww.nativetreesociety.org%2Ffieldtrips%2Farkansas%2Fuam_campus_trees.htm","N"
"Cherrybark Oak","Quercus pagoda","Arkansas","Drew","University Of Arkansas-Monticello","","","","","233953","1","","","","Public - state","109.8'","Clinometer/laser rangefinder/sine","7.8'","94''","","Forestry Park","Don Bragg","2005-03-03","http%3A%2F%2Fwww.nativetreesociety.org%2Ffieldtrips%2Farkansas%2Fuam_campus_trees.htm","N"
"Loblolly Pine","Pinus taeda","Arkansas","Drew","University Of Arkansas-Monticello","","","","","233960","1","","","","Public - state","94.5'","Clinometer/laser rangefinder/sine","7.5'","90''","","West Block of Campus","Don Bragg","2005-03-03","http%3A%2F%2Fwww.nativetreesociety.org%2Ffieldtrips%2Farkansas%2Fuam_campus_trees.htm","N"
"Loblolly Pine","Pinus taeda","Arkansas","Drew","University Of Arkansas-Monticello","","","","","233962","1","","","","Public - state","100.0'","Clinometer/laser rangefinder/sine","7.9'","95''","","West Block of Campus","Don Bragg","2005-03-03","http%3A%2F%2Fwww.nativetreesociety.org%2Ffieldtrips%2Farkansas%2Fuam_campus_trees.htm","N"
"Loblolly Pine","Pinus taeda","Arkansas","Drew","University Of Arkansas-Monticello","","","","","233961","1","","","","Public - state","103.6'","Clinometer/laser rangefinder/sine","8.6'","103''","","West Block of Campus","Don Bragg","2005-03-03","http%3A%2F%2Fwww.nativetreesociety.org%2Ffieldtrips%2Farkansas%2Fuam_campus_trees.htm","N"
"Loblolly Pine","Pinus taeda","Arkansas","Drew","University Of Arkansas-Monticello","","","","","233956","1","","","","Public - state","106.6'","Clinometer/laser rangefinder/sine","8.1'","97''","","Forestry Park","Don Bragg","2005-03-03","http%3A%2F%2Fwww.nativetreesociety.org%2Ffieldtrips%2Farkansas%2Fuam_campus_trees.htm","N"
"Loblolly Pine","Pinus taeda","Arkansas","Drew","University Of Arkansas-Monticello","","","","","233955","1","","","","Public - state","107.4'","Clinometer/laser rangefinder/sine","7.9'","95''","","Forestry Park","Don Bragg","2005-03-03","http%3A%2F%2Fwww.nativetreesociety.org%2Ffieldtrips%2Farkansas%2Fuam_campus_trees.htm","N"
"Loblolly Pine","Pinus taeda","Arkansas","Drew","University Of Arkansas-Monticello","","","","","233954","1","","","","Public - state","108.6'","Clinometer/laser rangefinder/sine","7.7'","92''","","Forestry Park","Don Bragg","2005-03-03","http%3A%2F%2Fwww.nativetreesociety.org%2Ffieldtrips%2Farkansas%2Fuam_campus_trees.htm","N"
"Loblolly Pine","Pinus taeda","Arkansas","Drew","University Of Arkansas-Monticello","","","","","233963","1","","","","Public - state","108.8'","Clinometer/laser rangefinder/sine","7.5'","90''","","West Block of Campus","Don Bragg","2005-03-03","http%3A%2F%2Fwww.nativetreesociety.org%2Ffieldtrips%2Farkansas%2Fuam_campus_trees.htm","N"
"Loblolly Pine","Pinus taeda","Arkansas","Drew","University Of Arkansas-Monticello","","","","","233964","1","","","","Public - state","115.5'","Clinometer/laser rangefinder/sine","8.5'","102''","","West Block of Campus","Don Bragg","2005-03-03","http%3A%2F%2Fwww.nativetreesociety.org%2Ffieldtrips%2Farkansas%2Fuam_campus_trees.htm","N"
"Pecan","Carya illinoinensis","Arkansas","Drew","University Of Arkansas-Monticello","","","","","233950","1","","","","Public - state","74.3'","Clinometer/laser rangefinder/sine","10.1'","121''","","Main Campus","Don Bragg","2005-03-03","http%3A%2F%2Fwww.nativetreesociety.org%2Ffieldtrips%2Farkansas%2Fuam_campus_trees.htm","N"
"Pecan","Carya illinoinensis","Arkansas","Drew","University Of Arkansas-Monticello","","","","","233949","1","","","","Public - state","74.8'","Clinometer/laser rangefinder/sine","7.4'","89''","","Main Campus","Don Bragg","2005-03-03","http%3A%2F%2Fwww.nativetreesociety.org%2Ffieldtrips%2Farkansas%2Fuam_campus_trees.htm","N"
"Pecan","Carya illinoinensis","Arkansas","Drew","University Of Arkansas-Monticello","","","","","233951","1","","","","Public - state","77.4'","Clinometer/laser rangefinder/sine","10.8'","130''","","Main Campus","Don Bragg","2005-03-03","http%3A%2F%2Fwww.nativetreesociety.org%2Ffieldtrips%2Farkansas%2Fuam_campus_trees.htm","N"
"Post Oak","Quercus stellata","Arkansas","Drew","University Of Arkansas-Monticello","","","","","233943","1","","","","Public - state","70.9'","Clinometer/laser rangefinder/sine","11.3'","136''","","Main Campus","Don Bragg","2005-03-03","http%3A%2F%2Fwww.nativetreesociety.org%2Ffieldtrips%2Farkansas%2Fuam_campus_trees.htm","N"
"Post Oak","Quercus stellata","Arkansas","Drew","University Of Arkansas-Monticello","","","","","233946","1","","","","Public - state","77.4'","Clinometer/laser rangefinder/sine","10.5'","126''","","Main Campus","Don Bragg","2005-03-03","http%3A%2F%2Fwww.nativetreesociety.org%2Ffieldtrips%2Farkansas%2Fuam_campus_trees.htm","N"
"Post Oak","Quercus stellata","Arkansas","Drew","University Of Arkansas-Monticello","","","","","233944","1","","","","Public - state","85.3'","Clinometer/laser rangefinder/sine","10.9'","131''","","Main Campus","Don Bragg","2005-03-03","http%3A%2F%2Fwww.nativetreesociety.org%2Ffieldtrips%2Farkansas%2Fuam_campus_trees.htm","N"
"Shortleaf Pine","Pinus echinata","Arkansas","Drew","University Of Arkansas-Monticello","","","","","233958","1","","","","Public - state","101.6'","Clinometer/laser rangefinder/sine","5.3'","64''","","","Don Bragg","2005-03-03","http%3A%2F%2Fwww.nativetreesociety.org%2Ffieldtrips%2Farkansas%2Fuam_campus_trees.htm","N"
"Southern Red Oak","Quercus falcata","Arkansas","Drew","University Of Arkansas-Monticello","","","","","233947","1","","","","Public - state","79.0'","Clinometer/laser rangefinder/sine","","","","Main Campus","Don Bragg","2005-03-03","http%3A%2F%2Fwww.nativetreesociety.org%2Ffieldtrips%2Farkansas%2Fuam_campus_trees.htm","N"
"Southern Red Oak","Quercus falcata","Arkansas","Drew","University Of Arkansas-Monticello","","","","","233945","1","","","","Public - state","89.6'","Clinometer/laser rangefinder/sine","10.2'","122''","","Main Campus","Don Bragg","2005-03-03","http%3A%2F%2Fwww.nativetreesociety.org%2Ffieldtrips%2Farkansas%2Fuam_campus_trees.htm","N"
"Water Oak","Quercus nigra","Arkansas","Drew","University Of Arkansas-Monticello","","","","","233942","1","","","","Public - state","79.7'","Clinometer/laser rangefinder/sine","3.3'","40''","","Main Campus","Don Bragg","2005-03-03","http%3A%2F%2Fwww.nativetreesociety.org%2Ffieldtrips%2Farkansas%2Fuam_campus_trees.htm","N"
"White Oak","Quercus alba","Arkansas","Drew","University Of Arkansas-Monticello","","","","","233965","1","","","","Public - state","99.8'","Clinometer/laser rangefinder/sine","5.7'","68''","","West Block of Campus","Don Bragg","2005-03-03","http%3A%2F%2Fwww.nativetreesociety.org%2Ffieldtrips%2Farkansas%2Fuam_campus_trees.htm","N"
"White Oak","Quercus alba","Arkansas","Drew","University Of Arkansas-Monticello","","","","","233967","1","","","","Public - state","101.4'","Clinometer/laser rangefinder/sine","6.8'","82''","","West Block of Campus","Don Bragg","2005-03-03","http%3A%2F%2Fwww.nativetreesociety.org%2Ffieldtrips%2Farkansas%2Fuam_campus_trees.htm","N"
"White Oak","Quercus alba","Arkansas","Drew","University Of Arkansas-Monticello","","","","","233966","1","","","","Public - state","105.3'","Clinometer/laser rangefinder/sine","7.2'","86''","","West Block of Campus","Don Bragg","2005-03-03","http%3A%2F%2Fwww.nativetreesociety.org%2Ffieldtrips%2Farkansas%2Fuam_campus_trees.htm","N"
"Willow Oak","Quercus phellos","Arkansas","Drew","University Of Arkansas-Monticello","","","","","233948","1","","","","Public - state","87.5'","Clinometer/laser rangefinder/sine","14.9'","179''","","Main Campus","Don Bragg","2005-03-03","http%3A%2F%2Fwww.nativetreesociety.org%2Ffieldtrips%2Farkansas%2Fuam_campus_trees.htm","N"
"Willow Oak","Quercus phellos","Arkansas","Drew","University Of Arkansas-Monticello","","","","","233959","1","","","","Public - state","107.6'","Clinometer/laser rangefinder/sine","16.0'","192''","","North side of campus","Don Bragg","2005-03-03","http%3A%2F%2Fwww.nativetreesociety.org%2Ffieldtrips%2Farkansas%2Fuam_campus_trees.htm","N"
"Winged Elm","Ulmus alata","Arkansas","Drew","University Of Arkansas-Monticello","","","","","233952","1","","","","Public - state","59.2'","Clinometer/laser rangefinder/sine","3.8'","46''","","Forestry Park","Don Bragg","2005-03-03","http%3A%2F%2Fwww.nativetreesociety.org%2Ffieldtrips%2Farkansas%2Fuam_campus_trees.htm","N"
"Blackjack Oak","Quercus marilandica","Arkansas","Garland","Hot Springs National Park","","","","","137054","1","","","700.0 ft","Public - federal","41.5'","Clinometer/laser rangefinder/sine","3.4'","41''","","","Turner Sharp","2016-09-05","","N"
"Eastern Redbud","Cercis canadensis var. canadensis","Arkansas","Garland","Hot Springs National Park","34 30.967","-093 03.128","","","137049","1","34 30.967","-093 03.128","700.0 ft","Public - federal","39.8'","Clinometer/laser rangefinder/sine","3.2'","38''","","","Turner Sharp","2016-09-05","","N"
"Eastern Redcedar","Juniperus virginiana","Arkansas","Garland","Hot Springs National Park","","","","","137050","1","","","","Public - federal","52.5'","Clinometer/laser rangefinder/sine","5.4'","64''","","","Turner Sharp","2016-09-05","","N"
"Eastern Redcedar","Juniperus virginiana","Arkansas","Garland","Hot Springs National Park","","","","","137051","1","","","700.0 ft","Public - federal","54.2'","Clinometer/laser rangefinder/sine","5.0'","60''","","","Turner Sharp","2016-09-05","","N"
"Post Oak","Quercus stellata","Arkansas","Garland","Hot Springs National Park","","","","","137053","1","","","","Public - federal","53.4'","Clinometer/laser rangefinder/sine","5.5'","66''","","","Turner Sharp","2016-09-05","","N"
"Southern Magnolia","Magnolia grandiflora","Arkansas","Garland","Hot Springs National Park","34 30.965","-093 03.195","","","137055","1","34 30.965","-093 03.195","","Public - federal","52.9'","Clinometer/laser rangefinder/sine","6.6'","79''","","Planted.","Turner Sharp","2016-09-05","","N"
"Sugarberry","Celtis laevigata var. laevigata","Arkansas","Garland","Hot Springs National Park","","","","","137052","1","","","700.0 ft","Public - federal","56.2'","Clinometer/laser rangefinder/sine","4.6'","55''","","","Turner Sharp","2016-09-05","","N"
"Bottomland Post Oak","Quercus similis","Arkansas","Hempstead","Bois D'arc Creek Wildlife Management Area","","","5843 Acres","","241640","1","","","","Public - state","75.4'","Clinometer/laser rangefinder/sine","10.3'","123''","","","Jess Riddle","2014-07-07","http%3A%2F%2Fwww.ents-bbs.org%2Fviewtopic.php%3Ff%3D67%26t%3D6440%26sid%3D596b9f0b2b841094df15d50f2ae05a58","N"
"Cherrybark Oak","Quercus pagoda","Arkansas","Hempstead","Bois D'arc Creek Wildlife Management Area","","","5843 Acres","","241637","1","","","","Public - state","","Clinometer/laser rangefinder/sine","11.4'","137''","","","Jess Riddle","2014-07-07","http%3A%2F%2Fwww.ents-bbs.org%2Fviewtopic.php%3Ff%3D67%26t%3D6440%26sid%3D596b9f0b2b841094df15d50f2ae05a58","N"
"Eve's Necklacepod","Styphnolobium affine","Arkansas","Hempstead","Bois D'arc Creek Wildlife Management Area","","","5843 Acres","","241641","1","","","","Public - state","31.5'","Clinometer/laser rangefinder/sine","1.8'","22''","","","Jess Riddle","2014-07-07","http%3A%2F%2Fwww.ents-bbs.org%2Fviewtopic.php%3Ff%3D67%26t%3D6440%26sid%3D596b9f0b2b841094df15d50f2ae05a58","N"
"Nutmeg Hickory","Carya myristiciformis","Arkansas","Hempstead","Bois D'arc Creek Wildlife Management Area","","","5843 Acres","","241638","1","","","","Public - state","99.7'","Clinometer/laser rangefinder/sine","7.1'","85''","","","Jess Riddle","2014-07-07","http%3A%2F%2Fwww.ents-bbs.org%2Fviewtopic.php%3Ff%3D67%26t%3D6440%26sid%3D596b9f0b2b841094df15d50f2ae05a58","N"
"Osage Orange","Maclura pomifera","Arkansas","Hempstead","Bois D'arc Creek Wildlife Management Area","","","5843 Acres","","241639","1","","","","Public - state","57.3'","Clinometer/laser rangefinder/sine","2.8'","33''","","","Jess Riddle","2014-07-07","http%3A%2F%2Fwww.ents-bbs.org%2Fviewtopic.php%3Ff%3D67%26t%3D6440%26sid%3D596b9f0b2b841094df15d50f2ae05a58","N"
"American Hornbeam","Carpinus caroliniana","Arkansas","Lincoln","Cane Creek State Park","","","2053 acres woodland, 1675 acres water.","","241447","1","","","","Public - state","57.9'","Clinometer/laser rangefinder/sine","2.2'","26''","","","Jess Riddle","2014-03-10","http%3A%2F%2Fwww.ents-bbs.org%2Fviewtopic.php%3Ff%3D67%26t%3D6160%26sid%3D56c12cf4dbc65aa20c50be1f4f6e6483%23p27970","N"
"American Sycamore","Platanus occidentalis","Arkansas","Lincoln","Cane Creek State Park","","","2053 acres woodland, 1675 acres water.","","241465","1","","","","Public - state","116.4'","Clinometer/laser rangefinder/sine","4.9'","59''","","","Jess Riddle","2014-03-10","http%3A%2F%2Fwww.ents-bbs.org%2Fviewtopic.php%3Ff%3D67%26t%3D6160%26sid%3D56c12cf4dbc65aa20c50be1f4f6e6483%23p27970","N"
"Bitternut Hickory","Carya cordiformis","Arkansas","Lincoln","Cane Creek State Park","","","2053 acres woodland, 1675 acres water.","","241449","1","","","","Public - state","108.9'","Clinometer/laser rangefinder/sine","6.4'","77''","","","Jess Riddle","2014-03-10","http%3A%2F%2Fwww.ents-bbs.org%2Fviewtopic.php%3Ff%3D67%26t%3D6160%26sid%3D56c12cf4dbc65aa20c50be1f4f6e6483%23p27970","N"
"Black Cherry","Prunus serotina","Arkansas","Lincoln","Cane Creek State Park","","","2053 acres woodland, 1675 acres water.","","241466","1","","","","Public - state","97.6'","Clinometer/laser rangefinder/sine","3.7'","44''","","","Jess Riddle","2014-03-10","http%3A%2F%2Fwww.ents-bbs.org%2Fviewtopic.php%3Ff%3D67%26t%3D6160%26sid%3D56c12cf4dbc65aa20c50be1f4f6e6483%23p27970","N"
"Blackjack Oak","Quercus marilandica","Arkansas","Lincoln","Cane Creek State Park","","","2053 acres woodland, 1675 acres water.","","241471","1","","","","Public - state","70.2'","Clinometer/laser rangefinder/sine","3.8'","45''","","","Jess Riddle","2014-03-10","http%3A%2F%2Fwww.ents-bbs.org%2Fviewtopic.php%3Ff%3D67%26t%3D6160%26sid%3D56c12cf4dbc65aa20c50be1f4f6e6483%23p27970","N"
"Carolina Basswood","Tilia americana var. caroliniana","Arkansas","Lincoln","Cane Creek State Park","","","2053 acres woodland, 1675 acres water.","","241483","1","","","","Public - state","107.1'","Clinometer/laser rangefinder/sine","6.9'","83''","","","Jess Riddle","2014-03-10","http%3A%2F%2Fwww.ents-bbs.org%2Fviewtopic.php%3Ff%3D67%26t%3D6160%26sid%3D56c12cf4dbc65aa20c50be1f4f6e6483%23p27970","N"
"Cherrybark Oak","Quercus pagoda","Arkansas","Lincoln","Cane Creek State Park","","","2053 acres woodland, 1675 acres water.","","241477","1","","","","Public - state","125.5'","Clinometer/laser rangefinder/sine","9.8'","117''","","","Jess Riddle","2014-03-10","http%3A%2F%2Fwww.ents-bbs.org%2Fviewtopic.php%3Ff%3D67%26t%3D6160%26sid%3D56c12cf4dbc65aa20c50be1f4f6e6483%23p27970","N"
"Cherrybark Oak","Quercus pagoda","Arkansas","Lincoln","Cane Creek State Park","","","2053 acres woodland, 1675 acres water.","","241476","1","","","","Public - state","125.6'","Clinometer/laser rangefinder/sine","11.7'","140''","","","Jess Riddle","2014-03-10","http%3A%2F%2Fwww.ents-bbs.org%2Fviewtopic.php%3Ff%3D67%26t%3D6160%26sid%3D56c12cf4dbc65aa20c50be1f4f6e6483%23p27970","N"
"Chinkapin Oak","Quercus muehlenbergii","Arkansas","Lincoln","Cane Creek State Park","","","2053 acres woodland, 1675 acres water.","","241475","1","","","","Public - state","98.4'","Clinometer/laser rangefinder/sine","6.9'","83''","","","Jess Riddle","2014-03-10","http%3A%2F%2Fwww.ents-bbs.org%2Fviewtopic.php%3Ff%3D67%26t%3D6160%26sid%3D56c12cf4dbc65aa20c50be1f4f6e6483%23p27970","N"
"Honeylocust","Gleditsia triacanthos","Arkansas","Lincoln","Cane Creek State Park","","","2053 acres woodland, 1675 acres water.","","241453","1","","","","Public - state","106.1'","Clinometer/laser rangefinder/sine","6.7'","80''","","","Jess Riddle","2014-03-10","http%3A%2F%2Fwww.ents-bbs.org%2Fviewtopic.php%3Ff%3D67%26t%3D6160%26sid%3D56c12cf4dbc65aa20c50be1f4f6e6483%23p27970","N"
"Hophornbeam","Ostrya virginiana","Arkansas","Lincoln","Cane Creek State Park","","","2053 acres woodland, 1675 acres water.","","241456","1","","","","Public - state","63.6'","Clinometer/laser rangefinder/sine","1.8'","21''","","","Jess Riddle","2014-03-10","http%3A%2F%2Fwww.ents-bbs.org%2Fviewtopic.php%3Ff%3D67%26t%3D6160%26sid%3D56c12cf4dbc65aa20c50be1f4f6e6483%23p27970","N"
"Hophornbeam","Ostrya virginiana","Arkansas","Lincoln","Cane Creek State Park","","","2053 acres woodland, 1675 acres water.","","241455","1","","","","Public - state","65.4'","Clinometer/laser rangefinder/sine","3.2'","38''","","","Jess Riddle","2014-03-10","http%3A%2F%2Fwww.ents-bbs.org%2Fviewtopic.php%3Ff%3D67%26t%3D6160%26sid%3D56c12cf4dbc65aa20c50be1f4f6e6483%23p27970","N"
"Hybrid Oak","Quercus x","Arkansas","Lincoln","Cane Creek State Park","","","2053 acres woodland, 1675 acres water.","","241481","1","","","","Public - state","131.4'","Clinometer/laser rangefinder/sine","","","","Multi-stem","Jess Riddle","2014-03-10","http%3A%2F%2Fwww.ents-bbs.org%2Fviewtopic.php%3Ff%3D67%26t%3D6160%26sid%3D56c12cf4dbc65aa20c50be1f4f6e6483%23p27970","N"
"Loblolly Pine","Pinus taeda","Arkansas","Lincoln","Cane Creek State Park","","","2053 acres woodland, 1675 acres water.","","241464","1","","","","Public - state","109.9'","Clinometer/laser rangefinder/sine","10.6'","127''","","","Jess Riddle","2014-03-10","http%3A%2F%2Fwww.ents-bbs.org%2Fviewtopic.php%3Ff%3D67%26t%3D6160%26sid%3D56c12cf4dbc65aa20c50be1f4f6e6483%23p27970","N"
"Loblolly Pine","Pinus taeda","Arkansas","Lincoln","Cane Creek State Park","","","2053 acres woodland, 1675 acres water.","","241463","1","","","","Public - state","118.3'","Clinometer/laser rangefinder/sine","6.8'","82''","","","Jess Riddle","2014-03-10","http%3A%2F%2Fwww.ents-bbs.org%2Fviewtopic.php%3Ff%3D67%26t%3D6160%26sid%3D56c12cf4dbc65aa20c50be1f4f6e6483%23p27970","N"
"Loblolly Pine","Pinus taeda","Arkansas","Lincoln","Cane Creek State Park","","","2053 acres woodland, 1675 acres water.","","241462","1","","","","Public - state","123.8'","Clinometer/laser rangefinder/sine","6.9'","83''","","","Jess Riddle","2014-03-10","http%3A%2F%2Fwww.ents-bbs.org%2Fviewtopic.php%3Ff%3D67%26t%3D6160%26sid%3D56c12cf4dbc65aa20c50be1f4f6e6483%23p27970","N"
"Loblolly Pine","Pinus taeda","Arkansas","Lincoln","Cane Creek State Park","","","2053 acres woodland, 1675 acres water.","","241461","1","","","","Public - state","125.7'","Clinometer/laser rangefinder/sine","7.8'","93''","","","Jess Riddle","2014-03-10","http%3A%2F%2Fwww.ents-bbs.org%2Fviewtopic.php%3Ff%3D67%26t%3D6160%26sid%3D56c12cf4dbc65aa20c50be1f4f6e6483%23p27970","N"
"Mockernut Hickory","Carya tomentosa","Arkansas","Lincoln","Cane Creek State Park","","","2053 acres woodland, 1675 acres water.","","241448","1","","","","Public - state","108.7'","Clinometer/laser rangefinder/sine","4.5'","54''","","","Jess Riddle","2014-03-10","http%3A%2F%2Fwww.ents-bbs.org%2Fviewtopic.php%3Ff%3D67%26t%3D6160%26sid%3D56c12cf4dbc65aa20c50be1f4f6e6483%23p27970","N"
"Post Oak","Quercus stellata","Arkansas","Lincoln","Cane Creek State Park","","","2053 acres woodland, 1675 acres water.","","241480","1","","","","Public - state","97.3'","Clinometer/laser rangefinder/sine","6.8'","81''","","","Jess Riddle","2014-03-10","http%3A%2F%2Fwww.ents-bbs.org%2Fviewtopic.php%3Ff%3D67%26t%3D6160%26sid%3D56c12cf4dbc65aa20c50be1f4f6e6483%23p27970","N"
"Sassafras","Sassafras albidum","Arkansas","Lincoln","Cane Creek State Park","","","2053 acres woodland, 1675 acres water.","","241482","1","","","","Public - state","92.4'","Clinometer/laser rangefinder/sine","4.0'","48''","","","Jess Riddle","2014-03-10","http%3A%2F%2Fwww.ents-bbs.org%2Fviewtopic.php%3Ff%3D67%26t%3D6160%26sid%3D56c12cf4dbc65aa20c50be1f4f6e6483%23p27970","N"
"Shagbark Hickory","Carya ovata","Arkansas","Lincoln","Cane Creek State Park","","","2053 acres woodland, 1675 acres water.","","241452","1","","","","Public - state","119.1'","Clinometer/laser rangefinder/sine","7.8'","94''","","","Jess Riddle","2014-03-10","http%3A%2F%2Fwww.ents-bbs.org%2Fviewtopic.php%3Ff%3D67%26t%3D6160%26sid%3D56c12cf4dbc65aa20c50be1f4f6e6483%23p27970","N"
"Shagbark Hickory","Carya ovata","Arkansas","Lincoln","Cane Creek State Park","","","2053 acres woodland, 1675 acres water.","","241451","1","","","","Public - state","119.4'","Clinometer/laser rangefinder/sine","9.0'","108''","","","Jess Riddle","2014-03-10","http%3A%2F%2Fwww.ents-bbs.org%2Fviewtopic.php%3Ff%3D67%26t%3D6160%26sid%3D56c12cf4dbc65aa20c50be1f4f6e6483%23p27970","N"
"Shagbark Hickory","Carya ovata","Arkansas","Lincoln","Cane Creek State Park","","","2053 acres woodland, 1675 acres water.","","241450","1","","","","Public - state","122.1'","Clinometer/laser rangefinder/sine","8.0'","96''","","","Jess Riddle","2014-03-10","http%3A%2F%2Fwww.ents-bbs.org%2Fviewtopic.php%3Ff%3D67%26t%3D6160%26sid%3D56c12cf4dbc65aa20c50be1f4f6e6483%23p27970","N"
"Shortleaf Pine","Pinus echinata","Arkansas","Lincoln","Cane Creek State Park","","","2053 acres woodland, 1675 acres water.","","241460","1","","","","Public - state","106.9'","Clinometer/laser rangefinder/sine","7.3'","88''","","","Jess Riddle","2014-03-10","http%3A%2F%2Fwww.ents-bbs.org%2Fviewtopic.php%3Ff%3D67%26t%3D6160%26sid%3D56c12cf4dbc65aa20c50be1f4f6e6483%23p27970","N"
"Shortleaf Pine","Pinus echinata","Arkansas","Lincoln","Cane Creek State Park","","","2053 acres woodland, 1675 acres water.","","241459","1","","","","Public - state","115.6'","Clinometer/laser rangefinder/sine","6.2'","74''","","","Jess Riddle","2014-03-10","http%3A%2F%2Fwww.ents-bbs.org%2Fviewtopic.php%3Ff%3D67%26t%3D6160%26sid%3D56c12cf4dbc65aa20c50be1f4f6e6483%23p27970","N"
"Shortleaf Pine","Pinus echinata","Arkansas","Lincoln","Cane Creek State Park","","","2053 acres woodland, 1675 acres water.","","241458","1","","","","Public - state","115.7'","Clinometer/laser rangefinder/sine","4.8'","58''","","","Jess Riddle","2014-03-10","http%3A%2F%2Fwww.ents-bbs.org%2Fviewtopic.php%3Ff%3D67%26t%3D6160%26sid%3D56c12cf4dbc65aa20c50be1f4f6e6483%23p27970","N"
"Shortleaf Pine","Pinus echinata","Arkansas","Lincoln","Cane Creek State Park","","","2053 acres woodland, 1675 acres water.","","241457","1","","","","Public - state","123.3'","Clinometer/laser rangefinder/sine","6.8'","82''","","","Jess Riddle","2014-03-10","http%3A%2F%2Fwww.ents-bbs.org%2Fviewtopic.php%3Ff%3D67%26t%3D6160%26sid%3D56c12cf4dbc65aa20c50be1f4f6e6483%23p27970","N"
"Shumard's Oak","Quercus shumardii","Arkansas","Lincoln","Cane Creek State Park","","","2053 acres woodland, 1675 acres water.","","241479","1","","","","Public - state","121.7'","Clinometer/laser rangefinder/sine","6.7'","80''","","","Jess Riddle","2014-03-10","http%3A%2F%2Fwww.ents-bbs.org%2Fviewtopic.php%3Ff%3D67%26t%3D6160%26sid%3D56c12cf4dbc65aa20c50be1f4f6e6483%23p27970","N"
"Shumard's Oak","Quercus shumardii","Arkansas","Lincoln","Cane Creek State Park","","","2053 acres woodland, 1675 acres water.","","241478","1","","","","Public - state","125.4'","Clinometer/laser rangefinder/sine","11.5'","138''","","","Jess Riddle","2014-03-10","http%3A%2F%2Fwww.ents-bbs.org%2Fviewtopic.php%3Ff%3D67%26t%3D6160%26sid%3D56c12cf4dbc65aa20c50be1f4f6e6483%23p27970","N"
"Southern Red Oak","Quercus falcata","Arkansas","Lincoln","Cane Creek State Park","","","2053 acres woodland, 1675 acres water.","","241470","1","","","","Public - state","114.6'","Clinometer/laser rangefinder/sine","8.8'","106''","","","Jess Riddle","2014-03-10","http%3A%2F%2Fwww.ents-bbs.org%2Fviewtopic.php%3Ff%3D67%26t%3D6160%26sid%3D56c12cf4dbc65aa20c50be1f4f6e6483%23p27970","N"
"Swamp Chestnut Oak","Quercus michauxii","Arkansas","Lincoln","Cane Creek State Park","","","2053 acres woodland, 1675 acres water.","","241472","1","","","","Public - state","120.5'","Clinometer/laser rangefinder/sine","7.8'","93''","","","Jess Riddle","2014-03-10","http%3A%2F%2Fwww.ents-bbs.org%2Fviewtopic.php%3Ff%3D67%26t%3D6160%26sid%3D56c12cf4dbc65aa20c50be1f4f6e6483%23p27970","N"
"Sweetgum","Liquidambar styraciflua","Arkansas","Lincoln","Cane Creek State Park","","","2053 acres woodland, 1675 acres water.","","241454","1","","","","Public - state","121.7'","Clinometer/laser rangefinder/sine","6.1'","73''","","","Jess Riddle","2014-03-10","http%3A%2F%2Fwww.ents-bbs.org%2Fviewtopic.php%3Ff%3D67%26t%3D6160%26sid%3D56c12cf4dbc65aa20c50be1f4f6e6483%23p27970","N"
"Water Oak","Quercus nigra","Arkansas","Lincoln","Cane Creek State Park","","","2053 acres woodland, 1675 acres water.","","241474","1","","","","Public - state","110.6'","Clinometer/laser rangefinder/sine","5.8'","69''","","","Jess Riddle","2014-03-10","http%3A%2F%2Fwww.ents-bbs.org%2Fviewtopic.php%3Ff%3D67%26t%3D6160%26sid%3D56c12cf4dbc65aa20c50be1f4f6e6483%23p27970","N"
"Water Oak","Quercus nigra","Arkansas","Lincoln","Cane Creek State Park","","","2053 acres woodland, 1675 acres water.","","241473","1","","","","Public - state","117.0'","Clinometer/laser rangefinder/sine","8.1'","97''","","","Jess Riddle","2014-03-10","http%3A%2F%2Fwww.ents-bbs.org%2Fviewtopic.php%3Ff%3D67%26t%3D6160%26sid%3D56c12cf4dbc65aa20c50be1f4f6e6483%23p27970","N"
"White Oak","Quercus alba","Arkansas","Lincoln","Cane Creek State Park","","","2053 acres woodland, 1675 acres water.","","241469","1","","","","Public - state","117.5'","Clinometer/laser rangefinder/sine","8.4'","101''","","","Jess Riddle","2014-03-10","http%3A%2F%2Fwww.ents-bbs.org%2Fviewtopic.php%3Ff%3D67%26t%3D6160%26sid%3D56c12cf4dbc65aa20c50be1f4f6e6483%23p27970","N"
"White Oak","Quercus alba","Arkansas","Lincoln","Cane Creek State Park","","","2053 acres woodland, 1675 acres water.","","241468","1","","","","Public - state","118.6'","Clinometer/laser rangefinder/sine","5.3'","63''","","","Jess Riddle","2014-03-10","http%3A%2F%2Fwww.ents-bbs.org%2Fviewtopic.php%3Ff%3D67%26t%3D6160%26sid%3D56c12cf4dbc65aa20c50be1f4f6e6483%23p27970","N"
"White Oak","Quercus alba","Arkansas","Lincoln","Cane Creek State Park","","","2053 acres woodland, 1675 acres water.","","241467","1","","","","Public - state","123.0'","Clinometer/laser rangefinder/sine","4.8'","58''","","","Jess Riddle","2014-03-10","http%3A%2F%2Fwww.ents-bbs.org%2Fviewtopic.php%3Ff%3D67%26t%3D6160%26sid%3D56c12cf4dbc65aa20c50be1f4f6e6483%23p27970","N"
"Winged Elm","Ulmus alata","Arkansas","Lincoln","Cane Creek State Park","","","2053 acres woodland, 1675 acres water.","","241486","1","","","","Public - state","87.9'","Clinometer/laser rangefinder/sine","6.6'","79''","","","Jess Riddle","2014-03-10","http%3A%2F%2Fwww.ents-bbs.org%2Fviewtopic.php%3Ff%3D67%26t%3D6160%26sid%3D56c12cf4dbc65aa20c50be1f4f6e6483%23p27970","N"
"Winged Elm","Ulmus alata","Arkansas","Lincoln","Cane Creek State Park","","","2053 acres woodland, 1675 acres water.","","241485","1","","","","Public - state","90.9'","Clinometer/laser rangefinder/sine","4.2'","50''","","","Jess Riddle","2014-03-10","http%3A%2F%2Fwww.ents-bbs.org%2Fviewtopic.php%3Ff%3D67%26t%3D6160%26sid%3D56c12cf4dbc65aa20c50be1f4f6e6483%23p27970","N"
"Winged Elm","Ulmus alata","Arkansas","Lincoln","Cane Creek State Park","","","2053 acres woodland, 1675 acres water.","","241484","1","","","","Public - state","98.4'","Clinometer/laser rangefinder/sine","5.8'","70''","","","Jess Riddle","2014-03-10","http%3A%2F%2Fwww.ents-bbs.org%2Fviewtopic.php%3Ff%3D67%26t%3D6160%26sid%3D56c12cf4dbc65aa20c50be1f4f6e6483%23p27970","N"
"Arkansas Oak","Quercus arkansana","Arkansas","Ouachita","Sand Barrens And Oak-Pine Forest Preserve","","","The State Forest is 23,506 acres. The Preserve contains 435 aces in seven non-contiguous areas","","241628","1","","","","Public - state","51.0'","Clinometer/laser rangefinder/sine","2.4'","29''","","","Jess Riddle","2014-06-01","http%3A%2F%2Fwww.ents-bbs.org%2Fviewtopic.php%3Ff%3D67%26t%3D6381%26sid%3D4a7f32fbd25a5a8512e560f2bcebeb17","N"
"Arkansas Oak","Quercus arkansana","Arkansas","Ouachita","Sand Barrens And Oak-Pine Forest Preserve","","","The State Forest is 23,506 acres. The Preserve contains 435 aces in seven non-contiguous areas","","241627","1","","","","Public - state","52.7'","Clinometer/laser rangefinder/sine","2.3'","27''","","","Jess Riddle","2014-06-01","http%3A%2F%2Fwww.ents-bbs.org%2Fviewtopic.php%3Ff%3D67%26t%3D6381%26sid%3D4a7f32fbd25a5a8512e560f2bcebeb17","N"
"Bluejack Oak","Quercus incana","Arkansas","Ouachita","Sand Barrens And Oak-Pine Forest Preserve","","","The State Forest is 23,506 acres. The Preserve contains 435 aces in seven non-contiguous areas","","241629","1","","","","Public - state","43.7'","Clinometer/laser rangefinder/sine","2.1'","25''","","","Jess Riddle","2014-06-01","http%3A%2F%2Fwww.ents-bbs.org%2Fviewtopic.php%3Ff%3D67%26t%3D6381%26sid%3D4a7f32fbd25a5a8512e560f2bcebeb17","N"
"Chinkapin","Castanea pumila","Arkansas","Ouachita","Sand Barrens And Oak-Pine Forest Preserve","","","The State Forest is 23,506 acres. The Preserve contains 435 aces in seven non-contiguous areas","","241623","1","","","","Public - state","33.2'","","1.7'","20''","","","Jess Riddle","2014-06-01","http%3A%2F%2Fwww.ents-bbs.org%2Fviewtopic.php%3Ff%3D67%26t%3D6381%26sid%3D4a7f32fbd25a5a8512e560f2bcebeb17","N"
"Loblolly Pine","Pinus taeda","Arkansas","Ouachita","Sand Barrens And Oak-Pine Forest Preserve","","","The State Forest is 23,506 acres. The Preserve contains 435 aces in seven non-contiguous areas","","241626","1","","","","Public - state","126.4'","Clinometer/laser rangefinder/sine","7.3'","88''","","","Jess Riddle","2014-06-01","http%3A%2F%2Fwww.ents-bbs.org%2Fviewtopic.php%3Ff%3D67%26t%3D6381%26sid%3D4a7f32fbd25a5a8512e560f2bcebeb17","N"
"Sweetbay","Magnolia virginiana","Arkansas","Ouachita","Sand Barrens And Oak-Pine Forest Preserve","","","The State Forest is 23,506 acres. The Preserve contains 435 aces in seven non-contiguous areas","","241625","1","","","","Public - state","68.6'","Clinometer/laser rangefinder/sine","4.8'","58''","","","Jess Riddle","2014-06-01","http%3A%2F%2Fwww.ents-bbs.org%2Fviewtopic.php%3Ff%3D67%26t%3D6381%26sid%3D4a7f32fbd25a5a8512e560f2bcebeb17","N"
"Sweetbay","Magnolia virginiana","Arkansas","Ouachita","Sand Barrens And Oak-Pine Forest Preserve","","","The State Forest is 23,506 acres. The Preserve contains 435 aces in seven non-contiguous areas","","241624","1","","","","Public - state","73.3'","Clinometer/laser rangefinder/sine","4.2'","50''","","","Jess Riddle","2014-06-01","http%3A%2F%2Fwww.ents-bbs.org%2Fviewtopic.php%3Ff%3D67%26t%3D6381%26sid%3D4a7f32fbd25a5a8512e560f2bcebeb17","N"
"Bald Cypress","Taxodium distichum","Arkansas","Prairie","Des Arc","","","2500 acre private tract","","233992","1","","","","Private","105.0'","Clinometer/laser rangefinder/sine","21.5'","258''","","","Don Bragg","2007-07-06","http%3A%2F%2Fwww.nativetreesociety.org%2Ffieldtrips%2Farkansas%2Fdes_arc%2Fsome_new_ar_champions.htm","N"
"Honeylocust","Gleditsia triacanthos","Arkansas","Prairie","Des Arc","","","2500 acre private tract","","233995","1","","","","Private","97.0'","Clinometer/laser rangefinder/sine","13.2'","158''","64.0'","","Don Bragg","2007-07-06","http%3A%2F%2Fwww.nativetreesociety.org%2Ffieldtrips%2Farkansas%2Fdes_arc%2Fsome_new_ar_champions.htm","N"
"Swamp Chestnut Oak","Quercus michauxii","Arkansas","Prairie","Des Arc","","","2500 acre private tract","","233991","1","","","","Private","112.0'","Clinometer/laser rangefinder/sine","18.3'","220''","106.0'","Circumference taken at 6'","Don Bragg","2007-07-06","http%3A%2F%2Fwww.nativetreesociety.org%2Ffieldtrips%2Farkansas%2Fdes_arc%2Fsome_new_ar_champions.htm","N"
"Water Locust","Gleditsia aquatica","Arkansas","Prairie","Des Arc","","","2500 acre private tract","","233993","1","","","","Private","","Clinometer/laser rangefinder/sine","15.7'","188''","","","Don Bragg","2007-07-06","http%3A%2F%2Fwww.nativetreesociety.org%2Ffieldtrips%2Farkansas%2Fdes_arc%2Fsome_new_ar_champions.htm","N"
"Water Locust","Gleditsia aquatica","Arkansas","Prairie","Des Arc","","","2500 acre private tract","","233994","1","","","","Private","","Clinometer/laser rangefinder/sine","19.8'","238''","","","Don Bragg","2007-07-06","http%3A%2F%2Fwww.nativetreesociety.org%2Ffieldtrips%2Farkansas%2Fdes_arc%2Fsome_new_ar_champions.htm","N"
"Red Mulberry","Morus rubra","Arkansas","Pulaski","Arkansas Single Tree Sites","34 42.519","-092 17.548","","","233928","1","34 42.519","-092 17.548","","Public-Private","34.5'","Clinometer/laser rangefinder/sine","8.7'","104''","","Measured by D. Bragg 2/6/2005 near Beebe, White County","Various Various","2001-01-01","","N"
"Willow Oak","Quercus phellos","Arkansas","Pulaski","Arkansas Single Tree Sites","35 05.391","-091 52.145","","","233927","1","35 05.391","-091 52.145","","Public-Private","80.7'","Clinometer/laser rangefinder/sine","13.2'","158''","","Measured by D. Bragg 2/6/2005 near Beebe, White County","Various Various","2001-01-01","","N"
"Willow Oak","Quercus phellos","Arkansas","Pulaski","Arkansas Single Tree Sites","33 38.203","-091 47.407","","","233929","1","33 38.203","-091 47.407","","Public-Private","91.8'","Clinometer/laser rangefinder/sine","17.7'","212''","","Measured by D. Bragg 2/6/2005 on Main Street, Monticello, Drew County.","Various Various","2001-01-01","","N"
"Blueberry Hawthorn","Crataegus brachyacantha","Arkansas","Union","Felsenthal Nationalwildlife Refuge","","","64,902 Acres","","241498","1","","","","Public - federal","28.7'","Clinometer/laser rangefinder/sine","2.9'","35''","","","Jess Riddle","2014-04-26","http%3A%2F%2Fwww.ents-bbs.org%2Fviewtopic.php%3Ff%3D67%26t%3D6274%26sid%3D9e9b8c124e0ec69f3346d56fe2aab67d","N"
"Blueberry Hawthorn","Crataegus brachyacantha","Arkansas","Union","Felsenthal Nationalwildlife Refuge","","","64,902 Acres","","241497","1","","","","Public - federal","30.4'","Clinometer/laser rangefinder/sine","3.1'","37''","","","Jess Riddle","2014-04-26","http%3A%2F%2Fwww.ents-bbs.org%2Fviewtopic.php%3Ff%3D67%26t%3D6274%26sid%3D9e9b8c124e0ec69f3346d56fe2aab67d","N"
"Blueberry Hawthorn","Crataegus brachyacantha","Arkansas","Union","Felsenthal Nationalwildlife Refuge","","","64,902 Acres","","241496","1","","","","Public - federal","37.6'","Clinometer/laser rangefinder/sine","2.9'","35''","","","Jess Riddle","2014-04-26","http%3A%2F%2Fwww.ents-bbs.org%2Fviewtopic.php%3Ff%3D67%26t%3D6274%26sid%3D9e9b8c124e0ec69f3346d56fe2aab67d","N"
"Bottomland Post Oak","Quercus similis","Arkansas","Union","Felsenthal Nationalwildlife Refuge","","","64,902 Acres","","241503","1","","","","Public - federal","82.4'","Clinometer/laser rangefinder/sine","8.4'","101''","","","Jess Riddle","2014-04-26","http%3A%2F%2Fwww.ents-bbs.org%2Fviewtopic.php%3Ff%3D67%26t%3D6274%26sid%3D9e9b8c124e0ec69f3346d56fe2aab67d","N"
"Green Hawthorn","Crataegus viridis","Arkansas","Union","Felsenthal Nationalwildlife Refuge","","","64,902 Acres","","241501","1","","","","Public - federal","33.3'","Clinometer/laser rangefinder/sine","2.3'","27''","","","Jess Riddle","2014-04-26","http%3A%2F%2Fwww.ents-bbs.org%2Fviewtopic.php%3Ff%3D67%26t%3D6274%26sid%3D9e9b8c124e0ec69f3346d56fe2aab67d","N"
"Green Hawthorn","Crataegus viridis","Arkansas","Union","Felsenthal Nationalwildlife Refuge","","","64,902 Acres","","241500","1","","","","Public - federal","36.2'","Clinometer/laser rangefinder/sine","1.8'","22''","","","Jess Riddle","2014-04-26","http%3A%2F%2Fwww.ents-bbs.org%2Fviewtopic.php%3Ff%3D67%26t%3D6274%26sid%3D9e9b8c124e0ec69f3346d56fe2aab67d","N"
"Possumhaw","Ilex decidua","Arkansas","Union","Felsenthal Nationalwildlife Refuge","","","64,902 Acres","","241502","1","","","","Public - federal","41.2'","Clinometer/laser rangefinder/sine","2.0'","24''","","Circumference taken at 2.5'","Jess Riddle","2014-04-26","http%3A%2F%2Fwww.ents-bbs.org%2Fviewtopic.php%3Ff%3D67%26t%3D6274%26sid%3D9e9b8c124e0ec69f3346d56fe2aab67d","N"
"Riverflat Hawthorn","Crataegus opaca","Arkansas","Union","Felsenthal Nationalwildlife Refuge","","","64,902 Acres","","241499","1","","","","Public - federal","22.5'","Clinometer/laser rangefinder/sine","2.6'","31''","","Circumference taken at 3'
Also known as Western Mayhaw","Jess Riddle","2014-04-26","http%3A%2F%2Fwww.ents-bbs.org%2Fviewtopic.php%3Ff%3D67%26t%3D6274%26sid%3D9e9b8c124e0ec69f3346d56fe2aab67d","N"