"Common Name","Botanical Name","State","County","Site","Site Latitude","Site Longitude","Location comments","Tree name","Tree id","Measurement number","Latitude","Longitude","Elevation","Ownership type","Height (ft)","Height measurement method","Girth (ft)","Girth (in)","Crown spread (ft)","Tree comments","Measurer(s)","Measured","Trip report url","Photos available"
"Alligator Juniper","Juniperus deppeana","Arizona","Cochise","Cave Creek Canyon","31 52.442","-109 10.935","","","320815","1","31 52.442","-109 10.935","5500.0 ft","Public","56.0'","Clinometer/laser rangefinder/sine","7.8'","93''","","","Elijah Whitcomb","2025-01-15","","N"
"Alligator Juniper","Juniperus deppeana","Arizona","Cochise","Cave Creek Canyon","31 52.159","-109 11.264","","","320814","1","31 52.159","-109 11.264","5360.0 ft","Public","56.1'","Clinometer/laser rangefinder/sine","5.0'","60''","","","Elijah Whitcomb","2025-01-15","","N"
"Apache Pine","Pinus engelmannii","Arizona","Cochise","Cave Creek Canyon","31 52.733","-109 10.671","","","320811","1","31 52.733","-109 10.671","5170.0 ft","Public","107.0'","Clinometer/laser rangefinder/sine","8.6'","103''","","","Elijah Whitcomb","2025-01-15","","N"
"Arizona Cypress","Hesperocyparis arizonica ssp. arizonica","Arizona","Cochise","Cave Creek Canyon","31 52.531","-109 10.814","","","320802","1","31 52.531","-109 10.814","5215.0 ft","Public","60.8'","Clinometer/laser rangefinder/sine","12.2'","147''","","","Elijah Whitcomb","2025-01-15","","N"
"Arizona Cypress","Hesperocyparis arizonica ssp. arizonica","Arizona","Cochise","Cave Creek Canyon","31 52.996","-109 10.515","","","320798","1","31 52.996","-109 10.515","5105.0 ft","Public","75.2'","Clinometer/laser rangefinder/sine","9.2'","111''","","","Elijah Whitcomb","2025-01-15","","N"
"Arizona Cypress","Hesperocyparis arizonica ssp. arizonica","Arizona","Cochise","Cave Creek Canyon","31 52.999","-109 10.521","","","320797","1","31 52.999","-109 10.521","5105.0 ft","Public","78.8'","Clinometer/laser rangefinder/sine","7.1'","85''","","","Elijah Whitcomb","2025-01-15","","N"
"Arizona Cypress","Hesperocyparis arizonica ssp. arizonica","Arizona","Cochise","Cave Creek Canyon","31 52.711","-109 10.691","","","320801","1","31 52.711","-109 10.691","5155.0 ft","Public","100.3'","Clinometer/laser rangefinder/sine","8.0'","96''","","","Elijah Whitcomb","2025-01-15","","N"
"Arizona Cypress","Hesperocyparis arizonica ssp. arizonica","Arizona","Cochise","Cave Creek Canyon","31 52.710","-109 10.695","","","320800","1","31 52.710","-109 10.695","5160.0 ft","Public","107.2'","Clinometer/laser rangefinder/sine","10.5'","126''","","Dying","Elijah Whitcomb","2025-01-15","","N"
"Arizona Cypress","Hesperocyparis arizonica ssp. arizonica","Arizona","Cochise","Cave Creek Canyon","31 52.725","-109 10.686","","","320799","1","31 52.725","-109 10.686","5155.0 ft","Public","107.8'","Clinometer/laser rangefinder/sine","11.1'","133''","","Dead as of 1/25","Elijah Whitcomb","2025-01-15","","N"
"Arizona Cypress","Hesperocyparis arizonica ssp. arizonica","Arizona","Cochise","Cave Creek Canyon","31 51.611","-109 11.358","","","320804","1","31 51.611","-109 11.358","5490.0 ft","Public","119.7'","Clinometer/laser rangefinder/sine","9.4'","113''","","","Elijah Whitcomb","2025-01-15","","N"
"Arizona Cypress","Hesperocyparis arizonica ssp. arizonica","Arizona","Cochise","Cave Creek Canyon","31 51.623","-109 11.359","","","320803","1","31 51.623","-109 11.359","5490.0 ft","Public","122.8'","Clinometer/laser rangefinder/sine","7.9'","95''","","","Elijah Whitcomb","2025-01-15","","N"
"Arizona Cypress","Hesperocyparis arizonica ssp. arizonica","Arizona","Cochise","Cave Creek Canyon","31 51.584","-109 11.355","","","320805","1","31 51.584","-109 11.355","5495.0 ft","Public","125.0'","Clinometer/laser rangefinder/sine","11.2'","134''","","","Elijah Whitcomb","2025-01-15","","N"
"Arizona Madrone","Arbutus arizonica","Arizona","Cochise","Cave Creek Canyon","31 51.586","-109 11.373","","","320816","1","31 51.586","-109 11.373","5500.0 ft","Public","65.1'","Clinometer/laser rangefinder/sine","","","","Double trunk","Elijah Whitcomb","2025-01-15","","N"
"Arizona Sycamore","Platanus wrightii","Arizona","Cochise","Cave Creek Canyon","31 52.172","-109 11.264","","","320820","1","31 52.172","-109 11.264","5375.0 ft","Public","67.3'","Clinometer/laser rangefinder/sine","4.4'","53''","","","Elijah Whitcomb","2025-01-15","","N"
"Bigtooth Maple","Acer grandidentatum var. grandidentatum","Arizona","Cochise","Cave Creek Canyon","31 51.596","-109 11.374","","","320817","1","31 51.596","-109 11.374","5500.0 ft","Public","29.3'","Clinometer/laser rangefinder/sine","1.1'","13''","","Variety uncertain","Elijah Whitcomb","2025-01-15","","N"
"Bigtooth Maple","Acer grandidentatum var. grandidentatum","Arizona","Cochise","Cave Creek Canyon","31 51.640","-109 11.369","","","320818","1","31 51.640","-109 11.369","5480.0 ft","Public","58.5'","Clinometer/laser rangefinder/sine","2.8'","34''","","Variety uncertain","Elijah Whitcomb","2025-01-15","","N"
"Chihuahuan Pine","Pinus leiophylla var. chihuahuana","Arizona","Cochise","Cave Creek Canyon","31 51.868","-109 11.430","","","320807","1","31 51.868","-109 11.430","5420.0 ft","Public","80.8'","Clinometer/laser rangefinder/sine","4.7'","56''","","","Elijah Whitcomb","2025-01-15","","N"
"Chihuahuan Pine","Pinus leiophylla var. chihuahuana","Arizona","Cochise","Cave Creek Canyon","31 51.812","-109 11.420","","","320808","1","31 51.812","-109 11.420","5435.0 ft","Public","88.6'","Clinometer/laser rangefinder/sine","5.9'","71''","","","Elijah Whitcomb","2025-01-15","","N"
"Chihuahuan Pine","Pinus leiophylla var. chihuahuana","Arizona","Cochise","Cave Creek Canyon","31 52.195","-109 11.262","","","320810","1","31 52.195","-109 11.262","5505.0 ft","Public","91.0'","Clinometer/laser rangefinder/sine","8.8'","106''","","","Elijah Whitcomb","2025-01-15","","N"
"Chihuahuan Pine","Pinus leiophylla var. chihuahuana","Arizona","Cochise","Cave Creek Canyon","31 51.792","-109 11.415","","","320809","1","31 51.792","-109 11.415","5450.0 ft","Public","99.6'","Clinometer/laser rangefinder/sine","5.3'","64''","","","Elijah Whitcomb","2025-01-15","","N"
"Fremont Cottonwood","Populus fremontii ssp. fremontii","Arizona","Cochise","Cave Creek Canyon","31 52.438","-109 11.008","","","320819","1","31 52.438","-109 11.008","5270.0 ft","Public","82.6'","Clinometer/laser rangefinder/sine","7.1'","85''","","Subspecies uncertain","Elijah Whitcomb","2025-01-15","","N"
"Gray Oak","Quercus grisea","Arizona","Cochise","Cave Creek Canyon","31 52.165","-109 11.266","","","320821","1","31 52.165","-109 11.266","5370.0 ft","Public","57.2'","Clinometer/laser rangefinder/sine","","","","Double trunk","Elijah Whitcomb","2025-01-15","","N"
"Ponderosa Pine","Pinus ponderosa var. brachyptera","Arizona","Cochise","Cave Creek Canyon","31 51.860","-109 11.435","","","320813","1","31 51.860","-109 11.435","5425.0 ft","Public","126.4'","Clinometer/laser rangefinder/sine","7.8'","94''","","ID uncertain","Elijah Whitcomb","2025-01-15","","N"
"Ponderosa Pine","Pinus ponderosa var. brachyptera","Arizona","Cochise","Cave Creek Canyon","31 52.773","-109 10.672","","","320812","1","31 52.773","-109 10.672","5210.0 ft","Public","132.3'","Clinometer/laser rangefinder/sine","10.3'","124''","","ID uncertain","Elijah Whitcomb","2025-01-15","","N"
"Rocky Mountain Douglas-Fir","Pseudotsuga menziesii var. glauca","Arizona","Cochise","Cave Creek Canyon","31 51.571","-109 11.391","","","320806","1","31 51.571","-109 11.391","5515.0 ft","Public","125.3'","Clinometer/laser rangefinder/sine","11.9'","143''","","","Elijah Whitcomb","2025-01-15","","N"
"Emory Oak","Quercus emoryi","Arizona","Cochise","Dragoon Mountains","31 54.101","-109 55.081","This area is known as Cochise's Stronghold","","24030","1","31 54.101","-109 55.081","4800.0 ft","Public National Forest","33.2'","Clinometer/laser rangefinder/sine","5.0'","59''","","","Turner Sharp","2012-02-23","","N"
"Emory Oak","Quercus emoryi","Arizona","Cochise","Dragoon Mountains","","","This area is known as Cochise's Stronghold","","24032","1","","","4800.0 ft","Public National Forest","35.0'","Clinometer/laser rangefinder/sine","6.2'","75''","61.5'","","Turner Sharp","2012-02-23","","N"
"Emory Oak","Quercus emoryi","Arizona","Cochise","Dragoon Mountains","31 54.101","-109 55.081","This area is known as Cochise's Stronghold","","24031","1","31 54.101","-109 55.081","4800.0 ft","Public National Forest","41.5'","Clinometer/laser rangefinder/sine","5.2'","63''","","","Turner Sharp","2012-02-23","","N"
"Golden Flower Century Plant","Agave chrysantha","Arizona","Cochise","Dragoon Mountains","","","This area is known as Cochise's Stronghold","","24033","1","","","4800.0 ft","Public National Forest","13.8'","Clinometer/laser rangefinder/sine","","","","","Turner Sharp","2012-02-23","","N"
"Twoneedle Pinyon","Pinus edulis","Arizona","Coconino","Anita Road","","","Trees were measure on either side of Anita Road near the intersection of 
AZ 180/64","","75123","1","","","6400.0 ft","Public - Kaibab National Forest","32.5'","Clinometer/laser rangefinder/sine","5.0'","60''","","","Turner Sharp","2012-02-15","","N"
"Twoneedle Pinyon","Pinus edulis","Arizona","Coconino","Anita Road","35 51.676","-112 08.122","Trees were measure on either side of Anita Road near the intersection of 
AZ 180/64","","75121","1","35 51.676","-112 08.122","6400.0 ft","Public - Kaibab National Forest","33.3'","Clinometer/laser rangefinder/sine","3.6'","43''","","","Turner Sharp","2012-02-15","","N"
"Twoneedle Pinyon","Pinus edulis","Arizona","Coconino","Anita Road","","","Trees were measure on either side of Anita Road near the intersection of 
AZ 180/64","","75126","1","","","6400.0 ft","Public - Kaibab National Forest","33.7'","Clinometer/laser rangefinder/sine","2.9'","35''","","","Turner Sharp","2012-02-15","","N"
"Twoneedle Pinyon","Pinus edulis","Arizona","Coconino","Anita Road","","","Trees were measure on either side of Anita Road near the intersection of 
AZ 180/64","","75124","1","","","6400.0 ft","Public - Kaibab National Forest","36.8'","Clinometer/laser rangefinder/sine","3.4'","41''","","","Turner Sharp","2012-02-15","","N"
"Utah Juniper","Juniperus osteosperma","Arizona","Coconino","Anita Road","","","Trees were measure on either side of Anita Road near the intersection of 
AZ 180/64","","75122","1","","","6400.0 ft","Public - Kaibab National Forest","25.0'","Clinometer/laser rangefinder/sine","3.3'","39''","","","Turner Sharp","2012-02-15","","N"
"Utah Juniper","Juniperus osteosperma","Arizona","Coconino","Anita Road","","","Trees were measure on either side of Anita Road near the intersection of 
AZ 180/64","","75125","1","","","6400.0 ft","Public - Kaibab National Forest","30.2'","Clinometer/laser rangefinder/sine","4.6'","55''","","","Turner Sharp","2012-02-15","","N"
"Engelmann Spruce","Picea engelmannii","Arizona","Coconino","Aspen Corner Trails","","","","","226324","1","","","8900.0 ft","Public - Federal","78.4'","Clinometer/laser rangefinder/sine","7.2'","86''","","","Turner Sharp","2015-06-08","","N"
"Quaking Aspen","Populus tremuloides","Arizona","Coconino","Aspen Corner Trails","","","","","220352","1","","","8800.0 ft","Public - Federal","78.8'","Clinometer/laser rangefinder/sine","3.2'","38''","","","Turner Sharp","2014-06-24","","N"
"Quaking Aspen","Populus tremuloides","Arizona","Coconino","Aspen Corner Trails","","","","","220353","1","","","8800.0 ft","Public - Federal","80.8'","Clinometer/laser rangefinder/sine","5.6'","68''","","Measured biggest stem of double stem tree","Turner Sharp","2014-06-24","","N"
"Quaking Aspen","Populus tremuloides","Arizona","Coconino","Aspen Corner Trails","","","","","220354","1","","","8800.0 ft","Public - Federal","81.7'","Clinometer/laser rangefinder/sine","5.2'","62''","","","Turner Sharp","2014-06-24","","N"
"Quaking Aspen","Populus tremuloides","Arizona","Coconino","Aspen Corner Trails","35 19.210","-111 43.196","","","220351","1","35 19.210","-111 43.196","8800.0 ft","Public - Federal","82.9'","Clinometer/laser rangefinder/sine","5.9'","71''","","","Turner Sharp","2014-06-24","","N"
"Quaking Aspen","Populus tremuloides","Arizona","Coconino","Aspen Corner Trails","","","","","220355","1","","","8800.0 ft","Public - Federal","89.1'","Clinometer/laser rangefinder/sine","4.4'","53''","","","Turner Sharp","2014-06-24","","N"
"Quaking Aspen","Populus tremuloides","Arizona","Coconino","Aspen Corner Trails","","","","","226323","1","","","8900.0 ft","Public - Federal","92.6'","Clinometer/laser rangefinder/sine","5.4'","64''","","","Turner Sharp","2015-06-08","","N"
"Quaking Aspen","Populus tremuloides","Arizona","Coconino","Aspen Corner Trails","35 19.329","-111 43.157","","","220356","1","35 19.329","-111 43.157","8800.0 ft","Public - Federal","95.7'","Clinometer/laser rangefinder/sine","5.0'","59''","","","Turner Sharp","2014-06-24","","N"
"Quaking Aspen","Populus tremuloides","Arizona","Coconino","Aspen Corner Trails","","","","","226322","1","","","8900.0 ft","Public - Federal","99.8'","Clinometer/laser rangefinder/sine","5.8'","70''","","","Turner Sharp","2015-06-08","","N"
"Rocky Mountain Douglas-Fir","Pseudotsuga menziesii var. glauca","Arizona","Coconino","Aspen Corner Trails","","","","","226328","1","","","8900.0 ft","Public - Federal","93.5'","Clinometer/laser rangefinder/sine","13.2'","158''","","","Turner Sharp","2015-06-08","","N"
"Rocky Mountain Douglas-Fir","Pseudotsuga menziesii var. glauca","Arizona","Coconino","Aspen Corner Trails","","","","","226327","1","","","8900.0 ft","Public - Federal","99.5'","Clinometer/laser rangefinder/sine","13.6'","163''","","","Turner Sharp","2015-06-08","","N"
"Rocky Mountain Douglas-Fir","Pseudotsuga menziesii var. glauca","Arizona","Coconino","Aspen Corner Trails","","","","","226326","1","","","8900.0 ft","Public - Federal","113.1'","Clinometer/laser rangefinder/sine","16.9'","203''","","","Turner Sharp","2015-06-08","","N"
"Rocky Mountain Douglas-Fir","Pseudotsuga menziesii var. glauca","Arizona","Coconino","Aspen Corner Trails","35 19.284","-111 43.093","","","220357","1","35 19.284","-111 43.093","8800.0 ft","Public - Federal","121.4'","Clinometer/laser rangefinder/sine","16.8'","202''","","Tree is on slope and grown arond a big flat rock. The top of this rock was used to measure 4 1/2' to determine circumference. Height is ""not less than"" due to shooting from below grade and approaching darkness.","Turner Sharp","2014-06-24","","N"
"Southwestern White Pine","Pinus strobiformis var. reflexa","Arizona","Coconino","Aspen Corner Trails","","","","","226321","1","","","8900.0 ft","Public - Federal","73.7'","Clinometer/laser rangefinder/sine","8.1'","98''","","","Turner Sharp","2015-06-08","","N"
"Southwestern White Pine","Pinus strobiformis var. reflexa","Arizona","Coconino","Aspen Corner Trails","","","","","226318","1","","","8900.0 ft","Public - Federal","83.3'","Clinometer/laser rangefinder/sine","11.6'","139''","","","Turner Sharp","2015-06-08","","N"
"Southwestern White Pine","Pinus strobiformis var. reflexa","Arizona","Coconino","Aspen Corner Trails","","","","","226319","1","","","8900.0 ft","Public - Federal","93.2'","Clinometer/laser rangefinder/sine","8.4'","101''","","","Turner Sharp","2015-06-08","","N"
"Southwestern White Pine","Pinus strobiformis var. reflexa","Arizona","Coconino","Aspen Corner Trails","","","","","226320","1","","","8900.0 ft","Public - Federal","108.7'","Clinometer/laser rangefinder/sine","10.6'","127''","","","Turner Sharp","2015-06-08","","N"
"White Fir","Abies concolor","Arizona","Coconino","Aspen Corner Trails","","","","","226325","1","","","8900.0 ft","Public - Federal","89.9'","Clinometer/laser rangefinder/sine","5.3'","63''","","","Turner Sharp","2015-06-08","","N"
"Bigtooth Maple","Acer grandidentatum var. grandidentatum","Arizona","Coconino","Barbershop Spring","","","","","137145","1","","","","Public - Federal","54.7'","Clinometer/laser rangefinder/sine","2.7'","32''","","","Turner Sharp","2016-09-21","http%3A%2F%2Fwww.ents-bbs.org%2Fviewtopic.php%3Ff%3D175%26t%3D7872","N"
"Corkbark Fir","Abies lasiocarpa var. arizonica","Arizona","Coconino","Barbershop Spring","","","","","137146","1","","","","Public - Federal","123.0'","Clinometer/laser rangefinder/sine","9.6'","115''","","","Turner Sharp","2016-09-21","http%3A%2F%2Fwww.ents-bbs.org%2Fviewtopic.php%3Ff%3D175%26t%3D7872","N"
"Gambel Oak","Quercus gambelii var. gambelii","Arizona","Coconino","Barbershop Spring","","","","","137150","1","","","","Public - Federal","63.7'","Clinometer/laser rangefinder/sine","6.4'","77''","","","Turner Sharp","2016-09-21","http%3A%2F%2Fwww.ents-bbs.org%2Fviewtopic.php%3Ff%3D175%26t%3D7872","N"
"Ponderosa Pine","Pinus ponderosa var. brachyptera","Arizona","Coconino","Barbershop Spring","34 26.220","-111 12.011","","","137141","1","34 26.220","-111 12.011","","Public - Federal","96.2'","Clinometer/laser rangefinder/sine","7.2'","86''","","","Turner Sharp","2016-09-21","http%3A%2F%2Fwww.ents-bbs.org%2Fviewtopic.php%3Ff%3D175%26t%3D7872","N"
"Ponderosa Pine","Pinus ponderosa var. brachyptera","Arizona","Coconino","Barbershop Spring","","","","","137142","1","","","","Public - Federal","121.2'","Clinometer/laser rangefinder/sine","10.5'","126''","","","Turner Sharp","2016-09-21","http%3A%2F%2Fwww.ents-bbs.org%2Fviewtopic.php%3Ff%3D175%26t%3D7872","N"
"Ponderosa Pine","Pinus ponderosa var. brachyptera","Arizona","Coconino","Barbershop Spring","","","","","137147","1","","","","Public - Federal","137.4'","Clinometer/laser rangefinder/sine","9.6'","115''","","","Turner Sharp","2016-09-21","http%3A%2F%2Fwww.ents-bbs.org%2Fviewtopic.php%3Ff%3D175%26t%3D7872","N"
"Ponderosa Pine","Pinus ponderosa var. brachyptera","Arizona","Coconino","Barbershop Spring","34 26.298","-111 11.709","","","137149","1","34 26.298","-111 11.709","","Public - Federal","138.9'","Clinometer/laser rangefinder/sine","10.0'","120''","","Edge of meadow.","Turner Sharp","2016-09-21","http%3A%2F%2Fwww.ents-bbs.org%2Fviewtopic.php%3Ff%3D175%26t%3D7872","N"
"Quaking Aspen","Populus tremuloides","Arizona","Coconino","Barbershop Spring","","","","","137144","1","","","","Public - Federal","93.6'","Clinometer/laser rangefinder/sine","6.6'","79''","","","Turner Sharp","2016-09-21","http%3A%2F%2Fwww.ents-bbs.org%2Fviewtopic.php%3Ff%3D175%26t%3D7872","N"
"Rocky Mountain Douglas-Fir","Pseudotsuga menziesii var. glauca","Arizona","Coconino","Barbershop Spring","","","","","137143","1","","","","Public - Federal","125.0'","Clinometer/laser rangefinder/sine","9.4'","113''","","","Turner Sharp","2016-09-21","http%3A%2F%2Fwww.ents-bbs.org%2Fviewtopic.php%3Ff%3D175%26t%3D7872","N"
"Southwestern White Pine","Pinus strobiformis var. reflexa","Arizona","Coconino","Barbershop Spring","34 26.183","-111 11.812","","","137148","1","34 26.183","-111 11.812","","Public - Federal","114.9'","Clinometer/laser rangefinder/sine","12.5'","150''","","","Turner Sharp","2016-09-21","http%3A%2F%2Fwww.ents-bbs.org%2Fviewtopic.php%3Ff%3D175%26t%3D7872","N"
"Ponderosa Pine","Pinus ponderosa var. brachyptera","Arizona","Coconino","Bonito Park Area","","","","","130884","1","","","6900.0 ft","Public - Federal","72.2'","Clinometer/laser rangefinder/sine","7.6'","92''","","","Turner Sharp","2016-09-10","","N"
"Ponderosa Pine","Pinus ponderosa var. brachyptera","Arizona","Coconino","Bonito Park Area","35 22.140","-111 32.376","","","130883","1","35 22.140","-111 32.376","6900.0 ft","Public - Federal","73.4'","Clinometer/laser rangefinder/sine","9.2'","110''","","","Turner Sharp","2016-09-10","","N"
"Ponderosa Pine","Pinus ponderosa var. brachyptera","Arizona","Coconino","Bonito Park Area","35 22.088","-111 32.248","","","130878","1","35 22.088","-111 32.248","6900.0 ft","Public - Federal","77.4'","Clinometer/laser rangefinder/sine","9.1'","109''","","","Turner Sharp","2016-09-10","","N"
"Ponderosa Pine","Pinus ponderosa var. brachyptera","Arizona","Coconino","Bonito Park Area","35 22.172","-111 32.395","","","130886","1","35 22.172","-111 32.395","6900.0 ft","Public - Federal","79.1'","Clinometer/laser rangefinder/sine","8.8'","106''","","","Turner Sharp","2016-09-10","","N"
"Ponderosa Pine","Pinus ponderosa var. brachyptera","Arizona","Coconino","Bonito Park Area","35 22.131","-111 32.304","","","130827","2","35 22.131","-111 32.304","6900.0 ft","Public - Federal","83.4'","Clinometer/laser rangefinder/sine","10.4'","124''","","","Turner Sharp, Turner Sharp","2016-09-10","","N"
"Ponderosa Pine","Pinus ponderosa var. brachyptera","Arizona","Coconino","Bonito Park Area","35 22.237","-111 32.390","","","130843","2","35 22.237","-111 32.390","6900.0 ft","Public - Federal","83.9'","Clinometer/laser rangefinder/sine","12.1'","145''","","","Turner Sharp, Turner Sharp","2016-09-10","","N"
"Ponderosa Pine","Pinus ponderosa var. brachyptera","Arizona","Coconino","Bonito Park Area","","","","","130838","1","","","6900.0 ft","Public - Federal","86.3'","Clinometer/laser rangefinder/sine","10.4'","125''","","","Turner Sharp","2014-06-23","","N"
"Ponderosa Pine","Pinus ponderosa var. brachyptera","Arizona","Coconino","Bonito Park Area","","","","","130841","1","","","6900.0 ft","Public - Federal","87.4'","Clinometer/laser rangefinder/sine","11.8'","142''","","","Turner Sharp","2014-06-23","","N"
"Ponderosa Pine","Pinus ponderosa var. brachyptera","Arizona","Coconino","Bonito Park Area","","","","","130839","1","","","6900.0 ft","Public - Federal","88.1'","Clinometer/laser rangefinder/sine","10.6'","127''","","","Turner Sharp","2014-06-23","","N"
"Ponderosa Pine","Pinus ponderosa var. brachyptera","Arizona","Coconino","Bonito Park Area","","","","","130836","1","","","6900.0 ft","Public - Federal","88.6'","Clinometer/laser rangefinder/sine","10.3'","123''","","","Turner Sharp","2014-06-23","","N"
"Ponderosa Pine","Pinus ponderosa var. brachyptera","Arizona","Coconino","Bonito Park Area","35 22.214","-111 32.350","","","130880","1","35 22.214","-111 32.350","6900.0 ft","Public - Federal","90.2'","Clinometer/laser rangefinder/sine","9.3'","112''","","","Turner Sharp","2016-09-10","","N"
"Ponderosa Pine","Pinus ponderosa var. brachyptera","Arizona","Coconino","Bonito Park Area","35 22.171","-111 32.397","","","130885","1","35 22.171","-111 32.397","6900.0 ft","Public - Federal","90.5'","Clinometer/laser rangefinder/sine","8.1'","98''","","","Turner Sharp","2016-09-10","","N"
"Ponderosa Pine","Pinus ponderosa var. brachyptera","Arizona","Coconino","Bonito Park Area","35 22.096","-111 32.261","","","130877","1","35 22.096","-111 32.261","6900.0 ft","Public - Federal","90.9'","Clinometer/laser rangefinder/sine","10.6'","127''","","","Turner Sharp","2016-09-10","","N"
"Ponderosa Pine","Pinus ponderosa var. brachyptera","Arizona","Coconino","Bonito Park Area","35 22.189","-111 32.290","","","130842","1","35 22.189","-111 32.290","6900.0 ft","Public - Federal","91.4'","Clinometer/laser rangefinder/sine","11.1'","133''","","","Turner Sharp","2014-06-23","","N"
"Ponderosa Pine","Pinus ponderosa var. brachyptera","Arizona","Coconino","Bonito Park Area","35 22.178","-111 32.369","","","130882","1","35 22.178","-111 32.369","6900.0 ft","Public - Federal","92.1'","Clinometer/laser rangefinder/sine","10.3'","124''","","","Turner Sharp","2016-09-10","","N"
"Ponderosa Pine","Pinus ponderosa var. brachyptera","Arizona","Coconino","Bonito Park Area","35 22.076","-111 32.275","","","130879","1","35 22.076","-111 32.275","6900.0 ft","Public - Federal","94.8'","Clinometer/laser rangefinder/sine","9.3'","112''","","","Turner Sharp","2016-09-10","","N"
"Ponderosa Pine","Pinus ponderosa var. brachyptera","Arizona","Coconino","Bonito Park Area","","","","","130840","1","","","6900.0 ft","Public - Federal","96.0'","Clinometer/laser rangefinder/sine","10.8'","130''","","","Turner Sharp","2014-06-23","","N"
"Ponderosa Pine","Pinus ponderosa var. brachyptera","Arizona","Coconino","Bonito Park Area","","","","","130837","1","","","6900.0 ft","Public - Federal","97.0'","Clinometer/laser rangefinder/sine","10.7'","128''","","","Turner Sharp","2014-06-23","","N"
"Ponderosa Pine","Pinus ponderosa var. brachyptera","Arizona","Coconino","Bonito Park Area","35 22.164","-111 32.362","","","130881","1","35 22.164","-111 32.362","6900.0 ft","Public - Federal","106.6'","Clinometer/laser rangefinder/sine","9.4'","113''","","","Turner Sharp","2016-09-10","","N"
"Ponderosa Pine","Pinus ponderosa var. brachyptera","Arizona","Coconino","Bonito Park Area","35 22.166","-111 32.588","","","130887","1","35 22.166","-111 32.588","6900.0 ft","Public - Federal","108.0'","Clinometer/laser rangefinder/sine","13.1'","157''","","","Turner Sharp","2016-09-10","","N"
"Ponderosa Pine","Pinus ponderosa var. brachyptera","Arizona","Coconino","Bonito Park Area","35 22.066","-111 32.300","","","130823","2","35 22.066","-111 32.300","6900.0 ft","Public - Federal","108.6'","Clinometer/laser rangefinder/sine","9.5'","114''","","","Turner Sharp, Turner Sharp","2016-09-10","","N"
"Ponderosa Pine","Pinus ponderosa var. brachyptera","Arizona","Coconino","Bonito Park Area","35 22.187","-111 32.619","","","130888","1","35 22.187","-111 32.619","6900.0 ft","Public - Federal","110.2'","Clinometer/laser rangefinder/sine","12.5'","150''","","","Turner Sharp","2016-09-10","","N"
"Ponderosa Pine","Pinus ponderosa var. brachyptera","Arizona","Coconino","Bonito Park Area","35 22.107","-111 32.276","","","130814","2","35 22.107","-111 32.276","6900.0 ft","Public - Federal","124.5'","Clinometer/laser rangefinder/sine","13.4'","160''","","True ""Yellow Belly""","Turner Sharp, Turner Sharp","2016-09-10","","N"
"Gambel Oak","Quercus gambelii var. gambelii","Arizona","Coconino","Campbell Mesa","","","","","33248","1","","","6800.0 ft","Public - National Forest","22.5'","Clinometer/laser rangefinder/sine","3.1'","38''","","","Turner Sharp","2012-03-05","","N"
"Gambel Oak","Quercus gambelii var. gambelii","Arizona","Coconino","Campbell Mesa","","","","","33249","1","","","6800.0 ft","Public - National Forest","35.2'","Clinometer/laser rangefinder/sine","3.7'","44''","","","Turner Sharp","2012-03-05","","N"
"Gambel Oak","Quercus gambelii var. gambelii","Arizona","Coconino","Campbell Mesa","","","","","33250","1","","","6800.0 ft","Public - National Forest","36.1'","Clinometer/laser rangefinder/sine","6.2'","75''","","","Turner Sharp","2012-03-05","","N"
"Oneseed Juniper","Juniperus monosperma","Arizona","Coconino","Campbell Mesa","","","","","33252","1","","","6800.0 ft","Public - National Forest","16.2'","Clinometer/laser rangefinder/sine","","","","","Turner Sharp","2012-03-05","","N"
"Oneseed Juniper","Juniperus monosperma","Arizona","Coconino","Campbell Mesa","","","","","33251","1","","","6800.0 ft","Public - National Forest","20.8'","Clinometer/laser rangefinder/sine","1.7'","20''","","Largest of six stems measured for girth at 3 1/2' mid slope.","Turner Sharp","2012-03-05","","N"
"Ponderosa Pine","Pinus ponderosa var. brachyptera","Arizona","Coconino","Campbell Mesa","","","","","33239","1","","","6800.0 ft","Public - National Forest","63.6'","Clinometer/laser rangefinder/sine","7.8'","93''","","","Turner Sharp","2012-03-05","","N"
"Ponderosa Pine","Pinus ponderosa var. brachyptera","Arizona","Coconino","Campbell Mesa","35 11.936","-111 33.392","","","33235","1","35 11.936","-111 33.392","6800.0 ft","Public - National Forest","71.1'","Clinometer/laser rangefinder/sine","7.7'","92''","","","Turner Sharp","2012-03-05","","N"
"Ponderosa Pine","Pinus ponderosa var. brachyptera","Arizona","Coconino","Campbell Mesa","","","","","33240","1","","","6800.0 ft","Public - National Forest","72.3'","Clinometer/laser rangefinder/sine","8.7'","104''","","","Turner Sharp","2012-03-05","","N"
"Ponderosa Pine","Pinus ponderosa var. brachyptera","Arizona","Coconino","Campbell Mesa","","","","","33236","1","","","6800.0 ft","Public - National Forest","73.1'","Clinometer/laser rangefinder/sine","7.3'","88''","","","Turner Sharp","2012-03-05","","N"
"Ponderosa Pine","Pinus ponderosa var. brachyptera","Arizona","Coconino","Campbell Mesa","","","","","33238","1","","","6800.0 ft","Public - National Forest","76.5'","Clinometer/laser rangefinder/sine","6.8'","81''","","","Turner Sharp","2012-03-05","","N"
"Ponderosa Pine","Pinus ponderosa var. brachyptera","Arizona","Coconino","Campbell Mesa","","","","","33245","1","","","6800.0 ft","Public - National Forest","83.9'","Clinometer/laser rangefinder/sine","8.4'","101''","","","Turner Sharp","2012-03-05","","N"
"Ponderosa Pine","Pinus ponderosa var. brachyptera","Arizona","Coconino","Campbell Mesa","","","","","33241","1","","","6800.0 ft","Public - National Forest","87.8'","Clinometer/laser rangefinder/sine","10.2'","122''","","","Turner Sharp","2012-03-05","","N"
"Ponderosa Pine","Pinus ponderosa var. brachyptera","Arizona","Coconino","Campbell Mesa","","","","","33242","1","","","6800.0 ft","Public - National Forest","88.7'","Clinometer/laser rangefinder/sine","8.8'","106''","","","Turner Sharp","2012-03-05","","N"
"Ponderosa Pine","Pinus ponderosa var. brachyptera","Arizona","Coconino","Campbell Mesa","","","","","33237","1","","","6800.0 ft","Public - National Forest","89.5'","Clinometer/laser rangefinder/sine","7.7'","92''","","","Turner Sharp","2012-03-05","","N"
"Ponderosa Pine","Pinus ponderosa var. brachyptera","Arizona","Coconino","Campbell Mesa","","","","","33247","1","","","6800.0 ft","Public - National Forest","90.3'","Clinometer/laser rangefinder/sine","9.4'","113''","","","Turner Sharp","2012-03-05","","N"
"Ponderosa Pine","Pinus ponderosa var. brachyptera","Arizona","Coconino","Campbell Mesa","","","","","33246","1","","","6800.0 ft","Public - National Forest","91.4'","Clinometer/laser rangefinder/sine","9.7'","116''","","","Turner Sharp","2012-03-05","","N"
"Ponderosa Pine","Pinus ponderosa var. brachyptera","Arizona","Coconino","Campbell Mesa","","","","","33243","1","","","6800.0 ft","Public - National Forest","96.5'","Clinometer/laser rangefinder/sine","12.0'","144''","","","Turner Sharp","2012-03-05","","N"
"Ponderosa Pine","Pinus ponderosa var. brachyptera","Arizona","Coconino","Campbell Mesa","","","","","33244","1","","","6800.0 ft","Public - National Forest","99.8'","Clinometer/laser rangefinder/sine","9.6'","116''","","","Turner Sharp","2012-03-05","","N"
"Engelmann Spruce","Picea engelmannii","Arizona","Coconino","Demotte Campground","","","Trees measured were 100 200 yards South West of the campground. It appears the forest Service had a fuel reduction cut in this area targeting mostly the smaller and defective white firs.","","226295","1","","","","Public National Forest","98.8'","Clinometer/laser rangefinder/sine","5.8'","70''","","","Turner Sharp","2014-01-18","http%3A%2F%2Fwww.ents-bbs.org%2Fviewtopic.php%3Ff%3D175%26t%3D6745","N"
"Engelmann Spruce","Picea engelmannii","Arizona","Coconino","Demotte Campground","","","Trees measured were 100 200 yards South West of the campground. It appears the forest Service had a fuel reduction cut in this area targeting mostly the smaller and defective white firs.","","226285","1","","","8800.0 ft","Public National Forest","105.9'","Clinometer/laser rangefinder/sine","5.3'","64''","","","Turner Sharp","2014-01-18","http%3A%2F%2Fwww.ents-bbs.org%2Fviewtopic.php%3Ff%3D175%26t%3D6745","N"
"Engelmann Spruce","Picea engelmannii","Arizona","Coconino","Demotte Campground","36 24.629","-112 08.274","Trees measured were 100 200 yards South West of the campground. It appears the forest Service had a fuel reduction cut in this area targeting mostly the smaller and defective white firs.","","226288","1","36 24.629","-112 08.274","8800.0 ft","Public National Forest","113.8'","Clinometer/laser rangefinder/sine","7.8'","93''","","","Turner Sharp","2014-01-18","http%3A%2F%2Fwww.ents-bbs.org%2Fviewtopic.php%3Ff%3D175%26t%3D6745","N"
"Ponderosa Pine","Pinus ponderosa var. brachyptera","Arizona","Coconino","Demotte Campground","","","Trees measured were 100 200 yards South West of the campground. It appears the forest Service had a fuel reduction cut in this area targeting mostly the smaller and defective white firs.","","226291","1","","","8800.0 ft","Public National Forest","83.1'","Clinometer/laser rangefinder/sine","8.4'","101''","","","Turner Sharp","2014-01-18","http%3A%2F%2Fwww.ents-bbs.org%2Fviewtopic.php%3Ff%3D175%26t%3D6745","N"
"Ponderosa Pine","Pinus ponderosa var. brachyptera","Arizona","Coconino","Demotte Campground","","","Trees measured were 100 200 yards South West of the campground. It appears the forest Service had a fuel reduction cut in this area targeting mostly the smaller and defective white firs.","","226290","1","","","","Public National Forest","86.5'","Clinometer/laser rangefinder/sine","8.4'","101''","","","Turner Sharp","2014-01-18","http%3A%2F%2Fwww.ents-bbs.org%2Fviewtopic.php%3Ff%3D175%26t%3D6745","N"
"Ponderosa Pine","Pinus ponderosa var. brachyptera","Arizona","Coconino","Demotte Campground","","","Trees measured were 100 200 yards South West of the campground. It appears the forest Service had a fuel reduction cut in this area targeting mostly the smaller and defective white firs.","","226289","1","","","8800.0 ft","Public National Forest","88.6'","Clinometer/laser rangefinder/sine","6.7'","80''","","","Turner Sharp","2014-01-18","http%3A%2F%2Fwww.ents-bbs.org%2Fviewtopic.php%3Ff%3D175%26t%3D6745","N"
"Ponderosa Pine","Pinus ponderosa var. brachyptera","Arizona","Coconino","Demotte Campground","","","Trees measured were 100 200 yards South West of the campground. It appears the forest Service had a fuel reduction cut in this area targeting mostly the smaller and defective white firs.","","226292","1","","","","Public National Forest","97.0'","Clinometer/laser rangefinder/sine","8.7'","105''","","","Turner Sharp","2014-01-18","http%3A%2F%2Fwww.ents-bbs.org%2Fviewtopic.php%3Ff%3D175%26t%3D6745","N"
"Ponderosa Pine","Pinus ponderosa var. brachyptera","Arizona","Coconino","Demotte Campground","36 24.615","-112 08.223","Trees measured were 100 200 yards South West of the campground. It appears the forest Service had a fuel reduction cut in this area targeting mostly the smaller and defective white firs.","","226284","1","36 24.615","-112 08.223","8800.0 ft","Public National Forest","99.7'","Clinometer/laser rangefinder/sine","9.8'","118''","","","Turner Sharp","2014-01-18","http%3A%2F%2Fwww.ents-bbs.org%2Fviewtopic.php%3Ff%3D175%26t%3D6745","N"
"Quaking Aspen","Populus tremuloides","Arizona","Coconino","Demotte Campground","","","Trees measured were 100 200 yards South West of the campground. It appears the forest Service had a fuel reduction cut in this area targeting mostly the smaller and defective white firs.","","226294","1","","","8800.0 ft","Public National Forest","57.3'","Clinometer/laser rangefinder/sine","3.7'","44''","","","Turner Sharp","2014-01-18","http%3A%2F%2Fwww.ents-bbs.org%2Fviewtopic.php%3Ff%3D175%26t%3D6745","N"
"Quaking Aspen","Populus tremuloides","Arizona","Coconino","Demotte Campground","","","Trees measured were 100 200 yards South West of the campground. It appears the forest Service had a fuel reduction cut in this area targeting mostly the smaller and defective white firs.","","226293","1","","","8800.0 ft","Public National Forest","63.7'","Clinometer/laser rangefinder/sine","3.4'","41''","","","Turner Sharp","2014-01-18","http%3A%2F%2Fwww.ents-bbs.org%2Fviewtopic.php%3Ff%3D175%26t%3D6745","N"
"White Fir","Abies concolor","Arizona","Coconino","Demotte Campground","","","Trees measured were 100 200 yards South West of the campground. It appears the forest Service had a fuel reduction cut in this area targeting mostly the smaller and defective white firs.","","226286","1","","","8800.0 ft","Public National Forest","45.1'","Clinometer/laser rangefinder/sine","3.0'","36''","","","Turner Sharp","2014-01-18","http%3A%2F%2Fwww.ents-bbs.org%2Fviewtopic.php%3Ff%3D175%26t%3D6745","N"
"White Fir","Abies concolor","Arizona","Coconino","Demotte Campground","","","Trees measured were 100 200 yards South West of the campground. It appears the forest Service had a fuel reduction cut in this area targeting mostly the smaller and defective white firs.","","226287","1","","","","Public National Forest","59.9'","Clinometer/laser rangefinder/sine","3.0'","36''","","","Turner Sharp","2014-01-18","http%3A%2F%2Fwww.ents-bbs.org%2Fviewtopic.php%3Ff%3D175%26t%3D6745","N"
"Ponderosa Pine","Pinus ponderosa var. scopulorum","Arizona","Coconino","Flagstaff Snow Bowl Road","35 18.747","-111 43.304","","","320686","1","35 18.747","-111 43.304","8735.0 ft","Public","127.0'","Clinometer/laser rangefinder/sine","12.9'","155''","","May be subsp. brachyptera","Elijah Whitcomb","2025-01-21","","N"
"Quaking Aspen","Populus tremuloides","Arizona","Coconino","Flagstaff Snow Bowl Road","35 18.688","-111 43.139","","","320689","1","35 18.688","-111 43.139","8700.0 ft","Public","82.3'","Clinometer/laser rangefinder/sine","3.8'","46''","","","Elijah Whitcomb","2025-01-21","","N"
"Rocky Mountain Douglas-Fir","Pseudotsuga menziesii var. glauca","Arizona","Coconino","Flagstaff Snow Bowl Road","35 19.098","-111 43.264","","","320687","1","35 19.098","-111 43.264","8925.0 ft","Public","108.0'","Clinometer/laser rangefinder/sine","12.4'","148''","","","Elijah Whitcomb","2025-01-21","","N"
"Rocky Mountain Douglas-Fir","Pseudotsuga menziesii var. glauca","Arizona","Coconino","Flagstaff Snow Bowl Road","35 18.764","-111 43.284","","","320688","1","35 18.764","-111 43.284","8735.0 ft","Public","128.0'","Clinometer/laser rangefinder/sine","","","","Dead as of 1/25; double trunk","Elijah Whitcomb","2025-01-21","","N"
"Southwestern White Pine","Pinus strobiformis","Arizona","Coconino","Flagstaff Snow Bowl Road","35 19.086","-111 43.285","","","320684","1","35 19.086","-111 43.285","8945.0 ft","Public","102.3'","Clinometer/laser rangefinder/sine","10.1'","121''","","","Elijah Whitcomb","2025-01-21","","N"
"Southwestern White Pine","Pinus strobiformis","Arizona","Coconino","Flagstaff Snow Bowl Road","35 19.134","-111 43.274","","","320685","1","35 19.134","-111 43.274","8930.0 ft","Public","104.2'","Clinometer/laser rangefinder/sine","9.2'","110''","","","Elijah Whitcomb","2025-01-21","","N"
"Twoneedle Pinyon","Pinus edulis","Arizona","Coconino","Forest Service Road (FS 220)","","","Trees were measured on both sides of FS 220 near the intersection of US 89A","","220325","1","","","6700.0 ft","Public -  National Forest","25.3'","Clinometer/laser rangefinder/sine","2.0'","25''","","","Turner Sharp","2012-02-14","","N"
"Twoneedle Pinyon","Pinus edulis","Arizona","Coconino","Forest Service Road (FS 220)","","","Trees were measured on both sides of FS 220 near the intersection of US 89A","","220324","1","","","6700.0 ft","Public -  National Forest","25.5'","Clinometer/laser rangefinder/sine","2.3'","28''","","","Turner Sharp","2012-02-14","","N"
"Twoneedle Pinyon","Pinus edulis","Arizona","Coconino","Forest Service Road (FS 220)","","","Trees were measured on both sides of FS 220 near the intersection of US 89A","","220327","1","","","6700.0 ft","Public -  National Forest","27.2'","Clinometer/laser rangefinder/sine","3.4'","40''","","","Turner Sharp","2012-02-14","","N"
"Twoneedle Pinyon","Pinus edulis","Arizona","Coconino","Forest Service Road (FS 220)","36 44.554","-112 06.734","Trees were measured on both sides of FS 220 near the intersection of US 89A","","220321","1","36 44.554","-112 06.734","6700.0 ft","Public -  National Forest","29.0'","Clinometer/laser rangefinder/sine","5.3'","63''","","","Turner Sharp","2012-02-14","","N"
"Twoneedle Pinyon","Pinus edulis","Arizona","Coconino","Forest Service Road (FS 220)","","","Trees were measured on both sides of FS 220 near the intersection of US 89A","","220328","1","","","6700.0 ft","Public -  National Forest","30.8'","Clinometer/laser rangefinder/sine","4.1'","49''","","","Turner Sharp","2012-02-14","","N"
"Utah Juniper","Juniperus osteosperma","Arizona","Coconino","Forest Service Road (FS 220)","","","Trees were measured on both sides of FS 220 near the intersection of US 89A","","220323","1","","","6700.0 ft","Public -  National Forest","24.0'","Clinometer/laser rangefinder/sine","4.2'","50''","","","Turner Sharp","2012-02-14","","N"
"Utah Juniper","Juniperus osteosperma","Arizona","Coconino","Forest Service Road (FS 220)","","","Trees were measured on both sides of FS 220 near the intersection of US 89A","","220326","1","","","6700.0 ft","Public -  National Forest","24.0'","Clinometer/laser rangefinder/sine","4.3'","52''","","Girth taken at 3 1/2' above mid slope","Turner Sharp","2012-02-14","","N"
"Utah Juniper","Juniperus osteosperma","Arizona","Coconino","Forest Service Road (FS 220)","","","Trees were measured on both sides of FS 220 near the intersection of US 89A","","220329","1","","","6700.0 ft","Public -  National Forest","24.0'","Clinometer/laser rangefinder/sine","3.3'","40''","","Girth taken at 2 1/2' mid slope","Turner Sharp","2012-02-14","","N"
"Utah Juniper","Juniperus osteosperma","Arizona","Coconino","Forest Service Road (FS 220)","","","Trees were measured on both sides of FS 220 near the intersection of US 89A","","220322","1","","","6700.0 ft","Public -  National Forest","31.7'","Clinometer/laser rangefinder/sine","2.7'","32''","","","Turner Sharp","2012-02-14","","N"
"Engelmann Spruce","Picea engelmannii","Arizona","Coconino","FS 230","","","Trees near Forest Service road (FS 230) near the intersection of FS 462","","226263","1","","","8800.0 ft","Public - National Forest","103.3'","Clinometer/laser rangefinder/sine","5.6'","67''","","","Turner Sharp, Mike Higgs","2014-06-19","http%3A%2F%2Fwww.ents-bbs.org%2Fviewtopic.php%3Ff%3D175%26t%3D6745","N"
"Engelmann Spruce","Picea engelmannii","Arizona","Coconino","FS 230","36 27.171","-112 08.883","Trees near Forest Service road (FS 230) near the intersection of FS 462","","226268","1","36 27.171","-112 08.883","8800.0 ft","Public - National Forest","126.0'","Clinometer/laser rangefinder/sine","6.3'","75''","","","Turner Sharp, Mike Higgs","2014-06-19","http%3A%2F%2Fwww.ents-bbs.org%2Fviewtopic.php%3Ff%3D175%26t%3D6745","N"
"Ponderosa Pine","Pinus ponderosa var. brachyptera","Arizona","Coconino","FS 230","","","Trees near Forest Service road (FS 230) near the intersection of FS 462","","226264","1","","","8800.0 ft","Public - National Forest","97.8'","Clinometer/laser rangefinder/sine","6.4'","77''","","","Turner Sharp, Mike Higgs","2014-06-19","http%3A%2F%2Fwww.ents-bbs.org%2Fviewtopic.php%3Ff%3D175%26t%3D6745","N"
"Ponderosa Pine","Pinus ponderosa var. brachyptera","Arizona","Coconino","FS 230","","","Trees near Forest Service road (FS 230) near the intersection of FS 462","","226271","1","","","8800.0 ft","Public - National Forest","106.9'","Clinometer/laser rangefinder/sine","6.9'","82''","","","Turner Sharp, Mike Higgs","2014-06-19","http%3A%2F%2Fwww.ents-bbs.org%2Fviewtopic.php%3Ff%3D175%26t%3D6745","N"
"Quaking Aspen","Populus tremuloides","Arizona","Coconino","FS 230","","","Trees near Forest Service road (FS 230) near the intersection of FS 462","","226266","1","","","8800.0 ft","Public - National Forest","77.1'","Clinometer/laser rangefinder/sine","4.9'","58''","","","Turner Sharp, Mike Higgs","2014-06-19","http%3A%2F%2Fwww.ents-bbs.org%2Fviewtopic.php%3Ff%3D175%26t%3D6745","N"
"Quaking Aspen","Populus tremuloides","Arizona","Coconino","FS 230","","","Trees near Forest Service road (FS 230) near the intersection of FS 462","","226265","1","","","8800.0 ft","Public - National Forest","86.4'","Clinometer/laser rangefinder/sine","6.7'","80''","","","Turner Sharp, Mike Higgs","2014-06-19","http%3A%2F%2Fwww.ents-bbs.org%2Fviewtopic.php%3Ff%3D175%26t%3D6745","N"
"White Fir","Abies concolor","Arizona","Coconino","FS 230","","","Trees near Forest Service road (FS 230) near the intersection of FS 462","","226270","1","","","8800.0 ft","Public - National Forest","42.6'","Clinometer/laser rangefinder/sine","2.7'","32''","","","Turner Sharp, Mike Higgs","2014-06-19","http%3A%2F%2Fwww.ents-bbs.org%2Fviewtopic.php%3Ff%3D175%26t%3D6745","N"
"White Fir","Abies concolor","Arizona","Coconino","FS 230","","","Trees near Forest Service road (FS 230) near the intersection of FS 462","","226269","1","","","8800.0 ft","Public - National Forest","43.3'","Clinometer/laser rangefinder/sine","2.6'","31''","","","Turner Sharp, Mike Higgs","2014-06-19","http%3A%2F%2Fwww.ents-bbs.org%2Fviewtopic.php%3Ff%3D175%26t%3D6745","N"
"White Fir","Abies concolor","Arizona","Coconino","FS 230","","","Trees near Forest Service road (FS 230) near the intersection of FS 462","","226267","1","","","8800.0 ft","Public - National Forest","68.1'","Clinometer/laser rangefinder/sine","3.5'","42''","","","Turner Sharp, Mike Higgs","2014-06-19","http%3A%2F%2Fwww.ents-bbs.org%2Fviewtopic.php%3Ff%3D175%26t%3D6745","N"
"Engelmann Spruce","Picea engelmannii","Arizona","Coconino","Grand Canyon -  North Rim","36 17.743","-112 05.258","","","96560","1","36 17.743","-112 05.258","8900.0 ft","Public","94.8'","Clinometer/laser rangefinder/sine","6.3'","76''","","","Turner Sharp","2015-06-02","","N"
"Ponderosa Pine","Pinus ponderosa var. brachyptera","Arizona","Coconino","Grand Canyon -  North Rim","36 17.505","-112 05.092","","","96542","1","36 17.505","-112 05.092","8800.0 ft","Public","8.0'","Clinometer/laser rangefinder/sine","9.8'","117''","","","Turner Sharp","2015-06-02","","N"
"Ponderosa Pine","Pinus ponderosa var. brachyptera","Arizona","Coconino","Grand Canyon -  North Rim","","","","","96557","1","","","8800.0 ft","Public","91.5'","Clinometer/laser rangefinder/sine","9.8'","118''","","","Turner Sharp","2015-06-02","","N"
"Ponderosa Pine","Pinus ponderosa var. brachyptera","Arizona","Coconino","Grand Canyon -  North Rim","","","","","96559","1","","","8800.0 ft","Public","91.8'","Clinometer/laser rangefinder/sine","9.0'","108''","","","Turner Sharp","2015-06-02","","N"
"Ponderosa Pine","Pinus ponderosa var. brachyptera","Arizona","Coconino","Grand Canyon -  North Rim","","","","","96547","1","","","8800.0 ft","Public","92.0'","Clinometer/laser rangefinder/sine","7.1'","86''","","","Turner Sharp","2015-06-02","","N"
"Ponderosa Pine","Pinus ponderosa var. brachyptera","Arizona","Coconino","Grand Canyon -  North Rim","","","","","96548","1","","","8800.0 ft","Public","96.2'","Clinometer/laser rangefinder/sine","6.2'","74''","","","Turner Sharp","2015-06-02","","N"
"Ponderosa Pine","Pinus ponderosa var. brachyptera","Arizona","Coconino","Grand Canyon -  North Rim","","","","","96556","1","","","8800.0 ft","Public","98.6'","Clinometer/laser rangefinder/sine","9.0'","108''","","","Turner Sharp","2015-06-02","","N"
"Ponderosa Pine","Pinus ponderosa var. brachyptera","Arizona","Coconino","Grand Canyon -  North Rim","","","","","96543","1","","","8800.0 ft","Public","99.0'","Clinometer/laser rangefinder/sine","8.8'","106''","","","Turner Sharp","2015-06-02","","N"
"Ponderosa Pine","Pinus ponderosa var. brachyptera","Arizona","Coconino","Grand Canyon -  North Rim","","","","","96555","1","","","8800.0 ft","Public","101.5'","Clinometer/laser rangefinder/sine","9.1'","109''","","","Turner Sharp","2015-06-02","","N"
"Ponderosa Pine","Pinus ponderosa var. brachyptera","Arizona","Coconino","Grand Canyon -  North Rim","","","","","96562","1","","","8800.0 ft","Public","104.5'","Clinometer/laser rangefinder/sine","9.3'","112''","","","Turner Sharp","2015-06-02","","N"
"Ponderosa Pine","Pinus ponderosa var. brachyptera","Arizona","Coconino","Grand Canyon -  North Rim","","","","","96553","1","","","8800.0 ft","Public","107.3'","Clinometer/laser rangefinder/sine","9.6'","116''","","","Turner Sharp","2015-06-02","","N"
"Ponderosa Pine","Pinus ponderosa var. brachyptera","Arizona","Coconino","Grand Canyon -  North Rim","","","","","96561","1","","","8800.0 ft","Public","113.7'","Clinometer/laser rangefinder/sine","10.1'","122''","","","Turner Sharp","2015-06-02","","N"
"Quaking Aspen","Populus tremuloides","Arizona","Coconino","Grand Canyon -  North Rim","","","","","96554","1","","","8800.0 ft","Public","71.8'","Clinometer/laser rangefinder/sine","4.7'","57''","","","Turner Sharp","2015-06-02","","N"
"Quaking Aspen","Populus tremuloides","Arizona","Coconino","Grand Canyon -  North Rim","","","","","96552","1","","","8800.0 ft","Public","73.3'","Clinometer/laser rangefinder/sine","3.9'","47''","","","Turner Sharp","2015-06-02","","N"
"Quaking Aspen","Populus tremuloides","Arizona","Coconino","Grand Canyon -  North Rim","","","","","96546","1","","","","Public","75.8'","Clinometer/laser rangefinder/sine","3.9'","47''","","","Turner Sharp","2015-06-02","","N"
"Quaking Aspen","Populus tremuloides","Arizona","Coconino","Grand Canyon -  North Rim","","","","","96551","1","","","8800.0 ft","Public","76.5'","Clinometer/laser rangefinder/sine","4.5'","54''","","","Turner Sharp","2015-06-02","","N"
"Quaking Aspen","Populus tremuloides","Arizona","Coconino","Grand Canyon -  North Rim","","","","","96558","1","","","8800.0 ft","Public","79.3'","Clinometer/laser rangefinder/sine","4.7'","56''","","","Turner Sharp","2015-06-02","","N"
"Rocky Mountain Douglas-Fir","Pseudotsuga menziesii var. glauca","Arizona","Coconino","Grand Canyon -  North Rim","","","","","96549","1","","","8800.0 ft","Public","88.1'","Clinometer/laser rangefinder/sine","11.0'","132''","","Tree was dead, bark and top intact","Turner Sharp","2015-06-02","","N"
"Rocky Mountain Douglas-Fir","Pseudotsuga menziesii var. glauca","Arizona","Coconino","Grand Canyon -  North Rim","","","","","96544","1","","","8800.0 ft","Public","94.7'","Clinometer/laser rangefinder/sine","7.8'","93''","","","Turner Sharp","2015-06-02","","N"
"Rocky Mountain Douglas-Fir","Pseudotsuga menziesii var. glauca","Arizona","Coconino","Grand Canyon -  North Rim","","","","","96550","1","","","8800.0 ft","Public","98.1'","Clinometer/laser rangefinder/sine","8.4'","101''","","","Turner Sharp","2015-06-02","","N"
"Rocky Mountain Douglas-Fir","Pseudotsuga menziesii var. glauca","Arizona","Coconino","Grand Canyon -  North Rim","","","","","96545","1","","","8800.0 ft","Public","99.1'","Clinometer/laser rangefinder/sine","7.1'","85''","","","Turner Sharp","2015-06-02","","N"
"Ponderosa Pine","Pinus ponderosa var. brachyptera","Arizona","Coconino","Grand Canyon - South Rim","36 00.354","-112 07.140","","","46440","1","36 00.354","-112 07.140","6800.0 ft","Public - National Park","64.5'","Clinometer/laser rangefinder/sine","8.0'","96''","","","Turner Sharp","2012-02-15","","N"
"Ponderosa Pine","Pinus ponderosa var. brachyptera","Arizona","Coconino","Grand Canyon - South Rim","","","","","46443","1","","","6800.0 ft","Public - National Park","71.8'","Clinometer/laser rangefinder/sine","7.8'","93''","","","Turner Sharp","2012-02-15","","N"
"Ponderosa Pine","Pinus ponderosa var. brachyptera","Arizona","Coconino","Grand Canyon - South Rim","","","","","46441","1","","","6800.0 ft","Public - National Park","76.6'","Clinometer/laser rangefinder/sine","8.9'","107''","","","Turner Sharp","2012-02-15","","N"
"Ponderosa Pine","Pinus ponderosa var. brachyptera","Arizona","Coconino","Grand Canyon - South Rim","","","","","46442","1","","","6800.0 ft","Public - National Park","77.6'","Clinometer/laser rangefinder/sine","8.4'","101''","","","Turner Sharp","2012-02-15","","N"
"Gambel Oak","Quercus gambelii var. gambelii","Arizona","Coconino","Guard Station Road","34 54.407","-111 26.334","Also known as Ranger Road","","131006","1","34 54.407","-111 26.334","7200.0 ft","Public - National","40.3'","Clinometer/laser rangefinder/sine","4.8'","58''","","","Turner Sharp","2016-09-20","","N"
"Gambel Oak","Quercus gambelii var. gambelii","Arizona","Coconino","Guard Station Road","34 54.362","-111 26.317","Also known as Ranger Road","","131007","1","34 54.362","-111 26.317","7200.0 ft","Public - National","44.6'","Clinometer/laser rangefinder/sine","4.8'","57''","","","Turner Sharp","2016-09-20","","N"
"Ponderosa Pine","Pinus ponderosa var. brachyptera","Arizona","Coconino","Guard Station Road","34 54.345","-111 26.299","Also known as Ranger Road","","131004","1","34 54.345","-111 26.299","7200.0 ft","Public - National","83.4'","Clinometer/laser rangefinder/sine","8.3'","99''","","","Turner Sharp","2016-09-20","","N"
"Ponderosa Pine","Pinus ponderosa var. brachyptera","Arizona","Coconino","Guard Station Road","34 54.374","-111 26.302","Also known as Ranger Road","","131003","1","34 54.374","-111 26.302","7200.0 ft","Public - National","95.6'","Clinometer/laser rangefinder/sine","10.8'","130''","","","Turner Sharp","2016-09-20","","N"
"Ponderosa Pine","Pinus ponderosa var. brachyptera","Arizona","Coconino","Guard Station Road","34 54.354","-111 26.311","Also known as Ranger Road","","131005","1","34 54.354","-111 26.311","7200.0 ft","Public - National","98.6'","Clinometer/laser rangefinder/sine","10.5'","126''","","","Turner Sharp","2016-09-20","","N"
"Ponderosa Pine","Pinus ponderosa var. brachyptera","Arizona","Coconino","Guard Station Road","","","Also known as Ranger Road","","131002","1","","","7200.0 ft","Public - National","99.1'","Clinometer/laser rangefinder/sine","10.7'","128''","","Tree dead with bark intact.","Turner Sharp","2016-09-20","","N"
"Ponderosa Pine","Pinus ponderosa var. brachyptera","Arizona","Coconino","Kaibab Lake","","","High percent of trees over 9' circumference are dead or dying. Trees were measured between the group campground and the lake","","130930","1","","","6000.0 ft","Public - National Forest","","Clinometer/laser rangefinder/sine","8.9'","107''","","Tree dead, top out, bark intact","Turner Sharp","2014-06-30","http%3A%2F%2Fwww.ents-bbs.org%2Fviewtopic.php%3Ff%3D175%26t%3D6745","N"
"Ponderosa Pine","Pinus ponderosa var. brachyptera","Arizona","Coconino","Kaibab Lake","","","High percent of trees over 9' circumference are dead or dying. Trees were measured between the group campground and the lake","","130932","1","","","6000.0 ft","Public - National Forest","","Clinometer/laser rangefinder/sine","8.4'","101''","","Tree dead, top out, bark intact.","Turner Sharp","2014-06-30","http%3A%2F%2Fwww.ents-bbs.org%2Fviewtopic.php%3Ff%3D175%26t%3D6745","N"
"Ponderosa Pine","Pinus ponderosa var. brachyptera","Arizona","Coconino","Kaibab Lake","","","High percent of trees over 9' circumference are dead or dying. Trees were measured between the group campground and the lake","","130933","1","","","6000.0 ft","Public - National Forest","","Clinometer/laser rangefinder/sine","9.9'","119''","","Tree dead, top out, bark intact.","Turner Sharp","2014-06-30","http%3A%2F%2Fwww.ents-bbs.org%2Fviewtopic.php%3Ff%3D175%26t%3D6745","N"
"Ponderosa Pine","Pinus ponderosa var. brachyptera","Arizona","Coconino","Kaibab Lake","","","High percent of trees over 9' circumference are dead or dying. Trees were measured between the group campground and the lake","","130937","1","","","6000.0 ft","Public - National Forest","","Clinometer/laser rangefinder/sine","9.8'","118''","","Tree dead, top out, bark intact.","Turner Sharp","2014-06-30","http%3A%2F%2Fwww.ents-bbs.org%2Fviewtopic.php%3Ff%3D175%26t%3D6745","N"
"Ponderosa Pine","Pinus ponderosa var. brachyptera","Arizona","Coconino","Kaibab Lake","","","High percent of trees over 9' circumference are dead or dying. Trees were measured between the group campground and the lake","","130934","1","","","6000.0 ft","Public - National Forest","71.8'","Clinometer/laser rangefinder/sine","8.2'","99''","","","Turner Sharp","2014-06-30","http%3A%2F%2Fwww.ents-bbs.org%2Fviewtopic.php%3Ff%3D175%26t%3D6745","N"
"Ponderosa Pine","Pinus ponderosa var. brachyptera","Arizona","Coconino","Kaibab Lake","","","High percent of trees over 9' circumference are dead or dying. Trees were measured between the group campground and the lake","","130928","1","","","6000.0 ft","Public - National Forest","73.1'","Clinometer/laser rangefinder/sine","8.0'","96''","","","Turner Sharp","2014-06-30","http%3A%2F%2Fwww.ents-bbs.org%2Fviewtopic.php%3Ff%3D175%26t%3D6745","N"
"Ponderosa Pine","Pinus ponderosa var. brachyptera","Arizona","Coconino","Kaibab Lake","","","High percent of trees over 9' circumference are dead or dying. Trees were measured between the group campground and the lake","","130939","1","","","6000.0 ft","Public - National Forest","77.3'","Clinometer/laser rangefinder/sine","8.0'","96''","","","Turner Sharp","2014-06-30","http%3A%2F%2Fwww.ents-bbs.org%2Fviewtopic.php%3Ff%3D175%26t%3D6745","N"
"Ponderosa Pine","Pinus ponderosa var. brachyptera","Arizona","Coconino","Kaibab Lake","35 17.080","-112 09.088","High percent of trees over 9' circumference are dead or dying. Trees were measured between the group campground and the lake","","130941","1","35 17.080","-112 09.088","6000.0 ft","Public - National Forest","79.5'","Clinometer/laser rangefinder/sine","7.6'","91''","","","Turner Sharp","2014-06-30","http%3A%2F%2Fwww.ents-bbs.org%2Fviewtopic.php%3Ff%3D175%26t%3D6745","N"
"Ponderosa Pine","Pinus ponderosa var. brachyptera","Arizona","Coconino","Kaibab Lake","","","High percent of trees over 9' circumference are dead or dying. Trees were measured between the group campground and the lake","","130927","1","","","6000.0 ft","Public - National Forest","80.5'","Clinometer/laser rangefinder/sine","8.9'","107''","","","Turner Sharp","2014-06-30","http%3A%2F%2Fwww.ents-bbs.org%2Fviewtopic.php%3Ff%3D175%26t%3D6745","N"
"Ponderosa Pine","Pinus ponderosa var. brachyptera","Arizona","Coconino","Kaibab Lake","","","High percent of trees over 9' circumference are dead or dying. Trees were measured between the group campground and the lake","","130935","1","","","6000.0 ft","Public - National Forest","81.3'","Clinometer/laser rangefinder/sine","7.9'","95''","","","Turner Sharp","2014-06-30","http%3A%2F%2Fwww.ents-bbs.org%2Fviewtopic.php%3Ff%3D175%26t%3D6745","N"
"Ponderosa Pine","Pinus ponderosa var. brachyptera","Arizona","Coconino","Kaibab Lake","","","High percent of trees over 9' circumference are dead or dying. Trees were measured between the group campground and the lake","","130931","1","","","6000.0 ft","Public - National Forest","82.3'","Clinometer/laser rangefinder/sine","9.0'","108''","","","Turner Sharp","2014-06-30","http%3A%2F%2Fwww.ents-bbs.org%2Fviewtopic.php%3Ff%3D175%26t%3D6745","N"
"Ponderosa Pine","Pinus ponderosa var. brachyptera","Arizona","Coconino","Kaibab Lake","","","High percent of trees over 9' circumference are dead or dying. Trees were measured between the group campground and the lake","","130929","1","","","6000.0 ft","Public - National Forest","82.9'","Clinometer/laser rangefinder/sine","8.7'","105''","","","Turner Sharp","2014-06-30","http%3A%2F%2Fwww.ents-bbs.org%2Fviewtopic.php%3Ff%3D175%26t%3D6745","N"
"Ponderosa Pine","Pinus ponderosa var. brachyptera","Arizona","Coconino","Kaibab Lake","","","High percent of trees over 9' circumference are dead or dying. Trees were measured between the group campground and the lake","","130940","1","","","6000.0 ft","Public - National Forest","84.5'","Clinometer/laser rangefinder/sine","8.1'","98''","","","Turner Sharp","2014-06-30","http%3A%2F%2Fwww.ents-bbs.org%2Fviewtopic.php%3Ff%3D175%26t%3D6745","N"
"Ponderosa Pine","Pinus ponderosa var. brachyptera","Arizona","Coconino","Kaibab Lake","","","High percent of trees over 9' circumference are dead or dying. Trees were measured between the group campground and the lake","","130936","1","","","6000.0 ft","Public - National Forest","89.6'","Clinometer/laser rangefinder/sine","9.6'","115''","","","Turner Sharp","2014-06-30","http%3A%2F%2Fwww.ents-bbs.org%2Fviewtopic.php%3Ff%3D175%26t%3D6745","N"
"Ponderosa Pine","Pinus ponderosa var. brachyptera","Arizona","Coconino","Kaibab Lake","","","High percent of trees over 9' circumference are dead or dying. Trees were measured between the group campground and the lake","","130938","1","","","6000.0 ft","Public - National Forest","92.2'","Clinometer/laser rangefinder/sine","9.0'","108''","","","Turner Sharp","2014-06-30","http%3A%2F%2Fwww.ents-bbs.org%2Fviewtopic.php%3Ff%3D175%26t%3D6745","N"
"Gambel Oak","Quercus gambelii var. gambelii","Arizona","Coconino","Little Elden Springs","","","","","130925","1","","","7200.0 ft","Public National Forest","35.8'","Clinometer/laser rangefinder/sine","7.6'","92''","","","Turner Sharp","2014-06-22","http%3A%2F%2Fwww.ents-bbs.org%2Fviewtopic.php%3Ff%3D175%26t%3D6745","N"
"Gambel Oak","Quercus gambelii var. gambelii","Arizona","Coconino","Little Elden Springs","","","","","130926","1","","","7200.0 ft","Public National Forest","56.6'","Clinometer/laser rangefinder/sine","8.9'","107''","","","Turner Sharp","2014-06-22","http%3A%2F%2Fwww.ents-bbs.org%2Fviewtopic.php%3Ff%3D175%26t%3D6745","N"
"Ponderosa Pine","Pinus ponderosa var. brachyptera","Arizona","Coconino","Little Elden Springs","","","","","130921","1","","","7200.0 ft","Public National Forest","77.4'","Clinometer/laser rangefinder/sine","10.9'","131''","","","Turner Sharp","2014-06-22","http%3A%2F%2Fwww.ents-bbs.org%2Fviewtopic.php%3Ff%3D175%26t%3D6745","N"
"Ponderosa Pine","Pinus ponderosa var. brachyptera","Arizona","Coconino","Little Elden Springs","35 16.672","-111 34.758","","","130920","1","35 16.672","-111 34.758","7200.0 ft","Public National Forest","83.5'","Clinometer/laser rangefinder/sine","9.7'","116''","","","Turner Sharp","2014-06-22","http%3A%2F%2Fwww.ents-bbs.org%2Fviewtopic.php%3Ff%3D175%26t%3D6745","N"
"Ponderosa Pine","Pinus ponderosa var. brachyptera","Arizona","Coconino","Little Elden Springs","","","","","130924","1","","","7200.0 ft","Public National Forest","89.1'","Clinometer/laser rangefinder/sine","10.4'","125''","","","Turner Sharp","2014-06-22","http%3A%2F%2Fwww.ents-bbs.org%2Fviewtopic.php%3Ff%3D175%26t%3D6745","N"
"Ponderosa Pine","Pinus ponderosa var. brachyptera","Arizona","Coconino","Little Elden Springs","","","","","130923","1","","","7200.0 ft","Public National Forest","93.6'","Clinometer/laser rangefinder/sine","9.8'","118''","","","Turner Sharp","2014-06-22","http%3A%2F%2Fwww.ents-bbs.org%2Fviewtopic.php%3Ff%3D175%26t%3D6745","N"
"Ponderosa Pine","Pinus ponderosa var. brachyptera","Arizona","Coconino","Little Elden Springs","","","","","130922","1","","","7200.0 ft","Public National Forest","98.6'","Clinometer/laser rangefinder/sine","11.4'","136''","","","Turner Sharp","2014-06-22","http%3A%2F%2Fwww.ents-bbs.org%2Fviewtopic.php%3Ff%3D175%26t%3D6745","N"
"Ponderosa Pine","Pinus ponderosa var. brachyptera","Arizona","Coconino","Locket Meadow","35 21.775","-111 37.249","","","130915","1","35 21.775","-111 37.249","8500.0 ft","Public - National Forest","79.7'","Clinometer/laser rangefinder/sine","13.0'","156''","","","Turner Sharp","2014-06-22","http%3A%2F%2Fwww.ents-bbs.org%2Fviewtopic.php%3Ff%3D175%26t%3D6745","N"
"Ponderosa Pine","Pinus ponderosa var. brachyptera","Arizona","Coconino","Locket Meadow","","","","","130916","1","","","8500.0 ft","Public - National Forest","84.7'","Clinometer/laser rangefinder/sine","9.9'","119''","","","Turner Sharp","2014-06-22","http%3A%2F%2Fwww.ents-bbs.org%2Fviewtopic.php%3Ff%3D175%26t%3D6745","N"
"Ponderosa Pine","Pinus ponderosa var. brachyptera","Arizona","Coconino","Locket Meadow","","","","","130914","1","","","8500.0 ft","Public - National Forest","87.9'","Clinometer/laser rangefinder/sine","8.3'","100''","","","Turner Sharp","2014-06-22","http%3A%2F%2Fwww.ents-bbs.org%2Fviewtopic.php%3Ff%3D175%26t%3D6745","N"
"Ponderosa Pine","Pinus ponderosa var. brachyptera","Arizona","Coconino","Locket Meadow","","","","","130919","1","","","8500.0 ft","Public - National Forest","88.9'","Clinometer/laser rangefinder/sine","11.1'","133''","","","Turner Sharp","2014-06-22","http%3A%2F%2Fwww.ents-bbs.org%2Fviewtopic.php%3Ff%3D175%26t%3D6745","N"
"Ponderosa Pine","Pinus ponderosa var. brachyptera","Arizona","Coconino","Locket Meadow","","","","","130917","1","","","8500.0 ft","Public - National Forest","100.3'","Clinometer/laser rangefinder/sine","13.1'","157''","","","Turner Sharp","2014-06-22","http%3A%2F%2Fwww.ents-bbs.org%2Fviewtopic.php%3Ff%3D175%26t%3D6745","N"
"Ponderosa Pine","Pinus ponderosa var. brachyptera","Arizona","Coconino","Locket Meadow","35 21.743","-111 37.357","","","130918","1","35 21.743","-111 37.357","8500.0 ft","Public - National Forest","103.5'","Clinometer/laser rangefinder/sine","11.7'","140''","","","Turner Sharp","2014-06-22","http%3A%2F%2Fwww.ents-bbs.org%2Fviewtopic.php%3Ff%3D175%26t%3D6745","N"
"Quaking Aspen","Populus tremuloides","Arizona","Coconino","Locket Meadow","","","","","130911","1","","","8500.0 ft","Public - National Forest","73.7'","Clinometer/laser rangefinder/sine","8.0'","96''","","","Turner Sharp","2014-06-22","http%3A%2F%2Fwww.ents-bbs.org%2Fviewtopic.php%3Ff%3D175%26t%3D6745","N"
"Quaking Aspen","Populus tremuloides","Arizona","Coconino","Locket Meadow","","","","","130910","1","","","8500.0 ft","Public - National Forest","76.1'","Clinometer/laser rangefinder/sine","7.8'","93''","","","Turner Sharp","2014-06-22","http%3A%2F%2Fwww.ents-bbs.org%2Fviewtopic.php%3Ff%3D175%26t%3D6745","N"
"Southwestern White Pine","Pinus strobiformis var. reflexa","Arizona","Coconino","Locket Meadow","35 21.836","-111 37.307","","","130913","1","35 21.836","-111 37.307","8500.0 ft","Public - National Forest","82.0'","Clinometer/laser rangefinder/sine","8.6'","103''","","","Turner Sharp","2014-06-22","http%3A%2F%2Fwww.ents-bbs.org%2Fviewtopic.php%3Ff%3D175%26t%3D6745","N"
"Southwestern White Pine","Pinus strobiformis var. reflexa","Arizona","Coconino","Locket Meadow","","","","","130912","1","","","8500.0 ft","Public - National Forest","86.9'","Clinometer/laser rangefinder/sine","8.8'","105''","","","Turner Sharp","2014-06-22","http%3A%2F%2Fwww.ents-bbs.org%2Fviewtopic.php%3Ff%3D175%26t%3D6745","N"
"Gambel Oak","Quercus gambelii var. gambelii","Arizona","Coconino","Long Valley Experimental Forest","34 33.374","-111 19.408","","","131013","1","34 33.374","-111 19.408","7000.0 ft","Public - National","51.5'","Clinometer/laser rangefinder/sine","5.5'","66''","","","Turner Sharp","2016-09-22","","N"
"Ponderosa Pine","Pinus ponderosa var. brachyptera","Arizona","Coconino","Long Valley Experimental Forest","34 33.394","-111 19.421","","","131012","1","34 33.394","-111 19.421","7000.0 ft","Public - National","87.4'","Clinometer/laser rangefinder/sine","7.9'","95''","","","Turner Sharp","2016-09-22","","N"
"Ponderosa Pine","Pinus ponderosa var. brachyptera","Arizona","Coconino","Long Valley Experimental Forest","","","","","131008","1","","","7000.0 ft","Public - National","100.7'","Clinometer/laser rangefinder/sine","6.7'","80''","","","Turner Sharp","2016-09-22","","N"
"Ponderosa Pine","Pinus ponderosa var. brachyptera","Arizona","Coconino","Long Valley Experimental Forest","","","","","131011","1","","","7000.0 ft","Public - National","101.4'","Clinometer/laser rangefinder/sine","6.6'","79''","","","Turner Sharp","2016-09-22","","N"
"Ponderosa Pine","Pinus ponderosa var. brachyptera","Arizona","Coconino","Long Valley Experimental Forest","","","","","131010","1","","","7000.0 ft","Public - National","102.1'","Clinometer/laser rangefinder/sine","7.1'","85''","","","Turner Sharp","2016-09-22","","N"
"Ponderosa Pine","Pinus ponderosa var. brachyptera","Arizona","Coconino","Long Valley Experimental Forest","","","","","131009","1","","","7000.0 ft","Public - National","104.0'","Clinometer/laser rangefinder/sine","6.4'","77''","","","Turner Sharp","2016-09-22","","N"
"Alligator Juniper","Juniperus deppeana","Arizona","Coconino","Oak Creek Canyon","","","","","96828","1","","","","Public National Forest","20.2'","Clinometer/laser rangefinder/sine","5.3'","63''","","","Turner Sharp","2012-02-18","","N"
"Arizona Alder","Alnus oblongifolia","Arizona","Coconino","Oak Creek Canyon","","","","","96810","1","","","5600.0 ft","Public National Forest","65.1'","Clinometer/laser rangefinder/sine","4.6'","55''","","","Turner Sharp","2012-02-18","","N"
"Arizona Alder","Alnus oblongifolia","Arizona","Coconino","Oak Creek Canyon","","","","","96811","1","","","5600.0 ft","Public National Forest","67.7'","Clinometer/laser rangefinder/sine","4.5'","54''","","","Turner Sharp","2012-02-18","","N"
"Arizona Alder","Alnus oblongifolia","Arizona","Coconino","Oak Creek Canyon","","","","","121515","1","","","4900.0 ft","Public National Forest","78.6'","Clinometer/laser rangefinder/sine","6.8'","81''","","Near Manzanita Campground","Turner Sharp","2015-06-02","","N"
"Arizona Alder","Alnus oblongifolia","Arizona","Coconino","Oak Creek Canyon","","","","","121526","1","","","5400.0 ft","Public National Forest","80.2'","Clinometer/laser rangefinder/sine","","","","Near Cave Springs Campground","Turner Sharp","2015-06-02","","N"
"Arizona Alder","Alnus oblongifolia","Arizona","Coconino","Oak Creek Canyon","","","","","121524","1","","","5400.0 ft","Public National Forest","81.6'","Clinometer/laser rangefinder/sine","9.2'","110''","","Near Cave Springs Campground","Turner Sharp","2015-06-02","","N"
"Arizona Alder","Alnus oblongifolia","Arizona","Coconino","Oak Creek Canyon","","","","","121529","1","","","5400.0 ft","Public National Forest","85.0'","Clinometer/laser rangefinder/sine","9.5'","114''","","Near Cave Springs Campground","Turner Sharp","2015-06-02","","N"
"Arizona Alder","Alnus oblongifolia","Arizona","Coconino","Oak Creek Canyon","","","","","121517","1","","","4900.0 ft","Public National Forest","86.3'","Clinometer/laser rangefinder/sine","7.1'","85''","","Near Manzanita Campground","Turner Sharp","2015-06-02","","N"
"Arizona Alder","Alnus oblongifolia","Arizona","Coconino","Oak Creek Canyon","","","","","121516","1","","","4900.0 ft","Public National Forest","87.5'","Clinometer/laser rangefinder/sine","","","","Near Manzanita Campground","Turner Sharp","2015-06-02","","N"
"Arizona Boxelder","Acer negundo var. arizonicum","Arizona","Coconino","Oak Creek Canyon","","","","","96809","1","","","5600.0 ft","Public National Forest","26.7'","Clinometer/laser rangefinder/sine","2.1'","25''","","","Turner Sharp","2012-02-18","","N"
"Arizona Cypress","Hesperocyparis arizonica","Arizona","Coconino","Oak Creek Canyon","","","","","121535","1","","","5300.0 ft","Public National Forest","43.4'","Clinometer/laser rangefinder/sine","6.1'","73''","","Upstream of Slide Rock State Park","Turner Sharp","2015-06-02","","N"
"Arizona Cypress","Hesperocyparis arizonica","Arizona","Coconino","Oak Creek Canyon","","","","","121534","1","","","5300.0 ft","Public National Forest","54.2'","Clinometer/laser rangefinder/sine","","","","Upstream of Slide Rock State Park","Turner Sharp","2015-06-02","","N"
"Arizona Cypress","Hesperocyparis arizonica","Arizona","Coconino","Oak Creek Canyon","","","","","121537","1","","","5300.0 ft","Public National Forest","71.4'","Clinometer/laser rangefinder/sine","","","","Tree is in bottom near entrance to the West Fork of Oak Creek Canyon and near the location of the late Mayhew Resort (long gone)","Turner Sharp","2015-06-02","","N"
"Arizona Sycamore","Platanus wrightii","Arizona","Coconino","Oak Creek Canyon","35 00.880","-111 44.284","","","96804","1","35 00.880","-111 44.284","5600.0 ft","Public National Forest","83.1'","Clinometer/laser rangefinder/sine","8.4'","101''","","","Turner Sharp","2012-02-18","","N"
"Arizona Sycamore","Platanus wrightii","Arizona","Coconino","Oak Creek Canyon","","","","","96818","1","","","5400.0 ft","Public National Forest","83.6'","Clinometer/laser rangefinder/sine","","","","","Turner Sharp","2012-02-18","","N"
"Arizona Sycamore","Platanus wrightii","Arizona","Coconino","Oak Creek Canyon","","","","","121525","1","","","5400.0 ft","Public National Forest","91.0'","Clinometer/laser rangefinder/sine","7.9'","95''","","Near Cave Springs Campground","Turner Sharp","2015-06-02","","N"
"Arizona Sycamore","Platanus wrightii","Arizona","Coconino","Oak Creek Canyon","","","","","96825","1","","","5400.0 ft","Public National Forest","91.3'","Clinometer/laser rangefinder/sine","9.3'","112''","","38' to first limb","Turner Sharp","2012-02-18","","N"
"Arizona Sycamore","Platanus wrightii","Arizona","Coconino","Oak Creek Canyon","","","","","96815","1","","","5400.0 ft","Public National Forest","97.9'","Clinometer/laser rangefinder/sine","11.8'","142''","","","Turner Sharp","2012-02-18","","N"
"Arizona Sycamore","Platanus wrightii","Arizona","Coconino","Oak Creek Canyon","34 58.089","-111 45.025","","","96827","1","34 58.089","-111 45.025","5200.0 ft","Public National Forest","119.9'","Clinometer/laser rangefinder/sine","","","","","Turner Sharp","2012-02-18","","N"
"Arizona Walnut","Juglans major","Arizona","Coconino","Oak Creek Canyon","","","","","96808","1","","","5600.0 ft","Public National Forest","36.2'","Clinometer/laser rangefinder/sine","2.1'","25''","","","Turner Sharp","2012-02-18","","N"
"Arizona Walnut","Juglans major","Arizona","Coconino","Oak Creek Canyon","","","","","121519","1","","","4900.0 ft","Public National Forest","61.5'","Clinometer/laser rangefinder/sine","5.8'","69''","","Near Manzanita Campground","Turner Sharp","2015-06-02","","N"
"Arizona Walnut","Juglans major","Arizona","Coconino","Oak Creek Canyon","","","","","121532","1","","","6400.0 ft","Public National Forest","67.2'","Clinometer/laser rangefinder/sine","4.2'","50''","","Near Cave Springs Campground","Turner Sharp","2015-06-02","","N"
"Arizona Walnut","Juglans major","Arizona","Coconino","Oak Creek Canyon","35 00.713","-111 44.290","","","96812","1","35 00.713","-111 44.290","5600.0 ft","Public National Forest","68.2'","Clinometer/laser rangefinder/sine","7.3'","87''","","","Turner Sharp","2012-02-18","","N"
"Bigtooth Maple","Acer grandidentatum var. grandidentatum","Arizona","Coconino","Oak Creek Canyon","","","","","96823","1","","","5400.0 ft","Public National Forest","28.6'","Clinometer/laser rangefinder/sine","3.4'","41''","","","Turner Sharp","2012-02-18","","N"
"Bigtooth Maple","Acer grandidentatum var. grandidentatum","Arizona","Coconino","Oak Creek Canyon","","","","","96814","1","","","5400.0 ft","Public National Forest","55.6'","Clinometer/laser rangefinder/sine","2.7'","32''","","","Turner Sharp","2012-02-18","","N"
"Fremont Cottonwood","Populus fremontii ssp. fremontii","Arizona","Coconino","Oak Creek Canyon","","","","","96817","1","","","5400.0 ft","Public National Forest","75.9'","Clinometer/laser rangefinder/sine","8.9'","107''","","","Turner Sharp","2012-02-18","","N"
"Fremont Cottonwood","Populus fremontii ssp. fremontii","Arizona","Coconino","Oak Creek Canyon","34 53.581","-111 43.959","","","96830","1","34 53.581","-111 43.959","4800.0 ft","Public National Forest","101.3'","Clinometer/laser rangefinder/sine","9.8'","118''","","","Turner Sharp","2012-02-18","","N"
"Gambel Oak","Quercus gambelii var. gambelii","Arizona","Coconino","Oak Creek Canyon","","","","","96797","1","","","6300.0 ft","Public National Forest","59.4'","Clinometer/laser rangefinder/sine","3.9'","47''","","","Turner Sharp","2012-02-18","","N"
"Gambel Oak","Quercus gambelii var. gambelii","Arizona","Coconino","Oak Creek Canyon","","","","","96799","1","","","6300.0 ft","Public National Forest","59.8'","Clinometer/laser rangefinder/sine","4.3'","51''","","","Turner Sharp","2012-02-18","","N"
"Gambel Oak","Quercus gambelii var. gambelii","Arizona","Coconino","Oak Creek Canyon","","","","","121533","1","","","6400.0 ft","Public National Forest","74.4'","Clinometer/laser rangefinder/sine","6.4'","77''","","Near Cave Springs Campground","Turner Sharp","2015-06-02","","N"
"Gambel Oak","Quercus gambelii var. gambelii","Arizona","Coconino","Oak Creek Canyon","","","","","96805","1","","","5600.0 ft","Public National Forest","77.2'","Clinometer/laser rangefinder/sine","7.8'","94''","","","Turner Sharp","2012-02-18","","N"
"Gambel Oak","Quercus gambelii var. gambelii","Arizona","Coconino","Oak Creek Canyon","","","","","96807","1","","","5600.0 ft","Public National Forest","83.2'","Clinometer/laser rangefinder/sine","5.8'","69''","","","Turner Sharp","2012-02-18","","N"
"Gambel Oak","Quercus gambelii var. gambelii","Arizona","Coconino","Oak Creek Canyon","","","","","96833","1","","","4800.0 ft","Public National Forest","84.9'","Clinometer/laser rangefinder/sine","5.6'","67''","","","Turner Sharp","2012-02-18","","N"
"Gambel Oak","Quercus gambelii var. gambelii","Arizona","Coconino","Oak Creek Canyon","","","","","96819","1","","","5400.0 ft","Public National Forest","92.3'","Clinometer/laser rangefinder/sine","7.3'","88''","","","Turner Sharp","2012-02-18","","N"
"Lombardy Poplar","Populus nigra","Arizona","Coconino","Oak Creek Canyon","","","","","121531","1","","","5400.0 ft","Public National Forest","85.7'","Clinometer/laser rangefinder/sine","7.4'","89''","","Near Cave Springs Campground","Turner Sharp","2015-06-02","","N"
"Lombardy Poplar","Populus nigra","Arizona","Coconino","Oak Creek Canyon","","","","","96816","1","","","5400.0 ft","Public National Forest","98.9'","Clinometer/laser rangefinder/sine","7.3'","87''","","Girth taken at 3 1/2' mid slope","Turner Sharp","2012-02-18","","N"
"Lombardy Poplar","Populus nigra","Arizona","Coconino","Oak Creek Canyon","","","","","121530","1","","","5400.0 ft","Public National Forest","111.5'","Clinometer/laser rangefinder/sine","6.4'","77''","","Near Cave Springs Campground","Turner Sharp","2015-06-02","","N"
"Northern Catalpa","Catalpa speciosa","Arizona","Coconino","Oak Creek Canyon","","","","","121536","1","","","5300.0 ft","Public National Forest","52.0'","Clinometer/laser rangefinder/sine","5.4'","64''","","In parking lot for trail head for the West Fork Trail.","Turner Sharp","2015-06-02","","N"
"Paradise Apple","Malus pumila","Arizona","Coconino","Oak Creek Canyon","","","","","121538","1","","","5300.0 ft","Public National Forest","23.3'","Clinometer/laser rangefinder/sine","5.8'","69''","","Tree is in bottom near entrance to the West Fork of Oak Creek Canyon and near the location of the late Mayhew Resort (long gone)","Turner Sharp","2015-06-02","","N"
"Ponderosa Pine","Pinus ponderosa var. brachyptera","Arizona","Coconino","Oak Creek Canyon","","","","","121521","1","","","4900.0 ft","Public National Forest","105.7'","Clinometer/laser rangefinder/sine","8.9'","107''","","Near Manzanita Campground","Turner Sharp","2015-06-02","","N"
"Ponderosa Pine","Pinus ponderosa var. brachyptera","Arizona","Coconino","Oak Creek Canyon","","","","","96821","1","","","5400.0 ft","Public National Forest","110.2'","Clinometer/laser rangefinder/sine","8.2'","98''","","","Turner Sharp","2012-02-18","","N"
"Ponderosa Pine","Pinus ponderosa var. brachyptera","Arizona","Coconino","Oak Creek Canyon","34 53.836","-111 43.877","","","96829","1","34 53.836","-111 43.877","5000.0 ft","Public National Forest","112.0'","Clinometer/laser rangefinder/sine","","","","","Turner Sharp","2012-02-18","","N"
"Ponderosa Pine","Pinus ponderosa var. brachyptera","Arizona","Coconino","Oak Creek Canyon","34 58.156","-111 45.024","","","96826","1","34 58.156","-111 45.024","5200.0 ft","Public National Forest","115.8'","Clinometer/laser rangefinder/sine","","","","","Turner Sharp","2012-02-18","","N"
"Ponderosa Pine","Pinus ponderosa var. brachyptera","Arizona","Coconino","Oak Creek Canyon","","","","","121522","1","","","4900.0 ft","Public National Forest","120.3'","Clinometer/laser rangefinder/sine","9.9'","118''","","Near Manzanita Campground","Turner Sharp","2015-06-02","","N"
"Ponderosa Pine","Pinus ponderosa var. brachyptera","Arizona","Coconino","Oak Creek Canyon","","","","","121523","1","","","4900.0 ft","Public National Forest","122.4'","Clinometer/laser rangefinder/sine","10.6'","127''","","Near Manzanita Campground","Turner Sharp","2015-06-02","","N"
"Ponderosa Pine","Pinus ponderosa var. brachyptera","Arizona","Coconino","Oak Creek Canyon","34 56.152","-111 44.690","","","121520","1","34 56.152","-111 44.690","4900.0 ft","Public National Forest","124.4'","Clinometer/laser rangefinder/sine","9.7'","117''","","Mananita Campground","Turner Sharp","2015-06-02","","N"
"Ponderosa Pine","Pinus ponderosa var. brachyptera","Arizona","Coconino","Oak Creek Canyon","","","","","96824","1","","","5400.0 ft","Public National Forest","126.3'","Clinometer/laser rangefinder/sine","10.7'","128''","","","Turner Sharp","2012-02-18","","N"
"Ponderosa Pine","Pinus ponderosa var. brachyptera","Arizona","Coconino","Oak Creek Canyon","","","","","96779","1","","","","Public National Forest","127.4'","Clinometer/laser rangefinder/sine","","","","","Mike Dunn","2009-01-20","","N"
"Ponderosa Pine","Pinus ponderosa var. brachyptera","Arizona","Coconino","Oak Creek Canyon","","","","","96822","1","","","5400.0 ft","Public National Forest","127.7'","Clinometer/laser rangefinder/sine","10.3'","123''","","","Turner Sharp","2012-02-18","","N"
"Ponderosa Pine","Pinus ponderosa var. brachyptera","Arizona","Coconino","Oak Creek Canyon","35 00.880","-111 44.284","","","96806","1","35 00.880","-111 44.284","5600.0 ft","Public National Forest","130.3'","Clinometer/laser rangefinder/sine","10.6'","127''","","","Turner Sharp","2012-02-18","","N"
"Ponderosa Pine","Pinus ponderosa var. brachyptera","Arizona","Coconino","Oak Creek Canyon","","","","","96778","1","","","","Public National Forest","140.1'","Clinometer/laser rangefinder/sine","","","","","Mike Dunn","2009-01-20","","N"
"Ponderosa Pine","Pinus ponderosa var. brachyptera","Arizona","Coconino","Oak Creek Canyon","","","","","96820","1","","","5400.0 ft","Public National Forest","145.5'","Clinometer/laser rangefinder/sine","9.5'","114''","","","Turner Sharp","2012-02-18","","N"
"Ponderosa Pine","Pinus ponderosa var. brachyptera","Arizona","Coconino","Oak Creek Canyon","35 00.009","-111 44.332","","","96813","1","35 00.009","-111 44.332","5400.0 ft","Public National Forest","146.7'","Clinometer/laser rangefinder/sine","12.5'","150''","","","Turner Sharp","2012-02-18","","N"
"Ponderosa Pine","Pinus ponderosa var. brachyptera","Arizona","Coconino","Oak Creek Canyon","34 00.009","-111 44.332","","","121528","1","34 00.009","-111 44.332","5400.0 ft","Public National Forest","150.4'","Clinometer/laser rangefinder/sine","12.5'","150''","","Near Cave Springs Campground at low water bridge.
two Great Blue Heron Nests present with base of highest one at 138.6'","Turner Sharp","2015-06-02","","N"
"Ponderosa Pine","Pinus ponderosa var. brachyptera","Arizona","Coconino","Oak Creek Canyon","","","","","96777","1","","","","Public National Forest","150.5'","Clinometer/laser rangefinder/sine","","","","","Mike Dunn","2009-01-20","","N"
"Rocky Mountain Douglas-Fir","Pseudotsuga menziesii var. glauca","Arizona","Coconino","Oak Creek Canyon","35 01.827","-111 44.454","","","96798","1","35 01.827","-111 44.454","6300.0 ft","Public National Forest","89.6'","Clinometer/laser rangefinder/sine","11.6'","139''","","","Turner Sharp","2012-02-18","","N"
"Rocky Mountain Douglas-Fir","Pseudotsuga menziesii var. glauca","Arizona","Coconino","Oak Creek Canyon","","","","","96803","1","","","6300.0 ft","Public National Forest","96.1'","Clinometer/laser rangefinder/sine","6.0'","72''","","","Turner Sharp","2012-02-18","","N"
"Rocky Mountain Douglas-Fir","Pseudotsuga menziesii var. glauca","Arizona","Coconino","Oak Creek Canyon","","","","","96801","1","","","6300.0 ft","Public National Forest","136.6'","Clinometer/laser rangefinder/sine","","","","","Turner Sharp","2012-02-18","","N"
"Rocky Mountain Douglas-Fir","Pseudotsuga menziesii var. glauca","Arizona","Coconino","Oak Creek Canyon","35 01.927","-111 44.464","","","96800","1","35 01.927","-111 44.464","6300.0 ft","Public National Forest","143.2'","Clinometer/laser rangefinder/sine","","","","","Turner Sharp","2012-02-18","","N"
"Rocky Mountain Juniper","Juniperus scopulorum","Arizona","Coconino","Oak Creek Canyon","","","","","96802","1","","","6300.0 ft","Public National Forest","","Clinometer/laser rangefinder/sine","4.4'","53''","","Top out of tree","Turner Sharp","2012-02-18","","N"
"Rocky Mountain Juniper","Juniperus scopulorum","Arizona","Coconino","Oak Creek Canyon","","","","","121527","1","","","5400.0 ft","Public National Forest","56.2'","Clinometer/laser rangefinder/sine","3.3'","40''","","Near Cave Springs Campground","Turner Sharp","2015-06-02","","N"
"Velvet Ash","Fraxinus velutina","Arizona","Coconino","Oak Creek Canyon","","","","","96796","1","","","6300.0 ft","Public National Forest","34.0'","Clinometer/laser rangefinder/sine","2.1'","25''","","","Turner Sharp","2012-02-18","","N"
"Velvet Ash","Fraxinus velutina","Arizona","Coconino","Oak Creek Canyon","","","","","121518","1","","","4900.0 ft","Public National Forest","75.1'","Clinometer/laser rangefinder/sine","","","","Near Manzanita Campground","Turner Sharp","2015-06-02","","N"
"Velvet Ash","Fraxinus velutina","Arizona","Coconino","Oak Creek Canyon","","","","","96831","1","","","4800.0 ft","Public National Forest","75.4'","Clinometer/laser rangefinder/sine","8.2'","98''","","","Turner Sharp","2012-02-18","","N"
"Velvet Ash","Fraxinus velutina","Arizona","Coconino","Oak Creek Canyon","","","","","96832","1","","","4800.0 ft","Public National Forest","85.9'","Clinometer/laser rangefinder/sine","5.8'","69''","","","Turner Sharp","2012-02-18","","N"
"Corkbark Fir","Abies lasiocarpa var. arizonica","Arizona","Coconino","Snow Bowl","","","Trees were measured along the Kachina Trail which was formerly named the Anasazi Trail.","","136792","1","","","9200.0 ft","Public - federal","66.2'","Clinometer/laser rangefinder/sine","6.2'","74''","","","Turner Sharp","2012-03-04","","N"
"Corkbark Fir","Abies lasiocarpa var. arizonica","Arizona","Coconino","Snow Bowl","35 19.610","-111 42.692","Trees were measured along the Kachina Trail which was formerly named the Anasazi Trail.","","136811","1","35 19.610","-111 42.692","","Public - federal","69.7'","Clinometer/laser rangefinder/sine","4.4'","53''","","Tree is dead, bark intact.","Turner Sharp","2016-09-11","","N"
"Corkbark Fir","Abies lasiocarpa var. arizonica","Arizona","Coconino","Snow Bowl","35 19.603","-111 42.697","Trees were measured along the Kachina Trail which was formerly named the Anasazi Trail.","","136742","2","35 19.603","-111 42.697","","Public - federal","80.5'","Clinometer/laser rangefinder/sine","5.6'","67''","","","Turner Sharp, Turner Sharp","2016-09-11","","N"
"Corkbark Fir","Abies lasiocarpa var. arizonica","Arizona","Coconino","Snow Bowl","35 19.605","-111 42.695","Trees were measured along the Kachina Trail which was formerly named the Anasazi Trail.","","136810","1","35 19.605","-111 42.695","","Public - federal","84.7'","Clinometer/laser rangefinder/sine","5.1'","61''","","","Turner Sharp","2016-09-11","","N"
"Corkbark Fir","Abies lasiocarpa var. arizonica","Arizona","Coconino","Snow Bowl","","","Trees were measured along the Kachina Trail which was formerly named the Anasazi Trail.","","136793","1","","","9200.0 ft","Public - federal","86.3'","Clinometer/laser rangefinder/sine","","","","","Turner Sharp","2012-03-04","","N"
"Corkbark Fir","Abies lasiocarpa var. arizonica","Arizona","Coconino","Snow Bowl","","","Trees were measured along the Kachina Trail which was formerly named the Anasazi Trail.","","136794","1","","","9200.0 ft","Public - federal","87.2'","Clinometer/laser rangefinder/sine","5.1'","61''","","","Turner Sharp","2012-03-04","","N"
"Corkbark Fir","Abies lasiocarpa var. arizonica","Arizona","Coconino","Snow Bowl","","","Trees were measured along the Kachina Trail which was formerly named the Anasazi Trail.","","136795","1","","","9200.0 ft","Public - federal","90.0'","Clinometer/laser rangefinder/sine","5.8'","70''","","","Turner Sharp","2012-03-04","","N"
"Corkbark Fir","Abies lasiocarpa var. arizonica","Arizona","Coconino","Snow Bowl","","","Trees were measured along the Kachina Trail which was formerly named the Anasazi Trail.","","136813","1","","","","Public - federal","105.6'","Clinometer/laser rangefinder/sine","7.9'","95''","","","Turner Sharp","2016-09-11","","N"
"Corkbark Fir","Abies lasiocarpa var. arizonica","Arizona","Coconino","Snow Bowl","","","Trees were measured along the Kachina Trail which was formerly named the Anasazi Trail.","","136809","1","","","","Public - federal","109.8'","Clinometer/laser rangefinder/sine","8.2'","98''","","","Turner Sharp","2016-09-11","","N"
"Engelmann Spruce","Picea engelmannii","Arizona","Coconino","Snow Bowl","","","Trees were measured along the Kachina Trail which was formerly named the Anasazi Trail.","","136797","1","","","9200.0 ft","Public - federal","67.1'","Clinometer/laser rangefinder/sine","6.3'","76''","","","Turner Sharp","2012-03-04","","N"
"Engelmann Spruce","Picea engelmannii","Arizona","Coconino","Snow Bowl","","","Trees were measured along the Kachina Trail which was formerly named the Anasazi Trail.","","136796","1","","","9200.0 ft","Public - federal","72.1'","Clinometer/laser rangefinder/sine","5.5'","66''","","","Turner Sharp","2012-03-04","","N"
"Quaking Aspen","Populus tremuloides","Arizona","Coconino","Snow Bowl","","","Trees were measured along the Kachina Trail which was formerly named the Anasazi Trail.","","136791","1","","","9200.0 ft","Public - federal","68.7'","Clinometer/laser rangefinder/sine","5.4'","65''","","","Turner Sharp","2012-03-04","","N"
"Quaking Aspen","Populus tremuloides","Arizona","Coconino","Snow Bowl","","","Trees were measured along the Kachina Trail which was formerly named the Anasazi Trail.","","136790","1","","","9200.0 ft","Public - federal","69.7'","Clinometer/laser rangefinder/sine","5.1'","61''","","","Turner Sharp","2012-03-04","","N"
"Quaking Aspen","Populus tremuloides","Arizona","Coconino","Snow Bowl","","","Trees were measured along the Kachina Trail which was formerly named the Anasazi Trail.","","136788","1","","","9200.0 ft","Public - federal","70.1'","Clinometer/laser rangefinder/sine","5.0'","60''","","","Turner Sharp","2012-03-04","","N"
"Quaking Aspen","Populus tremuloides","Arizona","Coconino","Snow Bowl","","","Trees were measured along the Kachina Trail which was formerly named the Anasazi Trail.","","136789","1","","","","Public - federal","71.9'","Clinometer/laser rangefinder/sine","5.2'","62''","","","Turner Sharp","2012-03-04","","N"
"Quaking Aspen","Populus tremuloides","Arizona","Coconino","Snow Bowl","35 19.595","-111 42.715","Trees were measured along the Kachina Trail which was formerly named the Anasazi Trail.","","136787","1","35 19.595","-111 42.715","9200.0 ft","Public - federal","72.1'","Clinometer/laser rangefinder/sine","5.3'","63''","","","Turner Sharp","2012-03-04","","N"
"Quaking Aspen","Populus tremuloides","Arizona","Coconino","Snow Bowl","","","Trees were measured along the Kachina Trail which was formerly named the Anasazi Trail.","","136815","1","","","","Public - federal","83.4'","Clinometer/laser rangefinder/sine","4.0'","47''","","","Turner Sharp","2016-09-11","","N"
"Quaking Aspen","Populus tremuloides","Arizona","Coconino","Snow Bowl","35 19.621","-111 42.693","Trees were measured along the Kachina Trail which was formerly named the Anasazi Trail.","","136812","1","35 19.621","-111 42.693","","Public - federal","86.4'","Clinometer/laser rangefinder/sine","6.9'","83''","","","Turner Sharp","2016-09-11","","N"
"Quaking Aspen","Populus tremuloides","Arizona","Coconino","Snow Bowl","35 19.520","-111 42.737","Trees were measured along the Kachina Trail which was formerly named the Anasazi Trail.","","136818","1","35 19.520","-111 42.737","","Public - federal","88.6'","Clinometer/laser rangefinder/sine","6.1'","73''","","","Turner Sharp","2016-09-11","","N"
"Quaking Aspen","Populus tremuloides","Arizona","Coconino","Snow Bowl","","","Trees were measured along the Kachina Trail which was formerly named the Anasazi Trail.","","136816","1","","","","Public - federal","89.0'","Clinometer/laser rangefinder/sine","4.7'","56''","","","Turner Sharp","2016-09-11","","N"
"Quaking Aspen","Populus tremuloides","Arizona","Coconino","Snow Bowl","","","Trees were measured along the Kachina Trail which was formerly named the Anasazi Trail.","","136808","1","","","9200.0 ft","Public - federal","90.3'","Clinometer/laser rangefinder/sine","5.4'","65''","","","Turner Sharp","2016-09-11","","N"
"Rocky Mountain Douglas-Fir","Pseudotsuga menziesii var. glauca","Arizona","Coconino","Snow Bowl","","","Trees were measured along the Kachina Trail which was formerly named the Anasazi Trail.","","136798","1","","","9200.0 ft","Public - federal","78.4'","Clinometer/laser rangefinder/sine","6.0'","72''","","","Turner Sharp","2012-03-04","","N"
"Rocky Mountain Douglas-Fir","Pseudotsuga menziesii var. glauca","Arizona","Coconino","Snow Bowl","","","Trees were measured along the Kachina Trail which was formerly named the Anasazi Trail.","","136814","1","","","","Public - federal","94.0'","Clinometer/laser rangefinder/sine","9.0'","108''","","","Turner Sharp","2016-09-11","","N"
"Rocky Mountain Douglas-Fir","Pseudotsuga menziesii var. glauca","Arizona","Coconino","Snow Bowl","","","Trees were measured along the Kachina Trail which was formerly named the Anasazi Trail.","","136800","1","","","9200.0 ft","Public - federal","98.0'","Clinometer/laser rangefinder/sine","6.8'","82''","","","Turner Sharp","2012-03-04","","N"
"Rocky Mountain Douglas-Fir","Pseudotsuga menziesii var. glauca","Arizona","Coconino","Snow Bowl","","","Trees were measured along the Kachina Trail which was formerly named the Anasazi Trail.","","136799","1","","","9200.0 ft","Public - federal","101.9'","Clinometer/laser rangefinder/sine","9.9'","119''","","","Turner Sharp","2012-03-04","","N"
"Rocky Mountain Douglas-Fir","Pseudotsuga menziesii var. glauca","Arizona","Coconino","Snow Bowl","35 19.518","-111 42.739","Trees were measured along the Kachina Trail which was formerly named the Anasazi Trail.","","136817","1","35 19.518","-111 42.739","","Public - federal","107.5'","Clinometer/laser rangefinder/sine","13.1'","157''","","","Turner Sharp","2016-09-11","","N"
"Rocky Mountain Douglas-Fir","Pseudotsuga menziesii var. glauca","Arizona","Coconino","Snow Bowl","","","Trees were measured along the Kachina Trail which was formerly named the Anasazi Trail.","","136807","1","","","9200.0 ft","Public - federal","119.5'","Clinometer/laser rangefinder/sine","9.1'","109''","","","Turner Sharp","2016-09-11","","N"
"Alligator Juniper","Juniperus deppeana","Arizona","Coconino","Walnut Canyon National Monument","","","","","46444","1","","","6600.0 ft","Public - National Monument","23.8'","Clinometer/laser rangefinder/sine","3.9'","47''","","","Turner Sharp","2012-02-16","","N"
"Arizona Walnut","Juglans major","Arizona","Coconino","Walnut Canyon National Monument","","","","","46447","1","","","6600.0 ft","Public - National Monument","27.7'","Clinometer/laser rangefinder/sine","1.7'","20''","","","Turner Sharp","2012-02-16","","N"
"Fremont's Mahonia","Mahonia fremontii","Arizona","Coconino","Walnut Canyon National Monument","","","","","46448","1","","","6600.0 ft","Public - National Monument","11.6'","Clinometer/laser rangefinder/sine","0.8'","10''","","Girth taken at 2 1/2' mid slope","Turner Sharp","2012-02-16","","N"
"Gambel Oak","Quercus gambelii var. gambelii","Arizona","Coconino","Walnut Canyon National Monument","","","","","46458","1","","","6800.0 ft","Public - National Monument","30.5'","Clinometer/laser rangefinder/sine","1.9'","23''","","","Turner Sharp","2012-02-16","","N"
"Gambel Oak","Quercus gambelii var. gambelii","Arizona","Coconino","Walnut Canyon National Monument","","","","","46457","1","","","6800.0 ft","Public - National Monument","36.1'","Clinometer/laser rangefinder/sine","3.1'","37''","","","Turner Sharp","2012-02-16","","N"
"Oneseed Juniper","Juniperus monosperma","Arizona","Coconino","Walnut Canyon National Monument","","","","","46449","1","","","6600.0 ft","Public - National Monument","17.8'","Clinometer/laser rangefinder/sine","1.1'","13''","","","Turner Sharp","2012-02-16","","N"
"Ponderosa Pine","Pinus ponderosa var. brachyptera","Arizona","Coconino","Walnut Canyon National Monument","","","","","46453","1","","","6800.0 ft","Public - National Monument","58.3'","Clinometer/laser rangefinder/sine","6.6'","79''","","","Turner Sharp","2012-02-16","","N"
"Ponderosa Pine","Pinus ponderosa var. brachyptera","Arizona","Coconino","Walnut Canyon National Monument","35 10.308","-111 30.523","","","46452","1","35 10.308","-111 30.523","6800.0 ft","Public - National Monument","62.9'","Clinometer/laser rangefinder/sine","6.5'","78''","","","Turner Sharp","2012-02-16","","N"
"Ponderosa Pine","Pinus ponderosa var. brachyptera","Arizona","Coconino","Walnut Canyon National Monument","","","","","46455","1","","","6800.0 ft","Public - National Monument","67.9'","Clinometer/laser rangefinder/sine","9.0'","108''","","","Turner Sharp","2012-02-16","","N"
"Ponderosa Pine","Pinus ponderosa var. brachyptera","Arizona","Coconino","Walnut Canyon National Monument","","","","","46454","1","","","6800.0 ft","Public - National Monument","70.3'","Clinometer/laser rangefinder/sine","8.3'","100''","","","Turner Sharp","2012-02-16","","N"
"Rocky Mountain Juniper","Juniperus scopulorum","Arizona","Coconino","Walnut Canyon National Monument","","","","","46445","1","","","6600.0 ft","Public - National Monument","20.8'","Clinometer/laser rangefinder/sine","4.0'","48''","","","Turner Sharp","2012-02-16","","N"
"Rocky Mountain Juniper","Juniperus scopulorum","Arizona","Coconino","Walnut Canyon National Monument","","","","","46446","1","","","6600.0 ft","Public - National Monument","40.2'","Clinometer/laser rangefinder/sine","5.9'","71''","","","Turner Sharp","2012-02-16","","N"
"Twoneedle Pinyon","Pinus edulis","Arizona","Coconino","Walnut Canyon National Monument","","","","","46450","1","","","6800.0 ft","Public - National Monument","31.9'","Clinometer/laser rangefinder/sine","3.3'","39''","","","Turner Sharp","2012-02-16","","N"
"Twoneedle Pinyon","Pinus edulis","Arizona","Coconino","Walnut Canyon National Monument","","","","","46451","1","","","6800.0 ft","Public - National Monument","47.1'","Clinometer/laser rangefinder/sine","4.5'","54''","","","Turner Sharp","2012-02-16","","N"
"Utah Juniper","Juniperus osteosperma","Arizona","Coconino","Walnut Canyon National Monument","","","","","46456","1","","","6800.0 ft","Public - National Monument","28.4'","Clinometer/laser rangefinder/sine","5.8'","69''","","","Turner Sharp","2012-02-16","","N"
"Arizona Alder","Alnus oblongifolia","Arizona","Coconino","West Fork Of Oak Creek","","","Trees measured were in first two miles upstream of confluence with Oak Creek","","226334","1","","","5400.0 ft","Public","71.2'","Clinometer/laser rangefinder/sine","5.4'","65''","","","Turner Sharp","2015-06-12","","N"
"Arizona Sycamore","Platanus wrightii","Arizona","Coconino","West Fork Of Oak Creek","","","Trees measured were in first two miles upstream of confluence with Oak Creek","","226337","1","","","5400.0 ft","Public","88.5'","Clinometer/laser rangefinder/sine","5.5'","66''","","","Turner Sharp","2015-06-12","","N"
"Arizona Walnut","Juglans major","Arizona","Coconino","West Fork Of Oak Creek","","","Trees measured were in first two miles upstream of confluence with Oak Creek","","226336","1","","","5400.0 ft","Public","67.1'","Clinometer/laser rangefinder/sine","3.9'","47''","","","Turner Sharp","2015-06-12","","N"
"Bigtooth Maple","Acer grandidentatum var. grandidentatum","Arizona","Coconino","West Fork Of Oak Creek","","","Trees measured were in first two miles upstream of confluence with Oak Creek","","226335","1","","","5400.0 ft","Public","20.2'","Clinometer/laser rangefinder/sine","1.4'","17''","","","Turner Sharp","2015-06-12","","N"
"Ponderosa Pine","Pinus ponderosa var. brachyptera","Arizona","Coconino","West Fork Of Oak Creek","","","Trees measured were in first two miles upstream of confluence with Oak Creek","","226331","1","","","5400.0 ft","Public","113.6'","Clinometer/laser rangefinder/sine","9.3'","112''","","Aluminum tag #3 (95 lac) USFS","Turner Sharp","2015-06-12","","N"
"Ponderosa Pine","Pinus ponderosa var. brachyptera","Arizona","Coconino","West Fork Of Oak Creek","","","Trees measured were in first two miles upstream of confluence with Oak Creek","","226332","1","","","5400.0 ft","Public","129.2'","Clinometer/laser rangefinder/sine","","","","Tree dead: top intact, bark sloughing","Turner Sharp","2015-06-12","","N"
"Ponderosa Pine","Pinus ponderosa var. brachyptera","Arizona","Coconino","West Fork Of Oak Creek","","","Trees measured were in first two miles upstream of confluence with Oak Creek","","226330","1","","","5400.0 ft","Public","133.0'","Clinometer/laser rangefinder/sine","10.2'","122''","","Aluminum tag #4","Turner Sharp","2015-06-12","","N"
"Ponderosa Pine","Pinus ponderosa var. brachyptera","Arizona","Coconino","West Fork Of Oak Creek","34 59.402","-111 44.866","Trees measured were in first two miles upstream of confluence with Oak Creek","","226329","1","34 59.402","-111 44.866","5400.0 ft","Public","133.6'","Clinometer/laser rangefinder/sine","10.1'","121''","","","Turner Sharp","2015-06-12","","N"
"Ponderosa Pine","Pinus ponderosa var. brachyptera","Arizona","Coconino","West Fork Of Oak Creek","","","Trees measured were in first two miles upstream of confluence with Oak Creek","","226333","1","","","5400.0 ft","Public","149.4'","Clinometer/laser rangefinder/sine","12.2'","146''","","","Turner Sharp","2015-06-12","","N"
"Rocky Mountain Douglas-Fir","Pseudotsuga menziesii var. glauca","Arizona","Coconino","West Fork Of Oak Creek","","","Trees measured were in first two miles upstream of confluence with Oak Creek","","226339","1","","","5400.0 ft","Public","","Clinometer/laser rangefinder/sine","12.5'","150''","","Tree dead: top out, bark intact","Turner Sharp","2015-06-12","","N"
"Rocky Mountain Douglas-Fir","Pseudotsuga menziesii var. glauca","Arizona","Coconino","West Fork Of Oak Creek","","","Trees measured were in first two miles upstream of confluence with Oak Creek","","226338","1","","","5400.0 ft","Public","123.8'","Clinometer/laser rangefinder/sine","7.1'","85''","","","Turner Sharp","2015-06-12","","N"
"White Fir","Abies concolor","Arizona","Coconino","West Fork Of Oak Creek","","","Trees measured were in first two miles upstream of confluence with Oak Creek","","226340","1","","","5400.0 ft","Public","82.9'","Clinometer/laser rangefinder/sine","4.4'","53''","","","Turner Sharp","2015-06-12","","N"
"White Fir","Abies concolor","Arizona","Coconino","West Fork Of Oak Creek","","","Trees measured were in first two miles upstream of confluence with Oak Creek","","226341","1","","","5400.0 ft","Public","98.7'","Clinometer/laser rangefinder/sine","6.9'","83''","","","Turner Sharp","2015-06-12","","N"
"Gambel Oak","Quercus gambelii var. gambelii","Arizona","Coconino","Woody Mountain Road","","","These trees are on State Trust Land near the Arboretum but on the opposite side of the road.","","23794","1","","","7050.0 ft","Public - State Trust Land","29.1'","Clinometer/laser rangefinder/sine","2.9'","35''","","","Turner Sharp","2012-02-17","","N"
"Gambel Oak","Quercus gambelii var. gambelii","Arizona","Coconino","Woody Mountain Road","","","These trees are on State Trust Land near the Arboretum but on the opposite side of the road.","","23796","1","","","7050.0 ft","Public - State Trust Land","35.2'","Clinometer/laser rangefinder/sine","3.0'","36''","","","Turner Sharp","2012-02-17","","N"
"Gambel Oak","Quercus gambelii var. gambelii","Arizona","Coconino","Woody Mountain Road","","","These trees are on State Trust Land near the Arboretum but on the opposite side of the road.","","23795","1","","","7050.0 ft","Public - State Trust Land","39.8'","Clinometer/laser rangefinder/sine","3.1'","37''","","","Turner Sharp","2012-02-17","","N"
"Ponderosa Pine","Pinus ponderosa var. brachyptera","Arizona","Coconino","Woody Mountain Road","","","These trees are on State Trust Land near the Arboretum but on the opposite side of the road.","","23786","1","","","7050.0 ft","Public - State Trust Land","75.5'","Clinometer/laser rangefinder/sine","9.0'","108''","","","Turner Sharp","2012-02-17","","N"
"Ponderosa Pine","Pinus ponderosa var. brachyptera","Arizona","Coconino","Woody Mountain Road","","","These trees are on State Trust Land near the Arboretum but on the opposite side of the road.","","23787","1","","","7050.0 ft","Public - State Trust Land","84.5'","Clinometer/laser rangefinder/sine","9.8'","118''","","","Turner Sharp","2012-02-17","","N"
"Ponderosa Pine","Pinus ponderosa var. brachyptera","Arizona","Coconino","Woody Mountain Road","","","These trees are on State Trust Land near the Arboretum but on the opposite side of the road.","","23785","1","","","7050.0 ft","Public - State Trust Land","86.3'","Clinometer/laser rangefinder/sine","8.0'","96''","","","Turner Sharp","2012-02-17","","N"
"Ponderosa Pine","Pinus ponderosa var. brachyptera","Arizona","Coconino","Woody Mountain Road","","","These trees are on State Trust Land near the Arboretum but on the opposite side of the road.","","23789","1","","","7050.0 ft","Public - State Trust Land","87.1'","Clinometer/laser rangefinder/sine","8.0'","96''","","","Turner Sharp","2012-02-17","","N"
"Ponderosa Pine","Pinus ponderosa var. brachyptera","Arizona","Coconino","Woody Mountain Road","","","These trees are on State Trust Land near the Arboretum but on the opposite side of the road.","","23790","1","","","7050.0 ft","Public - State Trust Land","91.0'","Clinometer/laser rangefinder/sine","9.8'","117''","","","Turner Sharp","2012-02-17","","N"
"Ponderosa Pine","Pinus ponderosa var. brachyptera","Arizona","Coconino","Woody Mountain Road","","","These trees are on State Trust Land near the Arboretum but on the opposite side of the road.","","23793","1","","","7050.0 ft","Public - State Trust Land","91.3'","Clinometer/laser rangefinder/sine","7.6'","91''","","","Turner Sharp","2012-02-17","","N"
"Ponderosa Pine","Pinus ponderosa var. brachyptera","Arizona","Coconino","Woody Mountain Road","","","These trees are on State Trust Land near the Arboretum but on the opposite side of the road.","","23788","1","","","7050.0 ft","Public - State Trust Land","95.5'","Clinometer/laser rangefinder/sine","8.9'","107''","","","Turner Sharp","2012-02-17","","N"
"Ponderosa Pine","Pinus ponderosa var. brachyptera","Arizona","Coconino","Woody Mountain Road","","","These trees are on State Trust Land near the Arboretum but on the opposite side of the road.","","23784","1","","","7000.0 ft","Public - State Trust Land","96.1'","Clinometer/laser rangefinder/sine","8.9'","107''","","","Turner Sharp","2012-02-17","","N"
"Ponderosa Pine","Pinus ponderosa var. brachyptera","Arizona","Coconino","Woody Mountain Road","","","These trees are on State Trust Land near the Arboretum but on the opposite side of the road.","","23792","1","","","7050.0 ft","Public - State Trust Land","96.7'","Clinometer/laser rangefinder/sine","9.9'","119''","","","Turner Sharp","2012-02-17","","N"
"Ponderosa Pine","Pinus ponderosa var. brachyptera","Arizona","Coconino","Woody Mountain Road","","","These trees are on State Trust Land near the Arboretum but on the opposite side of the road.","","23791","1","","","7050.0 ft","Public - State Trust Land","107.0'","Clinometer/laser rangefinder/sine","11.3'","135''","","","Turner Sharp","2012-02-17","","N"
"Ocotillo","Fouquieria splendens","Arizona","Coconino, Mohave","Grand Canyon - Colorado River Corridor","36 05.922","-113 19.428","","","40589","1","36 05.922","-113 19.428","1680.0 ft","Public - National Park","13.0'","Clinometer/laser rangefinder/sine","","","","Mohave County","Turner Sharp","2013-03-01","","N"
"Ocotillo","Fouquieria splendens","Arizona","Coconino, Mohave","Grand Canyon - Colorado River Corridor","36 05.923","-113 19.415","","","40590","1","36 05.923","-113 19.415","1680.0 ft","Public - National Park","17.1'","Clinometer/laser rangefinder/sine","","","","Tree located at Parashant Camp at mile 198.5' from Lee's Ferry.
Mohave County","Turner Sharp","2013-03-01","","N"
"Ocotillo","Fouquieria splendens","Arizona","Coconino, Mohave","Grand Canyon - Colorado River Corridor","","","","","40592","1","","","1440.0 ft","Public - National Park","19.8'","Clinometer/laser rangefinder/sine","","","","Located behind Upper 220 Mile Camp at mile 219.8 from Lee's Ferry. Mohave County.","Turner Sharp","2013-03-01","","N"
"Ocotillo","Fouquieria splendens","Arizona","Coconino, Mohave","Grand Canyon - Colorado River Corridor","","","","","40593","1","","","1440.0 ft","Public - National Park","22.0'","Clinometer/laser rangefinder/sine","","","","Located behind Upper 220 Mile Camp at mile 219.8 from Lee's Ferry. Mohave County.","Turner Sharp","2013-03-01","","N"
"Ocotillo","Fouquieria splendens","Arizona","Coconino, Mohave","Grand Canyon - Colorado River Corridor","","","","","40594","1","","","1440.0 ft","Public - National Park","23.1'","Clinometer/laser rangefinder/sine","","","","Located behind Upper 220 Mile Camp at mile 219.8 from Lee's Ferry. Mohave County.","Turner Sharp","2013-03-01","","N"
"Western Honey Mesquite","Prosopis glandulosa var. torreyana","Arizona","Coconino, Mohave","Grand Canyon - Colorado River Corridor","","","","","40584","1","","","2700.0 ft","Public - National Park","16.7'","Clinometer/laser rangefinder/sine","4.0'","48''","54.0'","Coconino County
Crown spread is maximum
Girth taken at 2 1/2'","Turner Sharp","2013-03-01","","N"
"Western Honey Mesquite","Prosopis glandulosa var. torreyana","Arizona","Coconino, Mohave","Grand Canyon - Colorado River Corridor","36 05.600","-113 19.397","","","40587","1","36 05.600","-113 19.397","1620.0 ft","Public - National Park","22.3'","Clinometer/laser rangefinder/sine","3.0'","36''","58.0'","Tree is at Parashant Camp at mile 198.5' from Lee's Ferry.
Mohave County
Girth taken at 1 1/2'
Crown spread is maximum","Turner Sharp","2013-03-01","","N"
"Western Honey Mesquite","Prosopis glandulosa var. torreyana","Arizona","Coconino, Mohave","Grand Canyon - Colorado River Corridor","36 05.192","-111 51.896","","","40586","1","36 05.192","-111 51.896","2700.0 ft","Public - National Park","22.9'","Clinometer/laser rangefinder/sine","2.3'","27''","","Tree located at Cardenas Camp at mile 71 from Lee's Ferry.
Coconino County
Girth taken at 4 1/2'","Turner Sharp","2013-03-01","","N"
"Western Honey Mesquite","Prosopis glandulosa var. torreyana","Arizona","Coconino, Mohave","Grand Canyon - Colorado River Corridor","36 05.192","-111 51.896","","","40585","1","36 05.192","-111 51.896","2700.0 ft","Public - National Park","23.2'","Clinometer/laser rangefinder/sine","4.6'","55''","","Tree located at Cardenas Camp at mile 71 from Lee's Ferry.
Coconino County
Girth taken at 3 1/2'","Turner Sharp","2013-03-01","","N"
"Western Honey Mesquite","Prosopis glandulosa var. torreyana","Arizona","Coconino, Mohave","Grand Canyon - Colorado River Corridor","36 05.702","-113 19.418","","","40588","1","36 05.702","-113 19.418","1620.0 ft","Public - National Park","25.2'","Clinometer/laser rangefinder/sine","2.5'","30''","","Tree is at Parashant Camp at mile 198.5 from Lee's Ferry
Mohave County
Girth taken at 1 1/2'","Turner Sharp","2013-03-01","","N"
"Western Honey Mesquite","Prosopis glandulosa var. torreyana","Arizona","Coconino, Mohave","Grand Canyon - Colorado River Corridor","35 49.982","-113 19.656","","","40591","1","35 49.982","-113 19.656","1400.0 ft","Public - National Park","27.2'","Clinometer/laser rangefinder/sine","4.0'","48''","","Tree is at Upper 220 Mile Camp at 219.8 miles from Lee's Ferry. Mohave County. Girth taken 3'","Turner Sharp","2013-03-01","","N"
"Alligator Juniper","Juniperus deppeana","Arizona","Gila","Tonto Natural Bridge State Park","34 19.385","-111 27.290","There is an admission fee.","","142571","1","34 19.385","-111 27.290","4500.0 ft","Public - state","42.9'","Clinometer/laser rangefinder/sine","5.3'","64''","","","Turner Sharp","2016-09-23","http%3A%2F%2Fwww.ents-bbs.org%2Fviewtopic.php%3Ff%3D175%26t%3D7872","N"
"Arizona Cypress","Hesperocyparis arizonica","Arizona","Gila","Tonto Natural Bridge State Park","","","There is an admission fee.","","142564","1","","","","Public - state","48.3'","Clinometer/laser rangefinder/sine","6.8'","82''","","","Turner Sharp","2016-09-23","http%3A%2F%2Fwww.ents-bbs.org%2Fviewtopic.php%3Ff%3D175%26t%3D7872","N"
"Arizona Cypress","Hesperocyparis arizonica","Arizona","Gila","Tonto Natural Bridge State Park","34 19.208","-111 27.439","There is an admission fee.","","142563","1","34 19.208","-111 27.439","","Public - state","54.6'","Clinometer/laser rangefinder/sine","6.7'","80''","","","Turner Sharp","2016-09-23","http%3A%2F%2Fwww.ents-bbs.org%2Fviewtopic.php%3Ff%3D175%26t%3D7872","N"
"Arizona Cypress","Hesperocyparis arizonica","Arizona","Gila","Tonto Natural Bridge State Park","","","There is an admission fee.","","142561","1","","","","Public - state","62.5'","Clinometer/laser rangefinder/sine","","","","","Turner Sharp","2016-09-23","http%3A%2F%2Fwww.ents-bbs.org%2Fviewtopic.php%3Ff%3D175%26t%3D7872","N"
"Arizona Cypress","Hesperocyparis arizonica","Arizona","Gila","Tonto Natural Bridge State Park","34 19.361","-111 27.341","There is an admission fee.","","142562","1","34 19.361","-111 27.341","","Public - state","63.8'","Clinometer/laser rangefinder/sine","10.4'","125''","","Dead top.","Turner Sharp","2016-09-23","http%3A%2F%2Fwww.ents-bbs.org%2Fviewtopic.php%3Ff%3D175%26t%3D7872","N"
"Arizona White Oak","Quercus arizonica","Arizona","Gila","Tonto Natural Bridge State Park","34 19.360","-111 27.339","There is an admission fee.","","142565","1","34 19.360","-111 27.339","","Public - state","55.0'","Clinometer/laser rangefinder/sine","7.7'","92''","","","Turner Sharp","2016-09-23","http%3A%2F%2Fwww.ents-bbs.org%2Fviewtopic.php%3Ff%3D175%26t%3D7872","N"
"Cashew","Anacardium occidentale","Arizona","Gila","Tonto Natural Bridge State Park","","","There is an admission fee.","","142570","1","","","","Public - state","25.4'","Clinometer/laser rangefinder/sine","2.3'","27''","","Circumference taken at 3 1/2'.","Turner Sharp","2016-09-23","http%3A%2F%2Fwww.ents-bbs.org%2Fviewtopic.php%3Ff%3D175%26t%3D7872","N"
"Netleaf Hackberry","Celtis laevigata var. reticulata","Arizona","Gila","Tonto Natural Bridge State Park","","","There is an admission fee.","","142569","1","","","","Public - state","29.2'","Clinometer/laser rangefinder/sine","","","","","Turner Sharp","2016-09-23","http%3A%2F%2Fwww.ents-bbs.org%2Fviewtopic.php%3Ff%3D175%26t%3D7872","N"
"Oneseed Juniper","Juniperus monosperma","Arizona","Gila","Tonto Natural Bridge State Park","","","There is an admission fee.","","142573","1","","","4500.0 ft","Public - state","19.6'","Clinometer/laser rangefinder/sine","","","","","Turner Sharp","2016-09-23","http%3A%2F%2Fwww.ents-bbs.org%2Fviewtopic.php%3Ff%3D175%26t%3D7872","N"
"Redberry Juniper","Juniperus arizonica","Arizona","Gila","Tonto Natural Bridge State Park","","","There is an admission fee.","","142572","1","","","","Public - state","27.7'","Clinometer/laser rangefinder/sine","","","","","Turner Sharp","2016-09-23","http%3A%2F%2Fwww.ents-bbs.org%2Fviewtopic.php%3Ff%3D175%26t%3D7872","N"
"Singleleaf Pinyon","Pinus monophylla","Arizona","Gila","Tonto Natural Bridge State Park","","","There is an admission fee.","","142560","1","","","","Public - state","45.9'","Clinometer/laser rangefinder/sine","","","","Mislabeled as a Two-leaf Pinyon.","Turner Sharp","2016-09-23","http%3A%2F%2Fwww.ents-bbs.org%2Fviewtopic.php%3Ff%3D175%26t%3D7872","N"
"Sonoran Scrub Oak","Quercus turbinella","Arizona","Gila","Tonto Natural Bridge State Park","","","There is an admission fee.","","142559","1","","","4500.0 ft","Public - state","14.2'","Clinometer/laser rangefinder/sine","1.8'","21''","","","Turner Sharp","2016-09-23","http%3A%2F%2Fwww.ents-bbs.org%2Fviewtopic.php%3Ff%3D175%26t%3D7872","N"
"Western Soapberry","Sapindus saponaria var. drummondii","Arizona","Gila","Tonto Natural Bridge State Park","","","There is an admission fee.","","142566","1","","","","Public - state","","Clinometer/laser rangefinder/sine","1.5'","18''","","","Turner Sharp","2016-09-23","http%3A%2F%2Fwww.ents-bbs.org%2Fviewtopic.php%3Ff%3D175%26t%3D7872","N"
"Western Soapberry","Sapindus saponaria var. drummondii","Arizona","Gila","Tonto Natural Bridge State Park","","","There is an admission fee.","","142567","1","","","","Public - state","13.9'","Clinometer/laser rangefinder/sine","1.2'","15''","","","Turner Sharp","2016-09-23","http%3A%2F%2Fwww.ents-bbs.org%2Fviewtopic.php%3Ff%3D175%26t%3D7872","N"
"Western Soapberry","Sapindus saponaria var. drummondii","Arizona","Gila","Tonto Natural Bridge State Park","34 19.208","-111 27.446","There is an admission fee.","","142568","1","34 19.208","-111 27.446","","Public - state","15.9'","Clinometer/laser rangefinder/sine","1.8'","22''","","Circumference taken at 1 3/4'.","Turner Sharp","2016-09-23","http%3A%2F%2Fwww.ents-bbs.org%2Fviewtopic.php%3Ff%3D175%26t%3D7872","N"
"Arizona Alder","Alnus oblongifolia","Arizona","Graham","Pinaleno Mountains","32 39.077","-109 48.830","","","93014","1","32 39.077","-109 48.830","6200.0 ft","Public - National Forest","66.9'","Clinometer/laser rangefinder/sine","5.4'","64''","","","Turner Sharp","2012-02-24","","N"
"Arizona Alder","Alnus oblongifolia","Arizona","Graham","Pinaleno Mountains","32 39.077","-109 48.830","","","93013","1","32 39.077","-109 48.830","6200.0 ft","Public - National Forest","105.9'","Clinometer/laser rangefinder/sine","9.8'","118''","","","Turner Sharp","2012-02-24","","N"
"Arizona Pine","Pinus arizonica var. arizonica","Arizona","Graham","Pinaleno Mountains","32 38.875","-109 48.959","","","93006","1","32 38.875","-109 48.959","6500.0 ft","Public - National Forest","49.1'","Clinometer/laser rangefinder/sine","5.4'","64''","","","Turner Sharp","2012-02-24","","N"
"Arizona Pine","Pinus arizonica var. arizonica","Arizona","Graham","Pinaleno Mountains","32 38.875","-109 48.959","","","93003","1","32 38.875","-109 48.959","6500.0 ft","Public - National Forest","58.9'","Clinometer/laser rangefinder/sine","7.5'","90''","","","Turner Sharp","2012-02-24","","N"
"Arizona Pine","Pinus arizonica var. arizonica","Arizona","Graham","Pinaleno Mountains","32 38.875","-109 48.959","","","93007","1","32 38.875","-109 48.959","6500.0 ft","Public - National Forest","81.4'","Clinometer/laser rangefinder/sine","7.9'","95''","","","Turner Sharp","2012-02-24","","N"
"Ponderosa Pine","Pinus ponderosa var. brachyptera","Arizona","Graham","Pinaleno Mountains","32 37.358","-109 49.387","","","93009","1","32 37.358","-109 49.387","8500.0 ft","Public - National Forest","62.6'","Clinometer/laser rangefinder/sine","5.1'","61''","","","Turner Sharp","2012-02-24","","N"
"Ponderosa Pine","Pinus ponderosa var. brachyptera","Arizona","Graham","Pinaleno Mountains","","","","","93011","1","","","8500.0 ft","Public - National Forest","68.5'","Clinometer/laser rangefinder/sine","7.2'","86''","","","Turner Sharp","2012-02-24","","N"
"Ponderosa Pine","Pinus ponderosa var. brachyptera","Arizona","Graham","Pinaleno Mountains","32 37.358","-109 49.387","","","93012","1","32 37.358","-109 49.387","8500.0 ft","Public - National Forest","72.2'","Clinometer/laser rangefinder/sine","7.2'","87''","","","Turner Sharp","2012-02-24","","N"
"Rocky Mountain Douglas-Fir","Pseudotsuga menziesii var. glauca","Arizona","Graham","Pinaleno Mountains","32 37.358","-109 49.387","","","93010","1","32 37.358","-109 49.387","8500.0 ft","Public - National Forest","6.7'","Clinometer/laser rangefinder/sine","7.3'","88''","","","Turner Sharp","2012-02-24","","N"
"Rocky Mountain Douglas-Fir","Pseudotsuga menziesii var. glauca","Arizona","Graham","Pinaleno Mountains","32 38.875","-109 48.959","","","93002","1","32 38.875","-109 48.959","6500.0 ft","Public - National Forest","70.5'","Clinometer/laser rangefinder/sine","5.9'","70''","","","Turner Sharp","2012-02-24","","N"
"Rocky Mountain Douglas-Fir","Pseudotsuga menziesii var. glauca","Arizona","Graham","Pinaleno Mountains","32 38.875","-109 48.959","","","93005","1","32 38.875","-109 48.959","6500.0 ft","Public - National Forest","70.7'","Clinometer/laser rangefinder/sine","6.0'","72''","","","Turner Sharp","2012-02-24","","N"
"Rocky Mountain Douglas-Fir","Pseudotsuga menziesii var. glauca","Arizona","Graham","Pinaleno Mountains","32 37.358","-109 49.387","","","93008","1","32 37.358","-109 49.387","8500.0 ft","Public - National Forest","88.0'","Clinometer/laser rangefinder/sine","10.7'","128''","","","Turner Sharp","2012-02-24","","N"
"Rocky Mountain Douglas-Fir","Pseudotsuga menziesii var. glauca","Arizona","Graham","Pinaleno Mountains","32 39.077","-109 48.830","","","93015","1","32 39.077","-109 48.830","6200.0 ft","Public - National Forest","145.0'","Clinometer/laser rangefinder/sine","","","","","Turner Sharp","2012-02-24","","N"
"Silverleaf Oak","Quercus hypoleucoides","Arizona","Graham","Pinaleno Mountains","32 38.875","-109 48.959","","","93004","1","32 38.875","-109 48.959","6500.0 ft","Public - National Forest","36.4'","Clinometer/laser rangefinder/sine","5.4'","65''","","Girth taken at 4' mid slope","Turner Sharp","2012-02-24","","N"
"Arizona Boxelder","Acer negundo var. arizonicum","Arizona","Maricopa","Jewel Of The Creek Preserve","","","","","239501","1","","","2300.0 ft","Public - Land Trust","33.6'","Clinometer/laser rangefinder/sine","2.7'","32''","","","Turner Sharp","2012-02-26","","N"
"Arizona Boxelder","Acer negundo var. arizonicum","Arizona","Maricopa","Jewel Of The Creek Preserve","","","","","239502","1","","","","Public - Land Trust","35.9'","Clinometer/laser rangefinder/sine","1.8'","22''","","","Turner Sharp","2012-02-26","","N"
"Fremont Cottonwood","Populus fremontii ssp. fremontii","Arizona","Maricopa","Jewel Of The Creek Preserve","","","","","239503","1","","","2300.0 ft","Public - Land Trust","55.9'","Clinometer/laser rangefinder/sine","4.1'","49''","","","Turner Sharp","2012-02-26","","N"
"Fremont Cottonwood","Populus fremontii ssp. fremontii","Arizona","Maricopa","Jewel Of The Creek Preserve","","","","","239499","1","","","2300.0 ft","Public - Land Trust","57.9'","Clinometer/laser rangefinder/sine","10.8'","129''","","","Turner Sharp","2012-02-26","","N"
"Fremont Cottonwood","Populus fremontii ssp. fremontii","Arizona","Maricopa","Jewel Of The Creek Preserve","33 52.955","-111 57.434","","","239497","1","33 52.955","-111 57.434","2300.0 ft","Public - Land Trust","75.8'","Clinometer/laser rangefinder/sine","9.8'","118''","","","Turner Sharp","2012-02-26","","N"
"Fremont Cottonwood","Populus fremontii ssp. fremontii","Arizona","Maricopa","Jewel Of The Creek Preserve","","","","","239498","1","","","2300.0 ft","Public - Land Trust","81.2'","Clinometer/laser rangefinder/sine","10.3'","124''","","","Turner Sharp","2012-02-26","","N"
"Goodding's Willow","Salix gooddingii","Arizona","Maricopa","Jewel Of The Creek Preserve","","","","","239500","1","","","2300.0 ft","Public - Land Trust","42.0'","Clinometer/laser rangefinder/sine","2.6'","32''","","","Turner Sharp","2012-02-26","","N"
"Saguaro","Carnegiea gigantea","Arizona","Maricopa","Jewel Of The Creek Preserve","","","","","239504","1","","","2300.0 ft","Public - Land Trust","28.3'","Clinometer/laser rangefinder/sine","5.3'","64''","","","Turner Sharp","2012-02-26","","N"
"Yellow Paloverde","Parkinsonia microphylla","Arizona","Maricopa","Jewel Of The Creek Preserve","","","","","239505","1","","","2300.0 ft","Public - Land Trust","16.7'","Clinometer/laser rangefinder/sine","2.1'","25''","","","Turner Sharp","2012-02-26","","N"
"Jaeger's Joshua Tree","Yucca brevifolia var. jaegeriana","Arizona","Mohave","Grapevine Mesa","36 03.291","-114 04.000","This is a National Natural Landmark","","239529","1","36 03.291","-114 04.000","2800.0 ft","Public(BLM)","22.6'","Clinometer/laser rangefinder/sine","3.3'","39''","","","Turner Sharp","2012-03-09","","N"
"Jaeger's Joshua Tree","Yucca brevifolia var. jaegeriana","Arizona","Mohave","Grapevine Mesa","","","This is a National Natural Landmark","","239527","1","","","2800.0 ft","Public(BLM)","23.0'","Clinometer/laser rangefinder/sine","4.8'","57''","","","Turner Sharp","2012-03-09","","N"
"Jaeger's Joshua Tree","Yucca brevifolia var. jaegeriana","Arizona","Mohave","Grapevine Mesa","36 03.135","-114 03.962","This is a National Natural Landmark","","239526","1","36 03.135","-114 03.962","2800.0 ft","Public(BLM)","23.1'","Clinometer/laser rangefinder/sine","4.2'","50''","","","Turner Sharp","2012-03-09","","N"
"Jaeger's Joshua Tree","Yucca brevifolia var. jaegeriana","Arizona","Mohave","Grapevine Mesa","","","This is a National Natural Landmark","","239530","1","","","2800.0 ft","Public(BLM)","26.7'","Clinometer/laser rangefinder/sine","5.6'","67''","","","Turner Sharp","2012-03-09","","N"
"Jaeger's Joshua Tree","Yucca brevifolia var. jaegeriana","Arizona","Mohave","Grapevine Mesa","","","This is a National Natural Landmark","","239528","1","","","2800.0 ft","Public(BLM)","28.8'","Clinometer/laser rangefinder/sine","4.3'","51''","","","Turner Sharp","2012-03-09","","N"
"Jaeger's Joshua Tree","Yucca brevifolia var. jaegeriana","Arizona","Mohave","Indian Hill","35 47.580","-114 06.724","","","239615","1","35 47.580","-114 06.724","3000.0 ft","Private","16.6'","Clinometer/laser rangefinder/sine","2.3'","28''","","","Turner Sharp","2014-07-02","","N"
"Jaeger's Joshua Tree","Yucca brevifolia var. jaegeriana","Arizona","Mohave","Indian Hill","35 47.432","-114 05.798","","","239618","1","35 47.432","-114 05.798","3100.0 ft","Private","17.1'","Clinometer/laser rangefinder/sine","1.9'","23''","","","Turner Sharp","2014-07-02","","N"
"Jaeger's Joshua Tree","Yucca brevifolia var. jaegeriana","Arizona","Mohave","Indian Hill","35 47.580","-114 06.365","","","239616","1","35 47.580","-114 06.365","3100.0 ft","Private","18.4'","Clinometer/laser rangefinder/sine","2.6'","31''","","","Turner Sharp","2014-07-02","","N"
"Jaeger's Joshua Tree","Yucca brevifolia var. jaegeriana","Arizona","Mohave","Indian Hill","35 47.620","-114 06.877","","","239619","1","35 47.620","-114 06.877","3100.0 ft","Private","23.5'","Clinometer/laser rangefinder/sine","3.9'","47''","","","Turner Sharp","2014-07-02","","N"
"Joshua Tree","Yucca brevifolia var. brevifolia","Arizona","Mohave","Indian Hill","35 47.580","-114 06.313","","","239617","1","35 47.580","-114 06.313","3100.0 ft","Private","19.8'","Clinometer/laser rangefinder/sine","3.6'","43''","","","Turner Sharp","2014-07-02","","N"
"Boojum Tree","Fourquieria columnaris","Arizona","Pima","Arizona-Sonora Desert Museum","32 14.591","-111 10.091","Admission fee required. About 2 miles of trails on 98 acres with labelled plant specimens","","159290","1","32 14.591","-111 10.091","2800.0 ft","Private","9.4'","Clinometer/laser rangefinder/sine","","","","","Turner Sharp","2017-02-07","http%3A%2F%2Fwww.ents-bbs.org%2Fviewtopic.php%3Ff%3D175%26t%3D8181","N"
"Boojum Tree","Fourquieria columnaris","Arizona","Pima","Arizona-Sonora Desert Museum","32 14.591","-111 10.061","Admission fee required. About 2 miles of trails on 98 acres with labelled plant specimens","","159291","1","32 14.591","-111 10.061","2800.0 ft","Private","25.0'","Clinometer/laser rangefinder/sine","","","","","Turner Sharp","2017-02-07","http%3A%2F%2Fwww.ents-bbs.org%2Fviewtopic.php%3Ff%3D175%26t%3D8181","N"
"Catclaw Acacia","Acacia greggii","Arizona","Pima","Arizona-Sonora Desert Museum","32 14.617","-111 10.165","Admission fee required. About 2 miles of trails on 98 acres with labelled plant specimens","","159287","1","32 14.617","-111 10.165","2800.0 ft","Private","23.3'","Clinometer/laser rangefinder/sine","2.1'","25''","","","Turner Sharp","2017-02-07","http%3A%2F%2Fwww.ents-bbs.org%2Fviewtopic.php%3Ff%3D175%26t%3D8181","N"
"Desert Ironwood","Olneya tesota","Arizona","Pima","Arizona-Sonora Desert Museum","32 14.595","-111 10.042","Admission fee required. About 2 miles of trails on 98 acres with labelled plant specimens","","159289","1","32 14.595","-111 10.042","2800.0 ft","Private","27.0'","Clinometer/laser rangefinder/sine","3.3'","39''","","Circumference taken at 2 1/2'","Turner Sharp","2017-02-07","http%3A%2F%2Fwww.ents-bbs.org%2Fviewtopic.php%3Ff%3D175%26t%3D8181","N"
"Mexican Blue Oak","Quercus oblongifolia","Arizona","Pima","Arizona-Sonora Desert Museum","32 14.591","-111 10.149","Admission fee required. About 2 miles of trails on 98 acres with labelled plant specimens","","159286","1","32 14.591","-111 10.149","2800.0 ft","Private","15.3'","Clinometer/laser rangefinder/sine","2.6'","31''","","","Turner Sharp","2017-02-07","http%3A%2F%2Fwww.ents-bbs.org%2Fviewtopic.php%3Ff%3D175%26t%3D8181","N"
"Saguaro","Carnegiea gigantea","Arizona","Pima","Arizona-Sonora Desert Museum","32 14.627","-111 10.136","Admission fee required. About 2 miles of trails on 98 acres with labelled plant specimens","","159288","1","32 14.627","-111 10.136","2800.0 ft","Private","32.6'","Clinometer/laser rangefinder/sine","5.5'","66''","","","Turner Sharp","2017-02-07","http%3A%2F%2Fwww.ents-bbs.org%2Fviewtopic.php%3Ff%3D175%26t%3D8181","N"
"Desert Willow","Chilopsis linearis","Arizona","Pima","Catalina State Park","32 25.403","-110 55.078","Trees were measured along the washes and campground areas.","","159297","1","32 25.403","-110 55.078","2800.0 ft","Public - state","32.2'","Clinometer/laser rangefinder/sine","5.5'","66''","","","Turner Sharp, Susan Sharp","2017-02-09","http%3A%2F%2Fwww.ents-bbs.org%2Fviewtopic.php%3Ff%3D175%26t%3D8181","N"
"Netleaf Hackberry","Celtis laevigata var. reticulata","Arizona","Pima","Catalina State Park","32 25.501","-110 54.553","Trees were measured along the washes and campground areas.","","159300","1","32 25.501","-110 54.553","2800.0 ft","Public - state","19.6'","Clinometer/laser rangefinder/sine","4.3'","52''","","Circumference taken at 3 1/2'","Turner Sharp, Susan Sharp","2017-02-09","http%3A%2F%2Fwww.ents-bbs.org%2Fviewtopic.php%3Ff%3D175%26t%3D8181","N"
"Saguaro","Carnegiea gigantea","Arizona","Pima","Catalina State Park","32 25.543","-110 54.558","Trees were measured along the washes and campground areas.","","159298","1","32 25.543","-110 54.558","2800.0 ft","Public - state","37.8'","Clinometer/laser rangefinder/sine","","","","","Turner Sharp, Susan Sharp","2017-02-09","http%3A%2F%2Fwww.ents-bbs.org%2Fviewtopic.php%3Ff%3D175%26t%3D8181","N"
"Velvet Ash","Fraxinus velutina","Arizona","Pima","Catalina State Park","32 25.374","-110 55.108","Trees were measured along the washes and campground areas.","","159299","1","32 25.374","-110 55.108","2800.0 ft","Public - state","19.6'","Clinometer/laser rangefinder/sine","10.6'","128''","","Top out.","Turner Sharp, Susan Sharp","2017-02-09","http%3A%2F%2Fwww.ents-bbs.org%2Fviewtopic.php%3Ff%3D175%26t%3D8181","N"
"Velvet Mesquite","Prosopis velutina","Arizona","Pima","Catalina State Park","32 25.515","-110 54.529","Trees were measured along the washes and campground areas.","","159301","1","32 25.515","-110 54.529","2800.0 ft","Public - state","28.3'","Clinometer/laser rangefinder/sine","4.6'","55''","","","Turner Sharp, Susan Sharp","2017-02-09","http%3A%2F%2Fwww.ents-bbs.org%2Fviewtopic.php%3Ff%3D175%26t%3D8181","N"
"Jumping Cholla","Cylindropuntia fulgida","Arizona","Pima","Saguaro National Park - East","32 13.066","-110 43.742","","","159296","1","32 13.066","-110 43.742","2800.0 ft","Public - federal","9.1'","Clinometer/laser rangefinder/sine","1.6'","19''","","Along Shantz Trail","Turner Sharp, Susan Sharp","2017-02-08","http%3A%2F%2Fwww.ents-bbs.org%2Fviewtopic.php%3Ff%3D175%26t%3D8181","N"
"Saguaro","Carnegiea gigantea","Arizona","Pima","Saguaro National Park - East","32 12.703","-110 43.487","","","159292","1","32 12.703","-110 43.487","2800.0 ft","Public - federal","23.6'","Clinometer/laser rangefinder/sine","","","","Along Mica View Trail.
6 arms","Turner Sharp, Susan Sharp","2017-02-08","http%3A%2F%2Fwww.ents-bbs.org%2Fviewtopic.php%3Ff%3D175%26t%3D8181","N"
"Saguaro","Carnegiea gigantea","Arizona","Pima","Saguaro National Park - East","32 12.742","-110 43.501","","","159293","1","32 12.742","-110 43.501","2800.0 ft","Public - federal","31.1'","Clinometer/laser rangefinder/sine","","","","Along Mica View Trail.
6 arms.","Turner Sharp, Susan Sharp","2017-02-08","http%3A%2F%2Fwww.ents-bbs.org%2Fviewtopic.php%3Ff%3D175%26t%3D8181","N"
"Saguaro","Carnegiea gigantea","Arizona","Pima","Saguaro National Park - East","32 12.769","-110 43.540","","","159294","1","32 12.769","-110 43.540","2800.0 ft","Public - federal","33.2'","Clinometer/laser rangefinder/sine","6.8'","81''","","Along Mica View Trail.
13 arms from main trunk, plus 14 secondary arms","Turner Sharp, Susan Sharp","2017-02-08","http%3A%2F%2Fwww.ents-bbs.org%2Fviewtopic.php%3Ff%3D175%26t%3D8181","N"
"Saguaro","Carnegiea gigantea","Arizona","Pima","Saguaro National Park - East","32 12.969","-110 43.559","","","159295","1","32 12.969","-110 43.559","2800.0 ft","Public - federal","37.5'","Clinometer/laser rangefinder/sine","","","","Along Mica View Trail.
GPS co-ordinates are along the trail.","Turner Sharp, Susan Sharp","2017-02-08","http%3A%2F%2Fwww.ents-bbs.org%2Fviewtopic.php%3Ff%3D175%26t%3D8181","N"
"Desert Ironwood","Olneya tesota","Arizona","Pima","Saguaro NP - West","32 15.660","-111 12.525","","","24665","1","32 15.660","-111 12.525","2400.0 ft","Public - National Park","20.9'","Clinometer/laser rangefinder/sine","3.0'","36''","","","Turner Sharp","2012-02-20","","N"
"Ocotillo","Fouquieria splendens","Arizona","Pima","Saguaro NP - West","32 15.660","-111 12.525","","","24661","1","32 15.660","-111 12.525","2400.0 ft","Public - National Park","18.7'","Clinometer/laser rangefinder/sine","","","","","Turner Sharp","2012-02-20","","N"
"Ocotillo","Fouquieria splendens","Arizona","Pima","Saguaro NP - West","32 15.660","-111 12.525","","","24660","1","32 15.660","-111 12.525","2400.0 ft","Public - National Park","19.9'","Clinometer/laser rangefinder/sine","","","","","Turner Sharp","2012-02-20","","N"
"Saguaro","Carnegiea gigantea","Arizona","Pima","Saguaro NP - West","32 15.660","-111 12.525","","","24663","1","32 15.660","-111 12.525","2400.0 ft","Public - National Park","27.0'","Clinometer/laser rangefinder/sine","5.5'","66''","","","Turner Sharp","2012-02-20","","N"
"Saguaro","Carnegiea gigantea","Arizona","Pima","Saguaro NP - West","32 17.453","-111 12.477","","","24668","1","32 17.453","-111 12.477","2500.0 ft","Public - National Park","29.6'","Clinometer/laser rangefinder/sine","4.6'","55''","","","Turner Sharp","2012-02-20","","N"
"Saguaro","Carnegiea gigantea","Arizona","Pima","Saguaro NP - West","32 17.453","-111 12.477","","","24669","1","32 17.453","-111 12.477","2500.0 ft","Public - National Park","29.6'","Clinometer/laser rangefinder/sine","4.0'","48''","","","Turner Sharp","2012-02-20","","N"
"Saguaro","Carnegiea gigantea","Arizona","Pima","Saguaro NP - West","32 15.660","-111 12.525","","","24664","1","32 15.660","-111 12.525","2400.0 ft","Public - National Park","33.0'","Clinometer/laser rangefinder/sine","5.4'","65''","","","Turner Sharp","2012-02-20","","N"
"Saguaro","Carnegiea gigantea","Arizona","Pima","Saguaro NP - West","32 15.660","-111 12.525","","","24662","1","32 15.660","-111 12.525","2400.0 ft","Public - National Park","42.3'","Clinometer/laser rangefinder/sine","5.8'","69''","","","Turner Sharp","2012-02-20","","N"
"Yellow Paloverde","Parkinsonia microphylla","Arizona","Pima","Saguaro NP - West","32 17.453","-111 12.477","","","24666","1","32 17.453","-111 12.477","2500.0 ft","Public - National Park","18.2'","Clinometer/laser rangefinder/sine","2.0'","24''","","","Turner Sharp","2012-02-20","","N"
"Yellow Paloverde","Parkinsonia microphylla","Arizona","Pima","Saguaro NP - West","32 17.453","-111 12.477","","","24667","1","32 17.453","-111 12.477","2500.0 ft","Public - National Park","20.1'","Clinometer/laser rangefinder/sine","1.7'","20''","","","Turner Sharp","2012-02-20","","N"
"Alligator Juniper","Juniperus deppeana","Arizona","Pima","Santa Catalina Mountains","32 20.127","-110 43.315","","","226309","1","32 20.127","-110 43.315","5700.0 ft","Public - National Forest","31.0'","Clinometer/laser rangefinder/sine","4.5'","54''","","Girth taken at 3 1/2' mid slope","Turner Sharp, Denise Sharp","2012-02-02","","N"
"Alligator Juniper","Juniperus deppeana","Arizona","Pima","Santa Catalina Mountains","32 20.127","-110 43.315","","","226307","1","32 20.127","-110 43.315","4700.0 ft","Public - National Forest","39.3'","Clinometer/laser rangefinder/sine","6.9'","82''","","","Turner Sharp, Denise Sharp","2012-02-02","","N"
"Alligator Juniper","Juniperus deppeana","Arizona","Pima","Santa Catalina Mountains","32 20.127","-110 43.315","","","226310","1","32 20.127","-110 43.315","4700.0 ft","Public - National Forest","43.4'","Clinometer/laser rangefinder/sine","6.3'","76''","","","Turner Sharp, Denise Sharp","2012-02-02","","N"
"Arizona Cypress","Hesperocyparis arizonica","Arizona","Pima","Santa Catalina Mountains","32 21.977","-110 42.475","","","226312","1","32 21.977","-110 42.475","5600.0 ft","Public - National Forest","56.1'","Clinometer/laser rangefinder/sine","6.2'","74''","","","Turner Sharp, Denise Sharp","2012-02-02","","N"
"Arizona Cypress","Hesperocyparis arizonica","Arizona","Pima","Santa Catalina Mountains","32 21.977","-110 42.475","","","226311","1","32 21.977","-110 42.475","","Public - National Forest","58.5'","Clinometer/laser rangefinder/sine","","","","","Turner Sharp, Denise Sharp","2012-02-02","","N"
"Arizona Cypress","Hesperocyparis arizonica","Arizona","Pima","Santa Catalina Mountains","32 21.977","-110 42.475","","","226302","1","32 21.977","-110 42.475","5600.0 ft","Public - National Forest","77.8'","Clinometer/laser rangefinder/sine","9.3'","112''","","","Turner Sharp, Denise Sharp","2012-02-02","","N"
"Arizona Pine","Pinus arizonica var. arizonica","Arizona","Pima","Santa Catalina Mountains","","","","","226301","1","","","","Public - National Forest","92.0'","Clinometer/laser rangefinder/sine","12.0'","144''","","","Turner Sharp, Denise Sharp","2012-02-02","","N"
"Arizona White Oak","Quercus arizonica","Arizona","Pima","Santa Catalina Mountains","32 20.146","-110 41.932","","","226305","1","32 20.146","-110 41.932","4400.0 ft","Public - National Forest","26.8'","Clinometer/laser rangefinder/sine","5.0'","59''","","","Turner Sharp, Denise Sharp","2012-02-02","","N"
"Canyon Live Oak","Quercus chrysolepis var. chrysolepis","Arizona","Pima","Santa Catalina Mountains","32 20.146","-110 41.932","","","226303","1","32 20.146","-110 41.932","4400.0 ft","Public - National Forest","35.6'","Clinometer/laser rangefinder/sine","8.5'","102''","62.0'","","Turner Sharp, Denise Sharp","2012-02-02","","N"
"Emory Oak","Quercus emoryi","Arizona","Pima","Santa Catalina Mountains","32 20.146","-110 41.932","","","226304","1","32 20.146","-110 41.932","4400.0 ft","Public - National Forest","35.4'","Clinometer/laser rangefinder/sine","6.2'","74''","","","Turner Sharp, Denise Sharp","2012-02-02","","N"
"Emory Oak","Quercus emoryi","Arizona","Pima","Santa Catalina Mountains","32 20.127","-110 43.315","","","226308","1","32 20.127","-110 43.315","4700.0 ft","Public - National Forest","40.0'","Clinometer/laser rangefinder/sine","5.8'","70''","","","Turner Sharp, Denise Sharp","2012-02-02","","N"
"Fremont Cottonwood","Populus fremontii ssp. fremontii","Arizona","Pima","Santa Catalina Mountains","32 20.224","-110 43.203","","","226306","1","32 20.224","-110 43.203","4700.0 ft","Public - National Forest","51.2'","Clinometer/laser rangefinder/sine","11.9'","142''","","","Turner Sharp, Denise Sharp","2012-02-02","","N"
"Quaking Aspen","Populus tremuloides","Arizona","Pima","Santa Catalina Mountains","32 26.877","-110 46.745","","","226297","1","32 26.877","-110 46.745","8200.0 ft","Public - National Forest","48.8'","Clinometer/laser rangefinder/sine","","","","","Turner Sharp, Denise Sharp","2012-02-02","","N"
"Rocky Mountain Douglas-Fir","Pseudotsuga menziesii var. glauca","Arizona","Pima","Santa Catalina Mountains","32 25.873","-110 44.894","","","226300","1","32 25.873","-110 44.894","8000.0 ft","Public - National Forest","80.2'","Clinometer/laser rangefinder/sine","","","","","Turner Sharp, Denise Sharp","2012-02-02","","N"
"Rocky Mountain Douglas-Fir","Pseudotsuga menziesii var. glauca","Arizona","Pima","Santa Catalina Mountains","32 25.873","-110 44.894","","","226299","1","32 25.873","-110 44.894","8000.0 ft","Public - National Forest","100.7'","Clinometer/laser rangefinder/sine","5.3'","64''","","","Turner Sharp, Denise Sharp","2012-02-02","","N"
"Velvet Ash","Fraxinus velutina","Arizona","Pima","Santa Catalina Mountains","32 26.877","-110 46.745","","","226296","1","32 26.877","-110 46.745","8.2 ft","Public - National Forest","64.0'","Clinometer/laser rangefinder/sine","5.4'","65''","","","Turner Sharp, Denise Sharp","2012-02-02","","N"
"White Fir","Abies concolor","Arizona","Pima","Santa Catalina Mountains","32 26.877","-110 46.745","","","226298","1","32 26.877","-110 46.745","8200.0 ft","Public - National Forest","88.8'","Clinometer/laser rangefinder/sine","","","","","Turner Sharp, Denise Sharp","2012-02-02","","N"
"Canyon Grape","Vitis arizonica","Arizona","Pima","Tohono Ghul Botanical Park","32 20.316","-110 58.764","Must pay admission fee.","","159268","1","32 20.316","-110 58.764","2600.0 ft","Private","","Clinometer/laser rangefinder/sine","1.0'","12''","","","Turner Sharp","2017-02-05","http%3A%2F%2Fwww.ents-bbs.org%2Fviewtopic.php%3Ff%3D175%26t%3D8181","N"
"Saguaro","Carnegiea gigantea","Arizona","Pima","Tohono Ghul Botanical Park","32 20.327","-110 58.862","Must pay admission fee.","","159265","1","32 20.327","-110 58.862","2600.0 ft","Private","19.3'","Clinometer/laser rangefinder/sine","4.7'","56''","","Circumference at 1/2' is 2.9'.
This Saguaro has 5 arms.","Turner Sharp","2017-02-05","http%3A%2F%2Fwww.ents-bbs.org%2Fviewtopic.php%3Ff%3D175%26t%3D8181","N"
"Sonoran Palmetto","Sabal uresma","Arizona","Pima","Tohono Ghul Botanical Park","32 20.314","-110 58.766","Must pay admission fee.","","159267","1","32 20.314","-110 58.766","2600.0 ft","Private","33.3'","Clinometer/laser rangefinder/sine","","","","Native to north western Mexico.","Turner Sharp","2017-02-05","http%3A%2F%2Fwww.ents-bbs.org%2Fviewtopic.php%3Ff%3D175%26t%3D8181","N"
"Yellow Paloverde","Parkinsonia microphylla","Arizona","Pima","Tohono Ghul Botanical Park","32 20.312","-110 58.885","Must pay admission fee.","","159266","1","32 20.312","-110 58.885","2600.0 ft","Private","27.0'","Clinometer/laser rangefinder/sine","2.5'","30''","","Circumference taken at 2 1/2'
Measured the largest of three stems.","Turner Sharp","2017-02-05","http%3A%2F%2Fwww.ents-bbs.org%2Fviewtopic.php%3Ff%3D175%26t%3D8181","N"
"Afgan Pine","Pinus brutia var. eldarica","Arizona","Pima","University Of Arizona Arboretum","32 13.989","-110 57.271","Offices located in Herring Hall","","274862","1","32 13.989","-110 57.271","2400.0 ft","Public","69.2'","Clinometer/laser rangefinder/sine","6.2'","74''","","","Turner Sharp","2017-02-06","http%3A%2F%2Fwww.ents-bbs.org%2Fviewtopic.php%3Ff%3D175%26t%3D8181","N"
"Aleppo Pine","Pinus halepensis","Arizona","Pima","University Of Arizona Arboretum","32 13.906","-110 57.228","Offices located in Herring Hall","","274851","1","32 13.906","-110 57.228","2400.0 ft","Public","54.8'","Clinometer/laser rangefinder/sine","","","","","Turner Sharp","2017-02-06","http%3A%2F%2Fwww.ents-bbs.org%2Fviewtopic.php%3Ff%3D175%26t%3D8181","N"
"Arizona Cypress","Hesperocyparis arizonica","Arizona","Pima","University Of Arizona Arboretum","32 13.921","-110 57.390","Offices located in Herring Hall","","274859","1","32 13.921","-110 57.390","2400.0 ft","Public","81.6'","Clinometer/laser rangefinder/sine","5.8'","69''","","","Turner Sharp","2017-02-06","http%3A%2F%2Fwww.ents-bbs.org%2Fviewtopic.php%3Ff%3D175%26t%3D8181","N"
"California Fan Palm","Washingtonia filifera","Arizona","Pima","University Of Arizona Arboretum","32 13.902","-110 57.343","Offices located in Herring Hall","","274860","1","32 13.902","-110 57.343","2400.0 ft","Public","46.3'","Clinometer/laser rangefinder/sine","9.0'","108''","","","Turner Sharp","2017-02-06","http%3A%2F%2Fwww.ents-bbs.org%2Fviewtopic.php%3Ff%3D175%26t%3D8181","N"
"California Fan Palm","Washingtonia filifera","Arizona","Pima","University Of Arizona Arboretum","32 13.920","-110 57.280","Offices located in Herring Hall","","274861","1","32 13.920","-110 57.280","2400.0 ft","Public","62.9'","Clinometer/laser rangefinder/sine","5.3'","64''","","","Turner Sharp","2017-02-06","http%3A%2F%2Fwww.ents-bbs.org%2Fviewtopic.php%3Ff%3D175%26t%3D8181","N"
"Canary Island Date Palm","Phoenix canariensis","Arizona","Pima","University Of Arizona Arboretum","32 13.901","-110 57.299","Offices located in Herring Hall","","274857","1","32 13.901","-110 57.299","2400.0 ft","Public","48.9'","Clinometer/laser rangefinder/sine","4.1'","50''","","","Turner Sharp","2017-02-06","http%3A%2F%2Fwww.ents-bbs.org%2Fviewtopic.php%3Ff%3D175%26t%3D8181","N"
"Cork Oak","Quercus suber","Arizona","Pima","University Of Arizona Arboretum","32 13.942","-110 57.394","Offices located in Herring Hall","","274866","1","32 13.942","-110 57.394","2400.0 ft","Public","43.8'","Clinometer/laser rangefinder/sine","5.2'","63''","","","Turner Sharp","2017-02-06","http%3A%2F%2Fwww.ents-bbs.org%2Fviewtopic.php%3Ff%3D175%26t%3D8181","N"
"Durango Emory Oak","Quercus durifolia","Arizona","Pima","University Of Arizona Arboretum","32 13.896","-110 57.261","Offices located in Herring Hall","","274853","1","32 13.896","-110 57.261","2400.0 ft","Public","34.9'","Clinometer/laser rangefinder/sine","3.6'","43''","","","Turner Sharp","2017-02-06","http%3A%2F%2Fwww.ents-bbs.org%2Fviewtopic.php%3Ff%3D175%26t%3D8181","N"
"Fremont Cottonwood","Populus fremontii ssp. mesetae","Arizona","Pima","University Of Arizona Arboretum","32 13.893","-110 57.282","Offices located in Herring Hall","","274855","1","32 13.893","-110 57.282","2400.0 ft","Public","79.9'","Clinometer/laser rangefinder/sine","9.9'","119''","","AKA  Yaqui Cottonwood","Turner Sharp","2017-02-06","http%3A%2F%2Fwww.ents-bbs.org%2Fviewtopic.php%3Ff%3D175%26t%3D8181","N"
"Italian Cypress","Cupressus sempervirens","Arizona","Pima","University Of Arizona Arboretum","32 13.830","-110 57.318","Offices located in Herring Hall","","274865","1","32 13.830","-110 57.318","2400.0 ft","Public","85.7'","Clinometer/laser rangefinder/sine","","","","'Fastigate' . Also known as Italian Cypress.","Turner Sharp","2017-02-06","http%3A%2F%2Fwww.ents-bbs.org%2Fviewtopic.php%3Ff%3D175%26t%3D8181","N"
"Italian Cypress","Cupressus sempervirens","Arizona","Pima","University Of Arizona Arboretum","32 13.831","-110 57.326","Offices located in Herring Hall","","274864","1","32 13.831","-110 57.326","2400.0 ft","Public","86.8'","Clinometer/laser rangefinder/sine","","","","'Fastigate' form. Also known as Italian Cypress","Turner Sharp","2017-02-06","http%3A%2F%2Fwww.ents-bbs.org%2Fviewtopic.php%3Ff%3D175%26t%3D8181","N"
"Mountain Cottonwood","Populus brandegeei","Arizona","Pima","University Of Arizona Arboretum","32 13.890","-110 57.266","Offices located in Herring Hall","","274854","1","32 13.890","-110 57.266","2400.0 ft","Public","57.9'","Clinometer/laser rangefinder/sine","4.9'","59''","","The nomenclature of this species is unresolved..
AKA Guerigo","Turner Sharp","2017-02-06","http%3A%2F%2Fwww.ents-bbs.org%2Fviewtopic.php%3Ff%3D175%26t%3D8181","N"
"Oriental Arborvitae","Platycladus orientalis","Arizona","Pima","University Of Arizona Arboretum","32 13.938","-110 57.394","Offices located in Herring Hall","","274867","1","32 13.938","-110 57.394","2400.0 ft","Public","56.4'","Clinometer/laser rangefinder/sine","4.8'","57''","","","Turner Sharp","2017-02-06","http%3A%2F%2Fwww.ents-bbs.org%2Fviewtopic.php%3Ff%3D175%26t%3D8181","N"
"River Redgum","Eucalyptus camaldulensis","Arizona","Pima","University Of Arizona Arboretum","32 13.891","-110 57.342","Offices located in Herring Hall","","274858","1","32 13.891","-110 57.342","2400.0 ft","Public","84.0'","Clinometer/laser rangefinder/sine","12.2'","146''","","","Turner Sharp","2017-02-06","http%3A%2F%2Fwww.ents-bbs.org%2Fviewtopic.php%3Ff%3D175%26t%3D8181","N"
"Soaptree Yucca","Yucca elata","Arizona","Pima","University Of Arizona Arboretum","","","Offices located in Herring Hall","","274852","1","","","","Public","15.8'","Clinometer/laser rangefinder/sine","","","","","Turner Sharp","2017-02-06","http%3A%2F%2Fwww.ents-bbs.org%2Fviewtopic.php%3Ff%3D175%26t%3D8181","N"
"Washington Fan Palm","Washingtonia robusta","Arizona","Pima","University Of Arizona Arboretum","32 13.894","-110 57.307","Offices located in Herring Hall","","274856","1","32 13.894","-110 57.307","2400.0 ft","Public","72.5'","Clinometer/laser rangefinder/sine","4.1'","49''","","","Turner Sharp","2017-02-06","http%3A%2F%2Fwww.ents-bbs.org%2Fviewtopic.php%3Ff%3D175%26t%3D8181","N"
"Washington Fan Palm","Washingtonia robusta","Arizona","Pima","University Of Arizona Arboretum","32 13.969","-110 57.314","Offices located in Herring Hall","","274863","1","32 13.969","-110 57.314","2400.0 ft","Public","73.1'","Clinometer/laser rangefinder/sine","4.3'","51''","","AKA Mexican Fan Palm","Turner Sharp","2017-02-06","http%3A%2F%2Fwww.ents-bbs.org%2Fviewtopic.php%3Ff%3D175%26t%3D8181","N"
"Alligator Juniper","Juniperus deppeana","Arizona","Various","Arizona Single Tree Sites","34 34.442","-111 10.161","","","130983","1","34 34.442","-111 10.161","7000.0 ft","Various","61.7'","Clinometer/laser rangefinder/sine","12.2'","146''","","Tree is along FS 95 south of AZ 87 near Happy Jack (Clints Well). Coconino National Forest, Coconino County.
Measured by T. Sharp 9/20/2016.","Various Varioua","2000-01-01","","N"
"Fremont Cottonwood","Populus fremontii ssp. fremontii","Arizona","Various","Arizona Single Tree Sites","35 42.579","-109 33.517","","","130981","1","35 42.579","-109 33.517","6360.0 ft","Various","53.4'","Clinometer/laser rangefinder/sine","12.1'","145''","91.5'","Located near the Huabbell Trading Post NHS, Granado. Apache County. Crown spread is maximum. average is 77'. Elevation is 6.360'. Measured by T. Sharp 9/2016.","Various Varioua","2000-01-01","","N"
"Gambel Oak","Quercus gambelii var. gambelii","Arizona","Various","Arizona Single Tree Sites","34 28.336","-111 24.551","","","130982","1","34 28.336","-111 24.551","7000.0 ft","Various","71.4'","Clinometer/laser rangefinder/sine","11.1'","133''","","Tree is along FS 616 near Happy Jack (Clints Well). Coconino National Forest,Coconino County.
Measured by T. Sharp 9/20/2016.","Various Varioua","2000-01-01","","N"
"Mojave Yucca","Yucca schidigera","Arizona","Various","Arizona Single Tree Sites","35 44.398","-114 04.221","","","130979","1","35 44.398","-114 04.221","2900.0 ft","Various","11.1'","Clinometer/laser rangefinder/sine","","","","Measured by Turner Sharp 7/2/2014.
Along AZ 149 Antteras Point Road
Mohave County","Various Varioua","2000-01-01","","N"
"New Mexico Locust","Robinia neomexicana var. neomexicana","Arizona","Various","Arizona Single Tree Sites","36 11.883","-112 03.153","","","130977","1","36 11.883","-112 03.153","8200.0 ft","Various","38.8'","Clinometer/laser rangefinder/sine","2.8'","34''","","Measured by Turner Sharp 6/19/2014
Tree is to left of front door of cabin 341 on
north rim of Grand Cany0n National Park in Coconino County.","Various Varioua","2000-01-01","","N"
"New Mexico Locust","Robinia neomexicana var. neomexicana","Arizona","Various","Arizona Single Tree Sites","34 26.720","-111 08.774","","","130984","1","34 26.720","-111 08.774","7000.0 ft","Various","41.5'","Clinometer/laser rangefinder/sine","1.8'","22''","","Tree is along FS 137 near Happy Jack (Clints Well). Coconino National Forest, Coconino County.
Measured by T. Sharp 9/22/2016.","Various Varioua","2000-01-01","","N"
"Ponderosa Pine","Pinus ponderosa var. brachyptera","Arizona","Various","Arizona Single Tree Sites","35 13.433","-111 39.288","","","130976","1","35 13.433","-111 39.288","7000.0 ft","Various","99.9'","Clinometer/laser rangefinder/sine","13.4'","161''","","Measured by T. Sharp 9/15/2016
Tree located on the grounds of the Arizona Historical Society - Pioneer Museum located in Flagstaff, Coconino County.
Previously measured by Turner Sharp 2/25/2012
at 96.7' x 158.8"", 6/24/2014 at 98.4' x 159.6""","Various Varioua","2000-01-01","","N"
"Rocky Mountain Maple","Acer glabrum var. glabrum","Arizona","Various","Arizona Single Tree Sites","35 22.507","-111 36.225","","","130978","1","35 22.507","-111 36.225","7900.0 ft","Various","37.4'","Clinometer/laser rangefinder/sine","","","","Measured by Turner Sharp 6/22/2014
In Coconino National Forest along FS 552 near Flagstaff, Coconino County.
Tree is many stemmed","Various Varioua","2000-01-01","","N"
"Twoneedle Pinyon","Pinus edulis","Arizona","Various","Arizona Single Tree Sites","35 40.425","-112 08.210","","","130980","1","35 40.425","-112 08.210","","Various","44.8'","Clinometer/laser rangefinder/sine","8.5'","102''","62.0'","Measured by T. Sharp 6/4/2015. Tree is dead. Tree was alive 6/14. Tree located on left side of AZ 64 heading North near mile marker 226. crown spread an average of two measurements. Located in Coconino County. Elevation 6,000'","Various Varioua","2000-01-01","","N"
"Arizona Alder","Alnus oblongifolia","Arizona","Yavapai","Crescent Moon Picnic Area","","","","","130889","1","","","4000.0 ft","Public","54.6'","Clinometer/laser rangefinder/sine","3.8'","46''","","","Turner Sharp","2014-06-26","http%3A%2F%2Fwww.ents-bbs.org%2Fviewtopic.php%3Ff%3D175%26t%3D6745","N"
"Arizona Boxelder","Acer negundo var. arizonicum","Arizona","Yavapai","Crescent Moon Picnic Area","","","","","130892","1","","","4000.0 ft","Public","44.2'","Clinometer/laser rangefinder/sine","5.9'","71''","","","Turner Sharp","2014-06-26","http%3A%2F%2Fwww.ents-bbs.org%2Fviewtopic.php%3Ff%3D175%26t%3D6745","N"
"Arizona Cypress","Hesperocyparis arizonica","Arizona","Yavapai","Crescent Moon Picnic Area","","","","","130898","1","","","4000.0 ft","Public","38.3'","Clinometer/laser rangefinder/sine","7.1'","86''","","","Turner Sharp","2014-06-26","http%3A%2F%2Fwww.ents-bbs.org%2Fviewtopic.php%3Ff%3D175%26t%3D6745","N"
"Arizona Cypress","Hesperocyparis arizonica","Arizona","Yavapai","Crescent Moon Picnic Area","","","","","130893","1","","","4000.0 ft","Public","46.4'","Clinometer/laser rangefinder/sine","6.0'","72''","","","Turner Sharp","2014-06-26","http%3A%2F%2Fwww.ents-bbs.org%2Fviewtopic.php%3Ff%3D175%26t%3D6745","N"
"Arizona Cypress","Hesperocyparis arizonica","Arizona","Yavapai","Crescent Moon Picnic Area","","","","","130896","1","","","4000.0 ft","Public","73.3'","Clinometer/laser rangefinder/sine","4.4'","53''","","","Turner Sharp","2014-06-26","http%3A%2F%2Fwww.ents-bbs.org%2Fviewtopic.php%3Ff%3D175%26t%3D6745","N"
"Arizona Sycamore","Platanus wrightii","Arizona","Yavapai","Crescent Moon Picnic Area","","","","","130899","1","","","4000.0 ft","Public","65.1'","Clinometer/laser rangefinder/sine","9.0'","107''","","","Turner Sharp","2014-06-26","http%3A%2F%2Fwww.ents-bbs.org%2Fviewtopic.php%3Ff%3D175%26t%3D6745","N"
"Arizona Walnut","Juglans major","Arizona","Yavapai","Crescent Moon Picnic Area","","","","","130894","1","","","4000.0 ft","Public","33.9'","Clinometer/laser rangefinder/sine","4.2'","50''","","","Turner Sharp","2014-06-26","http%3A%2F%2Fwww.ents-bbs.org%2Fviewtopic.php%3Ff%3D175%26t%3D6745","N"
"Fremont Cottonwood","Populus fremontii ssp. fremontii","Arizona","Yavapai","Crescent Moon Picnic Area","34 49.598","-111 48.295","","","130902","1","34 49.598","-111 48.295","4000.0 ft","Public","57.2'","Clinometer/laser rangefinder/sine","24.8'","298''","","","Turner Sharp","2014-06-26","http%3A%2F%2Fwww.ents-bbs.org%2Fviewtopic.php%3Ff%3D175%26t%3D6745","N"
"Fremont Cottonwood","Populus fremontii ssp. fremontii","Arizona","Yavapai","Crescent Moon Picnic Area","","","","","130895","1","","","4000.0 ft","Public","63.5'","Clinometer/laser rangefinder/sine","19.1'","229''","","","Turner Sharp","2014-06-26","http%3A%2F%2Fwww.ents-bbs.org%2Fviewtopic.php%3Ff%3D175%26t%3D6745","N"
"Fremont Cottonwood","Populus fremontii ssp. fremontii","Arizona","Yavapai","Crescent Moon Picnic Area","34 49.573","-111 48.296","","","130891","1","34 49.573","-111 48.296","4000.0 ft","Public","64.8'","Clinometer/laser rangefinder/sine","19.0'","228''","","","Turner Sharp","2014-06-26","http%3A%2F%2Fwww.ents-bbs.org%2Fviewtopic.php%3Ff%3D175%26t%3D6745","N"
"Fremont Cottonwood","Populus fremontii ssp. fremontii","Arizona","Yavapai","Crescent Moon Picnic Area","","","","","130897","1","","","4000.0 ft","Public","66.1'","Clinometer/laser rangefinder/sine","13.0'","156''","","","Turner Sharp","2014-06-26","http%3A%2F%2Fwww.ents-bbs.org%2Fviewtopic.php%3Ff%3D175%26t%3D6745","N"
"Velvet Ash","Fraxinus velutina","Arizona","Yavapai","Crescent Moon Picnic Area","","","","","130901","1","","","4000.0 ft","Public","51.8'","Clinometer/laser rangefinder/sine","3.6'","43''","","","Turner Sharp","2014-06-26","http%3A%2F%2Fwww.ents-bbs.org%2Fviewtopic.php%3Ff%3D175%26t%3D6745","N"
"Velvet Mesquite","Prosopis velutina","Arizona","Yavapai","Crescent Moon Picnic Area","","","","","130890","1","","","4000.0 ft","Public","22.5'","Clinometer/laser rangefinder/sine","2.1'","25''","","","Turner Sharp","2014-06-26","http%3A%2F%2Fwww.ents-bbs.org%2Fviewtopic.php%3Ff%3D175%26t%3D6745","N"
"White Mulberry","Morus alba","Arizona","Yavapai","Crescent Moon Picnic Area","","","","","130900","1","","","4000.0 ft","Public","25.0'","Clinometer/laser rangefinder/sine","2.4'","28''","","","Turner Sharp","2014-06-26","http%3A%2F%2Fwww.ents-bbs.org%2Fviewtopic.php%3Ff%3D175%26t%3D6745","N"
"Afgan Pine","Pinus brutia var. eldarica","Arizona","Yavapai","Dead Horse Ranch State Park","34 45.238","-112 01.275","","","96523","1","34 45.238","-112 01.275","3300.0 ft","Public - State Park","72.9'","","5.1'","61''","","Tree is in a Plantation near entrance to park","Turner Sharp","2012-03-07","","N"
"Afgan Pine","Pinus brutia var. eldarica","Arizona","Yavapai","Dead Horse Ranch State Park","34 45.238","-112 01.275","","","96524","1","34 45.238","-112 01.275","3300.0 ft","Public - State Park","74.0'","Clinometer/laser rangefinder/sine","6.0'","72''","","Tree is in plantation near entrance to the park.","Turner Sharp","2012-03-07","","N"
"Desert Willow","Chilopsis linearis","Arizona","Yavapai","Dead Horse Ranch State Park","","","","","96530","1","","","3300.0 ft","Public - State Park","36.1'","Clinometer/laser rangefinder/sine","2.9'","35''","","","Turner Sharp","2012-03-07","","N"
"Fremont Cottonwood","Populus fremontii ssp. fremontii","Arizona","Yavapai","Dead Horse Ranch State Park","","","","","96527","1","","","3300.0 ft","Public - State Park","60.3'","Clinometer/laser rangefinder/sine","18.4'","220''","","","Turner Sharp","2012-03-07","","N"
"Fremont Cottonwood","Populus fremontii ssp. fremontii","Arizona","Yavapai","Dead Horse Ranch State Park","","","","","96521","1","","","3300.0 ft","Public - State Park","62.6'","Clinometer/laser rangefinder/sine","18.1'","217''","111.8'","Maximum crown spread","Turner Sharp","2012-03-07","","N"
"Fremont Cottonwood","Populus fremontii ssp. fremontii","Arizona","Yavapai","Dead Horse Ranch State Park","","","","","96522","1","","","3300.0 ft","Public - State Park","63.0'","Clinometer/laser rangefinder/sine","","","","Double-stem 269.9""","Turner Sharp","2012-03-07","","N"
"Fremont Cottonwood","Populus fremontii ssp. fremontii","Arizona","Yavapai","Dead Horse Ranch State Park","","","","","96528","1","","","3300.0 ft","Public - State Park","69.8'","Clinometer/laser rangefinder/sine","17.0'","205''","","","Turner Sharp","2012-03-07","","N"
"Fremont Cottonwood","Populus fremontii ssp. fremontii","Arizona","Yavapai","Dead Horse Ranch State Park","","","","","96525","1","","","3300.0 ft","Public - State Park","73.4'","Clinometer/laser rangefinder/sine","18.3'","220''","","","Turner Sharp","2012-03-07","","N"
"Fremont Cottonwood","Populus fremontii ssp. fremontii","Arizona","Yavapai","Dead Horse Ranch State Park","","","","","96529","1","","","3300.0 ft","Public - State Park","73.6'","Clinometer/laser rangefinder/sine","","","","Double-stem tree with 319.5"" CBH","Turner Sharp","2012-03-07","","N"
"Fremont Cottonwood","Populus fremontii ssp. fremontii","Arizona","Yavapai","Dead Horse Ranch State Park","","","","","96526","1","","","3300.0 ft","Public - State Park","77.3'","Clinometer/laser rangefinder/sine","15.3'","184''","","Girth taken at 3 1/2' above mid-slope.","Turner Sharp","2012-03-07","","N"
"Jaeger's Joshua Tree","Yucca brevifolia var. jaegeriana","Arizona","Yavapai","Joshua Tree Forest Highway","","","","","239508","1","","","2600.0 ft","Public - State Highway","18.3'","Clinometer/laser rangefinder/sine","3.2'","38''","","","Turner Sharp","2012-03-09","","N"
"Jaeger's Joshua Tree","Yucca brevifolia var. jaegeriana","Arizona","Yavapai","Joshua Tree Forest Highway","","","","","239507","1","","","2600.0 ft","Public - State Highway","21.9'","Clinometer/laser rangefinder/sine","3.7'","44''","","","Turner Sharp","2012-03-09","","N"
"Jaeger's Joshua Tree","Yucca brevifolia var. jaegeriana","Arizona","Yavapai","Joshua Tree Forest Highway","34 13.632","-113 04.198","","","239506","1","34 13.632","-113 04.198","2600.0 ft","Public - State Highway","22.5'","Clinometer/laser rangefinder/sine","3.8'","46''","","","Turner Sharp","2012-03-09","","N"
"Arizona Alder","Alnus oblongifolia","Arizona","Yavapai","Lawrence Crossing","","","Crossing of Wet Beaver Creek is on FS 618G and has a poorly maintained campground. Crossing is unused.","","130909","1","","","3600.0 ft","Public - National Forest","64.0'","Clinometer/laser rangefinder/sine","6.1'","73''","","","Turner Sharp","2014-06-21","http%3A%2F%2Fwww.ents-bbs.org%2Fviewtopic.php%3Ff%3D175%26t%3D6745","N"
"Arizona Alder","Alnus oblongifolia","Arizona","Yavapai","Lawrence Crossing","","","Crossing of Wet Beaver Creek is on FS 618G and has a poorly maintained campground. Crossing is unused.","","130903","1","","","3600.0 ft","Public - National Forest","64.8'","Clinometer/laser rangefinder/sine","6.3'","75''","","","Turner Sharp","2014-06-21","http%3A%2F%2Fwww.ents-bbs.org%2Fviewtopic.php%3Ff%3D175%26t%3D6745","N"
"Arizona Sycamore","Platanus wrightii","Arizona","Yavapai","Lawrence Crossing","","","Crossing of Wet Beaver Creek is on FS 618G and has a poorly maintained campground. Crossing is unused.","","130908","1","","","3600.0 ft","Public - National Forest","66.9'","Clinometer/laser rangefinder/sine","7.0'","84''","","","Turner Sharp","2014-06-21","http%3A%2F%2Fwww.ents-bbs.org%2Fviewtopic.php%3Ff%3D175%26t%3D6745","N"
"Fremont Cottonwood","Populus fremontii ssp. fremontii","Arizona","Yavapai","Lawrence Crossing","","","Crossing of Wet Beaver Creek is on FS 618G and has a poorly maintained campground. Crossing is unused.","","130906","1","","","3600.0 ft","Public - National Forest","53.2'","Clinometer/laser rangefinder/sine","8.2'","99''","","","Turner Sharp","2014-06-21","http%3A%2F%2Fwww.ents-bbs.org%2Fviewtopic.php%3Ff%3D175%26t%3D6745","N"
"Peachleaf Willow","Salix amygdaloides","Arizona","Yavapai","Lawrence Crossing","34 39.207","-111 43.897","Crossing of Wet Beaver Creek is on FS 618G and has a poorly maintained campground. Crossing is unused.","","130907","1","34 39.207","-111 43.897","3600.0 ft","Public - National Forest","61.7'","Clinometer/laser rangefinder/sine","6.6'","80''","","Top is dead.","Turner Sharp","2014-06-21","http%3A%2F%2Fwww.ents-bbs.org%2Fviewtopic.php%3Ff%3D175%26t%3D6745","N"
"Rocky Mountain Juniper","Juniperus scopulorum","Arizona","Yavapai","Lawrence Crossing","","","Crossing of Wet Beaver Creek is on FS 618G and has a poorly maintained campground. Crossing is unused.","","130904","1","","","3600.0 ft","Public - National Forest","39.6'","Clinometer/laser rangefinder/sine","3.3'","40''","","","Turner Sharp","2014-06-21","http%3A%2F%2Fwww.ents-bbs.org%2Fviewtopic.php%3Ff%3D175%26t%3D6745","N"
"Velvet Ash","Fraxinus velutina","Arizona","Yavapai","Lawrence Crossing","","","Crossing of Wet Beaver Creek is on FS 618G and has a poorly maintained campground. Crossing is unused.","","130905","1","","","3600.0 ft","Public - National Forest","56.6'","Clinometer/laser rangefinder/sine","4.6'","55''","","","Turner Sharp","2014-06-21","http%3A%2F%2Fwww.ents-bbs.org%2Fviewtopic.php%3Ff%3D175%26t%3D6745","N"
"Alligator Juniper","Juniperus deppeana","Arizona","Yavapai","Mingus Mountain","","","","","23963","1","","","5200.0 ft","Public National Forest","32.2'","Clinometer/laser rangefinder/sine","5.5'","66''","","","Turner Sharp","2012-03-08","","N"
"Alligator Juniper","Juniperus deppeana","Arizona","Yavapai","Mingus Mountain","","","","","23965","1","","","5200.0 ft","Public National Forest","39.5'","Clinometer/laser rangefinder/sine","","","","Multi-stem tree measured at 2 1/2' above mid-slope
154.9""","Turner Sharp","2012-03-08","","N"
"Alligator Juniper","Juniperus deppeana","Arizona","Yavapai","Mingus Mountain","","","","","23964","1","","","5200.0 ft","Public National Forest","44.9'","Clinometer/laser rangefinder/sine","10.2'","123''","","","Turner Sharp","2012-03-08","","N"
"Alligator Juniper","Juniperus deppeana","Arizona","Yavapai","Mingus Mountain","","","","","23966","1","","","5200.0 ft","Public National Forest","50.0'","Clinometer/laser rangefinder/sine","","","","Multistem tree with CBH measured at 175.0"" 4 1/2' above midslope.","Turner Sharp","2012-03-08","","N"
"Arizona Walnut","Juglans major","Arizona","Yavapai","Mingus Mountain","34 44.477","-112 07.483","","","23969","1","34 44.477","-112 07.483","3200.0 ft","Public National Forest","28.9'","Clinometer/laser rangefinder/sine","2.9'","35''","","","Turner Sharp","2012-03-08","","N"
"Arizona White Oak","Quercus arizonica","Arizona","Yavapai","Mingus Mountain","","","","","23967","1","","","5200.0 ft","Public National Forest","29.1'","Clinometer/laser rangefinder/sine","3.6'","43''","","","Turner Sharp","2012-03-08","","N"
"Gambel Oak","Quercus gambelii var. gambelii","Arizona","Yavapai","Mingus Mountain","","","","","23970","1","","","5200.0 ft","Public National Forest","26.0'","Clinometer/laser rangefinder/sine","3.2'","38''","","","Turner Sharp","2012-03-08","","N"
"Ponderosa Pine","Pinus ponderosa var. brachyptera","Arizona","Yavapai","Mingus Mountain","","","","","23968","1","","","5200.0 ft","Public National Forest","81.4'","Clinometer/laser rangefinder/sine","7.1'","85''","","","Turner Sharp","2012-03-08","","N"
"Arizona Sycamore","Platanus wrightii","Arizona","Yavapai","Montezuma's Well","34 38.783","-111 45.683","A unit of Montezuma Castle National Monument","","23990","1","34 38.783","-111 45.683","3500.0 ft","Public - National Monument","58.6'","Clinometer/laser rangefinder/sine","13.0'","157''","","","Turner Sharp","2012-02-28","","N"
"Arizona Sycamore","Platanus wrightii","Arizona","Yavapai","Montezuma's Well","34 38.890","-111 45.735","A unit of Montezuma Castle National Monument","","23989","1","34 38.890","-111 45.735","3500.0 ft","Public - National Monument","63.3'","Clinometer/laser rangefinder/sine","9.7'","117''","","","Turner Sharp","2012-02-28","","N"
"Arizona Sycamore","Platanus wrightii","Arizona","Yavapai","Montezuma's Well","34 38.890","-111 45.735","A unit of Montezuma Castle National Monument","","23988","1","34 38.890","-111 45.735","3500.0 ft","Public - National Monument","63.8'","Clinometer/laser rangefinder/sine","8.7'","104''","","","Turner Sharp","2012-02-28","","N"
"Arizona Sycamore","Platanus wrightii","Arizona","Yavapai","Montezuma's Well","34 38.899","-111 45.075","A unit of Montezuma Castle National Monument","","23985","1","34 38.899","-111 45.075","","Public - National Monument","81.6'","Clinometer/laser rangefinder/sine","12.2'","146''","","Girth taken at 10' above mid-slope.","Turner Sharp","2012-02-28","","N"
"Fremont Cottonwood","Populus fremontii ssp. fremontii","Arizona","Yavapai","Montezuma's Well","34 38.783","-111 45.683","A unit of Montezuma Castle National Monument","","23991","1","34 38.783","-111 45.683","3500.0 ft","Public - National Monument","72.7'","Clinometer/laser rangefinder/sine","16.4'","197''","","","Turner Sharp","2012-02-28","","N"
"Fremont Cottonwood","Populus fremontii ssp. fremontii","Arizona","Yavapai","Montezuma's Well","34 38.783","-111 45.683","A unit of Montezuma Castle National Monument","","23994","1","34 38.783","-111 45.683","3500.0 ft","Public - National Monument","76.0'","Clinometer/laser rangefinder/sine","11.7'","140''","","","Turner Sharp","2012-02-28","","N"
"Fremont's Mahonia","Mahonia fremontii","Arizona","Yavapai","Montezuma's Well","34 38.931","-111 45.194","A unit of Montezuma Castle National Monument","","23984","1","34 38.931","-111 45.194","3600.0 ft","Public - National Monument","9.3'","Clinometer/laser rangefinder/sine","","","","","Turner Sharp","2012-02-28","","N"
"Netleaf Hackberry","Celtis laevigata var. reticulata","Arizona","Yavapai","Montezuma's Well","34 38.899","-111 45.075","A unit of Montezuma Castle National Monument","","23987","1","34 38.899","-111 45.075","3500.0 ft","Public - National Monument","38.9'","Clinometer/laser rangefinder/sine","2.4'","29''","","","Turner Sharp","2012-02-28","","N"
"Oneseed Juniper","Juniperus monosperma","Arizona","Yavapai","Montezuma's Well","34 38.931","-111 45.194","A unit of Montezuma Castle National Monument","","23982","1","34 38.931","-111 45.194","3600.0 ft","Public - National Monument","18.1'","Clinometer/laser rangefinder/sine","","","","","Turner Sharp","2012-02-28","","N"
"Rocky Mountain Juniper","Juniperus scopulorum","Arizona","Yavapai","Montezuma's Well","","","A unit of Montezuma Castle National Monument","","23993","1","","","3500.0 ft","Public - National Monument","38.4'","Clinometer/laser rangefinder/sine","3.4'","40''","","","Turner Sharp","2012-02-28","","N"
"Velvet Ash","Fraxinus velutina","Arizona","Yavapai","Montezuma's Well","34 38.899","-111 45.075","A unit of Montezuma Castle National Monument","","23986","1","34 38.899","-111 45.075","3500.0 ft","Public - National Monument","58.3'","Clinometer/laser rangefinder/sine","5.6'","67''","","","Turner Sharp","2012-02-28","","N"
"Velvet Ash","Fraxinus velutina","Arizona","Yavapai","Montezuma's Well","34 38.783","-111 45.683","A unit of Montezuma Castle National Monument","","23992","1","34 38.783","-111 45.683","3500.0 ft","Public - National Monument","62.8'","Clinometer/laser rangefinder/sine","5.4'","65''","","","Turner Sharp","2012-02-28","","N"
"Velvet Mesquite","Prosopis velutina","Arizona","Yavapai","Montezuma's Well","34 38.931","-111 45.194","A unit of Montezuma Castle National Monument","","23983","1","34 38.931","-111 45.194","3600.0 ft","Public - National Monument","19.1'","Clinometer/laser rangefinder/sine","1.2'","14''","","","Turner Sharp","2012-02-28","","N"
"Arizona Sycamore","Platanus wrightii","Arizona","Yavapai","Page Springs Fish Hatchery","","","","","98287","1","","","3600.0 ft","Public","68.3'","Clinometer/laser rangefinder/sine","9.0'","107''","","","Turner Sharp","2015-06-10","","N"
"Fremont Cottonwood","Populus fremontii ssp. fremontii","Arizona","Yavapai","Page Springs Fish Hatchery","","","","","98285","1","","","3600.0 ft","Public","79.2'","Clinometer/laser rangefinder/sine","14.0'","168''","","","Turner Sharp","2015-06-10","","N"
"Fremont Cottonwood","Populus fremontii ssp. fremontii","Arizona","Yavapai","Page Springs Fish Hatchery","","","","","98284","1","","","3600.0 ft","Public","80.9'","Clinometer/laser rangefinder/sine","12.6'","151''","","","Turner Sharp","2015-06-10","","N"
"Fremont Cottonwood","Populus fremontii ssp. fremontii","Arizona","Yavapai","Page Springs Fish Hatchery","34 45.734","-111 53.469","","","98283","1","34 45.734","-111 53.469","3500.0 ft","Public","85.7'","Clinometer/laser rangefinder/sine","14.5'","174''","","","Turner Sharp","2015-06-10","","N"
"Fremont Cottonwood","Populus fremontii ssp. fremontii","Arizona","Yavapai","Page Springs Fish Hatchery","","","","","98286","1","","","3600.0 ft","Public","87.4'","Clinometer/laser rangefinder/sine","12.0'","144''","","","Turner Sharp","2015-06-10","","N"
"Peachleaf Willow","Salix amygdaloides","Arizona","Yavapai","Page Springs Fish Hatchery","34 45.917","-111 53.516","","","98289","1","34 45.917","-111 53.516","3600.0 ft","Public","43.4'","Clinometer/laser rangefinder/sine","8.6'","103''","","","Turner Sharp","2015-06-10","","N"
"Velvet Mesquite","Prosopis velutina","Arizona","Yavapai","Page Springs Fish Hatchery","","","","","98288","1","","","3600.0 ft","Public","31.5'","Clinometer/laser rangefinder/sine","4.4'","52''","","","Turner Sharp","2015-06-10","","N"
"Arizona Cypress","Hesperocyparis arizonica","Arizona","Yavapai","Red Rock State Park","","","","","32594","1","","","3800.0 ft","Public - state Park","64.4'","","","","","May be planted specimen. Tentative species ID","Turner Sharp","2012-03-06","","N"
"Arizona Cypress","Hesperocyparis arizonica","Arizona","Yavapai","Red Rock State Park","","","","","32595","1","","","3800.0 ft","Public - state Park","73.4'","","","","","May be planted specimen. Tentative species ID","Turner Sharp","2012-03-06","","N"
"Fremont Cottonwood","Populus fremontii ssp. fremontii","Arizona","Yavapai","Red Rock State Park","34 48.901","-111 49.897","","","32592","1","34 48.901","-111 49.897","3800.0 ft","Public - state Park","63.6'","","","","","","Turner Sharp","2012-03-06","","N"
"Fremont Cottonwood","Populus fremontii ssp. fremontii","Arizona","Yavapai","Red Rock State Park","","","","","32593","1","","","3800.0 ft","Public - state Park","70.6'","","","","","","Turner Sharp","2012-03-06","","N"