"Common Name","Botanical Name","State","County","Site","Site Latitude","Site Longitude","Location comments","Tree name","Tree id","Measurement number","Latitude","Longitude","Elevation","Ownership type","Height (ft)","Height measurement method","Girth (ft)","Girth (in)","Crown spread (ft)","Tree comments","Measurer(s)","Measured","Trip report url","Photos available"
"Northern Red Oak","Quercus rubra","Ohio","Allen","Kendrick Woods State Nature Preserve","","","159 acres","","162177","1","","","","Public-state","103.0'","Clinometer/laser rangefinder/sine","6.9'","83''","","","Rand Brown","2015-01-24","http%3A%2F%2Fwww.ents-bbs.org%2Fviewtopic.php%3Ff%3D111%26t%3D6862","N"
"Pignut Hickory","Carya glabra","Ohio","Allen","Kendrick Woods State Nature Preserve","","","159 acres","","162173","1","","","","Public-state","103.5'","Clinometer/laser rangefinder/sine","5.8'","70''","","","Rand Brown","2015-01-24","http%3A%2F%2Fwww.ents-bbs.org%2Fviewtopic.php%3Ff%3D111%26t%3D6862","N"
"Pin Oak","Quercus palustris","Ohio","Allen","Kendrick Woods State Nature Preserve","","","159 acres","","162180","1","","","","Public-state","95.0'","Clinometer/laser rangefinder/sine","9.4'","113''","","","Rand Brown","2015-01-24","http%3A%2F%2Fwww.ents-bbs.org%2Fviewtopic.php%3Ff%3D111%26t%3D6862","N"
"Pin Oak","Quercus palustris","Ohio","Allen","Kendrick Woods State Nature Preserve","","","159 acres","","162178","1","","","","Public-state","110.0'","Clinometer/laser rangefinder/sine","9.3'","112''","","","Rand Brown","2015-01-24","http%3A%2F%2Fwww.ents-bbs.org%2Fviewtopic.php%3Ff%3D111%26t%3D6862","N"
"White Oak","Quercus alba","Ohio","Allen","Kendrick Woods State Nature Preserve","","","159 acres","","162175","1","","","","Public-state","95.5'","Clinometer/laser rangefinder/sine","11.6'","139''","","Standing dead tree.","Rand Brown","2015-01-24","http%3A%2F%2Fwww.ents-bbs.org%2Fviewtopic.php%3Ff%3D111%26t%3D6862","N"
"White Oak","Quercus alba","Ohio","Allen","Kendrick Woods State Nature Preserve","","","159 acres","","162176","1","","","","Public-state","100.0'","Clinometer/laser rangefinder/sine","10.0'","120''","","","Rand Brown","2015-01-24","http%3A%2F%2Fwww.ents-bbs.org%2Fviewtopic.php%3Ff%3D111%26t%3D6862","N"
"White Oak","Quercus alba","Ohio","Allen","Kendrick Woods State Nature Preserve","","","159 acres","","162179","1","","","","Public-state","101.0'","Clinometer/laser rangefinder/sine","11.4'","137''","","","Rand Brown","2015-01-24","http%3A%2F%2Fwww.ents-bbs.org%2Fviewtopic.php%3Ff%3D111%26t%3D6862","N"
"White Oak","Quercus alba","Ohio","Allen","Kendrick Woods State Nature Preserve","","","159 acres","","162174","1","","","","Public-state","106.0'","Clinometer/laser rangefinder/sine","11.8'","142''","","","Rand Brown","2015-01-24","http%3A%2F%2Fwww.ents-bbs.org%2Fviewtopic.php%3Ff%3D111%26t%3D6862","N"
"American Sycamore","Platanus occidentalis","Ohio","Ashland","Clearfork Gorge","40 36.669","-082 18.185","","","165797","1","40 36.669","-082 18.185","","public","148.0'","Clinometer/laser rangefinder/sine","","","","","Stefan Radivoyevitch","2015-01-29","","N"
"American Sycamore","Platanus occidentalis","Ohio","Ashland","Clearfork Gorge","40 36.669","-082 18.135","","","165788","1","40 36.669","-082 18.135","","public","154.0'","Clinometer/laser rangefinder/sine","5.0'","60''","14.0'","","Stefan Radivoyevitch","2017-03-30","","N"
"Bitternut Hickory","Carya cordiformis","Ohio","Ashland","Clearfork Gorge","","","","","165813","1","","","1100.0 ft","public","132.5'","Clinometer/laser rangefinder/sine","","","","","Steve Galehouse, Rand Brown","2011-03-18","","N"
"Black Cherry","Prunus serotina var. serotina","Ohio","Ashland","Clearfork Gorge","","","","","165814","1","","","","public","108.8'","Clinometer/laser rangefinder/sine","","","","","Steve Galehouse, Rand Brown","2011-03-18","","N"
"Eastern Hemlock","Tsuga canadensis","Ohio","Ashland","Clearfork Gorge","40 36.650","-082 18.603","","","2397","1","40 36.650","-082 18.603","","public","126.0'","Clinometer/laser rangefinder/sine","","","","Across river from campsite","Rand Brown, Steve Galehouse","2011-03-17","","N"
"Eastern Hemlock","Tsuga canadensis","Ohio","Ashland","Clearfork Gorge","","","","","165815","1","","","","public","126.0'","Clinometer/laser rangefinder/sine","","","","","Steve Galehouse, Rand Brown","2011-03-18","","N"
"Eastern Hemlock","Tsuga canadensis","Ohio","Ashland","Clearfork Gorge","","","","","165795","1","","","","public","130.0'","Clinometer/laser rangefinder/sine","","","","","Stefan Radivoyevitch","2017-03-30","","N"
"Eastern Hemlock","Tsuga canadensis","Ohio","Ashland","Clearfork Gorge","40 36.959","-082 19.260","","","2402","1","40 36.959","-082 19.260","","public","132.0'","Clinometer/laser rangefinder/sine","11.8'","141''","","Near tallest hemlock.","Rand Brown, Steve Galehouse","2011-03-17","","N"
"Eastern Hemlock","Tsuga canadensis","Ohio","Ashland","Clearfork Gorge","40 36.656","-082 18.287","","","2396","1","40 36.656","-082 18.287","","public","139.0'","Clinometer/laser rangefinder/sine","8.8'","105''","","About 40' from tall white pine","Rand Brown, Steve Galehouse","2011-03-17","","N"
"Eastern Hemlock","Tsuga canadensis","Ohio","Ashland","Clearfork Gorge","","","","","165796","1","","","","public","139.0'","Clinometer/laser rangefinder/sine","","","","","Stefan Radivoyevitch","2017-03-30","","N"
"Eastern Hemlock","Tsuga canadensis","Ohio","Ashland","Clearfork Gorge","40 36.937","-082 19.263","","","2398","1","40 36.937","-082 19.263","","public","140.0'","Clinometer/laser rangefinder/sine","11.8'","142''","","","Rand Brown, Steve Galehouse","2011-03-17","","N"
"Eastern White Pine","Pinus strobus","Ohio","Ashland","Clearfork Gorge","","","","","165789","1","","","","public","131.0'","Clinometer/laser rangefinder/sine","","","","","Stefan Radivoyevitch","2017-03-30","","N"
"Eastern White Pine","Pinus strobus","Ohio","Ashland","Clearfork Gorge","","","","","165790","1","","","","public","135.0'","Clinometer/laser rangefinder/sine","","","","","Stefan Radivoyevitch","2017-03-30","","N"
"Eastern White Pine","Pinus strobus","Ohio","Ashland","Clearfork Gorge","","","","","165791","1","","","","public","135.0'","Clinometer/laser rangefinder/sine","","","","","Stefan Radivoyevitch","2017-03-30","","N"
"Eastern White Pine","Pinus strobus","Ohio","Ashland","Clearfork Gorge","","","","","165792","1","","","","public","139.0'","Clinometer/laser rangefinder/sine","","","","","Stefan Radivoyevitch","2017-03-30","","N"
"Eastern White Pine","Pinus strobus","Ohio","Ashland","Clearfork Gorge","","","","","165793","1","","","","public","143.0'","Clinometer/laser rangefinder/sine","10.7'","128''","","","Stefan Radivoyevitch","2017-03-30","","N"
"Eastern White Pine","Pinus strobus","Ohio","Ashland","Clearfork Gorge","","","","","165794","1","","","","public","144.0'","Clinometer/laser rangefinder/sine","8.9'","107''","","","Stefan Radivoyevitch","2017-03-30","","N"
"Eastern White Pine","Pinus strobus","Ohio","Ashland","Clearfork Gorge","40 36.648","-082 18.266","","","2395","1","40 36.648","-082 18.266","1039.0 ft","public","156.2'","Clinometer/laser rangefinder/sine","10.2'","122''","","About 100 yards uphill from campsite","Rand Brown, Steve Galehouse","2011-03-17","","N"
"Eastern White Pine","Pinus strobus","Ohio","Ashland","Clearfork Gorge","40 36.664","-082 18.252","","","159202","2","40 36.664","-082 18.252","","public","157.7'","Clinometer/laser rangefinder/sine","","","","","Stefan Radivoyevitch, Stefan Radivoyevitch","2017-03-30","","N"
"Eastern White Pine","Pinus strobus","Ohio","Ashland","Clearfork Gorge","","","","","173486","1","","","","public","159.4'","Clinometer/laser rangefinder/sine","","","","Average height of three separate measurements (159.2, 159.2, 159.8). Base was marked off 4.5 ft from mid-slope. 
 
Tree was found and first measured by Steve Galehouse and Rand Brown in 2011 at a height 156.2 ft.","Stefan Radivoyevitch","2018-05-02","","N"
"Sugar Maple","Acer saccharum","Ohio","Ashland","Clearfork Gorge","","","","","165816","1","","","","public","113.4'","Clinometer/laser rangefinder/sine","","","","","Steve Galehouse, Rand Brown","2011-03-18","","N"
"Tuliptree","Liriodendron tulipifera","Ohio","Ashland","Clearfork Gorge","","","","","165817","1","","","","public","129.0'","Clinometer/laser rangefinder/sine","8.3'","100''","","","Steve Galehouse, Rand Brown","2011-03-18","","N"
"Tuliptree","Liriodendron tulipifera","Ohio","Ashland","Clearfork Gorge","","","","","165818","1","","","","public","134.6'","Clinometer/laser rangefinder/sine","8.8'","105''","","","Steve Galehouse, Rand Brown","2011-03-18","","N"
"Tuliptree","Liriodendron tulipifera","Ohio","Ashland","Clearfork Gorge","","","","","165819","1","","","","public","135.0'","Clinometer/laser rangefinder/sine","7.9'","95''","","","Steve Galehouse, Rand Brown","2011-03-18","","N"
"Tuliptree","Liriodendron tulipifera","Ohio","Ashland","Clearfork Gorge","","","","","165820","1","","","","public","138.0'","Clinometer/laser rangefinder/sine","","","","","Steve Galehouse, Rand Brown","2011-03-18","","N"
"Tuliptree","Liriodendron tulipifera","Ohio","Ashland","Clearfork Gorge","40 36.983","-082 19.142","","","2401","1","40 36.983","-082 19.142","","public","138.5'","Clinometer/laser rangefinder/sine","","","","Across river from tall tulips and hemlocks.","Rand Brown, Steve Galehouse","2011-03-17","","N"
"Tuliptree","Liriodendron tulipifera","Ohio","Ashland","Clearfork Gorge","","","","","165821","1","","","","public","141.0'","Clinometer/laser rangefinder/sine","8.8'","106''","","","Steve Galehouse, Rand Brown","2011-03-18","","N"
"Tuliptree","Liriodendron tulipifera","Ohio","Ashland","Clearfork Gorge","","","","","165822","1","","","","public","142.0'","Clinometer/laser rangefinder/sine","8.8'","106''","","","Steve Galehouse, Rand Brown","2011-03-18","","N"
"Tuliptree","Liriodendron tulipifera","Ohio","Ashland","Clearfork Gorge","40 36.932","-082 19.247","","","2400","1","40 36.932","-082 19.247","","public","151.0'","Clinometer/laser rangefinder/sine","10.3'","123''","","Near tallest tuliptree.","Rand Brown, Steve Galehouse","2011-03-17","","N"
"Tuliptree","Liriodendron tulipifera","Ohio","Ashland","Clearfork Gorge","","","","","173487","1","","","","public","152.0'","Clinometer/laser rangefinder/sine","","","","single measurement from up-slope position","Stefan Radivoyevitch","2018-05-02","","N"
"Tuliptree","Liriodendron tulipifera","Ohio","Ashland","Clearfork Gorge","40 37.168","-082 19.770","","","159201","2","40 37.168","-082 19.770","","public","156.0'","Clinometer/laser rangefinder/sine","","","","","Stefan Radivoyevitch, Stefan Radivoyevitch","2017-03-30","","N"
"Tuliptree","Liriodendron tulipifera","Ohio","Ashland","Clearfork Gorge","40 36.909","-082 19.228","","","2399","1","40 36.909","-082 19.228","","public","163.2'","Clinometer/laser rangefinder/sine","9.4'","113''","","","Rand Brown, Steve Galehouse","2011-03-17","","N"
"White Ash","Fraxinus americana","Ohio","Ashland","Clearfork Gorge","","","","","165823","1","","","","public","123.6'","Clinometer/laser rangefinder/sine","","","","","Steve Galehouse, Rand Brown","2011-03-18","","N"
"Eastern Hemlock","Tsuga canadensis","Ohio","Ashland","Mohican Memorial State Park","","","","","161632","1","","","","Public-state","11.9'","Clinometer/laser rangefinder/sine","10.0'","120''","","","Matt Markworth","2013-11-17","http%3A%2F%2Fwww.ents-bbs.org%2Fviewtopic.php%3Ff%3D111%26t%3D5858%23p26274","N"
"Tuliptree","Liriodendron tulipifera","Ohio","Ashland","Mohican Memorial State Park","","","","","161633","1","","","","Public-state","160.0'","Clinometer/laser rangefinder/sine","","","","Height is Not Less Than (NLT)","Matt Markworth","2013-11-17","http%3A%2F%2Fwww.ents-bbs.org%2Fviewtopic.php%3Ff%3D111%26t%3D5858%23p26274","N"
"Arborvitae","Thuja occidentalis","Ohio","Athens","Lin Hall Grounds","","","","","96900","1","","","720.0 ft","Public, State","46.7'","Clinometer/laser rangefinder/sine","5.3'","64''","","","Turner Sharp","2012-12-28","","N"
"Arborvitae","Thuja occidentalis","Ohio","Athens","Lin Hall Grounds","","","","","96899","1","","","720.0 ft","Public, State","50.8'","Clinometer/laser rangefinder/sine","5.2'","63''","","","Turner Sharp","2012-12-28","","N"
"Chinese Chestnut","Castanea mollissima","Ohio","Athens","Lin Hall Grounds","","","","","96901","1","","","720.0 ft","Public, State","36.9'","Clinometer/laser rangefinder/sine","6.5'","78''","","","Turner Sharp","2012-12-28","","N"
"Eastern Hemlock","Tsuga canadensis","Ohio","Athens","Lin Hall Grounds","","","","","96895","1","","","","Public, State","106.6'","Clinometer/laser rangefinder/sine","11.3'","135''","","","Turner Sharp","2012-12-28","","N"
"Eastern White Pine","Pinus strobus","Ohio","Athens","Lin Hall Grounds","","","","","96896","1","","","","Public, State","85.4'","Clinometer/laser rangefinder/sine","10.4'","124''","","","Turner Sharp","2012-12-28","","N"
"Green Ash","Fraxinus pennsylvanica","Ohio","Athens","Lin Hall Grounds","","","","","96898","1","","","","Public, State","85.6'","Clinometer/laser rangefinder/sine","9.9'","118''","","","Turner Sharp","2012-12-28","","N"
"Green Ash","Fraxinus pennsylvanica","Ohio","Athens","Lin Hall Grounds","","","","","96897","1","","","","Public, State","92.8'","Clinometer/laser rangefinder/sine","13.2'","159''","","","Turner Sharp","2012-12-28","","N"
"London Planetree","Platanus x hispanica","Ohio","Athens","Lin Hall Grounds","","","","","96890","1","","","","Public, State","69.8'","Clinometer/laser rangefinder/sine","13.1'","157''","","","Turner Sharp","2012-12-28","","N"
"Maidenhair Tree","Ginkgo biloba","Ohio","Athens","Lin Hall Grounds","","","","","96889","1","","","","Public, State","94.5'","Clinometer/laser rangefinder/sine","13.4'","160''","","","Turner Sharp","2012-12-28","","N"
"Norway Spruce","Picea abies","Ohio","Athens","Lin Hall Grounds","","","","","96888","1","","","","Public, State","96.5'","Clinometer/laser rangefinder/sine","10.5'","126''","","","Turner Sharp","2012-12-28","","N"
"Pacific Silver Fir","Abies amabilis","Ohio","Athens","Lin Hall Grounds","","","","","96893","1","","","","Public, State","","Clinometer/laser rangefinder/sine","7.9'","95''","","Top is out.","Turner Sharp","2012-12-28","","N"
"Pacific Silver Fir","Abies amabilis","Ohio","Athens","Lin Hall Grounds","","","","","96892","1","","","","Public, State","103.3'","Clinometer/laser rangefinder/sine","8.6'","103''","27.0'","Crown spread is maximum. Average crown spread is 25.5'","Turner Sharp","2012-12-28","","N"
"Shellbark Hickory","Carya laciniosa","Ohio","Athens","Lin Hall Grounds","","","","","96891","1","","","","Public, State","81.3'","Clinometer/laser rangefinder/sine","9.5'","114''","","","Turner Sharp","2012-12-28","","N"
"Sweetgum","Liquidambar styraciflua","Ohio","Athens","Lin Hall Grounds","","","","","96887","1","","","","Public, State","88.9'","Clinometer/laser rangefinder/sine","12.1'","145''","","","Turner Sharp","2012-12-28","","N"
"Sweetgum","Liquidambar styraciflua","Ohio","Athens","Lin Hall Grounds","39 19.221","-082 06.567","","","96886","1","39 19.221","-082 06.567","","Public, State","108.0'","Clinometer/laser rangefinder/sine","13.6'","163''","100.5'","Crown spread is maximum. Average crown spread is 92.5'","Turner Sharp","2012-12-28","","N"
"Tuliptree","Liriodendron tulipifera","Ohio","Athens","Lin Hall Grounds","","","","","96894","1","","","","Public, State","97.6'","Clinometer/laser rangefinder/sine","8.8'","106''","","","Turner Sharp","2012-12-28","","N"
"American Beech","Fagus grandifolia","Ohio","Athens","Riddle Nature Preserve","","","106 acres managed by the City of Athens.","","165808","1","","","","Public-state","109.3'","Clinometer/laser rangefinder/sine","5.0'","60''","","","Randy Brown","2008-04-08","http%3A%2F%2Fwww.nativetreesociety.org%2Ffieldtrips%2Fohio%2Friddle%2Friddle_hawk_woods.htm","N"
"Black Oak","Quercus velutina","Ohio","Athens","Riddle Nature Preserve","","","106 acres managed by the City of Athens.","","165812","1","","","","Public-state","98.9'","Clinometer/laser rangefinder/sine","8.5'","103''","","Tentative species ID","Randy Brown","2008-04-08","http%3A%2F%2Fwww.nativetreesociety.org%2Ffieldtrips%2Fohio%2Friddle%2Friddle_hawk_woods.htm","N"
"Chestnut Oak","Quercus montana","Ohio","Athens","Riddle Nature Preserve","","","106 acres managed by the City of Athens.","","165807","1","","","","Public-state","103.0'","Clinometer/laser rangefinder/sine","7.0'","84''","","","Randy Brown","2008-04-08","http%3A%2F%2Fwww.nativetreesociety.org%2Ffieldtrips%2Fohio%2Friddle%2Friddle_hawk_woods.htm","N"
"Eastern White Pine","Pinus strobus","Ohio","Athens","Riddle Nature Preserve","39 20.678","-082 04.266","106 acres managed by the City of Athens.","","165798","1","39 20.678","-082 04.266","800.0 ft","Public-state","103.5'","Clinometer/laser rangefinder/sine","7.8'","93''","","Planted.","Randy Brown","2008-04-08","http%3A%2F%2Fwww.nativetreesociety.org%2Ffieldtrips%2Fohio%2Friddle%2Friddle_hawk_woods.htm","N"
"Northern Red Oak","Quercus rubra","Ohio","Athens","Riddle Nature Preserve","","","106 acres managed by the City of Athens.","","165810","1","","","","Public-state","117.1'","Clinometer/laser rangefinder/sine","9.1'","110''","","","Randy Brown","2008-04-08","http%3A%2F%2Fwww.nativetreesociety.org%2Ffieldtrips%2Fohio%2Friddle%2Friddle_hawk_woods.htm","N"
"Northern Red Oak","Quercus rubra","Ohio","Athens","Riddle Nature Preserve","","","106 acres managed by the City of Athens.","","165811","1","","","","Public-state","119.5'","Clinometer/laser rangefinder/sine","6.5'","78''","","","Randy Brown","2008-04-08","http%3A%2F%2Fwww.nativetreesociety.org%2Ffieldtrips%2Fohio%2Friddle%2Friddle_hawk_woods.htm","N"
"Sugar Maple","Acer saccharum","Ohio","Athens","Riddle Nature Preserve","","","106 acres managed by the City of Athens.","","165809","1","","","","Public-state","118.5'","Clinometer/laser rangefinder/sine","8.3'","99''","","","Randy Brown","2008-04-08","http%3A%2F%2Fwww.nativetreesociety.org%2Ffieldtrips%2Fohio%2Friddle%2Friddle_hawk_woods.htm","N"
"Tuliptree","Liriodendron tulipifera","Ohio","Athens","Riddle Nature Preserve","","","106 acres managed by the City of Athens.","","165799","1","","","800.0 ft","Public-state","115.9'","Clinometer/laser rangefinder/sine","6.5'","78''","","","Randy Brown","2008-04-08","http%3A%2F%2Fwww.nativetreesociety.org%2Ffieldtrips%2Fohio%2Friddle%2Friddle_hawk_woods.htm","N"
"Tuliptree","Liriodendron tulipifera","Ohio","Athens","Riddle Nature Preserve","","","106 acres managed by the City of Athens.","","165800","1","","","","Public-state","119.5'","Clinometer/laser rangefinder/sine","","","","","Randy Brown","2008-04-08","http%3A%2F%2Fwww.nativetreesociety.org%2Ffieldtrips%2Fohio%2Friddle%2Friddle_hawk_woods.htm","N"
"Tuliptree","Liriodendron tulipifera","Ohio","Athens","Riddle Nature Preserve","","","106 acres managed by the City of Athens.","","165802","1","","","","Public-state","120.6'","Clinometer/laser rangefinder/sine","7.8'","94''","","","Randy Brown","2008-04-08","http%3A%2F%2Fwww.nativetreesociety.org%2Ffieldtrips%2Fohio%2Friddle%2Friddle_hawk_woods.htm","N"
"Tuliptree","Liriodendron tulipifera","Ohio","Athens","Riddle Nature Preserve","","","106 acres managed by the City of Athens.","","165803","1","","","","Public-state","131.6'","Clinometer/laser rangefinder/sine","6.6'","79''","","","Randy Brown","2008-04-08","http%3A%2F%2Fwww.nativetreesociety.org%2Ffieldtrips%2Fohio%2Friddle%2Friddle_hawk_woods.htm","N"
"Tuliptree","Liriodendron tulipifera","Ohio","Athens","Riddle Nature Preserve","","","106 acres managed by the City of Athens.","","165805","1","","","","Public-state","134.7'","Clinometer/laser rangefinder/sine","8.3'","100''","","","Randy Brown","2008-04-08","http%3A%2F%2Fwww.nativetreesociety.org%2Ffieldtrips%2Fohio%2Friddle%2Friddle_hawk_woods.htm","N"
"Tuliptree","Liriodendron tulipifera","Ohio","Athens","Riddle Nature Preserve","","","106 acres managed by the City of Athens.","","165801","1","","","","Public-state","135.0'","Clinometer/laser rangefinder/sine","7.7'","93''","","","Randy Brown","2008-04-08","http%3A%2F%2Fwww.nativetreesociety.org%2Ffieldtrips%2Fohio%2Friddle%2Friddle_hawk_woods.htm","N"
"Tuliptree","Liriodendron tulipifera","Ohio","Athens","Riddle Nature Preserve","","","106 acres managed by the City of Athens.","","165804","1","","","","Public-state","136.1'","Clinometer/laser rangefinder/sine","8.3'","99''","","4"" grapevine","Randy Brown","2008-04-08","http%3A%2F%2Fwww.nativetreesociety.org%2Ffieldtrips%2Fohio%2Friddle%2Friddle_hawk_woods.htm","N"
"White Oak","Quercus alba","Ohio","Athens","Riddle Nature Preserve","","","106 acres managed by the City of Athens.","","165806","1","","","","Public-state","115.9'","Clinometer/laser rangefinder/sine","5.5'","67''","","","Randy Brown","2008-04-08","http%3A%2F%2Fwww.nativetreesociety.org%2Ffieldtrips%2Fohio%2Friddle%2Friddle_hawk_woods.htm","N"
"Eastern White Pine","Pinus strobus","Ohio","Athens","Zaleski State Forest","","","","","162528","1","","","","state forest","151.0'","Clinometer/laser rangefinder/sine","8.6'","103''","","leaning","Stefan Radivoyevitch","2017-01-22","","N"
"Eastern White Pine","Pinus strobus","Ohio","Athens","Zaleski State Forest","","","","","162530","1","","","","state forest","151.0'","Clinometer/laser rangefinder/sine","","","","","Stefan Radivoyevitch","2017-01-22","","N"
"Eastern White Pine","Pinus strobus","Ohio","Athens","Zaleski State Forest","","","","","162529","1","","","","state forest","152.0'","Clinometer/laser rangefinder/sine","","","","","Stefan Radivoyevitch","2017-01-22","","N"
"Eastern White Pine","Pinus strobus","Ohio","Athens","Zaleski State Forest","","","","","162527","1","","","","state forest","157.0'","Clinometer/laser rangefinder/sine","9.6'","115''","","Average height of two measurements (156', 158') rounded down to lowest foot. Handheld, No tape wrap.

This tree was previously measured by me at 155' ht x 9' 7""cbh on 11/26/15. 

The ""pitchfork"" pine has a distinct V-shaped crown.","Stefan Radivoyevitch","2017-01-22","","N"
"American Beech","Fagus grandifolia","Ohio","Belmont","Dysart Woods, SE Ohio","","","","","9906","1","","","","public","108.3'","","9.0'","108''","","","Thomas Diggins","2007-04-01","","N"
"American Beech","Fagus grandifolia","Ohio","Belmont","Dysart Woods, SE Ohio","","","","","9905","1","","","","public","114.1'","","8.0'","96''","","","Thomas Diggins","2007-04-01","","N"
"Black Cherry","Prunus serotina","Ohio","Belmont","Dysart Woods, SE Ohio","","","","","9909","1","","","","public","111.6'","","5.8'","70''","","","Thomas Diggins","2007-04-01","","N"
"Cucumber-Tree","Magnolia acuminata","Ohio","Belmont","Dysart Woods, SE Ohio","","","","","9907","1","","","","public","119.3'","","7.2'","86''","","","Thomas Diggins","2007-04-01","","N"
"Northern Red Oak","Quercus rubra","Ohio","Belmont","Dysart Woods, SE Ohio","","","","","9899","1","","","","public","","","16.2'","194''","","","Thomas Diggins","2007-04-01","","N"
"Northern Red Oak","Quercus rubra","Ohio","Belmont","Dysart Woods, SE Ohio","","","","","9898","1","","","","public","123.8'","","11.7'","140''","","","Thomas Diggins","2007-04-01","","N"
"Northern Red Oak","Quercus rubra","Ohio","Belmont","Dysart Woods, SE Ohio","","","","","9897","1","","","","public","128.8'","","9.1'","109''","","","Thomas Diggins","2007-04-01","","N"
"Sugar Maple","Acer saccharum","Ohio","Belmont","Dysart Woods, SE Ohio","","","","","9908","1","","","","public","109.5'","","5.4'","65''","","","Thomas Diggins","2007-04-01","","N"
"Tuliptree","Liriodendron tulipifera","Ohio","Belmont","Dysart Woods, SE Ohio","","","","","9896","1","","","","public","124.9'","","8.8'","106''","","","Thomas Diggins","2007-04-01","","N"
"Tuliptree","Liriodendron tulipifera","Ohio","Belmont","Dysart Woods, SE Ohio","","","","","9895","1","","","","public","128.8'","","12.0'","144''","","","Thomas Diggins","2007-04-01","","N"
"Tuliptree","Liriodendron tulipifera","Ohio","Belmont","Dysart Woods, SE Ohio","","","","","9894","1","","","","public","133.0'","","","","","","Thomas Diggins","2007-04-01","","N"
"Tuliptree","Liriodendron tulipifera","Ohio","Belmont","Dysart Woods, SE Ohio","","","","","9893","1","","","","public","141.8'","","9.8'","117''","","","Thomas Diggins","2007-04-01","","N"
"Tuliptree","Liriodendron tulipifera","Ohio","Belmont","Dysart Woods, SE Ohio","","","","","9892","1","","","","public","144.4'","","9.2'","110''","","","Thomas Diggins","2007-04-01","","N"
"White Ash","Fraxinus americana","Ohio","Belmont","Dysart Woods, SE Ohio","","","","","9904","1","","","","public","109.9'","","","","","","Thomas Diggins","2007-04-01","","N"
"White Ash","Fraxinus americana","Ohio","Belmont","Dysart Woods, SE Ohio","","","","","9903","1","","","","public","129.2'","","7.3'","87''","","","Thomas Diggins","2007-04-01","","N"
"White Oak","Quercus alba","Ohio","Belmont","Dysart Woods, SE Ohio","","","","","9902","1","","","","public","114.3'","","","","","","Thomas Diggins","2007-04-01","","N"
"White Oak","Quercus alba","Ohio","Belmont","Dysart Woods, SE Ohio","","","","","9901","1","","","","public","121.0'","","11.5'","138''","","","Thomas Diggins","2007-04-01","","N"
"White Oak","Quercus alba","Ohio","Belmont","Dysart Woods, SE Ohio","","","","","9900","1","","","","public","125.2'","","13.5'","162''","","","Thomas Diggins","2007-04-01","","N"
"American Basswood","Tilia americana","Ohio","Butler","Miami University","","","Four Bur Oaks, including the largest one were measured on 2/3/2013 by M. Markworth.

see:http://www.ents-bbs.org/viewtopic.php?f=111&t=5009#p21622","","168461","1","","","","Public-state","","Clinometer/laser rangefinder/sine","9.6'","115''","","","Matt Markworth, Steve Galehouse","2013-05-08","http%3A%2F%2Fwww.ents-bbs.org%2Fviewtopic.php%3Ff%3D111%26t%3D5371%23p23473","N"
"American Beech","Fagus grandifolia","Ohio","Butler","Miami University","","","Four Bur Oaks, including the largest one were measured on 2/3/2013 by M. Markworth.

see:http://www.ents-bbs.org/viewtopic.php?f=111&t=5009#p21622","","168447","1","","","","Public-state","","Clinometer/laser rangefinder/sine","10.6'","127''","","","Matt Markworth, Steve Galehouse","2013-05-08","http%3A%2F%2Fwww.ents-bbs.org%2Fviewtopic.php%3Ff%3D111%26t%3D5371%23p23473","N"
"American Sycamore","Platanus occidentalis","Ohio","Butler","Miami University","","","Four Bur Oaks, including the largest one were measured on 2/3/2013 by M. Markworth.

see:http://www.ents-bbs.org/viewtopic.php?f=111&t=5009#p21622","","168442","1","","","","Public-state","","Clinometer/laser rangefinder/sine","21.8'","262''","","","Matt Markworth, Steve Galehouse","2013-05-08","http%3A%2F%2Fwww.ents-bbs.org%2Fviewtopic.php%3Ff%3D111%26t%3D5371%23p23473","N"
"Bald Cypress","Taxodium distichum","Ohio","Butler","Miami University","","","Four Bur Oaks, including the largest one were measured on 2/3/2013 by M. Markworth.

see:http://www.ents-bbs.org/viewtopic.php?f=111&t=5009#p21622","","168446","1","","","","Public-state","","Clinometer/laser rangefinder/sine","15.4'","185''","","Circumference taken at 2.75'","Matt Markworth, Steve Galehouse","2013-05-08","http%3A%2F%2Fwww.ents-bbs.org%2Fviewtopic.php%3Ff%3D111%26t%3D5371%23p23473","N"
"Black Walnut","Juglans nigra","Ohio","Butler","Miami University","","","Four Bur Oaks, including the largest one were measured on 2/3/2013 by M. Markworth.

see:http://www.ents-bbs.org/viewtopic.php?f=111&t=5009#p21622","","168452","1","","","","Public-state","","Clinometer/laser rangefinder/sine","11.1'","133''","","","Matt Markworth, Steve Galehouse","2013-05-08","http%3A%2F%2Fwww.ents-bbs.org%2Fviewtopic.php%3Ff%3D111%26t%3D5371%23p23473","N"
"Bur Oak","Quercus macrocarpa var. macrocarpa","Ohio","Butler","Miami University","","","Four Bur Oaks, including the largest one were measured on 2/3/2013 by M. Markworth.

see:http://www.ents-bbs.org/viewtopic.php?f=111&t=5009#p21622","","168439","1","","","","Public-state","","Clinometer/laser rangefinder/sine","14.6'","175''","","","Matt Markworth, Steve Galehouse","2013-05-08","http%3A%2F%2Fwww.ents-bbs.org%2Fviewtopic.php%3Ff%3D111%26t%3D5371%23p23473","N"
"Bur Oak","Quercus macrocarpa var. macrocarpa","Ohio","Butler","Miami University","","","Four Bur Oaks, including the largest one were measured on 2/3/2013 by M. Markworth.

see:http://www.ents-bbs.org/viewtopic.php?f=111&t=5009#p21622","","168440","1","","","","Public-state","","Clinometer/laser rangefinder/sine","13.0'","156''","","","Matt Markworth, Steve Galehouse","2013-05-08","http%3A%2F%2Fwww.ents-bbs.org%2Fviewtopic.php%3Ff%3D111%26t%3D5371%23p23473","N"
"Bur Oak","Quercus macrocarpa var. macrocarpa","Ohio","Butler","Miami University","","","Four Bur Oaks, including the largest one were measured on 2/3/2013 by M. Markworth.

see:http://www.ents-bbs.org/viewtopic.php?f=111&t=5009#p21622","","168441","1","","","","Public-state","","Clinometer/laser rangefinder/sine","14.2'","170''","","","Matt Markworth, Steve Galehouse","2013-05-08","http%3A%2F%2Fwww.ents-bbs.org%2Fviewtopic.php%3Ff%3D111%26t%3D5371%23p23473","N"
"Bur Oak","Quercus macrocarpa var. macrocarpa","Ohio","Butler","Miami University","","","Four Bur Oaks, including the largest one were measured on 2/3/2013 by M. Markworth.

see:http://www.ents-bbs.org/viewtopic.php?f=111&t=5009#p21622","","168438","1","","","","Public-state","98.7'","Clinometer/laser rangefinder/sine","16.9'","203''","","","Matt Markworth, Steve Galehouse","2013-05-08","http%3A%2F%2Fwww.ents-bbs.org%2Fviewtopic.php%3Ff%3D111%26t%3D5371%23p23473","N"
"Chestnut Oak","Quercus montana","Ohio","Butler","Miami University","","","Four Bur Oaks, including the largest one were measured on 2/3/2013 by M. Markworth.

see:http://www.ents-bbs.org/viewtopic.php?f=111&t=5009#p21622","","168465","1","","","","Public-state","","Clinometer/laser rangefinder/sine","9.1'","109''","","","Matt Markworth, Steve Galehouse","2013-05-08","http%3A%2F%2Fwww.ents-bbs.org%2Fviewtopic.php%3Ff%3D111%26t%3D5371%23p23473","N"
"Chinkapin Oak","Quercus muehlenbergii","Ohio","Butler","Miami University","","","Four Bur Oaks, including the largest one were measured on 2/3/2013 by M. Markworth.

see:http://www.ents-bbs.org/viewtopic.php?f=111&t=5009#p21622","","168457","1","","","","Public-state","","Clinometer/laser rangefinder/sine","12.1'","146''","","","Matt Markworth, Steve Galehouse","2013-05-08","http%3A%2F%2Fwww.ents-bbs.org%2Fviewtopic.php%3Ff%3D111%26t%3D5371%23p23473","N"
"Common Hackberry","Celtis occidentalis","Ohio","Butler","Miami University","","","Four Bur Oaks, including the largest one were measured on 2/3/2013 by M. Markworth.

see:http://www.ents-bbs.org/viewtopic.php?f=111&t=5009#p21622","","168464","1","","","","Public-state","","Clinometer/laser rangefinder/sine","9.3'","112''","","","Matt Markworth, Steve Galehouse","2013-05-08","http%3A%2F%2Fwww.ents-bbs.org%2Fviewtopic.php%3Ff%3D111%26t%3D5371%23p23473","N"
"Dawn Redwood","Metasequoia glyptostroboides","Ohio","Butler","Miami University","","","Four Bur Oaks, including the largest one were measured on 2/3/2013 by M. Markworth.

see:http://www.ents-bbs.org/viewtopic.php?f=111&t=5009#p21622","","168459","1","","","","Public-state","","Clinometer/laser rangefinder/sine","9.7'","116''","","","Matt Markworth, Steve Galehouse","2013-05-08","http%3A%2F%2Fwww.ents-bbs.org%2Fviewtopic.php%3Ff%3D111%26t%3D5371%23p23473","N"
"Eastern Cottonwood","Populus deltoides","Ohio","Butler","Miami University","","","Four Bur Oaks, including the largest one were measured on 2/3/2013 by M. Markworth.

see:http://www.ents-bbs.org/viewtopic.php?f=111&t=5009#p21622","","168450","1","","","","Public-state","","Clinometer/laser rangefinder/sine","13.7'","164''","","","Matt Markworth, Steve Galehouse","2013-05-08","http%3A%2F%2Fwww.ents-bbs.org%2Fviewtopic.php%3Ff%3D111%26t%3D5371%23p23473","N"
"Eastern White Pine","Pinus strobus","Ohio","Butler","Miami University","","","Four Bur Oaks, including the largest one were measured on 2/3/2013 by M. Markworth.

see:http://www.ents-bbs.org/viewtopic.php?f=111&t=5009#p21622","","168460","1","","","","Public-state","","Clinometer/laser rangefinder/sine","9.6'","115''","","","Matt Markworth, Steve Galehouse","2013-05-08","http%3A%2F%2Fwww.ents-bbs.org%2Fviewtopic.php%3Ff%3D111%26t%3D5371%23p23473","N"
"English Oak","Quercus robur","Ohio","Butler","Miami University","","","Four Bur Oaks, including the largest one were measured on 2/3/2013 by M. Markworth.

see:http://www.ents-bbs.org/viewtopic.php?f=111&t=5009#p21622","","168454","1","","","","Public-state","","Clinometer/laser rangefinder/sine","10.8'","129''","","Circumference taken at 2'","Matt Markworth, Steve Galehouse","2013-05-08","http%3A%2F%2Fwww.ents-bbs.org%2Fviewtopic.php%3Ff%3D111%26t%3D5371%23p23473","N"
"Kentucky Coffeetree","Gymnocladus dioicus","Ohio","Butler","Miami University","","","Four Bur Oaks, including the largest one were measured on 2/3/2013 by M. Markworth.

see:http://www.ents-bbs.org/viewtopic.php?f=111&t=5009#p21622","","168462","1","","","","Public-state","","Clinometer/laser rangefinder/sine","9.5'","114''","","","Matt Markworth, Steve Galehouse","2013-05-08","http%3A%2F%2Fwww.ents-bbs.org%2Fviewtopic.php%3Ff%3D111%26t%3D5371%23p23473","N"
"Maidenhair Tree","Ginkgo biloba","Ohio","Butler","Miami University","","","Four Bur Oaks, including the largest one were measured on 2/3/2013 by M. Markworth.

see:http://www.ents-bbs.org/viewtopic.php?f=111&t=5009#p21622","","168453","1","","","","Public-state","","Clinometer/laser rangefinder/sine","11.1'","133''","","","Matt Markworth, Steve Galehouse","2013-05-08","http%3A%2F%2Fwww.ents-bbs.org%2Fviewtopic.php%3Ff%3D111%26t%3D5371%23p23473","N"
"Northern Red Oak","Quercus rubra","Ohio","Butler","Miami University","","","Four Bur Oaks, including the largest one were measured on 2/3/2013 by M. Markworth.

see:http://www.ents-bbs.org/viewtopic.php?f=111&t=5009#p21622","","168449","1","","","","Public-state","","Clinometer/laser rangefinder/sine","13.7'","164''","","","Matt Markworth, Steve Galehouse","2013-05-08","http%3A%2F%2Fwww.ents-bbs.org%2Fviewtopic.php%3Ff%3D111%26t%3D5371%23p23473","N"
"Osage Orange","Maclura pomifera","Ohio","Butler","Miami University","","","Four Bur Oaks, including the largest one were measured on 2/3/2013 by M. Markworth.

see:http://www.ents-bbs.org/viewtopic.php?f=111&t=5009#p21622","","168443","1","","","","Public-state","","Clinometer/laser rangefinder/sine","18.5'","222''","","","Matt Markworth, Steve Galehouse","2013-05-08","http%3A%2F%2Fwww.ents-bbs.org%2Fviewtopic.php%3Ff%3D111%26t%3D5371%23p23473","N"
"Pin Oak","Quercus palustris","Ohio","Butler","Miami University","","","Four Bur Oaks, including the largest one were measured on 2/3/2013 by M. Markworth.

see:http://www.ents-bbs.org/viewtopic.php?f=111&t=5009#p21622","","168455","1","","","","Public-state","","Clinometer/laser rangefinder/sine","10.6'","127''","","","Matt Markworth, Steve Galehouse","2013-05-08","http%3A%2F%2Fwww.ents-bbs.org%2Fviewtopic.php%3Ff%3D111%26t%3D5371%23p23473","N"
"Shingle Oak","Quercus imbricaria","Ohio","Butler","Miami University","","","Four Bur Oaks, including the largest one were measured on 2/3/2013 by M. Markworth.

see:http://www.ents-bbs.org/viewtopic.php?f=111&t=5009#p21622","","168451","1","","","","Public-state","","Clinometer/laser rangefinder/sine","11.3'","136''","","Circumference taken at 3.5'","Matt Markworth, Steve Galehouse","2013-05-08","http%3A%2F%2Fwww.ents-bbs.org%2Fviewtopic.php%3Ff%3D111%26t%3D5371%23p23473","N"
"Silver Maple","Acer saccharinum","Ohio","Butler","Miami University","","","Four Bur Oaks, including the largest one were measured on 2/3/2013 by M. Markworth.

see:http://www.ents-bbs.org/viewtopic.php?f=111&t=5009#p21622","","168456","1","","","","Public-state","","Clinometer/laser rangefinder/sine","14.0'","168''","","Circumference taken at 3'","Matt Markworth, Steve Galehouse","2013-05-08","http%3A%2F%2Fwww.ents-bbs.org%2Fviewtopic.php%3Ff%3D111%26t%3D5371%23p23473","N"
"Sugar Maple","Acer saccharum","Ohio","Butler","Miami University","","","Four Bur Oaks, including the largest one were measured on 2/3/2013 by M. Markworth.

see:http://www.ents-bbs.org/viewtopic.php?f=111&t=5009#p21622","","168463","1","","","","Public-state","","Clinometer/laser rangefinder/sine","9.3'","112''","","","Matt Markworth, Steve Galehouse","2013-05-08","http%3A%2F%2Fwww.ents-bbs.org%2Fviewtopic.php%3Ff%3D111%26t%3D5371%23p23473","N"
"Sweetgum","Liquidambar styraciflua","Ohio","Butler","Miami University","","","Four Bur Oaks, including the largest one were measured on 2/3/2013 by M. Markworth.

see:http://www.ents-bbs.org/viewtopic.php?f=111&t=5009#p21622","","168448","1","","","","Public-state","","Clinometer/laser rangefinder/sine","14.9'","179''","","Circumference taken at 2.75'","Matt Markworth, Steve Galehouse","2013-05-08","http%3A%2F%2Fwww.ents-bbs.org%2Fviewtopic.php%3Ff%3D111%26t%3D5371%23p23473","N"
"Tuliptree","Liriodendron tulipifera","Ohio","Butler","Miami University","","","Four Bur Oaks, including the largest one were measured on 2/3/2013 by M. Markworth.

see:http://www.ents-bbs.org/viewtopic.php?f=111&t=5009#p21622","","168458","1","","","","Public-state","","Clinometer/laser rangefinder/sine","10.5'","126''","","","Matt Markworth, Steve Galehouse","2013-05-08","http%3A%2F%2Fwww.ents-bbs.org%2Fviewtopic.php%3Ff%3D111%26t%3D5371%23p23473","N"
"White Ash","Fraxinus americana","Ohio","Butler","Miami University","","","Four Bur Oaks, including the largest one were measured on 2/3/2013 by M. Markworth.

see:http://www.ents-bbs.org/viewtopic.php?f=111&t=5009#p21622","","168444","1","","","","Public-state","","Clinometer/laser rangefinder/sine","17.0'","204''","","","Matt Markworth, Steve Galehouse","2013-05-08","http%3A%2F%2Fwww.ents-bbs.org%2Fviewtopic.php%3Ff%3D111%26t%3D5371%23p23473","N"
"White Oak","Quercus alba","Ohio","Butler","Miami University","","","Four Bur Oaks, including the largest one were measured on 2/3/2013 by M. Markworth.

see:http://www.ents-bbs.org/viewtopic.php?f=111&t=5009#p21622","","168445","1","","","","Public-state","","Clinometer/laser rangefinder/sine","16.1'","194''","","","Matt Markworth, Steve Galehouse","2013-05-08","http%3A%2F%2Fwww.ents-bbs.org%2Fviewtopic.php%3Ff%3D111%26t%3D5371%23p23473","N"
"Bur Oak","Quercus macrocarpa var. macrocarpa","Ohio","Champaign","Champaign County","","","Trees were measured on an esker.","","169381","1","","","","Private","","Clinometer/laser rangefinder/sine","11.2'","134''","","Circumference was measured over vines.","Matt Markworth","2016-06-05","http%3A%2F%2Fwww.ents-bbs.org%2Fviewtopic.php%3Ff%3D111%26t%3D7669%26start%3D20%23p38004","N"
"Bur Oak","Quercus macrocarpa var. macrocarpa","Ohio","Champaign","Champaign County","","","Trees were measured on an esker.","","169386","1","","","","Private","20.5'","Clinometer/laser rangefinder/sine","0.9'","11''","","","Matt Markworth","2016-06-05","http%3A%2F%2Fwww.ents-bbs.org%2Fviewtopic.php%3Ff%3D111%26t%3D7669%26start%3D20%23p38004","N"
"Bur Oak","Quercus macrocarpa var. macrocarpa","Ohio","Champaign","Champaign County","","","Trees were measured on an esker.","","169385","1","","","","Private","21.0'","Clinometer/laser rangefinder/sine","0.9'","11''","","","Matt Markworth","2016-06-05","http%3A%2F%2Fwww.ents-bbs.org%2Fviewtopic.php%3Ff%3D111%26t%3D7669%26start%3D20%23p38004","N"
"Bur Oak","Quercus macrocarpa var. macrocarpa","Ohio","Champaign","Champaign County","","","Trees were measured on an esker.","","169384","1","","","","Private","29.5'","Clinometer/laser rangefinder/sine","1.8'","21''","","","Matt Markworth","2016-06-05","http%3A%2F%2Fwww.ents-bbs.org%2Fviewtopic.php%3Ff%3D111%26t%3D7669%26start%3D20%23p38004","N"
"Bur Oak","Quercus macrocarpa var. macrocarpa","Ohio","Champaign","Champaign County","","","Trees were measured on an esker.","","169383","1","","","","Private","35.5'","Clinometer/laser rangefinder/sine","2.3'","27''","","","Matt Markworth","2016-06-05","http%3A%2F%2Fwww.ents-bbs.org%2Fviewtopic.php%3Ff%3D111%26t%3D7669%26start%3D20%23p38004","N"
"Bur Oak","Quercus macrocarpa var. macrocarpa","Ohio","Champaign","Champaign County","","","Trees were measured on an esker.","","169382","1","","","","Private","54.5'","Clinometer/laser rangefinder/sine","5.3'","63''","","","Matt Markworth","2016-06-05","http%3A%2F%2Fwww.ents-bbs.org%2Fviewtopic.php%3Ff%3D111%26t%3D7669%26start%3D20%23p38004","N"
"Bur Oak","Quercus macrocarpa var. macrocarpa","Ohio","Clinton","Clinton County","","","","","169335","1","","","","Private","78.0'","Clinometer/laser rangefinder/sine","14.1'","170''","","","Matt Markworth","2016-04-22","http%3A%2F%2Fwww.ents-bbs.org%2Fviewtopic.php%3Ff%3D111%26t%3D7669%26start%3D30%23p38017","N"
"Bur Oak","Quercus macrocarpa var. macrocarpa","Ohio","Clinton","Clinton County","","","","","169334","1","","","","Private","80.5'","Clinometer/laser rangefinder/sine","14.6'","176''","","","Matt Markworth","2016-04-22","http%3A%2F%2Fwww.ents-bbs.org%2Fviewtopic.php%3Ff%3D111%26t%3D7669%26start%3D30%23p38017","N"
"Bur Oak","Quercus macrocarpa var. macrocarpa","Ohio","Clinton","Clinton County","","","","","169333","1","","","","Private","93.5'","Clinometer/laser rangefinder/sine","15.6'","187''","","Tree is dead","Matt Markworth","2016-04-22","http%3A%2F%2Fwww.ents-bbs.org%2Fviewtopic.php%3Ff%3D111%26t%3D7669%26start%3D30%23p38017","N"
"Bur Oak","Quercus macrocarpa var. macrocarpa","Ohio","Crawford","Daughmer Prairie Savannah State Nature Preserve","","","700 Marion-meiman Road, Bucyrus, Ohio
34 acres","","169299","1","","","","Public - state","70.0'","Clinometer/laser rangefinder/sine","17.9'","215''","","","Matt Markworth","2016-04-25","","N"
"Bur Oak","Quercus macrocarpa var. macrocarpa","Ohio","Crawford","Daughmer Prairie Savannah State Nature Preserve","","","700 Marion-meiman Road, Bucyrus, Ohio
34 acres","","169300","1","","","","Public - state","70.0'","Clinometer/laser rangefinder/sine","14.2'","170''","","","Matt Markworth","2016-04-25","","N"
"American Beech","Fagus grandifolia","Ohio","Cuyahoga","Bedford Reservation","","","","","14788","1","","","","Public - county","103.6'","Clinometer/laser rangefinder/sine","","","","","Steve Galehouse","2011-10-02","http%3A%2F%2Fwww.ents-bbs.org%2Fviewtopic.php%3Ff%3D111%26t%3D3075%23p38944","N"
"Bitternut Hickory","Carya cordiformis","Ohio","Cuyahoga","Bedford Reservation","","","","","14781","1","","","","Public - county","105.9'","Clinometer/laser rangefinder/sine","10.5'","126''","","","Steve Galehouse","2011-10-02","http%3A%2F%2Fwww.ents-bbs.org%2Fviewtopic.php%3Ff%3D111%26t%3D3075%23p38944","N"
"Black Oak","Quercus velutina","Ohio","Cuyahoga","Bedford Reservation","","","","","14789","1","","","","Public - county","105.4'","Clinometer/laser rangefinder/sine","8.8'","106''","","","Steve Galehouse","2011-10-02","http%3A%2F%2Fwww.ents-bbs.org%2Fviewtopic.php%3Ff%3D111%26t%3D3075%23p38944","N"
"Blackgum","Nyssa sylvatica","Ohio","Cuyahoga","Bedford Reservation","","","","","169437","1","","","","Public - county","85.0'","Clinometer/laser rangefinder/sine","11.1'","133''","","","Stefan Radivoyevitch","2016-12-13","http%3A%2F%2Fwww.ents-bbs.org%2Fviewtopic.php%3Ff%3D111%26t%3D3075%23p38944","N"
"Cucumber-Tree","Magnolia acuminata","Ohio","Cuyahoga","Bedford Reservation","","","","","14787","1","","","","Public - county","101.4'","Clinometer/laser rangefinder/sine","","","","","Steve Galehouse","2011-10-02","http%3A%2F%2Fwww.ents-bbs.org%2Fviewtopic.php%3Ff%3D111%26t%3D3075%23p38944","N"
"Cucumber-Tree","Magnolia acuminata","Ohio","Cuyahoga","Bedford Reservation","","","","","169438","1","","","","Public - county","129.0'","Clinometer/laser rangefinder/sine","12.5'","150''","","","Stefan Radivoyevitch","2016-12-13","http%3A%2F%2Fwww.ents-bbs.org%2Fviewtopic.php%3Ff%3D111%26t%3D3075%23p38944","N"
"Eastern Hemlock","Tsuga canadensis","Ohio","Cuyahoga","Bedford Reservation","","","","","14783","1","","","","Public - county","115.0'","Clinometer/laser rangefinder/sine","","","","","Steve Galehouse","2011-10-02","http%3A%2F%2Fwww.ents-bbs.org%2Fviewtopic.php%3Ff%3D111%26t%3D3075%23p38944","N"
"Northern Red Oak","Quercus rubra","Ohio","Cuyahoga","Bedford Reservation","","","","","14782","1","","","","Public - county","113.0'","Clinometer/laser rangefinder/sine","10.7'","128''","","","Steve Galehouse","2011-10-02","http%3A%2F%2Fwww.ents-bbs.org%2Fviewtopic.php%3Ff%3D111%26t%3D3075%23p38944","N"
"Shagbark Hickory","Carya ovata","Ohio","Cuyahoga","Bedford Reservation","","","","","14785","1","","","","Public - county","113.6'","Clinometer/laser rangefinder/sine","","","","","Steve Galehouse","2011-10-02","http%3A%2F%2Fwww.ents-bbs.org%2Fviewtopic.php%3Ff%3D111%26t%3D3075%23p38944","N"
"Sugar Maple","Acer saccharum","Ohio","Cuyahoga","Bedford Reservation","","","","","14790","1","","","","Public - county","107.0'","Clinometer/laser rangefinder/sine","9.7'","116''","","","Steve Galehouse","2011-10-02","http%3A%2F%2Fwww.ents-bbs.org%2Fviewtopic.php%3Ff%3D111%26t%3D3075%23p38944","N"
"Tuliptree","Liriodendron tulipifera","Ohio","Cuyahoga","Bedford Reservation","","","","","14786","1","","","","Public - county","119.4'","Clinometer/laser rangefinder/sine","","","","","Steve Galehouse","2011-10-02","http%3A%2F%2Fwww.ents-bbs.org%2Fviewtopic.php%3Ff%3D111%26t%3D3075%23p38944","N"
"White Oak","Quercus alba","Ohio","Cuyahoga","Bedford Reservation","","","","","14784","1","","","","Public - county","101.0'","Clinometer/laser rangefinder/sine","","","","","Steve Galehouse","2011-10-02","http%3A%2F%2Fwww.ents-bbs.org%2Fviewtopic.php%3Ff%3D111%26t%3D3075%23p38944","N"
"American Beech","Fagus grandifolia","Ohio","Cuyahoga","Bradley Woods Metropark","","","","","18686","1","","","","Park","108.0'","Clinometer/laser rangefinder/sine","10.3'","123''","","","Steve Galehouse","2009-12-16","","N"
"American Sycamore","Platanus occidentalis","Ohio","Cuyahoga","Bradley Woods Metropark","","","","","166925","1","","","","Park","102.0'","Clinometer/laser rangefinder/sine","","","","","Steve Galehouse","2009-03-20","","N"
"American Sycamore","Platanus occidentalis","Ohio","Cuyahoga","Bradley Woods Metropark","","","","","18692","1","","","","Park","110.0'","Clinometer/laser rangefinder/sine","8.0'","96''","","","Steve Galehouse","2009-12-16","","N"
"Bitternut Hickory","Carya cordiformis","Ohio","Cuyahoga","Bradley Woods Metropark","","","","","18687","1","","","","Park","114.5'","Clinometer/laser rangefinder/sine","7.7'","92''","","","Steve Galehouse","2009-12-16","","N"
"Black Cherry","Prunus serotina var. serotina","Ohio","Cuyahoga","Bradley Woods Metropark","","","","","166927","1","","","","Park","97.0'","Clinometer/laser rangefinder/sine","","","","","Steve Galehouse","2009-03-20","","N"
"Blackgum","Nyssa sylvatica","Ohio","Cuyahoga","Bradley Woods Metropark","","","","","166929","1","","","","Park","93.0'","Clinometer/laser rangefinder/sine","","","","","Steve Galehouse","2009-03-20","","N"
"Eastern Cottonwood","Populus deltoides","Ohio","Cuyahoga","Bradley Woods Metropark","","","","","18688","1","","","","Park","117.5'","Clinometer/laser rangefinder/sine","10.3'","123''","","","Steve Galehouse","2009-12-16","","N"
"Northern Red Oak","Quercus rubra","Ohio","Cuyahoga","Bradley Woods Metropark","","","","","18691","1","","","","Park","114.5'","Clinometer/laser rangefinder/sine","12.7'","152''","","","Steve Galehouse","2009-12-16","","N"
"Pin Oak","Quercus palustris","Ohio","Cuyahoga","Bradley Woods Metropark","","","","","18689","1","","","","Park","111.5'","Clinometer/laser rangefinder/sine","10.8'","129''","","","Steve Galehouse","2009-12-16","","N"
"Pin Oak","Quercus palustris","Ohio","Cuyahoga","Bradley Woods Metropark","","","","","166922","1","","","","Park","113.0'","Clinometer/laser rangefinder/sine","","","","","Steve Galehouse","2009-03-20","","N"
"Red Maple","Acer rubrum","Ohio","Cuyahoga","Bradley Woods Metropark","","","","","18690","1","","","","Park","101.0'","Clinometer/laser rangefinder/sine","10.9'","131''","","","Steve Galehouse","2009-12-16","","N"
"Red Maple","Acer rubrum","Ohio","Cuyahoga","Bradley Woods Metropark","","","","","166924","1","","","","Park","110.5'","Clinometer/laser rangefinder/sine","","","","","Steve Galehouse","2009-03-20","","N"
"Sassafras","Sassafras albidum","Ohio","Cuyahoga","Bradley Woods Metropark","","","","","166930","1","","","","Park","83.0'","Clinometer/laser rangefinder/sine","","","","","Steve Galehouse","2009-03-20","","N"
"Shagbark Hickory","Carya ovata","Ohio","Cuyahoga","Bradley Woods Metropark","","","","","166923","1","","","","Park","101.0'","Clinometer/laser rangefinder/sine","","","","","Steve Galehouse","2009-03-20","","N"
"Sugar Maple","Acer saccharum","Ohio","Cuyahoga","Bradley Woods Metropark","","","","","18685","1","","","","Park","101.0'","Clinometer/laser rangefinder/sine","6.6'","79''","","","Steve Galehouse","2009-12-16","","N"
"Tuliptree","Liriodendron tulipifera","Ohio","Cuyahoga","Bradley Woods Metropark","","","","","18693","1","","","","Park","120.5'","Clinometer/laser rangefinder/sine","9.9'","119''","","","Steve Galehouse","2009-12-16","","N"
"Tuliptree","Liriodendron tulipifera","Ohio","Cuyahoga","Bradley Woods Metropark","","","","","166921","1","","","","Park","133.0'","Clinometer/laser rangefinder/sine","","","","","Steve Galehouse","2009-03-20","","N"
"White Ash","Fraxinus americana","Ohio","Cuyahoga","Bradley Woods Metropark","","","","","166926","1","","","","Park","101.5'","Clinometer/laser rangefinder/sine","","","","","Steve Galehouse","2009-03-20","","N"
"White Ash","Fraxinus americana","Ohio","Cuyahoga","Bradley Woods Metropark","","","","","18694","1","","","","Park","113.0'","Clinometer/laser rangefinder/sine","8.5'","102''","","","Steve Galehouse","2009-12-16","","N"
"White Oak","Quercus alba","Ohio","Cuyahoga","Bradley Woods Metropark","","","","","166928","1","","","","Park","96.0'","Clinometer/laser rangefinder/sine","","","","","Steve Galehouse","2009-03-20","","N"
"American Beech","Fagus grandifolia","Ohio","Cuyahoga","Brecksville Reservation","","","","","5880","1","","","","public","101.2'","Clinometer/laser rangefinder/sine","","","","","Steve Galehouse","2011-08-18","","N"
"Black Cherry","Prunus serotina","Ohio","Cuyahoga","Brecksville Reservation","","","previously measured at 152' in 2017","","288176","1","","","","public","154.5'","Clinometer/laser rangefinder/sine","7.0'","84''","","average height of two handheld measurements (155 and 154) from same location . Mid-slope was taped off at 4.5'.","Stefan Radivoyevitch","2023-03-19","","N"
"Black Cherry","Prunus serotina var. serotina","Ohio","Cuyahoga","Brecksville Reservation","41 17.340","-081 34.393","","","173488","1","41 17.340","-081 34.393","","public","152.0'","Clinometer/laser rangefinder/sine","7.0'","84''","","rounded to lowest foot on the height; handheld  measurement with tape wrap at 4.5 ft from midslope","Stefan Radivoyevitch","2017-04-19","","N"
"Blackgum","Nyssa sylvatica","Ohio","Cuyahoga","Brecksville Reservation","","","","","5884","1","","","","public","94.0'","Clinometer/laser rangefinder/sine","","","","","Steve Galehouse","2011-08-18","","N"
"Cucumber-Tree","Magnolia acuminata","Ohio","Cuyahoga","Brecksville Reservation","","","","","5878","1","","","","public","96.0'","Clinometer/laser rangefinder/sine","7.7'","92''","","","Steve Galehouse","2011-08-18","","N"
"Eastern Hemlock","Tsuga canadensis","Ohio","Cuyahoga","Brecksville Reservation","","","","","5885","1","","","","public","96.0'","Clinometer/laser rangefinder/sine","","","","","Steve Galehouse","2011-08-18","","N"
"Northern Red Oak","Quercus rubra","Ohio","Cuyahoga","Brecksville Reservation","","","","","5882","1","","","","public","116.9'","Clinometer/laser rangefinder/sine","10.8'","129''","","","Steve Galehouse","2011-08-18","","N"
"Red Maple","Acer rubrum","Ohio","Cuyahoga","Brecksville Reservation","","","","","5883","1","","","","public","101.3'","Clinometer/laser rangefinder/sine","","","","","Steve Galehouse","2011-08-18","","N"
"Sugar Maple","Acer saccharum","Ohio","Cuyahoga","Brecksville Reservation","","","","","5886","1","","","","public","99.2'","Clinometer/laser rangefinder/sine","9.6'","115''","","","Steve Galehouse","2011-08-18","","N"
"Sugar Maple","Acer saccharum","Ohio","Cuyahoga","Brecksville Reservation","","","","","5877","1","","","","public","104.5'","Clinometer/laser rangefinder/sine","","","","","Steve Galehouse","2011-08-18","","N"
"Tuliptree","Liriodendron tulipifera","Ohio","Cuyahoga","Brecksville Reservation","41 17.341","-081 34.393","","","173490","2","41 17.341","-081 34.393","","public","124.0'","Clinometer/laser rangefinder/sine","13.2'","158''","","","Stefan Radivoyevitch, Stefan Radivoyevitch","2017-04-19","","N"
"Tuliptree","Liriodendron tulipifera","Ohio","Cuyahoga","Brecksville Reservation","","","","","5876","1","","","","public","130.4'","Clinometer/laser rangefinder/sine","10.1'","121''","","","Steve Galehouse","2011-08-18","","N"
"Tuliptree","Liriodendron tulipifera","Ohio","Cuyahoga","Brecksville Reservation","","","","","173491","1","","","","public","151.0'","Clinometer/laser rangefinder/sine","","","","last measured  11/28/17","Stefan Radivoyevitch","2017-04-19","","N"
"Tuliptree","Liriodendron tulipifera","Ohio","Cuyahoga","Brecksville Reservation","41 17.340","-081 34.393","","","173489","1","41 17.340","-081 34.393","","public","154.0'","Clinometer/laser rangefinder/sine","11.3'","136''","","last measured 9/29/2016 
height rounded to lowest foot
no tape wrap
 eyeballed the base
handheld measurement
vicinity coordinates","Stefan Radivoyevitch","2017-04-19","","N"
"White Ash","Fraxinus americana","Ohio","Cuyahoga","Brecksville Reservation","","","","","5881","1","","","","public","112.2'","Clinometer/laser rangefinder/sine","9.2'","110''","","","Steve Galehouse","2011-08-18","","N"
"White Oak","Quercus alba","Ohio","Cuyahoga","Brecksville Reservation","","","","","5879","1","","","","public","109.2'","Clinometer/laser rangefinder/sine","8.6'","103''","","","Steve Galehouse","2011-08-18","","N"
"American Beech","Fagus grandifolia","Ohio","Cuyahoga","Clague Park, Westlake","","","","","9984","1","","","","public","96.5'","","7.8'","94''","","","Steve Galehouse","2007-02-27","","N"
"Black Cherry","Prunus serotina","Ohio","Cuyahoga","Clague Park, Westlake","","","","","9988","1","","","","public","82.0'","","7.8'","93''","","","Steve Galehouse","2007-02-27","","N"
"Bur Oak","Quercus macrocarpa","Ohio","Cuyahoga","Clague Park, Westlake","","","","","9986","1","","","","public","94.0'","","8.7'","104''","","","Steve Galehouse","2007-02-27","","N"
"Northern Red Oak","Quercus rubra","Ohio","Cuyahoga","Clague Park, Westlake","","","","","9985","1","","","","public","97.0'","","9.3'","112''","","","Steve Galehouse","2007-02-27","","N"
"Pin Oak","Quercus palustris","Ohio","Cuyahoga","Clague Park, Westlake","","","","","9982","1","","","","public","101.5'","","9.8'","118''","","","Steve Galehouse","2007-02-27","","N"
"Red Maple","Acer rubrum","Ohio","Cuyahoga","Clague Park, Westlake","","","","","9983","1","","","","public","87.0'","","9.3'","112''","","","Steve Galehouse","2007-02-27","","N"
"Shagbark Hickory","Carya ovata","Ohio","Cuyahoga","Clague Park, Westlake","","","","","9989","1","","","","public","88.0'","","4.5'","54''","","","Steve Galehouse","2007-02-27","","N"
"Swamp White Oak","Quercus bicolor","Ohio","Cuyahoga","Clague Park, Westlake","","","","","9987","1","","","","public","94.0'","","6.4'","77''","","","Steve Galehouse","2007-02-27","","N"
"White Oak","Quercus alba","Ohio","Cuyahoga","Clague Park, Westlake","","","","","9981","1","","","","public","95.0'","","13.0'","156''","","","Steve Galehouse","2007-02-27","","N"
"White Oak","Quercus alba","Ohio","Cuyahoga","Clague Park, Westlake","","","","","9980","1","","","","public","112.0'","","11.0'","132''","","","Steve Galehouse","2007-02-27","","N"
"American Beech","Fagus grandifolia","Ohio","Cuyahoga","Claque Park","","","City of Westlake","","168596","1","","","","Public-city","96.5'","Clinometer/laser rangefinder/sine","7.8'","94''","","","Steve Galehouse","2007-02-27","http%3A%2F%2Fwww.nativetreesociety.org%2Ffieldtrips%2Fohio%2Fclague%2Fclague_park.htm","N"
"Black Cherry","Prunus serotina","Ohio","Cuyahoga","Claque Park","","","City of Westlake","","168600","1","","","","Public-city","82.0'","Clinometer/laser rangefinder/sine","7.8'","93''","","","Steve Galehouse","2007-02-27","http%3A%2F%2Fwww.nativetreesociety.org%2Ffieldtrips%2Fohio%2Fclague%2Fclague_park.htm","N"
"Bur Oak","Quercus macrocarpa var. macrocarpa","Ohio","Cuyahoga","Claque Park","","","City of Westlake","","168598","1","","","","Public-city","94.0'","Clinometer/laser rangefinder/sine","8.7'","104''","","","Steve Galehouse","2007-02-27","http%3A%2F%2Fwww.nativetreesociety.org%2Ffieldtrips%2Fohio%2Fclague%2Fclague_park.htm","N"
"Northern Red Oak","Quercus rubra","Ohio","Cuyahoga","Claque Park","","","City of Westlake","","168597","1","","","","Public-city","97.0'","Clinometer/laser rangefinder/sine","9.3'","112''","","","Steve Galehouse","2007-02-27","http%3A%2F%2Fwww.nativetreesociety.org%2Ffieldtrips%2Fohio%2Fclague%2Fclague_park.htm","N"
"Pin Oak","Quercus palustris","Ohio","Cuyahoga","Claque Park","","","City of Westlake","","168594","1","","","","Public-city","101.5'","Clinometer/laser rangefinder/sine","9.8'","118''","","","Steve Galehouse","2007-02-27","http%3A%2F%2Fwww.nativetreesociety.org%2Ffieldtrips%2Fohio%2Fclague%2Fclague_park.htm","N"
"Red Maple","Acer rubrum","Ohio","Cuyahoga","Claque Park","","","City of Westlake","","168595","1","","","","Public-city","87.0'","Clinometer/laser rangefinder/sine","9.3'","112''","","","Steve Galehouse","2007-02-27","http%3A%2F%2Fwww.nativetreesociety.org%2Ffieldtrips%2Fohio%2Fclague%2Fclague_park.htm","N"
"Shagbark Hickory","Carya ovata","Ohio","Cuyahoga","Claque Park","","","City of Westlake","","168601","1","","","","Public-city","88.0'","Clinometer/laser rangefinder/sine","4.5'","54''","","","Steve Galehouse","2007-02-27","http%3A%2F%2Fwww.nativetreesociety.org%2Ffieldtrips%2Fohio%2Fclague%2Fclague_park.htm","N"
"Swamp White Oak","Quercus bicolor","Ohio","Cuyahoga","Claque Park","","","City of Westlake","","168599","1","","","","Public-city","94.0'","Clinometer/laser rangefinder/sine","6.4'","77''","","","Steve Galehouse","2007-02-27","http%3A%2F%2Fwww.nativetreesociety.org%2Ffieldtrips%2Fohio%2Fclague%2Fclague_park.htm","N"
"White Oak","Quercus alba","Ohio","Cuyahoga","Claque Park","","","City of Westlake","","168593","1","","","","Public-city","95.0'","Clinometer/laser rangefinder/sine","13.0'","156''","","","Steve Galehouse","2007-02-27","http%3A%2F%2Fwww.nativetreesociety.org%2Ffieldtrips%2Fohio%2Fclague%2Fclague_park.htm","N"
"White Oak","Quercus alba","Ohio","Cuyahoga","Claque Park","","","City of Westlake","","168592","1","","","","Public-city","112.0'","Clinometer/laser rangefinder/sine","11.0'","132''","","","Steve Galehouse","2007-02-27","http%3A%2F%2Fwww.nativetreesociety.org%2Ffieldtrips%2Fohio%2Fclague%2Fclague_park.htm","N"
"American Sycamore","Platanus occidentalis","Ohio","Cuyahoga","Elmwood Park","","","Elmwood Park is a small park in Rocky River, less than 1/4 S of Lake Erie. Some of the park is developed, but most of the land is wooded, with low hills and valleys that appear to once have been creek beds.","","16583","1","","","","City park","106.5'","Clinometer/laser rangefinder/sine","","","","","Steve Galehouse","2011-11-01","","N"
"Black Cherry","Prunus serotina","Ohio","Cuyahoga","Elmwood Park","","","Elmwood Park is a small park in Rocky River, less than 1/4 S of Lake Erie. Some of the park is developed, but most of the land is wooded, with low hills and valleys that appear to once have been creek beds.","","16584","1","","","","City park","103.5'","Clinometer/laser rangefinder/sine","","","","","Steve Galehouse","2011-11-01","","N"
"Black Locust","Robinia pseudoacacia","Ohio","Cuyahoga","Elmwood Park","","","Elmwood Park is a small park in Rocky River, less than 1/4 S of Lake Erie. Some of the park is developed, but most of the land is wooded, with low hills and valleys that appear to once have been creek beds.","","16582","1","","","","City park","117.6'","Clinometer/laser rangefinder/sine","","","","","Steve Galehouse","2011-11-01","","N"
"Black Walnut","Juglans nigra","Ohio","Cuyahoga","Elmwood Park","","","Elmwood Park is a small park in Rocky River, less than 1/4 S of Lake Erie. Some of the park is developed, but most of the land is wooded, with low hills and valleys that appear to once have been creek beds.","","16577","1","","","","City park","103.2'","Clinometer/laser rangefinder/sine","7.5'","90''","","","Steve Galehouse","2011-11-01","","N"
"Cucumber-Tree","Magnolia acuminata","Ohio","Cuyahoga","Elmwood Park","","","Elmwood Park is a small park in Rocky River, less than 1/4 S of Lake Erie. Some of the park is developed, but most of the land is wooded, with low hills and valleys that appear to once have been creek beds.","","16585","1","","","","City park","102.9'","Clinometer/laser rangefinder/sine","9.0'","108''","","","Steve Galehouse","2011-11-01","","N"
"Eastern Cottonwood","Populus deltoides","Ohio","Cuyahoga","Elmwood Park","","","Elmwood Park is a small park in Rocky River, less than 1/4 S of Lake Erie. Some of the park is developed, but most of the land is wooded, with low hills and valleys that appear to once have been creek beds.","","16586","1","","","","City park","120.6'","Clinometer/laser rangefinder/sine","9.9'","119''","","","Steve Galehouse","2011-11-01","","N"
"Northern Red Oak","Quercus rubra","Ohio","Cuyahoga","Elmwood Park","","","Elmwood Park is a small park in Rocky River, less than 1/4 S of Lake Erie. Some of the park is developed, but most of the land is wooded, with low hills and valleys that appear to once have been creek beds.","","16581","1","","","","City park","106.9'","Clinometer/laser rangefinder/sine","9.3'","111''","","","Steve Galehouse","2011-11-01","","N"
"Sassafras","Sassafras albidum","Ohio","Cuyahoga","Elmwood Park","","","Elmwood Park is a small park in Rocky River, less than 1/4 S of Lake Erie. Some of the park is developed, but most of the land is wooded, with low hills and valleys that appear to once have been creek beds.","","16579","1","","","","City park","101.3'","Clinometer/laser rangefinder/sine","","","","","Steve Galehouse","2011-11-01","","N"
"Sugar Maple","Acer saccharum","Ohio","Cuyahoga","Elmwood Park","","","Elmwood Park is a small park in Rocky River, less than 1/4 S of Lake Erie. Some of the park is developed, but most of the land is wooded, with low hills and valleys that appear to once have been creek beds.","","16580","1","","","","City park","107.6'","Clinometer/laser rangefinder/sine","8.9'","107''","","","Steve Galehouse","2011-11-01","","N"
"Tuliptree","Liriodendron tulipifera","Ohio","Cuyahoga","Elmwood Park","","","Elmwood Park is a small park in Rocky River, less than 1/4 S of Lake Erie. Some of the park is developed, but most of the land is wooded, with low hills and valleys that appear to once have been creek beds.","","16578","1","","","","City park","119.4'","Clinometer/laser rangefinder/sine","","","","","Steve Galehouse","2011-11-01","","N"
"Tuliptree","Liriodendron tulipifera","Ohio","Cuyahoga","Forest Ridge Preserve","","","","","162980","1","","","","public","130.0'","","12.0'","144''","","","Stefan Radivoyevitch","2016-09-25","","N"
"American Beech","Fagus grandifolia","Ohio","Cuyahoga","Huntington Reservation","","","","","5908","1","","","","Metroparks","84.8'","Clinometer/laser rangefinder/sine","","","","","Steve Galehouse","2011-08-20","","N"
"American Sycamore","Platanus occidentalis","Ohio","Cuyahoga","Huntington Reservation","","","","","5911","1","","","","Metroparks","105.7'","Clinometer/laser rangefinder/sine","","","","","Steve Galehouse","2011-08-20","","N"
"Black Cherry","Prunus serotina","Ohio","Cuyahoga","Huntington Reservation","","","","","5907","1","","","","Metroparks","87.0'","Clinometer/laser rangefinder/sine","","","","","Steve Galehouse","2011-08-20","","N"
"Black Locust","Robinia pseudoacacia","Ohio","Cuyahoga","Huntington Reservation","","","","","5914","1","","","","Metroparks","69.7'","Clinometer/laser rangefinder/sine","","","","","Steve Galehouse","2011-08-20","","N"
"Black Oak","Quercus velutina","Ohio","Cuyahoga","Huntington Reservation","","","","","5896","1","","","","Metroparks","93.0'","Clinometer/laser rangefinder/sine","","","","","Steve Galehouse","2011-08-20","","N"
"Blackgum","Nyssa sylvatica","Ohio","Cuyahoga","Huntington Reservation","","","","","5904","1","","","","Metroparks","50.0'","Clinometer/laser rangefinder/sine","","","","","Steve Galehouse","2011-08-20","","N"
"Douglas-Fir","Pseudotsuga menziesii","Ohio","Cuyahoga","Huntington Reservation","","","","","5892","1","","","","Metroparks","72.9'","Clinometer/laser rangefinder/sine","","","","","Steve Galehouse","2011-08-20","","N"
"Eastern Cottonwood","Populus deltoides","Ohio","Cuyahoga","Huntington Reservation","","","","","5910","1","","","","Metroparks","88.0'","Clinometer/laser rangefinder/sine","","","","","Steve Galehouse","2011-08-20","","N"
"Eastern Hemlock","Tsuga canadensis","Ohio","Cuyahoga","Huntington Reservation","","","","","5890","1","","","","Metroparks","101.0'","Clinometer/laser rangefinder/sine","","","","","Steve Galehouse","2011-08-20","","N"
"Eastern White Pine","Pinus strobus","Ohio","Cuyahoga","Huntington Reservation","","","","","5887","1","","","","Metroparks","110.5'","Clinometer/laser rangefinder/sine","","","","","Steve Galehouse","2011-08-20","","N"
"European Beech","Fagus sylvatica","Ohio","Cuyahoga","Huntington Reservation","","","","","5909","1","","","","Metroparks","77.4'","Clinometer/laser rangefinder/sine","","","","","Steve Galehouse","2011-08-20","","N"
"Green Ash","Fraxinus pennsylvanica","Ohio","Cuyahoga","Huntington Reservation","","","","","5902","1","","","","Metroparks","103.7'","Clinometer/laser rangefinder/sine","","","","","Steve Galehouse","2011-08-20","","N"
"Honeylocust","Gleditsia triacanthos","Ohio","Cuyahoga","Huntington Reservation","","","","","5913","1","","","","Metroparks","62.6'","Clinometer/laser rangefinder/sine","","","","","Steve Galehouse","2011-08-20","","N"
"Hophornbeam","Ostrya virginiana","Ohio","Cuyahoga","Huntington Reservation","","","","","5912","1","","","","Metroparks","66.6'","Clinometer/laser rangefinder/sine","","","","","Steve Galehouse","2011-08-20","","N"
"Northern Red Oak","Quercus rubra","Ohio","Cuyahoga","Huntington Reservation","","","","","5894","1","","","","Metroparks","97.3'","Clinometer/laser rangefinder/sine","","","","","Steve Galehouse","2011-08-20","","N"
"Norway Spruce","Picea abies","Ohio","Cuyahoga","Huntington Reservation","","","","","5891","1","","","","Metroparks","93.2'","Clinometer/laser rangefinder/sine","","","","","Steve Galehouse","2011-08-20","","N"
"Pignut Hickory","Carya glabra","Ohio","Cuyahoga","Huntington Reservation","","","","","5900","1","","","","Metroparks","92.4'","Clinometer/laser rangefinder/sine","","","","","Steve Galehouse","2011-08-20","","N"
"Pin Oak","Quercus palustris","Ohio","Cuyahoga","Huntington Reservation","","","","","5895","1","","","","Metroparks","100.9'","Clinometer/laser rangefinder/sine","","","","","Steve Galehouse","2011-08-20","","N"
"Pond Pine","Pinus serotina","Ohio","Cuyahoga","Huntington Reservation","","","","","5888","1","","","","Metroparks","76.3'","Clinometer/laser rangefinder/sine","","","","","Steve Galehouse","2011-08-20","","N"
"Red Maple","Acer rubrum","Ohio","Cuyahoga","Huntington Reservation","","","","","5893","1","","","","Metroparks","99.9'","Clinometer/laser rangefinder/sine","","","","","Steve Galehouse","2011-08-20","","N"
"River Birch","Betula nigra","Ohio","Cuyahoga","Huntington Reservation","","","","","5905","1","","","","Metroparks","65.3'","Clinometer/laser rangefinder/sine","","","","","Steve Galehouse","2011-08-20","","N"
"Sassafras","Sassafras albidum","Ohio","Cuyahoga","Huntington Reservation","","","","","5903","1","","","","Metroparks","79.8'","Clinometer/laser rangefinder/sine","","","","","Steve Galehouse","2011-08-20","","N"
"Scarlet Oak","Quercus coccinea","Ohio","Cuyahoga","Huntington Reservation","","","","","5897","1","","","","Metroparks","78.0'","Clinometer/laser rangefinder/sine","","","","","Steve Galehouse","2011-08-20","","N"
"Scots Pine","Pinus sylvestris","Ohio","Cuyahoga","Huntington Reservation","","","","","5889","1","","","","Metroparks","81.6'","Clinometer/laser rangefinder/sine","","","","","Steve Galehouse","2011-08-20","","N"
"Shagbark Hickory","Carya ovata","Ohio","Cuyahoga","Huntington Reservation","","","","","5899","1","","","","Metroparks","93.9'","Clinometer/laser rangefinder/sine","","","","","Steve Galehouse","2011-08-20","","N"
"Silver Maple","Acer saccharinum","Ohio","Cuyahoga","Huntington Reservation","","","","","5915","1","","","","Metroparks","65.5'","Clinometer/laser rangefinder/sine","","","","","Steve Galehouse","2011-08-20","","N"
"Sweetgum","Liquidambar styraciflua","Ohio","Cuyahoga","Huntington Reservation","","","","","5906","1","","","","Metroparks","78.0'","Clinometer/laser rangefinder/sine","","","","","Steve Galehouse","2011-08-20","","N"
"White Ash","Fraxinus americana","Ohio","Cuyahoga","Huntington Reservation","","","","","5901","1","","","","Metroparks","96.4'","Clinometer/laser rangefinder/sine","","","","","Steve Galehouse","2011-08-20","","N"
"White Oak","Quercus alba","Ohio","Cuyahoga","Huntington Reservation","","","","","5898","1","","","","Metroparks","96.8'","Clinometer/laser rangefinder/sine","","","","","Steve Galehouse","2011-08-20","","N"
"Bald Cypress","Taxodium distichum","Ohio","Cuyahoga","Lake View Cemetery","","","Started 1869","","161631","1","","","","Private","107.0'","Clinometer/laser rangefinder/sine","","","","Measured by Stefan. Radiveyevitch on 9/11/2014","Steve Galehouse, Mitch Galehouse, Diane Galehouse","2012-02-05","http%3A%2F%2Fwww.ents-bbs.org%2Fviewtopic.php%3Ff%3D111%26t%3D3662","N"
"Gray Birch","Betula populifolia","Ohio","Cuyahoga","Lake View Cemetery","","","Started 1869","","161630","1","","","","Private","36.0'","Clinometer/laser rangefinder/sine","6.9'","83''","","","Steve Galehouse, Mitch Galehouse, Diane Galehouse","2012-02-05","http%3A%2F%2Fwww.ents-bbs.org%2Fviewtopic.php%3Ff%3D111%26t%3D3662","N"
"Tuliptree","Liriodendron tulipifera","Ohio","Cuyahoga","Lake View Cemetery","","","Started 1869","","161629","1","","","","Private","109.1'","Clinometer/laser rangefinder/sine","15.7'","188''","","","Steve Galehouse, Mitch Galehouse, Diane Galehouse","2012-02-05","http%3A%2F%2Fwww.ents-bbs.org%2Fviewtopic.php%3Ff%3D111%26t%3D3662","N"
"American Sycamore","Platanus occidentalis","Ohio","Cuyahoga","Mill Stream Run Reservation","","","","","18681","1","","","","Metropark","119.2'","Clinometer/laser rangefinder/sine","14.0'","168''","","","Steve Galehouse, Mitch Galehouse","2011-12-26","","N"
"Bitternut Hickory","Carya cordiformis","Ohio","Cuyahoga","Mill Stream Run Reservation","","","","","18669","1","","","","Metropark","100.0'","Clinometer/laser rangefinder/sine","5.8'","70''","","","Steve Galehouse, Mitch Galehouse","2011-12-26","","N"
"Black Walnut","Juglans nigra","Ohio","Cuyahoga","Mill Stream Run Reservation","","","","","18682","1","","","","Metropark","101.8'","Clinometer/laser rangefinder/sine","6.2'","74''","","","Steve Galehouse, Mitch Galehouse","2011-12-26","","N"
"Cucumber-Tree","Magnolia acuminata","Ohio","Cuyahoga","Mill Stream Run Reservation","","","","","18676","1","","","","Metropark","106.4'","Clinometer/laser rangefinder/sine","5.8'","69''","","","Steve Galehouse, Mitch Galehouse","2011-12-26","","N"
"Eastern Cottonwood","Populus deltoides","Ohio","Cuyahoga","Mill Stream Run Reservation","","","","","18679","1","","","","Metropark","103.2'","Clinometer/laser rangefinder/sine","8.1'","97''","","","Steve Galehouse, Mitch Galehouse","2011-12-26","","N"
"Freeman Maple","Acer ×freemanii","Ohio","Cuyahoga","Mill Stream Run Reservation","","","","","18670","1","","","","Metropark","105.1'","Clinometer/laser rangefinder/sine","5.7'","68''","","","Steve Galehouse, Mitch Galehouse","2011-12-26","","N"
"Green Ash","Fraxinus pennsylvanica","Ohio","Cuyahoga","Mill Stream Run Reservation","","","","","18671","1","","","","Metropark","100.9'","Clinometer/laser rangefinder/sine","4.9'","59''","","","Steve Galehouse, Mitch Galehouse","2011-12-26","","N"
"Northern Red Oak","Quercus rubra","Ohio","Cuyahoga","Mill Stream Run Reservation","","","","","18675","1","","","","Metropark","102.0'","Clinometer/laser rangefinder/sine","8.9'","107''","","","Steve Galehouse, Mitch Galehouse","2011-12-26","","N"
"Ohio Buckeye","Aesculus glabra","Ohio","Cuyahoga","Mill Stream Run Reservation","","","","","18684","1","","","","Metropark","81.4'","Clinometer/laser rangefinder/sine","5.9'","71''","","","Steve Galehouse, Mitch Galehouse","2011-12-26","","N"
"Shagbark Hickory","Carya ovata","Ohio","Cuyahoga","Mill Stream Run Reservation","","","","","18672","1","","","","Metropark","112.9'","Clinometer/laser rangefinder/sine","","","","","Steve Galehouse, Mitch Galehouse","2011-12-26","","N"
"Swamp White Oak","Quercus bicolor","Ohio","Cuyahoga","Mill Stream Run Reservation","","","","","18673","1","","","","Metropark","104.4'","Clinometer/laser rangefinder/sine","11.1'","133''","","","Steve Galehouse, Mitch Galehouse","2011-12-26","","N"
"Swamp White Oak","Quercus bicolor","Ohio","Cuyahoga","Mill Stream Run Reservation","","","","","18680","1","","","","Metropark","106.4'","Clinometer/laser rangefinder/sine","12.1'","145''","","","Steve Galehouse, Mitch Galehouse","2011-12-26","","N"
"Swamp White Oak","Quercus bicolor","Ohio","Cuyahoga","Mill Stream Run Reservation","","","","","18677","1","","","","Metropark","117.4'","Clinometer/laser rangefinder/sine","11.6'","139''","","","Steve Galehouse, Mitch Galehouse","2011-12-26","","N"
"Tuliptree","Liriodendron tulipifera","Ohio","Cuyahoga","Mill Stream Run Reservation","","","","","18674","1","","","","Metropark","111.3'","Clinometer/laser rangefinder/sine","8.4'","101''","","","Steve Galehouse, Mitch Galehouse","2011-12-26","","N"
"Tuliptree","Liriodendron tulipifera","Ohio","Cuyahoga","Mill Stream Run Reservation","","","","","18668","1","","","","Metropark","116.1'","Clinometer/laser rangefinder/sine","6.4'","77''","","","Steve Galehouse, Mitch Galehouse","2011-12-26","","N"
"White Ash","Fraxinus americana","Ohio","Cuyahoga","Mill Stream Run Reservation","","","","","18683","1","","","","Metropark","103.8'","Clinometer/laser rangefinder/sine","7.9'","95''","","","Steve Galehouse, Mitch Galehouse","2011-12-26","","N"
"White Oak","Quercus alba","Ohio","Cuyahoga","Mill Stream Run Reservation","","","","","18678","1","","","","Metropark","110.2'","Clinometer/laser rangefinder/sine","7.7'","92''","","","Steve Galehouse, Mitch Galehouse","2011-12-26","","N"
"Pin Oak","Quercus palustris","Ohio","Cuyahoga","Ohio's Record Pin Oak","","","","","9749","1","","","","Private","113.0'","","15.7'","188''","92.0'","","Steve Galehouse","2006-03-18","","N"
"American Beech","Fagus grandifolia","Ohio","Cuyahoga","Rocky River Floodplain Forest","","","","","17337","1","","","","public","110.2'","Clinometer/laser rangefinder/sine","7.9'","95''","","","Steve Galehouse","2011-11-02","","N"
"American Beech","Fagus grandifolia","Ohio","Cuyahoga","Rocky River Floodplain Forest","","","","","168887","1","","","","public","110.2'","Clinometer/laser rangefinder/sine","7.9'","95''","","","Steve Galehouse","2010-03-25","","N"
"American Elm","Ulmus americana","Ohio","Cuyahoga","Rocky River Floodplain Forest","","","","","17352","1","","","","public","105.7'","Clinometer/laser rangefinder/sine","","","","","Steve Galehouse","2011-11-02","","N"
"American Sycamore","Platanus occidentalis","Ohio","Cuyahoga","Rocky River Floodplain Forest","","","","","168874","1","","","","public","131.7'","Clinometer/laser rangefinder/sine","9.8'","118''","","","Steve Galehouse","2010-03-25","","N"
"American Sycamore","Platanus occidentalis","Ohio","Cuyahoga","Rocky River Floodplain Forest","","","","","17330","1","","","","public","132.4'","Clinometer/laser rangefinder/sine","9.9'","119''","","","Steve Galehouse","2011-11-02","","N"
"Bitternut Hickory","Carya cordiformis","Ohio","Cuyahoga","Rocky River Floodplain Forest","","","","","168890","1","","","","public","105.0'","Clinometer/laser rangefinder/sine","6.8'","82''","","","Steve Galehouse","2010-03-25","","N"
"Bitternut Hickory","Carya cordiformis","Ohio","Cuyahoga","Rocky River Floodplain Forest","","","","","17344","1","","","","public","105.5'","Clinometer/laser rangefinder/sine","6.8'","82''","","","Steve Galehouse","2011-11-02","","N"
"Black Cherry","Prunus serotina","Ohio","Cuyahoga","Rocky River Floodplain Forest","","","","","17338","1","","","","public","109.9'","Clinometer/laser rangefinder/sine","5.8'","70''","","","Steve Galehouse","2011-11-02","","N"
"Black Cherry","Prunus serotina var. serotina","Ohio","Cuyahoga","Rocky River Floodplain Forest","","","","","168879","1","","","","public","109.9'","Clinometer/laser rangefinder/sine","5.8'","70''","","","Steve Galehouse","2010-03-25","","N"
"Black Maple","Acer nigrum","Ohio","Cuyahoga","Rocky River Floodplain Forest","","","","","17336","1","","","","public","113.5'","Clinometer/laser rangefinder/sine","9.2'","110''","","","Steve Galehouse","2011-11-02","","N"
"Black Maple","Acer nigrum","Ohio","Cuyahoga","Rocky River Floodplain Forest","","","","","168886","1","","","","public","113.5'","Clinometer/laser rangefinder/sine","9.2'","110''","","","Steve Galehouse","2010-03-25","","N"
"Black Walnut","Juglans nigra","Ohio","Cuyahoga","Rocky River Floodplain Forest","41 17.938","-081 34.874","","","17328","1","41 17.938","-081 34.874","","public","92.0'","Clinometer/laser rangefinder/sine","14.2'","170''","","","Steve Galehouse","2011-11-02","","N"
"Black Walnut","Juglans nigra","Ohio","Cuyahoga","Rocky River Floodplain Forest","","","","","168883","1","","","","public","107.0'","Clinometer/laser rangefinder/sine","8.3'","99''","","","Steve Galehouse","2010-03-25","","N"
"Black Walnut","Juglans nigra","Ohio","Cuyahoga","Rocky River Floodplain Forest","","","","","17335","1","","","","public","114.6'","Clinometer/laser rangefinder/sine","7.9'","95''","","","Steve Galehouse","2011-11-02","","N"
"Black Walnut","Juglans nigra","Ohio","Cuyahoga","Rocky River Floodplain Forest","","","","","168885","1","","","","public","114.6'","Clinometer/laser rangefinder/sine","7.9'","95''","","","Steve Galehouse","2010-03-25","","N"
"Black Walnut","Juglans nigra","Ohio","Cuyahoga","Rocky River Floodplain Forest","","","","","17348","1","","","","public","116.8'","Clinometer/laser rangefinder/sine","9.8'","118''","","","Steve Galehouse","2011-11-02","","N"
"Blackgum","Nyssa sylvatica","Ohio","Cuyahoga","Rocky River Floodplain Forest","","","","","17353","1","","","","public","126.0'","Clinometer/laser rangefinder/sine","9.2'","110''","","","Steve Galehouse","2011-11-02","","N"
"Bur Oak","Quercus macrocarpa","Ohio","Cuyahoga","Rocky River Floodplain Forest","","","","","17333","1","","","","public","119.5'","Clinometer/laser rangefinder/sine","10.3'","124''","","","Steve Galehouse","2011-11-02","","N"
"Bur Oak","Quercus macrocarpa var. macrocarpa","Ohio","Cuyahoga","Rocky River Floodplain Forest","","","","","168878","1","","","","public","113.5'","Clinometer/laser rangefinder/sine","9.7'","116''","","","Steve Galehouse","2010-03-25","","N"
"Eastern Cottonwood","Populus deltoides","Ohio","Cuyahoga","Rocky River Floodplain Forest","","","","","17331","1","","","","public","129.2'","Clinometer/laser rangefinder/sine","11.8'","142''","","","Steve Galehouse","2011-11-02","","N"
"Eastern Cottonwood","Populus deltoides","Ohio","Cuyahoga","Rocky River Floodplain Forest","","","","","168875","1","","","","public","129.2'","Clinometer/laser rangefinder/sine","11.8'","142''","","","Steve Galehouse","2010-03-25","","N"
"Eastern Cottonwood","Populus deltoides","Ohio","Cuyahoga","Rocky River Floodplain Forest","","","","","17354","1","","","","public","131.5'","Clinometer/laser rangefinder/sine","14.9'","179''","","","Steve Galehouse","2011-11-02","","N"
"Freeman Maple","Acer ×freemanii","Ohio","Cuyahoga","Rocky River Floodplain Forest","","","","","17350","1","","","","public","130.7'","Clinometer/laser rangefinder/sine","7.5'","90''","","","Steve Galehouse","2011-11-02","","N"
"Green Ash","Fraxinus pennsylvanica","Ohio","Cuyahoga","Rocky River Floodplain Forest","","","","","17339","1","","","","public","109.6'","Clinometer/laser rangefinder/sine","7.3'","87''","","","Steve Galehouse","2011-11-02","","N"
"Green Ash","Fraxinus pennsylvanica","Ohio","Cuyahoga","Rocky River Floodplain Forest","","","","","168880","1","","","","public","109.6'","Clinometer/laser rangefinder/sine","7.3'","87''","","","Steve Galehouse","2010-03-25","","N"
"Northern Red Oak","Quercus rubra","Ohio","Cuyahoga","Rocky River Floodplain Forest","","","","","17347","1","","","","public","103.4'","Clinometer/laser rangefinder/sine","15.2'","182''","","","Steve Galehouse","2011-11-02","","N"
"Northern Red Oak","Quercus rubra","Ohio","Cuyahoga","Rocky River Floodplain Forest","","","","","17342","1","","","","public","107.2'","Clinometer/laser rangefinder/sine","12.3'","148''","","","Steve Galehouse","2011-11-02","","N"
"Northern Red Oak","Quercus rubra var. rubra","Ohio","Cuyahoga","Rocky River Floodplain Forest","","","","","168882","1","","","","public","107.2'","Clinometer/laser rangefinder/sine","12.3'","148''","","","Steve Galehouse","2010-03-25","","N"
"Pignut Hickory","Carya glabra","Ohio","Cuyahoga","Rocky River Floodplain Forest","","","","","17351","1","","","","public","117.0'","Clinometer/laser rangefinder/sine","","","","","Steve Galehouse","2011-11-02","","N"
"Pin Oak","Quercus palustris","Ohio","Cuyahoga","Rocky River Floodplain Forest","","","","","17341","1","","","","public","108.3'","Clinometer/laser rangefinder/sine","9.9'","119''","","","Steve Galehouse","2011-11-02","","N"
"Pin Oak","Quercus palustris","Ohio","Cuyahoga","Rocky River Floodplain Forest","","","","","168888","1","","","","public","108.3'","Clinometer/laser rangefinder/sine","9.9'","119''","","","Steve Galehouse","2010-03-25","","N"
"Red Maple","Acer rubrum","Ohio","Cuyahoga","Rocky River Floodplain Forest","","","","","17334","1","","","","public","117.3'","Clinometer/laser rangefinder/sine","8.8'","105''","","","Steve Galehouse","2011-11-02","","N"
"Red Maple","Acer rubrum","Ohio","Cuyahoga","Rocky River Floodplain Forest","","","","","168877","1","","","","public","117.3'","Clinometer/laser rangefinder/sine","8.8'","105''","","","Steve Galehouse","2010-03-25","","N"
"Slippery Elm","Ulmus rubra","Ohio","Cuyahoga","Rocky River Floodplain Forest","","","","","17345","1","","","","public","99.5'","Clinometer/laser rangefinder/sine","6.7'","80''","","","Steve Galehouse","2011-11-02","","N"
"Slippery Elm","Ulmus rubra","Ohio","Cuyahoga","Rocky River Floodplain Forest","","","","","168891","1","","","","public","99.5'","Clinometer/laser rangefinder/sine","6.7'","80''","","","Steve Galehouse","2010-03-25","","N"
"Slippery Elm","Ulmus rubra","Ohio","Cuyahoga","Rocky River Floodplain Forest","","","","","17346","1","","","","public","106.0'","Clinometer/laser rangefinder/sine","5.8'","69''","","","Steve Galehouse","2011-11-02","","N"
"Sugar Maple","Acer saccharum","Ohio","Cuyahoga","Rocky River Floodplain Forest","","","","","17340","1","","","","public","109.1'","Clinometer/laser rangefinder/sine","10.8'","130''","","","Steve Galehouse","2011-11-02","","N"
"Sugar Maple","Acer saccharum","Ohio","Cuyahoga","Rocky River Floodplain Forest","","","","","168881","1","","","","public","109.1'","Clinometer/laser rangefinder/sine","10.8'","130''","","","Steve Galehouse","2010-03-25","","N"
"Sugar Maple","Acer saccharum","Ohio","Cuyahoga","Rocky River Floodplain Forest","","","","","17349","1","","","","public","113.4'","Clinometer/laser rangefinder/sine","11.0'","132''","","","Steve Galehouse","2011-11-02","","N"
"Tuliptree","Liriodendron tulipifera","Ohio","Cuyahoga","Rocky River Floodplain Forest","","","","","168873","1","","","","public","135.7'","Clinometer/laser rangefinder/sine","12.8'","153''","","","Steve Galehouse","2010-03-25","","N"
"Tuliptree","Liriodendron tulipifera","Ohio","Cuyahoga","Rocky River Floodplain Forest","","","","","17329","1","","","","public","136.0'","Clinometer/laser rangefinder/sine","14.2'","170''","","","Steve Galehouse","2011-11-02","","N"
"Tuliptree","Liriodendron tulipifera","Ohio","Cuyahoga","Rocky River Floodplain Forest","","","","","168884","1","","","","public","136.0'","Clinometer/laser rangefinder/sine","14.2'","170''","","","Steve Galehouse","2010-03-25","","N"
"White Ash","Fraxinus americana","Ohio","Cuyahoga","Rocky River Floodplain Forest","","","","","17332","1","","","","public","119.9'","Clinometer/laser rangefinder/sine","11.5'","138''","","","Steve Galehouse","2011-11-02","","N"
"White Ash","Fraxinus americana","Ohio","Cuyahoga","Rocky River Floodplain Forest","","","","","168876","1","","","","public","119.9'","Clinometer/laser rangefinder/sine","11.5'","138''","","","Steve Galehouse","2010-03-25","","N"
"White Oak","Quercus alba","Ohio","Cuyahoga","Rocky River Floodplain Forest","","","","","17343","1","","","","public","105.4'","Clinometer/laser rangefinder/sine","7.8'","94''","","","Steve Galehouse","2011-11-02","","N"
"White Oak","Quercus alba","Ohio","Cuyahoga","Rocky River Floodplain Forest","","","","","168889","1","","","","public","105.4'","Clinometer/laser rangefinder/sine","7.8'","94''","","","Steve Galehouse","2010-03-25","","N"
"American Beech","Fagus grandifolia","Ohio","Cuyahoga","Rocky River Park","","","","","166912","1","","","","Public-city","98.0'","Clinometer/laser rangefinder/sine","9.8'","117''","","","Steve Galehouse","2009-03-22","http%3A%2F%2Fwww.nativetreesociety.org%2Ffieldtrips%2Fohio%2Frocky_river.htm","N"
"American Sycamore","Platanus occidentalis","Ohio","Cuyahoga","Rocky River Park","","","","","166920","1","","","","Public-city","113.0'","Clinometer/laser rangefinder/sine","","","","","Steve Galehouse","2009-03-22","http%3A%2F%2Fwww.nativetreesociety.org%2Ffieldtrips%2Fohio%2Frocky_river.htm","N"
"Black Cherry","Prunus serotina var. serotina","Ohio","Cuyahoga","Rocky River Park","","","","","166917","1","","","","Public-city","98.0'","Clinometer/laser rangefinder/sine","5.5'","66''","","","Steve Galehouse","2009-03-22","http%3A%2F%2Fwww.nativetreesociety.org%2Ffieldtrips%2Fohio%2Frocky_river.htm","N"
"Black Locust","Robinia pseudoacacia","Ohio","Cuyahoga","Rocky River Park","","","","","166918","1","","","","Public-city","115.5'","Clinometer/laser rangefinder/sine","7.3'","87''","","","Steve Galehouse","2009-03-22","http%3A%2F%2Fwww.nativetreesociety.org%2Ffieldtrips%2Fohio%2Frocky_river.htm","N"
"Black Walnut","Juglans nigra","Ohio","Cuyahoga","Rocky River Park","","","","","166909","1","","","","Public-city","101.0'","Clinometer/laser rangefinder/sine","7.4'","89''","","","Steve Galehouse","2009-03-22","http%3A%2F%2Fwww.nativetreesociety.org%2Ffieldtrips%2Fohio%2Frocky_river.htm","N"
"Cucumber-Tree","Magnolia acuminata","Ohio","Cuyahoga","Rocky River Park","","","","","166915","1","","","","Public-city","101.0'","Clinometer/laser rangefinder/sine","8.7'","104''","","","Steve Galehouse","2009-03-22","http%3A%2F%2Fwww.nativetreesociety.org%2Ffieldtrips%2Fohio%2Frocky_river.htm","N"
"Eastern Cottonwood","Populus deltoides","Ohio","Cuyahoga","Rocky River Park","","","","","166919","1","","","","Public-city","99.5'","Clinometer/laser rangefinder/sine","","","","","Steve Galehouse","2009-03-22","http%3A%2F%2Fwww.nativetreesociety.org%2Ffieldtrips%2Fohio%2Frocky_river.htm","N"
"Northern Red Oak","Quercus rubra","Ohio","Cuyahoga","Rocky River Park","","","","","166914","1","","","","Public-city","105.5'","Clinometer/laser rangefinder/sine","9.9'","119''","","","Steve Galehouse","2009-03-22","http%3A%2F%2Fwww.nativetreesociety.org%2Ffieldtrips%2Fohio%2Frocky_river.htm","N"
"Red Maple","Acer rubrum","Ohio","Cuyahoga","Rocky River Park","","","","","166916","1","","","","Public-city","98.0'","Clinometer/laser rangefinder/sine","5.6'","67''","","","Steve Galehouse","2009-03-22","http%3A%2F%2Fwww.nativetreesociety.org%2Ffieldtrips%2Fohio%2Frocky_river.htm","N"
"Sugar Maple","Acer saccharum","Ohio","Cuyahoga","Rocky River Park","","","","","166913","1","","","","Public-city","101.0'","Clinometer/laser rangefinder/sine","9.1'","109''","","","Steve Galehouse","2009-03-22","http%3A%2F%2Fwww.nativetreesociety.org%2Ffieldtrips%2Fohio%2Frocky_river.htm","N"
"Tuliptree","Liriodendron tulipifera","Ohio","Cuyahoga","Rocky River Park","","","","","166911","1","","","","Public-city","121.0'","Clinometer/laser rangefinder/sine","9.8'","118''","","","Steve Galehouse","2009-03-22","http%3A%2F%2Fwww.nativetreesociety.org%2Ffieldtrips%2Fohio%2Frocky_river.htm","N"
"White Oak","Quercus alba","Ohio","Cuyahoga","Rocky River Park","","","","","166910","1","","","","Public-city","99.5'","Clinometer/laser rangefinder/sine","8.8'","106''","","","Steve Galehouse","2009-03-22","http%3A%2F%2Fwww.nativetreesociety.org%2Ffieldtrips%2Fohio%2Frocky_river.htm","N"
"American Elm","Ulmus americana","Ohio","Cuyahoga","Rocky River Upland Forest","","","","","166441","1","","","","Public","105.5'","Clinometer/laser rangefinder/sine","6.7'","80''","","","Steve Galehouse","2010-11-03","","N"
"American Sycamore","Platanus occidentalis","Ohio","Cuyahoga","Rocky River Upland Forest","","","","","2444","1","","","","Public","126.0'","","","","","","Steve Galehouse","2010-11-02","","N"
"Bitternut Hickory","Carya cordiformis","Ohio","Cuyahoga","Rocky River Upland Forest","","","","","166439","1","","","","Public","111.0'","Clinometer/laser rangefinder/sine","8.3'","99''","","","Steve Galehouse","2010-11-03","","N"
"Black Cherry","Prunus serotina var. serotina","Ohio","Cuyahoga","Rocky River Upland Forest","","","","","166438","1","","","","Public","113.4'","Clinometer/laser rangefinder/sine","4.9'","59''","","","Steve Galehouse","2010-11-03","","N"
"Northern Red Oak","Quercus rubra","Ohio","Cuyahoga","Rocky River Upland Forest","","","","","166436","1","","","","Public","110.0'","Clinometer/laser rangefinder/sine","11.6'","139''","","","Steve Galehouse","2010-11-03","","N"
"Red Maple","Acer rubrum","Ohio","Cuyahoga","Rocky River Upland Forest","","","","","166437","1","","","","Public","100.8'","Clinometer/laser rangefinder/sine","5.7'","68''","","","Steve Galehouse","2010-11-03","","N"
"Sugar Maple","Acer saccharum","Ohio","Cuyahoga","Rocky River Upland Forest","","","","","166440","1","","","","Public","108.4'","Clinometer/laser rangefinder/sine","5.3'","63''","","","Steve Galehouse","2010-11-03","","N"
"Tuliptree","Liriodendron tulipifera","Ohio","Cuyahoga","Rocky River Upland Forest","","","","","2443","1","","","","Public","126.4'","","10.3'","123''","","","Steve Galehouse","2010-11-02","","N"
"White Ash","Fraxinus americana","Ohio","Cuyahoga","Rocky River Upland Forest","","","","","2445","1","","","","Public","114.0'","","11.8'","142''","","","Steve Galehouse","2010-11-02","","N"
"White Oak","Quercus alba","Ohio","Cuyahoga","Rocky River Upland Forest","","","","","2442","1","","","","Public","128.2'","","12.1'","145''","","","Steve Galehouse","2010-11-02","","N"
"Common Persimmon","Diospyros virginiana","Ohio","Cuyahoga","Shaker Lakes","41 29.396","-081 35.058","","","162555","1","41 29.396","-081 35.058","","public","76.0'","Clinometer/laser rangefinder/sine","","","","","Stefan Radivoyevitch","2017-04-17","","N"
"Gray Birch","Betula populifolia","Ohio","Cuyahoga","Shaker Lakes","","","","","162554","1","","","","public","67.0'","Clinometer/laser rangefinder/sine","","","","","Stefan Radivoyevitch","2017-04-17","","N"
"River Birch","Betula nigra","Ohio","Cuyahoga","Shaker Lakes","41 29.394","-081 35.122","","","162556","1","41 29.394","-081 35.122","","public","63.0'","Clinometer/laser rangefinder/sine","","","","multi-stem","Stefan Radivoyevitch","2017-04-17","","N"
"Black Walnut","Juglans nigra","Ohio","Cuyahoga","South Chagrin Reservation","41 25.117","-081 25.105","","","162513","1","41 25.117","-081 25.105","","public","118.0'","Clinometer/laser rangefinder/sine","6.4'","77''","","","Stefan Radivoyevitch","2016-12-05","","N"
"Blackgum","Nyssa sylvatica","Ohio","Cuyahoga","South Chagrin Reservation","41 24.797","-081 25.357","","","162516","1","41 24.797","-081 25.357","","public","","Clinometer/laser rangefinder/sine","10.4'","125''","","","Stefan Radivoyevitch","2016-12-05","","N"
"Cucumber-Tree","Magnolia acuminata","Ohio","Cuyahoga","South Chagrin Reservation","41 25.123","-081 25.102","","","162514","1","41 25.123","-081 25.102","1010.0 ft","public","115.0'","Clinometer/laser rangefinder/sine","9.5'","114''","","","Stefan Radivoyevitch","2016-12-05","","N"
"Eastern White Pine","Pinus strobus","Ohio","Cuyahoga","South Chagrin Reservation","41 26.392","-081 24.477","","","162517","1","41 26.392","-081 24.477","","public","123.0'","Clinometer/laser rangefinder/sine","","","","","Stefan Radivoyevitch","2016-12-05","","N"
"Norway Spruce","Picea abies","Ohio","Cuyahoga","South Chagrin Reservation","41 25.577","-081 25.088","","","162518","1","41 25.577","-081 25.088","","public","122.0'","Clinometer/laser rangefinder/sine","","","","","Stefan Radivoyevitch","2016-12-05","","N"
"Sweet Birch","Betula lenta","Ohio","Cuyahoga","South Chagrin Reservation","41 24.794","-081 25.357","","","162515","1","41 24.794","-081 25.357","","public","103.0'","Clinometer/laser rangefinder/sine","","","","","Stefan Radivoyevitch","2016-12-05","","N"
"Tuliptree","Liriodendron tulipifera","Ohio","Cuyahoga","South Chagrin Reservation","","","","","162512","1","","","","public","146.0'","","","","","double stem","Stefan Radivoyevitch","2016-12-05","","N"
"American Beech","Fagus grandifolia","Ohio","Cuyahoga","Tinker's Creek, Bedford Reservation","","","","","18856","1","","","","Metropark","107.1'","Clinometer/laser rangefinder/sine","7.6'","91''","","","Rand Brown","2008-04-15","","N"
"American Elm","Ulmus americana","Ohio","Cuyahoga","Tinker's Creek, Bedford Reservation","","","","","18852","1","","","","Metropark","100.7'","Clinometer/laser rangefinder/sine","7.7'","92''","","","Rand Brown","2008-04-15","","N"
"American Sycamore","Platanus occidentalis","Ohio","Cuyahoga","Tinker's Creek, Bedford Reservation","","","","","18865","1","","","","Metropark","135.4'","Clinometer/laser rangefinder/sine","10.7'","128''","","","Rand Brown","2008-04-15","","N"
"American Sycamore","Platanus occidentalis","Ohio","Cuyahoga","Tinker's Creek, Bedford Reservation","","","","","18866","1","","","","Metropark","147.0'","Clinometer/laser rangefinder/sine","12.8'","153''","","","Rand Brown","2008-04-15","","N"
"Black Cherry","Prunus serotina","Ohio","Cuyahoga","Tinker's Creek, Bedford Reservation","","","","","18857","1","","","","Metropark","112.4'","Clinometer/laser rangefinder/sine","7.8'","94''","","","Rand Brown","2008-04-15","","N"
"Black Oak","Quercus velutina","Ohio","Cuyahoga","Tinker's Creek, Bedford Reservation","","","","","18863","1","","","","Metropark","105.3'","Clinometer/laser rangefinder/sine","6.6'","79''","","","Rand Brown","2008-04-15","","N"
"Cucumber-Tree","Magnolia acuminata","Ohio","Cuyahoga","Tinker's Creek, Bedford Reservation","","","","","18862","1","","","","Metropark","122.2'","Clinometer/laser rangefinder/sine","8.8'","105''","","","Rand Brown","2008-04-15","","N"
"Eastern Hemlock","Tsuga canadensis","Ohio","Cuyahoga","Tinker's Creek, Bedford Reservation","","","","","18867","1","","","","Metropark","121.9'","Clinometer/laser rangefinder/sine","7.2'","86''","","","Rand Brown","2008-04-15","","N"
"Northern Red Oak","Quercus rubra","Ohio","Cuyahoga","Tinker's Creek, Bedford Reservation","","","","","18858","1","","","","Metropark","115.4'","Clinometer/laser rangefinder/sine","12.3'","148''","","","Rand Brown","2008-04-15","","N"
"Northern Red Oak","Quercus rubra","Ohio","Cuyahoga","Tinker's Creek, Bedford Reservation","","","","","18854","1","","","","Metropark","126.5'","Clinometer/laser rangefinder/sine","11.5'","138''","","","Rand Brown","2008-04-15","","N"
"Slippery Elm","Ulmus rubra","Ohio","Cuyahoga","Tinker's Creek, Bedford Reservation","","","","","18851","1","","","","Metropark","101.4'","Clinometer/laser rangefinder/sine","8.2'","98''","","","Rand Brown","2008-04-15","","N"
"Sugar Maple","Acer saccharum","Ohio","Cuyahoga","Tinker's Creek, Bedford Reservation","","","","","18864","1","","","","Metropark","108.4'","Clinometer/laser rangefinder/sine","8.6'","103''","","","Rand Brown","2008-04-15","","N"
"Tuliptree","Liriodendron tulipifera","Ohio","Cuyahoga","Tinker's Creek, Bedford Reservation","","","","","18855","1","","","","Metropark","130.5'","Clinometer/laser rangefinder/sine","9.6'","115''","","","Rand Brown","2008-04-15","","N"
"Tuliptree","Liriodendron tulipifera","Ohio","Cuyahoga","Tinker's Creek, Bedford Reservation","","","","","18860","1","","","","Metropark","131.7'","Clinometer/laser rangefinder/sine","9.8'","118''","","","Rand Brown","2008-04-15","","N"
"White Ash","Fraxinus americana","Ohio","Cuyahoga","Tinker's Creek, Bedford Reservation","","","","","18853","1","","","","Metropark","125.4'","Clinometer/laser rangefinder/sine","12.6'","151''","","","Rand Brown","2008-04-15","","N"
"White Oak","Quercus alba","Ohio","Cuyahoga","Tinker's Creek, Bedford Reservation","","","","","18861","1","","","","Metropark","118.1'","Clinometer/laser rangefinder/sine","7.6'","91''","","","Rand Brown","2008-04-15","","N"
"White Oak","Quercus alba","Ohio","Cuyahoga","Tinker's Creek, Bedford Reservation","","","","","18859","1","","","","Metropark","121.8'","Clinometer/laser rangefinder/sine","5.9'","71''","","","Rand Brown","2008-04-15","","N"
"Eastern White Pine","Pinus strobus","Ohio","Delaware","Seymour Woods State Nature Preserve","","","714 Winter Road, Delaware, Ohio
115 Acres","","169294","1","","","","Public -state","117.0'","Clinometer/laser rangefinder/sine","5.7'","68''","","","Rand Brown","2016-02-22","http%3A%2F%2Fwww.ents-bbs.org%2Fviewtopic.php%3Ff%3D111%26t%3D7543","N"
"Eastern White Pine","Pinus strobus","Ohio","Delaware","Seymour Woods State Nature Preserve","","","714 Winter Road, Delaware, Ohio
115 Acres","","169296","1","","","","Public -state","120.5'","Clinometer/laser rangefinder/sine","6.5'","78''","","","Rand Brown","2016-02-22","http%3A%2F%2Fwww.ents-bbs.org%2Fviewtopic.php%3Ff%3D111%26t%3D7543","N"
"Northern Red Oak","Quercus rubra","Ohio","Delaware","Seymour Woods State Nature Preserve","","","714 Winter Road, Delaware, Ohio
115 Acres","","169298","1","","","","Public -state","107.0'","Clinometer/laser rangefinder/sine","8.8'","106''","","","Rand Brown","2016-02-22","http%3A%2F%2Fwww.ents-bbs.org%2Fviewtopic.php%3Ff%3D111%26t%3D7543","N"
"Norway Spruce","Picea abies","Ohio","Delaware","Seymour Woods State Nature Preserve","","","714 Winter Road, Delaware, Ohio
115 Acres","","169297","1","","","","Public -state","102.0'","Clinometer/laser rangefinder/sine","","","","","Rand Brown","2016-02-22","http%3A%2F%2Fwww.ents-bbs.org%2Fviewtopic.php%3Ff%3D111%26t%3D7543","N"
"Red Pine","Pinus resinosa","Ohio","Delaware","Seymour Woods State Nature Preserve","","","714 Winter Road, Delaware, Ohio
115 Acres","","169292","1","","","","Public -state","83.5'","Clinometer/laser rangefinder/sine","3.4'","41''","","","Rand Brown","2016-02-22","http%3A%2F%2Fwww.ents-bbs.org%2Fviewtopic.php%3Ff%3D111%26t%3D7543","N"
"Red Pine","Pinus resinosa","Ohio","Delaware","Seymour Woods State Nature Preserve","","","714 Winter Road, Delaware, Ohio
115 Acres","","169293","1","","","","Public -state","84.0'","Clinometer/laser rangefinder/sine","3.7'","44''","","","Rand Brown","2016-02-22","http%3A%2F%2Fwww.ents-bbs.org%2Fviewtopic.php%3Ff%3D111%26t%3D7543","N"
"Red Pine","Pinus resinosa","Ohio","Delaware","Seymour Woods State Nature Preserve","","","714 Winter Road, Delaware, Ohio
115 Acres","","169295","1","","","","Public -state","87.5'","Clinometer/laser rangefinder/sine","3.7'","44''","","","Rand Brown","2016-02-22","http%3A%2F%2Fwww.ents-bbs.org%2Fviewtopic.php%3Ff%3D111%26t%3D7543","N"
"Scots Pine","Pinus sylvestris","Ohio","Delaware","Seymour Woods State Nature Preserve","","","714 Winter Road, Delaware, Ohio
115 Acres","","169290","1","","","","Public -state","84.5'","Clinometer/laser rangefinder/sine","5.5'","66''","","Tree is dead","Rand Brown","2016-02-22","http%3A%2F%2Fwww.ents-bbs.org%2Fviewtopic.php%3Ff%3D111%26t%3D7543","N"
"Scots Pine","Pinus sylvestris","Ohio","Delaware","Seymour Woods State Nature Preserve","","","714 Winter Road, Delaware, Ohio
115 Acres","","169289","1","","","","Public -state","85.5'","Clinometer/laser rangefinder/sine","4.9'","59''","","","Rand Brown","2016-02-22","http%3A%2F%2Fwww.ents-bbs.org%2Fviewtopic.php%3Ff%3D111%26t%3D7543","N"
"Scots Pine","Pinus sylvestris","Ohio","Delaware","Seymour Woods State Nature Preserve","","","714 Winter Road, Delaware, Ohio
115 Acres","","169291","1","","","","Public -state","90.0'","Clinometer/laser rangefinder/sine","4.8'","57''","","","Rand Brown","2016-02-22","http%3A%2F%2Fwww.ents-bbs.org%2Fviewtopic.php%3Ff%3D111%26t%3D7543","N"
"American Sycamore","Platanus occidentalis","Ohio","Erie","Edison Woods Metropark","","","","","166489","1","","","","Public","115.7'","Clinometer/laser rangefinder/sine","","","","","Steve Galehouse","2009-12-13","http%3A%2F%2Fgroups.google.com%2Fgroup%2Fentstrees%2Fbrowse_thread%2Fthread%2Fe6af06b9b0363491%3Fhl%3Den","N"
"Eastern Cottonwood","Populus deltoides","Ohio","Erie","Edison Woods Metropark","","","","","166487","1","","","","Public","117.0'","Clinometer/laser rangefinder/sine","13.1'","157''","","","Steve Galehouse","2009-12-13","http%3A%2F%2Fgroups.google.com%2Fgroup%2Fentstrees%2Fbrowse_thread%2Fthread%2Fe6af06b9b0363491%3Fhl%3Den","N"
"Pin Oak","Quercus palustris","Ohio","Erie","Edison Woods Metropark","","","","","166491","1","","","","Public","80.0'","Clinometer/laser rangefinder/sine","12.9'","155''","","","Steve Galehouse","2009-12-13","http%3A%2F%2Fgroups.google.com%2Fgroup%2Fentstrees%2Fbrowse_thread%2Fthread%2Fe6af06b9b0363491%3Fhl%3Den","N"
"Sugar Maple","Acer saccharum","Ohio","Erie","Edison Woods Metropark","","","","","166490","1","","","","Public","111.0'","Clinometer/laser rangefinder/sine","","","","","Steve Galehouse","2009-12-13","http%3A%2F%2Fgroups.google.com%2Fgroup%2Fentstrees%2Fbrowse_thread%2Fthread%2Fe6af06b9b0363491%3Fhl%3Den","N"
"Swamp White Oak","Quercus bicolor","Ohio","Erie","Edison Woods Metropark","","","","","166492","1","","","","Public","78.0'","Clinometer/laser rangefinder/sine","9.8'","118''","","","Steve Galehouse","2009-12-13","http%3A%2F%2Fgroups.google.com%2Fgroup%2Fentstrees%2Fbrowse_thread%2Fthread%2Fe6af06b9b0363491%3Fhl%3Den","N"
"Tuliptree","Liriodendron tulipifera","Ohio","Erie","Edison Woods Metropark","","","","","166488","1","","","","Public","123.5'","Clinometer/laser rangefinder/sine","9.7'","116''","","","Steve Galehouse","2009-12-13","http%3A%2F%2Fgroups.google.com%2Fgroup%2Fentstrees%2Fbrowse_thread%2Fthread%2Fe6af06b9b0363491%3Fhl%3Den","N"
"American Elm","Ulmus americana","Ohio","Fairfield","Co-Champion American Elm, Sugar Grove, OH","","","","","10002","1","","","","Private","94.7'","","23.2'","278''","","","Randy Brown","2008-03-06","","N"
"Bur Oak","Quercus macrocarpa var. macrocarpa","Ohio","Fayette","Fayette County","","","Trees were measured on 4/18/2016 and 5/2/2016","","169325","1","","","","Private","54.0'","Clinometer/laser rangefinder/sine","9.1'","109''","","Tree dead with top out.","Matt Markwork","2016-05-01","http%3A%2F%2Fwww.ents-bbs.org%2Fviewtopic.php%3Ff%3D111%26t%3D7669%26start%3D30%23p38017","N"
"Bur Oak","Quercus macrocarpa var. macrocarpa","Ohio","Fayette","Fayette County","","","Trees were measured on 4/18/2016 and 5/2/2016","","169323","1","","","","Private","57.0'","Clinometer/laser rangefinder/sine","10.9'","131''","","Top out","Matt Markwork","2016-05-01","http%3A%2F%2Fwww.ents-bbs.org%2Fviewtopic.php%3Ff%3D111%26t%3D7669%26start%3D30%23p38017","N"
"Bur Oak","Quercus macrocarpa var. macrocarpa","Ohio","Fayette","Fayette County","","","Trees were measured on 4/18/2016 and 5/2/2016","","169326","1","","","","Private","63.8'","Clinometer/laser rangefinder/sine","20.2'","242''","","","Matt Markwork","2016-05-01","http%3A%2F%2Fwww.ents-bbs.org%2Fviewtopic.php%3Ff%3D111%26t%3D7669%26start%3D30%23p38017","N"
"Bur Oak","Quercus macrocarpa var. macrocarpa","Ohio","Fayette","Fayette County","","","Trees were measured on 4/18/2016 and 5/2/2016","","169327","1","","","","Private","65.5'","Clinometer/laser rangefinder/sine","18.1'","217''","","Top out","Matt Markwork","2016-05-01","http%3A%2F%2Fwww.ents-bbs.org%2Fviewtopic.php%3Ff%3D111%26t%3D7669%26start%3D30%23p38017","N"
"Bur Oak","Quercus macrocarpa var. macrocarpa","Ohio","Fayette","Fayette County","","","Trees were measured on 4/18/2016 and 5/2/2016","","169332","1","","","","Private","67.0'","Clinometer/laser rangefinder/sine","12.7'","152''","","","Matt Markwork","2016-05-01","http%3A%2F%2Fwww.ents-bbs.org%2Fviewtopic.php%3Ff%3D111%26t%3D7669%26start%3D30%23p38017","N"
"Bur Oak","Quercus macrocarpa var. macrocarpa","Ohio","Fayette","Fayette County","","","Trees were measured on 4/18/2016 and 5/2/2016","","169319","1","","","","Private","70.0'","Clinometer/laser rangefinder/sine","14.5'","174''","","","Matt Markwork","2016-05-01","http%3A%2F%2Fwww.ents-bbs.org%2Fviewtopic.php%3Ff%3D111%26t%3D7669%26start%3D30%23p38017","N"
"Bur Oak","Quercus macrocarpa var. macrocarpa","Ohio","Fayette","Fayette County","","","Trees were measured on 4/18/2016 and 5/2/2016","","169328","1","","","","Private","70.5'","Clinometer/laser rangefinder/sine","15.3'","184''","","","Matt Markwork","2016-05-01","http%3A%2F%2Fwww.ents-bbs.org%2Fviewtopic.php%3Ff%3D111%26t%3D7669%26start%3D30%23p38017","N"
"Bur Oak","Quercus macrocarpa var. macrocarpa","Ohio","Fayette","Fayette County","","","Trees were measured on 4/18/2016 and 5/2/2016","","169329","1","","","","Private","70.5'","Clinometer/laser rangefinder/sine","15.4'","185''","90.5'","","Matt Markwork","2016-05-01","http%3A%2F%2Fwww.ents-bbs.org%2Fviewtopic.php%3Ff%3D111%26t%3D7669%26start%3D30%23p38017","N"
"Bur Oak","Quercus macrocarpa var. macrocarpa","Ohio","Fayette","Fayette County","","","Trees were measured on 4/18/2016 and 5/2/2016","","169320","1","","","","Private","75.5'","Clinometer/laser rangefinder/sine","13.8'","166''","","","Matt Markwork","2016-05-01","http%3A%2F%2Fwww.ents-bbs.org%2Fviewtopic.php%3Ff%3D111%26t%3D7669%26start%3D30%23p38017","N"
"Bur Oak","Quercus macrocarpa var. macrocarpa","Ohio","Fayette","Fayette County","","","Trees were measured on 4/18/2016 and 5/2/2016","","169330","1","","","","Private","76.5'","Clinometer/laser rangefinder/sine","14.5'","174''","","","Matt Markwork","2016-05-01","http%3A%2F%2Fwww.ents-bbs.org%2Fviewtopic.php%3Ff%3D111%26t%3D7669%26start%3D30%23p38017","N"
"Bur Oak","Quercus macrocarpa var. macrocarpa","Ohio","Fayette","Fayette County","","","Trees were measured on 4/18/2016 and 5/2/2016","","169322","1","","","","Private","81.0'","Clinometer/laser rangefinder/sine","11.7'","140''","","","Matt Markwork","2016-05-01","http%3A%2F%2Fwww.ents-bbs.org%2Fviewtopic.php%3Ff%3D111%26t%3D7669%26start%3D30%23p38017","N"
"Bur Oak","Quercus macrocarpa var. macrocarpa","Ohio","Fayette","Fayette County","","","Trees were measured on 4/18/2016 and 5/2/2016","","169324","1","","","","Private","82.0'","Clinometer/laser rangefinder/sine","10.3'","123''","","","Matt Markwork","2016-05-01","http%3A%2F%2Fwww.ents-bbs.org%2Fviewtopic.php%3Ff%3D111%26t%3D7669%26start%3D30%23p38017","N"
"Bur Oak","Quercus macrocarpa var. macrocarpa","Ohio","Fayette","Fayette County","","","Trees were measured on 4/18/2016 and 5/2/2016","","169321","1","","","","Private","87.5'","Clinometer/laser rangefinder/sine","13.1'","157''","","","Matt Markwork","2016-05-01","http%3A%2F%2Fwww.ents-bbs.org%2Fviewtopic.php%3Ff%3D111%26t%3D7669%26start%3D30%23p38017","N"
"Bur Oak","Quercus macrocarpa var. macrocarpa","Ohio","Fayette","Fayette County","","","Trees were measured on 4/18/2016 and 5/2/2016","","169331","1","","","","Private","87.5'","Clinometer/laser rangefinder/sine","13.2'","158''","","","Matt Markwork","2016-05-01","http%3A%2F%2Fwww.ents-bbs.org%2Fviewtopic.php%3Ff%3D111%26t%3D7669%26start%3D30%23p38017","N"
"Eastern Redcedar","Juniperus virginiana var. virginiana","Ohio","Franklin","Big Darby Cemetery","","","Known as the Little Pennsylvania Cemetery. Burials from 1834 onward.","","168935","1","","","","Public-county","56.0'","Clinometer/laser rangefinder/sine","6.6'","79''","","","Randy Brown","2015-04-10","http%3A%2F%2Fwww.ents-bbs.org%2Fviewtopic.php%3Ff%3D111%26t%3D6992","N"
"Eastern Redcedar","Juniperus virginiana var. virginiana","Ohio","Franklin","Big Darby Cemetery","","","Known as the Little Pennsylvania Cemetery. Burials from 1834 onward.","","168936","1","","","","Public-county","63.0'","Clinometer/laser rangefinder/sine","5.8'","70''","","","Randy Brown","2015-04-10","http%3A%2F%2Fwww.ents-bbs.org%2Fviewtopic.php%3Ff%3D111%26t%3D6992","N"
"Eastern Redcedar","Juniperus virginiana var. virginiana","Ohio","Franklin","Big Darby Cemetery","","","Known as the Little Pennsylvania Cemetery. Burials from 1834 onward.","","168934","1","","","","Public-county","68.5'","Clinometer/laser rangefinder/sine","5.9'","71''","","","Randy Brown","2015-04-10","http%3A%2F%2Fwww.ents-bbs.org%2Fviewtopic.php%3Ff%3D111%26t%3D6992","N"
"Eastern Redcedar","Juniperus virginiana var. virginiana","Ohio","Franklin","Big Darby Cemetery","","","Known as the Little Pennsylvania Cemetery. Burials from 1834 onward.","","168932","1","","","","Public-county","69.0'","Clinometer/laser rangefinder/sine","5.3'","63''","","","Randy Brown","2015-04-10","http%3A%2F%2Fwww.ents-bbs.org%2Fviewtopic.php%3Ff%3D111%26t%3D6992","N"
"Eastern Redcedar","Juniperus virginiana var. virginiana","Ohio","Franklin","Big Darby Cemetery","","","Known as the Little Pennsylvania Cemetery. Burials from 1834 onward.","","168933","1","","","","Public-county","72.0'","Clinometer/laser rangefinder/sine","5.0'","60''","","","Randy Brown","2015-04-10","http%3A%2F%2Fwww.ents-bbs.org%2Fviewtopic.php%3Ff%3D111%26t%3D6992","N"
"American Sycamore","Platanus occidentalis","Ohio","Franklin","Indian Ridge Oxbow","","","","","162255","1","","","","Public-state","118.0'","Clinometer/laser rangefinder/sine","7.7'","92''","","Largest of three stems measured.","Rand Brown","2015-04-10","http%3A%2F%2Fwww.ents-bbs.org%2Fviewtopic.php%3Ff%3D111%26t%3D6992%23p32874","N"
"American Sycamore","Platanus occidentalis","Ohio","Franklin","Indian Ridge Oxbow","","","","","162254","1","","","","Public-state","119.0'","Clinometer/laser rangefinder/sine","6.4'","77''","","","Rand Brown","2015-04-10","http%3A%2F%2Fwww.ents-bbs.org%2Fviewtopic.php%3Ff%3D111%26t%3D6992%23p32874","N"
"Eastern Cottonwood","Populus deltoides","Ohio","Franklin","Indian Ridge Oxbow","","","","","162252","1","","","","Public-state","117.0'","Clinometer/laser rangefinder/sine","13.2'","158''","","","Rand Brown","2015-04-10","http%3A%2F%2Fwww.ents-bbs.org%2Fviewtopic.php%3Ff%3D111%26t%3D6992%23p32874","N"
"Eastern Cottonwood","Populus deltoides","Ohio","Franklin","Indian Ridge Oxbow","","","","","162251","1","","","","Public-state","117.5'","Clinometer/laser rangefinder/sine","6.5'","78''","","","Rand Brown","2015-04-10","http%3A%2F%2Fwww.ents-bbs.org%2Fviewtopic.php%3Ff%3D111%26t%3D6992%23p32874","N"
"Eastern Cottonwood","Populus deltoides","Ohio","Franklin","Indian Ridge Oxbow","","","","","162253","1","","","","Public-state","118.0'","Clinometer/laser rangefinder/sine","10.8'","130''","","","Rand Brown","2015-04-10","http%3A%2F%2Fwww.ents-bbs.org%2Fviewtopic.php%3Ff%3D111%26t%3D6992%23p32874","N"
"Eastern Cottonwood","Populus deltoides","Ohio","Franklin","Indian Ridge Oxbow","","","","","162249","1","","","","Public-state","127.0'","Clinometer/laser rangefinder/sine","","","","","Rand Brown","2015-04-10","http%3A%2F%2Fwww.ents-bbs.org%2Fviewtopic.php%3Ff%3D111%26t%3D6992%23p32874","N"
"Silver Maple","Acer saccharinum","Ohio","Franklin","Indian Ridge Oxbow","","","","","162250","1","","","","Public-state","9.0'","Clinometer/laser rangefinder/sine","","","","","Rand Brown","2015-04-10","http%3A%2F%2Fwww.ents-bbs.org%2Fviewtopic.php%3Ff%3D111%26t%3D6992%23p32874","N"
"American Elm","Ulmus americana","Ohio","Franklin","Little Darby","","","","","162236","1","","","","Public-state","81.0'","Clinometer/laser rangefinder/sine","","","","","Rand Brown","2015-04-30","http%3A%2F%2Fwww.ents-bbs.org%2Fviewtopic.php%3Ff%3D111%26t%3D7024%23p33151","N"
"Bitternut Hickory","Carya cordiformis","Ohio","Franklin","Little Darby","","","","","162248","1","","","","Public-state","96.0'","Clinometer/laser rangefinder/sine","7.5'","90''","","","Rand Brown","2015-04-30","http%3A%2F%2Fwww.ents-bbs.org%2Fviewtopic.php%3Ff%3D111%26t%3D7024%23p33151","N"
"Black Walnut","Juglans nigra","Ohio","Franklin","Little Darby","","","","","162237","1","","","","Public-state","100.5'","Clinometer/laser rangefinder/sine","6.9'","83''","","","Rand Brown","2015-04-30","http%3A%2F%2Fwww.ents-bbs.org%2Fviewtopic.php%3Ff%3D111%26t%3D7024%23p33151","N"
"Black Walnut","Juglans nigra","Ohio","Franklin","Little Darby","","","","","162239","1","","","","Public-state","106.0'","Clinometer/laser rangefinder/sine","5.9'","71''","","","Rand Brown","2015-04-30","http%3A%2F%2Fwww.ents-bbs.org%2Fviewtopic.php%3Ff%3D111%26t%3D7024%23p33151","N"
"Blue Ash","Fraxinus quadrangulata","Ohio","Franklin","Little Darby","","","","","162235","1","","","","Public-state","93.0'","Clinometer/laser rangefinder/sine","8.2'","99''","","","Rand Brown","2015-04-30","http%3A%2F%2Fwww.ents-bbs.org%2Fviewtopic.php%3Ff%3D111%26t%3D7024%23p33151","N"
"Common Hackberry","Celtis occidentalis","Ohio","Franklin","Little Darby","","","","","162245","1","","","","Public-state","89.0'","Clinometer/laser rangefinder/sine","5.7'","68''","","","Rand Brown","2015-04-30","http%3A%2F%2Fwww.ents-bbs.org%2Fviewtopic.php%3Ff%3D111%26t%3D7024%23p33151","N"
"Green Ash","Fraxinus pennsylvanica","Ohio","Franklin","Little Darby","","","","","162232","1","","","","Public-state","81.0'","Clinometer/laser rangefinder/sine","10.6'","127''","","Bee tree","Rand Brown","2015-04-30","http%3A%2F%2Fwww.ents-bbs.org%2Fviewtopic.php%3Ff%3D111%26t%3D7024%23p33151","N"
"Green Ash","Fraxinus pennsylvanica","Ohio","Franklin","Little Darby","","","","","162246","1","","","","Public-state","98.0'","Clinometer/laser rangefinder/sine","7.3'","88''","","","Rand Brown","2015-04-30","http%3A%2F%2Fwww.ents-bbs.org%2Fviewtopic.php%3Ff%3D111%26t%3D7024%23p33151","N"
"Green Ash","Fraxinus pennsylvanica","Ohio","Franklin","Little Darby","","","","","162238","1","","","","Public-state","102.5'","Clinometer/laser rangefinder/sine","9.2'","110''","","","Rand Brown","2015-04-30","http%3A%2F%2Fwww.ents-bbs.org%2Fviewtopic.php%3Ff%3D111%26t%3D7024%23p33151","N"
"Green Ash","Fraxinus pennsylvanica","Ohio","Franklin","Little Darby","","","","","162233","1","","","","Public-state","103.0'","Clinometer/laser rangefinder/sine","10.5'","126''","","","Rand Brown","2015-04-30","http%3A%2F%2Fwww.ents-bbs.org%2Fviewtopic.php%3Ff%3D111%26t%3D7024%23p33151","N"
"Green Ash","Fraxinus pennsylvanica","Ohio","Franklin","Little Darby","","","","","162234","1","","","","Public-state","112.0'","Clinometer/laser rangefinder/sine","8.8'","106''","","","Rand Brown","2015-04-30","http%3A%2F%2Fwww.ents-bbs.org%2Fviewtopic.php%3Ff%3D111%26t%3D7024%23p33151","N"
"Northern Red Oak","Quercus rubra","Ohio","Franklin","Little Darby","","","","","162241","1","","","","Public-state","94.0'","Clinometer/laser rangefinder/sine","10.3'","123''","","","Rand Brown","2015-04-30","http%3A%2F%2Fwww.ents-bbs.org%2Fviewtopic.php%3Ff%3D111%26t%3D7024%23p33151","N"
"Northern Red Oak","Quercus rubra","Ohio","Franklin","Little Darby","","","","","162247","1","","","","Public-state","103.0'","Clinometer/laser rangefinder/sine","8.5'","102''","","","Rand Brown","2015-04-30","http%3A%2F%2Fwww.ents-bbs.org%2Fviewtopic.php%3Ff%3D111%26t%3D7024%23p33151","N"
"Red Hickory","Carya ovalis","Ohio","Franklin","Little Darby","","","","","162243","1","","","","Public-state","99.0'","Clinometer/laser rangefinder/sine","6.7'","80''","","","Rand Brown","2015-04-30","http%3A%2F%2Fwww.ents-bbs.org%2Fviewtopic.php%3Ff%3D111%26t%3D7024%23p33151","N"
"Shagbark Hickory","Carya ovata","Ohio","Franklin","Little Darby","","","","","162240","1","","","","Public-state","96.0'","Clinometer/laser rangefinder/sine","6.3'","75''","","","Rand Brown","2015-04-30","http%3A%2F%2Fwww.ents-bbs.org%2Fviewtopic.php%3Ff%3D111%26t%3D7024%23p33151","N"
"Slippery Elm","Ulmus rubra","Ohio","Franklin","Little Darby","","","","","162244","1","","","","Public-state","81.0'","Clinometer/laser rangefinder/sine","4.6'","55''","","","Rand Brown","2015-04-30","http%3A%2F%2Fwww.ents-bbs.org%2Fviewtopic.php%3Ff%3D111%26t%3D7024%23p33151","N"
"White Oak","Quercus alba","Ohio","Franklin","Little Darby","","","","","162242","1","","","","Public-state","94.0'","Clinometer/laser rangefinder/sine","10.3'","123''","","","Rand Brown","2015-04-30","http%3A%2F%2Fwww.ents-bbs.org%2Fviewtopic.php%3Ff%3D111%26t%3D7024%23p33151","N"
"American Chestnut","Castanea dentata","Ohio","Franklin","Ohio Single Tree Sites","41 24.486","-082 35.922","","","302710","1","41 24.486","-082 35.922","","Public, Private","88.5'","Clinometer/laser rangefinder/sine","5.4'","65''","","Tree located in the 472 acre  Sheldon Marsh Nature Preserve near Sandusky in Erie County,
Measured by S. Galehouse10/4/2011.
Originally measured by W. Blozan 7/22/2008 at 88' x 5.4""","Turner Sharp","2000-01-01","","N"
"American Elm","Ulmus americana","Ohio","Franklin","Ohio Single Tree Sites","41 29.092","-081 55.144","","","302712","1","41 29.092","-081 55.144","","Public, Private","61.8'","Clinometer/laser rangefinder/sine","","","","An.example of nice formed American Elm.
Measured by S. Galehouse 11/21/2011..","Turner Sharp","2000-01-01","","N"
"American Elm","Ulmus americana","Ohio","Franklin","Ohio Single Tree Sites","41 03.279","-083 39.284","","","302719","1","41 03.279","-083 39.284","","Public, Private","73.5'","Clinometer/laser rangefinder/sine","11.5'","138''","","Measured by R. Brown 2/15/2004 near Findley University, Hancock County","Turner Sharp","2000-01-01","","N"
"American Sycamore","Platanus occidentalis","Ohio","Franklin","Ohio Single Tree Sites","39 48.819","-084 22.074","","","302729","1","39 48.819","-084 22.074","","Public, Private","","Clinometer/laser rangefinder/sine","19.2'","230''","","Measured by M. Markworth 11/19/2013. Tree located Sycamore State Park West of Dayton, Ohio","Turner Sharp","2000-01-01","","N"
"American Sycamore","Platanus occidentalis","Ohio","Franklin","Ohio Single Tree Sites","","","","","302706","1","","","","Public, Private","85.0'","Clinometer/laser rangefinder/sine","","","","","Turner Sharp","2000-01-01","","N"
"American Sycamore","Platanus occidentalis","Ohio","Franklin","Ohio Single Tree Sites","40 46.341","-083 49.298","","","302707","1","40 46.341","-083 49.298","","Public, Private","107.7'","Clinometer/laser rangefinder/sine","16.3'","195''","","","Turner Sharp","2000-01-01","","N"
"American Sycamore","Platanus occidentalis","Ohio","Franklin","Ohio Single Tree Sites","","","","","302700","1","","","","Public, Private","113.0'","Clinometer/laser rangefinder/sine","13.8'","166''","","Measured by S. Galehouse 11/28/2009, Cuyahoga Valley.","Turner Sharp","2000-01-01","","N"
"Blue Ash","Fraxinus quadrangulata","Ohio","Franklin","Ohio Single Tree Sites","39 21.635","-084 14.549","","","302689","1","39 21.635","-084 14.549","700.0 ft","Public, Private","84.0'","Clinometer/laser rangefinder/sine","14.9'","179''","","Girth taken at 3' midslope.
Measured by M. Markworth on 10/29/2017.
Tree located in Carter Park, Kings Mill, Warren County.","Turner Sharp","2000-01-01","","N"
"Bristlecone Pine","Pinus aristata","Ohio","Franklin","Ohio Single Tree Sites","","","","","302704","1","","","","Public, Private","7.0'","Clinometer/laser rangefinder/sine","","","","Measured by S. Galehouse 3/11/2010 in Bay Village, Cuyahoga County","Turner Sharp","2000-01-01","","N"
"Bur Oak","Quercus macrocarpa var. macrocarpa","Ohio","Franklin","Ohio Single Tree Sites","40 14.737","-083 22.756","","","302727","1","40 14.737","-083 22.756","","Public, Private","79.5'","Clinometer/laser rangefinder/sine","16.1'","193''","70.0'","Measured by Rand Brown 6/15/16 Tree is on bank of Mill Creek in Shwartzkopf Park in Marysville, Union County, Ohio","Turner Sharp","2000-01-01","","N"
"Bur Oak","Quercus macrocarpa var. macrocarpa","Ohio","Franklin","Ohio Single Tree Sites","39 07.977","-084 24.801","","","302713","1","39 07.977","-084 24.801","","Public, Private","103.2'","Clinometer/laser rangefinder/sine","16.9'","203''","98.4'","Tree located in Ault Park, Cincinnati, Hamilton County. Measured by M. Markworth2/3/2013","Turner Sharp","2000-01-01","","N"
"Burning Bush","Euonymus alatus","Ohio","Franklin","Ohio Single Tree Sites","41 24.288","-082 12.661","","","302697","1","41 24.288","-082 12.661","","Public, Private","","Clinometer/laser rangefinder/sine","","","26.0'","Measured by S. Galehouse 7/4/2009. Located on lawn of Good Shepherd Baptist Church, 1100 Cleveland Avenue, Amherst, Lorain County","Turner Sharp","2000-01-01","","N"
"Canadian Plum","Prunus nigra","Ohio","Franklin","Ohio Single Tree Sites","","","","","302691","1","","","","Public, Private","","Clinometer/laser rangefinder/sine","7.4'","89''","23.0'","Height estimated at 23'y 
Measured by S. Galehouse 11/30/2007.
circumference taken below lowest limb.","Turner Sharp","2000-01-01","","N"
"Carolina Hemlock","Tsuga caroliniana","Ohio","Franklin","Ohio Single Tree Sites","41 13.392","-081 32.356","","","302714","1","41 13.392","-081 32.356","","Public, Private","59.8'","Clinometer/laser rangefinder/sine","3.0'","36''","","Measured by S. Galehouse 2/18/2013 on a North facing slope along Salt Run, Cuyahoga Valley National Park, Summit County.","Turner Sharp","2000-01-01","","N"
"Chestnut Oak","Quercus montana","Ohio","Franklin","Ohio Single Tree Sites","38 42.257","-083 05.485","","","302728","1","38 42.257","-083 05.485","","Public, Private","116.0'","Clinometer/laser rangefinder/sine","13.6'","163''","","Measured by Duane Hook and Tom Robinson 4/2013 on Shawnee State Forest Property","Turner Sharp","2000-01-01","","N"
"Freeman Maple","Acer ×freemanii","Ohio","Franklin","Ohio Single Tree Sites","","","","","302715","1","","","","Public, Private","135.7'","Clinometer/laser rangefinder/sine","","","","This tree was originally measured in the Rocky River Floodplain Forest at 130.7' x  90' by S. Galehouse on 11/2/2011. Present measurement by S. Galehouse 5//27/2013.","Turner Sharp","2000-01-01","","N"
"Hawthorn","Crataegus spp.","Ohio","Franklin","Ohio Single Tree Sites","41 26.164","-082 06.419","","","302709","1","41 26.164","-082 06.419","","Public, Private","30.6'","Clinometer/laser rangefinder/sine","5.3'","64''","42.0'","Circumference taken at 4'
Measured by S. Galehouse 9/30/2011 in a park along Black River in Lorain County.","Turner Sharp","2000-01-01","","N"
"Kentucky Coffeetree","Gymnocladus dioicus","Ohio","Franklin","Ohio Single Tree Sites","","","","","302695","1","","","","Public, Private","59.3'","Clinometer/laser rangefinder/sine","11.4'","137''","","Measured by S. Galehouse 6/2/2009.  Located next to house along US 20 in Westlake, Cuyahoga County.","Turner Sharp","2000-01-01","","N"
"Northern Red Oak","Quercus rubra","Ohio","Franklin","Ohio Single Tree Sites","41 25.828","-081 56.607","","","302690","1","41 25.828","-081 56.607","","Public, Private","","Clinometer/laser rangefinder/sine","20.6'","247''","107.0'","Measured by S. Galehouse 7/25/2006. 
crown spread scaled off of Aerial Photos","Turner Sharp","2000-01-01","","N"
"Northern Red Oak","Quercus rubra","Ohio","Franklin","Ohio Single Tree Sites","41 30.502","-081 36.873","","","302720","1","41 30.502","-081 36.873","","Public, Private","65.9'","Clinometer/laser rangefinder/sine","18.5'","222''","","Measured by S. Radivoyevitch on 9/10/2014 along MLK Boulevard Cleveland, Cuyahga County","Turner Sharp","2000-01-01","","N"
"Norway Spruce","Picea abies","Ohio","Franklin","Ohio Single Tree Sites","","","","","302705","1","","","","Public, Private","","Clinometer/laser rangefinder/sine","3.0'","36''","","Measured by S. Galehouse 3/11/2010 in Bay Village, Cuyahoga County.
fastigiate form.","Turner Sharp","2000-01-01","","N"
"Pin Oak","Quercus palustris","Ohio","Franklin","Ohio Single Tree Sites","","","","","302699","1","","","","Public, Private","89.0'","Clinometer/laser rangefinder/sine","13.3'","159''","","Measured by S. Galehouse 11/6/2009 in Bay Village, Cuyahoga County.","Turner Sharp","2000-01-01","","N"
"Pin Oak","Quercus palustris","Ohio","Franklin","Ohio Single Tree Sites","","","","","302698","1","","","","Public, Private","101.0'","Clinometer/laser rangefinder/sine","12.6'","151''","","Measured by S. Galehouse 11/6/2009 in Bay Village, Cuyahoga County.","Turner Sharp","2000-01-01","","N"
"Pond Cypress","Taxodium ascendens","Ohio","Franklin","Ohio Single Tree Sites","39 20.183","-082 04.593","","","302730","1","39 20.183","-082 04.593","","Public, Private","70.3'","Clinometer/laser rangefinder/sine","10.6'","127''","46.8'","Measured  T. Sharp. 8-19-2023  at  East State Street park m4ar the Atens Community Center in Athens, Athens County.","Turner Sharp","2000-01-01","","N"
"Sawara False Cypress","Chamaecyparis pisifera","Ohio","Franklin","Ohio Single Tree Sites","","","","","302703","1","","","","Public, Private","60.0'","Clinometer/laser rangefinder/sine","","","","Measured by S. Galehouse 3/11/2010 in Bay Village, Cuyahoga County","Turner Sharp","2000-01-01","","N"
"Shortleaf Pine","Pinus echinata","Ohio","Franklin","Ohio Single Tree Sites","39 03.515","-082 01.251","","","302687","1","39 03.515","-082 01.251","720.0 ft","Public, Private","70.5'","Clinometer/laser rangefinder/sine","6.3'","75''","","Measured by  T. Sharp 6/19/2017.
Tree located in Rock Spring Cemetery near Pomeroy, Meigs County, Ohio.","Turner Sharp","2000-01-01","","N"
"Shumard's Oak","Quercus shumardii","Ohio","Franklin","Ohio Single Tree Sites","","","","","302723","1","","","","Public, Private","112.0'","Clinometer/laser rangefinder/sine","23.2'","278''","100.0'","Measured by M. Markworth 10/15/14 in Hamilton County","Turner Sharp","2000-01-01","","N"
"Swamp White Oak","Quercus bicolor","Ohio","Franklin","Ohio Single Tree Sites","39 08.545","-084 29.516","","","302717","1","39 08.545","-084 29.516","","Public, Private","82.9'","Clinometer/laser rangefinder/sine","14.3'","172''","90.0'","Measured by Matt Markworth 12/14/2013,
Locale is a retirement village in Cincinnati, Hamilton County.","Turner Sharp","2000-01-01","","N"
"Swamp White Oak","Quercus bicolor","Ohio","Franklin","Ohio Single Tree Sites","39 37.704","-084 09.156","","","302718","1","39 37.704","-084 09.156","","Public, Private","84.3'","Clinometer/laser rangefinder/sine","15.0'","180''","","Measured by M. Markworth 12/15/2013
near Centerville, Montgomery County.","Turner Sharp","2000-01-01","","N"
"Swamp White Oak","Quercus bicolor","Ohio","Franklin","Ohio Single Tree Sites","","","","","302702","1","","","","Public, Private","103.1'","Clinometer/laser rangefinder/sine","15.8'","190''","","Measured by S. Galehouse 3/10/2010 near Bay Village, Cuyahoga County.","Turner Sharp","2000-01-01","","N"
"Swamp White Oak","Quercus bicolor","Ohio","Franklin","Ohio Single Tree Sites","41 28.135","-081 49.978","","","302716","1","41 28.135","-081 49.978","","Public, Private","103.1'","Clinometer/laser rangefinder/sine","15.8'","190''","","Near Rocky River, Cuyahoga County. Measured by S. Galehouse 3/12/2010","Turner Sharp","2000-01-01","","N"
"Sycamore Maple","Acer pseudoplatanus","Ohio","Franklin","Ohio Single Tree Sites","39 44.651","-084 10.367","","","302721","1","39 44.651","-084 10.367","","Public, Private","57.0'","Clinometer/laser rangefinder/sine","9.1'","109''","34.5'","Measured by M. Markworth 11/15/2014 at Woodland Cemetery, Dayton, Montgomery County","Turner Sharp","2000-01-01","","N"
"Umbrella-Tree","Magnolia tripetala","Ohio","Franklin","Ohio Single Tree Sites","41 24.287","-082 12.662","","","302696","1","41 24.287","-082 12.662","","Public, Private","36.7'","Clinometer/laser rangefinder/sine","4.3'","52''","42.0'","Measured by S. Galehouse 7/4/2009. Located on lawn of Good Shepherd Baptist Church, 1100 Cleveland Avenue, Amherst, Lorain County","Turner Sharp","2000-01-01","","N"
"Virginia Pine","Pinus virginiana","Ohio","Franklin","Ohio Single Tree Sites","39 03.575","-082 01.229","","","302688","1","39 03.575","-082 01.229","720.0 ft","Public, Private","63.7'","Clinometer/laser rangefinder/sine","5.4'","65''","","Measured by  T. Sharp 6/19/2017.
Tree located in Rock Spring Cemetery near Pomeroy, Meigs County, Ohio.","Turner Sharp","2000-01-01","","N"
"White Ash","Fraxinus americana","Ohio","Franklin","Ohio Single Tree Sites","","","","","302701","1","","","","Public, Private","132.0'","Clinometer/laser rangefinder/sine","","","","Measured by S. Galehouse 11/28/2009, Cuyahoga Valley.","Turner Sharp","2000-01-01","","N"
"White Fringetree","Chionanthus virginicus","Ohio","Franklin","Ohio Single Tree Sites","","","","","302694","1","","","","Public, Private","18.7'","Clinometer/laser rangefinder/sine","","","2.6'","Measured by S. Galehouse 5/25/2009 in  Bay Village, Cuyahoga County.
Muti-stem at base","Turner Sharp","2000-01-01","","N"
"White Mulberry","Morus alba","Ohio","Franklin","Ohio Single Tree Sites","41 21.020","-083 07.312","","","302711","1","41 21.020","-083 07.312","","Public, Private","60.5'","Clinometer/laser rangefinder/sine","","","","Multi-stem tree. 
Measured by W. Blozan 7/22/2008 near Fremont, Sandusky County","Turner Sharp","2000-01-01","","N"
"White Oak","Quercus alba","Ohio","Franklin","Ohio Single Tree Sites","","","","","302726","1","","","","Public, Private","72.0'","Clinometer/laser rangefinder/sine","21.4'","257''","109.0'","Measured by M. Markworth 4/20/2015 in Hocking County.","Turner Sharp","2000-01-01","","N"
"White Oak","Quercus alba","Ohio","Franklin","Ohio Single Tree Sites","","","","","302692","1","","","","Public, Private","76.0'","Clinometer/laser rangefinder/sine","17.5'","210''","92.0'","Measured by S. Galehouse 2/2/2007.
 Tree located Bay Village, Cuyahoga County.","Turner Sharp","2000-01-01","","N"
"White Oak","Quercus alba","Ohio","Franklin","Ohio Single Tree Sites","41 12.727","-081 35.762","","","302708","1","41 12.727","-081 35.762","","Public, Private","77.0'","Clinometer/laser rangefinder/sine","14.2'","170''","75.0'","Wolf Tree near Riding Run in Cuyahoga Valley National Park. 
Measured by S. Galehouse 4/10/2011","Turner Sharp","2000-01-01","","N"
"White Oak","Quercus alba","Ohio","Franklin","Ohio Single Tree Sites","","","","","302724","1","","","","Public, Private","79.0'","Clinometer/laser rangefinder/sine","22.8'","273''","","Measured by S. Galehouse 1/20/2015 near Vermillion, Lorain County","Turner Sharp","2000-01-01","","N"
"White Oak","Quercus alba","Ohio","Franklin","Ohio Single Tree Sites","","","","","302725","1","","","","Public, Private","82.1'","Clinometer/laser rangefinder/sine","20.3'","243''","116.0'","Measured by s. Galehouse 4/17/2015 in Valley City, Medina County","Turner Sharp","2000-01-01","","N"
"Willow Oak","Quercus phellos","Ohio","Franklin","Ohio Single Tree Sites","","","","","302693","1","","","","Public, Private","72.0'","Clinometer/laser rangefinder/sine","11.5'","138''","","Measured by S. Galehouse 10/29/2008. 
Tree located in Bay Village, Cuyahoga County","Turner Sharp","2000-01-01","","N"
"Willow Oak","Quercus phellos","Ohio","Franklin","Ohio Single Tree Sites","39 06.708","-084 25.743","","","302722","1","39 06.708","-084 25.743","","Public, Private","96.6'","Clinometer/laser rangefinder/sine","16.2'","194''","88.0'","Crown spread is maximum, average is 79'. 
Measured by M Markworth on 9/12/2014 in Alms Park, Cincinnati, Hamilton County.","Turner Sharp","2000-01-01","","N"
"Yellow Buckeye","Aesculus flava","Ohio","Franklin","Ohio Single Tree Sites","39 01.745","-082 01.667","","","302686","1","39 01.745","-082 01.667","600.0 ft","Public, Private","75.0'","Clinometer/laser rangefinder/sine","11.1'","133''","48.0'","Measured by T. Sharp. 10/19/2012 in Pomeroy, Meigs County. Tree is between Sidewalk and Ohio River in a small park.
Crown Spread is maximum
CBH adjusted for vine","Turner Sharp","2000-01-01","","N"
"American Sycamore","Platanus occidentalis","Ohio","Franklin","Public Hunting Area- North Bend And West Benk Area","","","","","168396","1","","","","Public-state","111.0'","Clinometer/laser rangefinder/sine","","","","","Rand Brown","2015-05-07","http%3A%2F%2Fwww.ents-bbs.org%2Fviewtopic.php%3Ff%3D111%26t%3D6992%23p33226","N"
"American Sycamore","Platanus occidentalis","Ohio","Franklin","Public Hunting Area- North Bend And West Benk Area","","","","","168392","1","","","","Public-state","113.0'","Clinometer/laser rangefinder/sine","16.6'","199''","","Limb length of 58', 46' 46', 42'","Rand Brown","2015-05-07","http%3A%2F%2Fwww.ents-bbs.org%2Fviewtopic.php%3Ff%3D111%26t%3D6992%23p33226","N"
"American Sycamore","Platanus occidentalis","Ohio","Franklin","Public Hunting Area- North Bend And West Benk Area","","","","","168397","1","","","","Public-state","114.0'","Clinometer/laser rangefinder/sine","11.0'","132''","","with 4"" vine?","Rand Brown","2015-05-07","http%3A%2F%2Fwww.ents-bbs.org%2Fviewtopic.php%3Ff%3D111%26t%3D6992%23p33226","N"
"American Sycamore","Platanus occidentalis","Ohio","Franklin","Public Hunting Area- North Bend And West Benk Area","","","","","168395","1","","","","Public-state","119.0'","Clinometer/laser rangefinder/sine","8.3'","99''","","","Rand Brown","2015-05-07","http%3A%2F%2Fwww.ents-bbs.org%2Fviewtopic.php%3Ff%3D111%26t%3D6992%23p33226","N"
"American Sycamore","Platanus occidentalis","Ohio","Franklin","Public Hunting Area- North Bend And West Benk Area","","","","","168394","1","","","","Public-state","129.0'","Clinometer/laser rangefinder/sine","","","","Measured the largest stem","Rand Brown","2015-05-07","http%3A%2F%2Fwww.ents-bbs.org%2Fviewtopic.php%3Ff%3D111%26t%3D6992%23p33226","N"
"American Sycamore","Platanus occidentalis","Ohio","Franklin","Public Hunting Area- North Bend And West Benk Area","","","","","168422","1","","","","Public-state","130.0'","Clinometer/laser rangefinder/sine","7.8'","93''","","","Rand Brown","2015-05-07","http%3A%2F%2Fwww.ents-bbs.org%2Fviewtopic.php%3Ff%3D111%26t%3D6992%23p33226","N"
"American Sycamore","Platanus occidentalis","Ohio","Franklin","Public Hunting Area- North Bend And West Benk Area","","","","","168391","1","","","","Public-state","131.0'","Clinometer/laser rangefinder/sine","7.8'","94''","","","Rand Brown","2015-05-07","http%3A%2F%2Fwww.ents-bbs.org%2Fviewtopic.php%3Ff%3D111%26t%3D6992%23p33226","N"
"American Sycamore","Platanus occidentalis","Ohio","Franklin","Public Hunting Area- North Bend And West Benk Area","","","","","168421","1","","","","Public-state","131.0'","Clinometer/laser rangefinder/sine","7.5'","90''","","","Rand Brown","2015-05-07","http%3A%2F%2Fwww.ents-bbs.org%2Fviewtopic.php%3Ff%3D111%26t%3D6992%23p33226","N"
"American Sycamore","Platanus occidentalis","Ohio","Franklin","Public Hunting Area- North Bend And West Benk Area","","","","","168393","1","","","","Public-state","136.0'","Clinometer/laser rangefinder/sine","12.1'","145''","","","Rand Brown","2015-05-07","http%3A%2F%2Fwww.ents-bbs.org%2Fviewtopic.php%3Ff%3D111%26t%3D6992%23p33226","N"
"Bitternut Hickory","Carya cordiformis","Ohio","Franklin","Public Hunting Area- North Bend And West Benk Area","","","","","168409","1","","","","Public-state","93.0'","Clinometer/laser rangefinder/sine","4.6'","55''","","","Rand Brown","2015-05-07","http%3A%2F%2Fwww.ents-bbs.org%2Fviewtopic.php%3Ff%3D111%26t%3D6992%23p33226","N"
"Black Walnut","Juglans nigra","Ohio","Franklin","Public Hunting Area- North Bend And West Benk Area","","","","","168403","1","","","","Public-state","98.0'","Clinometer/laser rangefinder/sine","","","","","Rand Brown","2015-05-07","http%3A%2F%2Fwww.ents-bbs.org%2Fviewtopic.php%3Ff%3D111%26t%3D6992%23p33226","N"
"Bur Oak","Quercus macrocarpa var. macrocarpa","Ohio","Franklin","Public Hunting Area- North Bend And West Benk Area","","","","","168412","1","","","","Public-state","98.0'","Clinometer/laser rangefinder/sine","12.0'","144''","","","Rand Brown","2015-05-07","http%3A%2F%2Fwww.ents-bbs.org%2Fviewtopic.php%3Ff%3D111%26t%3D6992%23p33226","N"
"Bur Oak","Quercus macrocarpa var. macrocarpa","Ohio","Franklin","Public Hunting Area- North Bend And West Benk Area","","","","","168411","1","","","","Public-state","100.0'","Clinometer/laser rangefinder/sine","9.6'","115''","","","Rand Brown","2015-05-07","http%3A%2F%2Fwww.ents-bbs.org%2Fviewtopic.php%3Ff%3D111%26t%3D6992%23p33226","N"
"Bur Oak","Quercus macrocarpa var. macrocarpa","Ohio","Franklin","Public Hunting Area- North Bend And West Benk Area","","","","","168413","1","","","","Public-state","113.0'","Clinometer/laser rangefinder/sine","11.6'","139''","","","Rand Brown","2015-05-07","http%3A%2F%2Fwww.ents-bbs.org%2Fviewtopic.php%3Ff%3D111%26t%3D6992%23p33226","N"
"Chinkapin Oak","Quercus muehlenbergii","Ohio","Franklin","Public Hunting Area- North Bend And West Benk Area","","","","","168410","1","","","","Public-state","80.0'","Clinometer/laser rangefinder/sine","10.9'","131''","","","Rand Brown","2015-05-07","http%3A%2F%2Fwww.ents-bbs.org%2Fviewtopic.php%3Ff%3D111%26t%3D6992%23p33226","N"
"Common Hackberry","Celtis occidentalis","Ohio","Franklin","Public Hunting Area- North Bend And West Benk Area","","","","","168404","1","","","","Public-state","90.0'","Clinometer/laser rangefinder/sine","7.0'","84''","","","Rand Brown","2015-05-07","http%3A%2F%2Fwww.ents-bbs.org%2Fviewtopic.php%3Ff%3D111%26t%3D6992%23p33226","N"
"Common Hackberry","Celtis occidentalis","Ohio","Franklin","Public Hunting Area- North Bend And West Benk Area","","","","","168405","1","","","","Public-state","92.0'","Clinometer/laser rangefinder/sine","9.4'","113''","","","Rand Brown","2015-05-07","http%3A%2F%2Fwww.ents-bbs.org%2Fviewtopic.php%3Ff%3D111%26t%3D6992%23p33226","N"
"Common Hackberry","Celtis occidentalis","Ohio","Franklin","Public Hunting Area- North Bend And West Benk Area","","","","","168406","1","","","","Public-state","95.5'","Clinometer/laser rangefinder/sine","8.5'","103''","","","Rand Brown","2015-05-07","http%3A%2F%2Fwww.ents-bbs.org%2Fviewtopic.php%3Ff%3D111%26t%3D6992%23p33226","N"
"Eastern Cottonwood","Populus deltoides","Ohio","Franklin","Public Hunting Area- North Bend And West Benk Area","","","","","168400","1","","","","Public-state","117.0'","Clinometer/laser rangefinder/sine","10.4'","125''","","","Rand Brown","2015-05-07","http%3A%2F%2Fwww.ents-bbs.org%2Fviewtopic.php%3Ff%3D111%26t%3D6992%23p33226","N"
"Eastern Cottonwood","Populus deltoides","Ohio","Franklin","Public Hunting Area- North Bend And West Benk Area","","","","","168398","1","","","","Public-state","118.0'","Clinometer/laser rangefinder/sine","10.5'","126''","","","Rand Brown","2015-05-07","http%3A%2F%2Fwww.ents-bbs.org%2Fviewtopic.php%3Ff%3D111%26t%3D6992%23p33226","N"
"Eastern Cottonwood","Populus deltoides","Ohio","Franklin","Public Hunting Area- North Bend And West Benk Area","","","","","168419","1","","","","Public-state","119.0'","Clinometer/laser rangefinder/sine","12.7'","152''","","circumference taken at 5.5'.","Rand Brown","2015-05-07","http%3A%2F%2Fwww.ents-bbs.org%2Fviewtopic.php%3Ff%3D111%26t%3D6992%23p33226","N"
"Eastern Cottonwood","Populus deltoides","Ohio","Franklin","Public Hunting Area- North Bend And West Benk Area","","","","","168399","1","","","","Public-state","121.0'","Clinometer/laser rangefinder/sine","9.9'","119''","","","Rand Brown","2015-05-07","http%3A%2F%2Fwww.ents-bbs.org%2Fviewtopic.php%3Ff%3D111%26t%3D6992%23p33226","N"
"Eastern Cottonwood","Populus deltoides","Ohio","Franklin","Public Hunting Area- North Bend And West Benk Area","","","","","168420","1","","","","Public-state","123.5'","Clinometer/laser rangefinder/sine","14.9'","179''","","","Rand Brown","2015-05-07","http%3A%2F%2Fwww.ents-bbs.org%2Fviewtopic.php%3Ff%3D111%26t%3D6992%23p33226","N"
"Eastern Cottonwood","Populus deltoides","Ohio","Franklin","Public Hunting Area- North Bend And West Benk Area","","","","","168418","1","","","","Public-state","130.0'","Clinometer/laser rangefinder/sine","","","","","Rand Brown","2015-05-07","http%3A%2F%2Fwww.ents-bbs.org%2Fviewtopic.php%3Ff%3D111%26t%3D6992%23p33226","N"
"Eastern Cottonwood","Populus deltoides","Ohio","Franklin","Public Hunting Area- North Bend And West Benk Area","","","","","168417","1","","","","Public-state","132.0'","Clinometer/laser rangefinder/sine","10.8'","130''","","","Rand Brown","2015-05-07","http%3A%2F%2Fwww.ents-bbs.org%2Fviewtopic.php%3Ff%3D111%26t%3D6992%23p33226","N"
"Green Ash","Fraxinus pennsylvanica","Ohio","Franklin","Public Hunting Area- North Bend And West Benk Area","","","","","168414","1","","","","Public-state","85.0'","Clinometer/laser rangefinder/sine","7.0'","84''","","","Rand Brown","2015-05-07","http%3A%2F%2Fwww.ents-bbs.org%2Fviewtopic.php%3Ff%3D111%26t%3D6992%23p33226","N"
"Kentucky Coffeetree","Gymnocladus dioicus","Ohio","Franklin","Public Hunting Area- North Bend And West Benk Area","","","","","168407","1","","","","Public-state","88.0'","Clinometer/laser rangefinder/sine","5.6'","67''","","","Rand Brown","2015-05-07","http%3A%2F%2Fwww.ents-bbs.org%2Fviewtopic.php%3Ff%3D111%26t%3D6992%23p33226","N"
"Ohio Buckeye","Aesculus glabra var. glabra","Ohio","Franklin","Public Hunting Area- North Bend And West Benk Area","","","","","168416","1","","","","Public-state","6.7'","Clinometer/laser rangefinder/sine","6.2'","74''","","","Rand Brown","2015-05-07","http%3A%2F%2Fwww.ents-bbs.org%2Fviewtopic.php%3Ff%3D111%26t%3D6992%23p33226","N"
"Ohio Buckeye","Aesculus glabra var. glabra","Ohio","Franklin","Public Hunting Area- North Bend And West Benk Area","","","","","168415","1","","","","Public-state","75.5'","Clinometer/laser rangefinder/sine","7.8'","94''","","","Rand Brown","2015-05-07","http%3A%2F%2Fwww.ents-bbs.org%2Fviewtopic.php%3Ff%3D111%26t%3D6992%23p33226","N"
"Silver Maple","Acer saccharinum","Ohio","Franklin","Public Hunting Area- North Bend And West Benk Area","","","","","168401","1","","","","Public-state","91.0'","Clinometer/laser rangefinder/sine","8.3'","99''","","","Rand Brown","2015-05-07","http%3A%2F%2Fwww.ents-bbs.org%2Fviewtopic.php%3Ff%3D111%26t%3D6992%23p33226","N"
"Silver Maple","Acer saccharinum","Ohio","Franklin","Public Hunting Area- North Bend And West Benk Area","","","","","168423","1","","","","Public-state","110.5'","Clinometer/laser rangefinder/sine","","","","","Rand Brown","2015-05-07","http%3A%2F%2Fwww.ents-bbs.org%2Fviewtopic.php%3Ff%3D111%26t%3D6992%23p33226","N"
"Sugar Maple","Acer saccharum","Ohio","Franklin","Public Hunting Area- North Bend And West Benk Area","","","","","168408","1","","","","Public-state","80.0'","Clinometer/laser rangefinder/sine","5.2'","62''","","","Rand Brown","2015-05-07","http%3A%2F%2Fwww.ents-bbs.org%2Fviewtopic.php%3Ff%3D111%26t%3D6992%23p33226","N"
"White Ash","Fraxinus americana","Ohio","Franklin","Public Hunting Area- North Bend And West Benk Area","","","","","168402","1","","","","Public-state","99.0'","Clinometer/laser rangefinder/sine","8.3'","100''","","Dead tree.","Rand Brown","2015-05-07","http%3A%2F%2Fwww.ents-bbs.org%2Fviewtopic.php%3Ff%3D111%26t%3D6992%23p33226","N"
"American Basswood","Tilia americana","Ohio","Fulton","Goll Woods State Natural Area","","","","","9643","1","","","","public","112.2'","","7.1'","85''","","","Will Blozan, Tom Diggins","2007-04-15","http%3A%2F%2Fwww.nativetreesociety.org%2Ffieldtrips%2Fohio%2Fgoll_woods%2Fgoll_woods_state_natural_area.htm","N"
"American Beech","Fagus grandifolia","Ohio","Fulton","Goll Woods State Natural Area","","","","","9644","1","","","","public","111.1'","","8.0'","96''","","","Will Blozan, Tom Diggins","2007-04-15","http%3A%2F%2Fwww.nativetreesociety.org%2Ffieldtrips%2Fohio%2Fgoll_woods%2Fgoll_woods_state_natural_area.htm","N"
"American Elm","Ulmus americana","Ohio","Fulton","Goll Woods State Natural Area","","","","","9648","1","","","","public","99.1'","","6.3'","76''","","","Will Blozan, Tom Diggins","2007-04-15","http%3A%2F%2Fwww.nativetreesociety.org%2Ffieldtrips%2Fohio%2Fgoll_woods%2Fgoll_woods_state_natural_area.htm","N"
"American Sycamore","Platanus occidentalis","Ohio","Fulton","Goll Woods State Natural Area","","","","","9624","1","","","","public","127.5'","","","","","","Will Blozan, Tom Diggins","2007-04-15","http%3A%2F%2Fwww.nativetreesociety.org%2Ffieldtrips%2Fohio%2Fgoll_woods%2Fgoll_woods_state_natural_area.htm","N"
"Bigtooth Aspen","Populus grandidentata","Ohio","Fulton","Goll Woods State Natural Area","","","","","9645","1","","","","public","108.6'","","5.0'","60''","","","Will Blozan, Tom Diggins","2007-04-15","http%3A%2F%2Fwww.nativetreesociety.org%2Ffieldtrips%2Fohio%2Fgoll_woods%2Fgoll_woods_state_natural_area.htm","N"
"Bitternut Hickory","Carya cordiformis","Ohio","Fulton","Goll Woods State Natural Area","","","","","9642","1","","","","public","112.7'","","7.8'","93''","","","Will Blozan, Tom Diggins","2007-04-15","http%3A%2F%2Fwww.nativetreesociety.org%2Ffieldtrips%2Fohio%2Fgoll_woods%2Fgoll_woods_state_natural_area.htm","N"
"Blue Oak","Quercus douglasii","Ohio","Fulton","Goll Woods State Natural Area","","","","","9623","1","","","","public","128.6'","","","","","","Will Blozan, Tom Diggins","2007-04-15","http%3A%2F%2Fwww.nativetreesociety.org%2Ffieldtrips%2Fohio%2Fgoll_woods%2Fgoll_woods_state_natural_area.htm","N"
"Boxelder","Acer negundo","Ohio","Fulton","Goll Woods State Natural Area","","","","","9649","1","","","","public","80.4'","","3.9'","47''","","","Will Blozan, Tom Diggins","2007-04-15","http%3A%2F%2Fwww.nativetreesociety.org%2Ffieldtrips%2Fohio%2Fgoll_woods%2Fgoll_woods_state_natural_area.htm","N"
"Bur Oak","Quercus macrocarpa","Ohio","Fulton","Goll Woods State Natural Area","","","","","9631","1","","","","public","","","16.6'","199''","","","Will Blozan, Tom Diggins","2007-04-15","http%3A%2F%2Fwww.nativetreesociety.org%2Ffieldtrips%2Fohio%2Fgoll_woods%2Fgoll_woods_state_natural_area.htm","N"
"Chinkapin Oak","Quercus muehlenbergii","Ohio","Fulton","Goll Woods State Natural Area","","","","","9640","1","","","","public","","","10.7'","128''","","","Will Blozan, Tom Diggins","2007-04-15","http%3A%2F%2Fwww.nativetreesociety.org%2Ffieldtrips%2Fohio%2Fgoll_woods%2Fgoll_woods_state_natural_area.htm","N"
"Chinkapin Oak","Quercus muehlenbergii","Ohio","Fulton","Goll Woods State Natural Area","","","","","9647","1","","","","public","99.9'","","10.2'","122''","","","Will Blozan, Tom Diggins","2007-04-15","http%3A%2F%2Fwww.nativetreesociety.org%2Ffieldtrips%2Fohio%2Fgoll_woods%2Fgoll_woods_state_natural_area.htm","N"
"Eastern Cottonwood","Populus deltoides","Ohio","Fulton","Goll Woods State Natural Area","","","","","9632","1","","","","public","","","15.4'","184''","","","Will Blozan, Tom Diggins","2007-04-15","http%3A%2F%2Fwww.nativetreesociety.org%2Ffieldtrips%2Fohio%2Fgoll_woods%2Fgoll_woods_state_natural_area.htm","N"
"Eastern Cottonwood","Populus deltoides","Ohio","Fulton","Goll Woods State Natural Area","","","","","9621","1","","","","public","131.1'","","","","","","Will Blozan, Tom Diggins","2007-04-15","http%3A%2F%2Fwww.nativetreesociety.org%2Ffieldtrips%2Fohio%2Fgoll_woods%2Fgoll_woods_state_natural_area.htm","N"
"Northern Red Oak","Quercus rubra","Ohio","Fulton","Goll Woods State Natural Area","","","","","9637","1","","","","public","","","12.2'","146''","","","Will Blozan, Tom Diggins","2007-04-15","http%3A%2F%2Fwww.nativetreesociety.org%2Ffieldtrips%2Fohio%2Fgoll_woods%2Fgoll_woods_state_natural_area.htm","N"
"Northern Red Oak","Quercus rubra","Ohio","Fulton","Goll Woods State Natural Area","","","","","9629","1","","","","public","116.3'","","","","","","Will Blozan, Tom Diggins","2007-04-15","http%3A%2F%2Fwww.nativetreesociety.org%2Ffieldtrips%2Fohio%2Fgoll_woods%2Fgoll_woods_state_natural_area.htm","N"
"Red Maple","Acer rubrum","Ohio","Fulton","Goll Woods State Natural Area","","","","","9639","1","","","","public","","","11.0'","132''","","","Will Blozan, Tom Diggins","2007-04-15","http%3A%2F%2Fwww.nativetreesociety.org%2Ffieldtrips%2Fohio%2Fgoll_woods%2Fgoll_woods_state_natural_area.htm","N"
"Red Maple","Acer rubrum","Ohio","Fulton","Goll Woods State Natural Area","","","","","9641","1","","","","public","112.9'","","10.5'","126''","","","Will Blozan, Tom Diggins","2007-04-15","http%3A%2F%2Fwww.nativetreesociety.org%2Ffieldtrips%2Fohio%2Fgoll_woods%2Fgoll_woods_state_natural_area.htm","N"
"Shagbark Hickory","Carya ovata","Ohio","Fulton","Goll Woods State Natural Area","","","","","9627","1","","","","public","118.3'","","","","","","Will Blozan, Tom Diggins","2007-04-15","http%3A%2F%2Fwww.nativetreesociety.org%2Ffieldtrips%2Fohio%2Fgoll_woods%2Fgoll_woods_state_natural_area.htm","N"
"Shellbark Hickory","Carya laciniosa","Ohio","Fulton","Goll Woods State Natural Area","","","","","9628","1","","","","public","117.6'","","","","","","Will Blozan, Tom Diggins","2007-04-15","http%3A%2F%2Fwww.nativetreesociety.org%2Ffieldtrips%2Fohio%2Fgoll_woods%2Fgoll_woods_state_natural_area.htm","N"
"Shumard's Oak","Quercus shumardii","Ohio","Fulton","Goll Woods State Natural Area","","","","","9633","1","","","","public","","","14.8'","177''","","","Will Blozan, Tom Diggins","2007-04-15","http%3A%2F%2Fwww.nativetreesociety.org%2Ffieldtrips%2Fohio%2Fgoll_woods%2Fgoll_woods_state_natural_area.htm","N"
"Shumard's Oak","Quercus shumardii","Ohio","Fulton","Goll Woods State Natural Area","","","","","9630","1","","","","public","116.0'","","","","","","Will Blozan, Tom Diggins","2007-04-15","http%3A%2F%2Fwww.nativetreesociety.org%2Ffieldtrips%2Fohio%2Fgoll_woods%2Fgoll_woods_state_natural_area.htm","N"
"Swamp White Oak","Quercus bicolor","Ohio","Fulton","Goll Woods State Natural Area","","","","","9636","1","","","","public","","","11.3'","135''","","","Will Blozan, Tom Diggins","2007-04-15","http%3A%2F%2Fwww.nativetreesociety.org%2Ffieldtrips%2Fohio%2Fgoll_woods%2Fgoll_woods_state_natural_area.htm","N"
"Swamp White Oak","Quercus bicolor","Ohio","Fulton","Goll Woods State Natural Area","","","","","9626","1","","","","public","119.2'","","","","","","Will Blozan, Tom Diggins","2007-04-15","http%3A%2F%2Fwww.nativetreesociety.org%2Ffieldtrips%2Fohio%2Fgoll_woods%2Fgoll_woods_state_natural_area.htm","N"
"Tuliptree","Liriodendron tulipifera","Ohio","Fulton","Goll Woods State Natural Area","","","","","9634","1","","","","public","","","14.5'","174''","","","Will Blozan, Tom Diggins","2007-04-15","http%3A%2F%2Fwww.nativetreesociety.org%2Ffieldtrips%2Fohio%2Fgoll_woods%2Fgoll_woods_state_natural_area.htm","N"
"Tuliptree","Liriodendron tulipifera","Ohio","Fulton","Goll Woods State Natural Area","","","","","9622","1","","","","public","129.1'","","","","","","Will Blozan, Tom Diggins","2007-04-15","http%3A%2F%2Fwww.nativetreesociety.org%2Ffieldtrips%2Fohio%2Fgoll_woods%2Fgoll_woods_state_natural_area.htm","N"
"White Ash","Fraxinus americana","Ohio","Fulton","Goll Woods State Natural Area","","","","","9638","1","","","","public","","","11.3'","135''","","","Will Blozan, Tom Diggins","2007-04-15","http%3A%2F%2Fwww.nativetreesociety.org%2Ffieldtrips%2Fohio%2Fgoll_woods%2Fgoll_woods_state_natural_area.htm","N"
"White Ash","Fraxinus americana","Ohio","Fulton","Goll Woods State Natural Area","","","","","9625","1","","","","public","127.0'","","","","","","Will Blozan, Tom Diggins","2007-04-15","http%3A%2F%2Fwww.nativetreesociety.org%2Ffieldtrips%2Fohio%2Fgoll_woods%2Fgoll_woods_state_natural_area.htm","N"
"White Oak","Quercus alba","Ohio","Fulton","Goll Woods State Natural Area","","","","","9635","1","","","","public","","","13.7'","165''","","","Will Blozan, Tom Diggins","2007-04-15","http%3A%2F%2Fwww.nativetreesociety.org%2Ffieldtrips%2Fohio%2Fgoll_woods%2Fgoll_woods_state_natural_area.htm","N"
"White Oak","Quercus alba","Ohio","Fulton","Goll Woods State Natural Area","","","","","9646","1","","","","public","108.0'","","13.1'","157''","","","Will Blozan, Tom Diggins","2007-04-15","http%3A%2F%2Fwww.nativetreesociety.org%2Ffieldtrips%2Fohio%2Fgoll_woods%2Fgoll_woods_state_natural_area.htm","N"
"American Sycamore","Platanus occidentalis","Ohio","Greene","Clifton Gorge State Nature Preserve","","","","","52728","1","","","","Public","127.7'","Clinometer/laser rangefinder/sine","","","","","Matt Markworth","2013-11-23","","N"
"Arborvitae","Thuja occidentalis","Ohio","Greene","Clifton Gorge State Nature Preserve","","","","","52727","1","","","","Public","54.2'","Clinometer/laser rangefinder/sine","","","","","Matt Markworth","2013-11-23","","N"
"Arborvitae","Thuja occidentalis","Ohio","Greene","Clifton Gorge State Nature Preserve","","","","","51721","1","","","","Public","69.3'","Clinometer/laser rangefinder/sine","","","","","Matt Markworth","2013-11-24","","N"
"Arborvitae","Thuja occidentalis","Ohio","Greene","Clifton Gorge State Nature Preserve","","","","","51720","1","","","","Public","79.2'","Clinometer/laser rangefinder/sine","","","","","Matt Markworth","2013-11-24","","N"
"Arborvitae","Thuja occidentalis","Ohio","Greene","Clifton Gorge State Nature Preserve","","","","","52726","1","","","","Public","91.4'","Clinometer/laser rangefinder/sine","","","","","Matt Markworth","2013-11-23","","N"
"Chinkapin Oak","Quercus muehlenbergii","Ohio","Greene","Clifton Gorge State Nature Preserve","","","","","52734","1","","","","Public","","Clinometer/laser rangefinder/sine","11.3'","135''","","","Matt Markworth","2013-11-23","","N"
"Chinkapin Oak","Quercus muehlenbergii","Ohio","Greene","Clifton Gorge State Nature Preserve","","","","","52729","1","","","","Public","63.5'","Clinometer/laser rangefinder/sine","10.9'","131''","","Above the gorge","Matt Markworth","2013-11-23","","N"
"Chinkapin Oak","Quercus muehlenbergii","Ohio","Greene","Clifton Gorge State Nature Preserve","","","","","52730","1","","","","Public","88.4'","Clinometer/laser rangefinder/sine","11.5'","138''","","","Matt Markworth","2013-11-23","","N"
"Eastern Cottonwood","Populus deltoides","Ohio","Greene","Clifton Gorge State Nature Preserve","","","","","52719","1","","","","Public","121.2'","Clinometer/laser rangefinder/sine","","","","","Matt Markworth","2013-11-23","","N"
"Eastern Hemlock","Tsuga canadensis","Ohio","Greene","Clifton Gorge State Nature Preserve","","","","","52721","1","","","","Public","79.3'","Clinometer/laser rangefinder/sine","","","","","Matt Markworth","2013-11-23","","N"
"Eastern Hemlock","Tsuga canadensis","Ohio","Greene","Clifton Gorge State Nature Preserve","","","","","52723","1","","","","Public","100.0'","Clinometer/laser rangefinder/sine","","","","","Matt Markworth","2013-11-23","","N"
"Eastern Hemlock","Tsuga canadensis","Ohio","Greene","Clifton Gorge State Nature Preserve","","","","","52725","1","","","","Public","103.0'","Clinometer/laser rangefinder/sine","","","","","Matt Markworth","2013-11-23","","N"
"Eastern Hemlock","Tsuga canadensis","Ohio","Greene","Clifton Gorge State Nature Preserve","","","","","52724","1","","","","Public","105.9'","Clinometer/laser rangefinder/sine","","","","","Matt Markworth","2013-11-23","","N"
"Eastern Hemlock","Tsuga canadensis","Ohio","Greene","Clifton Gorge State Nature Preserve","","","","","52722","1","","","","Public","111.0'","Clinometer/laser rangefinder/sine","","","","","Matt Markworth","2013-11-23","","N"
"Eastern Hemlock","Tsuga canadensis","Ohio","Greene","Clifton Gorge State Nature Preserve","","","","","52720","1","","","","Public","116.0'","Clinometer/laser rangefinder/sine","","","","","Matt Markworth","2013-11-23","","N"
"Eastern Redcedar","Juniperus virginiana","Ohio","Greene","Clifton Gorge State Nature Preserve","","","","","52731","1","","","","Public","53.1'","Clinometer/laser rangefinder/sine","7.1'","85''","","Above the gorge","Matt Markworth","2013-11-23","","N"
"Tuliptree","Liriodendron tulipifera","Ohio","Greene","Clifton Gorge State Nature Preserve","","","","","52732","1","","","","Public","130.9'","Clinometer/laser rangefinder/sine","11.7'","140''","","","Matt Markworth","2013-11-23","","N"
"Tuliptree","Liriodendron tulipifera","Ohio","Greene","Clifton Gorge State Nature Preserve","","","","","52733","1","","","","Public","137.4'","Clinometer/laser rangefinder/sine","10.3'","124''","","","Matt Markworth","2013-11-23","","N"
"Chinkapin Oak","Quercus muehlenbergii","Ohio","Greene","John Bryan State Park","","","","","53890","1","","","","Public","","","14.6'","175''","","Tree has broken and fallen over at 20' up the trunk.","Matt Markworth","2013-11-29","","N"
"Chinkapin Oak","Quercus muehlenbergii","Ohio","Greene","John Bryan State Park","","","","","53892","1","","","","Public","102.3'","Clinometer/laser rangefinder/sine","12.4'","149''","","","Matt Markworth","2013-11-29","","N"
"Chinkapin Oak","Quercus muehlenbergii","Ohio","Greene","John Bryan State Park","","","","","53891","1","","","","Public","103.3'","Clinometer/laser rangefinder/sine","12.6'","151''","","","Matt Markworth","2013-11-29","","N"
"American Basswood","Tilia americana","Ohio","Hamilton","California Woods Nature Preserve","","","113 Acres
Measurements made from 2014 thru 2017","","169514","1","","","","Pubkic - city","129.2'","Clinometer/laser rangefinder/sine","8.1'","97''","","","Matt Markworth","2014-02-27","http%3A%2F%2Fents-bbs.org%2Fviewtopic.php%3Ff%3D111%26t%3D6142%23p27831","N"
"American Beech","Fagus grandifolia","Ohio","Hamilton","California Woods Nature Preserve","","","113 Acres
Measurements made from 2014 thru 2017","","169519","1","","","","Pubkic - city","121.5'","Clinometer/laser rangefinder/sine","4.5'","54''","","","Matt Markworth","2014-02-27","http%3A%2F%2Fents-bbs.org%2Fviewtopic.php%3Ff%3D111%26t%3D6142%23p27831","N"
"American Elm","Ulmus americana","Ohio","Hamilton","California Woods Nature Preserve","","","113 Acres
Measurements made from 2014 thru 2017","","169524","1","","","","Pubkic - city","117.2'","Clinometer/laser rangefinder/sine","8.5'","102''","","","Matt Markworth","2014-02-27","http%3A%2F%2Fents-bbs.org%2Fviewtopic.php%3Ff%3D111%26t%3D6142%23p27831","N"
"American Sycamore","Platanus occidentalis","Ohio","Hamilton","California Woods Nature Preserve","","","113 Acres
Measurements made from 2014 thru 2017","","169530","1","","","","Pubkic - city","135.4'","Clinometer/laser rangefinder/sine","10.4'","125''","","","Matt Markworth","2014-02-27","http%3A%2F%2Fents-bbs.org%2Fviewtopic.php%3Ff%3D111%26t%3D6142%23p27831","N"
"American Sycamore","Platanus occidentalis","Ohio","Hamilton","California Woods Nature Preserve","","","113 Acres
Measurements made from 2014 thru 2017","","169550","1","","","","Pubkic - city","152.5'","Clinometer/laser rangefinder/sine","8.9'","107''","","","Matt Markworth","2014-02-27","http%3A%2F%2Fents-bbs.org%2Fviewtopic.php%3Ff%3D111%26t%3D6142%23p27831","N"
"Bitternut Hickory","Carya cordiformis","Ohio","Hamilton","California Woods Nature Preserve","","","113 Acres
Measurements made from 2014 thru 2017","","169533","1","","","","Pubkic - city","127.6'","Clinometer/laser rangefinder/sine","9.7'","116''","","","Matt Markworth","2014-02-27","http%3A%2F%2Fents-bbs.org%2Fviewtopic.php%3Ff%3D111%26t%3D6142%23p27831","N"
"Bitternut Hickory","Carya cordiformis","Ohio","Hamilton","California Woods Nature Preserve","","","113 Acres
Measurements made from 2014 thru 2017","","169532","1","","","","Pubkic - city","136.3'","Clinometer/laser rangefinder/sine","8.3'","99''","","","Matt Markworth","2014-02-27","http%3A%2F%2Fents-bbs.org%2Fviewtopic.php%3Ff%3D111%26t%3D6142%23p27831","N"
"Bitternut Hickory","Carya cordiformis","Ohio","Hamilton","California Woods Nature Preserve","","","113 Acres
Measurements made from 2014 thru 2017","","169531","1","","","","Pubkic - city","137.6'","Clinometer/laser rangefinder/sine","6.3'","75''","","","Matt Markworth","2014-02-27","http%3A%2F%2Fents-bbs.org%2Fviewtopic.php%3Ff%3D111%26t%3D6142%23p27831","N"
"Bitternut Hickory","Carya cordiformis","Ohio","Hamilton","California Woods Nature Preserve","","","113 Acres
Measurements made from 2014 thru 2017","","169551","1","","","","Pubkic - city","151.9'","Clinometer/laser rangefinder/sine","8.3'","100''","","","Matt Markworth","2014-02-27","http%3A%2F%2Fents-bbs.org%2Fviewtopic.php%3Ff%3D111%26t%3D6142%23p27831","N"
"Black Cherry","Prunus serotina var. serotina","Ohio","Hamilton","California Woods Nature Preserve","","","113 Acres
Measurements made from 2014 thru 2017","","169534","1","","","","Pubkic - city","132.5'","Clinometer/laser rangefinder/sine","7.6'","91''","","","Matt Markworth","2014-02-27","http%3A%2F%2Fents-bbs.org%2Fviewtopic.php%3Ff%3D111%26t%3D6142%23p27831","N"
"Black Cherry","Prunus serotina var. serotina","Ohio","Hamilton","California Woods Nature Preserve","","","113 Acres
Measurements made from 2014 thru 2017","","169552","1","","","","Pubkic - city","143.1'","Clinometer/laser rangefinder/sine","7.5'","90''","","","Matt Markworth","2014-02-27","http%3A%2F%2Fents-bbs.org%2Fviewtopic.php%3Ff%3D111%26t%3D6142%23p27831","N"
"Black Locust","Robinia pseudoacacia","Ohio","Hamilton","California Woods Nature Preserve","","","113 Acres
Measurements made from 2014 thru 2017","","169548","1","","","","Pubkic - city","83.0'","Clinometer/laser rangefinder/sine","5.6'","67''","","","Matt Markworth","2014-02-27","http%3A%2F%2Fents-bbs.org%2Fviewtopic.php%3Ff%3D111%26t%3D6142%23p27831","N"
"Black Walnut","Juglans nigra","Ohio","Hamilton","California Woods Nature Preserve","","","113 Acres
Measurements made from 2014 thru 2017","","169544","1","","","","Pubkic - city","108.1'","Clinometer/laser rangefinder/sine","6.0'","72''","","","Matt Markworth","2014-02-27","http%3A%2F%2Fents-bbs.org%2Fviewtopic.php%3Ff%3D111%26t%3D6142%23p27831","N"
"Black Walnut","Juglans nigra","Ohio","Hamilton","California Woods Nature Preserve","","","113 Acres
Measurements made from 2014 thru 2017","","169553","1","","","","Pubkic - city","138.9'","Clinometer/laser rangefinder/sine","7.1'","85''","","","Matt Markworth","2014-02-27","http%3A%2F%2Fents-bbs.org%2Fviewtopic.php%3Ff%3D111%26t%3D6142%23p27831","N"
"Blackgum","Nyssa sylvatica","Ohio","Hamilton","California Woods Nature Preserve","","","113 Acres
Measurements made from 2014 thru 2017","","169546","1","","","","Pubkic - city","103.6'","Clinometer/laser rangefinder/sine","7.3'","87''","","","Matt Markworth","2014-02-27","http%3A%2F%2Fents-bbs.org%2Fviewtopic.php%3Ff%3D111%26t%3D6142%23p27831","N"
"Bur Oak","Quercus macrocarpa var. macrocarpa","Ohio","Hamilton","California Woods Nature Preserve","","","113 Acres
Measurements made from 2014 thru 2017","","169518","1","","","","Pubkic - city","122.4'","Clinometer/laser rangefinder/sine","12.4'","149''","","","Matt Markworth","2014-02-27","http%3A%2F%2Fents-bbs.org%2Fviewtopic.php%3Ff%3D111%26t%3D6142%23p27831","N"
"Chinkapin Oak","Quercus muehlenbergii","Ohio","Hamilton","California Woods Nature Preserve","","","113 Acres
Measurements made from 2014 thru 2017","","169539","1","","","","Pubkic - city","110.3'","Clinometer/laser rangefinder/sine","7.4'","89''","","","Matt Markworth","2014-02-27","http%3A%2F%2Fents-bbs.org%2Fviewtopic.php%3Ff%3D111%26t%3D6142%23p27831","N"
"Chinkapin Oak","Quercus muehlenbergii","Ohio","Hamilton","California Woods Nature Preserve","","","113 Acres
Measurements made from 2014 thru 2017","","169538","1","","","","Pubkic - city","113.5'","Clinometer/laser rangefinder/sine","5.7'","69''","","","Matt Markworth","2014-02-27","http%3A%2F%2Fents-bbs.org%2Fviewtopic.php%3Ff%3D111%26t%3D6142%23p27831","N"
"Chinkapin Oak","Quercus muehlenbergii","Ohio","Hamilton","California Woods Nature Preserve","","","113 Acres
Measurements made from 2014 thru 2017","","169516","1","","","","Pubkic - city","124.5'","Clinometer/laser rangefinder/sine","5.0'","60''","","","Matt Markworth","2014-02-27","http%3A%2F%2Fents-bbs.org%2Fviewtopic.php%3Ff%3D111%26t%3D6142%23p27831","N"
"Common Hackberry","Celtis occidentalis","Ohio","Hamilton","California Woods Nature Preserve","","","113 Acres
Measurements made from 2014 thru 2017","","169541","1","","","","Pubkic - city","104.0'","Clinometer/laser rangefinder/sine","6.8'","81''","","","Matt Markworth","2014-02-27","http%3A%2F%2Fents-bbs.org%2Fviewtopic.php%3Ff%3D111%26t%3D6142%23p27831","N"
"Common Hackberry","Celtis occidentalis","Ohio","Hamilton","California Woods Nature Preserve","","","113 Acres
Measurements made from 2014 thru 2017","","169542","1","","","","Pubkic - city","106.3'","Clinometer/laser rangefinder/sine","9.1'","109''","","","Matt Markworth","2014-02-27","http%3A%2F%2Fents-bbs.org%2Fviewtopic.php%3Ff%3D111%26t%3D6142%23p27831","N"
"Common Hackberry","Celtis occidentalis","Ohio","Hamilton","California Woods Nature Preserve","","","113 Acres
Measurements made from 2014 thru 2017","","169540","1","","","","Pubkic - city","111.6'","Clinometer/laser rangefinder/sine","","","","","Matt Markworth","2014-02-27","http%3A%2F%2Fents-bbs.org%2Fviewtopic.php%3Ff%3D111%26t%3D6142%23p27831","N"
"Common Hackberry","Celtis occidentalis","Ohio","Hamilton","California Woods Nature Preserve","","","113 Acres
Measurements made from 2014 thru 2017","","169517","1","","","","Pubkic - city","122.5'","Clinometer/laser rangefinder/sine","5.8'","70''","","","Matt Markworth","2014-02-27","http%3A%2F%2Fents-bbs.org%2Fviewtopic.php%3Ff%3D111%26t%3D6142%23p27831","N"
"Honeylocust","Gleditsia triacanthos","Ohio","Hamilton","California Woods Nature Preserve","","","113 Acres
Measurements made from 2014 thru 2017","","169520","1","","","","Pubkic - city","120.9'","Clinometer/laser rangefinder/sine","10.7'","128''","","","Matt Markworth","2014-02-27","http%3A%2F%2Fents-bbs.org%2Fviewtopic.php%3Ff%3D111%26t%3D6142%23p27831","N"
"Northern Red Oak","Quercus rubra var. rubra","Ohio","Hamilton","California Woods Nature Preserve","","","113 Acres
Measurements made from 2014 thru 2017","","169515","1","","","","Pubkic - city","128.7'","Clinometer/laser rangefinder/sine","","","","","Matt Markworth","2014-02-27","http%3A%2F%2Fents-bbs.org%2Fviewtopic.php%3Ff%3D111%26t%3D6142%23p27831","N"
"Red Hickory","Carya ovalis","Ohio","Hamilton","California Woods Nature Preserve","","","113 Acres
Measurements made from 2014 thru 2017","","169513","1","","","","Pubkic - city","130.5'","Clinometer/laser rangefinder/sine","7.6'","91''","","","Matt Markworth","2014-02-27","http%3A%2F%2Fents-bbs.org%2Fviewtopic.php%3Ff%3D111%26t%3D6142%23p27831","N"
"Red Maple","Acer rubrum","Ohio","Hamilton","California Woods Nature Preserve","","","113 Acres
Measurements made from 2014 thru 2017","","169536","1","","","","Pubkic - city","115.5'","Clinometer/laser rangefinder/sine","10.1'","121''","","","Matt Markworth","2014-02-27","http%3A%2F%2Fents-bbs.org%2Fviewtopic.php%3Ff%3D111%26t%3D6142%23p27831","N"
"Red Maple","Acer rubrum","Ohio","Hamilton","California Woods Nature Preserve","","","113 Acres
Measurements made from 2014 thru 2017","","169523","1","","","","Pubkic - city","117.6'","Clinometer/laser rangefinder/sine","8.9'","107''","","Circumference taken over vines","Matt Markworth","2014-02-27","http%3A%2F%2Fents-bbs.org%2Fviewtopic.php%3Ff%3D111%26t%3D6142%23p27831","N"
"Shagbark Hickory","Carya ovata","Ohio","Hamilton","California Woods Nature Preserve","","","113 Acres
Measurements made from 2014 thru 2017","","169510","1","","","","Pubkic - city","136.8'","Clinometer/laser rangefinder/sine","6.5'","78''","","","Matt Markworth","2014-02-27","http%3A%2F%2Fents-bbs.org%2Fviewtopic.php%3Ff%3D111%26t%3D6142%23p27831","N"
"Slippery Elm","Ulmus rubra","Ohio","Hamilton","California Woods Nature Preserve","","","113 Acres
Measurements made from 2014 thru 2017","","169547","1","","","","Pubkic - city","94.7'","Clinometer/laser rangefinder/sine","5.4'","65''","","","Matt Markworth","2014-02-27","http%3A%2F%2Fents-bbs.org%2Fviewtopic.php%3Ff%3D111%26t%3D6142%23p27831","N"
"Sugar Maple","Acer saccharum","Ohio","Hamilton","California Woods Nature Preserve","","","113 Acres
Measurements made from 2014 thru 2017","","169537","1","","","","Pubkic - city","113.6'","Clinometer/laser rangefinder/sine","5.4'","65''","","","Matt Markworth","2014-02-27","http%3A%2F%2Fents-bbs.org%2Fviewtopic.php%3Ff%3D111%26t%3D6142%23p27831","N"
"Sugar Maple","Acer saccharum","Ohio","Hamilton","California Woods Nature Preserve","","","113 Acres
Measurements made from 2014 thru 2017","","169522","1","","","","Pubkic - city","118.0'","Clinometer/laser rangefinder/sine","8.7'","104''","","","Matt Markworth","2014-02-27","http%3A%2F%2Fents-bbs.org%2Fviewtopic.php%3Ff%3D111%26t%3D6142%23p27831","N"
"Tree Of Heaven","Ailanthus altissima","Ohio","Hamilton","California Woods Nature Preserve","","","113 Acres
Measurements made from 2014 thru 2017","","169543","1","","","","Pubkic - city","116.0'","Clinometer/laser rangefinder/sine","10.6'","127''","","","Matt Markworth","2014-02-27","http%3A%2F%2Fents-bbs.org%2Fviewtopic.php%3Ff%3D111%26t%3D6142%23p27831","N"
"Tuliptree","Liriodendron tulipifera","Ohio","Hamilton","California Woods Nature Preserve","","","113 Acres
Measurements made from 2014 thru 2017","","169529","1","","","","Pubkic - city","120.1'","Clinometer/laser rangefinder/sine","11.6'","139''","","","Matt Markworth","2014-02-27","http%3A%2F%2Fents-bbs.org%2Fviewtopic.php%3Ff%3D111%26t%3D6142%23p27831","N"
"Tuliptree","Liriodendron tulipifera","Ohio","Hamilton","California Woods Nature Preserve","","","113 Acres
Measurements made from 2014 thru 2017","","169528","1","","","","Pubkic - city","142.5'","Clinometer/laser rangefinder/sine","12.3'","148''","","","Matt Markworth","2014-02-27","http%3A%2F%2Fents-bbs.org%2Fviewtopic.php%3Ff%3D111%26t%3D6142%23p27831","N"
"Tuliptree","Liriodendron tulipifera","Ohio","Hamilton","California Woods Nature Preserve","","","113 Acres
Measurements made from 2014 thru 2017","","169527","1","","","","Pubkic - city","143.9'","Clinometer/laser rangefinder/sine","8.3'","100''","","","Matt Markworth","2014-02-27","http%3A%2F%2Fents-bbs.org%2Fviewtopic.php%3Ff%3D111%26t%3D6142%23p27831","N"
"Tuliptree","Liriodendron tulipifera","Ohio","Hamilton","California Woods Nature Preserve","","","113 Acres
Measurements made from 2014 thru 2017","","169526","1","","","","Pubkic - city","147.6'","Clinometer/laser rangefinder/sine","7.5'","90''","","","Matt Markworth","2014-02-27","http%3A%2F%2Fents-bbs.org%2Fviewtopic.php%3Ff%3D111%26t%3D6142%23p27831","N"
"Tuliptree","Liriodendron tulipifera","Ohio","Hamilton","California Woods Nature Preserve","","","113 Acres
Measurements made from 2014 thru 2017","","169525","1","","","","Pubkic - city","148.6'","Clinometer/laser rangefinder/sine","8.8'","106''","","","Matt Markworth","2014-02-27","http%3A%2F%2Fents-bbs.org%2Fviewtopic.php%3Ff%3D111%26t%3D6142%23p27831","N"
"Tuliptree","Liriodendron tulipifera","Ohio","Hamilton","California Woods Nature Preserve","","","113 Acres
Measurements made from 2014 thru 2017","","169549","1","","","","Pubkic - city","153.6'","Clinometer/laser rangefinder/sine","","","","","Matt Markworth","2014-02-27","http%3A%2F%2Fents-bbs.org%2Fviewtopic.php%3Ff%3D111%26t%3D6142%23p27831","N"
"White Ash","Fraxinus americana","Ohio","Hamilton","California Woods Nature Preserve","","","113 Acres
Measurements made from 2014 thru 2017","","169535","1","","","","Pubkic - city","126.0'","Clinometer/laser rangefinder/sine","","","","","Matt Markworth","2014-02-27","http%3A%2F%2Fents-bbs.org%2Fviewtopic.php%3Ff%3D111%26t%3D6142%23p27831","N"
"White Ash","Fraxinus americana","Ohio","Hamilton","California Woods Nature Preserve","","","113 Acres
Measurements made from 2014 thru 2017","","169512","1","","","","Pubkic - city","132.2'","Clinometer/laser rangefinder/sine","7.3'","88''","","","Matt Markworth","2014-02-27","http%3A%2F%2Fents-bbs.org%2Fviewtopic.php%3Ff%3D111%26t%3D6142%23p27831","N"
"White Oak","Quercus alba","Ohio","Hamilton","California Woods Nature Preserve","","","113 Acres
Measurements made from 2014 thru 2017","","169521","1","","","","Pubkic - city","120.1'","Clinometer/laser rangefinder/sine","8.1'","97''","","","Matt Markworth","2014-02-27","http%3A%2F%2Fents-bbs.org%2Fviewtopic.php%3Ff%3D111%26t%3D6142%23p27831","N"
"Yellow Buckeye","Aesculus flava","Ohio","Hamilton","California Woods Nature Preserve","","","113 Acres
Measurements made from 2014 thru 2017","","169545","1","","","","Pubkic - city","106.2'","Clinometer/laser rangefinder/sine","8.2'","98''","","","Matt Markworth","2014-02-27","http%3A%2F%2Fents-bbs.org%2Fviewtopic.php%3Ff%3D111%26t%3D6142%23p27831","N"
"Yellow Buckeye","Aesculus flava","Ohio","Hamilton","California Woods Nature Preserve","","","113 Acres
Measurements made from 2014 thru 2017","","169511","1","","","","Pubkic - city","133.1'","Clinometer/laser rangefinder/sine","11.0'","132''","","","Matt Markworth","2014-02-27","http%3A%2F%2Fents-bbs.org%2Fviewtopic.php%3Ff%3D111%26t%3D6142%23p27831","N"
"Bur Oak","Quercus macrocarpa var. macrocarpa","Ohio","Hamilton","Delshire Woods Preserve","","","","","169270","1","","","815.0 ft","Private","103.5'","Clinometer/laser rangefinder/sine","14.2'","170''","8.2'","","Matt Markworth","2015-11-22","http%3A%2F%2Fwww.ents-bbs.org%2Fviewtopic.php%3Ff%3D111%26t%3D7343","N"
"Bur Oak","Quercus macrocarpa var. macrocarpa","Ohio","Hamilton","Delshire Woods Preserve","","","","","169269","1","","","800.0 ft","Private","115.0'","Clinometer/laser rangefinder/sine","13.3'","159''","79.0'","","Matt Markworth","2015-11-22","http%3A%2F%2Fwww.ents-bbs.org%2Fviewtopic.php%3Ff%3D111%26t%3D7343","N"
"Chinkapin Oak","Quercus muehlenbergii","Ohio","Hamilton","Delshire Woods Preserve","","","","","169271","1","","","815.0 ft","Private","86.5'","Clinometer/laser rangefinder/sine","10.5'","126''","","","Matt Markworth","2015-11-22","http%3A%2F%2Fwww.ents-bbs.org%2Fviewtopic.php%3Ff%3D111%26t%3D7343","N"
"Bur Oak","Quercus macrocarpa var. macrocarpa","Ohio","Hamilton","Embshoff Woods Preserve","","","331 Acres","","169272","1","","","840.0 ft","Public - County","64.5'","Clinometer/laser rangefinder/sine","16.3'","196''","75.0'","","Mark Markworth","2015-11-22","http%3A%2F%2Fwww.ents-bbs.org%2Fviewtopic.php%3Ff%3D111%26t%3D7343","N"
"Chinkapin Oak","Quercus muehlenbergii","Ohio","Hamilton","Embshoff Woods Preserve","","","331 Acres","","169274","1","","","785.0 ft","Public - County","69.4'","Clinometer/laser rangefinder/sine","12.1'","145''","58.0'","","Mark Markworth","2015-11-22","http%3A%2F%2Fwww.ents-bbs.org%2Fviewtopic.php%3Ff%3D111%26t%3D7343","N"
"Chinkapin Oak","Quercus muehlenbergii","Ohio","Hamilton","Embshoff Woods Preserve","","","331 Acres","","169273","1","","","810.0 ft","Public - County","80.7'","Clinometer/laser rangefinder/sine","13.0'","155''","66.5'","","Mark Markworth","2015-11-22","http%3A%2F%2Fwww.ents-bbs.org%2Fviewtopic.php%3Ff%3D111%26t%3D7343","N"
"American Beech","Fagus grandifolia","Ohio","Hamilton","Miami Whitewater Forest","","","","","165671","1","","","","Public-county","113.0'","Clinometer/laser rangefinder/sine","8.3'","99''","","","Matt Markworth","2013-01-26","http%3A%2F%2Fwww.ents-bbs.org%2Fviewtopic.php%3Ff%3D111%26t%3D4958","N"
"American Elm","Ulmus americana","Ohio","Hamilton","Miami Whitewater Forest","","","","","165704","1","","","","Public-county","114.9'","Clinometer/laser rangefinder/sine","7.3'","87''","","","Matt Markworth","2014-04-19","http%3A%2F%2Fwww.ents-bbs.org%2Fviewtopic.php%3Ff%3D111%26t%3D4958","N"
"American Sycamore","Platanus occidentalis","Ohio","Hamilton","Miami Whitewater Forest","","","","","165673","1","","","","Public-county","105.0'","Clinometer/laser rangefinder/sine","7.7'","92''","","","Matt Markworth","2013-01-26","http%3A%2F%2Fwww.ents-bbs.org%2Fviewtopic.php%3Ff%3D111%26t%3D4958","N"
"Black Walnut","Juglans nigra","Ohio","Hamilton","Miami Whitewater Forest","","","","","165670","1","","","","Public-county","122.1'","Clinometer/laser rangefinder/sine","7.0'","84''","","","Matt Markworth","2013-01-26","http%3A%2F%2Fwww.ents-bbs.org%2Fviewtopic.php%3Ff%3D111%26t%3D4958","N"
"Black Walnut","Juglans nigra","Ohio","Hamilton","Miami Whitewater Forest","","","","","165703","1","","","","Public-county","129.7'","Clinometer/laser rangefinder/sine","8.1'","97''","","","Matt Markworth","2014-04-19","http%3A%2F%2Fwww.ents-bbs.org%2Fviewtopic.php%3Ff%3D111%26t%3D4958","N"
"Eastern White Pine","Pinus strobus","Ohio","Hamilton","Miami Whitewater Forest","","","","","165672","1","","","","Public-county","76.5'","Clinometer/laser rangefinder/sine","3.9'","47''","","","Matt Markworth","2013-01-26","http%3A%2F%2Fwww.ents-bbs.org%2Fviewtopic.php%3Ff%3D111%26t%3D4958","N"
"Northern Red Oak","Quercus rubra","Ohio","Hamilton","Miami Whitewater Forest","","","","","165666","1","","","","Public-county","116.6'","Clinometer/laser rangefinder/sine","","","","","Matt Markworth","2013-01-26","http%3A%2F%2Fwww.ents-bbs.org%2Fviewtopic.php%3Ff%3D111%26t%3D4958","N"
"Shagbark Hickory","Carya ovata","Ohio","Hamilton","Miami Whitewater Forest","","","","","165669","1","","","","Public-county","119.0'","Clinometer/laser rangefinder/sine","6.3'","75''","","","Matt Markworth","2013-01-26","http%3A%2F%2Fwww.ents-bbs.org%2Fviewtopic.php%3Ff%3D111%26t%3D4958","N"
"Sugar Maple","Acer saccharum","Ohio","Hamilton","Miami Whitewater Forest","","","","","165705","1","","","","Public-county","113.7'","Clinometer/laser rangefinder/sine","6.0'","72''","","","Matt Markworth","2014-04-19","http%3A%2F%2Fwww.ents-bbs.org%2Fviewtopic.php%3Ff%3D111%26t%3D4958","N"
"Tuliptree","Liriodendron tulipifera","Ohio","Hamilton","Miami Whitewater Forest","","","","","165665","1","","","","Public-county","130.3'","Clinometer/laser rangefinder/sine","9.0'","108''","","","Matt Markworth","2013-01-26","http%3A%2F%2Fwww.ents-bbs.org%2Fviewtopic.php%3Ff%3D111%26t%3D4958","N"
"Tuliptree","Liriodendron tulipifera","Ohio","Hamilton","Miami Whitewater Forest","","","","","165702","1","","","","Public-county","146.9'","Clinometer/laser rangefinder/sine","9.3'","111''","","","Matt Markworth","2014-04-19","http%3A%2F%2Fwww.ents-bbs.org%2Fviewtopic.php%3Ff%3D111%26t%3D4958","N"
"White Ash","Fraxinus americana","Ohio","Hamilton","Miami Whitewater Forest","","","","","165668","1","","","","Public-county","127.9'","Clinometer/laser rangefinder/sine","7.2'","86''","","","Matt Markworth","2013-01-26","http%3A%2F%2Fwww.ents-bbs.org%2Fviewtopic.php%3Ff%3D111%26t%3D4958","N"
"White Oak","Quercus alba","Ohio","Hamilton","Miami Whitewater Forest","","","","","165667","1","","","","Public-county","103.3'","Clinometer/laser rangefinder/sine","9.7'","116''","","","Matt Markworth","2013-01-26","http%3A%2F%2Fwww.ents-bbs.org%2Fviewtopic.php%3Ff%3D111%26t%3D4958","N"
"White Oak","Quercus alba","Ohio","Hamilton","Miami Whitewater Forest","","","","","165706","1","","","","Public-county","112.0'","Clinometer/laser rangefinder/sine","7.9'","95''","","","Matt Markworth","2014-04-19","http%3A%2F%2Fwww.ents-bbs.org%2Fviewtopic.php%3Ff%3D111%26t%3D4958","N"
"Bitternut Hickory","Carya cordiformis","Ohio","Hamilton","Ohio (Addendum)","","","I've taken the liberty to post the results of trees that improves the quality of the Rucker Index for the state of Ohio. 
  - Stefan R.","","162568","1","","","","public","151.9'","Clinometer/laser rangefinder/sine","8.3'","100''","","","Matt Markworth","2014-02-27","","N"
"Eastern Hemlock","Tsuga canadensis","Ohio","Hamilton","Ohio (Addendum)","","","I've taken the liberty to post the results of trees that improves the quality of the Rucker Index for the state of Ohio. 
  - Stefan R.","","162569","1","","","","public","155.4'","Clinometer/laser rangefinder/sine","","","","","Matt Markworth","2014-02-27","","N"
"Bald Cypress","Taxodium distichum","Ohio","Hamilton","Spring Grove Cemetery","","","Cemetery established 1845. 733 acres","","174152","1","","","","Private","101.7'","Clinometer/laser rangefinder/sine","17.7'","212''","68.0'","","Matt Markworth","2013-08-04","http%3A%2F%2Fwww.ents-bbs.org%2Fviewtopic.php%3Ff%3D111%26t%3D5634","N"
"Blue Ash","Fraxinus quadrangulata","Ohio","Hamilton","Spring Grove Cemetery","","","Cemetery established 1845. 733 acres","","174158","1","","","","Private","76.0'","Clinometer/laser rangefinder/sine","12.1'","145''","","","Matt Markworth","2013-08-04","http%3A%2F%2Fwww.ents-bbs.org%2Fviewtopic.php%3Ff%3D111%26t%3D5634","N"
"Bur Oak","Quercus macrocarpa var. macrocarpa","Ohio","Hamilton","Spring Grove Cemetery","","","Cemetery established 1845. 733 acres","","174153","1","","","","Private","","Clinometer/laser rangefinder/sine","17.9'","215''","","","Matt Markworth","2013-08-04","http%3A%2F%2Fwww.ents-bbs.org%2Fviewtopic.php%3Ff%3D111%26t%3D5634","N"
"Chinkapin Oak","Quercus muehlenbergii","Ohio","Hamilton","Spring Grove Cemetery","","","Cemetery established 1845. 733 acres","","174154","1","","","","Private","","Clinometer/laser rangefinder/sine","16.6'","199''","","","Matt Markworth","2013-08-04","http%3A%2F%2Fwww.ents-bbs.org%2Fviewtopic.php%3Ff%3D111%26t%3D5634","N"
"Dawn Redwood","Metasequoia glyptostroboides","Ohio","Hamilton","Spring Grove Cemetery","","","Cemetery established 1845. 733 acres","","174155","1","","","","Private","90.5'","Clinometer/laser rangefinder/sine","16.8'","201''","50.0'","Circumference taken at 3'","Matt Markworth","2013-08-04","http%3A%2F%2Fwww.ents-bbs.org%2Fviewtopic.php%3Ff%3D111%26t%3D5634","N"
"Oriental Spruce","Picea orientalis","Ohio","Hamilton","Spring Grove Cemetery","","","Cemetery established 1845. 733 acres","","174156","1","","","","Private","91.6'","Clinometer/laser rangefinder/sine","6.7'","80''","25.5'","","Matt Markworth","2013-08-04","http%3A%2F%2Fwww.ents-bbs.org%2Fviewtopic.php%3Ff%3D111%26t%3D5634","N"
"Oriental Spruce","Picea orientalis","Ohio","Hamilton","Spring Grove Cemetery","","","Cemetery established 1845. 733 acres","","174157","1","","","24.5 ft","Private","93.1'","Clinometer/laser rangefinder/sine","6.7'","80''","","","Matt Markworth","2013-08-04","http%3A%2F%2Fwww.ents-bbs.org%2Fviewtopic.php%3Ff%3D111%26t%3D5634","N"
"Bitternut Hickory","Carya cordiformis","Ohio","Hardin","Lawrence Woods State Nature Preserve","","","1035 acres","","162219","1","","","","Public-state","104.0'","Clinometer/laser rangefinder/sine","6.6'","79''","","","Rand Brown","2014-04-28","http%3A%2F%2Fwww.ents-bbs.org%2Fviewtopic.php%3Ff%3D111%26t%3D6281","N"
"Black Willow","Salix nigra","Ohio","Hardin","Lawrence Woods State Nature Preserve","","","1035 acres","","162203","1","","","","Public-state","76.0'","Clinometer/laser rangefinder/sine","2.0'","24''","","","Rand Brown","2014-04-28","http%3A%2F%2Fwww.ents-bbs.org%2Fviewtopic.php%3Ff%3D111%26t%3D6281","N"
"Eastern Cottonwood","Populus deltoides","Ohio","Hardin","Lawrence Woods State Nature Preserve","","","1035 acres","","162218","1","","","","Public-state","111.0'","Clinometer/laser rangefinder/sine","9.8'","118''","","","Rand Brown","2014-04-28","http%3A%2F%2Fwww.ents-bbs.org%2Fviewtopic.php%3Ff%3D111%26t%3D6281","N"
"Green Ash","Fraxinus pennsylvanica","Ohio","Hardin","Lawrence Woods State Nature Preserve","","","1035 acres","","162208","1","","","","Public-state","113.5'","Clinometer/laser rangefinder/sine","9.7'","116''","","Tree is dead","Rand Brown","2014-04-28","http%3A%2F%2Fwww.ents-bbs.org%2Fviewtopic.php%3Ff%3D111%26t%3D6281","N"
"Green Ash","Fraxinus pennsylvanica","Ohio","Hardin","Lawrence Woods State Nature Preserve","","","1035 acres","","162213","1","","","","Public-state","118.0'","Clinometer/laser rangefinder/sine","6.9'","83''","","","Rand Brown","2014-04-28","http%3A%2F%2Fwww.ents-bbs.org%2Fviewtopic.php%3Ff%3D111%26t%3D6281","N"
"Honeylocust","Gleditsia triacanthos","Ohio","Hardin","Lawrence Woods State Nature Preserve","","","1035 acres","","162214","1","","","","Public-state","84.0'","Clinometer/laser rangefinder/sine","4.9'","59''","","","Rand Brown","2014-04-28","http%3A%2F%2Fwww.ents-bbs.org%2Fviewtopic.php%3Ff%3D111%26t%3D6281","N"
"Northern Red Oak","Quercus rubra","Ohio","Hardin","Lawrence Woods State Nature Preserve","","","1035 acres","","162211","1","","","","Public-state","104.0'","Clinometer/laser rangefinder/sine","","","","","Rand Brown","2014-04-28","http%3A%2F%2Fwww.ents-bbs.org%2Fviewtopic.php%3Ff%3D111%26t%3D6281","N"
"Northern Red Oak","Quercus rubra","Ohio","Hardin","Lawrence Woods State Nature Preserve","","","1035 acres","","162207","1","","","","Public-state","113.0'","Clinometer/laser rangefinder/sine","8.6'","103''","","","Rand Brown","2014-04-28","http%3A%2F%2Fwww.ents-bbs.org%2Fviewtopic.php%3Ff%3D111%26t%3D6281","N"
"Pin Oak","Quercus palustris","Ohio","Hardin","Lawrence Woods State Nature Preserve","","","1035 acres","","162220","1","","","","Public-state","107.0'","Clinometer/laser rangefinder/sine","8.0'","96''","","","Rand Brown","2014-04-28","http%3A%2F%2Fwww.ents-bbs.org%2Fviewtopic.php%3Ff%3D111%26t%3D6281","N"
"Red Hickory","Carya ovalis","Ohio","Hardin","Lawrence Woods State Nature Preserve","","","1035 acres","","162210","1","","","","Public-state","102.0'","Clinometer/laser rangefinder/sine","4.7'","56''","","","Rand Brown","2014-04-28","http%3A%2F%2Fwww.ents-bbs.org%2Fviewtopic.php%3Ff%3D111%26t%3D6281","N"
"Silver Maple","Acer saccharinum","Ohio","Hardin","Lawrence Woods State Nature Preserve","","","1035 acres","","162209","1","","","","Public-state","125.0'","Clinometer/laser rangefinder/sine","9.2'","110''","","","Rand Brown","2014-04-28","http%3A%2F%2Fwww.ents-bbs.org%2Fviewtopic.php%3Ff%3D111%26t%3D6281","N"
"Slippery Elm","Ulmus rubra","Ohio","Hardin","Lawrence Woods State Nature Preserve","","","1035 acres","","162215","1","","","","Public-state","87.0'","Clinometer/laser rangefinder/sine","","","","","Rand Brown","2014-04-28","http%3A%2F%2Fwww.ents-bbs.org%2Fviewtopic.php%3Ff%3D111%26t%3D6281","N"
"Swamp White Oak","Quercus bicolor","Ohio","Hardin","Lawrence Woods State Nature Preserve","","","1035 acres","","162205","1","","","","Public-state","114.0'","Clinometer/laser rangefinder/sine","8.9'","107''","","","Rand Brown","2014-04-28","http%3A%2F%2Fwww.ents-bbs.org%2Fviewtopic.php%3Ff%3D111%26t%3D6281","N"
"Swamp White Oak","Quercus bicolor","Ohio","Hardin","Lawrence Woods State Nature Preserve","","","1035 acres","","162204","1","","","","Public-state","114.5'","Clinometer/laser rangefinder/sine","7.9'","95''","","","Rand Brown","2014-04-28","http%3A%2F%2Fwww.ents-bbs.org%2Fviewtopic.php%3Ff%3D111%26t%3D6281","N"
"Swamp White Oak","Quercus bicolor","Ohio","Hardin","Lawrence Woods State Nature Preserve","","","1035 acres","","162206","1","","","","Public-state","118.0'","Clinometer/laser rangefinder/sine","","","","","Rand Brown","2014-04-28","http%3A%2F%2Fwww.ents-bbs.org%2Fviewtopic.php%3Ff%3D111%26t%3D6281","N"
"White Oak","Quercus alba","Ohio","Hardin","Lawrence Woods State Nature Preserve","","","1035 acres","","162212","1","","","","Public-state","100.0'","Clinometer/laser rangefinder/sine","12.8'","153''","","","Rand Brown","2014-04-28","http%3A%2F%2Fwww.ents-bbs.org%2Fviewtopic.php%3Ff%3D111%26t%3D6281","N"
"White Oak","Quercus alba","Ohio","Hardin","Lawrence Woods State Nature Preserve","","","1035 acres","","162217","1","","","","Public-state","108.0'","Clinometer/laser rangefinder/sine","10.9'","131''","","","Rand Brown","2014-04-28","http%3A%2F%2Fwww.ents-bbs.org%2Fviewtopic.php%3Ff%3D111%26t%3D6281","N"
"White Oak","Quercus alba","Ohio","Hardin","Lawrence Woods State Nature Preserve","","","1035 acres","","162216","1","","","","Public-state","109.0'","Clinometer/laser rangefinder/sine","6.9'","83''","","","Rand Brown","2014-04-28","http%3A%2F%2Fwww.ents-bbs.org%2Fviewtopic.php%3Ff%3D111%26t%3D6281","N"
"American Basswood","Tilia americana","Ohio","Highland","Fort Hil Earthworks And Nature Preserve","","","1300 Acres
Based on three trip reports on the NTS BBS board dated:
2/23/2014, 6/27/2014 ,8/28/2014,11/23/2014","","168903","1","","","","Public-state","136.0'","Clinometer/laser rangefinder/sine","6.4'","77''","","","Robert Leverett, Matt Markworth, Rand Brown","2014-11-02","http%3A%2F%2Fwww.ents-bbs.org%2Fviewtopic.php%3Ff%3D111%26t%3D6128%23p27758","N"
"American Beech","Fagus grandifolia","Ohio","Highland","Fort Hil Earthworks And Nature Preserve","","","1300 Acres
Based on three trip reports on the NTS BBS board dated:
2/23/2014, 6/27/2014 ,8/28/2014,11/23/2014","","168901","1","","","","Public-state","113.6'","Clinometer/laser rangefinder/sine","8.3'","100''","","","Robert Leverett, Matt Markworth, Rand Brown","2014-11-02","http%3A%2F%2Fwww.ents-bbs.org%2Fviewtopic.php%3Ff%3D111%26t%3D6128%23p27758","N"
"American Beech","Fagus grandifolia","Ohio","Highland","Fort Hil Earthworks And Nature Preserve","","","1300 Acres
Based on three trip reports on the NTS BBS board dated:
2/23/2014, 6/27/2014 ,8/28/2014,11/23/2014","","168897","1","","","","Public-state","117.9'","Clinometer/laser rangefinder/sine","7.8'","94''","","","Robert Leverett, Matt Markworth, Rand Brown","2014-11-02","http%3A%2F%2Fwww.ents-bbs.org%2Fviewtopic.php%3Ff%3D111%26t%3D6128%23p27758","N"
"American Beech","Fagus grandifolia","Ohio","Highland","Fort Hil Earthworks And Nature Preserve","","","1300 Acres
Based on three trip reports on the NTS BBS board dated:
2/23/2014, 6/27/2014 ,8/28/2014,11/23/2014","","168928","1","","","","Public-state","125.0'","Clinometer/laser rangefinder/sine","6.6'","79''","","","Robert Leverett, Matt Markworth, Rand Brown","2014-11-02","http%3A%2F%2Fwww.ents-bbs.org%2Fviewtopic.php%3Ff%3D111%26t%3D6128%23p27758","N"
"American Beech","Fagus grandifolia","Ohio","Highland","Fort Hil Earthworks And Nature Preserve","","","1300 Acres
Based on three trip reports on the NTS BBS board dated:
2/23/2014, 6/27/2014 ,8/28/2014,11/23/2014","","168927","1","","","","Public-state","130.5'","Clinometer/laser rangefinder/sine","9.5'","114''","","","Robert Leverett, Matt Markworth, Rand Brown","2014-11-02","http%3A%2F%2Fwww.ents-bbs.org%2Fviewtopic.php%3Ff%3D111%26t%3D6128%23p27758","N"
"American Sycamore","Platanus occidentalis","Ohio","Highland","Fort Hil Earthworks And Nature Preserve","","","1300 Acres
Based on three trip reports on the NTS BBS board dated:
2/23/2014, 6/27/2014 ,8/28/2014,11/23/2014","","168904","1","","","","Public-state","127.0'","Clinometer/laser rangefinder/sine","4.9'","59''","","","Robert Leverett, Matt Markworth, Rand Brown","2014-11-02","http%3A%2F%2Fwww.ents-bbs.org%2Fviewtopic.php%3Ff%3D111%26t%3D6128%23p27758","N"
"American Sycamore","Platanus occidentalis","Ohio","Highland","Fort Hil Earthworks And Nature Preserve","","","1300 Acres
Based on three trip reports on the NTS BBS board dated:
2/23/2014, 6/27/2014 ,8/28/2014,11/23/2014","","168907","1","","","","Public-state","135.0'","Clinometer/laser rangefinder/sine","8.8'","106''","","","Robert Leverett, Matt Markworth, Rand Brown","2014-11-02","http%3A%2F%2Fwww.ents-bbs.org%2Fviewtopic.php%3Ff%3D111%26t%3D6128%23p27758","N"
"Bitternut Hickory","Carya cordiformis","Ohio","Highland","Fort Hil Earthworks And Nature Preserve","","","1300 Acres
Based on three trip reports on the NTS BBS board dated:
2/23/2014, 6/27/2014 ,8/28/2014,11/23/2014","","168924","1","","","","Public-state","121.0'","Clinometer/laser rangefinder/sine","7.8'","94''","","","Robert Leverett, Matt Markworth, Rand Brown","2014-11-02","http%3A%2F%2Fwww.ents-bbs.org%2Fviewtopic.php%3Ff%3D111%26t%3D6128%23p27758","N"
"Bitternut Hickory","Carya cordiformis","Ohio","Highland","Fort Hil Earthworks And Nature Preserve","","","1300 Acres
Based on three trip reports on the NTS BBS board dated:
2/23/2014, 6/27/2014 ,8/28/2014,11/23/2014","","168923","1","","","","Public-state","126.0'","Clinometer/laser rangefinder/sine","6.6'","79''","","","Robert Leverett, Matt Markworth, Rand Brown","2014-11-02","http%3A%2F%2Fwww.ents-bbs.org%2Fviewtopic.php%3Ff%3D111%26t%3D6128%23p27758","N"
"Black Walnut","Juglans nigra","Ohio","Highland","Fort Hil Earthworks And Nature Preserve","","","1300 Acres
Based on three trip reports on the NTS BBS board dated:
2/23/2014, 6/27/2014 ,8/28/2014,11/23/2014","","168919","1","","","","Public-state","103.0'","Clinometer/laser rangefinder/sine","9.3'","111''","","","Robert Leverett, Matt Markworth, Rand Brown","2014-11-02","http%3A%2F%2Fwww.ents-bbs.org%2Fviewtopic.php%3Ff%3D111%26t%3D6128%23p27758","N"
"Black Walnut","Juglans nigra","Ohio","Highland","Fort Hil Earthworks And Nature Preserve","","","1300 Acres
Based on three trip reports on the NTS BBS board dated:
2/23/2014, 6/27/2014 ,8/28/2014,11/23/2014","","168918","1","","","","Public-state","105.0'","Clinometer/laser rangefinder/sine","8.8'","106''","","","Robert Leverett, Matt Markworth, Rand Brown","2014-11-02","http%3A%2F%2Fwww.ents-bbs.org%2Fviewtopic.php%3Ff%3D111%26t%3D6128%23p27758","N"
"Black Walnut","Juglans nigra","Ohio","Highland","Fort Hil Earthworks And Nature Preserve","","","1300 Acres
Based on three trip reports on the NTS BBS board dated:
2/23/2014, 6/27/2014 ,8/28/2014,11/23/2014","","168920","1","","","","Public-state","113.0'","Clinometer/laser rangefinder/sine","7.7'","92''","","","Robert Leverett, Matt Markworth, Rand Brown","2014-11-02","http%3A%2F%2Fwww.ents-bbs.org%2Fviewtopic.php%3Ff%3D111%26t%3D6128%23p27758","N"
"Blackgum","Nyssa sylvatica","Ohio","Highland","Fort Hil Earthworks And Nature Preserve","","","1300 Acres
Based on three trip reports on the NTS BBS board dated:
2/23/2014, 6/27/2014 ,8/28/2014,11/23/2014","","168894","1","","","","Public-state","97.0'","Clinometer/laser rangefinder/sine","10.3'","124''","","","Robert Leverett, Matt Markworth, Rand Brown","2014-11-02","http%3A%2F%2Fwww.ents-bbs.org%2Fviewtopic.php%3Ff%3D111%26t%3D6128%23p27758","N"
"Blackgum","Nyssa sylvatica","Ohio","Highland","Fort Hil Earthworks And Nature Preserve","","","1300 Acres
Based on three trip reports on the NTS BBS board dated:
2/23/2014, 6/27/2014 ,8/28/2014,11/23/2014","","168896","1","","","","Public-state","106.5'","Clinometer/laser rangefinder/sine","8.6'","103''","","","Robert Leverett, Matt Markworth, Rand Brown","2014-11-02","http%3A%2F%2Fwww.ents-bbs.org%2Fviewtopic.php%3Ff%3D111%26t%3D6128%23p27758","N"
"Blue Ash","Fraxinus quadrangulata","Ohio","Highland","Fort Hil Earthworks And Nature Preserve","","","1300 Acres
Based on three trip reports on the NTS BBS board dated:
2/23/2014, 6/27/2014 ,8/28/2014,11/23/2014","","168914","1","","","","Public-state","108.0'","Clinometer/laser rangefinder/sine","5.8'","70''","","","Robert Leverett, Matt Markworth, Rand Brown","2014-11-02","http%3A%2F%2Fwww.ents-bbs.org%2Fviewtopic.php%3Ff%3D111%26t%3D6128%23p27758","N"
"Blue Ash","Fraxinus quadrangulata","Ohio","Highland","Fort Hil Earthworks And Nature Preserve","","","1300 Acres
Based on three trip reports on the NTS BBS board dated:
2/23/2014, 6/27/2014 ,8/28/2014,11/23/2014","","168917","1","","","","Public-state","111.0'","Clinometer/laser rangefinder/sine","6.8'","81''","","","Robert Leverett, Matt Markworth, Rand Brown","2014-11-02","http%3A%2F%2Fwww.ents-bbs.org%2Fviewtopic.php%3Ff%3D111%26t%3D6128%23p27758","N"
"Common Hackberry","Celtis occidentalis","Ohio","Highland","Fort Hil Earthworks And Nature Preserve","","","1300 Acres
Based on three trip reports on the NTS BBS board dated:
2/23/2014, 6/27/2014 ,8/28/2014,11/23/2014","","168911","1","","","","Public-state","93.5'","Clinometer/laser rangefinder/sine","6.7'","80''","","","Robert Leverett, Matt Markworth, Rand Brown","2014-11-02","http%3A%2F%2Fwww.ents-bbs.org%2Fviewtopic.php%3Ff%3D111%26t%3D6128%23p27758","N"
"Common Hackberry","Celtis occidentalis","Ohio","Highland","Fort Hil Earthworks And Nature Preserve","","","1300 Acres
Based on three trip reports on the NTS BBS board dated:
2/23/2014, 6/27/2014 ,8/28/2014,11/23/2014","","168921","1","","","","Public-state","105.0'","Clinometer/laser rangefinder/sine","9.9'","119''","","","Robert Leverett, Matt Markworth, Rand Brown","2014-11-02","http%3A%2F%2Fwww.ents-bbs.org%2Fviewtopic.php%3Ff%3D111%26t%3D6128%23p27758","N"
"Common Hackberry","Celtis occidentalis","Ohio","Highland","Fort Hil Earthworks And Nature Preserve","","","1300 Acres
Based on three trip reports on the NTS BBS board dated:
2/23/2014, 6/27/2014 ,8/28/2014,11/23/2014","","168916","1","","","","Public-state","110.0'","Clinometer/laser rangefinder/sine","7.7'","92''","","","Robert Leverett, Matt Markworth, Rand Brown","2014-11-02","http%3A%2F%2Fwww.ents-bbs.org%2Fviewtopic.php%3Ff%3D111%26t%3D6128%23p27758","N"
"Eastern Redcedar","Juniperus virginiana var. virginiana","Ohio","Highland","Fort Hil Earthworks And Nature Preserve","","","1300 Acres
Based on three trip reports on the NTS BBS board dated:
2/23/2014, 6/27/2014 ,8/28/2014,11/23/2014","","168906","1","","","","Public-state","76.0'","Clinometer/laser rangefinder/sine","","","","Fort Hill Gorge","Robert Leverett, Matt Markworth, Rand Brown","2014-11-02","http%3A%2F%2Fwww.ents-bbs.org%2Fviewtopic.php%3Ff%3D111%26t%3D6128%23p27758","N"
"Green Ash","Fraxinus pennsylvanica","Ohio","Highland","Fort Hil Earthworks And Nature Preserve","","","1300 Acres
Based on three trip reports on the NTS BBS board dated:
2/23/2014, 6/27/2014 ,8/28/2014,11/23/2014","","168910","1","","","","Public-state","122.0'","Clinometer/laser rangefinder/sine","6.3'","76''","","","Robert Leverett, Matt Markworth, Rand Brown","2014-11-02","http%3A%2F%2Fwww.ents-bbs.org%2Fviewtopic.php%3Ff%3D111%26t%3D6128%23p27758","N"
"Green Ash","Fraxinus pennsylvanica","Ohio","Highland","Fort Hil Earthworks And Nature Preserve","","","1300 Acres
Based on three trip reports on the NTS BBS board dated:
2/23/2014, 6/27/2014 ,8/28/2014,11/23/2014","","168908","1","","","","Public-state","127.0'","Clinometer/laser rangefinder/sine","","","","","Robert Leverett, Matt Markworth, Rand Brown","2014-11-02","http%3A%2F%2Fwww.ents-bbs.org%2Fviewtopic.php%3Ff%3D111%26t%3D6128%23p27758","N"
"Green Ash","Fraxinus pennsylvanica","Ohio","Highland","Fort Hil Earthworks And Nature Preserve","","","1300 Acres
Based on three trip reports on the NTS BBS board dated:
2/23/2014, 6/27/2014 ,8/28/2014,11/23/2014","","168915","1","","","","Public-state","127.0'","Clinometer/laser rangefinder/sine","7.5'","90''","","","Robert Leverett, Matt Markworth, Rand Brown","2014-11-02","http%3A%2F%2Fwww.ents-bbs.org%2Fviewtopic.php%3Ff%3D111%26t%3D6128%23p27758","N"
"Northern Red Oak","Quercus rubra","Ohio","Highland","Fort Hil Earthworks And Nature Preserve","","","1300 Acres
Based on three trip reports on the NTS BBS board dated:
2/23/2014, 6/27/2014 ,8/28/2014,11/23/2014","","168925","1","","","","Public-state","10.9'","Clinometer/laser rangefinder/sine","","","","","Robert Leverett, Matt Markworth, Rand Brown","2014-11-02","http%3A%2F%2Fwww.ents-bbs.org%2Fviewtopic.php%3Ff%3D111%26t%3D6128%23p27758","N"
"Northern Red Oak","Quercus rubra","Ohio","Highland","Fort Hil Earthworks And Nature Preserve","","","1300 Acres
Based on three trip reports on the NTS BBS board dated:
2/23/2014, 6/27/2014 ,8/28/2014,11/23/2014","","168922","1","","","","Public-state","126.0'","Clinometer/laser rangefinder/sine","5.0'","60''","","","Robert Leverett, Matt Markworth, Rand Brown","2014-11-02","http%3A%2F%2Fwww.ents-bbs.org%2Fviewtopic.php%3Ff%3D111%26t%3D6128%23p27758","N"
"Northern Red Oak","Quercus rubra","Ohio","Highland","Fort Hil Earthworks And Nature Preserve","","","1300 Acres
Based on three trip reports on the NTS BBS board dated:
2/23/2014, 6/27/2014 ,8/28/2014,11/23/2014","","168898","1","","","","Public-state","140.0'","Clinometer/laser rangefinder/sine","8.3'","99''","","","Robert Leverett, Matt Markworth, Rand Brown","2014-11-02","http%3A%2F%2Fwww.ents-bbs.org%2Fviewtopic.php%3Ff%3D111%26t%3D6128%23p27758","N"
"Northern Red Oak","Quercus rubra","Ohio","Highland","Fort Hil Earthworks And Nature Preserve","","","1300 Acres
Based on three trip reports on the NTS BBS board dated:
2/23/2014, 6/27/2014 ,8/28/2014,11/23/2014","","168905","1","","","","Public-state","140.0'","Clinometer/laser rangefinder/sine","10.4'","125''","","","Robert Leverett, Matt Markworth, Rand Brown","2014-11-02","http%3A%2F%2Fwww.ents-bbs.org%2Fviewtopic.php%3Ff%3D111%26t%3D6128%23p27758","N"
"Pignut Hickory","Carya glabra","Ohio","Highland","Fort Hil Earthworks And Nature Preserve","","","1300 Acres
Based on three trip reports on the NTS BBS board dated:
2/23/2014, 6/27/2014 ,8/28/2014,11/23/2014","","168930","1","","","","Public-state","141.5'","Clinometer/laser rangefinder/sine","8.1'","97''","58.0'","","Robert Leverett, Matt Markworth, Rand Brown","2014-11-02","http%3A%2F%2Fwww.ents-bbs.org%2Fviewtopic.php%3Ff%3D111%26t%3D6128%23p27758","N"
"Red Maple","Acer rubrum","Ohio","Highland","Fort Hil Earthworks And Nature Preserve","","","1300 Acres
Based on three trip reports on the NTS BBS board dated:
2/23/2014, 6/27/2014 ,8/28/2014,11/23/2014","","168895","1","","","","Public-state","110.2'","Clinometer/laser rangefinder/sine","11.1'","133''","","","Robert Leverett, Matt Markworth, Rand Brown","2014-11-02","http%3A%2F%2Fwww.ents-bbs.org%2Fviewtopic.php%3Ff%3D111%26t%3D6128%23p27758","N"
"Red Maple","Acer rubrum","Ohio","Highland","Fort Hil Earthworks And Nature Preserve","","","1300 Acres
Based on three trip reports on the NTS BBS board dated:
2/23/2014, 6/27/2014 ,8/28/2014,11/23/2014","","168926","1","","","","Public-state","125.0'","Clinometer/laser rangefinder/sine","8.3'","99''","","","Robert Leverett, Matt Markworth, Rand Brown","2014-11-02","http%3A%2F%2Fwww.ents-bbs.org%2Fviewtopic.php%3Ff%3D111%26t%3D6128%23p27758","N"
"Red Maple","Acer rubrum","Ohio","Highland","Fort Hil Earthworks And Nature Preserve","","","1300 Acres
Based on three trip reports on the NTS BBS board dated:
2/23/2014, 6/27/2014 ,8/28/2014,11/23/2014","","168929","1","","","","Public-state","127.5'","Clinometer/laser rangefinder/sine","8.3'","99''","","","Robert Leverett, Matt Markworth, Rand Brown","2014-11-02","http%3A%2F%2Fwww.ents-bbs.org%2Fviewtopic.php%3Ff%3D111%26t%3D6128%23p27758","N"
"Shagbark Hickory","Carya ovata","Ohio","Highland","Fort Hil Earthworks And Nature Preserve","","","1300 Acres
Based on three trip reports on the NTS BBS board dated:
2/23/2014, 6/27/2014 ,8/28/2014,11/23/2014","","168892","1","","","","Public-state","117.0'","Clinometer/laser rangefinder/sine","8.3'","100''","","","Robert Leverett, Matt Markworth, Rand Brown","2014-11-02","http%3A%2F%2Fwww.ents-bbs.org%2Fviewtopic.php%3Ff%3D111%26t%3D6128%23p27758","N"
"Shagbark Hickory","Carya ovata","Ohio","Highland","Fort Hil Earthworks And Nature Preserve","","","1300 Acres
Based on three trip reports on the NTS BBS board dated:
2/23/2014, 6/27/2014 ,8/28/2014,11/23/2014","","168893","1","","","","Public-state","117.5'","Clinometer/laser rangefinder/sine","7.3'","88''","","","Robert Leverett, Matt Markworth, Rand Brown","2014-11-02","http%3A%2F%2Fwww.ents-bbs.org%2Fviewtopic.php%3Ff%3D111%26t%3D6128%23p27758","N"
"Slippery Elm","Ulmus rubra","Ohio","Highland","Fort Hil Earthworks And Nature Preserve","","","1300 Acres
Based on three trip reports on the NTS BBS board dated:
2/23/2014, 6/27/2014 ,8/28/2014,11/23/2014","","168913","1","","","","Public-state","97.0'","Clinometer/laser rangefinder/sine","6.4'","77''","","","Robert Leverett, Matt Markworth, Rand Brown","2014-11-02","http%3A%2F%2Fwww.ents-bbs.org%2Fviewtopic.php%3Ff%3D111%26t%3D6128%23p27758","N"
"Slippery Elm","Ulmus rubra","Ohio","Highland","Fort Hil Earthworks And Nature Preserve","","","1300 Acres
Based on three trip reports on the NTS BBS board dated:
2/23/2014, 6/27/2014 ,8/28/2014,11/23/2014","","168912","1","","","","Public-state","103.0'","Clinometer/laser rangefinder/sine","5.8'","70''","","","Robert Leverett, Matt Markworth, Rand Brown","2014-11-02","http%3A%2F%2Fwww.ents-bbs.org%2Fviewtopic.php%3Ff%3D111%26t%3D6128%23p27758","N"
"Tree Of Heaven","Ailanthus altissima","Ohio","Highland","Fort Hil Earthworks And Nature Preserve","","","1300 Acres
Based on three trip reports on the NTS BBS board dated:
2/23/2014, 6/27/2014 ,8/28/2014,11/23/2014","","168909","1","","","","Public-state","64.0'","Clinometer/laser rangefinder/sine","2.1'","25''","","","Robert Leverett, Matt Markworth, Rand Brown","2014-11-02","http%3A%2F%2Fwww.ents-bbs.org%2Fviewtopic.php%3Ff%3D111%26t%3D6128%23p27758","N"
"Tuliptree","Liriodendron tulipifera","Ohio","Highland","Fort Hil Earthworks And Nature Preserve","","","1300 Acres
Based on three trip reports on the NTS BBS board dated:
2/23/2014, 6/27/2014 ,8/28/2014,11/23/2014","","168900","1","","","","Public-state","144.2'","Clinometer/laser rangefinder/sine","9.8'","118''","","","Robert Leverett, Matt Markworth, Rand Brown","2014-11-02","http%3A%2F%2Fwww.ents-bbs.org%2Fviewtopic.php%3Ff%3D111%26t%3D6128%23p27758","N"
"Tuliptree","Liriodendron tulipifera","Ohio","Highland","Fort Hil Earthworks And Nature Preserve","","","1300 Acres
Based on three trip reports on the NTS BBS board dated:
2/23/2014, 6/27/2014 ,8/28/2014,11/23/2014","","168931","1","","","","Public-state","150.9'","Clinometer/laser rangefinder/sine","9.7'","116''","","","Robert Leverett, Matt Markworth, Rand Brown","2014-11-02","http%3A%2F%2Fwww.ents-bbs.org%2Fviewtopic.php%3Ff%3D111%26t%3D6128%23p27758","N"
"White Ash","Fraxinus americana","Ohio","Highland","Fort Hil Earthworks And Nature Preserve","","","1300 Acres
Based on three trip reports on the NTS BBS board dated:
2/23/2014, 6/27/2014 ,8/28/2014,11/23/2014","","168902","1","","","","Public-state","138.0'","Clinometer/laser rangefinder/sine","9.6'","115''","","","Robert Leverett, Matt Markworth, Rand Brown","2014-11-02","http%3A%2F%2Fwww.ents-bbs.org%2Fviewtopic.php%3Ff%3D111%26t%3D6128%23p27758","N"
"White Oak","Quercus alba","Ohio","Highland","Fort Hil Earthworks And Nature Preserve","","","1300 Acres
Based on three trip reports on the NTS BBS board dated:
2/23/2014, 6/27/2014 ,8/28/2014,11/23/2014","","168899","1","","","","Public-state","140.5'","Clinometer/laser rangefinder/sine","7.6'","91''","","","Robert Leverett, Matt Markworth, Rand Brown","2014-11-02","http%3A%2F%2Fwww.ents-bbs.org%2Fviewtopic.php%3Ff%3D111%26t%3D6128%23p27758","N"
"American Beech","Fagus grandifolia","Ohio","Highland","Highland Nature Sanctuary","","","From trip reports posted on the NTS BBS page dated:
8/28/2012, 11/2/14.","","168938","1","","","","Private","111.5'","Clinometer/laser rangefinder/sine","","","","On Big Beech Trail","Robert Leverett, Matt Markworth, Rand Brown","2014-06-27","http%3A%2F%2Fwww.ents-bbs.org%2Fviewtopic.php%3Ff%3D111%26t%3D6705","N"
"American Beech","Fagus grandifolia","Ohio","Highland","Highland Nature Sanctuary","","","From trip reports posted on the NTS BBS page dated:
8/28/2012, 11/2/14.","","168937","1","","","","Private","120.1'","Clinometer/laser rangefinder/sine","","","","On Big Beech Trail","Robert Leverett, Matt Markworth, Rand Brown","2014-06-27","http%3A%2F%2Fwww.ents-bbs.org%2Fviewtopic.php%3Ff%3D111%26t%3D6705","N"
"American Sycamore","Platanus occidentalis","Ohio","Highland","Highland Nature Sanctuary","","","From trip reports posted on the NTS BBS page dated:
8/28/2012, 11/2/14.","","168943","1","","","","Private","119.0'","Clinometer/laser rangefinder/sine","24.2'","290''","107.0'","Tree is at  a nearby church summer camp.
Crown spread is maximum, average105.5'.
Lucy Braun measured this tree ca: 1937 at 267"" circumference","Robert Leverett, Matt Markworth, Rand Brown","2014-06-27","http%3A%2F%2Fwww.ents-bbs.org%2Fviewtopic.php%3Ff%3D111%26t%3D6705","N"
"American Sycamore","Platanus occidentalis","Ohio","Highland","Highland Nature Sanctuary","","","From trip reports posted on the NTS BBS page dated:
8/28/2012, 11/2/14.","","168946","1","","","","Private","121.5'","Clinometer/laser rangefinder/sine","","","","","Robert Leverett, Matt Markworth, Rand Brown","2014-06-27","http%3A%2F%2Fwww.ents-bbs.org%2Fviewtopic.php%3Ff%3D111%26t%3D6705","N"
"Blue Ash","Fraxinus quadrangulata","Ohio","Highland","Highland Nature Sanctuary","","","From trip reports posted on the NTS BBS page dated:
8/28/2012, 11/2/14.","","168945","1","","","","Private","112.0'","Clinometer/laser rangefinder/sine","","","","","Robert Leverett, Matt Markworth, Rand Brown","2014-06-27","http%3A%2F%2Fwww.ents-bbs.org%2Fviewtopic.php%3Ff%3D111%26t%3D6705","N"
"Chestnut Oak","Quercus montana","Ohio","Highland","Highland Nature Sanctuary","","","From trip reports posted on the NTS BBS page dated:
8/28/2012, 11/2/14.","","168939","1","","","","Private","101.5'","Clinometer/laser rangefinder/sine","12.1'","145''","","On Big Beech Trail","Robert Leverett, Matt Markworth, Rand Brown","2014-06-27","http%3A%2F%2Fwww.ents-bbs.org%2Fviewtopic.php%3Ff%3D111%26t%3D6705","N"
"Eastern Redcedar","Juniperus virginiana var. virginiana","Ohio","Highland","Highland Nature Sanctuary","","","From trip reports posted on the NTS BBS page dated:
8/28/2012, 11/2/14.","","168944","1","","","","Private","68.0'","Clinometer/laser rangefinder/sine","","","","Tree is on the Serpent Mound.","Robert Leverett, Matt Markworth, Rand Brown","2014-06-27","http%3A%2F%2Fwww.ents-bbs.org%2Fviewtopic.php%3Ff%3D111%26t%3D6705","N"
"Northern Red Oak","Quercus rubra","Ohio","Highland","Highland Nature Sanctuary","","","From trip reports posted on the NTS BBS page dated:
8/28/2012, 11/2/14.","","168940","1","","","","Private","112.0'","Clinometer/laser rangefinder/sine","12.1'","145''","","Ravine behind Zen House","Robert Leverett, Matt Markworth, Rand Brown","2014-06-27","http%3A%2F%2Fwww.ents-bbs.org%2Fviewtopic.php%3Ff%3D111%26t%3D6705","N"
"Northern Red Oak","Quercus rubra","Ohio","Highland","Highland Nature Sanctuary","","","From trip reports posted on the NTS BBS page dated:
8/28/2012, 11/2/14.","","168941","1","","","","Private","122.0'","Clinometer/laser rangefinder/sine","","","","","Robert Leverett, Matt Markworth, Rand Brown","2014-06-27","http%3A%2F%2Fwww.ents-bbs.org%2Fviewtopic.php%3Ff%3D111%26t%3D6705","N"
"Shagbark Hickory","Carya ovata","Ohio","Highland","Highland Nature Sanctuary","","","From trip reports posted on the NTS BBS page dated:
8/28/2012, 11/2/14.","","168956","1","","","","Private","129.0'","Clinometer/laser rangefinder/sine","","","","","Robert Leverett, Matt Markworth, Rand Brown","2014-06-27","http%3A%2F%2Fwww.ents-bbs.org%2Fviewtopic.php%3Ff%3D111%26t%3D6705","N"
"Tuliptree","Liriodendron tulipifera","Ohio","Highland","Highland Nature Sanctuary","","","From trip reports posted on the NTS BBS page dated:
8/28/2012, 11/2/14.","","168952","1","","","","Private","111.0'","Clinometer/laser rangefinder/sine","","","","","Robert Leverett, Matt Markworth, Rand Brown","2014-06-27","http%3A%2F%2Fwww.ents-bbs.org%2Fviewtopic.php%3Ff%3D111%26t%3D6705","N"
"Tuliptree","Liriodendron tulipifera","Ohio","Highland","Highland Nature Sanctuary","","","From trip reports posted on the NTS BBS page dated:
8/28/2012, 11/2/14.","","168954","1","","","","Private","122.0'","Clinometer/laser rangefinder/sine","","","","","Robert Leverett, Matt Markworth, Rand Brown","2014-06-27","http%3A%2F%2Fwww.ents-bbs.org%2Fviewtopic.php%3Ff%3D111%26t%3D6705","N"
"Tuliptree","Liriodendron tulipifera","Ohio","Highland","Highland Nature Sanctuary","","","From trip reports posted on the NTS BBS page dated:
8/28/2012, 11/2/14.","","168948","1","","","","Private","124.0'","Clinometer/laser rangefinder/sine","","","","","Robert Leverett, Matt Markworth, Rand Brown","2014-06-27","http%3A%2F%2Fwww.ents-bbs.org%2Fviewtopic.php%3Ff%3D111%26t%3D6705","N"
"Tuliptree","Liriodendron tulipifera","Ohio","Highland","Highland Nature Sanctuary","","","From trip reports posted on the NTS BBS page dated:
8/28/2012, 11/2/14.","","168955","1","","","","Private","125.0'","Clinometer/laser rangefinder/sine","","","","","Robert Leverett, Matt Markworth, Rand Brown","2014-06-27","http%3A%2F%2Fwww.ents-bbs.org%2Fviewtopic.php%3Ff%3D111%26t%3D6705","N"
"Tuliptree","Liriodendron tulipifera","Ohio","Highland","Highland Nature Sanctuary","","","From trip reports posted on the NTS BBS page dated:
8/28/2012, 11/2/14.","","168953","1","","","","Private","127.0'","Clinometer/laser rangefinder/sine","","","","","Robert Leverett, Matt Markworth, Rand Brown","2014-06-27","http%3A%2F%2Fwww.ents-bbs.org%2Fviewtopic.php%3Ff%3D111%26t%3D6705","N"
"Tuliptree","Liriodendron tulipifera","Ohio","Highland","Highland Nature Sanctuary","","","From trip reports posted on the NTS BBS page dated:
8/28/2012, 11/2/14.","","168950","1","","","","Private","128.0'","Clinometer/laser rangefinder/sine","","","","","Robert Leverett, Matt Markworth, Rand Brown","2014-06-27","http%3A%2F%2Fwww.ents-bbs.org%2Fviewtopic.php%3Ff%3D111%26t%3D6705","N"
"Tuliptree","Liriodendron tulipifera","Ohio","Highland","Highland Nature Sanctuary","","","From trip reports posted on the NTS BBS page dated:
8/28/2012, 11/2/14.","","168947","1","","","","Private","129.0'","Clinometer/laser rangefinder/sine","","","","","Robert Leverett, Matt Markworth, Rand Brown","2014-06-27","http%3A%2F%2Fwww.ents-bbs.org%2Fviewtopic.php%3Ff%3D111%26t%3D6705","N"
"Tuliptree","Liriodendron tulipifera","Ohio","Highland","Highland Nature Sanctuary","","","From trip reports posted on the NTS BBS page dated:
8/28/2012, 11/2/14.","","168951","1","","","","Private","132.0'","Clinometer/laser rangefinder/sine","","","","","Robert Leverett, Matt Markworth, Rand Brown","2014-06-27","http%3A%2F%2Fwww.ents-bbs.org%2Fviewtopic.php%3Ff%3D111%26t%3D6705","N"
"Tuliptree","Liriodendron tulipifera","Ohio","Highland","Highland Nature Sanctuary","","","From trip reports posted on the NTS BBS page dated:
8/28/2012, 11/2/14.","","168949","1","","","","Private","134.0'","Clinometer/laser rangefinder/sine","","","","","Robert Leverett, Matt Markworth, Rand Brown","2014-06-27","http%3A%2F%2Fwww.ents-bbs.org%2Fviewtopic.php%3Ff%3D111%26t%3D6705","N"
"Tuliptree","Liriodendron tulipifera","Ohio","Highland","Highland Nature Sanctuary","","","From trip reports posted on the NTS BBS page dated:
8/28/2012, 11/2/14.","","168942","1","","","","Private","137.0'","Clinometer/laser rangefinder/sine","","","","Below Zen House","Robert Leverett, Matt Markworth, Rand Brown","2014-06-27","http%3A%2F%2Fwww.ents-bbs.org%2Fviewtopic.php%3Ff%3D111%26t%3D6705","N"
"American Basswood","Tilia americana","Ohio","Highland","Pike Ste Forest","","","Trees measured were in two coves.","","161934","1","","","","Public-state","118.9'","Clinometer/laser rangefinder/sine","7.5'","90''","","","Matt Markworth, Rand Brown","2014-02-23","http%3A%2F%2Fwww.ents-bbs.org%2Fviewtopic.php%3Ff%3D111%26t%3D6128%23p27758","N"
"American Beech","Fagus grandifolia","Ohio","Highland","Pike Ste Forest","","","Trees measured were in two coves.","","161925","1","","","","Public-state","106.0'","Clinometer/laser rangefinder/sine","7.8'","94''","","","Matt Markworth, Rand Brown","2014-02-23","http%3A%2F%2Fwww.ents-bbs.org%2Fviewtopic.php%3Ff%3D111%26t%3D6128%23p27758","N"
"American Beech","Fagus grandifolia","Ohio","Highland","Pike Ste Forest","","","Trees measured were in two coves.","","161932","1","","","","Public-state","118.9'","Clinometer/laser rangefinder/sine","8.7'","105''","","","Matt Markworth, Rand Brown","2014-02-23","http%3A%2F%2Fwww.ents-bbs.org%2Fviewtopic.php%3Ff%3D111%26t%3D6128%23p27758","N"
"American Beech","Fagus grandifolia","Ohio","Highland","Pike Ste Forest","","","Trees measured were in two coves.","","161926","1","","","","Public-state","121.0'","Clinometer/laser rangefinder/sine","7.0'","84''","","","Matt Markworth, Rand Brown","2014-02-23","http%3A%2F%2Fwww.ents-bbs.org%2Fviewtopic.php%3Ff%3D111%26t%3D6128%23p27758","N"
"Bitternut Hickory","Carya cordiformis","Ohio","Highland","Pike Ste Forest","","","Trees measured were in two coves.","","161927","1","","","","Public-state","125.5'","Clinometer/laser rangefinder/sine","6.4'","77''","","","Matt Markworth, Rand Brown","2014-02-23","http%3A%2F%2Fwww.ents-bbs.org%2Fviewtopic.php%3Ff%3D111%26t%3D6128%23p27758","N"
"Black Cherry","Prunus serotina var. serotina","Ohio","Highland","Pike Ste Forest","","","Trees measured were in two coves.","","161915","1","","","","Public-state","120.0'","Clinometer/laser rangefinder/sine","7.3'","88''","","","Matt Markworth, Rand Brown","2014-02-23","http%3A%2F%2Fwww.ents-bbs.org%2Fviewtopic.php%3Ff%3D111%26t%3D6128%23p27758","N"
"Black Cherry","Prunus serotina var. serotina","Ohio","Highland","Pike Ste Forest","","","Trees measured were in two coves.","","161920","1","","","","Public-state","141.5'","Clinometer/laser rangefinder/sine","7.3'","87''","","","Matt Markworth, Rand Brown","2014-02-23","http%3A%2F%2Fwww.ents-bbs.org%2Fviewtopic.php%3Ff%3D111%26t%3D6128%23p27758","N"
"Chestnut Oak","Quercus montana","Ohio","Highland","Pike Ste Forest","","","Trees measured were in two coves.","","161924","1","","","","Public-state","118.5'","Clinometer/laser rangefinder/sine","8.3'","100''","","","Matt Markworth, Rand Brown","2014-02-23","http%3A%2F%2Fwww.ents-bbs.org%2Fviewtopic.php%3Ff%3D111%26t%3D6128%23p27758","N"
"Chestnut Oak","Quercus montana","Ohio","Highland","Pike Ste Forest","","","Trees measured were in two coves.","","161919","1","","","","Public-state","121.0'","Clinometer/laser rangefinder/sine","7.6'","91''","","","Matt Markworth, Rand Brown","2014-02-23","http%3A%2F%2Fwww.ents-bbs.org%2Fviewtopic.php%3Ff%3D111%26t%3D6128%23p27758","N"
"Chestnut Oak","Quercus montana","Ohio","Highland","Pike Ste Forest","","","Trees measured were in two coves.","","161935","1","","","","Public-state","135.0'","Clinometer/laser rangefinder/sine","9.5'","114''","","","Matt Markworth, Rand Brown","2014-02-23","http%3A%2F%2Fwww.ents-bbs.org%2Fviewtopic.php%3Ff%3D111%26t%3D6128%23p27758","N"
"Chestnut Oak","Quercus montana","Ohio","Highland","Pike Ste Forest","","","Trees measured were in two coves.","","161937","1","","","","Public-state","137.0'","Clinometer/laser rangefinder/sine","8.9'","107''","","","Matt Markworth, Rand Brown","2014-02-23","http%3A%2F%2Fwww.ents-bbs.org%2Fviewtopic.php%3Ff%3D111%26t%3D6128%23p27758","N"
"Northern Red Oak","Quercus rubra","Ohio","Highland","Pike Ste Forest","","","Trees measured were in two coves.","","161930","1","","","","Public-state","115.0'","Clinometer/laser rangefinder/sine","11.8'","142''","","","Matt Markworth, Rand Brown","2014-02-23","http%3A%2F%2Fwww.ents-bbs.org%2Fviewtopic.php%3Ff%3D111%26t%3D6128%23p27758","N"
"Northern Red Oak","Quercus rubra","Ohio","Highland","Pike Ste Forest","","","Trees measured were in two coves.","","161914","1","","","","Public-state","116.0'","Clinometer/laser rangefinder/sine","","","","","Matt Markworth, Rand Brown","2014-02-23","http%3A%2F%2Fwww.ents-bbs.org%2Fviewtopic.php%3Ff%3D111%26t%3D6128%23p27758","N"
"Pignut Hickory","Carya glabra","Ohio","Highland","Pike Ste Forest","","","Trees measured were in two coves.","","161931","1","","","","Public-state","124.0'","Clinometer/laser rangefinder/sine","7.7'","92''","","","Matt Markworth, Rand Brown","2014-02-23","http%3A%2F%2Fwww.ents-bbs.org%2Fviewtopic.php%3Ff%3D111%26t%3D6128%23p27758","N"
"Red Maple","Acer rubrum","Ohio","Highland","Pike Ste Forest","","","Trees measured were in two coves.","","161933","1","","","","Public-state","116.5'","Clinometer/laser rangefinder/sine","9.0'","108''","","","Matt Markworth, Rand Brown","2014-02-23","http%3A%2F%2Fwww.ents-bbs.org%2Fviewtopic.php%3Ff%3D111%26t%3D6128%23p27758","N"
"Tuliptree","Liriodendron tulipifera","Ohio","Highland","Pike Ste Forest","","","Trees measured were in two coves.","","161916","1","","","","Public-state","142.0'","Clinometer/laser rangefinder/sine","9.2'","110''","","","Matt Markworth, Rand Brown","2014-02-23","http%3A%2F%2Fwww.ents-bbs.org%2Fviewtopic.php%3Ff%3D111%26t%3D6128%23p27758","N"
"Tuliptree","Liriodendron tulipifera","Ohio","Highland","Pike Ste Forest","","","Trees measured were in two coves.","","161921","1","","","","Public-state","142.0'","Clinometer/laser rangefinder/sine","9.3'","112''","","","Matt Markworth, Rand Brown","2014-02-23","http%3A%2F%2Fwww.ents-bbs.org%2Fviewtopic.php%3Ff%3D111%26t%3D6128%23p27758","N"
"Tuliptree","Liriodendron tulipifera","Ohio","Highland","Pike Ste Forest","","","Trees measured were in two coves.","","161917","1","","","","Public-state","144.9'","Clinometer/laser rangefinder/sine","8.8'","105''","","","Matt Markworth, Rand Brown","2014-02-23","http%3A%2F%2Fwww.ents-bbs.org%2Fviewtopic.php%3Ff%3D111%26t%3D6128%23p27758","N"
"Tuliptree","Liriodendron tulipifera","Ohio","Highland","Pike Ste Forest","","","Trees measured were in two coves.","","161928","1","","","","Public-state","145.4'","Clinometer/laser rangefinder/sine","12.4'","149''","","","Matt Markworth, Rand Brown","2014-02-23","http%3A%2F%2Fwww.ents-bbs.org%2Fviewtopic.php%3Ff%3D111%26t%3D6128%23p27758","N"
"Tuliptree","Liriodendron tulipifera","Ohio","Highland","Pike Ste Forest","","","Trees measured were in two coves.","","161929","1","","","","Public-state","147.9'","Clinometer/laser rangefinder/sine","8.9'","107''","","","Matt Markworth, Rand Brown","2014-02-23","http%3A%2F%2Fwww.ents-bbs.org%2Fviewtopic.php%3Ff%3D111%26t%3D6128%23p27758","N"
"Tuliptree","Liriodendron tulipifera","Ohio","Highland","Pike Ste Forest","","","Trees measured were in two coves.","","161918","1","","","","Public-state","150.9'","Clinometer/laser rangefinder/sine","9.7'","116''","","","Matt Markworth, Rand Brown","2014-02-23","http%3A%2F%2Fwww.ents-bbs.org%2Fviewtopic.php%3Ff%3D111%26t%3D6128%23p27758","N"
"White Ash","Fraxinus americana","Ohio","Highland","Pike Ste Forest","","","Trees measured were in two coves.","","161938","1","","","","Public-state","130.0'","Clinometer/laser rangefinder/sine","8.3'","100''","","","Matt Markworth, Rand Brown","2014-02-23","http%3A%2F%2Fwww.ents-bbs.org%2Fviewtopic.php%3Ff%3D111%26t%3D6128%23p27758","N"
"White Ash","Fraxinus americana","Ohio","Highland","Pike Ste Forest","","","Trees measured were in two coves.","","161936","1","","","","Public-state","134.5'","Clinometer/laser rangefinder/sine","7.7'","92''","","","Matt Markworth, Rand Brown","2014-02-23","http%3A%2F%2Fwww.ents-bbs.org%2Fviewtopic.php%3Ff%3D111%26t%3D6128%23p27758","N"
"White Oak","Quercus alba","Ohio","Highland","Pike Ste Forest","","","Trees measured were in two coves.","","161913","1","","","","Public-state","118.0'","Clinometer/laser rangefinder/sine","9.8'","118''","","","Matt Markworth, Rand Brown","2014-02-23","http%3A%2F%2Fwww.ents-bbs.org%2Fviewtopic.php%3Ff%3D111%26t%3D6128%23p27758","N"
"White Oak","Quercus alba","Ohio","Highland","Pike Ste Forest","","","Trees measured were in two coves.","","161922","1","","","","Public-state","119.2'","Clinometer/laser rangefinder/sine","8.3'","100''","","","Matt Markworth, Rand Brown","2014-02-23","http%3A%2F%2Fwww.ents-bbs.org%2Fviewtopic.php%3Ff%3D111%26t%3D6128%23p27758","N"
"White Oak","Quercus alba","Ohio","Highland","Pike Ste Forest","","","Trees measured were in two coves.","","161923","1","","","","Public-state","119.5'","Clinometer/laser rangefinder/sine","9.0'","108''","","","Matt Markworth, Rand Brown","2014-02-23","http%3A%2F%2Fwww.ents-bbs.org%2Fviewtopic.php%3Ff%3D111%26t%3D6128%23p27758","N"
"Bitternut Hickory","Carya cordiformis","Ohio","Hocking","Hocking Hills Region","","","","","169275","1","","","","public","129.0'","Clinometer/laser rangefinder/sine","","","","","Rand Brown, Matt Markworth","2015-04-11","","N"
"Northern Red Oak","Quercus rubra","Ohio","Hocking","Hocking Hills Region","","","","","169276","1","","","","public","120.0'","Clinometer/laser rangefinder/sine","","","","","Rand Brown, Matt Markworth","2015-04-11","","N"
"Tuliptree","Liriodendron tulipifera","Ohio","Hocking","Hocking Hills Region","","","","","162570","1","","","","public","172.0'","Clinometer/laser rangefinder/sine","","","","The Galehouse Tree was found and measured by cadre tree measurer Matt Markworth to a height of 170' x 9'11""cbh on 1/31/2015.

I used my highest measurement due to better visibility of top from a higher location.","Stefan Radivoyevitch","2017-01-22","","N"
"American Basswood","Tilia americana","Ohio","Hocking","Hocking Hills SP, OH","","","","","18847","1","","","","public","123.1'","Clinometer/laser rangefinder/sine","10.9'","131''","","","Rand Brown","2011-01-17","","N"
"American Beech","Fagus grandifolia","Ohio","Hocking","Hocking Hills SP, OH","","","","","9838","1","","","","public","120.3'","","6.7'","80''","","","Thomas Diggins","2005-04-02","","N"
"American Beech","Fagus grandifolia","Ohio","Hocking","Hocking Hills SP, OH","","","","","9836","1","","","","public","122.5'","","7.6'","91''","","","Thomas Diggins","2005-04-02","","N"
"American Beech","Fagus grandifolia","Ohio","Hocking","Hocking Hills SP, OH","","","","","9839","1","","","","public","123.8'","","7.0'","84''","","","Thomas Diggins","2005-04-02","","N"
"American Beech","Fagus grandifolia","Ohio","Hocking","Hocking Hills SP, OH","","","","","9837","1","","","","public","125.7'","","5.8'","69''","","","Thomas Diggins","2005-04-02","","N"
"American Beech","Fagus grandifolia","Ohio","Hocking","Hocking Hills SP, OH","","","","","9840","1","","","","public","128.1'","","8.8'","106''","80.0'","","Thomas Diggins","2005-04-02","","N"
"American Beech","Fagus grandifolia","Ohio","Hocking","Hocking Hills SP, OH","","","","","18845","1","","","","public","135.8'","Clinometer/laser rangefinder/sine","8.2'","98''","","","Rand Brown","2011-01-17","","N"
"American Sycamore","Platanus occidentalis","Ohio","Hocking","Hocking Hills SP, OH","","","","","9831","1","","","","public","139.2'","","7.9'","95''","","","Thomas Diggins","2005-04-02","","N"
"American Sycamore","Platanus occidentalis","Ohio","Hocking","Hocking Hills SP, OH","","","","","9833","1","","","","public","142.0'","","9.0'","108''","","","Thomas Diggins","2005-04-02","","N"
"American Sycamore","Platanus occidentalis","Ohio","Hocking","Hocking Hills SP, OH","","","","","9832","1","","","","public","145.0'","","7.7'","92''","","","Thomas Diggins","2005-04-02","","N"
"American Sycamore","Platanus occidentalis","Ohio","Hocking","Hocking Hills SP, OH","","","","","9834","1","","","","public","146.5'","","7.7'","92''","","","Thomas Diggins","2005-04-02","","N"
"American Sycamore","Platanus occidentalis","Ohio","Hocking","Hocking Hills SP, OH","","","","","9830","1","","","","public","147.1'","","7.0'","84''","","","Thomas Diggins","2005-04-02","","N"
"American Sycamore","Platanus occidentalis","Ohio","Hocking","Hocking Hills SP, OH","","","","","9835","1","","","","public","151.0'","","8.9'","107''","","","Thomas Diggins","2005-04-02","","N"
"American Sycamore","Platanus occidentalis","Ohio","Hocking","Hocking Hills SP, OH","","","","","18843","1","","","","public","151.0'","Clinometer/laser rangefinder/sine","8.9'","107''","","","Rand Brown","2011-01-17","","N"
"Black Cherry","Prunus serotina","Ohio","Hocking","Hocking Hills SP, OH","","","","","9846","1","","","","public","120.8'","","5.5'","66''","","","Thomas Diggins","2005-04-02","","N"
"Black Cherry","Prunus serotina","Ohio","Hocking","Hocking Hills SP, OH","","","","","18850","1","","","","public","120.8'","Clinometer/laser rangefinder/sine","5.5'","66''","","","Rand Brown","2011-01-17","","N"
"Blackgum","Nyssa sylvatica","Ohio","Hocking","Hocking Hills SP, OH","","","","","9848","1","","","","public","101.1'","","5.6'","67''","","","Thomas Diggins","2005-04-02","","N"
"Eastern Hemlock","Tsuga canadensis","Ohio","Hocking","Hocking Hills SP, OH","","","","","9821","1","","","","public","137.7'","","","","","","Thomas Diggins","2005-04-02","","N"
"Eastern Hemlock","Tsuga canadensis","Ohio","Hocking","Hocking Hills SP, OH","","","","","9820","1","","","","public","139.8'","","7.0'","84''","","","Thomas Diggins","2005-04-02","","N"
"Eastern Hemlock","Tsuga canadensis","Ohio","Hocking","Hocking Hills SP, OH","","","","","9822","1","","","","public","140.1'","","","","","","Thomas Diggins","2005-04-02","","N"
"Eastern Hemlock","Tsuga canadensis","Ohio","Hocking","Hocking Hills SP, OH","","","","","9823","1","","","","public","143.7'","","9.6'","115''","","","Thomas Diggins","2005-04-02","","N"
"Eastern Hemlock","Tsuga canadensis","Ohio","Hocking","Hocking Hills SP, OH","","","","","9824","1","","","","public","144.7'","","12.0'","144''","","","Thomas Diggins","2005-04-02","","N"
"Eastern Hemlock","Tsuga canadensis","Ohio","Hocking","Hocking Hills SP, OH","","","","","18844","1","","","","public","149.8'","Clinometer/laser rangefinder/sine","10.8'","129''","","","Rand Brown","2011-01-17","","N"
"Eastern White Pine","Pinus strobus","Ohio","Hocking","Hocking Hills SP, OH","","","","","18842","1","","","","public","151.0'","Clinometer/laser rangefinder/sine","8.5'","102''","","","Rand Brown","2011-01-17","","N"
"Northern Red Oak","Quercus rubra","Ohio","Hocking","Hocking Hills SP, OH","","","","","9843","1","","","","public","110.5'","","6.7'","80''","","","Thomas Diggins","2005-04-02","","N"
"Northern Red Oak","Quercus rubra","Ohio","Hocking","Hocking Hills SP, OH","","","","","9844","1","","","","public","116.6'","","9.8'","117''","","","Thomas Diggins","2005-04-02","","N"
"Northern Red Oak","Quercus rubra","Ohio","Hocking","Hocking Hills SP, OH","","","","","9845","1","","","","public","123.5'","","6.7'","80''","","","Thomas Diggins","2005-04-02","","N"
"Northern Red Oak","Quercus rubra","Ohio","Hocking","Hocking Hills SP, OH","","","","","18846","1","","","","public","134.4'","Clinometer/laser rangefinder/sine","9.2'","110''","","","Rand Brown","2011-01-17","","N"
"Red Maple","Acer rubrum","Ohio","Hocking","Hocking Hills SP, OH","","","","","9849","1","","","","public","109.0'","","6.4'","77''","","","Thomas Diggins","2005-04-02","","N"
"Red Maple","Acer rubrum","Ohio","Hocking","Hocking Hills SP, OH","","","","","18849","1","","","","public","121.6'","Clinometer/laser rangefinder/sine","8.8'","105''","","","Rand Brown","2011-01-17","","N"
"Sugar Maple","Acer saccharum","Ohio","Hocking","Hocking Hills SP, OH","","","","","9841","1","","","","public","116.6'","","6.6'","79''","","","Thomas Diggins","2005-04-02","","N"
"Sugar Maple","Acer saccharum","Ohio","Hocking","Hocking Hills SP, OH","","","","","18848","1","","","","public","122.6'","Clinometer/laser rangefinder/sine","7.8'","94''","","","Rand Brown","2011-01-17","","N"
"Sweet Birch","Betula lenta","Ohio","Hocking","Hocking Hills SP, OH","","","","","9847","1","","","","public","101.5'","","","","","","Thomas Diggins","2005-04-02","","N"
"Tuliptree","Liriodendron tulipifera","Ohio","Hocking","Hocking Hills SP, OH","","","","","9827","1","","","","public","123.6'","","","","","","Thomas Diggins","2005-04-02","","N"
"Tuliptree","Liriodendron tulipifera","Ohio","Hocking","Hocking Hills SP, OH","","","","","9829","1","","","","public","131.4'","","","","","","Thomas Diggins","2005-04-02","","N"
"Tuliptree","Liriodendron tulipifera","Ohio","Hocking","Hocking Hills SP, OH","","","","","9828","1","","","","public","133.3'","","","","","","Thomas Diggins","2005-04-02","","N"
"Tuliptree","Liriodendron tulipifera","Ohio","Hocking","Hocking Hills SP, OH","","","","","9825","1","","","","public","139.4'","","6.1'","73''","","","Thomas Diggins","2005-04-02","","N"
"Tuliptree","Liriodendron tulipifera","Ohio","Hocking","Hocking Hills SP, OH","","","","","9826","1","","","","public","140.2'","","8.5'","102''","","","Thomas Diggins","2005-04-02","","N"
"Tuliptree","Liriodendron tulipifera","Ohio","Hocking","Hocking Hills SP, OH","","","","","9842","1","","","","public","140.5'","","5.3'","63''","","","Thomas Diggins","2005-04-02","","N"
"Tuliptree","Liriodendron tulipifera","Ohio","Hocking","Hocking Hills SP, OH","","","","","18841","1","","","","public","154.3'","Clinometer/laser rangefinder/sine","9.2'","110''","","","Rand Brown","2011-01-17","","N"
"Yellow Birch","Betula alleghaniensis","Ohio","Hocking","Hocking Hills SP, OH","","","","","9850","1","","","","public","88.2'","","7.6'","91''","","","Thomas Diggins","2005-04-02","","N"
"Tuliptree","Liriodendron tulipifera","Ohio","Hocking","Hocking Hills State Forest","","","","","162503","1","","","","public","156.0'","","","","","Spruce Run  drainage","Stefan Radivoyevitch","2017-11-07","","N"
"Eastern White Pine","Pinus strobus","Ohio","Hocking","Hocking Hills White Pine Rockets","","","","","9813","1","","","","Public - state","147.1'","","9.1'","109''","","","Randy Brown","2008-11-08","http%3A%2F%2Fwww.ents-bbs.org%2Fviewtopic.php%3Ff%3D111%26t%3D6994%23p32884","N"
"Eastern White Pine","Pinus strobus","Ohio","Hocking","Hocking Hills White Pine Rockets","","","","","9817","1","","","","Public - state","147.9'","","8.3'","99''","","","Randy Brown","2008-11-08","http%3A%2F%2Fwww.ents-bbs.org%2Fviewtopic.php%3Ff%3D111%26t%3D6994%23p32884","N"
"Eastern White Pine","Pinus strobus","Ohio","Hocking","Hocking Hills White Pine Rockets","","","","","9816","1","","","","Public - state","148.2'","","6.3'","75''","","","Randy Brown","2008-11-08","http%3A%2F%2Fwww.ents-bbs.org%2Fviewtopic.php%3Ff%3D111%26t%3D6994%23p32884","N"
"Eastern White Pine","Pinus strobus","Ohio","Hocking","Hocking Hills White Pine Rockets","","","","","9814","1","","","","Public - state","148.7'","","7.8'","93''","","","Randy Brown","2008-11-08","http%3A%2F%2Fwww.ents-bbs.org%2Fviewtopic.php%3Ff%3D111%26t%3D6994%23p32884","N"
"Eastern White Pine","Pinus strobus","Ohio","Hocking","Hocking Hills White Pine Rockets","","","","","9819","1","","","","Public - state","149.4'","","8.5'","102''","","","Randy Brown","2008-11-08","http%3A%2F%2Fwww.ents-bbs.org%2Fviewtopic.php%3Ff%3D111%26t%3D6994%23p32884","N"
"Eastern White Pine","Pinus strobus","Ohio","Hocking","Hocking Hills White Pine Rockets","","","","","169287","1","","","","Public - state","149.7'","Clinometer/laser rangefinder/sine","9.9'","119''","","","Rand Brown, Matt Markworth","2015-04-12","http%3A%2F%2Fwww.ents-bbs.org%2Fviewtopic.php%3Ff%3D111%26t%3D6994%23p32884","N"
"Eastern White Pine","Pinus strobus","Ohio","Hocking","Hocking Hills White Pine Rockets","","","","","169288","1","","","","Public - state","150.0'","Clinometer/laser rangefinder/sine","7.1'","85''","","Measured by Stefan Radiveyovitch on 11/27/2015","Rand Brown, Matt Markworth","2015-04-12","http%3A%2F%2Fwww.ents-bbs.org%2Fviewtopic.php%3Ff%3D111%26t%3D6994%23p32884","N"
"Eastern White Pine","Pinus strobus","Ohio","Hocking","Hocking Hills White Pine Rockets","","","","","9815","1","","","","Public - state","150.4'","","8.3'","100''","","","Randy Brown","2008-11-08","http%3A%2F%2Fwww.ents-bbs.org%2Fviewtopic.php%3Ff%3D111%26t%3D6994%23p32884","N"
"Eastern White Pine","Pinus strobus","Ohio","Hocking","Hocking Hills White Pine Rockets","","","","","9818","1","","","","Public - state","151.0'","","8.5'","102''","","","Randy Brown","2008-11-08","http%3A%2F%2Fwww.ents-bbs.org%2Fviewtopic.php%3Ff%3D111%26t%3D6994%23p32884","N"
"Eastern White Pine","Pinus strobus","Ohio","Hocking","Hocking Hills White Pine Rockets","","","","","169286","1","","","","Public - state","154.8'","Clinometer/laser rangefinder/sine","7.8'","93''","","","Rand Brown, Matt Markworth","2015-04-12","http%3A%2F%2Fwww.ents-bbs.org%2Fviewtopic.php%3Ff%3D111%26t%3D6994%23p32884","N"
"Eastern White Pine","Pinus strobus","Ohio","Hocking","Hocking Hills White Pine Rockets","","","","","169285","1","","","","Public - state","155.7'","Clinometer/laser rangefinder/sine","7.1'","85''","","","Rand Brown, Matt Markworth","2015-04-12","http%3A%2F%2Fwww.ents-bbs.org%2Fviewtopic.php%3Ff%3D111%26t%3D6994%23p32884","N"
"Eastern Hemlock","Tsuga canadensis","Ohio","Hocking","Hocking State Forest","","","This State Forest was started in 1924 and presently(2017) contains 9,600 acres.
Three State Nature Preserves are located in the State Forest. ConklesHollow (unrestricted access), Sheick and Little Rock Hollows (restricted access)","","162115","1","","","","Public-state","126.5'","Clinometer/laser rangefinder/sine","9.8'","118''","","","Matt Markworth","2015-01-11","http%3A%2F%2Fwww.ents-bbs.org%2Fviewtopic.php%3Ff%3D111%26t%3D6827","N"
"Eastern Hemlock","Tsuga canadensis","Ohio","Hocking","Hocking State Forest","","","This State Forest was started in 1924 and presently(2017) contains 9,600 acres.
Three State Nature Preserves are located in the State Forest. ConklesHollow (unrestricted access), Sheick and Little Rock Hollows (restricted access)","","162116","1","","","","Public-state","133.0'","Clinometer/laser rangefinder/sine","","","","","Matt Markworth","2015-01-11","http%3A%2F%2Fwww.ents-bbs.org%2Fviewtopic.php%3Ff%3D111%26t%3D6827","N"
"Eastern Hemlock","Tsuga canadensis","Ohio","Hocking","Hocking State Forest","","","This State Forest was started in 1924 and presently(2017) contains 9,600 acres.
Three State Nature Preserves are located in the State Forest. ConklesHollow (unrestricted access), Sheick and Little Rock Hollows (restricted access)","","162117","1","","","","Public-state","137.0'","Clinometer/laser rangefinder/sine","","","","","Matt Markworth","2015-01-11","http%3A%2F%2Fwww.ents-bbs.org%2Fviewtopic.php%3Ff%3D111%26t%3D6827","N"
"Northern Red Oak","Quercus rubra","Ohio","Hocking","Hocking State Forest","","","This State Forest was started in 1924 and presently(2017) contains 9,600 acres.
Three State Nature Preserves are located in the State Forest. ConklesHollow (unrestricted access), Sheick and Little Rock Hollows (restricted access)","","162114","1","","","","Public-state","146.0'","Clinometer/laser rangefinder/sine","8.5'","102''","","","Matt Markworth","2015-01-11","http%3A%2F%2Fwww.ents-bbs.org%2Fviewtopic.php%3Ff%3D111%26t%3D6827","N"
"Tuliptree","Liriodendron tulipifera","Ohio","Hocking","Hocking State Forest","","","This State Forest was started in 1924 and presently(2017) contains 9,600 acres.
Three State Nature Preserves are located in the State Forest. ConklesHollow (unrestricted access), Sheick and Little Rock Hollows (restricted access)","","162113","1","","","","Public-state","166.5'","Clinometer/laser rangefinder/sine","9.3'","111''","","","Matt Markworth","2015-01-11","http%3A%2F%2Fwww.ents-bbs.org%2Fviewtopic.php%3Ff%3D111%26t%3D6827","N"
"American Sycamore","Platanus occidentalis","Ohio","Huron","Along The Vermillion River","","","","","166432","1","","","","Public","121.0'","Clinometer/laser rangefinder/sine","","","","","Steve Galehouse","2010-12-11","http%3A%2F%2Fwww.ents-bbs.org%2Fviewtopic.php%3Ff%3D111%26t%3D1762%23p6380","N"
"Eastern Cottonwood","Populus deltoides","Ohio","Huron","Along The Vermillion River","","","","","166434","1","","","","Public","119.0'","Clinometer/laser rangefinder/sine","","","","","Steve Galehouse","2010-12-11","http%3A%2F%2Fwww.ents-bbs.org%2Fviewtopic.php%3Ff%3D111%26t%3D1762%23p6380","N"
"Eastern White Pine","Pinus strobus","Ohio","Huron","Along The Vermillion River","","","","","166431","1","","","","Public","105.0'","Clinometer/laser rangefinder/sine","","","","","Steve Galehouse","2010-12-11","http%3A%2F%2Fwww.ents-bbs.org%2Fviewtopic.php%3Ff%3D111%26t%3D1762%23p6380","N"
"Pin Oak","Quercus palustris","Ohio","Huron","Along The Vermillion River","","","","","166433","1","","","","Public","114.8'","Clinometer/laser rangefinder/sine","","","","","Steve Galehouse","2010-12-11","http%3A%2F%2Fwww.ents-bbs.org%2Fviewtopic.php%3Ff%3D111%26t%3D1762%23p6380","N"
"Tuliptree","Liriodendron tulipifera","Ohio","Huron","Along The Vermillion River","","","","","166430","1","","","","Public","143.8'","Clinometer/laser rangefinder/sine","","","","","Steve Galehouse","2010-12-11","http%3A%2F%2Fwww.ents-bbs.org%2Fviewtopic.php%3Ff%3D111%26t%3D1762%23p6380","N"
"White Ash","Fraxinus americana","Ohio","Huron","Along The Vermillion River","","","","","166435","1","","","","Public","106.0'","Clinometer/laser rangefinder/sine","","","","","Steve Galehouse","2010-12-11","http%3A%2F%2Fwww.ents-bbs.org%2Fviewtopic.php%3Ff%3D111%26t%3D1762%23p6380","N"
"American Beech","Fagus grandifolia","Ohio","Huron","Augusta-Anne Olsen State Nature Preserve","","","","","16272","1","","","","State","100.6'","Clinometer/laser rangefinder/sine","9.7'","116''","","","Steve Galehouse","2011-10-25","","N"
"American Chestnut","Castanea dentata","Ohio","Huron","Augusta-Anne Olsen State Nature Preserve","","","","","16276","1","","","","State","69.5'","Clinometer/laser rangefinder/sine","2.9'","35''","","","Steve Galehouse","2011-10-25","","N"
"American Sycamore","Platanus occidentalis","Ohio","Huron","Augusta-Anne Olsen State Nature Preserve","","","","","16270","1","","","","State","105.5'","Clinometer/laser rangefinder/sine","","","","","Steve Galehouse","2011-10-25","","N"
"Bitternut Hickory","Carya cordiformis","Ohio","Huron","Augusta-Anne Olsen State Nature Preserve","","","","","16266","1","","","","State","122.0'","Clinometer/laser rangefinder/sine","","","","","Steve Galehouse","2011-10-25","","N"
"Eastern Cottonwood","Populus deltoides","Ohio","Huron","Augusta-Anne Olsen State Nature Preserve","","","","","16268","1","","","","State","116.9'","Clinometer/laser rangefinder/sine","","","","","Steve Galehouse","2011-10-25","","N"
"Northern Red Oak","Quercus rubra","Ohio","Huron","Augusta-Anne Olsen State Nature Preserve","","","","","16267","1","","","","State","100.5'","Clinometer/laser rangefinder/sine","12.3'","147''","","","Steve Galehouse","2011-10-25","","N"
"Ohio Buckeye","Aesculus glabra","Ohio","Huron","Augusta-Anne Olsen State Nature Preserve","","","","","16274","1","","","","State","80.0'","Clinometer/laser rangefinder/sine","5.7'","68''","","","Steve Galehouse","2011-10-25","","N"
"Pignut Hickory","Carya glabra","Ohio","Huron","Augusta-Anne Olsen State Nature Preserve","","","","","16271","1","","","","State","109.9'","Clinometer/laser rangefinder/sine","6.2'","74''","","","Steve Galehouse","2011-10-25","","N"
"Sassafras","Sassafras albidum","Ohio","Huron","Augusta-Anne Olsen State Nature Preserve","","","","","16265","1","","","","State","90.5'","Clinometer/laser rangefinder/sine","10.5'","126''","","","Steve Galehouse","2011-10-25","","N"
"Sugar Maple","Acer saccharum","Ohio","Huron","Augusta-Anne Olsen State Nature Preserve","","","","","16264","1","","","","State","101.0'","Clinometer/laser rangefinder/sine","12.1'","145''","","","Steve Galehouse","2011-10-25","","N"
"Tuliptree","Liriodendron tulipifera","Ohio","Huron","Augusta-Anne Olsen State Nature Preserve","","","","","16275","1","","","","State","126.9'","Clinometer/laser rangefinder/sine","","","","","Steve Galehouse","2011-10-25","","N"
"White Ash","Fraxinus americana","Ohio","Huron","Augusta-Anne Olsen State Nature Preserve","","","","","16273","1","","","","State","111.5'","Clinometer/laser rangefinder/sine","8.4'","101''","","","Steve Galehouse","2011-10-25","","N"
"White Oak","Quercus alba","Ohio","Huron","Augusta-Anne Olsen State Nature Preserve","","","","","16269","1","","","","State","104.8'","Clinometer/laser rangefinder/sine","12.0'","144''","","","Steve Galehouse","2011-10-25","","N"
"Cedar Of Lebanon","Cedrus libani","Ohio","Huron","Schoepfle Garden","","","","","282392","1","","","","Public","67.0'","Clinometer/laser rangefinder/sine","7.3'","88''","","Circumference taken below large limb. !.0 ' ?","Steve Galehouse","2010-12-11","http%3A%2F%2Fwww.ents-bbs.org%2Fviewtopic.php%3Ff%3D111%26t%3D1762%23p6380","N"
"Dawn Redwood","Metasequoia glyptostroboides","Ohio","Huron","Schoepfle Garden","","","","","282390","1","","","","Public","77.0'","Clinometer/laser rangefinder/sine","13.8'","166''","","","Steve Galehouse","2010-12-11","http%3A%2F%2Fwww.ents-bbs.org%2Fviewtopic.php%3Ff%3D111%26t%3D1762%23p6380","N"
"Japanese Umbrella Pine","Sciadopitys verticillata","Ohio","Huron","Schoepfle Garden","","","","","282393","1","","","","Public","30.4'","Clinometer/laser rangefinder/sine","2.3'","28''","","Largest of three stems.","Steve Galehouse","2010-12-11","http%3A%2F%2Fwww.ents-bbs.org%2Fviewtopic.php%3Ff%3D111%26t%3D1762%23p6380","N"
"Paperbark Maple","Acer griseum","Ohio","Huron","Schoepfle Garden","","","","","282389","1","","","","Public","29.4'","Clinometer/laser rangefinder/sine","4.5'","54''","","Circumference taken at 2 2/3'","Steve Galehouse","2010-12-11","http%3A%2F%2Fwww.ents-bbs.org%2Fviewtopic.php%3Ff%3D111%26t%3D1762%23p6380","N"
"Swiss Stone Pine","Pinus cembra","Ohio","Huron","Schoepfle Garden","","","","","282391","1","","","","Public","40.8'","Clinometer/laser rangefinder/sine","7.0'","84''","","Circumference taken 2 /2'.
Swiss province?","Steve Galehouse","2010-12-11","http%3A%2F%2Fwww.ents-bbs.org%2Fviewtopic.php%3Ff%3D111%26t%3D1762%23p6380","N"
"Eastern Hemlock","Tsuga canadensis","Ohio","Jackson","Lake Katherine Nature Preserve","","","","","196226","1","","","","public","112.0'","Clinometer/laser rangefinder/sine","","","","","Stefan Radivoyevitch","2019-11-20","","N"
"Eastern Hemlock","Tsuga canadensis","Ohio","Jackson","Lake Katherine Nature Preserve","","","","","196227","1","","","","public","114.0'","Clinometer/laser rangefinder/sine","","","","","Stefan Radivoyevitch","2019-11-20","","N"
"Eastern Hemlock","Tsuga canadensis","Ohio","Jackson","Lake Katherine Nature Preserve","","","","","196225","1","","","","public","137.0'","Clinometer/laser rangefinder/sine","","","","","Stefan Radivoyevitch","2019-11-20","","N"
"Silver Maple","Acer saccharinum","Ohio","Lake","2330 River Road","41 36.759","-081 24.809","A small 4 acre farm tract from the early 1900's on the west edge of the Chagrin River. About 2 miles north of North Chagrin Reservation.","","15964","1","41 36.759","-081 24.809","","Private","101.6'","Clinometer/laser rangefinder/sine","19.2'","230''","120.1'","A large mass of tree split and landed on the house 2011. Unfortunately most of the tree fell, and the rest was cut down to the stump.","Daniel Reed, Steve Galehouse, Will Blozan","2011-09-05","","N"
"Black Cherry","Prunus serotina","Ohio","Lake","Hatch Otis Sanctuary","","","111 acres claimed as ""virgin"" woodland. The site has some nice trees but the site was rather disappointing. It is an obvious stand of ""mature"" second growth from a field. Just one small ravine appeared to harbor the native climax composition with some mature hemlock, beech, maple, and a cucumber.","","15965","1","","","","Public","","Clinometer/laser rangefinder/sine","8.8'","106''","","","Daniel Reed, Steve Galehouse, Will Blozan","2011-09-05","","N"
"Eastern Hemlock","Tsuga canadensis","Ohio","Lake","Hatch Otis Sanctuary","41 35.363","-081 24.581","111 acres claimed as ""virgin"" woodland. The site has some nice trees but the site was rather disappointing. It is an obvious stand of ""mature"" second growth from a field. Just one small ravine appeared to harbor the native climax composition with some mature hemlock, beech, maple, and a cucumber.","","15966","1","41 35.363","-081 24.581","","Public","134.4'","Clinometer/laser rangefinder/sine","10.1'","121''","44.1'","","Daniel Reed, Steve Galehouse, Will Blozan","2011-09-05","","N"
"Sassafras","Sassafras albidum","Ohio","Lake","Hatch Otis Sanctuary","","","111 acres claimed as ""virgin"" woodland. The site has some nice trees but the site was rather disappointing. It is an obvious stand of ""mature"" second growth from a field. Just one small ravine appeared to harbor the native climax composition with some mature hemlock, beech, maple, and a cucumber.","","15968","1","","","","Public","","Clinometer/laser rangefinder/sine","7.5'","90''","","","Daniel Reed, Steve Galehouse, Will Blozan","2011-09-05","","N"
"White Ash","Fraxinus americana","Ohio","Lake","Hatch Otis Sanctuary","","","111 acres claimed as ""virgin"" woodland. The site has some nice trees but the site was rather disappointing. It is an obvious stand of ""mature"" second growth from a field. Just one small ravine appeared to harbor the native climax composition with some mature hemlock, beech, maple, and a cucumber.","","15967","1","","","","Public","","Clinometer/laser rangefinder/sine","9.6'","115''","","","Daniel Reed, Steve Galehouse, Will Blozan","2011-09-05","","N"
"American Beech","Fagus grandifolia","Ohio","Lake","Holden Arboretum, Ohio","","","","","9811","1","","","","public","84.4'","","11.7'","140''","","","Edward Frank","2007-09-20","http%3A%2F%2Fwww.nativetreesociety.org%2Ffieldtrips%2Fohio%2Fholden%2Fholden_arboretum.htm","N"
"American Beech","Fagus grandifolia","Ohio","Lake","Holden Arboretum, Ohio","","","","","9807","1","","","","public","92.8'","","6.5'","78''","","","Edward Frank","2007-09-20","http%3A%2F%2Fwww.nativetreesociety.org%2Ffieldtrips%2Fohio%2Fholden%2Fholden_arboretum.htm","N"
"Black Cherry","Prunus serotina","Ohio","Lake","Holden Arboretum, Ohio","","","","","9804","1","","","","public","104.0'","","9.0'","108''","","","Edward Frank","2007-09-20","http%3A%2F%2Fwww.nativetreesociety.org%2Ffieldtrips%2Fohio%2Fholden%2Fholden_arboretum.htm","N"
"Black Walnut","Juglans nigra","Ohio","Lake","Holden Arboretum, Ohio","","","","","9799","1","","","","public","126.9'","","11.2'","134''","","","Edward Frank","2007-09-20","http%3A%2F%2Fwww.nativetreesociety.org%2Ffieldtrips%2Fohio%2Fholden%2Fholden_arboretum.htm","N"
"Blackgum","Nyssa sylvatica","Ohio","Lake","Holden Arboretum, Ohio","","","","","9808","1","","","","public","101.0'","","8.3'","100''","","","Edward Frank","2007-09-20","http%3A%2F%2Fwww.nativetreesociety.org%2Ffieldtrips%2Fohio%2Fholden%2Fholden_arboretum.htm","N"
"Eastern Hemlock","Tsuga canadensis","Ohio","Lake","Holden Arboretum, Ohio","","","","","9803","1","","","","public","113.0'","","10.0'","119''","","","Edward Frank","2007-09-20","http%3A%2F%2Fwww.nativetreesociety.org%2Ffieldtrips%2Fohio%2Fholden%2Fholden_arboretum.htm","N"
"Eastern White Pine","Pinus strobus","Ohio","Lake","Holden Arboretum, Ohio","","","","","9801","1","","","","public","120.6'","","7.8'","94''","","","Edward Frank","2007-09-20","http%3A%2F%2Fwww.nativetreesociety.org%2Ffieldtrips%2Fohio%2Fholden%2Fholden_arboretum.htm","N"
"Eastern White Pine","Pinus strobus","Ohio","Lake","Holden Arboretum, Ohio","","","","","9802","1","","","","public","121.4'","","8.7'","104''","","","Edward Frank","2007-09-20","http%3A%2F%2Fwww.nativetreesociety.org%2Ffieldtrips%2Fohio%2Fholden%2Fholden_arboretum.htm","N"
"Eastern White Pine","Pinus strobus","Ohio","Lake","Holden Arboretum, Ohio","","","","","9805","1","","","","public","129.0'","","11.0'","132''","","","Edward Frank","2007-09-20","http%3A%2F%2Fwww.nativetreesociety.org%2Ffieldtrips%2Fohio%2Fholden%2Fholden_arboretum.htm","N"
"Northern Red Oak","Quercus rubra","Ohio","Lake","Holden Arboretum, Ohio","","","","","9806","1","","","","public","96.5'","","12.0'","144''","","","Edward Frank","2007-09-20","http%3A%2F%2Fwww.nativetreesociety.org%2Ffieldtrips%2Fohio%2Fholden%2Fholden_arboretum.htm","N"
"Sugar Maple","Acer saccharum","Ohio","Lake","Holden Arboretum, Ohio","","","","","9810","1","","","","public","102.7'","","10.4'","125''","","","Edward Frank","2007-09-20","http%3A%2F%2Fwww.nativetreesociety.org%2Ffieldtrips%2Fohio%2Fholden%2Fholden_arboretum.htm","N"
"White Ash","Fraxinus americana","Ohio","Lake","Holden Arboretum, Ohio","","","","","9812","1","","","","public","","","9.8'","117''","","","Edward Frank","2007-09-20","http%3A%2F%2Fwww.nativetreesociety.org%2Ffieldtrips%2Fohio%2Fholden%2Fholden_arboretum.htm","N"
"White Oak","Quercus alba","Ohio","Lake","Holden Arboretum, Ohio","","","","","9800","1","","","","public","89.3'","","13.2'","158''","","","Edward Frank","2007-09-20","http%3A%2F%2Fwww.nativetreesociety.org%2Ffieldtrips%2Fohio%2Fholden%2Fholden_arboretum.htm","N"
"White Oak","Quercus alba","Ohio","Lake","Holden Arboretum, Ohio","","","","","9809","1","","","","public","101.0'","","14.0'","168''","","","Edward Frank","2007-09-20","http%3A%2F%2Fwww.nativetreesociety.org%2Ffieldtrips%2Fohio%2Fholden%2Fholden_arboretum.htm","N"
"American Basswood","Tilia americana","Ohio","Lake","North Chagrin Reservation (Forest Only)","","","","","16018","1","","","","public","","Clinometer/laser rangefinder/sine","6.6'","79''","","","Daniel Reed, Steve Galehouse, Will Blozan","2011-09-05","","N"
"American Basswood","Tilia americana","Ohio","Lake","North Chagrin Reservation (Forest Only)","","","","","16012","1","","","","public","97.0'","Clinometer/laser rangefinder/sine","","","","","Daniel Reed, Steve Galehouse, Will Blozan","2011-09-05","","N"
"American Basswood","Tilia americana","Ohio","Lake","North Chagrin Reservation (Forest Only)","41 33.435","-081 25.402","","","16064","1","41 33.435","-081 25.402","","public","112.5'","Clinometer/laser rangefinder/sine","8.8'","106''","","","Daniel Reed, Steve Galehouse, Will Blozan","2011-09-05","","N"
"American Beech","Fagus grandifolia","Ohio","Lake","North Chagrin Reservation (Forest Only)","41 34.558","-081 25.756","","","16073","1","41 34.558","-081 25.756","","public","","Clinometer/laser rangefinder/sine","12.5'","150''","","","Daniel Reed, Steve Galehouse, Will Blozan","2011-09-05","","N"
"American Beech","Fagus grandifolia","Ohio","Lake","North Chagrin Reservation (Forest Only)","41 34.003","-081 25.387","","","16003","1","41 34.003","-081 25.387","","public","114.1'","Clinometer/laser rangefinder/sine","11.2'","134''","","","Daniel Reed, Steve Galehouse, Will Blozan","2011-09-05","","N"
"American Beech","Fagus grandifolia","Ohio","Lake","North Chagrin Reservation (Forest Only)","","","","","16053","1","","","","public","117.0'","Clinometer/laser rangefinder/sine","11.6'","139''","","","Daniel Reed, Steve Galehouse, Will Blozan","2011-09-05","","N"
"American Beech","Fagus grandifolia","Ohio","Lake","North Chagrin Reservation (Forest Only)","","","","","16049","1","","","","public","118.0'","Clinometer/laser rangefinder/sine","10.5'","126''","","","Daniel Reed, Steve Galehouse, Will Blozan","2011-09-05","","N"
"American Beech","Fagus grandifolia","Ohio","Lake","North Chagrin Reservation (Forest Only)","","","","","15980","1","","","","public","119.2'","Clinometer/laser rangefinder/sine","13.1'","157''","61.6'","","Daniel Reed, Steve Galehouse, Will Blozan","2011-09-05","","N"
"American Beech","Fagus grandifolia","Ohio","Lake","North Chagrin Reservation (Forest Only)","","","","","16043","1","","","","public","120.0'","Clinometer/laser rangefinder/sine","10.9'","131''","","","Daniel Reed, Steve Galehouse, Will Blozan","2011-09-05","","N"
"American Beech","Fagus grandifolia","Ohio","Lake","North Chagrin Reservation (Forest Only)","41 33.854","-081 25.482","","","16034","1","41 33.854","-081 25.482","","public","122.5'","Clinometer/laser rangefinder/sine","12.8'","153''","","","Daniel Reed, Steve Galehouse, Will Blozan","2011-09-05","","N"
"American Beech","Fagus grandifolia","Ohio","Lake","North Chagrin Reservation (Forest Only)","","","","","16006","1","","","","public","127.7'","Clinometer/laser rangefinder/sine","7.1'","85''","","","Daniel Reed, Steve Galehouse, Will Blozan","2011-09-05","","N"
"American Chestnut","Castanea dentata","Ohio","Lake","North Chagrin Reservation (Forest Only)","","","","","16039","1","","","","public","","Clinometer/laser rangefinder/sine","11.7'","140''","","Stump @ 2.5'","Daniel Reed, Steve Galehouse, Will Blozan","2011-09-05","","N"
"American Chestnut","Castanea dentata","Ohio","Lake","North Chagrin Reservation (Forest Only)","","","","","16040","1","","","","public","","Clinometer/laser rangefinder/sine","14.7'","176''","","stump @ 2.5'","Daniel Reed, Steve Galehouse, Will Blozan","2011-09-05","","N"
"American Elm","Ulmus americana","Ohio","Lake","North Chagrin Reservation (Forest Only)","","","","","16002","1","","","","public","125.7'","Clinometer/laser rangefinder/sine","8.7'","104''","","","Daniel Reed, Steve Galehouse, Will Blozan","2011-09-05","","N"
"American Sycamore","Platanus occidentalis","Ohio","Lake","North Chagrin Reservation (Forest Only)","41 34.274","-081 25.440","","","15996","1","41 34.274","-081 25.440","","public","116.0'","Clinometer/laser rangefinder/sine","9.3'","112''","","","Daniel Reed, Steve Galehouse, Will Blozan","2011-09-05","","N"
"American Sycamore","Platanus occidentalis","Ohio","Lake","North Chagrin Reservation (Forest Only)","","","","","16022","1","","","","public","118.5'","Clinometer/laser rangefinder/sine","7.4'","89''","52.5'","","Daniel Reed, Steve Galehouse, Will Blozan","2011-09-05","","N"
"Bigtooth Aspen","Populus grandidentata","Ohio","Lake","North Chagrin Reservation (Forest Only)","","","","","166956","1","","","","public","118.0'","Clinometer/laser rangefinder/sine","4.8'","58''","","","Stefan Radivoyevitch","2017-04-04","","N"
"Bitternut Hickory","Carya cordiformis","Ohio","Lake","North Chagrin Reservation (Forest Only)","","","","","16008","1","","","","public","133.0'","Clinometer/laser rangefinder/sine","","","","","Daniel Reed, Steve Galehouse, Will Blozan","2011-09-05","","N"
"Black Ash","Fraxinus nigra","Ohio","Lake","North Chagrin Reservation (Forest Only)","","","","","16016","1","","","","public","106.8'","Clinometer/laser rangefinder/sine","6.7'","80''","","","Daniel Reed, Steve Galehouse, Will Blozan","2011-09-05","","N"
"Black Ash","Fraxinus nigra","Ohio","Lake","North Chagrin Reservation (Forest Only)","","","","","16024","1","","","","public","107.8'","Clinometer/laser rangefinder/sine","8.4'","101''","","","Daniel Reed, Steve Galehouse, Will Blozan","2011-09-05","","N"
"Black Cherry","Prunus serotina","Ohio","Lake","North Chagrin Reservation (Forest Only)","","","","","16029","1","","","","public","92.6'","Clinometer/laser rangefinder/sine","8.5'","102''","","","Daniel Reed, Steve Galehouse, Will Blozan","2011-09-05","","N"
"Black Cherry","Prunus serotina","Ohio","Lake","North Chagrin Reservation (Forest Only)","41 33.864","-081 25.577","","","16036","1","41 33.864","-081 25.577","","public","108.0'","Clinometer/laser rangefinder/sine","8.8'","105''","","","Daniel Reed, Steve Galehouse, Will Blozan","2011-09-05","","N"
"Black Cherry","Prunus serotina","Ohio","Lake","North Chagrin Reservation (Forest Only)","41 33.414","-081 25.473","","","16062","1","41 33.414","-081 25.473","","public","115.0'","Clinometer/laser rangefinder/sine","9.3'","112''","","","Daniel Reed, Steve Galehouse, Will Blozan","2011-09-05","","N"
"Black Cherry","Prunus serotina","Ohio","Lake","North Chagrin Reservation (Forest Only)","","","","","16013","1","","","","public","119.5'","Clinometer/laser rangefinder/sine","7.4'","89''","","","Daniel Reed, Steve Galehouse, Will Blozan","2011-09-05","","N"
"Black Cherry","Prunus serotina","Ohio","Lake","North Chagrin Reservation (Forest Only)","41 34.003","-081 25.387","","","15976","1","41 34.003","-081 25.387","","public","123.3'","Clinometer/laser rangefinder/sine","10.1'","121''","","The entire tree is 12' 7"" circumference, but this is double pith. The tree does not fork until about 10-15' up.","Daniel Reed, Steve Galehouse, Will Blozan","2011-09-05","","N"
"Black Walnut","Juglans nigra","Ohio","Lake","North Chagrin Reservation (Forest Only)","","","","","16081","1","","","","public","","Clinometer/laser rangefinder/sine","10.7'","128''","","","Daniel Reed, Steve Galehouse, Will Blozan","2011-09-05","","N"
"Black Walnut","Juglans nigra","Ohio","Lake","North Chagrin Reservation (Forest Only)","","","","","16041","1","","","","public","94.0'","Clinometer/laser rangefinder/sine","8.3'","100''","","","Daniel Reed, Steve Galehouse, Will Blozan","2011-09-05","","N"
"Black Walnut","Juglans nigra","Ohio","Lake","North Chagrin Reservation (Forest Only)","41 34.229","-081 25.335","","","15982","1","41 34.229","-081 25.335","","public","124.0'","Clinometer/laser rangefinder/sine","8.3'","100''","","1st visit: 123.2. 2nd visit: 124.03'","Daniel Reed, Steve Galehouse, Will Blozan","2011-09-05","","N"
"Blackgum","Nyssa sylvatica","Ohio","Lake","North Chagrin Reservation (Forest Only)","41 34.292","-081 25.556","","","16078","1","41 34.292","-081 25.556","","public","","Clinometer/laser rangefinder/sine","8.8'","106''","","","Daniel Reed, Steve Galehouse, Will Blozan","2011-09-05","","N"
"Blackgum","Nyssa sylvatica","Ohio","Lake","North Chagrin Reservation (Forest Only)","","","","","16023","1","","","","public","100.5'","Clinometer/laser rangefinder/sine","9.5'","114''","","","Daniel Reed, Steve Galehouse, Will Blozan","2011-09-05","","N"
"Blackgum","Nyssa sylvatica","Ohio","Lake","North Chagrin Reservation (Forest Only)","","","","","15995","1","","","","public","101.0'","Clinometer/laser rangefinder/sine","9.6'","115''","","","Daniel Reed, Steve Galehouse, Will Blozan","2011-09-05","","N"
"Blackgum","Nyssa sylvatica","Ohio","Lake","North Chagrin Reservation (Forest Only)","","","","","16026","1","","","","public","106.5'","Clinometer/laser rangefinder/sine","9.3'","111''","","","Daniel Reed, Steve Galehouse, Will Blozan","2011-09-05","","N"
"Blackgum","Nyssa sylvatica","Ohio","Lake","North Chagrin Reservation (Forest Only)","41 33.354","-081 25.403","","","16058","1","41 33.354","-081 25.403","","public","111.0'","Clinometer/laser rangefinder/sine","11.5'","138''","","","Daniel Reed, Steve Galehouse, Will Blozan","2011-09-05","","N"
"Blackgum","Nyssa sylvatica","Ohio","Lake","North Chagrin Reservation (Forest Only)","","","","","15973","1","","","","public","115.7'","Clinometer/laser rangefinder/sine","10.6'","127''","48.4'","","Daniel Reed, Steve Galehouse, Will Blozan","2011-09-05","","N"
"Blackgum","Nyssa sylvatica","Ohio","Lake","North Chagrin Reservation (Forest Only)","41 33.817","-081 25.435","","","16019","1","41 33.817","-081 25.435","","public","127.5'","Clinometer/laser rangefinder/sine","10.1'","121''","71.0'","","Daniel Reed, Steve Galehouse, Will Blozan","2011-09-05","","N"
"Butternut","Juglans cinerea","Ohio","Lake","North Chagrin Reservation (Forest Only)","","","","","15984","1","","","","public","","Clinometer/laser rangefinder/sine","8.2'","98''","","","Daniel Reed, Steve Galehouse, Will Blozan","2011-09-05","","N"
"Cucumber-Tree","Magnolia acuminata","Ohio","Lake","North Chagrin Reservation (Forest Only)","","","","","16032","1","","","","public","97.9'","Clinometer/laser rangefinder/sine","8.3'","100''","","","Daniel Reed, Steve Galehouse, Will Blozan","2011-09-05","","N"
"Cucumber-Tree","Magnolia acuminata","Ohio","Lake","North Chagrin Reservation (Forest Only)","41 34.051","-081 25.444","","","16070","1","41 34.051","-081 25.444","","public","100.5'","Clinometer/laser rangefinder/sine","9.3'","112''","","","Daniel Reed, Steve Galehouse, Will Blozan","2011-09-05","","N"
"Cucumber-Tree","Magnolia acuminata","Ohio","Lake","North Chagrin Reservation (Forest Only)","41 33.869","-081 25.488","","","15994","1","41 33.869","-081 25.488","","public","107.5'","Clinometer/laser rangefinder/sine","10.7'","128''","39.5'","","Daniel Reed, Steve Galehouse, Will Blozan","2011-09-05","","N"
"Cucumber-Tree","Magnolia acuminata","Ohio","Lake","North Chagrin Reservation (Forest Only)","","","","","16052","1","","","","public","108.0'","Clinometer/laser rangefinder/sine","9.8'","117''","","","Daniel Reed, Steve Galehouse, Will Blozan","2011-09-05","","N"
"Cucumber-Tree","Magnolia acuminata","Ohio","Lake","North Chagrin Reservation (Forest Only)","41 33.447","-081 25.305","","","16063","1","41 33.447","-081 25.305","","public","109.5'","Clinometer/laser rangefinder/sine","8.3'","100''","","","Daniel Reed, Steve Galehouse, Will Blozan","2011-09-05","","N"
"Cucumber-Tree","Magnolia acuminata","Ohio","Lake","North Chagrin Reservation (Forest Only)","","","","","16046","1","","","","public","118.5'","Clinometer/laser rangefinder/sine","9.5'","114''","","","Daniel Reed, Steve Galehouse, Will Blozan","2011-09-05","","N"
"Cucumber-Tree","Magnolia acuminata","Ohio","Lake","North Chagrin Reservation (Forest Only)","41 34.290","-081 25.492","","","16076","1","41 34.290","-081 25.492","","public","119.5'","Clinometer/laser rangefinder/sine","8.8'","105''","","","Daniel Reed, Steve Galehouse, Will Blozan","2011-09-05","","N"
"Eastern Cottonwood","Populus deltoides","Ohio","Lake","North Chagrin Reservation (Forest Only)","","","","","16007","1","","","","public","125.7'","Clinometer/laser rangefinder/sine","10.5'","126''","","","Daniel Reed, Steve Galehouse, Will Blozan","2011-09-05","","N"
"Eastern Hemlock","Tsuga canadensis","Ohio","Lake","North Chagrin Reservation (Forest Only)","","","","","16030","1","","","","public","106.5'","Clinometer/laser rangefinder/sine","8.4'","101''","","","Daniel Reed, Steve Galehouse, Will Blozan","2011-09-05","","N"
"Eastern Hemlock","Tsuga canadensis","Ohio","Lake","North Chagrin Reservation (Forest Only)","","","","","16027","1","","","","public","107.5'","Clinometer/laser rangefinder/sine","8.2'","98''","","","Daniel Reed, Steve Galehouse, Will Blozan","2011-09-05","","N"
"Eastern Hemlock","Tsuga canadensis","Ohio","Lake","North Chagrin Reservation (Forest Only)","41 33.890","-081 25.455","","","16025","1","41 33.890","-081 25.455","","public","109.9'","Clinometer/laser rangefinder/sine","8.1'","97''","","","Daniel Reed, Steve Galehouse, Will Blozan","2011-09-05","","N"
"Eastern Hemlock","Tsuga canadensis","Ohio","Lake","North Chagrin Reservation (Forest Only)","41 33.917","-081 25.562","","","16038","1","41 33.917","-081 25.562","","public","111.8'","Clinometer/laser rangefinder/sine","10.3'","124''","34.6'","","Daniel Reed, Steve Galehouse, Will Blozan","2011-09-05","","N"
"Eastern Hemlock","Tsuga canadensis","Ohio","Lake","North Chagrin Reservation (Forest Only)","","","","","15972","1","","","","public","117.0'","Clinometer/laser rangefinder/sine","9.1'","109''","36.1'","","Daniel Reed, Steve Galehouse, Will Blozan","2011-09-05","","N"
"Eastern Hemlock","Tsuga canadensis","Ohio","Lake","North Chagrin Reservation (Forest Only)","","","","","16005","1","","","","public","123.1'","Clinometer/laser rangefinder/sine","9.1'","109''","38.3'","","Daniel Reed, Steve Galehouse, Will Blozan","2011-09-05","","N"
"Eastern Hemlock","Tsuga canadensis","Ohio","Lake","North Chagrin Reservation (Forest Only)","","","","","16021","1","","","","public","125.5'","Clinometer/laser rangefinder/sine","6.8'","81''","33.8'","","Daniel Reed, Steve Galehouse, Will Blozan","2011-09-05","","N"
"Eastern Hemlock","Tsuga canadensis","Ohio","Lake","North Chagrin Reservation (Forest Only)","41 33.846","-081 25.477","","","16033","1","41 33.846","-081 25.477","","public","127.8'","Clinometer/laser rangefinder/sine","8.3'","100''","","","Daniel Reed, Steve Galehouse, Will Blozan","2011-09-05","","N"
"Eastern Hemlock","Tsuga canadensis","Ohio","Lake","North Chagrin Reservation (Forest Only)","","","","","16017","1","","","","public","131.7'","Clinometer/laser rangefinder/sine","6.9'","83''","40.0'","","Daniel Reed, Steve Galehouse, Will Blozan","2011-09-05","","N"
"Eastern Hemlock","Tsuga canadensis","Ohio","Lake","North Chagrin Reservation (Forest Only)","41 33.868","-081 25.569","","","16035","1","41 33.868","-081 25.569","","public","136.0'","Clinometer/laser rangefinder/sine","7.0'","84''","","","Daniel Reed, Steve Galehouse, Will Blozan","2011-09-05","","N"
"Eastern White Pine","Pinus strobus","Ohio","Lake","North Chagrin Reservation (Forest Only)","","","","","15971","1","","","","public","101.8'","Clinometer/laser rangefinder/sine","8.7'","104''","40.6'","","Daniel Reed, Steve Galehouse, Will Blozan","2011-09-05","","N"
"Eastern White Pine","Pinus strobus","Ohio","Lake","North Chagrin Reservation (Forest Only)","","","","","16009","1","","","","public","118.8'","Clinometer/laser rangefinder/sine","6.8'","82''","","","Daniel Reed, Steve Galehouse, Will Blozan","2011-09-05","","N"
"Mockernut Hickory","Carya tomentosa","Ohio","Lake","North Chagrin Reservation (Forest Only)","","","","","16010","1","","","","public","103.8'","Clinometer/laser rangefinder/sine","6.8'","82''","","","Daniel Reed, Steve Galehouse, Will Blozan","2011-09-05","","N"
"Northern Fox Grape (Vine)","Vitis labrusca","Ohio","Lake","North Chagrin Reservation (Forest Only)","","","","","15985","1","","","","public","","Clinometer/laser rangefinder/sine","2.1'","25''","","","Daniel Reed, Steve Galehouse, Will Blozan","2011-09-05","","N"
"Northern Red Oak","Quercus rubra","Ohio","Lake","North Chagrin Reservation (Forest Only)","41 33.930","-081 25.561","","","16037","1","41 33.930","-081 25.561","","public","84.0'","Clinometer/laser rangefinder/sine","14.8'","177''","","Stunted height (crown severely burned and damaged by a lightning strike)","Daniel Reed, Steve Galehouse, Will Blozan","2011-09-05","","N"
"Northern Red Oak","Quercus rubra","Ohio","Lake","North Chagrin Reservation (Forest Only)","","","","","16050","1","","","","public","109.5'","Clinometer/laser rangefinder/sine","14.2'","170''","","","Daniel Reed, Steve Galehouse, Will Blozan","2011-09-05","","N"
"Northern Red Oak","Quercus rubra","Ohio","Lake","North Chagrin Reservation (Forest Only)","41 34.153","-081 25.305","","","16066","1","41 34.153","-081 25.305","","public","112.1'","Clinometer/laser rangefinder/sine","16.3'","195''","","","Daniel Reed, Steve Galehouse, Will Blozan","2011-09-05","","N"
"Northern Red Oak","Quercus rubra","Ohio","Lake","North Chagrin Reservation (Forest Only)","","","","","16028","1","","","","public","112.9'","Clinometer/laser rangefinder/sine","13.0'","156''","","","Daniel Reed, Steve Galehouse, Will Blozan","2011-09-05","","N"
"Northern Red Oak","Quercus rubra","Ohio","Lake","North Chagrin Reservation (Forest Only)","","","","","16054","1","","","","public","117.0'","Clinometer/laser rangefinder/sine","15.1'","181''","","","Daniel Reed, Steve Galehouse, Will Blozan","2011-09-05","","N"
"Northern Red Oak","Quercus rubra","Ohio","Lake","North Chagrin Reservation (Forest Only)","41 33.356","-081 25.365","","","16057","1","41 33.356","-081 25.365","","public","118.5'","Clinometer/laser rangefinder/sine","17.4'","209''","","","Daniel Reed, Steve Galehouse, Will Blozan","2011-09-05","","N"
"Northern Red Oak","Quercus rubra","Ohio","Lake","North Chagrin Reservation (Forest Only)","41 33.836","-081 25.531","","","15970","1","41 33.836","-081 25.531","","public","121.5'","Clinometer/laser rangefinder/sine","18.2'","218''","72.5'","","Daniel Reed, Steve Galehouse, Will Blozan","2011-09-05","","N"
"Northern Red Oak","Quercus rubra","Ohio","Lake","North Chagrin Reservation (Forest Only)","41 33.340","-081 25.433","","","16056","1","41 33.340","-081 25.433","","public","123.3'","Clinometer/laser rangefinder/sine","17.7'","212''","","","Daniel Reed, Steve Galehouse, Will Blozan","2011-09-05","","N"
"Northern Red Oak","Quercus rubra","Ohio","Lake","North Chagrin Reservation (Forest Only)","","","","","15969","1","","","","public","126.0'","Clinometer/laser rangefinder/sine","18.3'","219''","81.3'","","Daniel Reed, Steve Galehouse, Will Blozan","2011-09-05","","N"
"Northern Red Oak","Quercus rubra","Ohio","Lake","North Chagrin Reservation (Forest Only)","","","","","15997","1","","","","public","139.5'","Clinometer/laser rangefinder/sine","10.7'","128''","35.9'","","Daniel Reed, Steve Galehouse, Will Blozan","2011-09-05","","N"
"Northern Red Oak","Quercus rubra var. borealis","Ohio","Lake","North Chagrin Reservation (Forest Only)","","","","","16074","1","","","","public","95.1'","Clinometer/laser rangefinder/sine","11.6'","139''","","Thick bark, smaller acorns than typical Red Oak","Daniel Reed, Steve Galehouse, Will Blozan","2011-09-05","","N"
"Pignut Hickory","Carya glabra","Ohio","Lake","North Chagrin Reservation (Forest Only)","","","","","16011","1","","","","public","119.0'","Clinometer/laser rangefinder/sine","6.6'","79''","","","Daniel Reed, Steve Galehouse, Will Blozan","2011-09-05","","N"
"Pignut Hickory","Carya glabra","Ohio","Lake","North Chagrin Reservation (Forest Only)","","","","","166955","1","","","","public","121.0'","Clinometer/laser rangefinder/sine","11.2'","134''","90.0'","Possibly C. ovalis. Species to be determined.
crown spread is maximun, average of two-axis method is 80'","Stefan Radivoyevitch","2017-04-04","","N"
"Red Maple","Acer rubrum","Ohio","Lake","North Chagrin Reservation (Forest Only)","","","","","16080","1","","","","public","","Clinometer/laser rangefinder/sine","10.9'","131''","","","Daniel Reed, Steve Galehouse, Will Blozan","2011-09-05","","N"
"Red Maple","Acer rubrum","Ohio","Lake","North Chagrin Reservation (Forest Only)","41 33.317","-081 25.419","","","16055","1","41 33.317","-081 25.419","","public","100.2'","Clinometer/laser rangefinder/sine","11.6'","139''","","","Daniel Reed, Steve Galehouse, Will Blozan","2011-09-05","","N"
"Red Maple","Acer rubrum","Ohio","Lake","North Chagrin Reservation (Forest Only)","","","","","15987","1","","","","public","120.3'","Clinometer/laser rangefinder/sine","9.7'","116''","","","Daniel Reed, Steve Galehouse, Will Blozan","2011-09-05","","N"
"Sassafras","Sassafras albidum","Ohio","Lake","North Chagrin Reservation (Forest Only)","41 33.817","-081 25.435","","","15977","1","41 33.817","-081 25.435","","public","100.5'","Clinometer/laser rangefinder/sine","7.9'","95''","42.4'","","Daniel Reed, Steve Galehouse, Will Blozan","2011-09-05","","N"
"Sassafras","Sassafras albidum","Ohio","Lake","North Chagrin Reservation (Forest Only)","41 33.346","-081 25.219","","","16020","1","41 33.346","-081 25.219","","public","112.5'","Clinometer/laser rangefinder/sine","8.3'","100''","57.1'","","Daniel Reed, Steve Galehouse, Will Blozan","2011-09-05","","N"
"Sassafras","Sassafras albidum","Ohio","Lake","North Chagrin Reservation (Forest Only)","41 34.052","-081 25.400","","","15998","1","41 34.052","-081 25.400","","public","122.7'","Clinometer/laser rangefinder/sine","6.4'","77''","","","Daniel Reed, Steve Galehouse, Will Blozan","2011-09-05","","N"
"Scarlet Oak","Quercus coccinea","Ohio","Lake","North Chagrin Reservation (Forest Only)","41 35.292","-081 25.543","","","16077","1","41 35.292","-081 25.543","","public","88.5'","Clinometer/laser rangefinder/sine","8.4'","101''","","","Daniel Reed, Steve Galehouse, Will Blozan","2011-09-05","","N"
"Shagbark Hickory","Carya ovata","Ohio","Lake","North Chagrin Reservation (Forest Only)","","","","","15986","1","","","","public","110.5'","Clinometer/laser rangefinder/sine","8.1'","97''","","","Daniel Reed, Steve Galehouse, Will Blozan","2011-09-05","","N"
"Slippery Elm","Ulmus rubra","Ohio","Lake","North Chagrin Reservation (Forest Only)","","","","","16001","1","","","","public","110.5'","Clinometer/laser rangefinder/sine","7.3'","87''","","","Daniel Reed, Steve Galehouse, Will Blozan","2011-09-05","","N"
"Slippery Elm","Ulmus rubra","Ohio","Lake","North Chagrin Reservation (Forest Only)","","","","","15999","1","","","","public","110.6'","Clinometer/laser rangefinder/sine","8.1'","97''","","","Daniel Reed, Steve Galehouse, Will Blozan","2011-09-05","","N"
"Slippery Elm","Ulmus rubra","Ohio","Lake","North Chagrin Reservation (Forest Only)","","","","","16000","1","","","","public","128.6'","Clinometer/laser rangefinder/sine","6.8'","82''","","","Daniel Reed, Steve Galehouse, Will Blozan","2011-09-05","","N"
"Sugar Maple","Acer saccharum","Ohio","Lake","North Chagrin Reservation (Forest Only)","41 33.986","-081 25.423","","","15981","1","41 33.986","-081 25.423","","public","109.5'","Clinometer/laser rangefinder/sine","11.2'","134''","","","Daniel Reed, Steve Galehouse, Will Blozan","2011-09-05","","N"
"Sugar Maple","Acer saccharum","Ohio","Lake","North Chagrin Reservation (Forest Only)","41 33.346","-081 25.219","","","15979","1","41 33.346","-081 25.219","","public","118.1'","Clinometer/laser rangefinder/sine","12.6'","151''","74.6'","","Daniel Reed, Steve Galehouse, Will Blozan","2011-09-05","","N"
"Sugar Maple","Acer saccharum","Ohio","Lake","North Chagrin Reservation (Forest Only)","41 34.038","-081 25.416","","","16072","1","41 34.038","-081 25.416","","public","123.0'","Clinometer/laser rangefinder/sine","10.3'","123''","","","Daniel Reed, Steve Galehouse, Will Blozan","2011-09-05","","N"
"Sugar Maple","Acer saccharum","Ohio","Lake","North Chagrin Reservation (Forest Only)","","","","","15988","1","","","","public","127.7'","Clinometer/laser rangefinder/sine","9.0'","108''","","","Daniel Reed, Steve Galehouse, Will Blozan","2011-09-05","","N"
"Swamp White Oak","Quercus bicolor","Ohio","Lake","North Chagrin Reservation (Forest Only)","","","","","166953","1","","","","public","117.0'","Clinometer/laser rangefinder/sine","13.2'","158''","","","Stefan Radivoyevitch","2017-04-04","","N"
"Tuliptree","Liriodendron tulipifera","Ohio","Lake","North Chagrin Reservation (Forest Only)","","","","","15993","1","","","","public","111.5'","Clinometer/laser rangefinder/sine","10.3'","123''","","","Daniel Reed, Steve Galehouse, Will Blozan","2011-09-05","","N"
"Tuliptree","Liriodendron tulipifera","Ohio","Lake","North Chagrin Reservation (Forest Only)","41 34.008","-081 25.385","","","16042","1","41 34.008","-081 25.385","","public","118.5'","Clinometer/laser rangefinder/sine","12.2'","146''","","","Daniel Reed, Steve Galehouse, Will Blozan","2011-09-05","","N"
"Tuliptree","Liriodendron tulipifera","Ohio","Lake","North Chagrin Reservation (Forest Only)","","","","","16048","1","","","","public","120.0'","Clinometer/laser rangefinder/sine","11.8'","142''","","","Daniel Reed, Steve Galehouse, Will Blozan","2011-09-05","","N"
"Tuliptree","Liriodendron tulipifera","Ohio","Lake","North Chagrin Reservation (Forest Only)","","","","","16044","1","","","","public","126.0'","Clinometer/laser rangefinder/sine","12.2'","146''","","","Daniel Reed, Steve Galehouse, Will Blozan","2011-09-05","","N"
"Tuliptree","Liriodendron tulipifera","Ohio","Lake","North Chagrin Reservation (Forest Only)","","","","","16051","1","","","","public","127.5'","Clinometer/laser rangefinder/sine","11.0'","132''","","","Daniel Reed, Steve Galehouse, Will Blozan","2011-09-05","","N"
"Tuliptree","Liriodendron tulipifera","Ohio","Lake","North Chagrin Reservation (Forest Only)","","","","","16031","1","","","","public","129.4'","Clinometer/laser rangefinder/sine","11.5'","138''","","","Daniel Reed, Steve Galehouse, Will Blozan","2011-09-05","","N"
"Tuliptree","Liriodendron tulipifera","Ohio","Lake","North Chagrin Reservation (Forest Only)","41 34.039","-081 25.413","","","16071","1","41 34.039","-081 25.413","","public","135.0'","Clinometer/laser rangefinder/sine","13.2'","158''","","","Daniel Reed, Steve Galehouse, Will Blozan","2011-09-05","","N"
"Tuliptree","Liriodendron tulipifera","Ohio","Lake","North Chagrin Reservation (Forest Only)","","","","","16047","1","","","","public","136.5'","Clinometer/laser rangefinder/sine","13.7'","164''","","","Daniel Reed, Steve Galehouse, Will Blozan","2011-09-05","","N"
"Tuliptree","Liriodendron tulipifera","Ohio","Lake","North Chagrin Reservation (Forest Only)","","","","","166954","1","","","","public","137.0'","Clinometer/laser rangefinder/sine","14.8'","178''","","","Stefan Radivoyevitch","2017-04-04","","N"
"Tuliptree","Liriodendron tulipifera","Ohio","Lake","North Chagrin Reservation (Forest Only)","","","","","15975","1","","","","public","137.4'","Clinometer/laser rangefinder/sine","13.8'","165''","79.0'","","Daniel Reed, Steve Galehouse, Will Blozan","2011-09-05","","N"
"Tuliptree","Liriodendron tulipifera","Ohio","Lake","North Chagrin Reservation (Forest Only)","","","","","16045","1","","","","public","138.0'","Clinometer/laser rangefinder/sine","11.9'","143''","","","Daniel Reed, Steve Galehouse, Will Blozan","2011-09-05","","N"
"Tuliptree","Liriodendron tulipifera","Ohio","Lake","North Chagrin Reservation (Forest Only)","","","","","173497","1","","","","public","144.0'","","","","","measured 2/13/18","Stefan Radivoyevitch","2018-02-20","","N"
"Tuliptree","Liriodendron tulipifera","Ohio","Lake","North Chagrin Reservation (Forest Only)","","","","","173502","1","","","","public","144.0'","","","","","measured 11/9/16","Stefan Radivoyevitch","2018-02-20","","N"
"Tuliptree","Liriodendron tulipifera","Ohio","Lake","North Chagrin Reservation (Forest Only)","","","","","173501","1","","","","public","146.0'","","","","","measured 2/13/18","Stefan Radivoyevitch","2018-02-20","","N"
"Tuliptree","Liriodendron tulipifera","Ohio","Lake","North Chagrin Reservation (Forest Only)","","","","","173494","1","","","","public","148.0'","","","","","Growing vigorously. Last measured on 3/16/17 to a height of 144'","Stefan Radivoyevitch","2018-02-20","","N"
"Tuliptree","Liriodendron tulipifera","Ohio","Lake","North Chagrin Reservation (Forest Only)","","","","","173498","1","","","","public","148.0'","","10.5'","126''","","last measured 2/13/18; broken dead top leader

previously measured:

153' x 10'6"" by S. Radivoyevitch on 11/22/16

153.5' x 10.5' by Reed, Galehouse, Blozan on 9/5/11","Stefan Radivoyevitch","2018-02-20","","N"
"Tuliptree","Liriodendron tulipifera","Ohio","Lake","North Chagrin Reservation (Forest Only)","","","","","173500","1","","","","public","148.0'","","","","","measured 12/4/17","Stefan Radivoyevitch","2018-02-20","","N"
"Tuliptree","Liriodendron tulipifera","Ohio","Lake","North Chagrin Reservation (Forest Only)","","","","","173496","1","","","","public","150.0'","","10.8'","129''","","measured 11/22/16","Stefan Radivoyevitch","2018-02-20","","N"
"Tuliptree","Liriodendron tulipifera","Ohio","Lake","North Chagrin Reservation (Forest Only)","","","","","15992","1","","","","public","150.8'","Clinometer/laser rangefinder/sine","8.6'","103''","","","Daniel Reed, Steve Galehouse, Will Blozan","2011-09-05","","N"
"Tuliptree","Liriodendron tulipifera","Ohio","Lake","North Chagrin Reservation (Forest Only)","","","","","173495","1","","","","public","152.0'","","8.9'","107''","","measured 11/22/16","Stefan Radivoyevitch","2018-02-20","","N"
"Tuliptree","Liriodendron tulipifera","Ohio","Lake","North Chagrin Reservation (Forest Only)","","","","","173499","1","","","","public","153.0'","","9.0'","109''","","measured 11/22/16","Stefan Radivoyevitch","2018-02-20","","N"
"Tuliptree","Liriodendron tulipifera","Ohio","Lake","North Chagrin Reservation (Forest Only)","41 34.772","-081 25.314","","","15990","1","41 34.772","-081 25.314","","public","153.5'","Clinometer/laser rangefinder/sine","10.5'","126''","","","Daniel Reed, Steve Galehouse, Will Blozan","2011-09-05","","N"
"Tuliptree","Liriodendron tulipifera","Ohio","Lake","North Chagrin Reservation (Forest Only)","","","","","173493","1","","","","public","155.0'","","","","","exposed roots being eroded by stream bank is threatening the tree","Stefan Radivoyevitch","2018-02-20","","N"
"Tuliptree","Liriodendron tulipifera","Ohio","Lake","North Chagrin Reservation (Forest Only)","","","","","15991","1","","","","public","157.3'","Clinometer/laser rangefinder/sine","11.9'","143''","","","Daniel Reed, Steve Galehouse, Will Blozan","2011-09-05","","N"
"Tuliptree","Liriodendron tulipifera","Ohio","Lake","North Chagrin Reservation (Forest Only)","","","","","173492","1","","","","public","162.0'","","12.1'","146''","","Ave. hit of five different measurements. Max hit was 164.

Note: This is the same tree measured in 2011 to a height of 157.3 by Reed, Galehouse, Blozan","Stefan Radivoyevitch","2018-02-20","","N"
"White Ash","Fraxinus americana","Ohio","Lake","North Chagrin Reservation (Forest Only)","","","","","15983","1","","","","public","118.5'","Clinometer/laser rangefinder/sine","10.7'","128''","42.7'","","Daniel Reed, Steve Galehouse, Will Blozan","2011-09-05","","N"
"White Ash","Fraxinus americana","Ohio","Lake","North Chagrin Reservation (Forest Only)","41 34.243","-081 25.411","","","16065","1","41 34.243","-081 25.411","","public","132.0'","Clinometer/laser rangefinder/sine","8.7'","104''","","","Daniel Reed, Steve Galehouse, Will Blozan","2011-09-05","","N"
"White Ash","Fraxinus americana","Ohio","Lake","North Chagrin Reservation (Forest Only)","41 34.127","-081 25.318","","","16069","1","41 34.127","-081 25.318","","public","133.0'","Clinometer/laser rangefinder/sine","6.4'","77''","","","Daniel Reed, Steve Galehouse, Will Blozan","2011-09-05","","N"
"White Ash","Fraxinus americana","Ohio","Lake","North Chagrin Reservation (Forest Only)","","","","","15989","1","","","","public","139.3'","Clinometer/laser rangefinder/sine","9.6'","115''","","","Daniel Reed, Steve Galehouse, Will Blozan","2011-09-05","","N"
"White Oak","Quercus alba","Ohio","Lake","North Chagrin Reservation (Forest Only)","","","","","16004","1","","","","public","","Clinometer/laser rangefinder/sine","11.6'","139''","","","Daniel Reed, Steve Galehouse, Will Blozan","2011-09-05","","N"
"White Oak","Quercus alba","Ohio","Lake","North Chagrin Reservation (Forest Only)","41 34.010","-081 26.027","","","16079","1","41 34.010","-081 26.027","","public","100.5'","Clinometer/laser rangefinder/sine","12.5'","150''","","","Daniel Reed, Steve Galehouse, Will Blozan","2011-09-05","","N"
"White Oak","Quercus alba","Ohio","Lake","North Chagrin Reservation (Forest Only)","41 33.947","-081 25.513","","","15978","1","41 33.947","-081 25.513","","public","110.2'","Clinometer/laser rangefinder/sine","13.5'","162''","91.1'","","Daniel Reed, Steve Galehouse, Will Blozan","2011-09-05","","N"
"White Oak","Quercus alba","Ohio","Lake","North Chagrin Reservation (Forest Only)","","","","","15974","1","","","","public","120.5'","Clinometer/laser rangefinder/sine","12.2'","146''","68.4'","","Daniel Reed, Steve Galehouse, Will Blozan","2011-09-05","","N"
"White Oak","Quercus alba","Ohio","Lake","North Chagrin Reservation (Forest Only)","","","","","16015","1","","","","public","120.7'","Clinometer/laser rangefinder/sine","10.8'","129''","","","Daniel Reed, Steve Galehouse, Will Blozan","2011-09-05","","N"
"Yellow Birch","Betula alleghaniensis","Ohio","Lake","North Chagrin Reservation (Forest Only)","41 33.338","-081 25.345","","","16060","1","41 33.338","-081 25.345","","public","","Clinometer/laser rangefinder/sine","3.8'","46''","","","Daniel Reed, Steve Galehouse, Will Blozan","2011-09-05","","N"
"Yellow Birch","Betula alleghaniensis","Ohio","Lake","North Chagrin Reservation (Forest Only)","41 33.338","-081 25.350","","","16061","1","41 33.338","-081 25.350","","public","","Clinometer/laser rangefinder/sine","5.4'","65''","","","Daniel Reed, Steve Galehouse, Will Blozan","2011-09-05","","N"
"Yellow Birch","Betula alleghaniensis","Ohio","Lake","North Chagrin Reservation (Forest Only)","41 34.151","081 25.321","","","16068","1","41 34.151","081 25.321","","public","78.5'","Clinometer/laser rangefinder/sine","5.2'","62''","","","Daniel Reed, Steve Galehouse, Will Blozan","2011-09-05","","N"
"Yellow Birch","Betula alleghaniensis","Ohio","Lake","North Chagrin Reservation (Forest Only)","","","","","16014","1","","","","public","79.3'","Clinometer/laser rangefinder/sine","4.5'","54''","","","Daniel Reed, Steve Galehouse, Will Blozan","2011-09-05","","N"
"Yellow Birch","Betula alleghaniensis","Ohio","Lake","North Chagrin Reservation (Forest Only)","41 34.153","-081 25.305","","","16067","1","41 34.153","-081 25.305","","public","84.0'","Clinometer/laser rangefinder/sine","5.7'","68''","","","Daniel Reed, Steve Galehouse, Will Blozan","2011-09-05","","N"
"Yellow Birch","Betula alleghaniensis","Ohio","Lake","North Chagrin Reservation (Forest Only)","41 33.329","-081 25.350","","","16059","1","41 33.329","-081 25.350","","public","87.4'","Clinometer/laser rangefinder/sine","3.6'","43''","","","Daniel Reed, Steve Galehouse, Will Blozan","2011-09-05","","N"
"Yellow Birch","Betula alleghaniensis","Ohio","Lake","North Chagrin Reservation (Forest Only)","41 34.396","-081 25.593","","","16075","1","41 34.396","-081 25.593","","public","91.4'","Clinometer/laser rangefinder/sine","6.8'","82''","","","Daniel Reed, Steve Galehouse, Will Blozan","2011-09-05","","N"
"American Basswood","Tilia americana","Ohio","Lake","Stebbin's Gulch","","","","","166896","1","","","","Private","89.0'","Clinometer/laser rangefinder/sine","","","","Stebbin's Gulch South","Steve Galehouse, Ed Frank, Randy Brown","2009-07-18","http%3A%2F%2Fwww.nativetreesociety.org%2Ffieldtrips%2Fohio%2Fholden2009%2Fholden1.htm","N"
"American Basswood","Tilia americana","Ohio","Lake","Stebbin's Gulch","41 36.176","-081 16.448","","","166895","1","41 36.176","-081 16.448","1209.0 ft","Private","103.9'","Clinometer/laser rangefinder/sine","7.4'","89''","","Stebbin's Gulch South","Steve Galehouse, Ed Frank, Randy Brown","2009-07-18","http%3A%2F%2Fwww.nativetreesociety.org%2Ffieldtrips%2Fohio%2Fholden2009%2Fholden1.htm","N"
"American Beech","Fagus grandifolia","Ohio","Lake","Stebbin's Gulch","","","","","166887","1","","","","Private","122.6'","Clinometer/laser rangefinder/sine","7.6'","91''","","Stebbin's Gulch South","Steve Galehouse, Ed Frank, Randy Brown","2009-07-18","http%3A%2F%2Fwww.nativetreesociety.org%2Ffieldtrips%2Fohio%2Fholden2009%2Fholden1.htm","N"
"Black Cherry","Prunus serotina var. serotina","Ohio","Lake","Stebbin's Gulch","","","","","166889","1","","","","Private","110.8'","Clinometer/laser rangefinder/sine","8.7'","104''","","Stebbin's Gulch South","Steve Galehouse, Ed Frank, Randy Brown","2009-07-18","http%3A%2F%2Fwww.nativetreesociety.org%2Ffieldtrips%2Fohio%2Fholden2009%2Fholden1.htm","N"
"Black Cherry","Prunus serotina var. serotina","Ohio","Lake","Stebbin's Gulch","41 36.174","-081 16.405","","","166885","1","41 36.174","-081 16.405","","Private","111.9'","Clinometer/laser rangefinder/sine","9.8'","118''","","Stebbin's Gulch South","Steve Galehouse, Ed Frank, Randy Brown","2009-07-18","http%3A%2F%2Fwww.nativetreesociety.org%2Ffieldtrips%2Fohio%2Fholden2009%2Fholden1.htm","N"
"Black Cherry","Prunus serotina var. serotina","Ohio","Lake","Stebbin's Gulch","41 36.192","-081 18.511","","","166883","1","41 36.192","-081 18.511","1170.0 ft","Private","117.9'","Clinometer/laser rangefinder/sine","11.3'","135''","","Stebbin's Gulch South","Steve Galehouse, Ed Frank, Randy Brown","2009-07-18","http%3A%2F%2Fwww.nativetreesociety.org%2Ffieldtrips%2Fohio%2Fholden2009%2Fholden1.htm","N"
"Black Walnut","Juglans nigra","Ohio","Lake","Stebbin's Gulch","41 36.265","-081 16.745","","","166900","1","41 36.265","-081 16.745","1052.0 ft","Private","106.4'","Clinometer/laser rangefinder/sine","7.4'","89''","","Stebbin's Gulch South","Steve Galehouse, Ed Frank, Randy Brown","2009-07-18","http%3A%2F%2Fwww.nativetreesociety.org%2Ffieldtrips%2Fohio%2Fholden2009%2Fholden1.htm","N"
"Blackgum","Nyssa sylvatica","Ohio","Lake","Stebbin's Gulch","41 36.118","-081 16.544","","","166894","1","41 36.118","-081 16.544","1209.0 ft","Private","84.0'","Clinometer/laser rangefinder/sine","8.0'","96''","","Stebbin's Gulch South","Steve Galehouse, Ed Frank, Randy Brown","2009-07-18","http%3A%2F%2Fwww.nativetreesociety.org%2Ffieldtrips%2Fohio%2Fholden2009%2Fholden1.htm","N"
"Chestnut Oak","Quercus montana","Ohio","Lake","Stebbin's Gulch","41 36.459","-081 16.280","","","166880","1","41 36.459","-081 16.280","1088.0 ft","Private","83.0'","Clinometer/laser rangefinder/sine","11.5'","138''","","Stebbin's Gulch North","Steve Galehouse, Ed Frank, Randy Brown","2009-07-18","http%3A%2F%2Fwww.nativetreesociety.org%2Ffieldtrips%2Fohio%2Fholden2009%2Fholden1.htm","N"
"Chestnut Oak","Quercus montana","Ohio","Lake","Stebbin's Gulch","41 36.425","-081 16.186","","","166881","1","41 36.425","-081 16.186","1150.0 ft","Private","93.0'","Clinometer/laser rangefinder/sine","9.1'","109''","","Stebbin's Gulch North","Steve Galehouse, Ed Frank, Randy Brown","2009-07-18","http%3A%2F%2Fwww.nativetreesociety.org%2Ffieldtrips%2Fohio%2Fholden2009%2Fholden1.htm","N"
"Cucumber-Tree","Magnolia acuminata","Ohio","Lake","Stebbin's Gulch","41 36.116","-081 16.521","","","166892","1","41 36.116","-081 16.521","","Private","107.0'","Clinometer/laser rangefinder/sine","11.4'","137''","","Stebbin's Gulch South","Steve Galehouse, Ed Frank, Randy Brown","2009-07-18","http%3A%2F%2Fwww.nativetreesociety.org%2Ffieldtrips%2Fohio%2Fholden2009%2Fholden1.htm","N"
"Eastern Hemlock","Tsuga canadensis","Ohio","Lake","Stebbin's Gulch","","","","","166888","1","","","","Private","44.0'","Clinometer/laser rangefinder/sine","3.0'","36''","","Stebbin's Gulch South","Steve Galehouse, Ed Frank, Randy Brown","2009-07-18","http%3A%2F%2Fwww.nativetreesociety.org%2Ffieldtrips%2Fohio%2Fholden2009%2Fholden1.htm","N"
"Eastern Hemlock","Tsuga canadensis","Ohio","Lake","Stebbin's Gulch","41 36.118","-081 16.532","","","166893","1","41 36.118","-081 16.532","1127.0 ft","Private","104.2'","Clinometer/laser rangefinder/sine","6.3'","75''","","Stebbin's Gulch South","Steve Galehouse, Ed Frank, Randy Brown","2009-07-18","http%3A%2F%2Fwww.nativetreesociety.org%2Ffieldtrips%2Fohio%2Fholden2009%2Fholden1.htm","N"
"Eastern Hemlock","Tsuga canadensis","Ohio","Lake","Stebbin's Gulch","","","","","166891","1","","","","Private","108.9'","Clinometer/laser rangefinder/sine","4.3'","52''","","","Steve Galehouse, Ed Frank, Randy Brown","2009-07-18","http%3A%2F%2Fwww.nativetreesociety.org%2Ffieldtrips%2Fohio%2Fholden2009%2Fholden1.htm","N"
"Eastern White Pine","Pinus strobus","Ohio","Lake","Stebbin's Gulch","","","","","166902","1","","","","Private","131.3'","Clinometer/laser rangefinder/sine","10.0'","120''","","Stebbin's Gulch South","Steve Galehouse, Ed Frank, Randy Brown","2009-07-18","http%3A%2F%2Fwww.nativetreesociety.org%2Ffieldtrips%2Fohio%2Fholden2009%2Fholden1.htm","N"
"Northern Red Oak","Quercus rubra","Ohio","Lake","Stebbin's Gulch","41 36.198","-081 16.943","","","166905","1","41 36.198","-081 16.943","1013.0 ft","Private","104.0'","Clinometer/laser rangefinder/sine","7.6'","91''","","Stebbin's Gulch South","Steve Galehouse, Ed Frank, Randy Brown","2009-07-18","http%3A%2F%2Fwww.nativetreesociety.org%2Ffieldtrips%2Fohio%2Fholden2009%2Fholden1.htm","N"
"Northern Red Oak","Quercus rubra","Ohio","Lake","Stebbin's Gulch","41 36.215","-081 18.481","","","166886","1","41 36.215","-081 18.481","","Private","109.8'","Clinometer/laser rangefinder/sine","14.0'","168''","","Stebbin's Gulch South","Steve Galehouse, Ed Frank, Randy Brown","2009-07-18","http%3A%2F%2Fwww.nativetreesociety.org%2Ffieldtrips%2Fohio%2Fholden2009%2Fholden1.htm","N"
"Northern Red Oak","Quercus rubra","Ohio","Lake","Stebbin's Gulch","41 36.370","-081 17.367","","","166907","1","41 36.370","-081 17.367","","Private","114.2'","Clinometer/laser rangefinder/sine","13.3'","160''","","Stebbin's Gulch South","Steve Galehouse, Ed Frank, Randy Brown","2009-07-18","http%3A%2F%2Fwww.nativetreesociety.org%2Ffieldtrips%2Fohio%2Fholden2009%2Fholden1.htm","N"
"Norway Spruce","Picea abies","Ohio","Lake","Stebbin's Gulch","","","","","166903","1","","","","Private","84.7'","Clinometer/laser rangefinder/sine","5.7'","68''","","Stebbin's Gulch South","Steve Galehouse, Ed Frank, Randy Brown","2009-07-18","http%3A%2F%2Fwww.nativetreesociety.org%2Ffieldtrips%2Fohio%2Fholden2009%2Fholden1.htm","N"
"Red Maple","Acer rubrum","Ohio","Lake","Stebbin's Gulch","","","","","166890","1","","","","Private","99.3'","Clinometer/laser rangefinder/sine","6.0'","72''","","Stebbin's Gulch South","Steve Galehouse, Ed Frank, Randy Brown","2009-07-18","http%3A%2F%2Fwww.nativetreesociety.org%2Ffieldtrips%2Fohio%2Fholden2009%2Fholden1.htm","N"
"Sassafras","Sassafras albidum","Ohio","Lake","Stebbin's Gulch","41 36.378","-081 17.250","","","166906","1","41 36.378","-081 17.250","","Private","74.0'","Clinometer/laser rangefinder/sine","3.3'","40''","","Stebbin's Gulch South","Steve Galehouse, Ed Frank, Randy Brown","2009-07-18","http%3A%2F%2Fwww.nativetreesociety.org%2Ffieldtrips%2Fohio%2Fholden2009%2Fholden1.htm","N"
"Shagbark Hickory","Carya ovata","Ohio","Lake","Stebbin's Gulch","41 36.255","-081 16.759","","","166901","1","41 36.255","-081 16.759","","Private","102.0'","Clinometer/laser rangefinder/sine","7.7'","93''","","Stebbin's Gulch South","Steve Galehouse, Ed Frank, Randy Brown","2009-07-18","http%3A%2F%2Fwww.nativetreesociety.org%2Ffieldtrips%2Fohio%2Fholden2009%2Fholden1.htm","N"
"Slippery Elm","Ulmus rubra","Ohio","Lake","Stebbin's Gulch","41 36.244","-081 16.625","","","166899","1","41 36.244","-081 16.625","","Private","","Clinometer/laser rangefinder/sine","6.3'","76''","","Stebbin's Gulch South","Steve Galehouse, Ed Frank, Randy Brown","2009-07-18","http%3A%2F%2Fwww.nativetreesociety.org%2Ffieldtrips%2Fohio%2Fholden2009%2Fholden1.htm","N"
"Sugar Maple","Acer saccharum","Ohio","Lake","Stebbin's Gulch","41 36.240","-081 16.655","","","166898","1","41 36.240","-081 16.655","","Private","111.7'","Clinometer/laser rangefinder/sine","9.1'","109''","","Stebbin's Gulch South","Steve Galehouse, Ed Frank, Randy Brown","2009-07-18","http%3A%2F%2Fwww.nativetreesociety.org%2Ffieldtrips%2Fohio%2Fholden2009%2Fholden1.htm","N"
"Sugar Maple","Acer saccharum","Ohio","Lake","Stebbin's Gulch","41 36.189","-081 16.447","","","166884","1","41 36.189","-081 16.447","","Private","117.0'","Clinometer/laser rangefinder/sine","10.3'","124''","","Stebbin's Gulch South","Steve Galehouse, Ed Frank, Randy Brown","2009-07-18","http%3A%2F%2Fwww.nativetreesociety.org%2Ffieldtrips%2Fohio%2Fholden2009%2Fholden1.htm","N"
"Tuliptree","Liriodendron tulipifera","Ohio","Lake","Stebbin's Gulch","41 36.213","-081 18.561","","","166882","1","41 36.213","-081 18.561","","Private","136.9'","Clinometer/laser rangefinder/sine","10.5'","126''","","Stebbin's Gulch South","Steve Galehouse, Ed Frank, Randy Brown","2009-07-18","http%3A%2F%2Fwww.nativetreesociety.org%2Ffieldtrips%2Fohio%2Fholden2009%2Fholden1.htm","N"
"Tuliptree","Liriodendron tulipifera","Ohio","Lake","Stebbin's Gulch","","","","","166897","1","","","","Private","142.5'","Clinometer/laser rangefinder/sine","9.4'","113''","","Stebbin's Gulch South","Steve Galehouse, Ed Frank, Randy Brown","2009-07-18","http%3A%2F%2Fwww.nativetreesociety.org%2Ffieldtrips%2Fohio%2Fholden2009%2Fholden1.htm","N"
"White Oak","Quercus alba","Ohio","Lake","Stebbin's Gulch","41 36.189","-081 16.946","","","166904","1","41 36.189","-081 16.946","","Private","100.5'","Clinometer/laser rangefinder/sine","6.5'","78''","","Stebbin's Gulch South","Steve Galehouse, Ed Frank, Randy Brown","2009-07-18","http%3A%2F%2Fwww.nativetreesociety.org%2Ffieldtrips%2Fohio%2Fholden2009%2Fholden1.htm","N"
"Yellow Birch","Betula alleghaniensis","Ohio","Lake","Stebbin's Gulch","41 36.373","-081 17.351","","","166908","1","41 36.373","-081 17.351","","Private","70.0'","Clinometer/laser rangefinder/sine","4.6'","55''","","Stebbin's Gulch South","Steve Galehouse, Ed Frank, Randy Brown","2009-07-18","http%3A%2F%2Fwww.nativetreesociety.org%2Ffieldtrips%2Fohio%2Fholden2009%2Fholden1.htm","N"
"American Sycamore","Platanus occidentalis","Ohio","Licking","Blackhand Gorge Nature Preserve","","","","","166413","1","","","","public","131.4'","Clinometer/laser rangefinder/sine","","","","","Rand Brown","2011-01-03","","N"
"American Sycamore","Platanus occidentalis","Ohio","Licking","Blackhand Gorge Nature Preserve","","","","","166427","1","","","","public","139.0'","Clinometer/laser rangefinder/sine","7.1'","85''","","","Rand Brown","2011-01-03","","N"
"American Sycamore","Platanus occidentalis","Ohio","Licking","Blackhand Gorge Nature Preserve","","","","","166429","1","","","","public","152.2'","Clinometer/laser rangefinder/sine","7.0'","84''","","","Rand Brown","2011-01-03","","N"
"American Sycamore","Platanus occidentalis","Ohio","Licking","Blackhand Gorge Nature Preserve","","","","","196229","1","","","","public","156.2'","Clinometer/laser rangefinder/sine","","","","Probably the same sycamore that Rand Brown measured at 152.2 on 1/3/11","Stefan Radivoyevitch","2019-11-20","","N"
"Bigtooth Aspen","Populus grandidentata","Ohio","Licking","Blackhand Gorge Nature Preserve","","","","","166417","1","","","","public","121.2'","Clinometer/laser rangefinder/sine","6.1'","74''","","","Rand Brown","2011-01-03","","N"
"Black Cherry","Prunus serotina var. serotina","Ohio","Licking","Blackhand Gorge Nature Preserve","","","","","166421","1","","","","public","125.4'","Clinometer/laser rangefinder/sine","6.2'","74''","","","Rand Brown","2011-01-03","","N"
"Black Walnut","Juglans nigra","Ohio","Licking","Blackhand Gorge Nature Preserve","","","","","166418","1","","","","public","116.4'","Clinometer/laser rangefinder/sine","8.1'","97''","","","Rand Brown","2011-01-03","","N"
"Black Walnut","Juglans nigra","Ohio","Licking","Blackhand Gorge Nature Preserve","","","","","166420","1","","","","public","121.3'","Clinometer/laser rangefinder/sine","7.3'","88''","","","Rand Brown","2011-01-03","","N"
"Eastern Cottonwood","Populus deltoides","Ohio","Licking","Blackhand Gorge Nature Preserve","","","","","166411","1","","","","public","131.7'","Clinometer/laser rangefinder/sine","9.3'","111''","","","Rand Brown","2011-01-03","","N"
"Green Ash","Fraxinus pennsylvanica","Ohio","Licking","Blackhand Gorge Nature Preserve","","","","","166419","1","","","","public","129.4'","Clinometer/laser rangefinder/sine","8.9'","107''","","","Rand Brown","2011-01-03","","N"
"Northern Red Oak","Quercus rubra","Ohio","Licking","Blackhand Gorge Nature Preserve","","","","","166412","1","","","","public","118.6'","Clinometer/laser rangefinder/sine","11.7'","140''","","","Rand Brown","2011-01-03","","N"
"Sugar Maple","Acer saccharum","Ohio","Licking","Blackhand Gorge Nature Preserve","","","","","166428","1","","","","public","106.2'","Clinometer/laser rangefinder/sine","6.3'","75''","","","Rand Brown","2011-01-03","","N"
"Tuliptree","Liriodendron tulipifera","Ohio","Licking","Blackhand Gorge Nature Preserve","","","","","166415","1","","","","public","130.3'","Clinometer/laser rangefinder/sine","8.9'","107''","","","Rand Brown","2011-01-03","","N"
"Tuliptree","Liriodendron tulipifera","Ohio","Licking","Blackhand Gorge Nature Preserve","","","","","166410","1","","","","public","130.9'","Clinometer/laser rangefinder/sine","6.5'","78''","","","Rand Brown","2011-01-03","","N"
"Tuliptree","Liriodendron tulipifera","Ohio","Licking","Blackhand Gorge Nature Preserve","","","","","166414","1","","","","public","142.6'","Clinometer/laser rangefinder/sine","10.4'","125''","","","Rand Brown","2011-01-03","","N"
"Tuliptree","Liriodendron tulipifera","Ohio","Licking","Blackhand Gorge Nature Preserve","","","","","166425","1","","","","public","147.1'","Clinometer/laser rangefinder/sine","8.3'","99''","","","Rand Brown","2011-01-03","","N"
"Tuliptree","Liriodendron tulipifera","Ohio","Licking","Blackhand Gorge Nature Preserve","","","","","166426","1","","","","public","147.8'","Clinometer/laser rangefinder/sine","9.6'","115''","","","Rand Brown","2011-01-03","","N"
"Tuliptree","Liriodendron tulipifera","Ohio","Licking","Blackhand Gorge Nature Preserve","","","","","166416","1","","","","public","148.5'","Clinometer/laser rangefinder/sine","9.3'","112''","","","Rand Brown","2011-01-03","","N"
"Tuliptree","Liriodendron tulipifera","Ohio","Licking","Blackhand Gorge Nature Preserve","","","","","196230","1","","","","public","152.0'","Clinometer/laser rangefinder/sine","","","","I suspect but am not certain that this is the same tree that Rand Brown measured at 148.5' on 1/3/11.  The girth seems about right from a distance . Located near tall sycamore.","Stefan Radivoyevitch","2019-11-20","","N"
"Tuliptree","Liriodendron tulipifera","Ohio","Licking","Blackhand Gorge Nature Preserve","","","","","196231","1","","","","public","153.9'","Clinometer/laser rangefinder/sine","","","","farther up stream but nearby in same grove","Stefan Radivoyevitch","2019-11-20","","N"
"White Oak","Quercus alba","Ohio","Licking","Blackhand Gorge Nature Preserve","","","","","166424","1","","","","public","118.1'","Clinometer/laser rangefinder/sine","9.8'","117''","","","Rand Brown","2011-01-03","","N"
"White Oak","Quercus alba","Ohio","Licking","Blackhand Gorge Nature Preserve","","","","","166422","1","","","","public","119.5'","Clinometer/laser rangefinder/sine","7.2'","87''","","","Rand Brown","2011-01-03","","N"
"White Oak","Quercus alba","Ohio","Licking","Blackhand Gorge Nature Preserve","","","","","166423","1","","","","public","120.0'","Clinometer/laser rangefinder/sine","8.5'","102''","","","Rand Brown","2011-01-03","","N"
"American Beech","Fagus grandifolia","Ohio","Licking","Flint Ridge State Park","","","ancient native american quarry","","196232","1","","","","public","","Clinometer/laser rangefinder/sine","11.2'","135''","","","Stefan Radivoyevitch","2019-11-20","","N"
"American Basswood","Tilia americana","Ohio","Logan","Davey Woods Nature Preserve, OH","","","","","9977","1","","","","Public","114.5'","","8.9'","107''","","","Randy Brown","2008-04-17","http%3A%2F%2Fwww.nativetreesociety.org%2Ffieldtrips%2Fohio%2Fdavey_woods_oh.htm","N"
"American Basswood","Tilia americana","Ohio","Logan","Davey Woods Nature Preserve, OH","","","","","9976","1","","","","Public","117.1'","","5.8'","69''","","","Randy Brown","2008-04-17","http%3A%2F%2Fwww.nativetreesociety.org%2Ffieldtrips%2Fohio%2Fdavey_woods_oh.htm","N"
"American Beech","Fagus grandifolia","Ohio","Logan","Davey Woods Nature Preserve, OH","","","","","9954","1","","","","Public","115.2'","","7.2'","86''","","","Randy Brown","2008-04-17","http%3A%2F%2Fwww.nativetreesociety.org%2Ffieldtrips%2Fohio%2Fdavey_woods_oh.htm","N"
"American Sycamore","Platanus occidentalis","Ohio","Logan","Davey Woods Nature Preserve, OH","","","","","9953","1","","","","Public","107.0'","","","","","13' 09"" double pith circumference","Randy Brown","2008-04-17","http%3A%2F%2Fwww.nativetreesociety.org%2Ffieldtrips%2Fohio%2Fdavey_woods_oh.htm","N"
"Bitternut Hickory","Carya cordiformis","Ohio","Logan","Davey Woods Nature Preserve, OH","","","","","9979","1","","","","Public","98.8'","","5.4'","65''","","","Randy Brown","2008-04-17","http%3A%2F%2Fwww.nativetreesociety.org%2Ffieldtrips%2Fohio%2Fdavey_woods_oh.htm","N"
"Black Cherry","Prunus serotina","Ohio","Logan","Davey Woods Nature Preserve, OH","","","","","9967","1","","","","Public","127.5'","","4.2'","50''","","","Randy Brown","2008-04-17","http%3A%2F%2Fwww.nativetreesociety.org%2Ffieldtrips%2Fohio%2Fdavey_woods_oh.htm","N"
"Black Walnut","Juglans nigra","Ohio","Logan","Davey Woods Nature Preserve, OH","","","","","9955","1","","","","Public","106.4'","","4.1'","49''","","","Randy Brown","2008-04-17","http%3A%2F%2Fwww.nativetreesociety.org%2Ffieldtrips%2Fohio%2Fdavey_woods_oh.htm","N"
"Black Walnut","Juglans nigra","Ohio","Logan","Davey Woods Nature Preserve, OH","","","","","9969","1","","","","Public","118.6'","","7.0'","84''","","","Randy Brown","2008-04-17","http%3A%2F%2Fwww.nativetreesociety.org%2Ffieldtrips%2Fohio%2Fdavey_woods_oh.htm","N"
"Blue Ash","Fraxinus quadrangulata","Ohio","Logan","Davey Woods Nature Preserve, OH","","","","","9975","1","","","","Public","113.9'","","7.3'","88''","","","Randy Brown","2008-04-17","http%3A%2F%2Fwww.nativetreesociety.org%2Ffieldtrips%2Fohio%2Fdavey_woods_oh.htm","N"
"Chinkapin Oak","Quercus muehlenbergii","Ohio","Logan","Davey Woods Nature Preserve, OH","","","","","9972","1","","","","Public","110.6'","","6.1'","73''","","","Randy Brown","2008-04-17","http%3A%2F%2Fwww.nativetreesociety.org%2Ffieldtrips%2Fohio%2Fdavey_woods_oh.htm","N"
"Chinkapin Oak","Quercus muehlenbergii","Ohio","Logan","Davey Woods Nature Preserve, OH","","","","","9973","1","","","","Public","112.1'","","10.4'","125''","","","Randy Brown","2008-04-17","http%3A%2F%2Fwww.nativetreesociety.org%2Ffieldtrips%2Fohio%2Fdavey_woods_oh.htm","N"
"Common Hackberry","Celtis occidentalis","Ohio","Logan","Davey Woods Nature Preserve, OH","","","","","9974","1","","","","Public","105.8'","","7.3'","88''","","","Randy Brown","2008-04-17","http%3A%2F%2Fwww.nativetreesociety.org%2Ffieldtrips%2Fohio%2Fdavey_woods_oh.htm","N"
"Eastern Cottonwood","Populus deltoides","Ohio","Logan","Davey Woods Nature Preserve, OH","","","","","9961","1","","","","Public","130.3'","","11.0'","132''","","","Randy Brown","2008-04-17","http%3A%2F%2Fwww.nativetreesociety.org%2Ffieldtrips%2Fohio%2Fdavey_woods_oh.htm","N"
"Northern Red Oak","Quercus rubra","Ohio","Logan","Davey Woods Nature Preserve, OH","","","","","9956","1","","","","Public","112.5'","","10.4'","125''","","","Randy Brown","2008-04-17","http%3A%2F%2Fwww.nativetreesociety.org%2Ffieldtrips%2Fohio%2Fdavey_woods_oh.htm","N"
"Northern Red Oak","Quercus rubra","Ohio","Logan","Davey Woods Nature Preserve, OH","","","","","9957","1","","","","Public","124.0'","","12.3'","148''","","","Randy Brown","2008-04-17","http%3A%2F%2Fwww.nativetreesociety.org%2Ffieldtrips%2Fohio%2Fdavey_woods_oh.htm","N"
"Shagbark Hickory","Carya ovata","Ohio","Logan","Davey Woods Nature Preserve, OH","","","","","9970","1","","","","Public","102.0'","","4.1'","50''","","","Randy Brown","2008-04-17","http%3A%2F%2Fwww.nativetreesociety.org%2Ffieldtrips%2Fohio%2Fdavey_woods_oh.htm","N"
"Slippery Elm","Ulmus rubra","Ohio","Logan","Davey Woods Nature Preserve, OH","","","","","9971","1","","","","Public","90.6'","","4.8'","58''","","","Randy Brown","2008-04-17","http%3A%2F%2Fwww.nativetreesociety.org%2Ffieldtrips%2Fohio%2Fdavey_woods_oh.htm","N"
"Sugar Maple","Acer saccharum","Ohio","Logan","Davey Woods Nature Preserve, OH","","","","","9958","1","","","","Public","93.0'","","","","","","Randy Brown","2008-04-17","http%3A%2F%2Fwww.nativetreesociety.org%2Ffieldtrips%2Fohio%2Fdavey_woods_oh.htm","N"
"Tuliptree","Liriodendron tulipifera","Ohio","Logan","Davey Woods Nature Preserve, OH","","","","","9978","1","","","","Public","118.0'","","","","","","Randy Brown","2008-04-17","http%3A%2F%2Fwww.nativetreesociety.org%2Ffieldtrips%2Fohio%2Fdavey_woods_oh.htm","N"
"Tuliptree","Liriodendron tulipifera","Ohio","Logan","Davey Woods Nature Preserve, OH","","","","","9963","1","","","","Public","126.2'","","9.9'","119''","","","Randy Brown","2008-04-17","http%3A%2F%2Fwww.nativetreesociety.org%2Ffieldtrips%2Fohio%2Fdavey_woods_oh.htm","N"
"Tuliptree","Liriodendron tulipifera","Ohio","Logan","Davey Woods Nature Preserve, OH","","","","","9962","1","","","","Public","129.0'","","11.0'","132''","","","Randy Brown","2008-04-17","http%3A%2F%2Fwww.nativetreesociety.org%2Ffieldtrips%2Fohio%2Fdavey_woods_oh.htm","N"
"Tuliptree","Liriodendron tulipifera","Ohio","Logan","Davey Woods Nature Preserve, OH","","","","","9964","1","","","","Public","130.4'","","10.3'","123''","","","Randy Brown","2008-04-17","http%3A%2F%2Fwww.nativetreesociety.org%2Ffieldtrips%2Fohio%2Fdavey_woods_oh.htm","N"
"Tuliptree","Liriodendron tulipifera","Ohio","Logan","Davey Woods Nature Preserve, OH","","","","","9965","1","","","","Public","133.7'","","11.8'","142''","","","Randy Brown","2008-04-17","http%3A%2F%2Fwww.nativetreesociety.org%2Ffieldtrips%2Fohio%2Fdavey_woods_oh.htm","N"
"Tuliptree","Liriodendron tulipifera","Ohio","Logan","Davey Woods Nature Preserve, OH","","","","","9968","1","","","","Public","133.8'","","5.8'","69''","","","Randy Brown","2008-04-17","http%3A%2F%2Fwww.nativetreesociety.org%2Ffieldtrips%2Fohio%2Fdavey_woods_oh.htm","N"
"Tuliptree","Liriodendron tulipifera","Ohio","Logan","Davey Woods Nature Preserve, OH","","","","","9966","1","","","","Public","136.8'","","9.7'","116''","","","Randy Brown","2008-04-17","http%3A%2F%2Fwww.nativetreesociety.org%2Ffieldtrips%2Fohio%2Fdavey_woods_oh.htm","N"
"Tuliptree","Liriodendron tulipifera","Ohio","Logan","Davey Woods Nature Preserve, OH","","","","","166879","1","","","","Public","141.5'","Clinometer/laser rangefinder/sine","8.5'","102''","","","Robert Leverett","2009-07-10","http%3A%2F%2Fwww.nativetreesociety.org%2Ffieldtrips%2Fohio%2Fdavey_woods_oh.htm","N"
"Tuliptree","Liriodendron tulipifera","Ohio","Logan","Davey Woods Nature Preserve, OH","","","","","166878","1","","","","Public","144.5'","Clinometer/laser rangefinder/sine","11.4'","137''","","","Robert Leverett","2009-07-10","http%3A%2F%2Fwww.nativetreesociety.org%2Ffieldtrips%2Fohio%2Fdavey_woods_oh.htm","N"
"White Ash","Fraxinus americana","Ohio","Logan","Davey Woods Nature Preserve, OH","","","","","9959","1","","","","Public","116.5'","","6.9'","83''","","","Randy Brown","2008-04-17","http%3A%2F%2Fwww.nativetreesociety.org%2Ffieldtrips%2Fohio%2Fdavey_woods_oh.htm","N"
"White Ash","Fraxinus americana","Ohio","Logan","Davey Woods Nature Preserve, OH","","","","","9960","1","","","","Public","129.6'","","9.0'","108''","","","Randy Brown","2008-04-17","http%3A%2F%2Fwww.nativetreesociety.org%2Ffieldtrips%2Fohio%2Fdavey_woods_oh.htm","N"
"Bur Oak","Quercus macrocarpa var. macrocarpa","Ohio","Logan","Logan County","","","Trees located in Southern part of County","","169358","1","","","","Private","71.2'","Clinometer/laser rangefinder/sine","13.4'","161''","","Circumference taken over vines","Matt Markworth","2016-06-05","http%3A%2F%2Fwww.ents-bbs.org%2Fviewtopic.php%3Ff%3D111%26t%3D7669%26start%3D20%23p38004","N"
"Bur Oak","Quercus macrocarpa var. macrocarpa","Ohio","Logan","Logan County","","","Trees located in Southern part of County","","169357","1","","","","Private","76.0'","Clinometer/laser rangefinder/sine","14.5'","174''","","","Matt Markworth","2016-06-05","http%3A%2F%2Fwww.ents-bbs.org%2Fviewtopic.php%3Ff%3D111%26t%3D7669%26start%3D20%23p38004","N"
"Austrian Pine","Pinus nigra","Ohio","Lorain","Avon Center Cemetery","","","Also known as Mound Cemetery.","","161089","1","","","700.0 ft","Private","35.0'","Clinometer/laser rangefinder/sine","","","","Height was stated as mid 30's.","Steve Galehouse","2010-07-24","http%3A%2F%2Fwww.ents-bbs.org%2Fviewtopic.php%3Ff%3D111%26t%3D1132%23p3931","N"
"Eastern Redcedar","Juniperus virginiana var. virginiana","Ohio","Lorain","Avon Center Cemetery","","","Also known as Mound Cemetery.","","161088","1","","","700.0 ft","Private","51.0'","Clinometer/laser rangefinder/sine","6.1'","73''","","","Steve Galehouse","2010-07-24","http%3A%2F%2Fwww.ents-bbs.org%2Fviewtopic.php%3Ff%3D111%26t%3D1132%23p3931","N"
"Eastern Redcedar","Juniperus virginiana var. virginiana","Ohio","Lorain","Avon Center Cemetery","","","Also known as Mound Cemetery.","","161087","1","","","700.0 ft","Private","57.0'","Clinometer/laser rangefinder/sine","5.8'","70''","","","Steve Galehouse","2010-07-24","http%3A%2F%2Fwww.ents-bbs.org%2Fviewtopic.php%3Ff%3D111%26t%3D1132%23p3931","N"
"American Sycamore","Platanus occidentalis","Ohio","Lorain","Bacon Woods","","","","","161078","1","","","","MetroPark","119.1'","Clinometer/laser rangefinder/sine","12.9'","155''","","","Seve Galehouse","2010-04-20","","N"
"American Sycamore","Platanus occidentalis","Ohio","Lorain","Bacon Woods","","","","","15943","1","","","","MetroPark","123.0'","Clinometer/laser rangefinder/sine","13.0'","156''","","","Steve Galehouse","2011-10-13","","N"
"Black Walnut","Juglans nigra","Ohio","Lorain","Bacon Woods","","","","","15946","1","","","","MetroPark","113.2'","Clinometer/laser rangefinder/sine","10.5'","126''","","","Steve Galehouse","2011-10-13","","N"
"Boxelder","Acer negundo","Ohio","Lorain","Bacon Woods","","","","","15949","1","","","","MetroPark","62.0'","Clinometer/laser rangefinder/sine","13.3'","160''","","","Steve Galehouse","2011-10-13","","N"
"Common Hackberry","Celtis occidentalis","Ohio","Lorain","Bacon Woods","","","","","15945","1","","","","MetroPark","95.0'","Clinometer/laser rangefinder/sine","8.8'","106''","","","Steve Galehouse","2011-10-13","","N"
"Eastern Cottonwood","Populus deltoides","Ohio","Lorain","Bacon Woods","","","","","15951","1","","","","MetroPark","105.0'","Clinometer/laser rangefinder/sine","","","","","Steve Galehouse","2011-10-13","","N"
"Honeylocust","Gleditsia triacanthos","Ohio","Lorain","Bacon Woods","","","","","15948","1","","","","MetroPark","74.0'","Clinometer/laser rangefinder/sine","9.1'","109''","","","Steve Galehouse","2011-10-13","","N"
"Pin Oak","Quercus palustris","Ohio","Lorain","Bacon Woods","","","","","161077","1","","","","MetroPark","122.4'","Clinometer/laser rangefinder/sine","14.2'","170''","","","Seve Galehouse","2010-04-20","","N"
"Pin Oak","Quercus palustris","Ohio","Lorain","Bacon Woods","","","","","15942","1","","","","MetroPark","123.4'","Clinometer/laser rangefinder/sine","14.5'","174''","","","Steve Galehouse","2011-10-13","","N"
"Sassafras","Sassafras albidum","Ohio","Lorain","Bacon Woods","","","","","15947","1","","","","MetroPark","86.0'","Clinometer/laser rangefinder/sine","9.3'","112''","","","Steve Galehouse","2011-10-13","","N"
"Tuliptree","Liriodendron tulipifera","Ohio","Lorain","Bacon Woods","","","","","15950","1","","","","MetroPark","108.0'","Clinometer/laser rangefinder/sine","","","","","Steve Galehouse","2011-10-13","","N"
"White Ash","Fraxinus americana","Ohio","Lorain","Bacon Woods","","","","","161079","1","","","","MetroPark","111.0'","Clinometer/laser rangefinder/sine","8.8'","106''","","","Seve Galehouse","2010-04-20","","N"
"White Ash","Fraxinus americana","Ohio","Lorain","Bacon Woods","","","","","15944","1","","","","MetroPark","113.0'","Clinometer/laser rangefinder/sine","8.8'","106''","","Dead from EAB","Steve Galehouse","2011-10-13","","N"
"Northern Red Oak","Quercus rubra","Ohio","Lorain","Big Urban Northern Red Oak, Lorain, Ohio","","","","","9748","1","","","","Private","90.0'","","19.0'","228''","85.0'","","Steve Galehouse","2006-10-11","","N"
"American Elm","Ulmus americana","Ohio","Lorain","Black River Metro Park","","","","","166519","1","","","","Public","99.5'","Clinometer/laser rangefinder/sine","","","","","Steve Galehouse","2007-01-27","http%3A%2F%2Fwww.nativetreesociety.org%2Ffieldtrips%2Fohio%2Fblackriver%2Fblackriver.htm","N"
"American Sycamore","Platanus occidentalis","Ohio","Lorain","Black River Metro Park","","","","","166514","1","","","","Public","120.5'","Clinometer/laser rangefinder/sine","","","","","Steve Galehouse","2007-01-27","http%3A%2F%2Fwww.nativetreesociety.org%2Ffieldtrips%2Fohio%2Fblackriver%2Fblackriver.htm","N"
"Black Maple","Acer nigrum","Ohio","Lorain","Black River Metro Park","","","","","166517","1","","","","Public","102.5'","Clinometer/laser rangefinder/sine","","","","","Steve Galehouse","2007-01-27","http%3A%2F%2Fwww.nativetreesociety.org%2Ffieldtrips%2Fohio%2Fblackriver%2Fblackriver.htm","N"
"Black Walnut","Juglans nigra","Ohio","Lorain","Black River Metro Park","","","","","166516","1","","","","Public","107.0'","Clinometer/laser rangefinder/sine","","","","","Steve Galehouse","2007-01-27","http%3A%2F%2Fwww.nativetreesociety.org%2Ffieldtrips%2Fohio%2Fblackriver%2Fblackriver.htm","N"
"Eastern Cottonwood","Populus deltoides","Ohio","Lorain","Black River Metro Park","41 24.750","-082 06.271","","","166493","1","41 24.750","-082 06.271","","Public","101.5'","Clinometer/laser rangefinder/sine","20.7'","248''","","","Steve Galehouse","2009-04-01","http%3A%2F%2Fwww.nativetreesociety.org%2Ffieldtrips%2Fohio%2Fblackriver%2Fblackriver.htm","N"
"Eastern Cottonwood","Populus deltoides","Ohio","Lorain","Black River Metro Park","","","","","166513","1","","","","Public","128.0'","Clinometer/laser rangefinder/sine","","","","","Steve Galehouse","2007-01-27","http%3A%2F%2Fwww.nativetreesociety.org%2Ffieldtrips%2Fohio%2Fblackriver%2Fblackriver.htm","N"
"Sugar Maple","Acer saccharum","Ohio","Lorain","Black River Metro Park","","","","","166518","1","","","","Public","101.0'","Clinometer/laser rangefinder/sine","","","","","Steve Galehouse","2007-01-27","http%3A%2F%2Fwww.nativetreesociety.org%2Ffieldtrips%2Fohio%2Fblackriver%2Fblackriver.htm","N"
"White Ash","Fraxinus americana","Ohio","Lorain","Black River Metro Park","","","","","166515","1","","","","Public","111.5'","Clinometer/laser rangefinder/sine","","","","","Steve Galehouse","2007-01-27","http%3A%2F%2Fwww.nativetreesociety.org%2Ffieldtrips%2Fohio%2Fblackriver%2Fblackriver.htm","N"
"American Sycamore","Platanus occidentalis","Ohio","Lorain","Elywood Park","","","","","166686","1","","","","Public-county","105.0'","Clinometer/laser rangefinder/sine","19.9'","239''","","","Steve Galehouse","2015-01-30","http%3A%2F%2Fwww.ents-bbs.org%2Fviewtopic.php%3Ff%3D111%26t%3D6538%23p31942","N"
"Pin Oak","Quercus palustris","Ohio","Lorain","Elywood Park","","","","","161171","1","","","","Public-county","118.0'","Clinometer/laser rangefinder/sine","","","","","Steve Galehouse","2010-12-04","http%3A%2F%2Fwww.ents-bbs.org%2Fviewtopic.php%3Ff%3D111%26t%3D6538%23p31942","N"
"Tuliptree","Liriodendron tulipifera","Ohio","Lorain","Elywood Park","","","","","161170","1","","","","Public-county","130.8'","Clinometer/laser rangefinder/sine","13.7'","164''","","","Steve Galehouse","2010-12-04","http%3A%2F%2Fwww.ents-bbs.org%2Fviewtopic.php%3Ff%3D111%26t%3D6538%23p31942","N"
"Tuliptree","Liriodendron tulipifera","Ohio","Lorain","Elywood Park","","","","","161169","1","","","","Public-county","144.0'","Clinometer/laser rangefinder/sine","12.7'","152''","","","Steve Galehouse","2010-12-04","http%3A%2F%2Fwww.ents-bbs.org%2Fviewtopic.php%3Ff%3D111%26t%3D6538%23p31942","N"
"Tuliptree","Liriodendron tulipifera","Ohio","Lorain","Elywood Park","","","","","166687","1","","","","Public-county","147.0'","","","","","","Steve Galehouse","2015-01-30","http%3A%2F%2Fwww.ents-bbs.org%2Fviewtopic.php%3Ff%3D111%26t%3D6538%23p31942","N"
"American Elm","Ulmus americana","Ohio","Lorain","French Creek Reservation","","","","","166486","1","","","","Public","93.0'","Clinometer/laser rangefinder/sine","8.8'","106''","","","Steve Galehouse","2009-03-29","http%3A%2F%2Fwww.nativetreesociety.org%2Ffieldtrips%2Fohio%2Ffrenchcreek%2Ffrenchcreek.htm","N"
"Common Hackberry","Celtis occidentalis","Ohio","Lorain","French Creek Reservation","","","","","166485","1","","","","Public","87.5'","Clinometer/laser rangefinder/sine","8.3'","99''","","","Steve Galehouse","2009-03-29","http%3A%2F%2Fwww.nativetreesociety.org%2Ffieldtrips%2Fohio%2Ffrenchcreek%2Ffrenchcreek.htm","N"
"Eastern Cottonwood","Populus deltoides","Ohio","Lorain","French Creek Reservation","","","","","166482","1","","","","Public","125.5'","Clinometer/laser rangefinder/sine","","","","","Steve Galehouse","2009-03-29","http%3A%2F%2Fwww.nativetreesociety.org%2Ffieldtrips%2Fohio%2Ffrenchcreek%2Ffrenchcreek.htm","N"
"Ohio Buckeye","Aesculus glabra var. glabra","Ohio","Lorain","French Creek Reservation","","","","","166484","1","","","","Public","63.0'","Clinometer/laser rangefinder/sine","6.8'","82''","","","Steve Galehouse","2009-03-29","http%3A%2F%2Fwww.nativetreesociety.org%2Ffieldtrips%2Fohio%2Ffrenchcreek%2Ffrenchcreek.htm","N"
"Osage Orange","Maclura pomifera","Ohio","Lorain","French Creek Reservation","","","","","166483","1","","","","Public","68.0'","Clinometer/laser rangefinder/sine","10.5'","126''","","","Steve Galehouse","2009-03-29","http%3A%2F%2Fwww.nativetreesociety.org%2Ffieldtrips%2Fohio%2Ffrenchcreek%2Ffrenchcreek.htm","N"
"Pawpaw","Asimina triloba","Ohio","Lorain","French Creek Reservation","","","","","166481","1","","","","Public","39.8'","Clinometer/laser rangefinder/sine","1.8'","22''","","","Steve Galehouse","2009-03-29","http%3A%2F%2Fwww.nativetreesociety.org%2Ffieldtrips%2Fohio%2Ffrenchcreek%2Ffrenchcreek.htm","N"
"Black Oak","Quercus velutina","Ohio","Lucas","Oak Openings Preserve","","","A Toledo MetroPark near Swanton, Ohio","","161499","1","","","","Public","63.1'","Clinometer/laser rangefinder/sine","10.0'","120''","82.0'","crown spread is maximum, average is 81'","Matt Markworth, Rand Brown","2013-08-11","http%3A%2F%2Fwww.ents-bbs.org%2Fviewtopic.php%3Ff%3D111%26t%3D5587","N"
"Black Oak","Quercus velutina","Ohio","Lucas","Oak Openings Preserve","","","A Toledo MetroPark near Swanton, Ohio","","161498","1","","","","Public","75.1'","Clinometer/laser rangefinder/sine","12.2'","146''","97.0'","Crown spread is maximum, average is 92.5'","Matt Markworth, Rand Brown","2013-08-11","http%3A%2F%2Fwww.ents-bbs.org%2Fviewtopic.php%3Ff%3D111%26t%3D5587","N"
"Black Oak","Quercus velutina","Ohio","Lucas","Oak Openings Preserve","","","A Toledo MetroPark near Swanton, Ohio","","161497","1","","","","Public","82.4'","Clinometer/laser rangefinder/sine","13.7'","164''","110.0'","crown spread is maximum. Average is 107.5'","Matt Markworth, Rand Brown","2013-08-11","http%3A%2F%2Fwww.ents-bbs.org%2Fviewtopic.php%3Ff%3D111%26t%3D5587","N"
"White Oak","Quercus alba","Ohio","Lucas","Oak Openings Preserve","","","A Toledo MetroPark near Swanton, Ohio","","161500","1","","","","Public","59.1'","Clinometer/laser rangefinder/sine","11.3'","136''","87.0'","Crown spread is maximum, average is 81'","Matt Markworth, Rand Brown","2013-08-11","http%3A%2F%2Fwww.ents-bbs.org%2Fviewtopic.php%3Ff%3D111%26t%3D5587","N"
"White Oak","Quercus alba","Ohio","Lucas","Oak Openings Preserve","","","A Toledo MetroPark near Swanton, Ohio","","161501","1","","","","Public","65.6'","Clinometer/laser rangefinder/sine","12.7'","152''","93.5'","","Matt Markworth, Rand Brown","2013-08-11","http%3A%2F%2Fwww.ents-bbs.org%2Fviewtopic.php%3Ff%3D111%26t%3D5587","N"
"American Sycamore","Platanus occidentalis","Ohio","Lucas","Pearson Metro Park","","","","","168572","1","","","","Public","115.6'","Clinometer/laser rangefinder/sine","10.8'","129''","","","Will Blozan","2009-06-28","http%3A%2F%2Fwww.nativetreesociety.org%2Ffieldtrips%2Fohio%2F20090629-pearson%2Fpearson_metropark.htm","N"
"American Sycamore","Platanus occidentalis","Ohio","Lucas","Pearson Metro Park","","","","","168573","1","","","","Public","127.1'","Clinometer/laser rangefinder/sine","6.6'","79''","","","Will Blozan","2009-06-28","http%3A%2F%2Fwww.nativetreesociety.org%2Ffieldtrips%2Fohio%2F20090629-pearson%2Fpearson_metropark.htm","N"
"American Sycamore","Platanus occidentalis","Ohio","Lucas","Pearson Metro Park","","","","","168574","1","","","","Public","131.0'","","8.9'","107''","","","Will Blozan","2009-06-28","http%3A%2F%2Fwww.nativetreesociety.org%2Ffieldtrips%2Fohio%2F20090629-pearson%2Fpearson_metropark.htm","N"
"American Sycamore","Platanus occidentalis","Ohio","Lucas","Pearson Metro Park","","","","","168575","1","","","","Public","134.6'","","9.3'","112''","","","Will Blozan","2009-06-28","http%3A%2F%2Fwww.nativetreesociety.org%2Ffieldtrips%2Fohio%2F20090629-pearson%2Fpearson_metropark.htm","N"
"Bur Oak","Quercus macrocarpa var. macrocarpa","Ohio","Lucas","Pearson Metro Park","","","","","168578","1","","","","Public","117.0'","","9.8'","117''","","","Will Blozan","2009-06-28","http%3A%2F%2Fwww.nativetreesociety.org%2Ffieldtrips%2Fohio%2F20090629-pearson%2Fpearson_metropark.htm","N"
"Eastern Cottonwood","Populus deltoides","Ohio","Lucas","Pearson Metro Park","","","","","168587","1","","","","Public","132.1'","Clinometer/laser rangefinder/sine","11.0'","132''","","","Will Blozan","2009-06-28","http%3A%2F%2Fwww.nativetreesociety.org%2Ffieldtrips%2Fohio%2F20090629-pearson%2Fpearson_metropark.htm","N"
"Northern Red Oak","Quercus rubra","Ohio","Lucas","Pearson Metro Park","","","","","168576","1","","","","Public","107.5'","Clinometer/laser rangefinder/sine","13.1'","157''","","","Will Blozan","2009-06-28","http%3A%2F%2Fwww.nativetreesociety.org%2Ffieldtrips%2Fohio%2F20090629-pearson%2Fpearson_metropark.htm","N"
"Northern Red Oak","Quercus rubra","Ohio","Lucas","Pearson Metro Park","","","","","168577","1","","","","Public","120.0'","Clinometer/laser rangefinder/sine","9.1'","109''","","","Will Blozan","2009-06-28","http%3A%2F%2Fwww.nativetreesociety.org%2Ffieldtrips%2Fohio%2F20090629-pearson%2Fpearson_metropark.htm","N"
"Pin Oak","Quercus palustris","Ohio","Lucas","Pearson Metro Park","","","","","168582","1","","","","Public","106.8'","Clinometer/laser rangefinder/sine","10.7'","128''","","","Will Blozan","2009-06-28","http%3A%2F%2Fwww.nativetreesociety.org%2Ffieldtrips%2Fohio%2F20090629-pearson%2Fpearson_metropark.htm","N"
"Red Maple","Acer rubrum","Ohio","Lucas","Pearson Metro Park","","","","","168589","1","","","","Public","113.3'","Clinometer/laser rangefinder/sine","7.8'","94''","","","Will Blozan","2009-06-28","http%3A%2F%2Fwww.nativetreesociety.org%2Ffieldtrips%2Fohio%2F20090629-pearson%2Fpearson_metropark.htm","N"
"Red Maple","Acer rubrum","Ohio","Lucas","Pearson Metro Park","","","","","168590","1","","","","Public","118.6'","Clinometer/laser rangefinder/sine","10.3'","123''","","","Will Blozan","2009-06-28","http%3A%2F%2Fwww.nativetreesociety.org%2Ffieldtrips%2Fohio%2F20090629-pearson%2Fpearson_metropark.htm","N"
"Shumard's Oak","Quercus shumardii","Ohio","Lucas","Pearson Metro Park","","","","","168579","1","","","","Public","114.2'","Clinometer/laser rangefinder/sine","14.5'","174''","","","Will Blozan","2009-06-28","http%3A%2F%2Fwww.nativetreesociety.org%2Ffieldtrips%2Fohio%2F20090629-pearson%2Fpearson_metropark.htm","N"
"Shumard's Oak","Quercus shumardii","Ohio","Lucas","Pearson Metro Park","","","","","168580","1","","","","Public","121.2'","Clinometer/laser rangefinder/sine","10.7'","128''","","","Will Blozan","2009-06-28","http%3A%2F%2Fwww.nativetreesociety.org%2Ffieldtrips%2Fohio%2F20090629-pearson%2Fpearson_metropark.htm","N"
"Shumard's Oak","Quercus shumardii","Ohio","Lucas","Pearson Metro Park","","","","","168581","1","","","","Public","123.8'","Clinometer/laser rangefinder/sine","9.7'","117''","","","Will Blozan","2009-06-28","http%3A%2F%2Fwww.nativetreesociety.org%2Ffieldtrips%2Fohio%2F20090629-pearson%2Fpearson_metropark.htm","N"
"Silver Maple","Acer saccharinum","Ohio","Lucas","Pearson Metro Park","","","","","168583","1","","","","Public","119.1'","Clinometer/laser rangefinder/sine","9.4'","113''","","","Will Blozan","2009-06-28","http%3A%2F%2Fwww.nativetreesociety.org%2Ffieldtrips%2Fohio%2F20090629-pearson%2Fpearson_metropark.htm","N"
"Silver Maple","Acer saccharinum","Ohio","Lucas","Pearson Metro Park","","","","","168584","1","","","","Public","120.3'","Clinometer/laser rangefinder/sine","11.6'","140''","","","Will Blozan","2009-06-28","http%3A%2F%2Fwww.nativetreesociety.org%2Ffieldtrips%2Fohio%2F20090629-pearson%2Fpearson_metropark.htm","N"
"Silver Maple","Acer saccharinum","Ohio","Lucas","Pearson Metro Park","","","","","168585","1","","","","Public","125.3'","Clinometer/laser rangefinder/sine","10.0'","120''","","","Will Blozan","2009-06-28","http%3A%2F%2Fwww.nativetreesociety.org%2Ffieldtrips%2Fohio%2F20090629-pearson%2Fpearson_metropark.htm","N"
"Silver Maple","Acer saccharinum","Ohio","Lucas","Pearson Metro Park","","","","","168586","1","","","","Public","126.1'","Clinometer/laser rangefinder/sine","10.5'","126''","","","Will Blozan","2009-06-28","http%3A%2F%2Fwww.nativetreesociety.org%2Ffieldtrips%2Fohio%2F20090629-pearson%2Fpearson_metropark.htm","N"
"Slippery Elm","Ulmus rubra","Ohio","Lucas","Pearson Metro Park","","","","","168591","1","","","","Public","100.5'","Clinometer/laser rangefinder/sine","5.7'","68''","","","Will Blozan","2009-06-28","http%3A%2F%2Fwww.nativetreesociety.org%2Ffieldtrips%2Fohio%2F20090629-pearson%2Fpearson_metropark.htm","N"
"White Ash","Fraxinus americana","Ohio","Lucas","Pearson Metro Park","","","","","168588","1","","","","Public","123.6'","Clinometer/laser rangefinder/sine","7.9'","94''","","","Will Blozan","2009-06-28","http%3A%2F%2Fwww.nativetreesociety.org%2Ffieldtrips%2Fohio%2F20090629-pearson%2Fpearson_metropark.htm","N"
"Eastern Cottonwood","Populus deltoides","Ohio","Lucas","Swan Creek Preserve","","","","","9991","1","","","","public","121.7'","","18.8'","226''","","","Will Blozan","2009-06-21","","N"
"Eastern Cottonwood","Populus deltoides","Ohio","Lucas","Swan Creek Preserve","","","","","9992","1","","","","public","125.1'","","14.4'","173''","","","Will Blozan","2009-06-21","","N"
"Eastern Cottonwood","Populus deltoides","Ohio","Lucas","Swan Creek Preserve","","","","","9993","1","","","","public","125.3'","","15.0'","179''","","","Will Blozan","2009-06-21","","N"
"Eastern Cottonwood","Populus deltoides","Ohio","Lucas","Swan Creek Preserve","","","","","9994","1","","","","public","125.8'","","18.3'","219''","","","Will Blozan","2009-06-21","","N"
"Eastern Cottonwood","Populus deltoides","Ohio","Lucas","Swan Creek Preserve","","","","","9995","1","","","","public","130.5'","","14.8'","178''","","","Will Blozan","2009-06-21","","N"
"Eastern Redbud","Cercis canadensis","Ohio","Lucas","Swan Creek Preserve","","","","","9997","1","","","","public","39.7'","","3.8'","46''","","","Will Blozan","2009-06-21","","N"
"Freeman Maple","Acer ×freemanii","Ohio","Lucas","Swan Creek Preserve","","","","","10000","1","","","","public","128.1'","","10.6'","127''","","","Will Blozan","2009-06-21","","N"
"Honeylocust","Gleditsia triacanthos","Ohio","Lucas","Swan Creek Preserve","","","","","9998","1","","","","public","100.8'","","8.1'","97''","","","Will Blozan","2009-06-21","","N"
"Ohio Buckeye","Aesculus glabra","Ohio","Lucas","Swan Creek Preserve","","","","","10001","1","","","","public","92.7'","","7.2'","86''","","","Will Blozan","2009-06-21","","N"
"Sassafras","Sassafras albidum","Ohio","Lucas","Swan Creek Preserve","","","","","9996","1","","","","public","106.9'","","5.2'","62''","","","Will Blozan","2009-06-21","","N"
"Silver Maple","Acer saccharinum","Ohio","Lucas","Swan Creek Preserve","","","","","9999","1","","","","public","121.2'","","7.9'","95''","","","Will Blozan","2009-06-21","","N"
"Bur Oak","Quercus macrocarpa var. macrocarpa","Ohio","Madison","Rosedale","","","","","169312","1","","","","Private","","Clinometer/laser rangefinder/sine","0.9'","10''","","Top out.","Matt Markworth","2016-04-25","http%3A%2F%2Fwww.ents-bbs.org%2Fviewtopic.php%3Ff%3D111%26t%3D7669%23p37581","N"
"Bur Oak","Quercus macrocarpa var. macrocarpa","Ohio","Madison","Rosedale","","","","","169313","1","","","","Private","62.5'","Clinometer/laser rangefinder/sine","13.3'","159''","","Tree located in London.","Matt Markworth","2016-04-25","http%3A%2F%2Fwww.ents-bbs.org%2Fviewtopic.php%3Ff%3D111%26t%3D7669%23p37581","N"
"Bur Oak","Quercus macrocarpa var. macrocarpa","Ohio","Madison","Rosedale","","","","","169310","1","","","","Private","80.0'","Clinometer/laser rangefinder/sine","11.5'","138''","","","Matt Markworth","2016-04-25","http%3A%2F%2Fwww.ents-bbs.org%2Fviewtopic.php%3Ff%3D111%26t%3D7669%23p37581","N"
"Bur Oak","Quercus macrocarpa var. macrocarpa","Ohio","Madison","Rosedale","","","","","169311","1","","","","Private","82.5'","Clinometer/laser rangefinder/sine","10.1'","121''","","","Matt Markworth","2016-04-25","http%3A%2F%2Fwww.ents-bbs.org%2Fviewtopic.php%3Ff%3D111%26t%3D7669%23p37581","N"
"Bur Oak","Quercus macrocarpa var. macrocarpa","Ohio","Madison","Smith Cemetery State Nature Preserve","","","4400 Boyd Road, Plain City, Ohio
0.6 acres","","169303","1","","","","Public -state","54.0'","Clinometer/laser rangefinder/sine","11.5'","138''","","","Matt Markworth","2016-04-25","http%3A%2F%2Fwww.ents-bbs.org%2Fviewtopic.php%3Ff%3D111%26t%3D7669%23p37581","N"
"Bur Oak","Quercus macrocarpa var. macrocarpa","Ohio","Madison","Smith Cemetery State Nature Preserve","","","4400 Boyd Road, Plain City, Ohio
0.6 acres","","169301","1","","","","Public -state","65.5'","Clinometer/laser rangefinder/sine","12.6'","151''","","","Matt Markworth","2016-04-25","http%3A%2F%2Fwww.ents-bbs.org%2Fviewtopic.php%3Ff%3D111%26t%3D7669%23p37581","N"
"Bur Oak","Quercus macrocarpa var. macrocarpa","Ohio","Madison","Smith Cemetery State Nature Preserve","","","4400 Boyd Road, Plain City, Ohio
0.6 acres","","169302","1","","","","Public -state","65.5'","Clinometer/laser rangefinder/sine","11.6'","139''","","","Matt Markworth","2016-04-25","http%3A%2F%2Fwww.ents-bbs.org%2Fviewtopic.php%3Ff%3D111%26t%3D7669%23p37581","N"
"American Basswood","Tilia americana","Ohio","Mahoning","Kyle Woods, OH","","","","","166951","1","","","","public","","Clinometer/laser rangefinder/sine","11.5'","138''","","","Thomas Diggins","2003-04-04","","N"
"American Basswood","Tilia americana","Ohio","Mahoning","Kyle Woods, OH","","","","","11099","1","","","","public","109.9'","","11.3'","136''","","","Thomas Diggins","2004-03-18","","N"
"American Beech","Fagus grandifolia","Ohio","Mahoning","Kyle Woods, OH","","","","","166937","1","","","","public","","Clinometer/laser rangefinder/sine","7.7'","92''","","","Thomas Diggins","2003-04-04","","N"
"American Beech","Fagus grandifolia","Ohio","Mahoning","Kyle Woods, OH","","","","","11101","1","","","","public","106.6'","","5.3'","64''","","","Thomas Diggins","2004-03-18","","N"
"Bitternut Hickory","Carya cordiformis","Ohio","Mahoning","Kyle Woods, OH","","","","","166940","1","","","","public","","Clinometer/laser rangefinder/sine","5.0'","60''","","","Thomas Diggins","2003-04-04","","N"
"Bitternut Hickory","Carya cordiformis","Ohio","Mahoning","Kyle Woods, OH","","","","","166941","1","","","","public","","Clinometer/laser rangefinder/sine","4.5'","54''","","","Thomas Diggins","2003-04-04","","N"
"Bitternut Hickory","Carya cordiformis","Ohio","Mahoning","Kyle Woods, OH","","","","","11097","1","","","","public","115.2'","","6.5'","78''","","","Thomas Diggins","2004-03-18","","N"
"Black Cherry","Prunus serotina","Ohio","Mahoning","Kyle Woods, OH","","","","","11102","1","","","","public","106.8'","","7.5'","90''","","","Thomas Diggins","2004-03-18","","N"
"Black Cherry","Prunus serotina var. serotina","Ohio","Mahoning","Kyle Woods, OH","","","","","166949","1","","","","public","","Clinometer/laser rangefinder/sine","6.0'","72''","","","Thomas Diggins","2003-04-04","","N"
"Black Oak","Quercus velutina","Ohio","Mahoning","Kyle Woods, OH","","","","","166948","1","","","","public","","Clinometer/laser rangefinder/sine","9.3'","112''","","","Thomas Diggins","2003-04-04","","N"
"Black Oak","Quercus velutina","Ohio","Mahoning","Kyle Woods, OH","","","","","11113","1","","","","public","100.2'","","9.4'","113''","","","Thomas Diggins","2004-03-18","","N"
"Black Walnut","Juglans nigra","Ohio","Mahoning","Kyle Woods, OH","","","","","166952","1","","","","public","","Clinometer/laser rangefinder/sine","6.0'","72''","","","Thomas Diggins","2003-04-04","","N"
"Blackgum","Nyssa sylvatica","Ohio","Mahoning","Kyle Woods, OH","","","","","166950","1","","","","public","","Clinometer/laser rangefinder/sine","5.3'","63''","","","Thomas Diggins","2003-04-04","","N"
"Cucumber-Tree","Magnolia acuminata","Ohio","Mahoning","Kyle Woods, OH","","","","","11103","1","","","","public","107.8'","","9.3'","111''","","","Thomas Diggins","2004-03-18","","N"
"Northern Red Oak","Quercus rubra","Ohio","Mahoning","Kyle Woods, OH","","","","","166933","1","","","","public","","Clinometer/laser rangefinder/sine","11.9'","143''","","","Thomas Diggins","2003-04-04","","N"
"Northern Red Oak","Quercus rubra","Ohio","Mahoning","Kyle Woods, OH","","","","","166934","1","","","","public","","Clinometer/laser rangefinder/sine","5.8'","69''","","","Thomas Diggins","2003-04-04","","N"
"Northern Red Oak","Quercus rubra","Ohio","Mahoning","Kyle Woods, OH","","","","","11114","1","","","","public","111.2'","","","","","","Thomas Diggins","2004-03-18","","N"
"Pin Oak","Quercus palustris","Ohio","Mahoning","Kyle Woods, OH","","","","","11112","1","","","","public","110.7'","","10.6'","127''","","","Thomas Diggins","2004-03-18","","N"
"Pin Oak","Quercus palustris","Ohio","Mahoning","Kyle Woods, OH","","","","","11111","1","","","","public","113.5'","","6.0'","72''","","","Thomas Diggins","2004-03-18","","N"
"Pin Oak","Quercus palustris","Ohio","Mahoning","Kyle Woods, OH","","","","","11110","1","","","","public","117.0'","","7.2'","86''","","","Thomas Diggins","2004-03-18","","N"
"Red Maple","Acer rubrum","Ohio","Mahoning","Kyle Woods, OH","","","","","166944","1","","","","public","","Clinometer/laser rangefinder/sine","10.3'","124''","","","Thomas Diggins","2003-04-04","","N"
"Red Maple","Acer rubrum","Ohio","Mahoning","Kyle Woods, OH","","","","","166945","1","","","","public","","Clinometer/laser rangefinder/sine","7.6'","91''","","","Thomas Diggins","2003-04-04","","N"
"Red Maple","Acer rubrum","Ohio","Mahoning","Kyle Woods, OH","","","","","11093","1","","","","public","115.6'","","8.3'","100''","","","Thomas Diggins","2004-03-18","","N"
"Sassafras","Sassafras albidum","Ohio","Mahoning","Kyle Woods, OH","","","","","11106","1","","","","public","97.2'","","","","","","Thomas Diggins","2004-03-18","","N"
"Sassafras","Sassafras albidum","Ohio","Mahoning","Kyle Woods, OH","","","","","11105","1","","","","public","102.5'","","5.9'","71''","","","Thomas Diggins","2004-03-18","","N"
"Sassafras","Sassafras albidum","Ohio","Mahoning","Kyle Woods, OH","","","","","11104","1","","","","public","102.8'","","4.2'","50''","","","Thomas Diggins","2004-03-18","","N"
"Shagbark Hickory","Carya ovata","Ohio","Mahoning","Kyle Woods, OH","","","","","166942","1","","","","public","","Clinometer/laser rangefinder/sine","5.6'","67''","","","Thomas Diggins","2003-04-04","","N"
"Shagbark Hickory","Carya ovata","Ohio","Mahoning","Kyle Woods, OH","","","","","166943","1","","","","public","","Clinometer/laser rangefinder/sine","5.3'","63''","","","Thomas Diggins","2003-04-04","","N"
"Shagbark Hickory","Carya ovata","Ohio","Mahoning","Kyle Woods, OH","","","","","11098","1","","","","public","114.8'","","5.2'","62''","","","Thomas Diggins","2004-03-18","","N"
"Sugar Maple","Acer saccharum","Ohio","Mahoning","Kyle Woods, OH","","","","","166935","1","","","","public","","Clinometer/laser rangefinder/sine","10.8'","130''","","","Thomas Diggins","2003-04-04","","N"
"Sugar Maple","Acer saccharum","Ohio","Mahoning","Kyle Woods, OH","","","","","166936","1","","","","public","","Clinometer/laser rangefinder/sine","6.3'","76''","","","Thomas Diggins","2003-04-04","","N"
"Sugar Maple","Acer saccharum","Ohio","Mahoning","Kyle Woods, OH","","","","","11092","1","","","","public","117.2'","","9.9'","119''","","","Thomas Diggins","2004-03-18","","N"
"Tuliptree","Liriodendron tulipifera","Ohio","Mahoning","Kyle Woods, OH","","","","","166938","1","","","","public","","Clinometer/laser rangefinder/sine","9.9'","119''","","","Thomas Diggins","2003-04-04","","N"
"Tuliptree","Liriodendron tulipifera","Ohio","Mahoning","Kyle Woods, OH","","","","","166939","1","","","","public","","Clinometer/laser rangefinder/sine","8.3'","99''","","","Thomas Diggins","2003-04-04","","N"
"Tuliptree","Liriodendron tulipifera","Ohio","Mahoning","Kyle Woods, OH","","","","","11095","1","","","","public","121.1'","","8.3'","99''","","","Thomas Diggins","2004-03-18","","N"
"Tuliptree","Liriodendron tulipifera","Ohio","Mahoning","Kyle Woods, OH","","","","","11096","1","","","","public","122.0'","","","","","","Thomas Diggins","2004-03-18","","N"
"Tuliptree","Liriodendron tulipifera","Ohio","Mahoning","Kyle Woods, OH","","","","","11094","1","","","","public","123.1'","","9.0'","108''","","","Thomas Diggins","2004-03-18","","N"
"White Ash","Fraxinus americana","Ohio","Mahoning","Kyle Woods, OH","","","","","166946","1","","","","public","","Clinometer/laser rangefinder/sine","8.9'","107''","","","Thomas Diggins","2003-04-04","","N"
"White Ash","Fraxinus americana","Ohio","Mahoning","Kyle Woods, OH","","","","","166947","1","","","","public","","Clinometer/laser rangefinder/sine","6.4'","77''","","","Thomas Diggins","2003-04-04","","N"
"White Ash","Fraxinus americana","Ohio","Mahoning","Kyle Woods, OH","","","","","11100","1","","","","public","116.0'","","4.8'","58''","","","Thomas Diggins","2004-03-18","","N"
"White Oak","Quercus alba","Ohio","Mahoning","Kyle Woods, OH","","","","","166931","1","","","","public","","Clinometer/laser rangefinder/sine","12.5'","150''","","","Thomas Diggins","2003-04-04","","N"
"White Oak","Quercus alba","Ohio","Mahoning","Kyle Woods, OH","","","","","166932","1","","","","public","","Clinometer/laser rangefinder/sine","7.8'","93''","","","Thomas Diggins","2003-04-04","","N"
"White Oak","Quercus alba","Ohio","Mahoning","Kyle Woods, OH","","","","","11108","1","","","","public","101.2'","","13.3'","159''","75.0'","","Thomas Diggins","2004-03-18","","N"
"White Oak","Quercus alba","Ohio","Mahoning","Kyle Woods, OH","","","","","11109","1","","","","public","101.8'","","","","","","Thomas Diggins","2004-03-18","","N"
"White Oak","Quercus alba","Ohio","Mahoning","Kyle Woods, OH","","","","","11107","1","","","","public","105.9'","","11.3'","136''","","","Thomas Diggins","2004-03-18","","N"
"American Sycamore","Platanus occidentalis","Ohio","Mahoning","Mill Creek Park, Youngstown, OH","","","","","9767","1","","","","public","123.1'","","","","","","Thomas Diggins","2003-07-13","","N"
"Black Cherry","Prunus serotina","Ohio","Mahoning","Mill Creek Park, Youngstown, OH","","","","","9770","1","","","","public","114.2'","","6.8'","82''","","","Thomas Diggins","2003-07-13","","N"
"Eastern Hemlock","Tsuga canadensis","Ohio","Mahoning","Mill Creek Park, Youngstown, OH","","","","","9771","1","","","","public","113.8'","","","","","","Thomas Diggins","2003-07-13","","N"
"Northern Red Oak","Quercus rubra","Ohio","Mahoning","Mill Creek Park, Youngstown, OH","","","","","9768","1","","","","public","122.6'","","9.8'","118''","","","Thomas Diggins","2003-07-13","","N"
"Red Maple","Acer rubrum","Ohio","Mahoning","Mill Creek Park, Youngstown, OH","","","","","9772","1","","","","public","110.7'","","7.9'","95''","","","Thomas Diggins","2003-07-13","","N"
"Slippery Elm","Ulmus rubra","Ohio","Mahoning","Mill Creek Park, Youngstown, OH","","","","","9773","1","","","","public","110.5'","","6.1'","73''","","","Thomas Diggins","2003-07-13","","N"
"Sugar Maple","Acer saccharum","Ohio","Mahoning","Mill Creek Park, Youngstown, OH","","","","","9775","1","","","","public","103.6'","","6.2'","74''","","","Thomas Diggins","2003-07-13","","N"
"Tuliptree","Liriodendron tulipifera","Ohio","Mahoning","Mill Creek Park, Youngstown, OH","","","","","9766","1","","","","public","137.7'","","10.5'","126''","","","Thomas Diggins","2003-07-13","","N"
"White Ash","Fraxinus americana","Ohio","Mahoning","Mill Creek Park, Youngstown, OH","","","","","9774","1","","","","public","104.5'","","5.2'","62''","","","Thomas Diggins","2003-07-13","","N"
"White Oak","Quercus alba","Ohio","Mahoning","Mill Creek Park, Youngstown, OH","","","","","9769","1","","","","public","118.1'","","8.8'","105''","","","Thomas Diggins","2003-07-13","","N"
"White Oak","Quercus alba","Ohio","Mahoning","Ohio Champion White Oak","","","","","9990","1","","","","Private","84.4'","","25.2'","302''","118.8'","","Doug Bidlack","2010-01-03","http%3A%2F%2Fgroups.google.com%2Fgroup%2Fentstrees%2Fbrowse_thread%2Fthread%2F070fef5232555c02%3Fhl%3Den","N"
"American Beech","Fagus grandifolia","Ohio","Mahoning","Poland Woods OH","","","","","9757","1","","","","public","111.7'","","8.7'","104''","","","Thomas Diggins","2004-03-25","","N"
"American Sycamore","Platanus occidentalis","Ohio","Mahoning","Poland Woods OH","","","","","9756","1","","","","public","113.1'","","16.0'","192''","","","Thomas Diggins","2004-03-25","","N"
"American Sycamore","Platanus occidentalis","Ohio","Mahoning","Poland Woods OH","","","","","9755","1","","","","public","114.2'","","16.5'","198''","","","Thomas Diggins","2004-03-25","","N"
"American Sycamore","Platanus occidentalis","Ohio","Mahoning","Poland Woods OH","","","","","9754","1","","","","public","121.6'","","18.5'","222''","","","Thomas Diggins","2004-03-25","","N"
"Bitternut Hickory","Carya cordiformis","Ohio","Mahoning","Poland Woods OH","","","","","9762","1","","","","public","107.9'","","6.3'","76''","","","Thomas Diggins","2004-03-25","","N"
"Blackgum","Nyssa sylvatica","Ohio","Mahoning","Poland Woods OH","","","","","9765","1","","","","public","103.9'","","9.1'","109''","","","Thomas Diggins","2004-03-25","","N"
"Kentucky Coffeetree","Gymnocladus dioicus","Ohio","Mahoning","Poland Woods OH","","","","","9758","1","","","","public","110.8'","","7.2'","86''","","","Thomas Diggins","2004-03-25","","N"
"Red Maple","Acer rubrum","Ohio","Mahoning","Poland Woods OH","","","","","9763","1","","","","public","107.6'","","11.9'","143''","","","Thomas Diggins","2004-03-25","","N"
"Scarlet Oak","Quercus coccinea","Ohio","Mahoning","Poland Woods OH","","","","","9759","1","","","","public","110.5'","","9.9'","119''","","","Thomas Diggins","2004-03-25","","N"
"Shagbark Hickory","Carya ovata","Ohio","Mahoning","Poland Woods OH","","","","","9760","1","","","","public","109.8'","","6.1'","73''","","","Thomas Diggins","2004-03-25","","N"
"Sugar Maple","Acer saccharum","Ohio","Mahoning","Poland Woods OH","","","","","9764","1","","","","public","106.2'","","8.3'","99''","","","Thomas Diggins","2004-03-25","","N"
"Tuliptree","Liriodendron tulipifera","Ohio","Mahoning","Poland Woods OH","","","","","9753","1","","","","public","112.7'","","6.3'","75''","","","Thomas Diggins","2004-03-25","","N"
"Tuliptree","Liriodendron tulipifera","Ohio","Mahoning","Poland Woods OH","","","","","9751","1","","","","public","123.2'","","11.0'","132''","","","Thomas Diggins","2004-03-25","","N"
"Tuliptree","Liriodendron tulipifera","Ohio","Mahoning","Poland Woods OH","","","","","9752","1","","","","public","126.6'","","9.3'","111''","","","Thomas Diggins","2004-03-25","","N"
"Tuliptree","Liriodendron tulipifera","Ohio","Mahoning","Poland Woods OH","","","","","9750","1","","","","public","128.5'","","8.2'","98''","","","Thomas Diggins","2004-03-25","","N"
"White Ash","Fraxinus americana","Ohio","Mahoning","Poland Woods OH","","","","","9761","1","","","","public","109.0'","","","","","","Thomas Diggins","2004-03-25","","N"
"American Beech","Fagus grandifolia","Ohio","Medina","Whipp's Ledges","","","","","2368","1","","","","Park","102.5'","Clinometer/laser rangefinder/sine","7.8'","94''","","","Steve Galehouse","2011-01-03","","N"
"American Beech","Fagus grandifolia","Ohio","Medina","Whipp's Ledges","","","","","166876","1","","","","Park","109.0'","Clinometer/laser rangefinder/sine","10.3'","123''","","","Steve Galehouse","2009-10-11","","N"
"Bitternut Hickory","Carya cordiformis","Ohio","Medina","Whipp's Ledges","41 13.032","-081 42.244","","","2366","1","41 13.032","-081 42.244","","Park","116.0'","","7.4'","89''","","","Steve Galehouse","2011-01-03","","N"
"Bitternut Hickory","Carya cordiformis","Ohio","Medina","Whipp's Ledges","","","","","2382","1","","","","Park","116.0'","Clinometer/laser rangefinder/sine","7.4'","89''","","","Steve Galehouse","2011-01-03","","N"
"Black Cherry","Prunus serotina","Ohio","Medina","Whipp's Ledges","","","","","2369","1","","","","Park","102.5'","Clinometer/laser rangefinder/sine","8.8'","105''","","","Steve Galehouse","2011-01-03","","N"
"Black Oak","Quercus velutina","Ohio","Medina","Whipp's Ledges","","","","","2370","1","","","","Park","102.5'","Clinometer/laser rangefinder/sine","11.7'","140''","","","Steve Galehouse","2011-01-03","","N"
"Blackgum","Nyssa sylvatica","Ohio","Medina","Whipp's Ledges","","","","","2371","1","","","","Park","102.5'","Clinometer/laser rangefinder/sine","9.3'","111''","","","Steve Galehouse","2011-01-03","","N"
"Blackgum","Nyssa sylvatica","Ohio","Medina","Whipp's Ledges","","","","","2374","1","","","","Park","105.1'","Clinometer/laser rangefinder/sine","6.2'","74''","","","Steve Galehouse","2011-01-03","","N"
"Cucumber-Tree","Magnolia acuminata","Ohio","Medina","Whipp's Ledges","","","","","166873","1","","","","Park","","Clinometer/laser rangefinder/sine","8.1'","97''","","","Steve Galehouse","2009-10-11","","N"
"Cucumber-Tree","Magnolia acuminata","Ohio","Medina","Whipp's Ledges","41 13.076","-081 42.254","","","2365","1","41 13.076","-081 42.254","","Park","102.0'","Clinometer/laser rangefinder/sine","11.2'","134''","","","Steve Galehouse","2011-01-03","","N"
"Cucumber-Tree","Magnolia acuminata","Ohio","Medina","Whipp's Ledges","","","","","2378","1","","","","Park","106.0'","Clinometer/laser rangefinder/sine","9.8'","117''","","","Steve Galehouse","2011-01-03","","N"
"Cucumber-Tree","Magnolia acuminata","Ohio","Medina","Whipp's Ledges","","","","","2379","1","","","","Park","107.0'","Clinometer/laser rangefinder/sine","8.3'","100''","","","Steve Galehouse","2011-01-03","","N"
"Cucumber-Tree","Magnolia acuminata","Ohio","Medina","Whipp's Ledges","","","","","2380","1","","","","Park","110.5'","Clinometer/laser rangefinder/sine","10.2'","122''","","","Steve Galehouse","2011-01-03","","N"
"Northern Red Oak","Quercus rubra","Ohio","Medina","Whipp's Ledges","","","","","166874","1","","","","Park","","Clinometer/laser rangefinder/sine","14.0'","168''","","","Steve Galehouse","2009-10-11","","N"
"Northern Red Oak","Quercus rubra","Ohio","Medina","Whipp's Ledges","","","","","2373","1","","","","Park","104.0'","Clinometer/laser rangefinder/sine","14.2'","170''","","","Steve Galehouse","2011-01-03","","N"
"Northern Red Oak","Quercus rubra","Ohio","Medina","Whipp's Ledges","","","","","2376","1","","","","Park","106.2'","Clinometer/laser rangefinder/sine","9.8'","118''","","","Steve Galehouse","2011-01-03","","N"
"Pignut Hickory","Carya glabra","Ohio","Medina","Whipp's Ledges","","","","","166872","1","","","","Park","111.0'","Clinometer/laser rangefinder/sine","6.5'","78''","","","Steve Galehouse","2009-10-11","","N"
"Red Maple","Acer rubrum","Ohio","Medina","Whipp's Ledges","","","","","2372","1","","","","Park","103.0'","Clinometer/laser rangefinder/sine","6.7'","80''","","","Steve Galehouse","2011-01-03","","N"
"Red Maple","Acer rubrum","Ohio","Medina","Whipp's Ledges","","","","","166875","1","","","","Park","107.0'","Clinometer/laser rangefinder/sine","9.8'","118''","","","Steve Galehouse","2009-10-11","","N"
"Red Maple","Acer rubrum","Ohio","Medina","Whipp's Ledges","","","","","2381","1","","","","Park","110.0'","Clinometer/laser rangefinder/sine","9.6'","115''","","","Steve Galehouse","2011-01-03","","N"
"Shagbark Hickory","Carya ovata","Ohio","Medina","Whipp's Ledges","","","","","2377","1","","","","Park","106.7'","Clinometer/laser rangefinder/sine","5.9'","71''","","","Steve Galehouse","2011-01-03","","N"
"Sugar Maple","Acer saccharum","Ohio","Medina","Whipp's Ledges","","","","","166877","1","","","","Park","","Clinometer/laser rangefinder/sine","9.2'","110''","","","Steve Galehouse","2009-10-11","","N"
"Sugar Maple","Acer saccharum","Ohio","Medina","Whipp's Ledges","","","","","2375","1","","","","Park","105.5'","Clinometer/laser rangefinder/sine","9.0'","108''","","","Steve Galehouse","2011-01-03","","N"
"Tuliptree","Liriodendron tulipifera","Ohio","Medina","Whipp's Ledges","41 13.074","-081 42.258","","","166871","1","41 13.074","-081 42.258","","Park","113.0'","Clinometer/laser rangefinder/sine","11.5'","138''","","","Steve Galehouse","2009-10-11","","N"
"Tuliptree","Liriodendron tulipifera","Ohio","Medina","Whipp's Ledges","","","","","2383","1","","","","Park","116.0'","Clinometer/laser rangefinder/sine","7.4'","89''","","","Steve Galehouse","2011-01-03","","N"
"Tuliptree","Liriodendron tulipifera","Ohio","Medina","Whipp's Ledges","","","","","2384","1","","","","Park","127.0'","Clinometer/laser rangefinder/sine","9.3'","112''","","","Steve Galehouse","2011-01-03","","N"
"Tuliptree","Liriodendron tulipifera","Ohio","Medina","Whipp's Ledges","","","","","2385","1","","","","Park","136.1'","Clinometer/laser rangefinder/sine","13.0'","156''","","","Steve Galehouse","2011-01-03","","N"
"White Oak","Quercus alba","Ohio","Medina","Whipp's Ledges","","","","","2367","1","","","","Park","102.1'","Clinometer/laser rangefinder/sine","8.4'","101''","","","Steve Galehouse","2011-01-03","","N"
"American Beech","Fagus grandifolia","Ohio","Montgomery","Germantown Metropark","","","","","230769","1","","","","Public - county","109.0'","Clinometer/laser rangefinder/sine","11.2'","134''","","","Matt Markworth","2014-03-10","http%3A%2F%2Fwww.ents-bbs.org%2Fviewtopic.php%3Ff%3D111%26t%3D4836","N"
"American Beech","Fagus grandifolia","Ohio","Montgomery","Germantown Metropark","","","","","230771","1","","","","Public - county","119.5'","Clinometer/laser rangefinder/sine","9.0'","108''","","","Matt Markworth","2014-03-10","http%3A%2F%2Fwww.ents-bbs.org%2Fviewtopic.php%3Ff%3D111%26t%3D4836","N"
"American Beech","Fagus grandifolia","Ohio","Montgomery","Germantown Metropark","","","","","230770","1","","","","Public - county","125.1'","Clinometer/laser rangefinder/sine","9.1'","109''","","","Matt Markworth","2014-03-10","http%3A%2F%2Fwww.ents-bbs.org%2Fviewtopic.php%3Ff%3D111%26t%3D4836","N"
"American Sycamore","Platanus occidentalis","Ohio","Montgomery","Germantown Metropark","","","","","35806","1","","","","Public - county","139.5'","Clinometer/laser rangefinder/sine","12.3'","148''","","","Matt Markworth","2013-04-06","http%3A%2F%2Fwww.ents-bbs.org%2Fviewtopic.php%3Ff%3D111%26t%3D4836","N"
"American Sycamore","Platanus occidentalis","Ohio","Montgomery","Germantown Metropark","","","","","230784","1","","","","Public - county","139.5'","Clinometer/laser rangefinder/sine","12.3'","147''","","","Matt Markworth","2014-03-10","http%3A%2F%2Fwww.ents-bbs.org%2Fviewtopic.php%3Ff%3D111%26t%3D4836","N"
"American Sycamore","Platanus occidentalis","Ohio","Montgomery","Germantown Metropark","","","","","230783","1","","","","Public - county","142.0'","Clinometer/laser rangefinder/sine","9.4'","113''","","","Matt Markworth","2014-03-10","http%3A%2F%2Fwww.ents-bbs.org%2Fviewtopic.php%3Ff%3D111%26t%3D4836","N"
"American Sycamore","Platanus occidentalis","Ohio","Montgomery","Germantown Metropark","39 38.410","-084 25.475","","","35808","1","39 38.410","-084 25.475","","Public - county","143.0'","Clinometer/laser rangefinder/sine","9.5'","114''","","","Matt Markworth","2013-03-30","http%3A%2F%2Fwww.ents-bbs.org%2Fviewtopic.php%3Ff%3D111%26t%3D4836","N"
"Bitternut Hickory","Carya cordiformis","Ohio","Montgomery","Germantown Metropark","","","","","230773","1","","","","Public - county","135.5'","Clinometer/laser rangefinder/sine","6.6'","79''","","","Matt Markworth","2014-03-10","http%3A%2F%2Fwww.ents-bbs.org%2Fviewtopic.php%3Ff%3D111%26t%3D4836","N"
"Bitternut Hickory","Carya cordiformis","Ohio","Montgomery","Germantown Metropark","","","","","230772","1","","","","Public - county","138.8'","Clinometer/laser rangefinder/sine","6.3'","75''","","","Matt Markworth","2014-03-10","http%3A%2F%2Fwww.ents-bbs.org%2Fviewtopic.php%3Ff%3D111%26t%3D4836","N"
"Black Walnut","Juglans nigra","Ohio","Montgomery","Germantown Metropark","","","","","35805","1","","","","Public - county","133.7'","Clinometer/laser rangefinder/sine","6.5'","78''","","","Matt Markworth","2013-04-06","http%3A%2F%2Fwww.ents-bbs.org%2Fviewtopic.php%3Ff%3D111%26t%3D4836","N"
"Black Walnut","Juglans nigra","Ohio","Montgomery","Germantown Metropark","","","","","230778","1","","","","Public - county","133.7'","Clinometer/laser rangefinder/sine","6.4'","77''","","","Matt Markworth","2014-03-10","http%3A%2F%2Fwww.ents-bbs.org%2Fviewtopic.php%3Ff%3D111%26t%3D4836","N"
"Boxelder","Acer negundo","Ohio","Montgomery","Germantown Metropark","","","","","230777","1","","","","Public - county","81.2'","Clinometer/laser rangefinder/sine","4.8'","57''","","","Matt Markworth","2014-03-10","http%3A%2F%2Fwww.ents-bbs.org%2Fviewtopic.php%3Ff%3D111%26t%3D4836","N"
"Boxelder","Acer negundo","Ohio","Montgomery","Germantown Metropark","","","","","230776","1","","","","Public - county","82.1'","Clinometer/laser rangefinder/sine","5.1'","61''","","","Matt Markworth","2014-03-10","http%3A%2F%2Fwww.ents-bbs.org%2Fviewtopic.php%3Ff%3D111%26t%3D4836","N"
"Eastern Cottonwood","Populus deltoides","Ohio","Montgomery","Germantown Metropark","","","","","230785","1","","","","Public - county","","Clinometer/laser rangefinder/sine","18.3'","220''","","","Matt Markworth","2014-03-10","http%3A%2F%2Fwww.ents-bbs.org%2Fviewtopic.php%3Ff%3D111%26t%3D4836","N"
"Eastern Cottonwood","Populus deltoides","Ohio","Montgomery","Germantown Metropark","","","","","230766","1","","","","Public - county","125.6'","Clinometer/laser rangefinder/sine","9.5'","114''","","","Matt Markworth","2014-03-10","http%3A%2F%2Fwww.ents-bbs.org%2Fviewtopic.php%3Ff%3D111%26t%3D4836","N"
"Eastern Cottonwood","Populus deltoides","Ohio","Montgomery","Germantown Metropark","","","","","230767","1","","","","Public - county","136.8'","Clinometer/laser rangefinder/sine","9.9'","119''","","","Matt Markworth","2014-03-10","http%3A%2F%2Fwww.ents-bbs.org%2Fviewtopic.php%3Ff%3D111%26t%3D4836","N"
"Slippery Elm","Ulmus rubra","Ohio","Montgomery","Germantown Metropark","","","","","230775","1","","","","Public - county","128.3'","Clinometer/laser rangefinder/sine","7.8'","94''","","","Matt Markworth","2014-03-10","http%3A%2F%2Fwww.ents-bbs.org%2Fviewtopic.php%3Ff%3D111%26t%3D4836","N"
"Sugar Maple","Acer saccharum","Ohio","Montgomery","Germantown Metropark","","","","","35807","1","","","","Public - county","122.8'","Clinometer/laser rangefinder/sine","6.9'","83''","","","Matt Markworth","2013-04-06","http%3A%2F%2Fwww.ents-bbs.org%2Fviewtopic.php%3Ff%3D111%26t%3D4836","N"
"Sugar Maple","Acer saccharum","Ohio","Montgomery","Germantown Metropark","","","","","230779","1","","","","Public - county","122.8'","Clinometer/laser rangefinder/sine","6.8'","81''","","","Matt Markworth","2014-03-10","http%3A%2F%2Fwww.ents-bbs.org%2Fviewtopic.php%3Ff%3D111%26t%3D4836","N"
"Tuliptree","Liriodendron tulipifera","Ohio","Montgomery","Germantown Metropark","","","","","230780","1","","","","Public - county","134.5'","Clinometer/laser rangefinder/sine","9.5'","114''","","","Matt Markworth","2014-03-10","http%3A%2F%2Fwww.ents-bbs.org%2Fviewtopic.php%3Ff%3D111%26t%3D4836","N"
"Tuliptree","Liriodendron tulipifera","Ohio","Montgomery","Germantown Metropark","","","","","230782","1","","","","Public - county","140.0'","Clinometer/laser rangefinder/sine","7.1'","85''","","","Matt Markworth","2014-03-10","http%3A%2F%2Fwww.ents-bbs.org%2Fviewtopic.php%3Ff%3D111%26t%3D4836","N"
"Tuliptree","Liriodendron tulipifera","Ohio","Montgomery","Germantown Metropark","","","","","230774","1","","","","Public - county","147.7'","Clinometer/laser rangefinder/sine","9.0'","108''","","","Matt Markworth","2014-03-10","http%3A%2F%2Fwww.ents-bbs.org%2Fviewtopic.php%3Ff%3D111%26t%3D4836","N"
"Tuliptree","Liriodendron tulipifera","Ohio","Montgomery","Germantown Metropark","","","","","230781","1","","","","Public - county","149.3'","Clinometer/laser rangefinder/sine","10.7'","128''","","","Matt Markworth","2014-03-10","http%3A%2F%2Fwww.ents-bbs.org%2Fviewtopic.php%3Ff%3D111%26t%3D4836","N"
"Tuliptree","Liriodendron tulipifera","Ohio","Montgomery","Germantown Metropark","","","","","35809","1","","","","Public - county","150.3'","Clinometer/laser rangefinder/sine","10.5'","126''","","","Matt Markworth","2013-01-01","http%3A%2F%2Fwww.ents-bbs.org%2Fviewtopic.php%3Ff%3D111%26t%3D4836","N"
"Tuliptree","Liriodendron tulipifera","Ohio","Montgomery","Germantown Metropark","39 38.602","-084 25.569","","","230635","2","39 38.602","-084 25.569","","Public - county","154.7'","Clinometer/laser rangefinder/sine","10.6'","127''","","Named ""Scholar""","Matt Markworth, Matt Markworth","2020-12-11","http%3A%2F%2Fwww.ents-bbs.org%2Fviewtopic.php%3Ff%3D111%26t%3D4836","N"
"Tuliptree","Liriodendron tulipifera","Ohio","Montgomery","Germantown Metropark","39 38.601","-084 25.588","","","230607","2","39 38.601","-084 25.588","","Public - county","161.0'","Clinometer/laser rangefinder/sine","10.4'","125''","","Named ""Emerson""","Matt Markworth, Matt Markworth","2020-12-11","http%3A%2F%2Fwww.ents-bbs.org%2Fviewtopic.php%3Ff%3D111%26t%3D4836","N"
"White Ash","Fraxinus americana","Ohio","Montgomery","Germantown Metropark","","","","","230765","1","","","","Public - county","135.0'","Clinometer/laser rangefinder/sine","9.5'","114''","","","Matt Markworth","2014-03-10","http%3A%2F%2Fwww.ents-bbs.org%2Fviewtopic.php%3Ff%3D111%26t%3D4836","N"
"White Oak","Quercus alba","Ohio","Montgomery","Germantown Metropark","","","","","230768","1","","","","Public - county","118.5'","Clinometer/laser rangefinder/sine","9.5'","114''","","","Matt Markworth","2014-03-10","http%3A%2F%2Fwww.ents-bbs.org%2Fviewtopic.php%3Ff%3D111%26t%3D4836","N"
"Bur Oak","Quercus macrocarpa var. macrocarpa","Ohio","Pickaway","Deer Creek State Park","","","2.337 acres in Pickaway and  Fayette County","","198024","1","","","","Public - state","","Clinometer/laser rangefinder/sine","12.8'","154''","","","Matt Markworth","2016-05-14","http%3A%2F%2Fwww.ents-bbs.org%2Fviewtopic.php%3Ff%3D111%26t%3D7669%26start%3D20%23p37822","N"
"Bur Oak","Quercus macrocarpa var. macrocarpa","Ohio","Pickaway","Deer Creek State Park","","","2.337 acres in Pickaway and  Fayette County","","198030","1","","","","Public - state","42.0'","Clinometer/laser rangefinder/sine","4.4'","53''","","Circumference taken at 4'","Matt Markworth","2016-05-14","http%3A%2F%2Fwww.ents-bbs.org%2Fviewtopic.php%3Ff%3D111%26t%3D7669%26start%3D20%23p37822","N"
"Bur Oak","Quercus macrocarpa var. macrocarpa","Ohio","Pickaway","Deer Creek State Park","","","2.337 acres in Pickaway and  Fayette County","","198029","1","","","","Public - state","50.5'","Clinometer/laser rangefinder/sine","4.6'","55''","","","Matt Markworth","2016-05-14","http%3A%2F%2Fwww.ents-bbs.org%2Fviewtopic.php%3Ff%3D111%26t%3D7669%26start%3D20%23p37822","N"
"Bur Oak","Quercus macrocarpa var. macrocarpa","Ohio","Pickaway","Deer Creek State Park","","","2.337 acres in Pickaway and  Fayette County","","198031","1","","","","Public - state","51.1'","Clinometer/laser rangefinder/sine","3.6'","43''","","","Matt Markworth","2016-05-14","http%3A%2F%2Fwww.ents-bbs.org%2Fviewtopic.php%3Ff%3D111%26t%3D7669%26start%3D20%23p37822","N"
"Bur Oak","Quercus macrocarpa var. macrocarpa","Ohio","Pickaway","Deer Creek State Park","","","2.337 acres in Pickaway and  Fayette County","","198026","1","","","","Public - state","51.5'","Clinometer/laser rangefinder/sine","8.6'","103''","","","Matt Markworth","2016-05-14","http%3A%2F%2Fwww.ents-bbs.org%2Fviewtopic.php%3Ff%3D111%26t%3D7669%26start%3D20%23p37822","N"
"Bur Oak","Quercus macrocarpa var. macrocarpa","Ohio","Pickaway","Deer Creek State Park","","","2.337 acres in Pickaway and  Fayette County","","198028","1","","","","Public - state","52.5'","Clinometer/laser rangefinder/sine","4.7'","56''","","","Matt Markworth","2016-05-14","http%3A%2F%2Fwww.ents-bbs.org%2Fviewtopic.php%3Ff%3D111%26t%3D7669%26start%3D20%23p37822","N"
"Bur Oak","Quercus macrocarpa var. macrocarpa","Ohio","Pickaway","Deer Creek State Park","","","2.337 acres in Pickaway and  Fayette County","","198023","1","","","","Public - state","58.0'","Clinometer/laser rangefinder/sine","15.4'","185''","","Top out","Matt Markworth","2016-05-14","http%3A%2F%2Fwww.ents-bbs.org%2Fviewtopic.php%3Ff%3D111%26t%3D7669%26start%3D20%23p37822","N"
"Bur Oak","Quercus macrocarpa var. macrocarpa","Ohio","Pickaway","Deer Creek State Park","","","2.337 acres in Pickaway and  Fayette County","","198025","1","","","","Public - state","65.5'","Clinometer/laser rangefinder/sine","8.8'","106''","","","Matt Markworth","2016-05-14","http%3A%2F%2Fwww.ents-bbs.org%2Fviewtopic.php%3Ff%3D111%26t%3D7669%26start%3D20%23p37822","N"
"Bur Oak","Quercus macrocarpa var. macrocarpa","Ohio","Pickaway","Deer Creek State Park","","","2.337 acres in Pickaway and  Fayette County","","198027","1","","","","Public - state","70.5'","Clinometer/laser rangefinder/sine","7.1'","85''","","","Matt Markworth","2016-05-14","http%3A%2F%2Fwww.ents-bbs.org%2Fviewtopic.php%3Ff%3D111%26t%3D7669%26start%3D20%23p37822","N"
"Bur Oak","Quercus macrocarpa var. macrocarpa","Ohio","Pickaway","Pickaway County","","","","","169314","1","","","","Private","75.0'","Clinometer/laser rangefinder/sine","15.7'","188''","","","Matt Markworth","2016-06-05","http%3A%2F%2Fwww.ents-bbs.org%2Fviewtopic.php%3Ff%3D111%26t%3D7669%26start%3D30","N"
"Post Oak","Quercus stellata","Ohio","Pickaway","Pickaway County","","","","","169317","1","","","","Private","","Clinometer/laser rangefinder/sine","9.1'","109''","","","Matt Markworth","2016-06-05","http%3A%2F%2Fwww.ents-bbs.org%2Fviewtopic.php%3Ff%3D111%26t%3D7669%26start%3D30","N"
"Post Oak","Quercus stellata","Ohio","Pickaway","Pickaway County","","","","","169318","1","","","","Private","53.5'","Clinometer/laser rangefinder/sine","7.3'","87''","","","Matt Markworth","2016-06-05","http%3A%2F%2Fwww.ents-bbs.org%2Fviewtopic.php%3Ff%3D111%26t%3D7669%26start%3D30","N"
"Post Oak","Quercus stellata","Ohio","Pickaway","Pickaway County","","","","","169315","1","","","","Private","54.0'","Clinometer/laser rangefinder/sine","10.1'","121''","","","Matt Markworth","2016-06-05","http%3A%2F%2Fwww.ents-bbs.org%2Fviewtopic.php%3Ff%3D111%26t%3D7669%26start%3D30","N"
"Post Oak","Quercus stellata","Ohio","Pickaway","Pickaway County","","","","","169316","1","","","","Private","60.5'","Clinometer/laser rangefinder/sine","9.5'","114''","","","Matt Markworth","2016-06-05","http%3A%2F%2Fwww.ents-bbs.org%2Fviewtopic.php%3Ff%3D111%26t%3D7669%26start%3D30","N"
"Tamarack","Larix laricina","Ohio","Portage","Kent Bog Nature Preserve","","","The largest self-sustaining population of tamarack in the state","","196035","1","","","","public","44.0'","Clinometer/laser rangefinder/sine","","","","base of tree not visible. added four feet from a bench on boardwalk to actual single triangle measurement of 40 ft. Height is an estimate.","Stefan Radivoyevitch","2019-09-25","","N"
"Tuliptree","Liriodendron tulipifera","Ohio","Ross","Tar Hollow State Forest","","","","","161080","1","","","","Public-state","135.0'","Clinometer/laser rangefinder/sine","10.6'","127''","","Height is Not Less Than (NLT)","Rand Brown","2010-05-30","http%3A%2F%2Fwww.ents-bbs.org%2Fviewtopic.php%3Ff%3D111%26t%3D743%23p2270","N"
"American Basswood","Tilia americana","Ohio","Seneca","Howard Collier State Nature Preserve","","","","","168483","1","","","","Public-state","103.0'","Clinometer/laser rangefinder/sine","9.3'","112''","","","Rand Brown","2011-01-19","http%3A%2F%2Fwww.ents-bbs.org%2Fviewtopic.php%3Ff%3D111%26t%3D1934%23p7148","N"
"American Basswood","Tilia americana","Ohio","Seneca","Howard Collier State Nature Preserve","","","","","168474","1","","","","Public-state","104.2'","Clinometer/laser rangefinder/sine","6.7'","80''","","","Rand Brown","2011-01-19","http%3A%2F%2Fwww.ents-bbs.org%2Fviewtopic.php%3Ff%3D111%26t%3D1934%23p7148","N"
"American Basswood","Tilia americana","Ohio","Seneca","Howard Collier State Nature Preserve","","","","","168472","1","","","","Public-state","107.9'","Clinometer/laser rangefinder/sine","7.2'","86''","","","Rand Brown","2011-01-19","http%3A%2F%2Fwww.ents-bbs.org%2Fviewtopic.php%3Ff%3D111%26t%3D1934%23p7148","N"
"American Beech","Fagus grandifolia","Ohio","Seneca","Howard Collier State Nature Preserve","","","","","168473","1","","","","Public-state","101.1'","Clinometer/laser rangefinder/sine","7.6'","91''","","","Rand Brown","2011-01-19","http%3A%2F%2Fwww.ents-bbs.org%2Fviewtopic.php%3Ff%3D111%26t%3D1934%23p7148","N"
"American Sycamore","Platanus occidentalis","Ohio","Seneca","Howard Collier State Nature Preserve","","","","","168478","1","","","","Public-state","122.5'","Clinometer/laser rangefinder/sine","6.0'","72''","","","Rand Brown","2011-01-19","http%3A%2F%2Fwww.ents-bbs.org%2Fviewtopic.php%3Ff%3D111%26t%3D1934%23p7148","N"
"Bitternut Hickory","Carya cordiformis","Ohio","Seneca","Howard Collier State Nature Preserve","","","","","168485","1","","","","Public-state","110.9'","Clinometer/laser rangefinder/sine","6.8'","81''","","","Rand Brown","2011-01-19","http%3A%2F%2Fwww.ents-bbs.org%2Fviewtopic.php%3Ff%3D111%26t%3D1934%23p7148","N"
"Black Walnut","Juglans nigra","Ohio","Seneca","Howard Collier State Nature Preserve","","","","","168470","1","","","","Public-state","99.7'","Clinometer/laser rangefinder/sine","5.8'","69''","","","Rand Brown","2011-01-19","http%3A%2F%2Fwww.ents-bbs.org%2Fviewtopic.php%3Ff%3D111%26t%3D1934%23p7148","N"
"Blue Ash","Fraxinus quadrangulata","Ohio","Seneca","Howard Collier State Nature Preserve","","","","","168486","1","","","","Public-state","107.2'","Clinometer/laser rangefinder/sine","7.3'","87''","","","Rand Brown","2011-01-19","http%3A%2F%2Fwww.ents-bbs.org%2Fviewtopic.php%3Ff%3D111%26t%3D1934%23p7148","N"
"Bur Oak","Quercus macrocarpa var. macrocarpa","Ohio","Seneca","Howard Collier State Nature Preserve","","","","","168479","1","","","","Public-state","107.5'","Clinometer/laser rangefinder/sine","12.5'","150''","","","Rand Brown","2011-01-19","http%3A%2F%2Fwww.ents-bbs.org%2Fviewtopic.php%3Ff%3D111%26t%3D1934%23p7148","N"
"Chinkapin Oak","Quercus muehlenbergii","Ohio","Seneca","Howard Collier State Nature Preserve","","","","","168481","1","","","","Public-state","99.3'","Clinometer/laser rangefinder/sine","7.7'","92''","","","Rand Brown","2011-01-19","http%3A%2F%2Fwww.ents-bbs.org%2Fviewtopic.php%3Ff%3D111%26t%3D1934%23p7148","N"
"Eastern Cottonwood","Populus deltoides","Ohio","Seneca","Howard Collier State Nature Preserve","","","","","168476","1","","","","Public-state","122.5'","Clinometer/laser rangefinder/sine","10.8'","130''","","","Rand Brown","2011-01-19","http%3A%2F%2Fwww.ents-bbs.org%2Fviewtopic.php%3Ff%3D111%26t%3D1934%23p7148","N"
"Eastern Cottonwood","Populus deltoides","Ohio","Seneca","Howard Collier State Nature Preserve","","","","","168477","1","","","","Public-state","125.2'","Clinometer/laser rangefinder/sine","10.3'","124''","","","Rand Brown","2011-01-19","http%3A%2F%2Fwww.ents-bbs.org%2Fviewtopic.php%3Ff%3D111%26t%3D1934%23p7148","N"
"Green Ash","Fraxinus pennsylvanica","Ohio","Seneca","Howard Collier State Nature Preserve","","","","","168475","1","","","","Public-state","103.9'","Clinometer/laser rangefinder/sine","8.3'","99''","","","Rand Brown","2011-01-19","http%3A%2F%2Fwww.ents-bbs.org%2Fviewtopic.php%3Ff%3D111%26t%3D1934%23p7148","N"
"Green Ash","Fraxinus pennsylvanica","Ohio","Seneca","Howard Collier State Nature Preserve","","","","","168482","1","","","","Public-state","118.2'","Clinometer/laser rangefinder/sine","8.5'","102''","","","Rand Brown","2011-01-19","http%3A%2F%2Fwww.ents-bbs.org%2Fviewtopic.php%3Ff%3D111%26t%3D1934%23p7148","N"
"Northern Red Oak","Quercus rubra","Ohio","Seneca","Howard Collier State Nature Preserve","","","","","168469","1","","","","Public-state","107.2'","Clinometer/laser rangefinder/sine","10.8'","130''","","","Rand Brown","2011-01-19","http%3A%2F%2Fwww.ents-bbs.org%2Fviewtopic.php%3Ff%3D111%26t%3D1934%23p7148","N"
"Shagbark Hickory","Carya ovata","Ohio","Seneca","Howard Collier State Nature Preserve","","","","","168487","1","","","","Public-state","114.0'","Clinometer/laser rangefinder/sine","","","","","Rand Brown","2011-01-19","http%3A%2F%2Fwww.ents-bbs.org%2Fviewtopic.php%3Ff%3D111%26t%3D1934%23p7148","N"
"Silver Maple","Acer saccharinum","Ohio","Seneca","Howard Collier State Nature Preserve","","","","","168480","1","","","","Public-state","115.9'","Clinometer/laser rangefinder/sine","9.0'","108''","","","Rand Brown","2011-01-19","http%3A%2F%2Fwww.ents-bbs.org%2Fviewtopic.php%3Ff%3D111%26t%3D1934%23p7148","N"
"Tuliptree","Liriodendron tulipifera","Ohio","Seneca","Howard Collier State Nature Preserve","","","","","168471","1","","","","Public-state","137.0'","Clinometer/laser rangefinder/sine","11.2'","134''","","","Rand Brown","2011-01-19","http%3A%2F%2Fwww.ents-bbs.org%2Fviewtopic.php%3Ff%3D111%26t%3D1934%23p7148","N"
"White Oak","Quercus alba","Ohio","Seneca","Howard Collier State Nature Preserve","","","","","168484","1","","","","Public-state","109.6'","Clinometer/laser rangefinder/sine","7.8'","94''","","","Rand Brown","2011-01-19","http%3A%2F%2Fwww.ents-bbs.org%2Fviewtopic.php%3Ff%3D111%26t%3D1934%23p7148","N"
"Bur Oak","Quercus macrocarpa var. macrocarpa","Ohio","Shelby","Gross Memorial Woods State Nature Preserve","","","49 acres","","168426","1","","","","Public-state","114.0'","Clinometer/laser rangefinder/sine","10.3'","124''","","","Rand Brown","2014-12-04","http%3A%2F%2Fwww.ents-bbs.org%2Fviewtopic.php%3Ff%3D111%26t%3D6768","N"
"Chinkapin Oak","Quercus muehlenbergii","Ohio","Shelby","Gross Memorial Woods State Nature Preserve","","","49 acres","","168427","1","","","","Public-state","97.4'","Clinometer/laser rangefinder/sine","7.0'","84''","","","Rand Brown","2014-12-04","http%3A%2F%2Fwww.ents-bbs.org%2Fviewtopic.php%3Ff%3D111%26t%3D6768","N"
"Northern Red Oak","Quercus rubra","Ohio","Shelby","Gross Memorial Woods State Nature Preserve","","","49 acres","","168431","1","","","","Public-state","102.4'","Clinometer/laser rangefinder/sine","11.2'","134''","","","Rand Brown","2014-12-04","http%3A%2F%2Fwww.ents-bbs.org%2Fviewtopic.php%3Ff%3D111%26t%3D6768","N"
"Shagbark Hickory","Carya ovata","Ohio","Shelby","Gross Memorial Woods State Nature Preserve","","","49 acres","","168424","1","","","","Public-state","104.0'","Clinometer/laser rangefinder/sine","6.4'","77''","","","Rand Brown","2014-12-04","http%3A%2F%2Fwww.ents-bbs.org%2Fviewtopic.php%3Ff%3D111%26t%3D6768","N"
"Swamp White Oak","Quercus bicolor","Ohio","Shelby","Gross Memorial Woods State Nature Preserve","","","49 acres","","168425","1","","","","Public-state","94.0'","Clinometer/laser rangefinder/sine","8.8'","106''","","","Rand Brown","2014-12-04","http%3A%2F%2Fwww.ents-bbs.org%2Fviewtopic.php%3Ff%3D111%26t%3D6768","N"
"Swamp White Oak","Quercus bicolor","Ohio","Shelby","Gross Memorial Woods State Nature Preserve","","","49 acres","","168428","1","","","","Public-state","97.0'","Clinometer/laser rangefinder/sine","12.1'","145''","","","Rand Brown","2014-12-04","http%3A%2F%2Fwww.ents-bbs.org%2Fviewtopic.php%3Ff%3D111%26t%3D6768","N"
"White Oak","Quercus alba","Ohio","Shelby","Gross Memorial Woods State Nature Preserve","","","49 acres","","168430","1","","","","Public-state","113.6'","Clinometer/laser rangefinder/sine","14.3'","172''","","","Rand Brown","2014-12-04","http%3A%2F%2Fwww.ents-bbs.org%2Fviewtopic.php%3Ff%3D111%26t%3D6768","N"
"White Oak","Quercus alba","Ohio","Shelby","Gross Memorial Woods State Nature Preserve","","","49 acres","","168429","1","","","","Public-state","116.0'","Clinometer/laser rangefinder/sine","11.6'","139''","","","Rand Brown","2014-12-04","http%3A%2F%2Fwww.ents-bbs.org%2Fviewtopic.php%3Ff%3D111%26t%3D6768","N"
"Cucumber-Tree","Magnolia acuminata","Ohio","Stark","Cucumber-Tree, North Canton","","","","","10103","1","","","","Private","90.5'","","24.5'","294''","84.0'","","Turner Sharp","2011-04-28","","N"
"Bigtooth Aspen","Populus grandidentata","Ohio","Summit","Boston Run","","","","","165839","1","","","","Public-national","95.0'","Clinometer/laser rangefinder/sine","","","","","Steve Galehouse","2011-10-23","http%3A%2F%2Fwww.ents-bbs.org%2Fviewtopic.php%3Ff%3D111%26t%3D3172","N"
"Bitternut Hickory","Carya cordiformis","Ohio","Summit","Boston Run","","","","","165834","1","","","","Public-national","110.9'","Clinometer/laser rangefinder/sine","","","","","Steve Galehouse","2011-10-23","http%3A%2F%2Fwww.ents-bbs.org%2Fviewtopic.php%3Ff%3D111%26t%3D3172","N"
"Blackgum","Nyssa sylvatica","Ohio","Summit","Boston Run","","","","","165838","1","","","","Public-national","104.4'","Clinometer/laser rangefinder/sine","","","","","Steve Galehouse","2011-10-23","http%3A%2F%2Fwww.ents-bbs.org%2Fviewtopic.php%3Ff%3D111%26t%3D3172","N"
"Cucumber-Tree","Magnolia acuminata","Ohio","Summit","Boston Run","","","","","165835","1","","","","Public-national","110.8'","Clinometer/laser rangefinder/sine","","","","","Steve Galehouse","2011-10-23","http%3A%2F%2Fwww.ents-bbs.org%2Fviewtopic.php%3Ff%3D111%26t%3D3172","N"
"Mockernut Hickory","Carya tomentosa","Ohio","Summit","Boston Run","","","","","165837","1","","","","Public-national","106.0'","Clinometer/laser rangefinder/sine","","","","","Steve Galehouse","2011-10-23","http%3A%2F%2Fwww.ents-bbs.org%2Fviewtopic.php%3Ff%3D111%26t%3D3172","N"
"Slippery Elm","Ulmus rubra","Ohio","Summit","Boston Run","","","","","165840","1","","","","Public-national","91.0'","Clinometer/laser rangefinder/sine","","","","","Steve Galehouse","2011-10-23","http%3A%2F%2Fwww.ents-bbs.org%2Fviewtopic.php%3Ff%3D111%26t%3D3172","N"
"Sugar Maple","Acer saccharum","Ohio","Summit","Boston Run","","","","","165836","1","","","","Public-national","108.7'","Clinometer/laser rangefinder/sine","","","","","Steve Galehouse","2011-10-23","http%3A%2F%2Fwww.ents-bbs.org%2Fviewtopic.php%3Ff%3D111%26t%3D3172","N"
"Tuliptree","Liriodendron tulipifera","Ohio","Summit","Boston Run","","","","","165833","1","","","","Public-national","133.2'","Clinometer/laser rangefinder/sine","","","","","Steve Galehouse","2011-10-23","http%3A%2F%2Fwww.ents-bbs.org%2Fviewtopic.php%3Ff%3D111%26t%3D3172","N"
"Yellow Birch","Betula alleghaniensis","Ohio","Summit","Boston Run","","","","","165841","1","","","","Public-national","76.0'","Clinometer/laser rangefinder/sine","","","","","Steve Galehouse","2011-10-23","http%3A%2F%2Fwww.ents-bbs.org%2Fviewtopic.php%3Ff%3D111%26t%3D3172","N"
"Cedar Of Lebanon","Cedrus libani","Ohio","Summit","Chestnut Hill Memorial Park","","","","","160820","1","","","","Private","63.0'","Clinometer/laser rangefinder/sine","","","","","Steve Galehouse","2009-11-23","http%3A%2F%2Fgroups.google.com%2Fgroup%2Fentstrees%2Fbrowse_thread%2Fthread%2F6406a60608c8c88f%3Fhl%3Den","N"
"Chinkapin","Castanea pumila","Ohio","Summit","Chestnut Hill Memorial Park","","","","","160822","1","","","","Private","39.6'","Clinometer/laser rangefinder/sine","3.2'","38''","","","Steve Galehouse","2009-11-23","http%3A%2F%2Fgroups.google.com%2Fgroup%2Fentstrees%2Fbrowse_thread%2Fthread%2F6406a60608c8c88f%3Fhl%3Den","N"
"Tree Of Heaven","Ailanthus altissima","Ohio","Summit","Chestnut Hill Memorial Park","","","","","160821","1","","","","Private","84.0'","Clinometer/laser rangefinder/sine","","","","","Steve Galehouse","2009-11-23","http%3A%2F%2Fgroups.google.com%2Fgroup%2Fentstrees%2Fbrowse_thread%2Fthread%2F6406a60608c8c88f%3Fhl%3Den","N"
"White Fir","Abies concolor","Ohio","Summit","Chestnut Hill Memorial Park","","","","","160819","1","","","","Private","84.0'","Clinometer/laser rangefinder/sine","","","","","Steve Galehouse","2009-11-23","http%3A%2F%2Fgroups.google.com%2Fgroup%2Fentstrees%2Fbrowse_thread%2Fthread%2F6406a60608c8c88f%3Fhl%3Den","N"
"American Basswood","Tilia americana","Ohio","Summit","Cuyahoga Valley Composite","","","This is a composite of the tallest trees by species previously recorded in a number of smaller sites within the Cuyahoga Valley, which are all part of the Akron/Summit County Metropark System or the Cuyahoga Valley National Park.","","63702","1","","","","Metropark, National Park","118.6'","Clinometer/laser rangefinder/sine","","","","Sand Run","Steve Galehouse, Rand Brown","2011-11-06","","N"
"American Beech","Fagus grandifolia","Ohio","Summit","Cuyahoga Valley Composite","","","This is a composite of the tallest trees by species previously recorded in a number of smaller sites within the Cuyahoga Valley, which are all part of the Akron/Summit County Metropark System or the Cuyahoga Valley National Park.","","63704","1","","","","Metropark, National Park","135.2'","Clinometer/laser rangefinder/sine","7.4'","89''","","","Steve Galehouse, Rand Brown","2011-11-06","","N"
"American Elm","Ulmus americana","Ohio","Summit","Cuyahoga Valley Composite","","","This is a composite of the tallest trees by species previously recorded in a number of smaller sites within the Cuyahoga Valley, which are all part of the Akron/Summit County Metropark System or the Cuyahoga Valley National Park.","","63705","1","","","","Metropark, National Park","119.0'","Clinometer/laser rangefinder/sine","8.0'","96''","","Hampton Hills","Steve Galehouse, Rand Brown","2011-11-06","","N"
"American Sycamore","Platanus occidentalis","Ohio","Summit","Cuyahoga Valley Composite","","","This is a composite of the tallest trees by species previously recorded in a number of smaller sites within the Cuyahoga Valley, which are all part of the Akron/Summit County Metropark System or the Cuyahoga Valley National Park.","","63692","1","","","","Metropark, National Park","154.5'","Clinometer/laser rangefinder/sine","8.8'","105''","67.0'","Everett Woods","Steve Galehouse, Rand Brown","2011-11-06","","N"
"Bitternut Hickory","Carya cordiformis","Ohio","Summit","Cuyahoga Valley Composite","","","This is a composite of the tallest trees by species previously recorded in a number of smaller sites within the Cuyahoga Valley, which are all part of the Akron/Summit County Metropark System or the Cuyahoga Valley National Park.","","63697","1","","","","Metropark, National Park","141.8'","Clinometer/laser rangefinder/sine","5.8'","70''","","Sand Run","Steve Galehouse, Rand Brown","2011-11-06","","N"
"Black Cherry","Prunus serotina","Ohio","Summit","Cuyahoga Valley Composite","","","This is a composite of the tallest trees by species previously recorded in a number of smaller sites within the Cuyahoga Valley, which are all part of the Akron/Summit County Metropark System or the Cuyahoga Valley National Park.","","63693","1","","","","Metropark, National Park","135.0'","Clinometer/laser rangefinder/sine","5.2'","62''","","Everett Woods","Steve Galehouse, Rand Brown","2011-11-06","","N"
"Black Maple","Acer nigrum","Ohio","Summit","Cuyahoga Valley Composite","","","This is a composite of the tallest trees by species previously recorded in a number of smaller sites within the Cuyahoga Valley, which are all part of the Akron/Summit County Metropark System or the Cuyahoga Valley National Park.","","63696","1","","","","Metropark, National Park","118.4'","Clinometer/laser rangefinder/sine","","","","Sand Run","Steve Galehouse, Rand Brown","2011-11-06","","N"
"Black Oak","Quercus velutina","Ohio","Summit","Cuyahoga Valley Composite","","","This is a composite of the tallest trees by species previously recorded in a number of smaller sites within the Cuyahoga Valley, which are all part of the Akron/Summit County Metropark System or the Cuyahoga Valley National Park.","","63708","1","","","","Metropark, National Park","129.0'","Clinometer/laser rangefinder/sine","9.2'","110''","","Everett Woods","Steve Galehouse, Rand Brown","2011-11-06","","N"
"Black Walnut","Juglans nigra","Ohio","Summit","Cuyahoga Valley Composite","","","This is a composite of the tallest trees by species previously recorded in a number of smaller sites within the Cuyahoga Valley, which are all part of the Akron/Summit County Metropark System or the Cuyahoga Valley National Park.","","63694","1","","","","Metropark, National Park","133.0'","Clinometer/laser rangefinder/sine","7.7'","92''","","Everett Woods","Steve Galehouse, Rand Brown","2011-11-06","","N"
"Blackgum","Nyssa sylvatica","Ohio","Summit","Cuyahoga Valley Composite","","","This is a composite of the tallest trees by species previously recorded in a number of smaller sites within the Cuyahoga Valley, which are all part of the Akron/Summit County Metropark System or the Cuyahoga Valley National Park.","","63713","1","","","","Metropark, National Park","97.7'","Clinometer/laser rangefinder/sine","","","","Everett Woods","Steve Galehouse, Rand Brown","2011-11-06","","N"
"Butternut","Juglans cinerea","Ohio","Summit","Cuyahoga Valley Composite","","","This is a composite of the tallest trees by species previously recorded in a number of smaller sites within the Cuyahoga Valley, which are all part of the Akron/Summit County Metropark System or the Cuyahoga Valley National Park.","","63711","1","","","","Metropark, National Park","95.0'","Clinometer/laser rangefinder/sine","","","","","Steve Galehouse, Rand Brown","2011-11-06","","N"
"Cucumber-Tree","Magnolia acuminata","Ohio","Summit","Cuyahoga Valley Composite","","","This is a composite of the tallest trees by species previously recorded in a number of smaller sites within the Cuyahoga Valley, which are all part of the Akron/Summit County Metropark System or the Cuyahoga Valley National Park.","","63689","1","","","","Metropark, National Park","132.0'","Clinometer/laser rangefinder/sine","7.0'","84''","","Ritchie Ledges","Steve Galehouse, Rand Brown","2011-11-06","","N"
"Eastern Cottonwood","Populus deltoides","Ohio","Summit","Cuyahoga Valley Composite","","","This is a composite of the tallest trees by species previously recorded in a number of smaller sites within the Cuyahoga Valley, which are all part of the Akron/Summit County Metropark System or the Cuyahoga Valley National Park.","","63700","1","","","","Metropark, National Park","143.4'","Clinometer/laser rangefinder/sine","7.8'","94''","","Sand Run","Steve Galehouse, Rand Brown","2011-11-06","","N"
"Eastern Hemlock","Tsuga canadensis","Ohio","Summit","Cuyahoga Valley Composite","","","This is a composite of the tallest trees by species previously recorded in a number of smaller sites within the Cuyahoga Valley, which are all part of the Akron/Summit County Metropark System or the Cuyahoga Valley National Park.","","63690","1","","","","Metropark, National Park","129.0'","Clinometer/laser rangefinder/sine","7.1'","85''","","Ritchie Ledges","Steve Galehouse, Rand Brown","2011-11-06","","N"
"Northern Red Oak","Quercus rubra","Ohio","Summit","Cuyahoga Valley Composite","","","This is a composite of the tallest trees by species previously recorded in a number of smaller sites within the Cuyahoga Valley, which are all part of the Akron/Summit County Metropark System or the Cuyahoga Valley National Park.","","63715","1","","","","Metropark, National Park","115.0'","Clinometer/laser rangefinder/sine","15.0'","180''","","O' Neill Woods","Steve Galehouse, Rand Brown","2011-11-06","","N"
"Northern Red Oak","Quercus rubra","Ohio","Summit","Cuyahoga Valley Composite","","","This is a composite of the tallest trees by species previously recorded in a number of smaller sites within the Cuyahoga Valley, which are all part of the Akron/Summit County Metropark System or the Cuyahoga Valley National Park.","","63699","1","","","","Metropark, National Park","146.0'","Clinometer/laser rangefinder/sine","10.5'","126''","","Sand Run","Steve Galehouse, Rand Brown","2011-11-06","","N"
"Pignut Hickory","Carya glabra","Ohio","Summit","Cuyahoga Valley Composite","","","This is a composite of the tallest trees by species previously recorded in a number of smaller sites within the Cuyahoga Valley, which are all part of the Akron/Summit County Metropark System or the Cuyahoga Valley National Park.","","63714","1","","","","Metropark, National Park","128.8'","Clinometer/laser rangefinder/sine","","","","O' Neill Woods","Steve Galehouse, Rand Brown","2011-11-06","","N"
"Red Maple","Acer rubrum","Ohio","Summit","Cuyahoga Valley Composite","","","This is a composite of the tallest trees by species previously recorded in a number of smaller sites within the Cuyahoga Valley, which are all part of the Akron/Summit County Metropark System or the Cuyahoga Valley National Park.","","63707","1","","","","Metropark, National Park","112.0'","Clinometer/laser rangefinder/sine","6.8'","81''","","Ritchie Ledges","Steve Galehouse, Rand Brown","2011-11-06","","N"
"Sassafras","Sassafras albidum","Ohio","Summit","Cuyahoga Valley Composite","","","This is a composite of the tallest trees by species previously recorded in a number of smaller sites within the Cuyahoga Valley, which are all part of the Akron/Summit County Metropark System or the Cuyahoga Valley National Park.","","63706","1","","","","Metropark, National Park","101.0'","Clinometer/laser rangefinder/sine","","","","Everett Woods","Steve Galehouse, Rand Brown","2011-11-06","","N"
"Scarlet Oak","Quercus coccinea","Ohio","Summit","Cuyahoga Valley Composite","","","This is a composite of the tallest trees by species previously recorded in a number of smaller sites within the Cuyahoga Valley, which are all part of the Akron/Summit County Metropark System or the Cuyahoga Valley National Park.","","63709","1","","","","Metropark, National Park","119.9'","Clinometer/laser rangefinder/sine","11.7'","140''","","Sand Run","Steve Galehouse, Rand Brown","2011-11-06","","N"
"Shingle Oak","Quercus imbricaria","Ohio","Summit","Cuyahoga Valley Composite","","","This is a composite of the tallest trees by species previously recorded in a number of smaller sites within the Cuyahoga Valley, which are all part of the Akron/Summit County Metropark System or the Cuyahoga Valley National Park.","","63710","1","","","","Metropark, National Park","104.0'","Clinometer/laser rangefinder/sine","9.8'","117''","","Sand Run","Steve Galehouse, Rand Brown","2011-11-06","","N"
"Slippery Elm","Ulmus rubra","Ohio","Summit","Cuyahoga Valley Composite","","","This is a composite of the tallest trees by species previously recorded in a number of smaller sites within the Cuyahoga Valley, which are all part of the Akron/Summit County Metropark System or the Cuyahoga Valley National Park.","","63701","1","","","","Metropark, National Park","121.2'","Clinometer/laser rangefinder/sine","","","","Sand Run","Steve Galehouse, Rand Brown","2011-11-06","","N"
"Sugar Maple","Acer saccharum","Ohio","Summit","Cuyahoga Valley Composite","","","This is a composite of the tallest trees by species previously recorded in a number of smaller sites within the Cuyahoga Valley, which are all part of the Akron/Summit County Metropark System or the Cuyahoga Valley National Park.","","63695","1","","","","Metropark, National Park","122.2'","Clinometer/laser rangefinder/sine","7.9'","95''","","Sand Run","Steve Galehouse, Rand Brown","2011-11-06","","N"
"Tuliptree","Liriodendron tulipifera","Ohio","Summit","Cuyahoga Valley Composite","","","This is a composite of the tallest trees by species previously recorded in a number of smaller sites within the Cuyahoga Valley, which are all part of the Akron/Summit County Metropark System or the Cuyahoga Valley National Park.","","63698","1","","","","Metropark, National Park","171.0'","Clinometer/laser rangefinder/sine","15.3'","183''","91.0'","Sand Run","Steve Galehouse, Rand Brown","2011-11-06","","N"
"White Ash","Fraxinus americana","Ohio","Summit","Cuyahoga Valley Composite","","","This is a composite of the tallest trees by species previously recorded in a number of smaller sites within the Cuyahoga Valley, which are all part of the Akron/Summit County Metropark System or the Cuyahoga Valley National Park.","","63703","1","","","","Metropark, National Park","135.7'","Clinometer/laser rangefinder/sine","12.3'","147''","","O' Neill Woods","Steve Galehouse, Rand Brown","2011-11-06","","N"
"White Oak","Quercus alba","Ohio","Summit","Cuyahoga Valley Composite","","","This is a composite of the tallest trees by species previously recorded in a number of smaller sites within the Cuyahoga Valley, which are all part of the Akron/Summit County Metropark System or the Cuyahoga Valley National Park.","","63691","1","","","","Metropark, National Park","118.0'","Clinometer/laser rangefinder/sine","9.9'","119''","","Hampton Hills","Steve Galehouse, Rand Brown","2011-11-06","","N"
"Yellow Birch","Betula alleghaniensis","Ohio","Summit","Cuyahoga Valley Composite","","","This is a composite of the tallest trees by species previously recorded in a number of smaller sites within the Cuyahoga Valley, which are all part of the Akron/Summit County Metropark System or the Cuyahoga Valley National Park.","","63712","1","","","","Metropark, National Park","74.5'","Clinometer/laser rangefinder/sine","5.9'","71''","","Ritchie Ledges","Steve Galehouse, Rand Brown","2011-11-06","","N"
"Tuliptree","Liriodendron tulipifera","Ohio","Summit","Cuyahoga Valley National Park","","","","","168466","1","","","","public","150.0'","Clinometer/laser rangefinder/sine","","","","","Stefan Radivoyevitch","2018-11-20","","N"
"Tuliptree","Liriodendron tulipifera","Ohio","Summit","Cuyahoga Valley National Park","","","","","168467","1","","","","public","151.0'","Clinometer/laser rangefinder/sine","","","","Three measurements of 148.1' , 151.9', 151.8' was obtained.
Final result based on highest repeatable value of 151'.","Stefan Radivoyevitch","2018-11-20","","N"
"Tuliptree","Liriodendron tulipifera","Ohio","Summit","Cuyahoga Valley National Park","","","","","173732","1","","","","public","151.0'","","","","","","Stefan Radivoyevitch","2018-05-07","","N"
"Tuliptree","Liriodendron tulipifera","Ohio","Summit","Cuyahoga Valley National Park","","","","","177015","1","","","","public","154.0'","","","","","","Stefan Radivoyevitch","2018-12-19","","N"
"Tuliptree","Liriodendron tulipifera","Ohio","Summit","Cuyahoga Valley National Park","","","","","168468","1","","","","public","157.0'","Clinometer/laser rangefinder/sine","","","","","Stefan Radivoyevitch","2018-11-20","","N"
"American Basswood","Tilia americana","Ohio","Summit","Everett Woods","","","","","2460","1","","","","Park","109.0'","Clinometer/laser rangefinder/sine","","","","","Rand Brown, Steve Galehouse","2011-04-03","","N"
"American Sycamore","Platanus occidentalis","Ohio","Summit","Everett Woods","","","","","224767","1","","","","Park","144.0'","Clinometer/laser rangefinder/sine","","","","","Steve Galehouse","2011-03-04","","N"
"American Sycamore","Platanus occidentalis","Ohio","Summit","Everett Woods","","","","","2446","1","","","","Park","154.5'","Clinometer/laser rangefinder/sine","8.8'","105''","67.0'","154.45' sycamore on right, 149'tulip on left.","Rand Brown, Steve Galehouse","2011-04-03","","N"
"Bitternut Hickory","Carya cordiformis","Ohio","Summit","Everett Woods","","","","","2469","1","","","","Park","118.6'","Clinometer/laser rangefinder/sine","6.3'","76''","","","Rand Brown, Steve Galehouse","2011-04-03","","N"
"Black Cherry","Prunus serotina","Ohio","Summit","Everett Woods","","","","","2449","1","","","","Park","135.0'","Clinometer/laser rangefinder/sine","5.2'","62''","","","Rand Brown, Steve Galehouse","2011-04-03","","N"
"Black Oak","Quercus velutina","Ohio","Summit","Everett Woods","","","","","224766","1","","","","Park","101.0'","Clinometer/laser rangefinder/sine","12.3'","147''","","","Steve Galehouse","2011-03-04","","N"
"Black Oak","Quercus velutina","Ohio","Summit","Everett Woods","","","","","2462","1","","","","Park","102.0'","Clinometer/laser rangefinder/sine","8.5'","102''","","","Rand Brown, Steve Galehouse","2011-04-03","","N"
"Black Oak","Quercus velutina","Ohio","Summit","Everett Woods","","","","","2463","1","","","","Park","112.8'","Clinometer/laser rangefinder/sine","9.2'","110''","","","Rand Brown, Steve Galehouse","2011-04-03","","N"
"Black Oak","Quercus velutina","Ohio","Summit","Everett Woods","","","","","2472","1","","","","Park","129.0'","Clinometer/laser rangefinder/sine","","","","","Rand Brown, Steve Galehouse","2011-04-03","","N"
"Black Walnut","Juglans nigra","Ohio","Summit","Everett Woods","","","","","2474","1","","","","Park","133.0'","Clinometer/laser rangefinder/sine","7.6'","92''","","","Rand Brown, Steve Galehouse","2011-04-03","","N"
"Blackgum","Nyssa sylvatica","Ohio","Summit","Everett Woods","","","","","2468","1","","","","Park","97.7'","Clinometer/laser rangefinder/sine","","","","","Rand Brown, Steve Galehouse","2011-04-03","","N"
"Cucumber-Tree","Magnolia acuminata","Ohio","Summit","Everett Woods","","","","","2458","1","","","","Park","125.0'","Clinometer/laser rangefinder/sine","","","","","Rand Brown, Steve Galehouse","2011-04-03","","N"
"Northern Red Oak","Quercus rubra","Ohio","Summit","Everett Woods","","","","","2480","1","","","","Park","123.0'","Clinometer/laser rangefinder/sine","","","","","Rand Brown, Steve Galehouse","2011-04-03","","N"
"Northern Red Oak","Quercus rubra","Ohio","Summit","Everett Woods","","","","","2450","1","","","","Park","126.0'","Clinometer/laser rangefinder/sine","","","","","Rand Brown, Steve Galehouse","2011-04-03","","N"
"Northern Red Oak","Quercus rubra","Ohio","Summit","Everett Woods","","","","","2452","1","","","","Park","135.0'","Clinometer/laser rangefinder/sine","","","","","Rand Brown, Steve Galehouse","2011-04-03","","N"
"Sassafras","Sassafras albidum","Ohio","Summit","Everett Woods","","","","","2455","1","","","","Park","101.0'","Clinometer/laser rangefinder/sine","","","","","Rand Brown, Steve Galehouse","2011-04-03","","N"
"Slippery Elm","Ulmus rubra","Ohio","Summit","Everett Woods","","","","","2470","1","","","","Park","101.0'","Clinometer/laser rangefinder/sine","5.9'","71''","","","Rand Brown, Steve Galehouse","2011-04-03","","N"
"Slippery Elm","Ulmus rubra","Ohio","Summit","Everett Woods","","","","","2477","1","","","","Park","117.0'","Clinometer/laser rangefinder/sine","7.7'","92''","","","Rand Brown, Steve Galehouse","2011-04-03","","N"
"Sugar Maple","Acer saccharum","Ohio","Summit","Everett Woods","","","","","2471","1","","","","Park","108.5'","Clinometer/laser rangefinder/sine","7.3'","87''","","","Rand Brown, Steve Galehouse","2011-04-03","","N"
"Tuliptree","Liriodendron tulipifera","Ohio","Summit","Everett Woods","","","","","224771","1","","","","Park","111.5'","Clinometer/laser rangefinder/sine","9.3'","112''","","","Steve Galehouse","2011-03-04","","N"
"Tuliptree","Liriodendron tulipifera","Ohio","Summit","Everett Woods","","","","","2459","1","","","","Park","122.4'","Clinometer/laser rangefinder/sine","","","","","Rand Brown, Steve Galehouse","2011-04-03","","N"
"Tuliptree","Liriodendron tulipifera","Ohio","Summit","Everett Woods","","","","","2465","1","","","","Park","125.0'","Clinometer/laser rangefinder/sine","","","","","Rand Brown, Steve Galehouse","2011-04-03","","N"
"Tuliptree","Liriodendron tulipifera","Ohio","Summit","Everett Woods","","","","","2457","1","","","","Park","125.9'","Clinometer/laser rangefinder/sine","","","","","Rand Brown, Steve Galehouse","2011-04-03","","N"
"Tuliptree","Liriodendron tulipifera","Ohio","Summit","Everett Woods","","","","","2475","1","","","","Park","126.0'","Clinometer/laser rangefinder/sine","","","","","Rand Brown, Steve Galehouse","2011-04-03","","N"
"Tuliptree","Liriodendron tulipifera","Ohio","Summit","Everett Woods","","","","","2464","1","","","","Park","127.0'","Clinometer/laser rangefinder/sine","","","","","Rand Brown, Steve Galehouse","2011-04-03","","N"
"Tuliptree","Liriodendron tulipifera","Ohio","Summit","Everett Woods","","","","","2467","1","","","","Park","128.5'","Clinometer/laser rangefinder/sine","","","","","Rand Brown, Steve Galehouse","2011-04-03","","N"
"Tuliptree","Liriodendron tulipifera","Ohio","Summit","Everett Woods","","","","","2473","1","","","","Park","136.5'","Clinometer/laser rangefinder/sine","","","","","Rand Brown, Steve Galehouse","2011-04-03","","N"
"Tuliptree","Liriodendron tulipifera","Ohio","Summit","Everett Woods","","","","","2466","1","","","","Park","138.0'","Clinometer/laser rangefinder/sine","","","","","Rand Brown, Steve Galehouse","2011-04-03","","N"
"Tuliptree","Liriodendron tulipifera","Ohio","Summit","Everett Woods","","","","","2451","1","","","","Park","138.9'","Clinometer/laser rangefinder/sine","","","","","Rand Brown, Steve Galehouse","2011-04-03","","N"
"Tuliptree","Liriodendron tulipifera","Ohio","Summit","Everett Woods","","","","","2454","1","","","","Park","142.5'","Clinometer/laser rangefinder/sine","8.1'","97''","","","Rand Brown, Steve Galehouse","2011-04-03","","N"
"Tuliptree","Liriodendron tulipifera","Ohio","Summit","Everett Woods","","","","","224770","1","","","","Park","143.1'","Clinometer/laser rangefinder/sine","","","","","Steve Galehouse","2011-03-04","","N"
"Tuliptree","Liriodendron tulipifera","Ohio","Summit","Everett Woods","","","","","2453","1","","","","Park","143.9'","","","","","","Rand Brown, Steve Galehouse","2011-04-03","","N"
"Tuliptree","Liriodendron tulipifera","Ohio","Summit","Everett Woods","","","","","2456","1","","","","Park","144.0'","Clinometer/laser rangefinder/sine","","","","","Rand Brown, Steve Galehouse","2011-04-03","","N"
"Tuliptree","Liriodendron tulipifera","Ohio","Summit","Everett Woods","","","","","2478","1","","","","Park","144.0'","Clinometer/laser rangefinder/sine","","","","","Rand Brown, Steve Galehouse","2011-04-03","","N"
"Tuliptree","Liriodendron tulipifera","Ohio","Summit","Everett Woods","","","","","2479","1","","","","Park","144.5'","Clinometer/laser rangefinder/sine","","","","","Rand Brown, Steve Galehouse","2011-04-03","","N"
"Tuliptree","Liriodendron tulipifera","Ohio","Summit","Everett Woods","","","","","224769","1","","","","Park","144.7'","Clinometer/laser rangefinder/sine","","","","","Steve Galehouse","2011-03-04","","N"
"Tuliptree","Liriodendron tulipifera","Ohio","Summit","Everett Woods","","","","","2447","1","","","","Park","149.0'","Clinometer/laser rangefinder/sine","","","","154.5' sycamore on right, 149'tulip on left.","Rand Brown, Steve Galehouse","2011-04-03","","N"
"Tuliptree","Liriodendron tulipifera","Ohio","Summit","Everett Woods","","","","","224768","1","","","","Park","149.5'","Clinometer/laser rangefinder/sine","","","","","Steve Galehouse","2011-03-04","","N"
"Tuliptree","Liriodendron tulipifera","Ohio","Summit","Everett Woods","","","","","2448","1","","","","Park","154.4'","Clinometer/laser rangefinder/sine","10.7'","128''","","","Rand Brown, Steve Galehouse","2011-04-03","","N"
"Tuliptree","Liriodendron tulipifera","Ohio","Summit","Everett Woods","","","","","2461","1","","","","Park","154.9'","Clinometer/laser rangefinder/sine","9.2'","110''","","","Rand Brown, Steve Galehouse","2011-04-03","","N"
"White Oak","Quercus alba","Ohio","Summit","Everett Woods","","","","","2476","1","","","","Park","102.9'","Clinometer/laser rangefinder/sine","8.3'","99''","","","Rand Brown, Steve Galehouse","2011-04-03","","N"
"Eastern Hemlock","Tsuga canadensis","Ohio","Summit","F. A. Seiberling Nature Realm","","","","","161070","1","","","","public","140.4'","Clinometer/laser rangefinder/sine","","","","Tree may be in Sand Run MetroPark.","Steve Galehouse","2010-04-01","","N"
"Tuliptree","Liriodendron tulipifera","Ohio","Summit","F. A. Seiberling Nature Realm","","","","","161068","1","","","","public","136.5'","Clinometer/laser rangefinder/sine","11.7'","140''","","","Steve Galehouse","2010-04-01","","N"
"Tuliptree","Liriodendron tulipifera","Ohio","Summit","F. A. Seiberling Nature Realm","","","","","161069","1","","","","public","153.7'","Clinometer/laser rangefinder/sine","","","","","Steve Galehouse","2010-04-01","","N"
"Tuliptree","Liriodendron tulipifera","Ohio","Summit","F. A. Seiberling Nature Realm","","","","","162531","1","","","","public","155.0'","Clinometer/laser rangefinder/sine","","","","Magnificent specimen! Exceeds in height, girth, and crown. I estimate the girth to be at least 14 to 15 ft circumference. 

Quite possibly the same tree measured by Steve Galehouse at 153.7' in 2010.","Stefan Radivoyevitch","2018-04-30","","N"
"Tuliptree","Liriodendron tulipifera","Ohio","Summit","Gorge Metro Park","","","","","160656","1","","","","Public","124.0'","Clinometer/laser rangefinder/sine","14.7'","176''","","","Steve Galehouse","2009-04-27","http%3A%2F%2Fwww.nativetreesociety.org%2Ffieldtrips%2Fohio%2Fgorge_park%2Fgorge_park.htm","N"
"White Oak","Quercus alba","Ohio","Summit","Gorge Metro Park","","","","","160655","1","","","","Public","111.8'","Clinometer/laser rangefinder/sine","5.0'","60''","","","Steve Galehouse","2009-04-27","http%3A%2F%2Fwww.nativetreesociety.org%2Ffieldtrips%2Fohio%2Fgorge_park%2Fgorge_park.htm","N"
"Blackgum","Nyssa sylvatica","Ohio","Summit","Gorge Metropark","","","","","2493","1","","","","Park","","","9.2'","110''","","","Steve Galehouse","2009-04-28","","N"
"Tuliptree","Liriodendron tulipifera","Ohio","Summit","Gorge Metropark","","","","","2494","1","","","","Park","120.9'","Clinometer/laser rangefinder/sine","13.0'","156''","","","Steve Galehouse","2009-04-28","","N"
"Tuliptree","Liriodendron tulipifera","Ohio","Summit","Gorge Metropark","","","","","2495","1","","","","Park","124.0'","Clinometer/laser rangefinder/sine","14.7'","176''","","","Steve Galehouse","2009-04-28","","N"
"White Oak","Quercus alba","Ohio","Summit","Gorge Metropark","","","","","2492","1","","","","Park","105.0'","Clinometer/laser rangefinder/sine","11.8'","142''","","","Steve Galehouse","2009-04-28","","N"
"American Elm","Ulmus americana","Ohio","Summit","Hampton Hills","","","","","2435","1","","","","Park","114.0'","","6.4'","77''","","","Rand Brown, Steve Galehouse","2011-02-18","http%3A%2F%2Fwww.ents-bbs.org%2Fviewtopic.php%3Ff%3D111%26t%3D2091","N"
"American Sycamore","Platanus occidentalis","Ohio","Summit","Hampton Hills","","","","","2440","1","","","","Park","126.0'","","","","","","Rand Brown, Steve Galehouse","2011-02-18","http%3A%2F%2Fwww.ents-bbs.org%2Fviewtopic.php%3Ff%3D111%26t%3D2091","N"
"Bitternut Hickory","Carya cordiformis","Ohio","Summit","Hampton Hills","","","","","2438","1","","","","Park","135.0'","","","","","","Rand Brown, Steve Galehouse","2011-02-18","http%3A%2F%2Fwww.ents-bbs.org%2Fviewtopic.php%3Ff%3D111%26t%3D2091","N"
"Black Walnut","Juglans nigra","Ohio","Summit","Hampton Hills","","","","","2437","1","","","","Park","121.0'","","5.4'","65''","","","Rand Brown, Steve Galehouse","2011-02-18","http%3A%2F%2Fwww.ents-bbs.org%2Fviewtopic.php%3Ff%3D111%26t%3D2091","N"
"Northern Red Oak","Quercus rubra","Ohio","Summit","Hampton Hills","","","","","2436","1","","","","Park","135.0'","","","","","","Rand Brown, Steve Galehouse","2011-02-18","http%3A%2F%2Fwww.ents-bbs.org%2Fviewtopic.php%3Ff%3D111%26t%3D2091","N"
"Tuliptree","Liriodendron tulipifera","Ohio","Summit","Hampton Hills","","","","","2429","1","","","","Park","135.0'","","","","","","Rand Brown, Steve Galehouse","2011-02-18","http%3A%2F%2Fwww.ents-bbs.org%2Fviewtopic.php%3Ff%3D111%26t%3D2091","N"
"Tuliptree","Liriodendron tulipifera","Ohio","Summit","Hampton Hills","","","","","2431","1","","","","Park","147.0'","","11.1'","133''","","","Rand Brown, Steve Galehouse","2011-02-18","http%3A%2F%2Fwww.ents-bbs.org%2Fviewtopic.php%3Ff%3D111%26t%3D2091","N"
"Tuliptree","Liriodendron tulipifera","Ohio","Summit","Hampton Hills","","","","","2430","1","","","","Park","150.0'","","","","","Double trunk, other top 144'","Rand Brown, Steve Galehouse","2011-02-18","http%3A%2F%2Fwww.ents-bbs.org%2Fviewtopic.php%3Ff%3D111%26t%3D2091","N"
"Tuliptree","Liriodendron tulipifera","Ohio","Summit","Hampton Hills","","","","","2432","1","","","","Park","150.0'","","8.6'","103''","","","Rand Brown, Steve Galehouse","2011-02-18","http%3A%2F%2Fwww.ents-bbs.org%2Fviewtopic.php%3Ff%3D111%26t%3D2091","N"
"Tuliptree","Liriodendron tulipifera","Ohio","Summit","Hampton Hills","","","","","2433","1","","","","Park","159.0'","","","","","","Rand Brown, Steve Galehouse","2011-02-18","http%3A%2F%2Fwww.ents-bbs.org%2Fviewtopic.php%3Ff%3D111%26t%3D2091","N"
"Tuliptree","Liriodendron tulipifera","Ohio","Summit","Hampton Hills","","","","","2434","1","","","","Park","160.8'","","","","","160.8' tulip in center, 159' tulip on right.","Rand Brown, Steve Galehouse","2011-02-18","http%3A%2F%2Fwww.ents-bbs.org%2Fviewtopic.php%3Ff%3D111%26t%3D2091","N"
"White Ash","Fraxinus americana","Ohio","Summit","Hampton Hills","","","","","2439","1","","","","Park","119.0'","","10.3'","124''","","","Rand Brown, Steve Galehouse","2011-02-18","http%3A%2F%2Fwww.ents-bbs.org%2Fviewtopic.php%3Ff%3D111%26t%3D2091","N"
"White Oak","Quercus alba","Ohio","Summit","Hampton Hills","","","","","2441","1","","","","Park","118.0'","","9.9'","119''","","","Rand Brown, Steve Galehouse","2011-02-18","http%3A%2F%2Fwww.ents-bbs.org%2Fviewtopic.php%3Ff%3D111%26t%3D2091","N"
"Tuliptree","Liriodendron tulipifera","Ohio","Summit","Hampton Hills Metro Park","","","vicinity coordinates; nearest parking lot","","177017","1","","","","public","152.0'","","","","","","Stefan Radivoyevitch","2018-12-19","","N"
"Tuliptree","Liriodendron tulipifera","Ohio","Summit","Hampton Hills Metro Park","","","vicinity coordinates; nearest parking lot","","177018","1","","","","public","152.0'","","","","","","Stefan Radivoyevitch","2018-12-19","","N"
"Tuliptree","Liriodendron tulipifera","Ohio","Summit","Hampton Hills Metro Park","","","vicinity coordinates; nearest parking lot","","177016","1","","","","public","156.0'","","","","","","Stefan Radivoyevitch","2018-12-19","","N"
"Tuliptree","Liriodendron tulipifera","Ohio","Summit","Hampton Hills Metropark","41 10.008","-081 34.019","","","170147","1","41 10.008","-081 34.019","","public","160.0'","Clinometer/laser rangefinder/sine","","","","Previously discovered and measured by Galehouse/Rand at a height of 159' on Feb. 2011.","Stefan Radivoyevitch","2018-04-30","","N"
"Tuliptree","Liriodendron tulipifera","Ohio","Summit","Hampton Hills Metropark","","","","","170146","1","","","","public","162.0'","Clinometer/laser rangefinder/sine","","","","Mid-slope was eyeballed. Height was recently reduced from 164' to 162' that is more repeatable. 

This tree was first located and measured in Feb. 2011 at a height of 160.8' by Steve Galehouse / Rand Paul.

I previously measured this tree at 162'  in Dec. 2016.","Stefan Radivoyevitch","2018-04-30","","N"
"American Beech","Fagus grandifolia","Ohio","Summit","O 'Neill Woods","","","","","16753","1","","","","Metropark","103.0'","Clinometer/laser rangefinder/sine","","","","","Steve Galehouse","2011-10-28","","N"
"American Sycamore","Platanus occidentalis","Ohio","Summit","O 'Neill Woods","","","","","16755","1","","","","Metropark","111.4'","Clinometer/laser rangefinder/sine","","","","","Steve Galehouse","2011-10-28","","N"
"Black Oak","Quercus velutina","Ohio","Summit","O 'Neill Woods","","","","","16748","1","","","","Metropark","116.7'","","","","","","Steve Galehouse","2011-10-28","","N"
"Black Walnut","Juglans nigra","Ohio","Summit","O 'Neill Woods","","","","","16752","1","","","","Metropark","113.6'","Clinometer/laser rangefinder/sine","","","","","Steve Galehouse","2011-10-28","","N"
"Northern Red Oak","Quercus rubra","Ohio","Summit","O 'Neill Woods","","","","","16749","1","","","","Metropark","115.2'","Clinometer/laser rangefinder/sine","15.0'","180''","","","Steve Galehouse","2011-10-28","","N"
"Northern Red Oak","Quercus rubra","Ohio","Summit","O 'Neill Woods","","","","","16747","1","","","","Metropark","126.9'","Clinometer/laser rangefinder/sine","","","","","Steve Galehouse","2011-10-28","","N"
"Pignut Hickory","Carya glabra","Ohio","Summit","O 'Neill Woods","","","","","16754","1","","","","Metropark","128.8'","Clinometer/laser rangefinder/sine","","","","","Steve Galehouse","2011-10-28","","N"
"Slippery Elm","Ulmus rubra","Ohio","Summit","O 'Neill Woods","","","","","16751","1","","","","Metropark","116.7'","Clinometer/laser rangefinder/sine","","","","","Steve Galehouse","2011-10-28","","N"
"Tuliptree","Liriodendron tulipifera","Ohio","Summit","O 'Neill Woods","","","","","161280","1","","","","Metropark","134.0'","Clinometer/laser rangefinder/sine","11.8'","142''","","","Steve Galehouse, Rob Curtis","2011-02-28","","N"
"Tuliptree","Liriodendron tulipifera","Ohio","Summit","O 'Neill Woods","","","","","161279","1","","","","Metropark","138.5'","Clinometer/laser rangefinder/sine","7.2'","86''","","","Steve Galehouse, Rob Curtis","2011-02-28","","N"
"Tuliptree","Liriodendron tulipifera","Ohio","Summit","O 'Neill Woods","","","","","161278","1","","","","Metropark","145.0'","Clinometer/laser rangefinder/sine","","","","","Steve Galehouse, Rob Curtis","2011-02-28","","N"
"Tuliptree","Liriodendron tulipifera","Ohio","Summit","O 'Neill Woods","","","","","161277","1","","","","Metropark","146.9'","Clinometer/laser rangefinder/sine","","","","","Steve Galehouse, Rob Curtis","2011-02-28","","N"
"Tuliptree","Liriodendron tulipifera","Ohio","Summit","O 'Neill Woods","","","","","16746","1","","","","Metropark","158.3'","Clinometer/laser rangefinder/sine","","","","","Steve Galehouse","2011-10-28","","N"
"White Ash","Fraxinus americana","Ohio","Summit","O 'Neill Woods","","","","","161281","1","","","","Metropark","123.0'","Clinometer/laser rangefinder/sine","12.1'","145''","","","Steve Galehouse, Rob Curtis","2011-02-28","","N"
"White Ash","Fraxinus americana","Ohio","Summit","O 'Neill Woods","","","","","16745","1","","","","Metropark","135.7'","Clinometer/laser rangefinder/sine","12.3'","147''","","","Steve Galehouse","2011-10-28","","N"
"White Oak","Quercus alba","Ohio","Summit","O 'Neill Woods","","","","","16750","1","","","","Metropark","105.4'","Clinometer/laser rangefinder/sine","","","","","Steve Galehouse","2011-10-28","","N"
"Tuliptree","Liriodendron tulipifera","Ohio","Summit","O'neill Metroparks","","","","","165394","1","","","","public","150.0'","Clinometer/laser rangefinder/sine","","","","encroaching vines","Stefan Radivoyevitch","2018-02-13","","N"
"Tuliptree","Liriodendron tulipifera","Ohio","Summit","O'neill Metroparks","","","","","165392","1","","","","public","151.0'","Clinometer/laser rangefinder/sine","","","","Young, skinny tree, growing vigorously.  Single measurement rounded down to lowest foot because base was not marked off.","Stefan Radivoyevitch","2018-02-13","","N"
"Tuliptree","Liriodendron tulipifera","Ohio","Summit","O'neill Metroparks","","","","","165393","1","","","","public","151.0'","Clinometer/laser rangefinder/sine","","","","double stem","Stefan Radivoyevitch","2018-02-13","","N"
"Tuliptree","Liriodendron tulipifera","Ohio","Summit","O'neill Metroparks","","","","","165391","1","","","","public","156.0'","Clinometer/laser rangefinder/sine","9.6'","115''","","Ave. ht. of three different measurements (154, 156, 157.7).

Possibly same tree measured by Galehouse in 2011 at 158.3.","Stefan Radivoyevitch","2018-02-13","","N"
"Tuliptree","Liriodendron tulipifera","Ohio","Summit","O'neill Metroparks","41 10.230","-081 35.458","","","165390","1","41 10.230","-081 35.458","","public","156.2'","Clinometer/laser rangefinder/sine","","","","Ave. Ht. of two different measurements (154.7, 157.8).

Possibly same tree measured by Galehouse in 2011 at 158.3.","Stefan Radivoyevitch","2018-02-13","","N"
"Bitternut Hickory","Carya cordiformis","Ohio","Summit","Ritchie Ledges","","","","","33577","1","","","","MetroPark","123.0'","","7.8'","93''","","","Rand Brown, Steve Galehouse","2011-02-18","http%3A%2F%2Fwww.ents-bbs.org%2Fviewtopic.php%3Ff%3D111%26t%3D2094","N"
"Black Cherry","Prunus serotina","Ohio","Summit","Ritchie Ledges","","","","","33578","1","","","","MetroPark","130.5'","","10.4'","125''","","Unusual shaggy bark on upper trunk.","Rand Brown, Steve Galehouse","2011-02-18","http%3A%2F%2Fwww.ents-bbs.org%2Fviewtopic.php%3Ff%3D111%26t%3D2094","N"
"Carolina Hemlock","Tsuga caroliniana","Ohio","Summit","Ritchie Ledges","41 13.586","-081 30.546","","","161214","2","41 13.586","-081 30.546","","MetroPark","66.0'","Clinometer/laser rangefinder/sine","4.2'","50''","","","Steve Galehouse, Steve Galehouse","2010-12-17","http%3A%2F%2Fwww.ents-bbs.org%2Fviewtopic.php%3Ff%3D111%26t%3D2094","N"
"Carolina Hemlock","Tsuga caroliniana","Ohio","Summit","Ritchie Ledges","","","","","33591","1","","","","MetroPark","67.0'","Clinometer/laser rangefinder/sine","4.2'","50''","28.5'","","Rand Brown, Steve Galehouse","2011-02-18","http%3A%2F%2Fwww.ents-bbs.org%2Fviewtopic.php%3Ff%3D111%26t%3D2094","N"
"Cucumber-Tree","Magnolia acuminata","Ohio","Summit","Ritchie Ledges","41 13.590","-081 30.550","","","161212","2","41 13.590","-081 30.550","","MetroPark","124.0'","Clinometer/laser rangefinder/sine","9.5'","114''","","","Steve Galehouse, Steve Galehouse","2010-12-17","http%3A%2F%2Fwww.ents-bbs.org%2Fviewtopic.php%3Ff%3D111%26t%3D2094","N"
"Cucumber-Tree","Magnolia acuminata","Ohio","Summit","Ritchie Ledges","","","","","33579","1","","","","MetroPark","126.0'","Clinometer/laser rangefinder/sine","12.0'","144''","","","Rand Brown, Steve Galehouse","2011-02-18","http%3A%2F%2Fwww.ents-bbs.org%2Fviewtopic.php%3Ff%3D111%26t%3D2094","N"
"Cucumber-Tree","Magnolia acuminata","Ohio","Summit","Ritchie Ledges","","","","","33580","1","","","","MetroPark","126.0'","Clinometer/laser rangefinder/sine","9.4'","113''","","","Rand Brown, Steve Galehouse","2011-02-18","http%3A%2F%2Fwww.ents-bbs.org%2Fviewtopic.php%3Ff%3D111%26t%3D2094","N"
"Eastern Hemlock","Tsuga canadensis","Ohio","Summit","Ritchie Ledges","","","","","33581","1","","","","MetroPark","129.0'","Clinometer/laser rangefinder/sine","7.1'","85''","","","Rand Brown, Steve Galehouse","2011-02-18","http%3A%2F%2Fwww.ents-bbs.org%2Fviewtopic.php%3Ff%3D111%26t%3D2094","N"
"Northern Red Oak","Quercus rubra","Ohio","Summit","Ritchie Ledges","","","","","33588","1","","","","MetroPark","108.0'","Clinometer/laser rangefinder/sine","7.5'","90''","","Left tree in photo.","Rand Brown, Steve Galehouse","2011-02-18","http%3A%2F%2Fwww.ents-bbs.org%2Fviewtopic.php%3Ff%3D111%26t%3D2094","N"
"Red Maple","Acer rubrum","Ohio","Summit","Ritchie Ledges","","","","","33587","1","","","","MetroPark","112.0'","Clinometer/laser rangefinder/sine","6.8'","81''","","","Rand Brown, Steve Galehouse","2011-02-18","http%3A%2F%2Fwww.ents-bbs.org%2Fviewtopic.php%3Ff%3D111%26t%3D2094","N"
"Tuliptree","Liriodendron tulipifera","Ohio","Summit","Ritchie Ledges","","","","","33586","1","","","","MetroPark","123.5'","Clinometer/laser rangefinder/sine","10.3'","124''","","","Rand Brown, Steve Galehouse","2011-02-18","http%3A%2F%2Fwww.ents-bbs.org%2Fviewtopic.php%3Ff%3D111%26t%3D2094","N"
"Tuliptree","Liriodendron tulipifera","Ohio","Summit","Ritchie Ledges","","","","","33585","1","","","","MetroPark","128.0'","Clinometer/laser rangefinder/sine","7.7'","93''","","","Rand Brown, Steve Galehouse","2011-02-18","http%3A%2F%2Fwww.ents-bbs.org%2Fviewtopic.php%3Ff%3D111%26t%3D2094","N"
"Tuliptree","Liriodendron tulipifera","Ohio","Summit","Ritchie Ledges","","","","","33584","1","","","","MetroPark","130.9'","Clinometer/laser rangefinder/sine","8.4'","101''","","","Rand Brown, Steve Galehouse","2011-02-18","http%3A%2F%2Fwww.ents-bbs.org%2Fviewtopic.php%3Ff%3D111%26t%3D2094","N"
"Tuliptree","Liriodendron tulipifera","Ohio","Summit","Ritchie Ledges","41 13.592","-081 30.552","","","161213","2","41 13.592","-081 30.552","","MetroPark","131.2'","Clinometer/laser rangefinder/sine","11.4'","137''","","","Steve Galehouse, Steve Galehouse","2010-12-17","http%3A%2F%2Fwww.ents-bbs.org%2Fviewtopic.php%3Ff%3D111%26t%3D2094","N"
"Tuliptree","Liriodendron tulipifera","Ohio","Summit","Ritchie Ledges","","","","","33583","1","","","","MetroPark","133.2'","Clinometer/laser rangefinder/sine","11.2'","134''","","","Rand Brown, Steve Galehouse","2011-02-18","http%3A%2F%2Fwww.ents-bbs.org%2Fviewtopic.php%3Ff%3D111%26t%3D2094","N"
"Tuliptree","Liriodendron tulipifera","Ohio","Summit","Ritchie Ledges","","","","","33582","1","","","","MetroPark","138.0'","Clinometer/laser rangefinder/sine","10.0'","120''","","","Rand Brown, Steve Galehouse","2011-02-18","http%3A%2F%2Fwww.ents-bbs.org%2Fviewtopic.php%3Ff%3D111%26t%3D2094","N"
"White Ash","Fraxinus americana","Ohio","Summit","Ritchie Ledges","","","","","33589","1","","","","MetroPark","113.3'","Clinometer/laser rangefinder/sine","9.3'","112''","","","Rand Brown, Steve Galehouse","2011-02-18","http%3A%2F%2Fwww.ents-bbs.org%2Fviewtopic.php%3Ff%3D111%26t%3D2094","N"
"Yellow Birch","Betula alleghaniensis","Ohio","Summit","Ritchie Ledges","","","","","33590","1","","","","MetroPark","74.5'","Clinometer/laser rangefinder/sine","5.9'","71''","","","Rand Brown, Steve Galehouse","2011-02-18","http%3A%2F%2Fwww.ents-bbs.org%2Fviewtopic.php%3Ff%3D111%26t%3D2094","N"
"American Basswood","Tilia americana","Ohio","Summit","Sand Run","","","","","18739","1","","","","Metropark","118.6'","Clinometer/laser rangefinder/sine","5.8'","70''","","","Steve Galehouse, Rand Brown","2010-11-09","","N"
"American Beech","Fagus grandifolia","Ohio","Summit","Sand Run","","","","","18731","1","","","","Metropark","132.0'","Clinometer/laser rangefinder/sine","7.4'","89''","","","Steve Galehouse, Rand Brown","2010-11-09","","N"
"American Beech","Fagus grandifolia","Ohio","Summit","Sand Run","","","","","18718","1","","","","Metropark","135.2'","Clinometer/laser rangefinder/sine","7.4'","89''","","","Rand Brown, Steve Galehouse","2011-11-06","","N"
"American Elm","Ulmus americana","Ohio","Summit","Sand Run","","","","","18719","1","","","","Metropark","119.0'","Clinometer/laser rangefinder/sine","8.0'","96''","","","Rand Brown, Steve Galehouse","2011-11-06","","N"
"American Sycamore","Platanus occidentalis","Ohio","Summit","Sand Run","","","","","18737","1","","","","Metropark","122.0'","Clinometer/laser rangefinder/sine","7.8'","94''","","","Steve Galehouse, Rand Brown","2010-11-09","","N"
"Bitternut Hickory","Carya cordiformis","Ohio","Summit","Sand Run","","","","","166869","1","","","","Metropark","89.2'","Clinometer/laser rangefinder/sine","7.1'","85''","","","Steve Galehouse","2010-10-16","","N"
"Bitternut Hickory","Carya cordiformis","Ohio","Summit","Sand Run","","","","","18729","1","","","","Metropark","141.8'","Clinometer/laser rangefinder/sine","5.8'","70''","","","Steve Galehouse, Rand Brown","2010-11-09","","N"
"Black Cherry","Prunus serotina","Ohio","Summit","Sand Run","","","","","18733","1","","","","Metropark","131.0'","Clinometer/laser rangefinder/sine","6.9'","83''","","","Steve Galehouse, Rand Brown","2010-11-09","","N"
"Black Maple","Acer nigrum","Ohio","Summit","Sand Run","","","","","18740","1","","","","Metropark","118.4'","Clinometer/laser rangefinder/sine","","","","","Steve Galehouse, Rand Brown","2010-11-09","","N"
"Black Oak","Quercus velutina","Ohio","Summit","Sand Run","","","","","18741","1","","","","Metropark","117.6'","Clinometer/laser rangefinder/sine","","","","","Steve Galehouse, Rand Brown","2010-11-09","","N"
"Black Walnut","Juglans nigra","Ohio","Summit","Sand Run","","","","","18735","1","","","","Metropark","125.0'","Clinometer/laser rangefinder/sine","","","","","Steve Galehouse, Rand Brown","2010-11-09","","N"
"Butternut","Juglans cinerea","Ohio","Summit","Sand Run","","","","","18746","1","","","","Metropark","95.0'","Clinometer/laser rangefinder/sine","","","","","Steve Galehouse, Rand Brown","2010-11-09","","N"
"Cucumber-Tree","Magnolia acuminata","Ohio","Summit","Sand Run","","","","","18745","1","","","","Metropark","119.8'","Clinometer/laser rangefinder/sine","","","","","Steve Galehouse, Rand Brown","2010-11-09","","N"
"Cucumber-Tree","Magnolia acuminata","Ohio","Summit","Sand Run","","","","","58964","1","","","","Metropark","132.0'","","7.0'","84''","","","Steve Galehouse","2013-11-17","","N"
"Eastern Cottonwood","Populus deltoides","Ohio","Summit","Sand Run","","","","","18734","1","","","","Metropark","125.4'","Clinometer/laser rangefinder/sine","7.4'","89''","","","Steve Galehouse, Rand Brown","2010-11-09","","N"
"Eastern Cottonwood","Populus deltoides","Ohio","Summit","Sand Run","","","","","18724","1","","","","Metropark","143.4'","Clinometer/laser rangefinder/sine","7.8'","94''","","","Rand Brown, Steve Galehouse","2011-11-06","","N"
"Eastern Hemlock","Tsuga canadensis","Ohio","Summit","Sand Run","","","","","18730","1","","","","Metropark","125.0'","Clinometer/laser rangefinder/sine","","","","","Steve Galehouse, Rand Brown","2010-11-09","","N"
"Northern Red Oak","Quercus rubra","Ohio","Summit","Sand Run","41 07.973","-081 33.919","","","2330","1","41 07.973","-081 33.919","","Metropark","114.3'","Clinometer/laser rangefinder/sine","15.3'","184''","","","Steve Galehouse","2010-10-19","","N"
"Northern Red Oak","Quercus rubra","Ohio","Summit","Sand Run","41 07.848","-081 33.917","","","18727","1","41 07.848","-081 33.917","","Metropark","146.0'","Clinometer/laser rangefinder/sine","10.5'","126''","","","Steve Galehouse, Rand Brown","2010-11-09","","N"
"Red Maple","Acer rubrum","Ohio","Summit","Sand Run","","","","","18743","1","","","","Metropark","108.0'","Clinometer/laser rangefinder/sine","9.3'","112''","","","Steve Galehouse, Rand Brown","2010-11-09","","N"
"Scarlet Oak","Quercus coccinea","Ohio","Summit","Sand Run","","","","","18744","1","","","","Metropark","104.0'","Clinometer/laser rangefinder/sine","","","","","Steve Galehouse, Rand Brown","2010-11-09","","N"
"Scarlet Oak","Quercus coccinea","Ohio","Summit","Sand Run","","","","","18723","1","","","","Metropark","119.9'","Clinometer/laser rangefinder/sine","11.7'","140''","","","Rand Brown, Steve Galehouse","2011-11-06","","N"
"Shingle Oak","Quercus imbricaria","Ohio","Summit","Sand Run","41 08.142","-081 33.664","","","18728","1","41 08.142","-081 33.664","","Metropark","104.0'","Clinometer/laser rangefinder/sine","9.8'","117''","","","Steve Galehouse, Rand Brown","2010-11-09","","N"
"Slippery Elm","Ulmus rubra","Ohio","Summit","Sand Run","","","","","18720","1","","","","Metropark","118.0'","Clinometer/laser rangefinder/sine","8.1'","97''","","","Rand Brown, Steve Galehouse","2011-11-06","","N"
"Slippery Elm","Ulmus rubra","Ohio","Summit","Sand Run","","","","","18721","1","","","","Metropark","119.4'","Clinometer/laser rangefinder/sine","","","","","Rand Brown, Steve Galehouse","2011-11-06","","N"
"Slippery Elm","Ulmus rubra","Ohio","Summit","Sand Run","","","","","18738","1","","","","Metropark","121.2'","Clinometer/laser rangefinder/sine","","","","","Steve Galehouse, Rand Brown","2010-11-09","","N"
"Sugar Maple","Acer saccharum","Ohio","Summit","Sand Run","","","","","18736","1","","","","Metropark","122.2'","Clinometer/laser rangefinder/sine","7.9'","95''","","","Steve Galehouse, Rand Brown","2010-11-09","","N"
"Tuliptree","Liriodendron tulipifera","Ohio","Summit","Sand Run","41 07.994","-081 33.998","","","2329","1","41 07.994","-081 33.998","1008.0 ft","Metropark","115.4'","Clinometer/laser rangefinder/sine","11.0'","132''","","","Steve Galehouse","2010-10-19","","N"
"Tuliptree","Liriodendron tulipifera","Ohio","Summit","Sand Run","41 08.027","-081 33.907","","","2333","1","41 08.027","-081 33.907","969.0 ft","Metropark","122.0'","Clinometer/laser rangefinder/sine","12.8'","153''","","","Steve Galehouse","2010-10-19","","N"
"Tuliptree","Liriodendron tulipifera","Ohio","Summit","Sand Run","41 07.946","-081 33.872","","","2332","1","41 07.946","-081 33.872","965.0 ft","Metropark","126.1'","Clinometer/laser rangefinder/sine","11.6'","139''","","","Steve Galehouse","2010-10-19","","N"
"Tuliptree","Liriodendron tulipifera","Ohio","Summit","Sand Run","41 07.937","-081 33.872","","","2331","1","41 07.937","-081 33.872","973.0 ft","Metropark","135.0'","Clinometer/laser rangefinder/sine","15.8'","190''","","","Steve Galehouse","2010-10-19","","N"
"Tuliptree","Liriodendron tulipifera","Ohio","Summit","Sand Run","41 08.121","-081 33.919","","","2337","1","41 08.121","-081 33.919","951.0 ft","Metropark","142.0'","Clinometer/laser rangefinder/sine","10.3'","124''","","","Steve Galehouse","2010-10-19","","N"
"Tuliptree","Liriodendron tulipifera","Ohio","Summit","Sand Run","","","","","166870","1","","","","Metropark","143.4'","Clinometer/laser rangefinder/sine","14.8'","178''","","","Steve Galehouse","2010-10-16","","N"
"Tuliptree","Liriodendron tulipifera","Ohio","Summit","Sand Run","41 08.109","-081 33.918","","","2335","1","41 08.109","-081 33.918","951.0 ft","Metropark","147.9'","Clinometer/laser rangefinder/sine","10.0'","120''","","","Steve Galehouse","2010-10-19","","N"
"Tuliptree","Liriodendron tulipifera","Ohio","Summit","Sand Run","41 08.071","-081 33.915","","","2334","1","41 08.071","-081 33.915","955.0 ft","Metropark","153.0'","Clinometer/laser rangefinder/sine","11.5'","138''","","","Steve Galehouse","2010-10-19","","N"
"Tuliptree","Liriodendron tulipifera","Ohio","Summit","Sand Run","41 08.112","-081 33.939","","","2336","1","41 08.112","-081 33.939","977.0 ft","Metropark","153.0'","Clinometer/laser rangefinder/sine","12.0'","144''","","","Steve Galehouse","2010-10-19","","N"
"Tuliptree","Liriodendron tulipifera","Ohio","Summit","Sand Run","","","","","18725","1","","","","Metropark","159.0'","Clinometer/laser rangefinder/sine","14.2'","170''","","","Rand Brown, Steve Galehouse","2011-11-06","","N"
"Tuliptree","Liriodendron tulipifera","Ohio","Summit","Sand Run","","","","","18722","1","","","","Metropark","161.0'","Clinometer/laser rangefinder/sine","13.0'","156''","","","Rand Brown, Steve Galehouse","2011-11-06","","N"
"Tuliptree","Liriodendron tulipifera","Ohio","Summit","Sand Run","","","","","18717","1","","","","Metropark","163.3'","Clinometer/laser rangefinder/sine","","","","","Rand Brown, Steve Galehouse","2011-11-06","","N"
"Tuliptree","Liriodendron tulipifera","Ohio","Summit","Sand Run","41 08.044","-081 33.934","","","18726","1","41 08.044","-081 33.934","","Metropark","163.7'","Clinometer/laser rangefinder/sine","14.7'","176''","91.0'","","Steve Galehouse, Rand Brown","2010-11-09","","N"
"Tuliptree","Liriodendron tulipifera","Ohio","Summit","Sand Run","","","","","18716","1","","","","Metropark","170.0'","Clinometer/laser rangefinder/sine","14.7'","176''","91.0'","","Rand Brown, Steve Galehouse","2011-11-06","","N"
"Tuliptree","Liriodendron tulipifera","Ohio","Summit","Sand Run","41 08.077","-081 33.909","","","58963","1","41 08.077","-081 33.909","","Metropark","171.0'","Clinometer/laser rangefinder/sine","15.3'","183''","","","Steve Galehouse","2013-11-17","","N"
"White Ash","Fraxinus americana","Ohio","Summit","Sand Run","","","","","18732","1","","","","Metropark","131.8'","Clinometer/laser rangefinder/sine","11.1'","133''","","","Steve Galehouse, Rand Brown","2010-11-09","","N"
"White Oak","Quercus alba","Ohio","Summit","Sand Run","","","","","18742","1","","","","Metropark","117.5'","Clinometer/laser rangefinder/sine","8.1'","97''","","","Steve Galehouse, Rand Brown","2010-11-09","","N"
"Tuliptree","Liriodendron tulipifera","Ohio","Summit","Sand Run II","","","","","170144","1","","","","public park","","","14.9'","179''","","single stem","Stefan Radivoyevitch","2018-01-30","","N"
"Tuliptree","Liriodendron tulipifera","Ohio","Summit","Sand Run II","","","","","177027","1","","","","public park","145.0'","","16.9'","203''","","single stem","Stefan Radivoyevitch","2019-02-19","","N"
"Tuliptree","Liriodendron tulipifera","Ohio","Summit","Sand Run II","","","","","170145","1","","","","public park","150.0'","","","","","","Stefan Radivoyevitch","2018-01-30","","N"
"Tuliptree","Liriodendron tulipifera","Ohio","Summit","Sand Run II","","","","","177026","1","","","","public park","156.0'","","","","","double stem","Stefan Radivoyevitch","2019-02-19","","N"
"Tuliptree","Liriodendron tulipifera","Ohio","Summit","Sand Run II","","","","","177024","1","","","","public park","157.0'","","","","","","Stefan Radivoyevitch","2019-02-19","","N"
"Tuliptree","Liriodendron tulipifera","Ohio","Summit","Sand Run II","","","","","177025","1","","","","public park","158.0'","","","","","Tree has a rotten hollowed out base.","Stefan Radivoyevitch","2019-02-19","","N"
"Tuliptree","Liriodendron tulipifera","Ohio","Summit","Sand Run II","","","","","177023","1","","","","public park","163.0'","Clinometer/laser rangefinder/sine","13.8'","166''","","Probably the same tree measured by Galehouse/Rand at 159' x 170"" girth on 11/6/2011. Discrepancy of girth can be accounted for by mid-slope placement that was eyeballed by me on a moderate slope.","Stefan Radivoyevitch","2019-02-19","","N"
"Tuliptree","Liriodendron tulipifera","Ohio","Summit","Sand Run Metropark","","","vicinity coordinates; nearest parking lot","","177019","1","","","","public","148.0'","","","","","","Stefan Radivoyevitch","2018-12-19","","N"
"Tuliptree","Liriodendron tulipifera","Ohio","Summit","Sand Run Metropark","","","vicinity coordinates; nearest parking lot","","177020","1","","","","public","148.0'","","","","","","Stefan Radivoyevitch","2018-12-19","","N"
"Tuliptree","Liriodendron tulipifera","Ohio","Summit","Sand Run Metropark","","","vicinity coordinates; nearest parking lot","","177021","1","","","","public","150.0'","","","","","based off single measurement","Stefan Radivoyevitch","2018-12-19","","N"
"Tuliptree","Liriodendron tulipifera","Ohio","Summit","Sand Run Metropark","","","vicinity coordinates; nearest parking lot","","177022","1","","","","public","162.0'","","10.9'","131''","","young, previously undocumented tree","Stefan Radivoyevitch","2018-12-19","","N"
"American Sycamore","Platanus occidentalis","Ohio","Trumbull","Warren OH Bottomland Hardwoods","","","","","9655","1","","","","public","90.4'","","15.6'","187''","","","Thomas Diggins","2003-07-16","http%3A%2F%2Fwww.nativetreesociety.org%2Ffieldtrips%2Fohio%2Fwarren_oh.htm","N"
"Black Walnut","Juglans nigra","Ohio","Trumbull","Warren OH Bottomland Hardwoods","","","","","9656","1","","","","public","111.8'","","","","70.0'","19' 6"" Double pith trunk","Thomas Diggins","2003-07-16","http%3A%2F%2Fwww.nativetreesociety.org%2Ffieldtrips%2Fohio%2Fwarren_oh.htm","N"
"Eastern Cottonwood","Populus deltoides","Ohio","Trumbull","Warren OH Bottomland Hardwoods","","","","","9653","1","","","","public","98.6'","","21.6'","259''","100.0'","","Thomas Diggins","2003-07-16","http%3A%2F%2Fwww.nativetreesociety.org%2Ffieldtrips%2Fohio%2Fwarren_oh.htm","N"
"Eastern Cottonwood","Populus deltoides","Ohio","Trumbull","Warren OH Bottomland Hardwoods","","","","","9652","1","","","","public","109.1'","","18.1'","217''","","","Thomas Diggins","2003-07-16","http%3A%2F%2Fwww.nativetreesociety.org%2Ffieldtrips%2Fohio%2Fwarren_oh.htm","N"
"Eastern Cottonwood","Populus deltoides","Ohio","Trumbull","Warren OH Bottomland Hardwoods","","","","","9651","1","","","","public","120.6'","","18.9'","227''","","","Thomas Diggins","2003-07-16","http%3A%2F%2Fwww.nativetreesociety.org%2Ffieldtrips%2Fohio%2Fwarren_oh.htm","N"
"Eastern Cottonwood","Populus deltoides","Ohio","Trumbull","Warren OH Bottomland Hardwoods","","","","","9650","1","","","","public","121.7'","","16.7'","200''","","","Thomas Diggins","2003-07-16","http%3A%2F%2Fwww.nativetreesociety.org%2Ffieldtrips%2Fohio%2Fwarren_oh.htm","N"
"Tuliptree","Liriodendron tulipifera","Ohio","Trumbull","Warren OH Bottomland Hardwoods","","","","","9654","1","","","","public","133.4'","","11.5'","138''","","","Thomas Diggins","2003-07-16","http%3A%2F%2Fwww.nativetreesociety.org%2Ffieldtrips%2Fohio%2Fwarren_oh.htm","N"
"Bur Oak","Quercus macrocarpa var. macrocarpa","Ohio","Union","Union County","","","","","174097","1","","","","Private","62.0'","Clinometer/laser rangefinder/sine","10.7'","128''","","","Matt Markworth","2016-06-05","http%3A%2F%2Fwww.ents-bbs.org%2Fviewtopic.php%3Ff%3D111%26t%3D7669%26start%3D20%23p37822","N"
"Bur Oak","Quercus macrocarpa var. macrocarpa","Ohio","Union","Union County","","","","","174095","1","","","","Private","62.5'","Clinometer/laser rangefinder/sine","11.1'","133''","","Dead top","Matt Markworth","2016-06-05","http%3A%2F%2Fwww.ents-bbs.org%2Fviewtopic.php%3Ff%3D111%26t%3D7669%26start%3D20%23p37822","N"
"Bur Oak","Quercus macrocarpa var. macrocarpa","Ohio","Union","Union County","","","","","174103","1","","","","Private","62.5'","Clinometer/laser rangefinder/sine","7.8'","94''","","","Matt Markworth","2016-06-05","http%3A%2F%2Fwww.ents-bbs.org%2Fviewtopic.php%3Ff%3D111%26t%3D7669%26start%3D20%23p37822","N"
"Bur Oak","Quercus macrocarpa var. macrocarpa","Ohio","Union","Union County","","","","","174086","1","","","","Private","69.0'","Clinometer/laser rangefinder/sine","13.3'","159''","","","Matt Markworth","2016-06-05","http%3A%2F%2Fwww.ents-bbs.org%2Fviewtopic.php%3Ff%3D111%26t%3D7669%26start%3D20%23p37822","N"
"Bur Oak","Quercus macrocarpa var. macrocarpa","Ohio","Union","Union County","","","","","174087","1","","","","Private","69.5'","Clinometer/laser rangefinder/sine","13.2'","158''","","","Matt Markworth","2016-06-05","http%3A%2F%2Fwww.ents-bbs.org%2Fviewtopic.php%3Ff%3D111%26t%3D7669%26start%3D20%23p37822","N"
"Bur Oak","Quercus macrocarpa var. macrocarpa","Ohio","Union","Union County","","","","","174099","1","","","","Private","70.5'","Clinometer/laser rangefinder/sine","10.6'","127''","","","Matt Markworth","2016-06-05","http%3A%2F%2Fwww.ents-bbs.org%2Fviewtopic.php%3Ff%3D111%26t%3D7669%26start%3D20%23p37822","N"
"Bur Oak","Quercus macrocarpa var. macrocarpa","Ohio","Union","Union County","","","","","174100","1","","","","Private","70.5'","Clinometer/laser rangefinder/sine","8.7'","104''","","","Matt Markworth","2016-06-05","http%3A%2F%2Fwww.ents-bbs.org%2Fviewtopic.php%3Ff%3D111%26t%3D7669%26start%3D20%23p37822","N"
"Bur Oak","Quercus macrocarpa var. macrocarpa","Ohio","Union","Union County","","","","","174092","1","","","","Private","77.5'","Clinometer/laser rangefinder/sine","11.8'","141''","","","Matt Markworth","2016-06-05","http%3A%2F%2Fwww.ents-bbs.org%2Fviewtopic.php%3Ff%3D111%26t%3D7669%26start%3D20%23p37822","N"
"Bur Oak","Quercus macrocarpa var. macrocarpa","Ohio","Union","Union County","","","","","174093","1","","","","Private","77.5'","Clinometer/laser rangefinder/sine","11.7'","141''","","","Matt Markworth","2016-06-05","http%3A%2F%2Fwww.ents-bbs.org%2Fviewtopic.php%3Ff%3D111%26t%3D7669%26start%3D20%23p37822","N"
"Bur Oak","Quercus macrocarpa var. macrocarpa","Ohio","Union","Union County","","","","","174096","1","","","","Private","77.5'","Clinometer/laser rangefinder/sine","10.8'","130''","","","Matt Markworth","2016-06-05","http%3A%2F%2Fwww.ents-bbs.org%2Fviewtopic.php%3Ff%3D111%26t%3D7669%26start%3D20%23p37822","N"
"Bur Oak","Quercus macrocarpa var. macrocarpa","Ohio","Union","Union County","","","","","174084","1","","","","Private","80.0'","Clinometer/laser rangefinder/sine","13.5'","162''","","","Matt Markworth","2016-06-05","http%3A%2F%2Fwww.ents-bbs.org%2Fviewtopic.php%3Ff%3D111%26t%3D7669%26start%3D20%23p37822","N"
"Bur Oak","Quercus macrocarpa var. macrocarpa","Ohio","Union","Union County","","","","","174098","1","","","","Private","80.5'","Clinometer/laser rangefinder/sine","10.7'","128''","","","Matt Markworth","2016-06-05","http%3A%2F%2Fwww.ents-bbs.org%2Fviewtopic.php%3Ff%3D111%26t%3D7669%26start%3D20%23p37822","N"
"Bur Oak","Quercus macrocarpa var. macrocarpa","Ohio","Union","Union County","","","","","174091","1","","","","Private","84.0'","Clinometer/laser rangefinder/sine","11.9'","143''","","","Matt Markworth","2016-06-05","http%3A%2F%2Fwww.ents-bbs.org%2Fviewtopic.php%3Ff%3D111%26t%3D7669%26start%3D20%23p37822","N"
"Bur Oak","Quercus macrocarpa var. macrocarpa","Ohio","Union","Union County","","","","","174089","1","","","","Private","86.0'","Clinometer/laser rangefinder/sine","12.7'","152''","","","Matt Markworth","2016-06-05","http%3A%2F%2Fwww.ents-bbs.org%2Fviewtopic.php%3Ff%3D111%26t%3D7669%26start%3D20%23p37822","N"
"Post Oak","Quercus stellata","Ohio","Union","Union County","","","","","174101","1","","","","Private","63.0'","Clinometer/laser rangefinder/sine","8.5'","102''","","","Matt Markworth","2016-06-05","http%3A%2F%2Fwww.ents-bbs.org%2Fviewtopic.php%3Ff%3D111%26t%3D7669%26start%3D20%23p37822","N"
"Shingle Oak","Quercus imbricaria","Ohio","Union","Union County","","","","","174102","1","","","","Private","68.5'","Clinometer/laser rangefinder/sine","8.0'","96''","","","Matt Markworth","2016-06-05","http%3A%2F%2Fwww.ents-bbs.org%2Fviewtopic.php%3Ff%3D111%26t%3D7669%26start%3D20%23p37822","N"
"White Oak","Quercus alba","Ohio","Union","Union County","","","","","174083","1","","","","Private","68.5'","Clinometer/laser rangefinder/sine","14.0'","168''","","","Matt Markworth","2016-06-05","http%3A%2F%2Fwww.ents-bbs.org%2Fviewtopic.php%3Ff%3D111%26t%3D7669%26start%3D20%23p37822","N"
"White Oak","Quercus alba","Ohio","Union","Union County","","","","","174090","1","","","","Private","75.5'","Clinometer/laser rangefinder/sine","12.3'","147''","","","Matt Markworth","2016-06-05","http%3A%2F%2Fwww.ents-bbs.org%2Fviewtopic.php%3Ff%3D111%26t%3D7669%26start%3D20%23p37822","N"
"White Oak","Quercus alba","Ohio","Union","Union County","","","","","174085","1","","","","Private","78.5'","Clinometer/laser rangefinder/sine","13.3'","160''","","","Matt Markworth","2016-06-05","http%3A%2F%2Fwww.ents-bbs.org%2Fviewtopic.php%3Ff%3D111%26t%3D7669%26start%3D20%23p37822","N"
"White Oak","Quercus alba","Ohio","Union","Union County","","","","","174094","1","","","","Private","80.5'","Clinometer/laser rangefinder/sine","11.3'","135''","","","Matt Markworth","2016-06-05","http%3A%2F%2Fwww.ents-bbs.org%2Fviewtopic.php%3Ff%3D111%26t%3D7669%26start%3D20%23p37822","N"
"White Oak","Quercus alba","Ohio","Union","Union County","","","","","174088","1","","","","Private","84.0'","Clinometer/laser rangefinder/sine","12.9'","155''","","","Matt Markworth","2016-06-05","http%3A%2F%2Fwww.ents-bbs.org%2Fviewtopic.php%3Ff%3D111%26t%3D7669%26start%3D20%23p37822","N"
"White Oak","Quercus alba","Ohio","Union","Union County","","","","","174082","1","","","","Private","90.0'","Clinometer/laser rangefinder/sine","14.7'","176''","","","Matt Markworth","2016-06-05","http%3A%2F%2Fwww.ents-bbs.org%2Fviewtopic.php%3Ff%3D111%26t%3D7669%26start%3D20%23p37822","N"
"American Sycamore","Platanus occidentalis","Ohio","Vinton","Lake Hope State Park","","","","","162472","1","","","","public","145.0'","Clinometer/laser rangefinder/sine","","","","single measurement","Stefan Radivoyevitch","2017-01-20","","N"
"American Sycamore","Platanus occidentalis","Ohio","Vinton","Lake Hope State Park","","","","","196228","1","","","","public","160.9'","Clinometer/laser rangefinder/sine","","","","","Stefan Radivoyevitch","2019-11-20","","N"
"Eastern White Pine","Pinus strobus","Ohio","Vinton","Lake Hope State Park","","","","","162468","1","","","","public","155.0'","Clinometer/laser rangefinder/sine","7.8'","94''","","Average of six different measurements rounded down to the lowest foot of each measurement (153, 155, 157, 157, 156, 154). Plantation tree. Handheld.","Stefan Radivoyevitch","2017-01-20","","N"
"Tuliptree","Liriodendron tulipifera","Ohio","Vinton","Lake Hope State Park","","","","","162471","1","","","","public","155.0'","Clinometer/laser rangefinder/sine","","","","single handheld measurement rounded down to nearest foot","Stefan Radivoyevitch","2017-01-20","","N"
"Tuliptree","Liriodendron tulipifera","Ohio","Vinton","Lake Hope State Park","","","","","162470","1","","","","public","163.0'","Clinometer/laser rangefinder/sine","","","","Average height of two different measurements at (162, 164).","Stefan Radivoyevitch","2017-01-20","","N"
"Tuliptree","Liriodendron tulipifera","Ohio","Vinton","Lake Hope State Park","","","","","162469","1","","","","public","164.0'","Clinometer/laser rangefinder/sine","10.7'","128''","","Average height of three different measurements rounded down to the nearest foot (163, 164, 165). Handheld. No tape wrape","Stefan Radivoyevitch","2017-01-20","","N"
"Bur Oak","Quercus macrocarpa var. macrocarpa","Ohio","Warren","Fleckenstein Park","","","50 Acres","","224398","1","","","","Public - county","68.8'","Clinometer/laser rangefinder/sine","14.4'","173''","","","Matt Markworth","2015-11-22","http%3A%2F%2Fwww.ents-bbs.org%2Fviewtopic.php%3Ff%3D111%26t%3D7347%23p35286","N"
"Bur Oak","Quercus macrocarpa var. macrocarpa","Ohio","Warren","Fleckenstein Park","","","50 Acres","","224397","1","","","","Public - county","72.3'","Clinometer/laser rangefinder/sine","12.8'","153''","67.0'","","Matt Markworth","2015-11-22","http%3A%2F%2Fwww.ents-bbs.org%2Fviewtopic.php%3Ff%3D111%26t%3D7347%23p35286","N"
"Bur Oak","Quercus macrocarpa var. macrocarpa","Ohio","Warren","Fleckenstein Park","","","50 Acres","","224396","1","","","","Public - county","74.6'","Clinometer/laser rangefinder/sine","14.3'","172''","71.5'","","Matt Markworth","2015-11-22","http%3A%2F%2Fwww.ents-bbs.org%2Fviewtopic.php%3Ff%3D111%26t%3D7347%23p35286","N"
"Chinkapin Oak","Quercus muehlenbergii","Ohio","Warren","Fleckenstein Park","","","50 Acres","","224400","1","","","","Public - county","52.6'","Clinometer/laser rangefinder/sine","7.8'","94''","39.0'","","Matt Markworth","2015-11-22","http%3A%2F%2Fwww.ents-bbs.org%2Fviewtopic.php%3Ff%3D111%26t%3D7347%23p35286","N"
"Chinkapin Oak","Quercus muehlenbergii","Ohio","Warren","Fleckenstein Park","","","50 Acres","","224399","1","","","","Public - county","65.5'","Clinometer/laser rangefinder/sine","14.2'","171''","83.0'","","Matt Markworth","2015-11-22","http%3A%2F%2Fwww.ents-bbs.org%2Fviewtopic.php%3Ff%3D111%26t%3D7347%23p35286","N"
"White Oak","Quercus alba","Ohio","Warren","Fleckenstein Park","","","50 Acres","","224401","1","","","","Public - county","68.2'","Clinometer/laser rangefinder/sine","11.5'","138''","58.0'","","Matt Markworth","2015-11-22","http%3A%2F%2Fwww.ents-bbs.org%2Fviewtopic.php%3Ff%3D111%26t%3D7347%23p35286","N"
"Eastern Redcedar","Juniperus virginiana","Ohio","Warren","Fort Ancient Area","","","","","162526","1","","","","public","77.0'","Clinometer/laser rangefinder/sine","8.1'","98''","","roadside attraction near historic home","Stefan Radivoyevitch","2017-09-11","","N"
"Bur Oak","Quercus macrocarpa var. macrocarpa","Ohio","Warren","Franklin","","","","","214462","1","","","","Various","61.5'","Clinometer/laser rangefinder/sine","13.4'","161''","","Tree located in Southeast Clark County","Matt Markworth","2016-05-05","http%3A%2F%2Fwww.ents-bbs.org%2Fviewtopic.php%3Ff%3D111%26t%3D7669%26start%3D10%23p37739","N"
"Bur Oak","Quercus macrocarpa var. macrocarpa","Ohio","Warren","Franklin","","","","","214464","1","","","","Various","61.5'","Clinometer/laser rangefinder/sine","15.3'","184''","","Tree located in southeast Greene County.
Circumference taken over vines.","Matt Markworth","2016-05-05","http%3A%2F%2Fwww.ents-bbs.org%2Fviewtopic.php%3Ff%3D111%26t%3D7669%26start%3D10%23p37739","N"
"Bur Oak","Quercus macrocarpa var. macrocarpa","Ohio","Warren","Franklin","","","","","214463","1","","","","Various","71.5'","Clinometer/laser rangefinder/sine","16.5'","198''","92.0'","Tree located in Franklin County","Matt Markworth","2016-05-05","http%3A%2F%2Fwww.ents-bbs.org%2Fviewtopic.php%3Ff%3D111%26t%3D7669%26start%3D10%23p37739","N"
"American Sycamore","Platanus occidentalis","Ohio","Warren","Lebanon Elementary School","","","","","96114","1","","","","Public School","87.0'","Clinometer/laser rangefinder/sine","19.2'","230''","95.5'","Spread: 114' x 77'","Matt Markworth","2015-05-16","","N"
"American Sycamore","Platanus occidentalis","Ohio","Warren","Lebanon Elementary School","","","","","96113","1","","","","Public School","107.0'","Clinometer/laser rangefinder/sine","16.5'","198''","134.5'","Spread: 144' x 125'","Matt Markworth","2015-05-16","","N"
"Black Locust","Robinia pseudoacacia","Ohio","Warren","Schappacher Park","","","4686 Old Irwin Road
Mason, Ohio","","187653","1","","","","Public - county","71.5'","Clinometer/laser rangefinder/sine","","","","","Matt Markworth","2018-08-18","http%3A%2F%2Fwww.ents-bbs.org%2Fviewtopic.php%3Ff%3D111%26t%3D8354","N"
"Black Walnut","Juglans nigra","Ohio","Warren","Schappacher Park","","","4686 Old Irwin Road
Mason, Ohio","","187648","1","","","","Public - county","79.0'","Clinometer/laser rangefinder/sine","","","","","Matt Markworth","2018-08-18","http%3A%2F%2Fwww.ents-bbs.org%2Fviewtopic.php%3Ff%3D111%26t%3D8354","N"
"Blackgum","Nyssa sylvatica","Ohio","Warren","Schappacher Park","","","4686 Old Irwin Road
Mason, Ohio","","187655","1","","","","Public - county","","Clinometer/laser rangefinder/sine","6.9'","83''","","","Matt Markworth","2018-08-18","http%3A%2F%2Fwww.ents-bbs.org%2Fviewtopic.php%3Ff%3D111%26t%3D8354","N"
"Blackgum","Nyssa sylvatica","Ohio","Warren","Schappacher Park","","","4686 Old Irwin Road
Mason, Ohio","","187656","1","","","","Public - county","","Clinometer/laser rangefinder/sine","6.8'","82''","","","Matt Markworth","2018-08-18","http%3A%2F%2Fwww.ents-bbs.org%2Fviewtopic.php%3Ff%3D111%26t%3D8354","N"
"Blackgum","Nyssa sylvatica","Ohio","Warren","Schappacher Park","","","4686 Old Irwin Road
Mason, Ohio","","187657","1","","","","Public - county","","Clinometer/laser rangefinder/sine","6.8'","82''","","","Matt Markworth","2018-08-18","http%3A%2F%2Fwww.ents-bbs.org%2Fviewtopic.php%3Ff%3D111%26t%3D8354","N"
"Blackgum","Nyssa sylvatica","Ohio","Warren","Schappacher Park","","","4686 Old Irwin Road
Mason, Ohio","","187658","1","","","","Public - county","","Clinometer/laser rangefinder/sine","6.8'","82''","","","Matt Markworth","2018-08-18","http%3A%2F%2Fwww.ents-bbs.org%2Fviewtopic.php%3Ff%3D111%26t%3D8354","N"
"Blackgum","Nyssa sylvatica","Ohio","Warren","Schappacher Park","","","4686 Old Irwin Road
Mason, Ohio","","187659","1","","","","Public - county","","Clinometer/laser rangefinder/sine","6.7'","80''","","","Matt Markworth","2018-08-18","http%3A%2F%2Fwww.ents-bbs.org%2Fviewtopic.php%3Ff%3D111%26t%3D8354","N"
"Blackgum","Nyssa sylvatica","Ohio","Warren","Schappacher Park","","","4686 Old Irwin Road
Mason, Ohio","","187660","1","","","","Public - county","","Clinometer/laser rangefinder/sine","6.4'","76''","","","Matt Markworth","2018-08-18","http%3A%2F%2Fwww.ents-bbs.org%2Fviewtopic.php%3Ff%3D111%26t%3D8354","N"
"Blackgum","Nyssa sylvatica","Ohio","Warren","Schappacher Park","","","4686 Old Irwin Road
Mason, Ohio","","187661","1","","","","Public - county","","Clinometer/laser rangefinder/sine","6.2'","74''","","","Matt Markworth","2018-08-18","http%3A%2F%2Fwww.ents-bbs.org%2Fviewtopic.php%3Ff%3D111%26t%3D8354","N"
"Blackgum","Nyssa sylvatica","Ohio","Warren","Schappacher Park","","","4686 Old Irwin Road
Mason, Ohio","","187662","1","","","","Public - county","","Clinometer/laser rangefinder/sine","6.1'","73''","","","Matt Markworth","2018-08-18","http%3A%2F%2Fwww.ents-bbs.org%2Fviewtopic.php%3Ff%3D111%26t%3D8354","N"
"Bur Oak","Quercus macrocarpa var. macrocarpa","Ohio","Warren","Schappacher Park","","","4686 Old Irwin Road
Mason, Ohio","","187634","1","","","","Public - county","89.0'","Clinometer/laser rangefinder/sine","10.5'","126''","","","Matt Markworth","2018-08-18","http%3A%2F%2Fwww.ents-bbs.org%2Fviewtopic.php%3Ff%3D111%26t%3D8354","N"
"Common Hackberry","Celtis occidentalis","Ohio","Warren","Schappacher Park","","","4686 Old Irwin Road
Mason, Ohio","","187652","1","","","","Public - county","72.5'","Clinometer/laser rangefinder/sine","5.3'","63''","","","Matt Markworth","2018-08-18","http%3A%2F%2Fwww.ents-bbs.org%2Fviewtopic.php%3Ff%3D111%26t%3D8354","N"
"Honeylocust","Gleditsia triacanthos","Ohio","Warren","Schappacher Park","","","4686 Old Irwin Road
Mason, Ohio","","187647","1","","","","Public - county","77.5'","Clinometer/laser rangefinder/sine","","","","No circumference taken - poison ivy","Matt Markworth","2018-08-18","http%3A%2F%2Fwww.ents-bbs.org%2Fviewtopic.php%3Ff%3D111%26t%3D8354","N"
"Honeylocust","Gleditsia triacanthos","Ohio","Warren","Schappacher Park","","","4686 Old Irwin Road
Mason, Ohio","","187646","1","","","","Public - county","81.5'","Clinometer/laser rangefinder/sine","5.6'","67''","","","Matt Markworth","2018-08-18","http%3A%2F%2Fwww.ents-bbs.org%2Fviewtopic.php%3Ff%3D111%26t%3D8354","N"
"Pin Oak","Quercus palustris","Ohio","Warren","Schappacher Park","","","4686 Old Irwin Road
Mason, Ohio","","187645","1","","","","Public - county","84.5'","Clinometer/laser rangefinder/sine","10.8'","129''","","","Matt Markworth","2018-08-18","http%3A%2F%2Fwww.ents-bbs.org%2Fviewtopic.php%3Ff%3D111%26t%3D8354","N"
"Red Maple","Acer rubrum","Ohio","Warren","Schappacher Park","","","4686 Old Irwin Road
Mason, Ohio","","187650","1","","","","Public - county","74.0'","Clinometer/laser rangefinder/sine","9.3'","111''","","Dead top.","Matt Markworth","2018-08-18","http%3A%2F%2Fwww.ents-bbs.org%2Fviewtopic.php%3Ff%3D111%26t%3D8354","N"
"Shagbark Hickory","Carya ovata","Ohio","Warren","Schappacher Park","","","4686 Old Irwin Road
Mason, Ohio","","187631","1","","","","Public - county","85.5'","Clinometer/laser rangefinder/sine","8.1'","97''","","","Matt Markworth","2018-08-18","http%3A%2F%2Fwww.ents-bbs.org%2Fviewtopic.php%3Ff%3D111%26t%3D8354","N"
"Shagbark Hickory","Carya ovata","Ohio","Warren","Schappacher Park","","","4686 Old Irwin Road
Mason, Ohio","","187630","1","","","","Public - county","89.0'","Clinometer/laser rangefinder/sine","9.0'","108''","","","Matt Markworth","2018-08-18","http%3A%2F%2Fwww.ents-bbs.org%2Fviewtopic.php%3Ff%3D111%26t%3D8354","N"
"Shagbark Hickory","Carya ovata","Ohio","Warren","Schappacher Park","","","4686 Old Irwin Road
Mason, Ohio","","187629","1","","","","Public - county","96.5'","Clinometer/laser rangefinder/sine","7.3'","88''","","","Matt Markworth","2018-08-18","http%3A%2F%2Fwww.ents-bbs.org%2Fviewtopic.php%3Ff%3D111%26t%3D8354","N"
"Shellbark Hickory","Carya laciniosa","Ohio","Warren","Schappacher Park","","","4686 Old Irwin Road
Mason, Ohio","","187649","1","","","","Public - county","78.5'","Clinometer/laser rangefinder/sine","","","","","Matt Markworth","2018-08-18","http%3A%2F%2Fwww.ents-bbs.org%2Fviewtopic.php%3Ff%3D111%26t%3D8354","N"
"Shingle Oak","Quercus imbricaria","Ohio","Warren","Schappacher Park","","","4686 Old Irwin Road
Mason, Ohio","","187633","1","","","","Public - county","90.5'","Clinometer/laser rangefinder/sine","9.7'","116''","","","Matt Markworth","2018-08-18","http%3A%2F%2Fwww.ents-bbs.org%2Fviewtopic.php%3Ff%3D111%26t%3D8354","N"
"Shingle Oak","Quercus imbricaria","Ohio","Warren","Schappacher Park","","","4686 Old Irwin Road
Mason, Ohio","","187632","1","","","","Public - county","95.0'","Clinometer/laser rangefinder/sine","11.3'","135''","","","Matt Markworth","2018-08-18","http%3A%2F%2Fwww.ents-bbs.org%2Fviewtopic.php%3Ff%3D111%26t%3D8354","N"
"Sugar Maple","Acer saccharum","Ohio","Warren","Schappacher Park","","","4686 Old Irwin Road
Mason, Ohio","","187651","1","","","","Public - county","74.0'","Clinometer/laser rangefinder/sine","8.8'","106''","","","Matt Markworth","2018-08-18","http%3A%2F%2Fwww.ents-bbs.org%2Fviewtopic.php%3Ff%3D111%26t%3D8354","N"
"Swamp White Oak","Quercus bicolor","Ohio","Warren","Schappacher Park","","","4686 Old Irwin Road
Mason, Ohio","","187644","1","","","","Public - county","70.0'","Clinometer/laser rangefinder/sine","10.0'","121''","","","Matt Markworth","2018-08-18","http%3A%2F%2Fwww.ents-bbs.org%2Fviewtopic.php%3Ff%3D111%26t%3D8354","N"
"Swamp White Oak","Quercus bicolor","Ohio","Warren","Schappacher Park","","","4686 Old Irwin Road
Mason, Ohio","","187643","1","","","","Public - county","71.0'","Clinometer/laser rangefinder/sine","11.4'","136''","","","Matt Markworth","2018-08-18","http%3A%2F%2Fwww.ents-bbs.org%2Fviewtopic.php%3Ff%3D111%26t%3D8354","N"
"Swamp White Oak","Quercus bicolor","Ohio","Warren","Schappacher Park","","","4686 Old Irwin Road
Mason, Ohio","","187642","1","","","","Public - county","79.5'","Clinometer/laser rangefinder/sine","11.1'","133''","","","Matt Markworth","2018-08-18","http%3A%2F%2Fwww.ents-bbs.org%2Fviewtopic.php%3Ff%3D111%26t%3D8354","N"
"Swamp White Oak","Quercus bicolor","Ohio","Warren","Schappacher Park","","","4686 Old Irwin Road
Mason, Ohio","","187641","1","","","","Public - county","85.0'","Clinometer/laser rangefinder/sine","9.4'","112''","","","Matt Markworth","2018-08-18","http%3A%2F%2Fwww.ents-bbs.org%2Fviewtopic.php%3Ff%3D111%26t%3D8354","N"
"Swamp White Oak","Quercus bicolor","Ohio","Warren","Schappacher Park","","","4686 Old Irwin Road
Mason, Ohio","","187640","1","","","","Public - county","85.5'","Clinometer/laser rangefinder/sine","10.8'","130''","","","Matt Markworth","2018-08-18","http%3A%2F%2Fwww.ents-bbs.org%2Fviewtopic.php%3Ff%3D111%26t%3D8354","N"
"White Ash","Fraxinus americana","Ohio","Warren","Schappacher Park","","","4686 Old Irwin Road
Mason, Ohio","","187654","1","","","","Public - county","71.0'","Clinometer/laser rangefinder/sine","6.4'","76''","","","Matt Markworth","2018-08-18","http%3A%2F%2Fwww.ents-bbs.org%2Fviewtopic.php%3Ff%3D111%26t%3D8354","N"
"White Oak","Quercus alba","Ohio","Warren","Schappacher Park","","","4686 Old Irwin Road
Mason, Ohio","","187639","1","","","","Public - county","74.0'","Clinometer/laser rangefinder/sine","8.8'","105''","","","Matt Markworth","2018-08-18","http%3A%2F%2Fwww.ents-bbs.org%2Fviewtopic.php%3Ff%3D111%26t%3D8354","N"
"White Oak","Quercus alba","Ohio","Warren","Schappacher Park","","","4686 Old Irwin Road
Mason, Ohio","","187638","1","","","","Public - county","79.5'","Clinometer/laser rangefinder/sine","9.8'","117''","","","Matt Markworth","2018-08-18","http%3A%2F%2Fwww.ents-bbs.org%2Fviewtopic.php%3Ff%3D111%26t%3D8354","N"
"White Oak","Quercus alba","Ohio","Warren","Schappacher Park","","","4686 Old Irwin Road
Mason, Ohio","","187637","1","","","","Public - county","80.5'","Clinometer/laser rangefinder/sine","8.2'","98''","","","Matt Markworth","2018-08-18","http%3A%2F%2Fwww.ents-bbs.org%2Fviewtopic.php%3Ff%3D111%26t%3D8354","N"
"White Oak","Quercus alba","Ohio","Warren","Schappacher Park","","","4686 Old Irwin Road
Mason, Ohio","","187636","1","","","","Public - county","81.0'","Clinometer/laser rangefinder/sine","7.9'","95''","","","Matt Markworth","2018-08-18","http%3A%2F%2Fwww.ents-bbs.org%2Fviewtopic.php%3Ff%3D111%26t%3D8354","N"
"White Oak","Quercus alba","Ohio","Warren","Schappacher Park","","","4686 Old Irwin Road
Mason, Ohio","","187635","1","","","","Public - county","88.0'","Clinometer/laser rangefinder/sine","11.3'","136''","","","Matt Markworth","2018-08-18","http%3A%2F%2Fwww.ents-bbs.org%2Fviewtopic.php%3Ff%3D111%26t%3D8354","N"
"American Sycamore","Platanus occidentalis","Ohio","Washington","Howe's Grove Roadside Park","39 16.622","-081 35.601","","","271561","1","39 16.622","-081 35.601","","Public - City","81.5'","Clinometer/laser rangefinder/sine","11.8'","142''","","","Turner Sharp","2010-11-04","http%3A%2F%2Fwww.ents-bbs.org%2Fviewtopic.php%3Ff%3D111%26t%3D2697","N"
"Black Maple","Acer nigrum","Ohio","Washington","Howe's Grove Roadside Park","","","","","271571","1","","","","Public - City","56.7'","Clinometer/laser rangefinder/sine","8.0'","96''","","","Turner Sharp","2010-11-04","http%3A%2F%2Fwww.ents-bbs.org%2Fviewtopic.php%3Ff%3D111%26t%3D2697","N"
"Black Oak","Quercus velutina","Ohio","Washington","Howe's Grove Roadside Park","","","","","271566","1","","","","Public - City","64.4'","Clinometer/laser rangefinder/sine","14.1'","169''","","","Turner Sharp","2010-11-04","http%3A%2F%2Fwww.ents-bbs.org%2Fviewtopic.php%3Ff%3D111%26t%3D2697","N"
"Black Oak","Quercus velutina","Ohio","Washington","Howe's Grove Roadside Park","","","","","271565","1","","","","Public - City","65.0'","Clinometer/laser rangefinder/sine","12.2'","146''","","","Turner Sharp","2010-11-04","http%3A%2F%2Fwww.ents-bbs.org%2Fviewtopic.php%3Ff%3D111%26t%3D2697","N"
"Black Oak","Quercus velutina","Ohio","Washington","Howe's Grove Roadside Park","","","","","271564","1","","","","Public - City","75.8'","Clinometer/laser rangefinder/sine","13.9'","167''","","","Turner Sharp","2010-11-04","http%3A%2F%2Fwww.ents-bbs.org%2Fviewtopic.php%3Ff%3D111%26t%3D2697","N"
"Black Oak","Quercus velutina","Ohio","Washington","Howe's Grove Roadside Park","","","","","271563","1","","","","Public - City","77.0'","Clinometer/laser rangefinder/sine","14.6'","175''","","","Turner Sharp","2010-11-04","http%3A%2F%2Fwww.ents-bbs.org%2Fviewtopic.php%3Ff%3D111%26t%3D2697","N"
"Honeylocust","Gleditsia triacanthos","Ohio","Washington","Howe's Grove Roadside Park","","","","","271570","1","","","","Public - City","61.4'","Clinometer/laser rangefinder/sine","7.6'","91''","","","Turner Sharp","2010-11-04","http%3A%2F%2Fwww.ents-bbs.org%2Fviewtopic.php%3Ff%3D111%26t%3D2697","N"
"Pin Oak","Quercus palustris","Ohio","Washington","Howe's Grove Roadside Park","","","","","271567","1","","","","Public - City","74.0'","Clinometer/laser rangefinder/sine","8.6'","103''","","","Turner Sharp","2010-11-04","http%3A%2F%2Fwww.ents-bbs.org%2Fviewtopic.php%3Ff%3D111%26t%3D2697","N"
"Red Maple","Acer rubrum var. trilobum","Ohio","Washington","Howe's Grove Roadside Park","","","","","271569","1","","","","Public - City","70.9'","Clinometer/laser rangefinder/sine","8.0'","96''","","","Turner Sharp","2010-11-04","http%3A%2F%2Fwww.ents-bbs.org%2Fviewtopic.php%3Ff%3D111%26t%3D2697","N"
"Sweetgum","Liquidambar styraciflua","Ohio","Washington","Howe's Grove Roadside Park","","","","","271568","1","","","","Public - City","73.0'","Clinometer/laser rangefinder/sine","5.7'","68''","","","Turner Sharp","2010-11-04","http%3A%2F%2Fwww.ents-bbs.org%2Fviewtopic.php%3Ff%3D111%26t%3D2697","N"
"Tuliptree","Liriodendron tulipifera","Ohio","Washington","Howe's Grove Roadside Park","","","","","271560","1","","","","Public - City","86.5'","Clinometer/laser rangefinder/sine","10.7'","128''","","","Turner Sharp","2010-11-04","http%3A%2F%2Fwww.ents-bbs.org%2Fviewtopic.php%3Ff%3D111%26t%3D2697","N"
"White Ash","Fraxinus americana","Ohio","Washington","Howe's Grove Roadside Park","","","","","271562","1","","","","Public - City","81.2'","Clinometer/laser rangefinder/sine","7.7'","92''","","","Turner Sharp","2010-11-04","http%3A%2F%2Fwww.ents-bbs.org%2Fviewtopic.php%3Ff%3D111%26t%3D2697","N"
"White Oak","Quercus alba","Ohio","Washington","Howe's Grove Roadside Park","","","","","271559","1","","","","Public - City","87.1'","Clinometer/laser rangefinder/sine","15.5'","186''","","","Turner Sharp","2010-11-04","http%3A%2F%2Fwww.ents-bbs.org%2Fviewtopic.php%3Ff%3D111%26t%3D2697","N"
"American Beech","Fagus grandifolia","Ohio","Washington","Marietta College Campus","39 24.969","-081 27.001","Trees were measured between 1/29/2020 and 2/9/2020","","272968","1","39 24.969","-081 27.001","","Private & Publc","76.4'","Clinometer/laser rangefinder/sine","9.4'","113''","","","Turner Sharp","2020-02-09","","N"
"American Holly","Ilex opaca","Ohio","Washington","Marietta College Campus","39 25.074","-081 27.008","Trees were measured between 1/29/2020 and 2/9/2020","","272979","1","39 25.074","-081 27.008","","Private & Publc","39.1'","Clinometer/laser rangefinder/sine","3.6'","43''","","","Turner Sharp","2020-02-09","","N"
"American Sycamore","Platanus occidentalis","Ohio","Washington","Marietta College Campus","39 24.981","-081 26.960","Trees were measured between 1/29/2020 and 2/9/2020","","272980","1","39 24.981","-081 26.960","","Private & Publc","106.7'","Clinometer/laser rangefinder/sine","13.3'","159''","","","Turner Sharp","2020-02-09","","N"
"Carolina Silverbell","Halesia carolina","Ohio","Washington","Marietta College Campus","39 25.008","-081 27.028","Trees were measured between 1/29/2020 and 2/9/2020","","272986","1","39 25.008","-081 27.028","","Private & Publc","25.8'","Clinometer/laser rangefinder/sine","1.9'","22''","","Circumference taken at 3 1/2'","Turner Sharp","2020-02-09","","N"
"Common Linden","Tilia ×europaea","Ohio","Washington","Marietta College Campus","39 24.920","-081 27.011","Trees were measured between 1/29/2020 and 2/9/2020","","272985","1","39 24.920","-081 27.011","","Private & Publc","53.0'","Clinometer/laser rangefinder/sine","5.0'","60''","","","Turner Sharp","2020-02-09","","N"
"Dawn Redwood","Metasequoia glyptostroboides","Ohio","Washington","Marietta College Campus","39 24.906","-081 26.842","Trees were measured between 1/29/2020 and 2/9/2020","","272964","1","39 24.906","-081 26.842","","Private & Publc","112.2'","Clinometer/laser rangefinder/sine","9.7'","116''","","","Turner Sharp","2020-02-09","","N"
"Eastern Cottonwood","Populus deltoides ssp. deltoides","Ohio","Washington","Marietta College Campus","39 24.918","-081 26.837","Trees were measured between 1/29/2020 and 2/9/2020","","272965","1","39 24.918","-081 26.837","","Private & Publc","98.9'","Clinometer/laser rangefinder/sine","10.9'","131''","","","Turner Sharp","2020-02-09","","N"
"English Oak","Quercus robur","Ohio","Washington","Marietta College Campus","39 25.010","-081 27.033","Trees were measured between 1/29/2020 and 2/9/2020","","272976","1","39 25.010","-081 27.033","","Private & Publc","52.1'","Clinometer/laser rangefinder/sine","3.1'","38''","","","Turner Sharp","2020-02-09","","N"
"European Alder","Alnus glutinosa","Ohio","Washington","Marietta College Campus","39 24.952","-081 27.004","Trees were measured between 1/29/2020 and 2/9/2020","","272982","1","39 24.952","-081 27.004","","Private & Publc","50.6'","Clinometer/laser rangefinder/sine","2.4'","28''","","","Turner Sharp","2020-02-09","","N"
"European Beech","Fagus sylvatica","Ohio","Washington","Marietta College Campus","39 24.962","-081 26.985","Trees were measured between 1/29/2020 and 2/9/2020","","272967","1","39 24.962","-081 26.985","","Private & Publc","44.2'","Clinometer/laser rangefinder/sine","1.8'","22''","","'f. purpurea 'pendula'","Turner Sharp","2020-02-09","","N"
"Hophornbeam","Ostrya virginiana","Ohio","Washington","Marietta College Campus","39 25.012","-081 27.024","Trees were measured between 1/29/2020 and 2/9/2020","","272981","1","39 25.012","-081 27.024","","Private & Publc","","Clinometer/laser rangefinder/sine","3.9'","47''","","","Turner Sharp","2020-02-09","","N"
"Hophornbeam","Ostrya virginiana","Ohio","Washington","Marietta College Campus","39 25.012","-081 27.027","Trees were measured between 1/29/2020 and 2/9/2020","","272973","1","39 25.012","-081 27.027","","Private & Publc","47.1'","Clinometer/laser rangefinder/sine","3.8'","46''","","","Turner Sharp","2020-02-09","","N"
"Japanese Zelkova","Zelkova serrata","Ohio","Washington","Marietta College Campus","39 25.073","-081 26.986","Trees were measured between 1/29/2020 and 2/9/2020","","272978","1","39 25.073","-081 26.986","","Private & Publc","34.4'","Clinometer/laser rangefinder/sine","5.8'","70''","","Circumference taken at 3 1/2'.
Tree has been trimmed.","Turner Sharp","2020-02-09","","N"
"Japanese Zelkova","Zelkova serrata","Ohio","Washington","Marietta College Campus","39 25.071","-081 26.987","Trees were measured between 1/29/2020 and 2/9/2020","","272977","1","39 25.071","-081 26.987","","Private & Publc","36.8'","Clinometer/laser rangefinder/sine","5.8'","69''","","Tree has been trimmed.","Turner Sharp","2020-02-09","","N"
"Norway Spruce","Picea abies","Ohio","Washington","Marietta College Campus","39 24.995","-081 27.022","Trees were measured between 1/29/2020 and 2/9/2020","","272972","1","39 24.995","-081 27.022","","Private & Publc","85.0'","Clinometer/laser rangefinder/sine","7.5'","90''","","","Turner Sharp","2020-02-09","","N"
"Ohio Buckeye","Aesculus glabra var. glabra","Ohio","Washington","Marietta College Campus","39 25.021","-081 27.053","Trees were measured between 1/29/2020 and 2/9/2020","","272974","1","39 25.021","-081 27.053","","Private & Publc","54.1'","Clinometer/laser rangefinder/sine","5.3'","64''","","","Turner Sharp","2020-02-09","","N"
"Paperbark Maple","Acer griseum","Ohio","Washington","Marietta College Campus","39 25.003","-081 27.037","Trees were measured between 1/29/2020 and 2/9/2020","","272975","1","39 25.003","-081 27.037","","Private & Publc","37.8'","Clinometer/laser rangefinder/sine","1.5'","18''","","","Turner Sharp","2020-02-09","","N"
"Scarlet Oak","Quercus coccinea","Ohio","Washington","Marietta College Campus","39 24.958","-081 27.003","Trees were measured between 1/29/2020 and 2/9/2020","","272970","1","39 24.958","-081 27.003","","Private & Publc","73.1'","Clinometer/laser rangefinder/sine","8.0'","96''","","","Turner Sharp","2020-02-09","","N"
"Shingle Oak","Quercus imbricaria","Ohio","Washington","Marietta College Campus","39 24.964","-081 26.983","Trees were measured between 1/29/2020 and 2/9/2020","","272983","1","39 24.964","-081 26.983","","Private & Publc","71.5'","Clinometer/laser rangefinder/sine","7.2'","86''","","","Turner Sharp","2020-02-09","","N"
"Shumard's Oak","Quercus shumardii","Ohio","Washington","Marietta College Campus","39 25.001","-081 27.048","Trees were measured between 1/29/2020 and 2/9/2020","","272984","1","39 25.001","-081 27.048","","Private & Publc","97.5'","Clinometer/laser rangefinder/sine","18.4'","220''","110.8'","","Turner Sharp","2020-02-09","","N"
"Swamp White Oak","Quercus bicolor","Ohio","Washington","Marietta College Campus","39 24.963","-081 27.009","Trees were measured between 1/29/2020 and 2/9/2020","","272969","1","39 24.963","-081 27.009","","Private & Publc","60.0'","Clinometer/laser rangefinder/sine","5.0'","60''","","","Turner Sharp","2020-02-09","","N"
"Sweetbay","Magnolia virginiana","Ohio","Washington","Marietta College Campus","39 24.943","-081 27.019","Trees were measured between 1/29/2020 and 2/9/2020","","272966","1","39 24.943","-081 27.019","","Private & Publc","43.1'","Clinometer/laser rangefinder/sine","1.1'","14''","","Largest in a clump of three stems in an alcove next to an entrance of the Rickey Science Building off of 4th Street.","Turner Sharp","2020-02-09","","N"
"Willow Oak","Quercus phellos","Ohio","Washington","Marietta College Campus","39 24.979","-081 27.004","Trees were measured between 1/29/2020 and 2/9/2020","","272971","1","39 24.979","-081 27.004","","Private & Publc","81.9'","Clinometer/laser rangefinder/sine","10.1'","121''","","","Turner Sharp","2020-02-09","","N"
"American Hornbeam","Carpinus caroliniana ssp. virginiana","Ohio","Washington","Marietta Street Trees","39 24.977","-081 27.067","","","272998","1","39 24.977","-081 27.067","","Public - city","31.9'","Clinometer/laser rangefinder/sine","2.8'","33''","","Measured  1/29/2020 along   4th Street.","Turner Sharp","2009-01-01","","N"
"Japanese Pagoda Tree","Styphnolobium japonicum","Ohio","Washington","Marietta Street Trees","39 24.946","-081 27.039","","","272999","1","39 24.946","-081 27.039","","Public - city","37.1'","Clinometer/laser rangefinder/sine","5.1'","61''","","Measured  1/29/2020 along   4th Street.","Turner Sharp","2009-01-01","","N"
"Sawtooth Oak","Quercus acutissima","Ohio","Washington","Marietta Street Trees","39 25.048","-081 27.059","","","273000","1","39 25.048","-081 27.059","","Public - city","40.1'","Clinometer/laser rangefinder/sine","4.8'","58''","","Measured 1/29/2020 along Putnam Street.","Turner Sharp","2009-01-01","","N"
"Shingle Oak","Quercus imbricaria","Ohio","Washington","Marietta Street Trees","39 24.960","-081 26.907","","","273001","1","39 24.960","-081 26.907","","Public - city","53.2'","Clinometer/laser rangefinder/sine","4.8'","58''","","Measured 1/29/2020 along Butler Street.","Turner Sharp","2009-01-01","","N"
"American Sycamore","Platanus occidentalis","Ohio","Washington","Oak Grove Cemetery","","","First Burial made in 1864","","272620","1","","","700.0 ft","Public - City","104.7'","Clinometer/laser rangefinder/sine","11.7'","140''","","Section 4","Turner Sharp","2014-04-01","","N"
"Arborvitae","Thuja occidentalis","Ohio","Washington","Oak Grove Cemetery","","","First Burial made in 1864","","272608","1","","","700.0 ft","Public - City","59.7'","Clinometer/laser rangefinder/sine","5.0'","59''","","","Turner Sharp","2014-04-01","","N"
"Blackgum","Nyssa sylvatica","Ohio","Washington","Oak Grove Cemetery","","","First Burial made in 1864","","272615","1","","","700.0 ft","Public - City","83.5'","Clinometer/laser rangefinder/sine","8.7'","105''","","Section 19","Turner Sharp","2014-04-01","","N"
"Eastern Hemlock","Tsuga canadensis","Ohio","Washington","Oak Grove Cemetery","","","First Burial made in 1864","","272612","1","","","700.0 ft","Public - City","70.5'","Clinometer/laser rangefinder/sine","10.0'","119''","","Section 19","Turner Sharp","2014-04-01","","N"
"Eastern Hemlock","Tsuga canadensis","Ohio","Washington","Oak Grove Cemetery","","","First Burial made in 1864","","272611","1","","","700.0 ft","Public - City","83.3'","Clinometer/laser rangefinder/sine","","","","","Turner Sharp","2014-04-01","","N"
"Eastern Hemlock","Tsuga canadensis","Ohio","Washington","Oak Grove Cemetery","","","First Burial made in 1864","","272617","1","","","700.0 ft","Public - City","92.7'","Clinometer/laser rangefinder/sine","7.8'","94''","","Section 19","Turner Sharp","2014-04-01","","N"
"Eastern Hemlock","Tsuga canadensis","Ohio","Washington","Oak Grove Cemetery","","","First Burial made in 1864","","272619","1","","","700.0 ft","Public - City","93.1'","Clinometer/laser rangefinder/sine","9.6'","116''","","section 4","Turner Sharp","2014-04-01","","N"
"Eastern Hemlock","Tsuga canadensis","Ohio","Washington","Oak Grove Cemetery","","","First Burial made in 1864","","272618","1","","","700.0 ft","Public - City","103.0'","Clinometer/laser rangefinder/sine","11.6'","139''","","Section 23","Turner Sharp","2014-04-01","","N"
"Green Ash","Fraxinus pennsylvanica","Ohio","Washington","Oak Grove Cemetery","","","First Burial made in 1864","","272621","1","","","700.0 ft","Public - City","67.8'","Clinometer/laser rangefinder/sine","7.1'","85''","","Section 3-5 along road","Turner Sharp","2014-04-01","","N"
"Mockernut Hickory","Carya tomentosa","Ohio","Washington","Oak Grove Cemetery","39 25.440","-081 27.036","First Burial made in 1864","","272605","1","39 25.440","-081 27.036","700.0 ft","Public - City","87.7'","Clinometer/laser rangefinder/sine","8.9'","107''","67.0'","Section 7
Crown spread is maximum, average is 66.5'","Turner Sharp","2014-04-01","","N"
"Mockernut Hickory","Carya tomentosa","Ohio","Washington","Oak Grove Cemetery","39 25.479","-081 26.956","First Burial made in 1864","","272609","1","39 25.479","-081 26.956","700.0 ft","Public - City","88.1'","Clinometer/laser rangefinder/sine","8.0'","96''","51.0'","Section 19
Crown spread is maximum, average is 48.5'","Turner Sharp","2014-04-01","","N"
"Northern Catalpa","Catalpa speciosa","Ohio","Washington","Oak Grove Cemetery","","","First Burial made in 1864","","272600","1","","","700.0 ft","Public - City","75.4'","Clinometer/laser rangefinder/sine","11.4'","137''","","Section 19","Turner Sharp","2014-04-01","","N"
"Norway Spruce","Picea abies","Ohio","Washington","Oak Grove Cemetery","","","First Burial made in 1864","","272616","1","","","700.0 ft","Public - City","88.9'","Clinometer/laser rangefinder/sine","7.3'","88''","","Section 19","Turner Sharp","2014-04-01","","N"
"Pignut Hickory","Carya glabra","Ohio","Washington","Oak Grove Cemetery","39 25.485","-081 26.948","First Burial made in 1864","","272610","1","39 25.485","-081 26.948","740.0 ft","Public - City","82.7'","Clinometer/laser rangefinder/sine","8.9'","107''","","Section 19","Turner Sharp","2014-04-01","","N"
"Post Oak","Quercus stellata","Ohio","Washington","Oak Grove Cemetery","39 25.522","-081 27.080","First Burial made in 1864","","272601","1","39 25.522","-081 27.080","700.0 ft","Public - City","73.4'","Clinometer/laser rangefinder/sine","11.0'","132''","71.0'","Section 5,
Crown spread is maximum,average is 57.5'","Turner Sharp","2014-04-01","","N"
"Red Maple","Acer rubrum","Ohio","Washington","Oak Grove Cemetery","","","First Burial made in 1864","","272623","1","","","700.0 ft","Public - City","77.0'","Clinometer/laser rangefinder/sine","11.3'","135''","","Section 4","Turner Sharp","2014-04-01","","N"
"Red Maple","Acer rubrum var. rubrum","Ohio","Washington","Oak Grove Cemetery","","","First Burial made in 1864","","272607","1","","","700.0 ft","Public - City","74.1'","Clinometer/laser rangefinder/sine","10.1'","121''","","Section 1","Turner Sharp","2014-04-01","","N"
"Red Maple","Acer rubrum var. rubrum","Ohio","Washington","Oak Grove Cemetery","","","First Burial made in 1864","","272606","1","","","700.0 ft","Public - City","78.5'","Clinometer/laser rangefinder/sine","9.9'","118''","","Section 1","Turner Sharp","2014-04-01","","N"
"Sassafras","Sassafras albidum","Ohio","Washington","Oak Grove Cemetery","","","First Burial made in 1864","","272599","1","","","700.0 ft","Public - City","58.2'","Clinometer/laser rangefinder/sine","10.1'","121''","","Section 19","Turner Sharp","2014-04-01","","N"
"Sawara False Cypress","Chamaecyparis pisifera","Ohio","Washington","Oak Grove Cemetery","39 25.510","-081 27.114","First Burial made in 1864","","272603","1","39 25.510","-081 27.114","700.0 ft","Public - City","85.4'","Clinometer/laser rangefinder/sine","7.8'","93''","34.0'","Section 35 along road
Crown spread is maximum, average is 31'
Triple leader but not fused at breast height","Turner Sharp","2014-04-01","","N"
"Sawara False Cypress","Chamaecyparis pisifera","Ohio","Washington","Oak Grove Cemetery","39 25.445","-081 27.023","First Burial made in 1864","","272604","1","39 25.445","-081 27.023","700.0 ft","Public - City","90.3'","Clinometer/laser rangefinder/sine","7.6'","91''","24.5'","Section 35 along road, 
crown spread is maximum, average is 23.8'","Turner Sharp","2014-04-01","","N"
"Sawara False Cypress","Chamaecyparis pisifera","Ohio","Washington","Oak Grove Cemetery","39 25.514","-081 27.118","First Burial made in 1864","","272602","1","39 25.514","-081 27.118","700.0 ft","Public - City","91.1'","Clinometer/laser rangefinder/sine","8.3'","100''","30.0'","Section 35 along road, 
Crown spread is maximum, average is 28.5'","Turner Sharp","2014-04-01","","N"
"Sugar Maple","Acer saccharum","Ohio","Washington","Oak Grove Cemetery","39 25.444","-081 27.050","First Burial made in 1864","","272622","1","39 25.444","-081 27.050","700.0 ft","Public - City","","Clinometer/laser rangefinder/sine","9.1'","109''","","Section 3-5","Turner Sharp","2014-04-01","","N"
"White Oak","Quercus alba","Ohio","Washington","Oak Grove Cemetery","","","First Burial made in 1864","","272613","1","","","700.0 ft","Public - City","74.9'","Clinometer/laser rangefinder/sine","12.0'","144''","","Section 19","Turner Sharp","2014-04-01","","N"
"White Oak","Quercus alba","Ohio","Washington","Oak Grove Cemetery","","","First Burial made in 1864","","272614","1","","","700.0 ft","Public - City","89.0'","Clinometer/laser rangefinder/sine","12.8'","154''","","","Turner Sharp","2014-04-01","","N"
"Black Oak","Quercus velutina","Ohio","Washington","Universalist Society Of Belpre","39 16.618","-081 36.221","Site of the first Universalist Society Church in Ohio - 1825
Now privately owned with a remanent stand of older trees.","","272724","1","39 16.618","-081 36.221","640.0 ft","Private","81.6'","Clinometer/laser rangefinder/sine","9.4'","113''","","","Turner Sharp","2022-05-05","","N"
"Black Oak","Quercus velutina","Ohio","Washington","Universalist Society Of Belpre","39 16.645","-081 36.214","Site of the first Universalist Society Church in Ohio - 1825
Now privately owned with a remanent stand of older trees.","","272726","1","39 16.645","-081 36.214","640.0 ft","Private","83.0'","Clinometer/laser rangefinder/sine","10.8'","129''","","","Turner Sharp","2022-05-05","","N"
"Black Oak","Quercus velutina","Ohio","Washington","Universalist Society Of Belpre","39 16.252","-081 36.217","Site of the first Universalist Society Church in Ohio - 1825
Now privately owned with a remanent stand of older trees.","","272723","1","39 16.252","-081 36.217","640.0 ft","Private","85.5'","Clinometer/laser rangefinder/sine","13.3'","159''","","","Turner Sharp","2022-05-05","","N"
"Black Oak","Quercus velutina","Ohio","Washington","Universalist Society Of Belpre","39 16.645","-081 36.215","Site of the first Universalist Society Church in Ohio - 1825
Now privately owned with a remanent stand of older trees.","","272727","1","39 16.645","-081 36.215","640.0 ft","Private","85.9'","Clinometer/laser rangefinder/sine","13.8'","166''","","","Turner Sharp","2022-05-05","","N"
"Black Oak","Quercus velutina","Ohio","Washington","Universalist Society Of Belpre","39 16.641","-081 36.212","Site of the first Universalist Society Church in Ohio - 1825
Now privately owned with a remanent stand of older trees.","","272725","1","39 16.641","-081 36.212","640.0 ft","Private","87.7'","Clinometer/laser rangefinder/sine","13.1'","157''","","","Turner Sharp","2022-05-05","","N"
"Black Walnut","Juglans nigra","Ohio","Washington","Universalist Society Of Belpre","39 16.619","-081 36.206","Site of the first Universalist Society Church in Ohio - 1825
Now privately owned with a remanent stand of older trees.","","272722","1","39 16.619","-081 36.206","640.0 ft","Private","66.9'","Clinometer/laser rangefinder/sine","5.2'","63''","","","Turner Sharp","2022-05-05","","N"
"Tuliptree","Liriodendron tulipifera","Ohio","Washington","Universalist Society Of Belpre","39 16.631","-081 36.204","Site of the first Universalist Society Church in Ohio - 1825
Now privately owned with a remanent stand of older trees.","","272721","1","39 16.631","-081 36.204","640.0 ft","Private","97.2'","Clinometer/laser rangefinder/sine","8.5'","102''","","","Turner Sharp","2022-05-05","","N"
"Chinkapin Oak","Quercus muehlenbergii","Ohio","Washington","Washington County Single Tree Sites","39 57.671","-082 59.928","Cities in Washington County are Marietta, Belpre plus the villages of Beverly, Lower Salem, Lowell, Macksburg, and Matamorus.","","312363","1","39 57.671","-082 59.928","","Private , public","77.8'","Clinometer/laser rangefinder/sine","","","","Measured by T. Sharp 11/10/2010 Tree located in Marietta, Washington County.","Turner Sharp","2000-01-01","","N"
"Dawn Redwood","Metasequoia glyptostroboides","Ohio","Washington","Washington County Single Tree Sites","39 17.003","-081 34.861","Cities in Washington County are Marietta, Belpre plus the villages of Beverly, Lower Salem, Lowell, Macksburg, and Matamorus.","","312362","1","39 17.003","-081 34.861","","Private , public","90.2'","Clinometer/laser rangefinder/sine","9.8'","117''","","Measured by T, Sharp 2/10/2018. Tree is in yard at 1012 Hocking Road, Belpre, Washington County.
Tree was planted 1972/73.","Turner Sharp","2000-01-01","","N"
"European Larch","Larix decidua","Ohio","Washington","Washington County Single Tree Sites","39 16.363","-081 34.290","Cities in Washington County are Marietta, Belpre plus the villages of Beverly, Lower Salem, Lowell, Macksburg, and Matamorus.","","312360","1","39 16.363","-081 34.290","","Private , public","62.7'","Clinometer/laser rangefinder/sine","6.0'","72''","","Measured by T. Sharp 2/10/2018. Tree is in backyard of house located at Washington Avenue and Walnut Street in Belpre, Washington County","Turner Sharp","2000-01-01","","N"
"Hybrid Oak","Quercus  x mutabilis","Ohio","Washington","Washington County Single Tree Sites","39 25.884","-081 27.827","Cities in Washington County are Marietta, Belpre plus the villages of Beverly, Lower Salem, Lowell, Macksburg, and Matamorus.","","312364","1","39 25.884","-081 27.827","","Private , public","62.6'","Clinometer/laser rangefinder/sine","7.4'","89''","","Locatred on 4th Street next to a multistory parking garage at the Marietta Memorial Hospital complex, Marietta, Washington County.
Hybrid of Q. palustris x Q. shumardii
Measured by T, Sharp 11/9/2023.","Turner Sharp","2000-01-01","","N"
"Osage Orange","Maclura pomifera","Ohio","Washington","Washington County Single Tree Sites","39 17.034","-081 35.238","Cities in Washington County are Marietta, Belpre plus the villages of Beverly, Lower Salem, Lowell, Macksburg, and Matamorus.","","312361","1","39 17.034","-081 35.238","","Private , public","69.3'","Clinometer/laser rangefinder/sine","8.2'","98''","","Tree measured by T. Sharp 2/10/2018 along 1400 block of Hocking Road, Belpre, Washington County","Turner Sharp","2000-01-01","","N"
"Red Hickory","Carya ovalis","Ohio","Washington","Washington County Single Tree Sites","39 25.232","-081 27.686","Cities in Washington County are Marietta, Belpre plus the villages of Beverly, Lower Salem, Lowell, Macksburg, and Matamorus.","","312359","1","39 25.232","-081 27.686","","Private , public","92.1'","Clinometer/laser rangefinder/sine","8.1'","97''","58.5'","Tree measured by T. Sharp 4/5/2014 in Mound Cemetery owned by the City of Marietta, Washington County.","Turner Sharp","2000-01-01","","N"
"American Beech","Fagus grandifolia","Ohio","Wayne","Johnson's Woods","","","This is a small patch of old-growth forest on flat, poorly drained soil. This area was known as the Graber Woodlot in the past, and some old articles refer to it as such.","","18335","1","","","","State","105.0'","Clinometer/laser rangefinder/sine","6.7'","80''","","","Steve Galehouse","2010-10-19","","N"
"Northern Red Oak","Quercus rubra","Ohio","Wayne","Johnson's Woods","","","This is a small patch of old-growth forest on flat, poorly drained soil. This area was known as the Graber Woodlot in the past, and some old articles refer to it as such.","","18336","1","","","","State","114.7'","Clinometer/laser rangefinder/sine","11.3'","136''","","","Steve Galehouse","2010-10-19","","N"
"Pignut Hickory","Carya glabra","Ohio","Wayne","Johnson's Woods","","","This is a small patch of old-growth forest on flat, poorly drained soil. This area was known as the Graber Woodlot in the past, and some old articles refer to it as such.","","18337","1","","","","State","107.0'","Clinometer/laser rangefinder/sine","6.4'","77''","","","Steve Galehouse","2010-10-19","","N"
"Pin Oak","Quercus palustris","Ohio","Wayne","Johnson's Woods","","","This is a small patch of old-growth forest on flat, poorly drained soil. This area was known as the Graber Woodlot in the past, and some old articles refer to it as such.","","18338","1","","","","State","105.5'","Clinometer/laser rangefinder/sine","6.8'","81''","","","Steve Galehouse","2010-10-19","","N"
"Red Maple","Acer rubrum","Ohio","Wayne","Johnson's Woods","","","This is a small patch of old-growth forest on flat, poorly drained soil. This area was known as the Graber Woodlot in the past, and some old articles refer to it as such.","","18339","1","","","","State","116.0'","Clinometer/laser rangefinder/sine","9.1'","109''","","","Steve Galehouse","2010-10-19","","N"
"Shagbark Hickory","Carya ovata","Ohio","Wayne","Johnson's Woods","","","This is a small patch of old-growth forest on flat, poorly drained soil. This area was known as the Graber Woodlot in the past, and some old articles refer to it as such.","","18340","1","","","","State","123.3'","Clinometer/laser rangefinder/sine","8.9'","107''","","","Steve Galehouse","2010-10-19","","N"
"White Ash","Fraxinus americana","Ohio","Wayne","Johnson's Woods","","","This is a small patch of old-growth forest on flat, poorly drained soil. This area was known as the Graber Woodlot in the past, and some old articles refer to it as such.","","18341","1","","","","State","111.0'","Clinometer/laser rangefinder/sine","9.7'","116''","","","Steve Galehouse","2010-10-19","","N"
"White Oak","Quercus alba","Ohio","Wayne","Johnson's Woods","","","This is a small patch of old-growth forest on flat, poorly drained soil. This area was known as the Graber Woodlot in the past, and some old articles refer to it as such.","","18342","1","","","","State","110.0'","Clinometer/laser rangefinder/sine","12.6'","151''","","","Steve Galehouse","2010-10-19","","N"
"White Oak","Quercus alba","Ohio","Wayne","Johnson's Woods","","","This is a small patch of old-growth forest on flat, poorly drained soil. This area was known as the Graber Woodlot in the past, and some old articles refer to it as such.","","18343","1","","","","State","115.6'","Clinometer/laser rangefinder/sine","11.8'","142''","","","Steve Galehouse","2010-10-19","","N"
"Dawn Redwood","Metasequoia glyptostroboides","Ohio","Wayne","Secrist Arboretum","","","","","162198","1","","","","Public-state","70.5'","Clinometer/laser rangefinder/sine","6.9'","83''","","Top out","Rand Brown","2013-05-20","http%3A%2F%2Fwww.ents-bbs.org%2Fviewtopic.php%3Ff%3D111%26t%3D427","N"
"Dawn Redwood","Metasequoia glyptostroboides","Ohio","Wayne","Secrist Arboretum","","","","","162192","1","","","","Public-state","89.0'","Clinometer/laser rangefinder/sine","5.1'","61''","","","Rand Brown","2013-05-20","http%3A%2F%2Fwww.ents-bbs.org%2Fviewtopic.php%3Ff%3D111%26t%3D427","N"
"Dawn Redwood","Metasequoia glyptostroboides","Ohio","Wayne","Secrist Arboretum","","","","","162182","1","","","","Public-state","97.0'","Clinometer/laser rangefinder/sine","5.1'","61''","","","Rand Brown","2013-05-20","http%3A%2F%2Fwww.ents-bbs.org%2Fviewtopic.php%3Ff%3D111%26t%3D427","N"
"Dawn Redwood","Metasequoia glyptostroboides","Ohio","Wayne","Secrist Arboretum","","","","","162185","1","","","","Public-state","97.0'","Clinometer/laser rangefinder/sine","6.8'","81''","","","Rand Brown","2013-05-20","http%3A%2F%2Fwww.ents-bbs.org%2Fviewtopic.php%3Ff%3D111%26t%3D427","N"
"Dawn Redwood","Metasequoia glyptostroboides","Ohio","Wayne","Secrist Arboretum","","","","","162191","1","","","","Public-state","98.5'","Clinometer/laser rangefinder/sine","4.3'","51''","","","Rand Brown","2013-05-20","http%3A%2F%2Fwww.ents-bbs.org%2Fviewtopic.php%3Ff%3D111%26t%3D427","N"
"Dawn Redwood","Metasequoia glyptostroboides","Ohio","Wayne","Secrist Arboretum","","","","","162188","1","","","","Public-state","99.5'","Clinometer/laser rangefinder/sine","7.4'","89''","","","Rand Brown","2013-05-20","http%3A%2F%2Fwww.ents-bbs.org%2Fviewtopic.php%3Ff%3D111%26t%3D427","N"
"Dawn Redwood","Metasequoia glyptostroboides","Ohio","Wayne","Secrist Arboretum","","","","","162197","1","","","","Public-state","99.5'","Clinometer/laser rangefinder/sine","6.0'","72''","","","Rand Brown","2013-05-20","http%3A%2F%2Fwww.ents-bbs.org%2Fviewtopic.php%3Ff%3D111%26t%3D427","N"
"Dawn Redwood","Metasequoia glyptostroboides","Ohio","Wayne","Secrist Arboretum","","","","","162202","1","","","","Public-state","100.5'","Clinometer/laser rangefinder/sine","5.3'","64''","","","Rand Brown","2013-05-20","http%3A%2F%2Fwww.ents-bbs.org%2Fviewtopic.php%3Ff%3D111%26t%3D427","N"
"Dawn Redwood","Metasequoia glyptostroboides","Ohio","Wayne","Secrist Arboretum","","","","","162190","1","","","","Public-state","103.5'","Clinometer/laser rangefinder/sine","4.8'","57''","","","Rand Brown","2013-05-20","http%3A%2F%2Fwww.ents-bbs.org%2Fviewtopic.php%3Ff%3D111%26t%3D427","N"
"Dawn Redwood","Metasequoia glyptostroboides","Ohio","Wayne","Secrist Arboretum","","","","","162181","1","","","","Public-state","104.0'","Clinometer/laser rangefinder/sine","7.8'","94''","","","Rand Brown","2013-05-20","http%3A%2F%2Fwww.ents-bbs.org%2Fviewtopic.php%3Ff%3D111%26t%3D427","N"
"Dawn Redwood","Metasequoia glyptostroboides","Ohio","Wayne","Secrist Arboretum","","","","","162183","1","","","","Public-state","106.5'","Clinometer/laser rangefinder/sine","6.3'","75''","","","Rand Brown","2013-05-20","http%3A%2F%2Fwww.ents-bbs.org%2Fviewtopic.php%3Ff%3D111%26t%3D427","N"
"Dawn Redwood","Metasequoia glyptostroboides","Ohio","Wayne","Secrist Arboretum","","","","","162199","1","","","","Public-state","107.0'","Clinometer/laser rangefinder/sine","7.5'","90''","","","Rand Brown","2013-05-20","http%3A%2F%2Fwww.ents-bbs.org%2Fviewtopic.php%3Ff%3D111%26t%3D427","N"
"Dawn Redwood","Metasequoia glyptostroboides","Ohio","Wayne","Secrist Arboretum","","","","","162187","1","","","","Public-state","107.5'","Clinometer/laser rangefinder/sine","4.9'","59''","","","Rand Brown","2013-05-20","http%3A%2F%2Fwww.ents-bbs.org%2Fviewtopic.php%3Ff%3D111%26t%3D427","N"
"Dawn Redwood","Metasequoia glyptostroboides","Ohio","Wayne","Secrist Arboretum","","","","","162194","1","","","","Public-state","107.5'","Clinometer/laser rangefinder/sine","4.7'","56''","","","Rand Brown","2013-05-20","http%3A%2F%2Fwww.ents-bbs.org%2Fviewtopic.php%3Ff%3D111%26t%3D427","N"
"Dawn Redwood","Metasequoia glyptostroboides","Ohio","Wayne","Secrist Arboretum","","","","","162196","1","","","","Public-state","107.5'","Clinometer/laser rangefinder/sine","5.5'","66''","","","Rand Brown","2013-05-20","http%3A%2F%2Fwww.ents-bbs.org%2Fviewtopic.php%3Ff%3D111%26t%3D427","N"
"Dawn Redwood","Metasequoia glyptostroboides","Ohio","Wayne","Secrist Arboretum","","","","","162201","1","","","","Public-state","107.5'","Clinometer/laser rangefinder/sine","6.7'","80''","","","Rand Brown","2013-05-20","http%3A%2F%2Fwww.ents-bbs.org%2Fviewtopic.php%3Ff%3D111%26t%3D427","N"
"Dawn Redwood","Metasequoia glyptostroboides","Ohio","Wayne","Secrist Arboretum","","","","","162193","1","","","","Public-state","108.5'","Clinometer/laser rangefinder/sine","6.2'","74''","","","Rand Brown","2013-05-20","http%3A%2F%2Fwww.ents-bbs.org%2Fviewtopic.php%3Ff%3D111%26t%3D427","N"
"Dawn Redwood","Metasequoia glyptostroboides","Ohio","Wayne","Secrist Arboretum","","","","","162186","1","","","","Public-state","110.0'","Clinometer/laser rangefinder/sine","6.5'","78''","","","Rand Brown","2013-05-20","http%3A%2F%2Fwww.ents-bbs.org%2Fviewtopic.php%3Ff%3D111%26t%3D427","N"
"Dawn Redwood","Metasequoia glyptostroboides","Ohio","Wayne","Secrist Arboretum","","","","","162200","1","","","","Public-state","110.5'","Clinometer/laser rangefinder/sine","5.1'","61''","","","Rand Brown","2013-05-20","http%3A%2F%2Fwww.ents-bbs.org%2Fviewtopic.php%3Ff%3D111%26t%3D427","N"
"Dawn Redwood","Metasequoia glyptostroboides","Ohio","Wayne","Secrist Arboretum","","","","","162189","1","","","","Public-state","111.0'","Clinometer/laser rangefinder/sine","7.1'","85''","","","Rand Brown","2013-05-20","http%3A%2F%2Fwww.ents-bbs.org%2Fviewtopic.php%3Ff%3D111%26t%3D427","N"
"Dawn Redwood","Metasequoia glyptostroboides","Ohio","Wayne","Secrist Arboretum","","","","","162184","1","","","","Public-state","111.5'","Clinometer/laser rangefinder/sine","5.6'","67''","","","Rand Brown","2013-05-20","http%3A%2F%2Fwww.ents-bbs.org%2Fviewtopic.php%3Ff%3D111%26t%3D427","N"
"Dawn Redwood","Metasequoia glyptostroboides","Ohio","Wayne","Secrist Arboretum","","","","","162195","1","","","","Public-state","113.5'","Clinometer/laser rangefinder/sine","5.8'","70''","","","Rand Brown","2013-05-20","http%3A%2F%2Fwww.ents-bbs.org%2Fviewtopic.php%3Ff%3D111%26t%3D427","N"
"American Beech","Fagus grandifolia","Ohio","Wood","""Great Trees Of Ohio"" Will Blozan Trip.","","","","","10089","1","","","","Private","120.0'","","8.2'","98''","","","Will Blozan","2008-07-20","","N"
"American Chestnut","Castanea dentata","Ohio","Wood","""Great Trees Of Ohio"" Will Blozan Trip.","","","","","10087","1","","","","Private","85.0'","","2.9'","35''","","","Will Blozan","2008-07-20","","N"
"American Sycamore","Platanus occidentalis","Ohio","Wood","""Great Trees Of Ohio"" Will Blozan Trip.","","","","","10093","1","","","","Private","119.2'","","4.6'","55''","","","Will Blozan","2008-07-20","","N"
"Black Cherry","Prunus serotina","Ohio","Wood","""Great Trees Of Ohio"" Will Blozan Trip.","","","","","10092","1","","","","Private","118.0'","","3.9'","47''","","","Will Blozan","2008-07-20","","N"
"Common Hackberry","Celtis occidentalis","Ohio","Wood","""Great Trees Of Ohio"" Will Blozan Trip.","","","","","10096","1","","","","Private","80.7'","","17.0'","204''","","Girth of largest pith is estimated. Twin pith is 22.3' total circumference.","Will Blozan","2008-07-20","","N"
"Eastern Cottonwood","Populus deltoides","Ohio","Wood","""Great Trees Of Ohio"" Will Blozan Trip.","","","","","10094","1","","","","Private","120.0'","","11.1'","133''","","","Will Blozan","2008-07-20","","N"
"Maidenhair Tree","Ginkgo biloba","Ohio","Wood","""Great Trees Of Ohio"" Will Blozan Trip.","","","","","10101","1","","","","Private","87.5'","","20.0'","240''","88.0'","","Will Blozan","2008-07-20","","N"
"Ohio Buckeye","Aesculus glabra","Ohio","Wood","""Great Trees Of Ohio"" Will Blozan Trip.","","","","","10100","1","","","","Private","76.5'","","12.0'","144''","61.0'","","Will Blozan","2008-07-20","","N"
"Red Maple","Acer rubrum","Ohio","Wood","""Great Trees Of Ohio"" Will Blozan Trip.","","","","","10088","1","","","","Private","110.5'","","7.1'","85''","","","Will Blozan","2008-07-20","","N"
"Red Maple","Acer rubrum","Ohio","Wood","""Great Trees Of Ohio"" Will Blozan Trip.","","","","","10090","1","","","","Private","112.7'","","11.1'","133''","","34.9' double pith","Will Blozan","2008-07-20","","N"
"Siberian Elm","Ulmus pumila","Ohio","Wood","""Great Trees Of Ohio"" Will Blozan Trip.","","","","","10098","1","","","","Private","70.2'","","16.1'","193''","112.0'","","Will Blozan","2008-07-20","","N"
"Sour Cherry","Prunus cerasus","Ohio","Wood","""Great Trees Of Ohio"" Will Blozan Trip.","","","","","10091","1","","","","Private","88.3'","","2.7'","32''","","","Will Blozan","2008-07-20","","N"
"Sugarberry","Celtis laevigata","Ohio","Wood","""Great Trees Of Ohio"" Will Blozan Trip.","","","","","10102","1","","","","Private","93.5'","","11.8'","142''","","","Will Blozan","2008-07-20","","N"
"Tuliptree","Liriodendron tulipifera","Ohio","Wood","""Great Trees Of Ohio"" Will Blozan Trip.","","","","","10095","1","","","","Private","120.0'","","4.2'","50''","","","Will Blozan","2008-07-20","","N"
"White Ash","Fraxinus americana","Ohio","Wood","""Great Trees Of Ohio"" Will Blozan Trip.","","","","","10097","1","","","","Private","80.0'","","18.7'","224''","","","Will Blozan","2008-07-20","","N"
"White Willow","Salix alba","Ohio","Wood","""Great Trees Of Ohio"" Will Blozan Trip.","","","","","10099","1","","","","Private","76.6'","","20.8'","249''","","","Will Blozan","2008-07-20","","N"