"Common Name","Botanical Name","State","County","Site","Site Latitude","Site Longitude","Location comments","Tree name","Tree id","Measurement number","Latitude","Longitude","Elevation","Ownership type","Height (ft)","Height measurement method","Girth (ft)","Girth (in)","Crown spread (ft)","Tree comments","Measurer(s)","Measured","Trip report url","Photos available"
"Eastern Redcedar","Juniperus virginiana var. virginiana","South Carolina","Abbeville","Bennett Homestead","","","","","238190","1","","","","Private","79.6'","Clinometer/laser rangefinder/sine","7.8'","94''","","","James Parton","2008-11-28","http%3A%2F%2Fwww.nativetreesociety.org%2Ffieldtrips%2Fsouth_carolina%2Fbennett_homestead_lowndesville.htm","N"
"Pecan","Carya illinoinensis","South Carolina","Abbeville","Bennett Homestead","","","","","238192","1","","","","Private","103.0'","Clinometer/laser rangefinder/sine","11.0'","132''","","","James Parton","2008-11-28","http%3A%2F%2Fwww.nativetreesociety.org%2Ffieldtrips%2Fsouth_carolina%2Fbennett_homestead_lowndesville.htm","N"
"Post Oak","Quercus stellata","South Carolina","Abbeville","Bennett Homestead","","","","","238193","1","","","","Private","78.0'","Clinometer/laser rangefinder/sine","9.3'","112''","","","James Parton","2008-11-28","http%3A%2F%2Fwww.nativetreesociety.org%2Ffieldtrips%2Fsouth_carolina%2Fbennett_homestead_lowndesville.htm","N"
"White Oak","Quercus alba","South Carolina","Abbeville","Bennett Homestead","","","","","238191","1","","","","Private","82.9'","Clinometer/laser rangefinder/sine","13.2'","158''","","","James Parton","2008-11-28","http%3A%2F%2Fwww.nativetreesociety.org%2Ffieldtrips%2Fsouth_carolina%2Fbennett_homestead_lowndesville.htm","N"
"American Beech","Fagus grandifolia","South Carolina","Abbeville","Hannah Property","","","","","237125","1","","","","Private","","Clinometer/laser rangefinder/sine","11.3'","135''","","","James Parton","2007-11-27","http%3A%2F%2Fwww.nativetreesociety.org%2Ffieldtrips%2Fsouth_carolina%2Fhannah%2Fhannah_oak.htm","N"
"American Beech","Fagus grandifolia","South Carolina","Abbeville","Hannah Property","","","","","237126","1","","","","Private","","Clinometer/laser rangefinder/sine","11.1'","133''","","","James Parton","2007-11-27","http%3A%2F%2Fwww.nativetreesociety.org%2Ffieldtrips%2Fsouth_carolina%2Fhannah%2Fhannah_oak.htm","N"
"Eastern Redcedar","Juniperus virginiana","South Carolina","Abbeville","Hannah Property","","","","","237127","1","","","","Private","","Clinometer/laser rangefinder/sine","6.6'","79''","","","James Parton","2007-11-27","http%3A%2F%2Fwww.nativetreesociety.org%2Ffieldtrips%2Fsouth_carolina%2Fhannah%2Fhannah_oak.htm","N"
"Oak","Quercus spp.","South Carolina","Abbeville","Hannah Property","","","","","237128","1","","","","Private","","Clinometer/laser rangefinder/sine","11.5'","138''","","","James Parton","2007-11-27","http%3A%2F%2Fwww.nativetreesociety.org%2Ffieldtrips%2Fsouth_carolina%2Fhannah%2Fhannah_oak.htm","N"
"Post Oak","Quercus stellata","South Carolina","Abbeville","Hannah Property","","","","","237124","1","","","","Private","57.0'","Clinometer/laser rangefinder/sine","15.1'","181''","","","James Parton","2007-11-27","http%3A%2F%2Fwww.nativetreesociety.org%2Ffieldtrips%2Fsouth_carolina%2Fhannah%2Fhannah_oak.htm","N"
"American Beech","Fagus grandifolia","South Carolina","Abbeville","Long Crane Creek","","","Some trees were measured along Big Curtail Creek(BCC) and will be indicated so under comments.","","237852","1","","","","Public - federal","","Clinometer/laser rangefinder/sine","9.6'","115''","","LCC","Jess Riddle","2002-05-16","http%3A%2F%2Fwww.nativetreesociety.org%2Ffieldtrips%2Fsouth_carolina%2Flong_cane_creek1.htm","N"
"American Beech","Fagus grandifolia","South Carolina","Abbeville","Long Crane Creek","","","Some trees were measured along Big Curtail Creek(BCC) and will be indicated so under comments.","","237853","1","","","","Public - federal","","Clinometer/laser rangefinder/sine","9.5'","114''","","LCC","Jess Riddle","2002-05-16","http%3A%2F%2Fwww.nativetreesociety.org%2Ffieldtrips%2Fsouth_carolina%2Flong_cane_creek1.htm","N"
"American Elm","Ulmus americana","South Carolina","Abbeville","Long Crane Creek","","","Some trees were measured along Big Curtail Creek(BCC) and will be indicated so under comments.","","237839","1","","","","Public - federal","","Clinometer/laser rangefinder/sine","8.5'","102''","","","Jess Riddle","2002-05-16","http%3A%2F%2Fwww.nativetreesociety.org%2Ffieldtrips%2Fsouth_carolina%2Flong_cane_creek1.htm","N"
"American Hornbeam","Carpinus caroliniana","South Carolina","Abbeville","Long Crane Creek","","","Some trees were measured along Big Curtail Creek(BCC) and will be indicated so under comments.","","237901","1","","","","Public - federal","","Clinometer/laser rangefinder/sine","4.7'","56''","","BCC","Jess Riddle","2003-01-26","http%3A%2F%2Fwww.nativetreesociety.org%2Ffieldtrips%2Fsouth_carolina%2Flong_cane_creek1.htm","N"
"American Hornbeam","Carpinus caroliniana","South Carolina","Abbeville","Long Crane Creek","","","Some trees were measured along Big Curtail Creek(BCC) and will be indicated so under comments.","","237902","1","","","","Public - federal","53.1'","Clinometer/laser rangefinder/sine","3.3'","39''","","BCC","Jess Riddle","2003-01-26","http%3A%2F%2Fwww.nativetreesociety.org%2Ffieldtrips%2Fsouth_carolina%2Flong_cane_creek1.htm","N"
"American Sycamore","Platanus occidentalis","South Carolina","Abbeville","Long Crane Creek","","","Some trees were measured along Big Curtail Creek(BCC) and will be indicated so under comments.","","237840","1","","","","Public - federal","","Clinometer/laser rangefinder/sine","10.8'","129''","","","Jess Riddle","2002-05-16","http%3A%2F%2Fwww.nativetreesociety.org%2Ffieldtrips%2Fsouth_carolina%2Flong_cane_creek1.htm","N"
"American Sycamore","Platanus occidentalis","South Carolina","Abbeville","Long Crane Creek","","","Some trees were measured along Big Curtail Creek(BCC) and will be indicated so under comments.","","237862","1","","","","Public - federal","","Clinometer/laser rangefinder/sine","8.9'","107''","","","Jess Riddle","2002-05-16","http%3A%2F%2Fwww.nativetreesociety.org%2Ffieldtrips%2Fsouth_carolina%2Flong_cane_creek1.htm","N"
"American Sycamore","Platanus occidentalis","South Carolina","Abbeville","Long Crane Creek","","","Some trees were measured along Big Curtail Creek(BCC) and will be indicated so under comments.","","237909","1","","","","Public - federal","120.1'","Clinometer/laser rangefinder/sine","9.5'","114''","","","Jess Riddle","2003-01-26","http%3A%2F%2Fwww.nativetreesociety.org%2Ffieldtrips%2Fsouth_carolina%2Flong_cane_creek1.htm","N"
"American Sycamore","Platanus occidentalis","South Carolina","Abbeville","Long Crane Creek","","","Some trees were measured along Big Curtail Creek(BCC) and will be indicated so under comments.","","237910","1","","","","Public - federal","123.4'","Clinometer/laser rangefinder/sine","12.1'","145''","","","Jess Riddle","2003-01-26","http%3A%2F%2Fwww.nativetreesociety.org%2Ffieldtrips%2Fsouth_carolina%2Flong_cane_creek1.htm","N"
"American Sycamore","Platanus occidentalis","South Carolina","Abbeville","Long Crane Creek","","","Some trees were measured along Big Curtail Creek(BCC) and will be indicated so under comments.","","237911","1","","","","Public - federal","125.2'","Clinometer/laser rangefinder/sine","6.3'","76''","","BCC","Jess Riddle","2003-01-26","http%3A%2F%2Fwww.nativetreesociety.org%2Ffieldtrips%2Fsouth_carolina%2Flong_cane_creek1.htm","N"
"American Sycamore","Platanus occidentalis","South Carolina","Abbeville","Long Crane Creek","","","Some trees were measured along Big Curtail Creek(BCC) and will be indicated so under comments.","","237912","1","","","","Public - federal","125.5'","Clinometer/laser rangefinder/sine","8.9'","107''","","","Jess Riddle","2003-01-26","http%3A%2F%2Fwww.nativetreesociety.org%2Ffieldtrips%2Fsouth_carolina%2Flong_cane_creek1.htm","N"
"American Sycamore","Platanus occidentalis","South Carolina","Abbeville","Long Crane Creek","","","Some trees were measured along Big Curtail Creek(BCC) and will be indicated so under comments.","","237913","1","","","","Public - federal","126.5'","Clinometer/laser rangefinder/sine","11.3'","136''","","","Jess Riddle","2003-01-26","http%3A%2F%2Fwww.nativetreesociety.org%2Ffieldtrips%2Fsouth_carolina%2Flong_cane_creek1.htm","N"
"American Sycamore","Platanus occidentalis","South Carolina","Abbeville","Long Crane Creek","","","Some trees were measured along Big Curtail Creek(BCC) and will be indicated so under comments.","","237841","1","","","","Public - federal","127.4'","Clinometer/laser rangefinder/sine","6.8'","82''","","Height is Not Less Than(NLT)","Jess Riddle","2002-05-16","http%3A%2F%2Fwww.nativetreesociety.org%2Ffieldtrips%2Fsouth_carolina%2Flong_cane_creek1.htm","N"
"American Sycamore","Platanus occidentalis","South Carolina","Abbeville","Long Crane Creek","","","Some trees were measured along Big Curtail Creek(BCC) and will be indicated so under comments.","","237914","1","","","","Public - federal","130.3'","Clinometer/laser rangefinder/sine","9.8'","118''","","","Jess Riddle","2003-01-26","http%3A%2F%2Fwww.nativetreesociety.org%2Ffieldtrips%2Fsouth_carolina%2Flong_cane_creek1.htm","N"
"American Sycamore","Platanus occidentalis","South Carolina","Abbeville","Long Crane Creek","","","Some trees were measured along Big Curtail Creek(BCC) and will be indicated so under comments.","","237915","1","","","","Public - federal","130.7'","Clinometer/laser rangefinder/sine","12.8'","153''","","","Jess Riddle","2003-01-26","http%3A%2F%2Fwww.nativetreesociety.org%2Ffieldtrips%2Fsouth_carolina%2Flong_cane_creek1.htm","N"
"Black Walnut","Juglans nigra","South Carolina","Abbeville","Long Crane Creek","","","Some trees were measured along Big Curtail Creek(BCC) and will be indicated so under comments.","","237855","1","","","","Public - federal","","Clinometer/laser rangefinder/sine","5.0'","60''","","BCC","Jess Riddle","2002-05-16","http%3A%2F%2Fwww.nativetreesociety.org%2Ffieldtrips%2Fsouth_carolina%2Flong_cane_creek1.htm","N"
"Black Walnut","Juglans nigra","South Carolina","Abbeville","Long Crane Creek","","","Some trees were measured along Big Curtail Creek(BCC) and will be indicated so under comments.","","237899","1","","","","Public - federal","","Clinometer/laser rangefinder/sine","8.2'","98''","","BCC","Jess Riddle","2003-01-26","http%3A%2F%2Fwww.nativetreesociety.org%2Ffieldtrips%2Fsouth_carolina%2Flong_cane_creek1.htm","N"
"Black Walnut","Juglans nigra","South Carolina","Abbeville","Long Crane Creek","","","Some trees were measured along Big Curtail Creek(BCC) and will be indicated so under comments.","","237900","1","","","","Public - federal","109.3'","Clinometer/laser rangefinder/sine","7.6'","91''","","","Jess Riddle","2003-01-26","http%3A%2F%2Fwww.nativetreesociety.org%2Ffieldtrips%2Fsouth_carolina%2Flong_cane_creek1.htm","N"
"Boxelder","Acer negundo","South Carolina","Abbeville","Long Crane Creek","","","Some trees were measured along Big Curtail Creek(BCC) and will be indicated so under comments.","","237887","1","","","","Public - federal","64.4'","Clinometer/laser rangefinder/sine","8.6'","103''","","BCC","Jess Riddle","2003-01-26","http%3A%2F%2Fwww.nativetreesociety.org%2Ffieldtrips%2Fsouth_carolina%2Flong_cane_creek1.htm","N"
"Boxelder","Acer negundo","South Carolina","Abbeville","Long Crane Creek","","","Some trees were measured along Big Curtail Creek(BCC) and will be indicated so under comments.","","237888","1","","","","Public - federal","65.2'","Clinometer/laser rangefinder/sine","8.0'","96''","","","Jess Riddle","2003-01-26","http%3A%2F%2Fwww.nativetreesociety.org%2Ffieldtrips%2Fsouth_carolina%2Flong_cane_creek1.htm","N"
"Boxelder","Acer negundo","South Carolina","Abbeville","Long Crane Creek","","","Some trees were measured along Big Curtail Creek(BCC) and will be indicated so under comments.","","237889","1","","","","Public - federal","73.5'","Clinometer/laser rangefinder/sine","4.2'","50''","","BCC","Jess Riddle","2003-01-26","http%3A%2F%2Fwww.nativetreesociety.org%2Ffieldtrips%2Fsouth_carolina%2Flong_cane_creek1.htm","N"
"Cherrybark Oak","Quercus pagoda","South Carolina","Abbeville","Long Crane Creek","","","Some trees were measured along Big Curtail Creek(BCC) and will be indicated so under comments.","","237866","1","","","","Public - federal","","Clinometer/laser rangefinder/sine","14.5'","174''","","LCC","Jess Riddle","2002-05-16","http%3A%2F%2Fwww.nativetreesociety.org%2Ffieldtrips%2Fsouth_carolina%2Flong_cane_creek1.htm","N"
"Cherrybark Oak","Quercus pagoda","South Carolina","Abbeville","Long Crane Creek","","","Some trees were measured along Big Curtail Creek(BCC) and will be indicated so under comments.","","237867","1","","","","Public - federal","","Clinometer/laser rangefinder/sine","9.8'","118''","","BCC","Jess Riddle","2002-05-16","http%3A%2F%2Fwww.nativetreesociety.org%2Ffieldtrips%2Fsouth_carolina%2Flong_cane_creek1.htm","N"
"Cherrybark Oak","Quercus pagoda","South Carolina","Abbeville","Long Crane Creek","","","Some trees were measured along Big Curtail Creek(BCC) and will be indicated so under comments.","","237904","1","","","","Public - federal","138.0'","Clinometer/laser rangefinder/sine","15.7'","188''","","","Jess Riddle","2003-01-26","http%3A%2F%2Fwww.nativetreesociety.org%2Ffieldtrips%2Fsouth_carolina%2Flong_cane_creek1.htm","N"
"Eastern Cottonwood","Populus deltoides","South Carolina","Abbeville","Long Crane Creek","","","Some trees were measured along Big Curtail Creek(BCC) and will be indicated so under comments.","","237863","1","","","","Public - federal","","Clinometer/laser rangefinder/sine","10.4'","125''","","BCC","Jess Riddle","2002-05-16","http%3A%2F%2Fwww.nativetreesociety.org%2Ffieldtrips%2Fsouth_carolina%2Flong_cane_creek1.htm","N"
"Eastern Cottonwood","Populus deltoides","South Carolina","Abbeville","Long Crane Creek","","","Some trees were measured along Big Curtail Creek(BCC) and will be indicated so under comments.","","237864","1","","","","Public - federal","","Clinometer/laser rangefinder/sine","11.2'","134''","","BCC","Jess Riddle","2002-05-16","http%3A%2F%2Fwww.nativetreesociety.org%2Ffieldtrips%2Fsouth_carolina%2Flong_cane_creek1.htm","N"
"Eastern Cottonwood","Populus deltoides","South Carolina","Abbeville","Long Crane Creek","","","Some trees were measured along Big Curtail Creek(BCC) and will be indicated so under comments.","","237865","1","","","","Public - federal","","Clinometer/laser rangefinder/sine","10.6'","127''","","BCC","Jess Riddle","2002-05-16","http%3A%2F%2Fwww.nativetreesociety.org%2Ffieldtrips%2Fsouth_carolina%2Flong_cane_creek1.htm","N"
"Eastern Cottonwood","Populus deltoides","South Carolina","Abbeville","Long Crane Creek","","","Some trees were measured along Big Curtail Creek(BCC) and will be indicated so under comments.","","237890","1","","","","Public - federal","","Clinometer/laser rangefinder/sine","12.3'","148''","","BCC","Jess Riddle","2003-01-26","http%3A%2F%2Fwww.nativetreesociety.org%2Ffieldtrips%2Fsouth_carolina%2Flong_cane_creek1.htm","N"
"Eastern Cottonwood","Populus deltoides","South Carolina","Abbeville","Long Crane Creek","","","Some trees were measured along Big Curtail Creek(BCC) and will be indicated so under comments.","","237891","1","","","","Public - federal","119.9'","Clinometer/laser rangefinder/sine","9.5'","114''","","","Jess Riddle","2003-01-26","http%3A%2F%2Fwww.nativetreesociety.org%2Ffieldtrips%2Fsouth_carolina%2Flong_cane_creek1.htm","N"
"Eastern Cottonwood","Populus deltoides","South Carolina","Abbeville","Long Crane Creek","","","Some trees were measured along Big Curtail Creek(BCC) and will be indicated so under comments.","","237834","1","","","","Public - federal","121.9'","Clinometer/laser rangefinder/sine","11.8'","141''","","","Jess Riddle","2002-05-16","http%3A%2F%2Fwww.nativetreesociety.org%2Ffieldtrips%2Fsouth_carolina%2Flong_cane_creek1.htm","N"
"Eastern Cottonwood","Populus deltoides","South Carolina","Abbeville","Long Crane Creek","","","Some trees were measured along Big Curtail Creek(BCC) and will be indicated so under comments.","","237892","1","","","","Public - federal","122.5'","Clinometer/laser rangefinder/sine","12.6'","151''","","","Jess Riddle","2003-01-26","http%3A%2F%2Fwww.nativetreesociety.org%2Ffieldtrips%2Fsouth_carolina%2Flong_cane_creek1.htm","N"
"Eastern Cottonwood","Populus deltoides","South Carolina","Abbeville","Long Crane Creek","","","Some trees were measured along Big Curtail Creek(BCC) and will be indicated so under comments.","","237835","1","","","","Public - federal","123.4'","Clinometer/laser rangefinder/sine","10.7'","128''","","","Jess Riddle","2002-05-16","http%3A%2F%2Fwww.nativetreesociety.org%2Ffieldtrips%2Fsouth_carolina%2Flong_cane_creek1.htm","N"
"Eastern Cottonwood","Populus deltoides","South Carolina","Abbeville","Long Crane Creek","","","Some trees were measured along Big Curtail Creek(BCC) and will be indicated so under comments.","","237893","1","","","","Public - federal","123.9'","Clinometer/laser rangefinder/sine","11.4'","137''","","","Jess Riddle","2003-01-26","http%3A%2F%2Fwww.nativetreesociety.org%2Ffieldtrips%2Fsouth_carolina%2Flong_cane_creek1.htm","N"
"Eastern Cottonwood","Populus deltoides","South Carolina","Abbeville","Long Crane Creek","","","Some trees were measured along Big Curtail Creek(BCC) and will be indicated so under comments.","","237836","1","","","","Public - federal","125.5'","Clinometer/laser rangefinder/sine","12.8'","153''","","","Jess Riddle","2002-05-16","http%3A%2F%2Fwww.nativetreesociety.org%2Ffieldtrips%2Fsouth_carolina%2Flong_cane_creek1.htm","N"
"Eastern Cottonwood","Populus deltoides","South Carolina","Abbeville","Long Crane Creek","","","Some trees were measured along Big Curtail Creek(BCC) and will be indicated so under comments.","","237894","1","","","","Public - federal","126.1'","Clinometer/laser rangefinder/sine","10.3'","124''","","BCC","Jess Riddle","2003-01-26","http%3A%2F%2Fwww.nativetreesociety.org%2Ffieldtrips%2Fsouth_carolina%2Flong_cane_creek1.htm","N"
"Eastern Cottonwood","Populus deltoides","South Carolina","Abbeville","Long Crane Creek","","","Some trees were measured along Big Curtail Creek(BCC) and will be indicated so under comments.","","237837","1","","","","Public - federal","126.2'","Clinometer/laser rangefinder/sine","10.1'","121''","","","Jess Riddle","2002-05-16","http%3A%2F%2Fwww.nativetreesociety.org%2Ffieldtrips%2Fsouth_carolina%2Flong_cane_creek1.htm","N"
"Eastern Cottonwood","Populus deltoides","South Carolina","Abbeville","Long Crane Creek","","","Some trees were measured along Big Curtail Creek(BCC) and will be indicated so under comments.","","237895","1","","","","Public - federal","127.1'","Clinometer/laser rangefinder/sine","10.2'","122''","","","Jess Riddle","2003-01-26","http%3A%2F%2Fwww.nativetreesociety.org%2Ffieldtrips%2Fsouth_carolina%2Flong_cane_creek1.htm","N"
"Eastern Cottonwood","Populus deltoides","South Carolina","Abbeville","Long Crane Creek","","","Some trees were measured along Big Curtail Creek(BCC) and will be indicated so under comments.","","237896","1","","","","Public - federal","131.7'","Clinometer/laser rangefinder/sine","11.8'","141''","","","Jess Riddle","2003-01-26","http%3A%2F%2Fwww.nativetreesociety.org%2Ffieldtrips%2Fsouth_carolina%2Flong_cane_creek1.htm","N"
"Eastern Cottonwood","Populus deltoides","South Carolina","Abbeville","Long Crane Creek","","","Some trees were measured along Big Curtail Creek(BCC) and will be indicated so under comments.","","237838","1","","","","Public - federal","132.4'","Clinometer/laser rangefinder/sine","12.7'","152''","","","Jess Riddle","2002-05-16","http%3A%2F%2Fwww.nativetreesociety.org%2Ffieldtrips%2Fsouth_carolina%2Flong_cane_creek1.htm","N"
"Eastern Cottonwood","Populus deltoides","South Carolina","Abbeville","Long Crane Creek","","","Some trees were measured along Big Curtail Creek(BCC) and will be indicated so under comments.","","237897","1","","","","Public - federal","133.1'","Clinometer/laser rangefinder/sine","11.3'","136''","","","Jess Riddle","2003-01-26","http%3A%2F%2Fwww.nativetreesociety.org%2Ffieldtrips%2Fsouth_carolina%2Flong_cane_creek1.htm","N"
"Eastern Cottonwood","Populus deltoides","South Carolina","Abbeville","Long Crane Creek","","","Some trees were measured along Big Curtail Creek(BCC) and will be indicated so under comments.","","237898","1","","","","Public - federal","135.1'","Clinometer/laser rangefinder/sine","12.3'","147''","","BCC","Jess Riddle","2003-01-26","http%3A%2F%2Fwww.nativetreesociety.org%2Ffieldtrips%2Fsouth_carolina%2Flong_cane_creek1.htm","N"
"Eastern Redcedar","Juniperus virginiana var. virginiana","South Carolina","Abbeville","Long Crane Creek","","","Some trees were measured along Big Curtail Creek(BCC) and will be indicated so under comments.","","237848","1","","","","Public - federal","","Clinometer/laser rangefinder/sine","4.8'","57''","","","Jess Riddle","2002-05-16","http%3A%2F%2Fwww.nativetreesociety.org%2Ffieldtrips%2Fsouth_carolina%2Flong_cane_creek1.htm","N"
"Green Ash","Fraxinus pennsylvanica","South Carolina","Abbeville","Long Crane Creek","","","Some trees were measured along Big Curtail Creek(BCC) and will be indicated so under comments.","","237854","1","","","","Public - federal","","Clinometer/laser rangefinder/sine","7.4'","89''","","BCC","Jess Riddle","2002-05-16","http%3A%2F%2Fwww.nativetreesociety.org%2Ffieldtrips%2Fsouth_carolina%2Flong_cane_creek1.htm","N"
"Green Ash","Fraxinus pennsylvanica","South Carolina","Abbeville","Long Crane Creek","","","Some trees were measured along Big Curtail Creek(BCC) and will be indicated so under comments.","","237833","1","","","","Public - federal","108.8'","Clinometer/laser rangefinder/sine","6.9'","83''","","","Jess Riddle","2002-05-16","http%3A%2F%2Fwww.nativetreesociety.org%2Ffieldtrips%2Fsouth_carolina%2Flong_cane_creek1.htm","N"
"Hophornbeam","Ostrya virginiana var. virginiana","South Carolina","Abbeville","Long Crane Creek","","","Some trees were measured along Big Curtail Creek(BCC) and will be indicated so under comments.","","237843","1","","","","Public - federal","","Clinometer/laser rangefinder/sine","3.1'","37''","","","Jess Riddle","2002-05-16","http%3A%2F%2Fwww.nativetreesociety.org%2Ffieldtrips%2Fsouth_carolina%2Flong_cane_creek1.htm","N"
"Loblolly Pine","Pinus taeda","South Carolina","Abbeville","Long Crane Creek","","","Some trees were measured along Big Curtail Creek(BCC) and will be indicated so under comments.","","237847","1","","","","Public - federal","","Clinometer/laser rangefinder/sine","10.3'","123''","","","Jess Riddle","2002-05-16","http%3A%2F%2Fwww.nativetreesociety.org%2Ffieldtrips%2Fsouth_carolina%2Flong_cane_creek1.htm","N"
"Loblolly Pine","Pinus taeda","South Carolina","Abbeville","Long Crane Creek","","","Some trees were measured along Big Curtail Creek(BCC) and will be indicated so under comments.","","237861","1","","","","Public - federal","","Clinometer/laser rangefinder/sine","8.6'","103''","","LCC","Jess Riddle","2002-05-16","http%3A%2F%2Fwww.nativetreesociety.org%2Ffieldtrips%2Fsouth_carolina%2Flong_cane_creek1.htm","N"
"Northern Red Oak","Quercus rubra","South Carolina","Abbeville","Long Crane Creek","","","Some trees were measured along Big Curtail Creek(BCC) and will be indicated so under comments.","","237856","1","","","","Public - federal","111.1'","Clinometer/laser rangefinder/sine","8.3'","99''","","LCC","Jess Riddle","2002-05-16","http%3A%2F%2Fwww.nativetreesociety.org%2Ffieldtrips%2Fsouth_carolina%2Flong_cane_creek1.htm","N"
"Red Maple","Acer rubrum","South Carolina","Abbeville","Long Crane Creek","","","Some trees were measured along Big Curtail Creek(BCC) and will be indicated so under comments.","","237844","1","","","","Public - federal","106.0'","Clinometer/laser rangefinder/sine","10.1'","121''","","","Jess Riddle","2002-05-16","http%3A%2F%2Fwww.nativetreesociety.org%2Ffieldtrips%2Fsouth_carolina%2Flong_cane_creek1.htm","N"
"Shagbark Hickory","Carya ovata","South Carolina","Abbeville","Long Crane Creek","","","Some trees were measured along Big Curtail Creek(BCC) and will be indicated so under comments.","","237869","1","","","","Public - federal","123.2'","Clinometer/laser rangefinder/sine","","","","LCC","Jess Riddle","2002-05-16","http%3A%2F%2Fwww.nativetreesociety.org%2Ffieldtrips%2Fsouth_carolina%2Flong_cane_creek1.htm","N"
"Shagbark Hickory","Carya ovata","South Carolina","Abbeville","Long Crane Creek","","","Some trees were measured along Big Curtail Creek(BCC) and will be indicated so under comments.","","237870","1","","","","Public - federal","126.6'","Clinometer/laser rangefinder/sine","","","","LCC","Jess Riddle","2002-05-16","http%3A%2F%2Fwww.nativetreesociety.org%2Ffieldtrips%2Fsouth_carolina%2Flong_cane_creek1.htm","N"
"Shagbark Hickory","Carya ovata","South Carolina","Abbeville","Long Crane Creek","","","Some trees were measured along Big Curtail Creek(BCC) and will be indicated so under comments.","","237857","1","","","","Public - federal","130.9'","Clinometer/laser rangefinder/sine","12.1'","145''","","LCC","Jess Riddle","2002-05-16","http%3A%2F%2Fwww.nativetreesociety.org%2Ffieldtrips%2Fsouth_carolina%2Flong_cane_creek1.htm","N"
"Shumard's Oak","Quercus shumardii","South Carolina","Abbeville","Long Crane Creek","","","Some trees were measured along Big Curtail Creek(BCC) and will be indicated so under comments.","","237868","1","","","","Public - federal","","Clinometer/laser rangefinder/sine","9.5'","114''","","LCC","Jess Riddle","2002-05-16","http%3A%2F%2Fwww.nativetreesociety.org%2Ffieldtrips%2Fsouth_carolina%2Flong_cane_creek1.htm","N"
"Southern Sugar Maple","Acer floridanum","South Carolina","Abbeville","Long Crane Creek","","","Some trees were measured along Big Curtail Creek(BCC) and will be indicated so under comments.","","237842","1","","","","Public - federal","","Clinometer/laser rangefinder/sine","4.7'","56''","","","Jess Riddle","2002-05-16","http%3A%2F%2Fwww.nativetreesociety.org%2Ffieldtrips%2Fsouth_carolina%2Flong_cane_creek1.htm","N"
"Southern Sugar Maple","Acer floridanum","South Carolina","Abbeville","Long Crane Creek","","","Some trees were measured along Big Curtail Creek(BCC) and will be indicated so under comments.","","237849","1","","","","Public - federal","","Clinometer/laser rangefinder/sine","5.4'","65''","","LCC","Jess Riddle","2002-05-16","http%3A%2F%2Fwww.nativetreesociety.org%2Ffieldtrips%2Fsouth_carolina%2Flong_cane_creek1.htm","N"
"Southern Sugar Maple","Acer floridanum","South Carolina","Abbeville","Long Crane Creek","","","Some trees were measured along Big Curtail Creek(BCC) and will be indicated so under comments.","","237850","1","","","","Public - federal","65.6'","Clinometer/laser rangefinder/sine","5.3'","64''","","LCC","Jess Riddle","2002-05-16","http%3A%2F%2Fwww.nativetreesociety.org%2Ffieldtrips%2Fsouth_carolina%2Flong_cane_creek1.htm","N"
"Southern Sugar Maple","Acer floridanum","South Carolina","Abbeville","Long Crane Creek","","","Some trees were measured along Big Curtail Creek(BCC) and will be indicated so under comments.","","237903","1","","","","Public - federal","73.4'","Clinometer/laser rangefinder/sine","7.1'","85''","","","Jess Riddle","2003-01-26","http%3A%2F%2Fwww.nativetreesociety.org%2Ffieldtrips%2Fsouth_carolina%2Flong_cane_creek1.htm","N"
"Southern Sugar Maple","Acer floridanum","South Carolina","Abbeville","Long Crane Creek","","","Some trees were measured along Big Curtail Creek(BCC) and will be indicated so under comments.","","237851","1","","","","Public - federal","84.9'","Clinometer/laser rangefinder/sine","6.3'","76''","","BCC","Jess Riddle","2002-05-16","http%3A%2F%2Fwww.nativetreesociety.org%2Ffieldtrips%2Fsouth_carolina%2Flong_cane_creek1.htm","N"
"Sweetgum","Liquidambar styraciflua","South Carolina","Abbeville","Long Crane Creek","","","Some trees were measured along Big Curtail Creek(BCC) and will be indicated so under comments.","","237858","1","","","","Public - federal","","Clinometer/laser rangefinder/sine","10.7'","128''","","LCC","Jess Riddle","2002-05-16","http%3A%2F%2Fwww.nativetreesociety.org%2Ffieldtrips%2Fsouth_carolina%2Flong_cane_creek1.htm","N"
"Sweetgum","Liquidambar styraciflua","South Carolina","Abbeville","Long Crane Creek","","","Some trees were measured along Big Curtail Creek(BCC) and will be indicated so under comments.","","237859","1","","","","Public - federal","","Clinometer/laser rangefinder/sine","8.7'","104''","","BCC","Jess Riddle","2002-05-16","http%3A%2F%2Fwww.nativetreesociety.org%2Ffieldtrips%2Fsouth_carolina%2Flong_cane_creek1.htm","N"
"Sweetgum","Liquidambar styraciflua","South Carolina","Abbeville","Long Crane Creek","","","Some trees were measured along Big Curtail Creek(BCC) and will be indicated so under comments.","","237908","1","","","","Public - federal","131.0'","Clinometer/laser rangefinder/sine","10.1'","121''","","","Jess Riddle","2003-01-26","http%3A%2F%2Fwww.nativetreesociety.org%2Ffieldtrips%2Fsouth_carolina%2Flong_cane_creek1.htm","N"
"Tuliptree","Liriodendron tulipifera","South Carolina","Abbeville","Long Crane Creek","","","Some trees were measured along Big Curtail Creek(BCC) and will be indicated so under comments.","","237860","1","","","","Public - federal","128.1'","Clinometer/laser rangefinder/sine","8.2'","98''","","LCC","Jess Riddle","2002-05-16","http%3A%2F%2Fwww.nativetreesociety.org%2Ffieldtrips%2Fsouth_carolina%2Flong_cane_creek1.htm","N"
"Water Oak","Quercus nigra","South Carolina","Abbeville","Long Crane Creek","","","Some trees were measured along Big Curtail Creek(BCC) and will be indicated so under comments.","","237846","1","","","","Public - federal","","Clinometer/laser rangefinder/sine","11.3'","136''","","","Jess Riddle","2002-05-16","http%3A%2F%2Fwww.nativetreesociety.org%2Ffieldtrips%2Fsouth_carolina%2Flong_cane_creek1.htm","N"
"Water Oak","Quercus nigra","South Carolina","Abbeville","Long Crane Creek","","","Some trees were measured along Big Curtail Creek(BCC) and will be indicated so under comments.","","237845","1","","","","Public - federal","107.5'","Clinometer/laser rangefinder/sine","9.2'","110''","","","Jess Riddle","2002-05-16","http%3A%2F%2Fwww.nativetreesociety.org%2Ffieldtrips%2Fsouth_carolina%2Flong_cane_creek1.htm","N"
"White Ash","Fraxinus americana","South Carolina","Abbeville","Long Crane Creek","","","Some trees were measured along Big Curtail Creek(BCC) and will be indicated so under comments.","","237886","1","","","","Public - federal","126.4'","Clinometer/laser rangefinder/sine","6.3'","76''","","","Jess Riddle","2003-01-26","http%3A%2F%2Fwww.nativetreesociety.org%2Ffieldtrips%2Fsouth_carolina%2Flong_cane_creek1.htm","N"
"Willow Oak","Quercus phellos","South Carolina","Abbeville","Long Crane Creek","","","Some trees were measured along Big Curtail Creek(BCC) and will be indicated so under comments.","","237905","1","","","","Public - federal","111.2'","Clinometer/laser rangefinder/sine","","","","","Jess Riddle","2003-01-26","http%3A%2F%2Fwww.nativetreesociety.org%2Ffieldtrips%2Fsouth_carolina%2Flong_cane_creek1.htm","N"
"Willow Oak","Quercus phellos","South Carolina","Abbeville","Long Crane Creek","","","Some trees were measured along Big Curtail Creek(BCC) and will be indicated so under comments.","","237906","1","","","","Public - federal","113.5'","Clinometer/laser rangefinder/sine","13.7'","164''","","","Jess Riddle","2003-01-26","http%3A%2F%2Fwww.nativetreesociety.org%2Ffieldtrips%2Fsouth_carolina%2Flong_cane_creek1.htm","N"
"Willow Oak","Quercus phellos","South Carolina","Abbeville","Long Crane Creek","","","Some trees were measured along Big Curtail Creek(BCC) and will be indicated so under comments.","","237907","1","","","","Public - federal","127.9'","Clinometer/laser rangefinder/sine","11.3'","136''","","","Jess Riddle","2003-01-26","http%3A%2F%2Fwww.nativetreesociety.org%2Ffieldtrips%2Fsouth_carolina%2Flong_cane_creek1.htm","N"
"Chinaberrytree","Melia azedarach","South Carolina","Abbeville","Parton Property","","","","","252618","1","","","","Private","47.5'","Clinometer/laser rangefinder/sine","2.0'","24''","","","James Parton","2011-05-25","http%3A%2F%2Fwww.ents-bbs.org%2Fviewtopic.php%3Ff%3D122%26t%3D2532%23p9572","N"
"Mulberry","Morus spp.","South Carolina","Abbeville","Parton Property","","","","","252619","1","","","","Private","27.6'","Clinometer/laser rangefinder/sine","2.9'","35''","","","James Parton","2011-05-25","http%3A%2F%2Fwww.ents-bbs.org%2Fviewtopic.php%3Ff%3D122%26t%3D2532%23p9572","N"
"Tuliptree","Liriodendron tulipifera","South Carolina","Abbeville","Parton Property","","","","","252620","1","","","","Private","107.0'","Clinometer/laser rangefinder/sine","9.8'","118''","","","James Parton","2011-05-25","http%3A%2F%2Fwww.ents-bbs.org%2Fviewtopic.php%3Ff%3D122%26t%3D2532%23p9572","N"
"Laurel Oak","Quercus laurifolia","South Carolina","Charleston","The Angel Oak","","","","","39762","1","","","","Public","92.5'","Clinometer/laser rangefinder/sine","","","","","Brian Beduhn","2012-10-08","http%3A%2F%2Fwww.ents-bbs.org%2Fviewtopic.php%3Ff%3D122%26t%3D4582%26start%3D10","N"
"Live Oak","Quercus virginiana","South Carolina","Charleston","The Angel Oak","","","","","39760","1","","","","Public","62.9'","Clinometer/laser rangefinder/sine","28.1'","337''","163.8'","Charleston Parks lists this tree as covering 17,000 sq. ft.  I figured about 19,000 sq. ft.  It is often stated as being 1,000 years old with some estimates as high as 1,400 years.  In actuality, it is likely between 275 and 300 years old.

One limb is 106 ft. long.","Brian Beduhn","2012-10-08","http%3A%2F%2Fwww.ents-bbs.org%2Fviewtopic.php%3Ff%3D122%26t%3D4582%26start%3D10","N"
"Loblolly Pine","Pinus taeda","South Carolina","Charleston","The Angel Oak","","","","","39761","1","","","","Public","94.0'","Clinometer/laser rangefinder/sine","","","","","Brian Beduhn","2012-10-08","http%3A%2F%2Fwww.ents-bbs.org%2Fviewtopic.php%3Ff%3D122%26t%3D4582%26start%3D10","N"
"Atlantic White Cedar","Chamaecyparis thyoides","South Carolina","Chesterfield","Cheraw State Park","34 37.350","-079 55.180","","","2389","1","34 37.350","-079 55.180","","Public","99.9'","Clinometer/laser rangefinder/sine","5.5'","67''","","Tree has some damage from a lightning strike in 2010.","Tyler Phillips","2011-03-19","","N"
"Common Sweetleaf","Symplocos tinctoria","South Carolina","Chesterfield","Cheraw State Park","34 38.219","-079 53.493","","","2421","1","34 38.219","-079 53.493","","Public","39.0'","Clinometer/laser rangefinder/sine","1.9'","23''","","","Tyler Phillips","2011-03-17","","N"
"Farkleberry","Vaccinium arboreum","South Carolina","Chesterfield","Cheraw State Park","34 38.355","-079 53.508","","","2420","1","34 38.355","-079 53.508","","Public","21.6'","Clinometer/laser rangefinder/sine","1.0'","12''","","","Tyler Phillips","2011-03-17","","N"
"Farkleberry","Vaccinium arboreum","South Carolina","Chesterfield","Cheraw State Park","34 38.242","-079 53.515","","","2426","1","34 38.242","-079 53.515","","Public","26.8'","Clinometer/laser rangefinder/sine","2.4'","29''","25.5'","Girth taken at 2'","Tyler Phillips","2011-02-06","","N"
"Farkleberry","Vaccinium arboreum","South Carolina","Chesterfield","Cheraw State Park","34 38.287","-079 53.566","","","2427","1","34 38.287","-079 53.566","","Public","29.4'","Clinometer/laser rangefinder/sine","1.3'","16''","","Girth taken at 3.5'","Tyler Phillips","2011-02-06","","N"
"Longleaf Pine","Pinus palustris","South Carolina","Chesterfield","Cheraw State Park","34 38.213","-079 53.526","","","2428","1","34 38.213","-079 53.526","","Public","100.2'","Clinometer/laser rangefinder/sine","5.4'","65''","","","Tyler Phillips","2011-02-06","","N"
"Longleaf Pine","Pinus palustris","South Carolina","Chesterfield","Cheraw State Park","34 38.554","-079 53.412","","","2423","1","34 38.554","-079 53.412","","Public","104.7'","Clinometer/laser rangefinder/sine","6.5'","78''","","","Tyler Phillips","2011-03-05","","N"
"Pond Cypress","Taxodium ascendens","South Carolina","Chesterfield","Cheraw State Park","34 38.659","-079 53.558","","","2424","1","34 38.659","-079 53.558","","Public","79.2'","Clinometer/laser rangefinder/sine","11.0'","132''","","","Tyler Phillips","2011-03-05","","N"
"Pond Cypress","Taxodium ascendens","South Carolina","Chesterfield","Cheraw State Park","34 38.778","-079 53.438","","","2425","1","34 38.778","-079 53.438","","Public","99.3'","Clinometer/laser rangefinder/sine","5.5'","66''","","","Tyler Phillips","2011-03-05","","N"
"Turkey Oak","Quercus laevis","South Carolina","Chesterfield","Cheraw State Park","34 38.467","-079 53.545","","","2422","1","34 38.467","-079 53.545","","Public","52.5'","Clinometer/laser rangefinder/sine","4.3'","51''","","","Tyler Phillips","2011-03-12","","N"
"Longleaf Pine","Pinus palustris","South Carolina","Chesterfield","Philips Property","","","","","238557","1","","","","Private","87.9'","Clinometer/laser rangefinder/sine","4.8'","58''","","","Tyler Philips","2009-04-03","http%3A%2F%2Fwww.nativetreesociety.org%2Ffieldtrips%2Fsouth_carolina%2Fcheraw_pondpine.htm","N"
"Longleaf Pine","Pinus palustris","South Carolina","Chesterfield","Philips Property","","","","","238556","1","","","","Private","92.3'","Clinometer/laser rangefinder/sine","3.6'","43''","","","Tyler Philips","2009-04-03","http%3A%2F%2Fwww.nativetreesociety.org%2Ffieldtrips%2Fsouth_carolina%2Fcheraw_pondpine.htm","N"
"Pond Pine","Pinus serotina","South Carolina","Chesterfield","Philips Property","","","","","238555","1","","","","Private","87.0'","Clinometer/laser rangefinder/sine","","","","Tree is on ground.","Tyler Philips","2009-04-03","http%3A%2F%2Fwww.nativetreesociety.org%2Ffieldtrips%2Fsouth_carolina%2Fcheraw_pondpine.htm","N"
"Pond Pine","Pinus serotina","South Carolina","Chesterfield","Philips Property","","","","","238554","1","","","","Private","90.3'","Clinometer/laser rangefinder/sine","5.7'","68''","","","Tyler Philips","2009-04-03","http%3A%2F%2Fwww.nativetreesociety.org%2Ffieldtrips%2Fsouth_carolina%2Fcheraw_pondpine.htm","N"
"Pond Pine","Pinus serotina","South Carolina","Chesterfield","Philips Property","","","","","238553","1","","","","Private","93.7'","Clinometer/laser rangefinder/sine","5.1'","61''","","","Tyler Philips","2009-04-03","http%3A%2F%2Fwww.nativetreesociety.org%2Ffieldtrips%2Fsouth_carolina%2Fcheraw_pondpine.htm","N"
"Pond Pine","Pinus serotina","South Carolina","Chesterfield","Philips Property","","","","","238552","1","","","","Private","95.7'","Clinometer/laser rangefinder/sine","5.6'","67''","","","Tyler Philips","2009-04-03","http%3A%2F%2Fwww.nativetreesociety.org%2Ffieldtrips%2Fsouth_carolina%2Fcheraw_pondpine.htm","N"
"Loblolly Pine","Pinus taeda","South Carolina","Chesterfield","Sand Hills State Park","","","46,000 Acres","","238609","1","","","","Public - state","105.9'","Clinometer/laser rangefinder/sine","","","","","Tyler Philips","2009-06-07","http%3A%2F%2Fwww.nativetreesociety.org%2Ffieldtrips%2Fsouth_carolina%2F20090607-sandhills%2F20090607-sandhills.htm","N"
"Loblolly Pine","Pinus taeda","South Carolina","Chesterfield","Sand Hills State Park","","","46,000 Acres","","238610","1","","","","Public - state","108.9'","Clinometer/laser rangefinder/sine","","","","","Tyler Philips","2009-06-07","http%3A%2F%2Fwww.nativetreesociety.org%2Ffieldtrips%2Fsouth_carolina%2F20090607-sandhills%2F20090607-sandhills.htm","N"
"Loblolly Pine","Pinus taeda","South Carolina","Chesterfield","Sand Hills State Park","","","46,000 Acres","","238611","1","","","","Public - state","111.0'","Clinometer/laser rangefinder/sine","","","","","Tyler Philips","2009-06-07","http%3A%2F%2Fwww.nativetreesociety.org%2Ffieldtrips%2Fsouth_carolina%2F20090607-sandhills%2F20090607-sandhills.htm","N"
"Loblolly Pine","Pinus taeda","South Carolina","Chesterfield","Sand Hills State Park","","","46,000 Acres","","238612","1","","","","Public - state","123.0'","Clinometer/laser rangefinder/sine","","","","Tree is standing dead.","Tyler Philips","2009-06-07","http%3A%2F%2Fwww.nativetreesociety.org%2Ffieldtrips%2Fsouth_carolina%2F20090607-sandhills%2F20090607-sandhills.htm","N"
"Longleaf Pine","Pinus palustris","South Carolina","Chesterfield","Sand Hills State Park","","","46,000 Acres","","238613","1","","","","Public - state","64.8'","Clinometer/laser rangefinder/sine","","","","This is a nesting tree for Red-cockaded Woodpecker.","Tyler Philips","2009-06-07","http%3A%2F%2Fwww.nativetreesociety.org%2Ffieldtrips%2Fsouth_carolina%2F20090607-sandhills%2F20090607-sandhills.htm","N"
"Mockernut Hickory","Carya tomentosa","South Carolina","Chesterfield","Sand Hills State Park","","","46,000 Acres","","238607","1","","","","Public - state","102.6'","Clinometer/laser rangefinder/sine","","","","","Tyler Philips","2009-06-07","http%3A%2F%2Fwww.nativetreesociety.org%2Ffieldtrips%2Fsouth_carolina%2F20090607-sandhills%2F20090607-sandhills.htm","N"
"Shortleaf Pine","Pinus echinata","South Carolina","Chesterfield","Sand Hills State Park","","","46,000 Acres","","238608","1","","","","Public - state","114.0'","Clinometer/laser rangefinder/sine","","","","","Tyler Philips","2009-06-07","http%3A%2F%2Fwww.nativetreesociety.org%2Ffieldtrips%2Fsouth_carolina%2F20090607-sandhills%2F20090607-sandhills.htm","N"
"Southern Red Oak","Quercus falcata","South Carolina","Chesterfield","Sand Hills State Park","","","46,000 Acres","","238604","1","","","","Public - state","84.9'","Clinometer/laser rangefinder/sine","","","","","Tyler Philips","2009-06-07","http%3A%2F%2Fwww.nativetreesociety.org%2Ffieldtrips%2Fsouth_carolina%2F20090607-sandhills%2F20090607-sandhills.htm","N"
"Southern Red Oak","Quercus falcata","South Carolina","Chesterfield","Sand Hills State Park","","","46,000 Acres","","238605","1","","","","Public - state","94.2'","Clinometer/laser rangefinder/sine","","","","","Tyler Philips","2009-06-07","http%3A%2F%2Fwww.nativetreesociety.org%2Ffieldtrips%2Fsouth_carolina%2F20090607-sandhills%2F20090607-sandhills.htm","N"
"Southern Red Oak","Quercus falcata","South Carolina","Chesterfield","Sand Hills State Park","","","46,000 Acres","","238606","1","","","","Public - state","111.0'","Clinometer/laser rangefinder/sine","","","","","Tyler Philips","2009-06-07","http%3A%2F%2Fwww.nativetreesociety.org%2Ffieldtrips%2Fsouth_carolina%2F20090607-sandhills%2F20090607-sandhills.htm","N"
"Sweetgum","Liquidambar styraciflua","South Carolina","Chesterfield","Sand Hills State Park","","","46,000 Acres","","238614","1","","","","Public - state","109.8'","Clinometer/laser rangefinder/sine","","","","","Tyler Philips","2009-06-07","http%3A%2F%2Fwww.nativetreesociety.org%2Ffieldtrips%2Fsouth_carolina%2F20090607-sandhills%2F20090607-sandhills.htm","N"
"American Beech","Fagus grandifolia","South Carolina","Dorchester","Middleton Place Home And Gardens","","","","","39736","1","","","","Private","78.1'","Clinometer/laser rangefinder/sine","","","","","Brian Beduhn","2012-10-11","http%3A%2F%2Fwww.ents-bbs.org%2Fviewtopic.php%3Ff%3D122%26t%3D4650","N"
"American Holly","Ilex opaca","South Carolina","Dorchester","Middleton Place Home And Gardens","","","","","39721","1","","","","Private","68.8'","Clinometer/laser rangefinder/sine","","","","","Brian Beduhn","2012-10-11","http%3A%2F%2Fwww.ents-bbs.org%2Fviewtopic.php%3Ff%3D122%26t%3D4650","N"
"American Holly","Ilex opaca","South Carolina","Dorchester","Middleton Place Home And Gardens","","","","","39722","1","","","","Private","72.6'","Clinometer/laser rangefinder/sine","","","","","Brian Beduhn","2012-10-11","http%3A%2F%2Fwww.ents-bbs.org%2Fviewtopic.php%3Ff%3D122%26t%3D4650","N"
"Bald Cypress","Taxodium distichum","South Carolina","Dorchester","Middleton Place Home And Gardens","","","","","39726","1","","","","Private","101.1'","Clinometer/laser rangefinder/sine","","","","","Brian Beduhn","2012-10-11","http%3A%2F%2Fwww.ents-bbs.org%2Fviewtopic.php%3Ff%3D122%26t%3D4650","N"
"Bald Cypress","Taxodium distichum","South Carolina","Dorchester","Middleton Place Home And Gardens","","","","","39729","1","","","","Private","101.6'","Clinometer/laser rangefinder/sine","","","","","Brian Beduhn","2012-10-11","http%3A%2F%2Fwww.ents-bbs.org%2Fviewtopic.php%3Ff%3D122%26t%3D4650","N"
"Bald Cypress","Taxodium distichum","South Carolina","Dorchester","Middleton Place Home And Gardens","","","","","39727","1","","","","Private","107.6'","Formal transit/total station survey","","","","","Brian Beduhn","2012-10-11","http%3A%2F%2Fwww.ents-bbs.org%2Fviewtopic.php%3Ff%3D122%26t%3D4650","N"
"Bald Cypress","Taxodium distichum","South Carolina","Dorchester","Middleton Place Home And Gardens","","","","","39728","1","","","","Private","113.8'","Clinometer/laser rangefinder/sine","","","","","Brian Beduhn","2012-10-11","http%3A%2F%2Fwww.ents-bbs.org%2Fviewtopic.php%3Ff%3D122%26t%3D4650","N"
"Eastern Redcedar","Juniperus virginiana","South Carolina","Dorchester","Middleton Place Home And Gardens","","","","","39751","1","","","","Private","51.8'","Clinometer/laser rangefinder/sine","9.6'","115''","65.3'","","Brian Beduhn","2012-10-11","http%3A%2F%2Fwww.ents-bbs.org%2Fviewtopic.php%3Ff%3D122%26t%3D4650","N"
"Eastern Redcedar","Juniperus virginiana","South Carolina","Dorchester","Middleton Place Home And Gardens","","","","","39752","1","","","","Private","61.4'","Clinometer/laser rangefinder/sine","9.5'","114''","","","Brian Beduhn","2012-10-11","http%3A%2F%2Fwww.ents-bbs.org%2Fviewtopic.php%3Ff%3D122%26t%3D4650","N"
"Live Oak","Quercus virginiana","South Carolina","Dorchester","Middleton Place Home And Gardens","","","","","39753","1","","","","Private","","Clinometer/laser rangefinder/sine","27.4'","329''","105.0'","","Brian Beduhn","2012-10-11","http%3A%2F%2Fwww.ents-bbs.org%2Fviewtopic.php%3Ff%3D122%26t%3D4650","N"
"Live Oak","Quercus virginiana","South Carolina","Dorchester","Middleton Place Home And Gardens","","","","","39754","1","","","","Private","","Clinometer/laser rangefinder/sine","21.6'","259''","","As a double, it measures 31.7'","Brian Beduhn","2012-10-11","http%3A%2F%2Fwww.ents-bbs.org%2Fviewtopic.php%3Ff%3D122%26t%3D4650","N"
"Live Oak","Quercus virginiana","South Carolina","Dorchester","Middleton Place Home And Gardens","","","","","39755","1","","","","Private","","Clinometer/laser rangefinder/sine","25.5'","306''","","","Brian Beduhn","2012-10-11","http%3A%2F%2Fwww.ents-bbs.org%2Fviewtopic.php%3Ff%3D122%26t%3D4650","N"
"Live Oak","Quercus virginiana","South Carolina","Dorchester","Middleton Place Home And Gardens","","","","","39756","1","","","","Private","","Clinometer/laser rangefinder/sine","20.9'","251''","","","Brian Beduhn","2012-10-11","http%3A%2F%2Fwww.ents-bbs.org%2Fviewtopic.php%3Ff%3D122%26t%3D4650","N"
"Live Oak","Quercus virginiana","South Carolina","Dorchester","Middleton Place Home And Gardens","","","","","39757","1","","","","Private","","Clinometer/laser rangefinder/sine","22.9'","275''","","","Brian Beduhn","2012-10-11","http%3A%2F%2Fwww.ents-bbs.org%2Fviewtopic.php%3Ff%3D122%26t%3D4650","N"
"Live Oak","Quercus virginiana","South Carolina","Dorchester","Middleton Place Home And Gardens","","","","","39758","1","","","","Private","","Clinometer/laser rangefinder/sine","22.1'","265''","","","Brian Beduhn","2012-10-11","http%3A%2F%2Fwww.ents-bbs.org%2Fviewtopic.php%3Ff%3D122%26t%3D4650","N"
"Live Oak","Quercus virginiana","South Carolina","Dorchester","Middleton Place Home And Gardens","","","","","39759","1","","","","Private","","Clinometer/laser rangefinder/sine","32.9'","395''","","This is the famous Middleton Oak.  It was once the second largest tree by volume in the Eastern United States before losing two very large limbs and numerous midsized limbs.","Brian Beduhn","2012-10-11","http%3A%2F%2Fwww.ents-bbs.org%2Fviewtopic.php%3Ff%3D122%26t%3D4650","N"
"Live Oak","Quercus virginiana","South Carolina","Dorchester","Middleton Place Home And Gardens","","","","","39749","1","","","","Private","76.5'","Clinometer/laser rangefinder/sine","","","","","Brian Beduhn","2012-10-11","http%3A%2F%2Fwww.ents-bbs.org%2Fviewtopic.php%3Ff%3D122%26t%3D4650","N"
"Live Oak","Quercus virginiana","South Carolina","Dorchester","Middleton Place Home And Gardens","","","","","39750","1","","","","Private","79.5'","Clinometer/laser rangefinder/sine","","","","","Brian Beduhn","2012-10-11","http%3A%2F%2Fwww.ents-bbs.org%2Fviewtopic.php%3Ff%3D122%26t%3D4650","N"
"Loblolly Pine","Pinus taeda","South Carolina","Dorchester","Middleton Place Home And Gardens","","","","","39746","1","","","","Private","79.1'","Clinometer/laser rangefinder/sine","","","","","Brian Beduhn","2012-10-11","http%3A%2F%2Fwww.ents-bbs.org%2Fviewtopic.php%3Ff%3D122%26t%3D4650","N"
"Loblolly Pine","Pinus taeda","South Carolina","Dorchester","Middleton Place Home And Gardens","","","","","39747","1","","","","Private","88.8'","Clinometer/laser rangefinder/sine","","","","","Brian Beduhn","2012-10-11","http%3A%2F%2Fwww.ents-bbs.org%2Fviewtopic.php%3Ff%3D122%26t%3D4650","N"
"Loblolly Pine","Pinus taeda","South Carolina","Dorchester","Middleton Place Home And Gardens","","","","","39748","1","","","","Private","94.2'","Clinometer/laser rangefinder/sine","","","","","Brian Beduhn","2012-10-11","http%3A%2F%2Fwww.ents-bbs.org%2Fviewtopic.php%3Ff%3D122%26t%3D4650","N"
"Pignut Hickory","Carya glabra","South Carolina","Dorchester","Middleton Place Home And Gardens","","","","","39730","1","","","","Private","95.6'","Clinometer/laser rangefinder/sine","","","","","Brian Beduhn","2012-10-11","http%3A%2F%2Fwww.ents-bbs.org%2Fviewtopic.php%3Ff%3D122%26t%3D4650","N"
"Shortleaf Pine","Pinus echinata","South Carolina","Dorchester","Middleton Place Home And Gardens","","","","","39724","1","","","","Private","102.2'","Clinometer/laser rangefinder/sine","","","","","Brian Beduhn","2012-10-11","http%3A%2F%2Fwww.ents-bbs.org%2Fviewtopic.php%3Ff%3D122%26t%3D4650","N"
"Shortleaf Pine","Pinus echinata","South Carolina","Dorchester","Middleton Place Home And Gardens","","","","","39725","1","","","","Private","106.6'","Clinometer/laser rangefinder/sine","","","","","Brian Beduhn","2012-10-11","http%3A%2F%2Fwww.ents-bbs.org%2Fviewtopic.php%3Ff%3D122%26t%3D4650","N"
"Shortleaf Pine","Pinus echinata","South Carolina","Dorchester","Middleton Place Home And Gardens","","","","","39723","1","","","","Private","120.4'","Clinometer/laser rangefinder/sine","9.3'","112''","","","Brian Beduhn","2012-10-11","http%3A%2F%2Fwww.ents-bbs.org%2Fviewtopic.php%3Ff%3D122%26t%3D4650","N"
"Southern Magnolia","Magnolia grandiflora","South Carolina","Dorchester","Middleton Place Home And Gardens","","","","","39738","1","","","","Private","72.2'","Clinometer/laser rangefinder/sine","","","","","Brian Beduhn","2012-10-11","http%3A%2F%2Fwww.ents-bbs.org%2Fviewtopic.php%3Ff%3D122%26t%3D4650","N"
"Southern Magnolia","Magnolia grandiflora","South Carolina","Dorchester","Middleton Place Home And Gardens","","","","","39740","1","","","","Private","72.4'","Clinometer/laser rangefinder/sine","","","","","Brian Beduhn","2012-10-11","http%3A%2F%2Fwww.ents-bbs.org%2Fviewtopic.php%3Ff%3D122%26t%3D4650","N"
"Southern Magnolia","Magnolia grandiflora","South Carolina","Dorchester","Middleton Place Home And Gardens","","","","","39739","1","","","","Private","75.5'","Clinometer/laser rangefinder/sine","","","","","Brian Beduhn","2012-10-11","http%3A%2F%2Fwww.ents-bbs.org%2Fviewtopic.php%3Ff%3D122%26t%3D4650","N"
"Southern Magnolia","Magnolia grandiflora","South Carolina","Dorchester","Middleton Place Home And Gardens","","","","","39737","1","","","","Private","78.5'","Clinometer/laser rangefinder/sine","","","","","Brian Beduhn","2012-10-11","http%3A%2F%2Fwww.ents-bbs.org%2Fviewtopic.php%3Ff%3D122%26t%3D4650","N"
"Spruce Pine","Pinus glabra","South Carolina","Dorchester","Middleton Place Home And Gardens","","","","","39742","1","","","","Private","68.5'","Clinometer/laser rangefinder/sine","","","","","Brian Beduhn","2012-10-11","http%3A%2F%2Fwww.ents-bbs.org%2Fviewtopic.php%3Ff%3D122%26t%3D4650","N"
"Spruce Pine","Pinus glabra","South Carolina","Dorchester","Middleton Place Home And Gardens","","","","","39743","1","","","","Private","73.0'","Clinometer/laser rangefinder/sine","","","","","Brian Beduhn","2012-10-11","http%3A%2F%2Fwww.ents-bbs.org%2Fviewtopic.php%3Ff%3D122%26t%3D4650","N"
"Spruce Pine","Pinus glabra","South Carolina","Dorchester","Middleton Place Home And Gardens","","","","","39744","1","","","","Private","73.3'","Clinometer/laser rangefinder/sine","","","","","Brian Beduhn","2012-10-11","http%3A%2F%2Fwww.ents-bbs.org%2Fviewtopic.php%3Ff%3D122%26t%3D4650","N"
"Spruce Pine","Pinus glabra","South Carolina","Dorchester","Middleton Place Home And Gardens","","","","","39745","1","","","","Private","85.5'","Clinometer/laser rangefinder/sine","","","","","Brian Beduhn","2012-10-11","http%3A%2F%2Fwww.ents-bbs.org%2Fviewtopic.php%3Ff%3D122%26t%3D4650","N"
"Swamp Chestnut Oak","Quercus michauxii","South Carolina","Dorchester","Middleton Place Home And Gardens","","","","","39741","1","","","","Private","72.9'","Clinometer/laser rangefinder/sine","","","","","Brian Beduhn","2012-10-11","http%3A%2F%2Fwww.ents-bbs.org%2Fviewtopic.php%3Ff%3D122%26t%3D4650","N"
"Sweetgum","Liquidambar styraciflua","South Carolina","Dorchester","Middleton Place Home And Gardens","","","","","39734","1","","","","Private","106.8'","Clinometer/laser rangefinder/sine","","","","","Brian Beduhn","2012-10-11","http%3A%2F%2Fwww.ents-bbs.org%2Fviewtopic.php%3Ff%3D122%26t%3D4650","N"
"Tuliptree","Liriodendron tulipifera","South Carolina","Dorchester","Middleton Place Home And Gardens","","","","","39732","1","","","","Private","105.5'","Clinometer/laser rangefinder/sine","","","","","Brian Beduhn","2012-10-11","http%3A%2F%2Fwww.ents-bbs.org%2Fviewtopic.php%3Ff%3D122%26t%3D4650","N"
"Tuliptree","Liriodendron tulipifera","South Carolina","Dorchester","Middleton Place Home And Gardens","","","","","39731","1","","","","Private","106.6'","Clinometer/laser rangefinder/sine","","","","","Brian Beduhn","2012-10-11","http%3A%2F%2Fwww.ents-bbs.org%2Fviewtopic.php%3Ff%3D122%26t%3D4650","N"
"Tuliptree","Liriodendron tulipifera","South Carolina","Dorchester","Middleton Place Home And Gardens","","","","","39733","1","","","","Private","115.5'","Clinometer/laser rangefinder/sine","","","","","Brian Beduhn","2012-10-11","http%3A%2F%2Fwww.ents-bbs.org%2Fviewtopic.php%3Ff%3D122%26t%3D4650","N"
"White Oak","Quercus alba","South Carolina","Dorchester","Middleton Place Home And Gardens","","","","","39735","1","","","","Private","86.5'","Clinometer/laser rangefinder/sine","","","","","Brian Beduhn","2012-10-11","http%3A%2F%2Fwww.ents-bbs.org%2Fviewtopic.php%3Ff%3D122%26t%3D4650","N"
"American Beech","Fagus grandifolia","South Carolina","Edgefield","Turkey Creek","","","Trees measured were close to Modocd","","236866","1","","","","Public - federal","93.7'","Clinometer/laser rangefinder/sine","","","","","Jess Riddle","2005-03-05","http%3A%2F%2Fwww.nativetreesociety.org%2Ffieldtrips%2Fsouth_carolina%2Fsumter%2Fsumter_national_forest_sc.htm","N"
"American Sycamore","Platanus occidentalis","South Carolina","Edgefield","Turkey Creek","","","Trees measured were close to Modocd","","236898","1","","","","Public - federal","126.6'","Clinometer/laser rangefinder/sine","","","","","Jess Riddle","2005-03-05","http%3A%2F%2Fwww.nativetreesociety.org%2Ffieldtrips%2Fsouth_carolina%2Fsumter%2Fsumter_national_forest_sc.htm","N"
"American Sycamore","Platanus occidentalis","South Carolina","Edgefield","Turkey Creek","","","Trees measured were close to Modocd","","236899","1","","","","Public - federal","130.8'","Clinometer/laser rangefinder/sine","12.4'","149''","","","Jess Riddle","2005-03-05","http%3A%2F%2Fwww.nativetreesociety.org%2Ffieldtrips%2Fsouth_carolina%2Fsumter%2Fsumter_national_forest_sc.htm","N"
"Bald Cypress","Taxodium distichum","South Carolina","Edgefield","Turkey Creek","","","Trees measured were close to Modocd","","236863","1","","","","Public - federal","","Clinometer/laser rangefinder/sine","16.1'","193''","","","Jess Riddle","2005-03-05","http%3A%2F%2Fwww.nativetreesociety.org%2Ffieldtrips%2Fsouth_carolina%2Fsumter%2Fsumter_national_forest_sc.htm","N"
"Bald Cypress","Taxodium distichum","South Carolina","Edgefield","Turkey Creek","","","Trees measured were close to Modocd","","236864","1","","","","Public - federal","115.1'","Clinometer/laser rangefinder/sine","","","","","Jess Riddle","2005-03-05","http%3A%2F%2Fwww.nativetreesociety.org%2Ffieldtrips%2Fsouth_carolina%2Fsumter%2Fsumter_national_forest_sc.htm","N"
"Bald Cypress","Taxodium distichum","South Carolina","Edgefield","Turkey Creek","","","Trees measured were close to Modocd","","236865","1","","","","Public - federal","117.6'","Clinometer/laser rangefinder/sine","","","","","Jess Riddle","2005-03-05","http%3A%2F%2Fwww.nativetreesociety.org%2Ffieldtrips%2Fsouth_carolina%2Fsumter%2Fsumter_national_forest_sc.htm","N"
"Bitternut Hickory","Carya cordiformis","South Carolina","Edgefield","Turkey Creek","","","Trees measured were close to Modocd","","236870","1","","","","Public - federal","121.1'","Clinometer/laser rangefinder/sine","7.6'","91''","","","Jess Riddle","2005-03-05","http%3A%2F%2Fwww.nativetreesociety.org%2Ffieldtrips%2Fsouth_carolina%2Fsumter%2Fsumter_national_forest_sc.htm","N"
"Black Walnut","Juglans nigra","South Carolina","Edgefield","Turkey Creek","","","Trees measured were close to Modocd","","236902","1","","","","Public - federal","106.0'","Clinometer/laser rangefinder/sine","6.2'","74''","","","Jess Riddle","2005-03-05","http%3A%2F%2Fwww.nativetreesociety.org%2Ffieldtrips%2Fsouth_carolina%2Fsumter%2Fsumter_national_forest_sc.htm","N"
"Boxelder","Acer negundo var. negundo","South Carolina","Edgefield","Turkey Creek","","","Trees measured were close to Modocd","","236867","1","","","","Public - federal","71.2'","Clinometer/laser rangefinder/sine","3.9'","47''","","","Jess Riddle","2005-03-05","http%3A%2F%2Fwww.nativetreesociety.org%2Ffieldtrips%2Fsouth_carolina%2Fsumter%2Fsumter_national_forest_sc.htm","N"
"Cherrybark Oak","Quercus pagoda","South Carolina","Edgefield","Turkey Creek","","","Trees measured were close to Modocd","","236872","1","","","","Public - federal","","Clinometer/laser rangefinder/sine","14.9'","179''","","","Jess Riddle","2005-03-05","http%3A%2F%2Fwww.nativetreesociety.org%2Ffieldtrips%2Fsouth_carolina%2Fsumter%2Fsumter_national_forest_sc.htm","N"
"Cherrybark Oak","Quercus pagoda","South Carolina","Edgefield","Turkey Creek","","","Trees measured were close to Modocd","","236873","1","","","","Public - federal","129.3'","Clinometer/laser rangefinder/sine","6.5'","78''","","","Jess Riddle","2005-03-05","http%3A%2F%2Fwww.nativetreesociety.org%2Ffieldtrips%2Fsouth_carolina%2Fsumter%2Fsumter_national_forest_sc.htm","N"
"Cherrybark Oak","Quercus pagoda","South Carolina","Edgefield","Turkey Creek","","","Trees measured were close to Modocd","","236874","1","","","","Public - federal","134.7'","Clinometer/laser rangefinder/sine","9.4'","113''","","","Jess Riddle","2005-03-05","http%3A%2F%2Fwww.nativetreesociety.org%2Ffieldtrips%2Fsouth_carolina%2Fsumter%2Fsumter_national_forest_sc.htm","N"
"Chinkapin Oak","Quercus muehlenbergii","South Carolina","Edgefield","Turkey Creek","","","Trees measured were close to Modocd","","236876","1","","","","Public - federal","","Clinometer/laser rangefinder/sine","6.0'","72''","","","Jess Riddle","2005-03-05","http%3A%2F%2Fwww.nativetreesociety.org%2Ffieldtrips%2Fsouth_carolina%2Fsumter%2Fsumter_national_forest_sc.htm","N"
"Chinkapin Oak","Quercus muehlenbergii","South Carolina","Edgefield","Turkey Creek","","","Trees measured were close to Modocd","","236875","1","","","","Public - federal","79.5'","Clinometer/laser rangefinder/sine","5.4'","65''","","","Jess Riddle","2005-03-05","http%3A%2F%2Fwww.nativetreesociety.org%2Ffieldtrips%2Fsouth_carolina%2Fsumter%2Fsumter_national_forest_sc.htm","N"
"Eastern Cottonwood","Populus deltoides","South Carolina","Edgefield","Turkey Creek","","","Trees measured were close to Modocd","","236868","1","","","","Public - federal","136.0'","Clinometer/laser rangefinder/sine","11.6'","139''","","","Jess Riddle","2005-03-05","http%3A%2F%2Fwww.nativetreesociety.org%2Ffieldtrips%2Fsouth_carolina%2Fsumter%2Fsumter_national_forest_sc.htm","N"
"Eastern Redcedar","Juniperus virginiana","South Carolina","Edgefield","Turkey Creek","","","Trees measured were close to Modocd","","236869","1","","","","Public - federal","","Clinometer/laser rangefinder/sine","5.4'","65''","","","Jess Riddle","2005-03-05","http%3A%2F%2Fwww.nativetreesociety.org%2Ffieldtrips%2Fsouth_carolina%2Fsumter%2Fsumter_national_forest_sc.htm","N"
"Green Ash","Fraxinus pennsylvanica","South Carolina","Edgefield","Turkey Creek","","","Trees measured were close to Modocd","","236862","1","","","","Public - federal","106.3'","Clinometer/laser rangefinder/sine","7.0'","84''","","","Jess Riddle","2005-03-05","http%3A%2F%2Fwww.nativetreesociety.org%2Ffieldtrips%2Fsouth_carolina%2Fsumter%2Fsumter_national_forest_sc.htm","N"
"Loblolly Pine","Pinus taeda","South Carolina","Edgefield","Turkey Creek","","","Trees measured were close to Modocd","","237474","1","","","","Public - federal","99.4'","Clinometer/laser rangefinder/sine","5.3'","63''","","","James Parton, Earl Parton","2008-07-06","http%3A%2F%2Fwww.nativetreesociety.org%2Ffieldtrips%2Fsouth_carolina%2Fsumter%2Fsumter_national_forest_sc.htm","N"
"Loblolly Pine","Pinus taeda","South Carolina","Edgefield","Turkey Creek","","","Trees measured were close to Modocd","","237476","1","","","","Public - federal","99.8'","Clinometer/laser rangefinder/sine","5.8'","69''","","","James Parton, Earl Parton","2008-07-06","http%3A%2F%2Fwww.nativetreesociety.org%2Ffieldtrips%2Fsouth_carolina%2Fsumter%2Fsumter_national_forest_sc.htm","N"
"Loblolly Pine","Pinus taeda","South Carolina","Edgefield","Turkey Creek","","","Trees measured were close to Modocd","","237475","1","","","","Public - federal","102.8'","Clinometer/laser rangefinder/sine","5.3'","64''","","","James Parton, Earl Parton","2008-07-06","http%3A%2F%2Fwww.nativetreesociety.org%2Ffieldtrips%2Fsouth_carolina%2Fsumter%2Fsumter_national_forest_sc.htm","N"
"Loblolly Pine","Pinus taeda","South Carolina","Edgefield","Turkey Creek","","","Trees measured were close to Modocd","","237479","1","","","","Public - federal","102.8'","Clinometer/laser rangefinder/sine","7.6'","91''","","","James Parton, Earl Parton","2008-07-06","http%3A%2F%2Fwww.nativetreesociety.org%2Ffieldtrips%2Fsouth_carolina%2Fsumter%2Fsumter_national_forest_sc.htm","N"
"Loblolly Pine","Pinus taeda","South Carolina","Edgefield","Turkey Creek","","","Trees measured were close to Modocd","","236888","1","","","","Public - federal","103.2'","Clinometer/laser rangefinder/sine","6.4'","77''","","","Jess Riddle","2005-03-05","http%3A%2F%2Fwww.nativetreesociety.org%2Ffieldtrips%2Fsouth_carolina%2Fsumter%2Fsumter_national_forest_sc.htm","N"
"Loblolly Pine","Pinus taeda","South Carolina","Edgefield","Turkey Creek","","","Trees measured were close to Modocd","","237478","1","","","","Public - federal","106.8'","Clinometer/laser rangefinder/sine","7.6'","91''","","","James Parton, Earl Parton","2008-07-06","http%3A%2F%2Fwww.nativetreesociety.org%2Ffieldtrips%2Fsouth_carolina%2Fsumter%2Fsumter_national_forest_sc.htm","N"
"Loblolly Pine","Pinus taeda","South Carolina","Edgefield","Turkey Creek","","","Trees measured were close to Modocd","","237480","1","","","","Public - federal","109.4'","Clinometer/laser rangefinder/sine","7.0'","84''","","","James Parton, Earl Parton","2008-07-06","http%3A%2F%2Fwww.nativetreesociety.org%2Ffieldtrips%2Fsouth_carolina%2Fsumter%2Fsumter_national_forest_sc.htm","N"
"Loblolly Pine","Pinus taeda","South Carolina","Edgefield","Turkey Creek","","","Trees measured were close to Modocd","","237477","1","","","","Public - federal","113.4'","Clinometer/laser rangefinder/sine","7.8'","93''","","","James Parton, Earl Parton","2008-07-06","http%3A%2F%2Fwww.nativetreesociety.org%2Ffieldtrips%2Fsouth_carolina%2Fsumter%2Fsumter_national_forest_sc.htm","N"
"Loblolly Pine","Pinus taeda","South Carolina","Edgefield","Turkey Creek","","","Trees measured were close to Modocd","","236887","1","","","","Public - federal","118.1'","Clinometer/laser rangefinder/sine","9.2'","110''","","Height is Not Less Than","Jess Riddle","2005-03-05","http%3A%2F%2Fwww.nativetreesociety.org%2Ffieldtrips%2Fsouth_carolina%2Fsumter%2Fsumter_national_forest_sc.htm","N"
"Loblolly Pine","Pinus taeda","South Carolina","Edgefield","Turkey Creek","","","Trees measured were close to Modocd","","236889","1","","","","Public - federal","130.4'","Clinometer/laser rangefinder/sine","6.9'","83''","","","Jess Riddle","2005-03-05","http%3A%2F%2Fwww.nativetreesociety.org%2Ffieldtrips%2Fsouth_carolina%2Fsumter%2Fsumter_national_forest_sc.htm","N"
"Loblolly Pine","Pinus taeda","South Carolina","Edgefield","Turkey Creek","","","Trees measured were close to Modocd","","236890","1","","","","Public - federal","131.0'","Clinometer/laser rangefinder/sine","6.4'","77''","","","Jess Riddle","2005-03-05","http%3A%2F%2Fwww.nativetreesociety.org%2Ffieldtrips%2Fsouth_carolina%2Fsumter%2Fsumter_national_forest_sc.htm","N"
"Loblolly Pine","Pinus taeda","South Carolina","Edgefield","Turkey Creek","","","Trees measured were close to Modocd","","236891","1","","","","Public - federal","131.9'","Clinometer/laser rangefinder/sine","7.6'","91''","","","Jess Riddle","2005-03-05","http%3A%2F%2Fwww.nativetreesociety.org%2Ffieldtrips%2Fsouth_carolina%2Fsumter%2Fsumter_national_forest_sc.htm","N"
"Northern Red Oak","Quercus rubra","South Carolina","Edgefield","Turkey Creek","","","Trees measured were close to Modocd","","236877","1","","","","Public - federal","105.9'","Clinometer/laser rangefinder/sine","9.9'","119''","","","Jess Riddle","2005-03-05","http%3A%2F%2Fwww.nativetreesociety.org%2Ffieldtrips%2Fsouth_carolina%2Fsumter%2Fsumter_national_forest_sc.htm","N"
"Overcup Oak","Quercus lyrata","South Carolina","Edgefield","Turkey Creek","","","Trees measured were close to Modocd","","236878","1","","","","Public - federal","118.2'","Clinometer/laser rangefinder/sine","9.3'","112''","","","Jess Riddle","2005-03-05","http%3A%2F%2Fwww.nativetreesociety.org%2Ffieldtrips%2Fsouth_carolina%2Fsumter%2Fsumter_national_forest_sc.htm","N"
"Post Oak","Quercus stellata","South Carolina","Edgefield","Turkey Creek","","","Trees measured were close to Modocd","","236879","1","","","","Public - federal","","Clinometer/laser rangefinder/sine","4.3'","52''","","","Jess Riddle","2005-03-05","http%3A%2F%2Fwww.nativetreesociety.org%2Ffieldtrips%2Fsouth_carolina%2Fsumter%2Fsumter_national_forest_sc.htm","N"
"Post Oak","Quercus stellata","South Carolina","Edgefield","Turkey Creek","","","Trees measured were close to Modocd","","236880","1","","","","Public - federal","","Clinometer/laser rangefinder/sine","4.8'","58''","","","Jess Riddle","2005-03-05","http%3A%2F%2Fwww.nativetreesociety.org%2Ffieldtrips%2Fsouth_carolina%2Fsumter%2Fsumter_national_forest_sc.htm","N"
"Post Oak","Quercus stellata","South Carolina","Edgefield","Turkey Creek","","","Trees measured were close to Modocd","","236881","1","","","","Public - federal","97.3'","Clinometer/laser rangefinder/sine","5.1'","61''","","","Jess Riddle","2005-03-05","http%3A%2F%2Fwww.nativetreesociety.org%2Ffieldtrips%2Fsouth_carolina%2Fsumter%2Fsumter_national_forest_sc.htm","N"
"Shagbark Hickory","Carya ovata","South Carolina","Edgefield","Turkey Creek","","","Trees measured were close to Modocd","","236871","1","","","","Public - federal","","Clinometer/laser rangefinder/sine","7.5'","90''","","","Jess Riddle","2005-03-05","http%3A%2F%2Fwww.nativetreesociety.org%2Ffieldtrips%2Fsouth_carolina%2Fsumter%2Fsumter_national_forest_sc.htm","N"
"Shortleaf Pine","Pinus echinata","South Carolina","Edgefield","Turkey Creek","","","Trees measured were close to Modocd","","236892","1","","","","Public - federal","","Clinometer/laser rangefinder/sine","8.2'","98''","","","Jess Riddle","2005-03-05","http%3A%2F%2Fwww.nativetreesociety.org%2Ffieldtrips%2Fsouth_carolina%2Fsumter%2Fsumter_national_forest_sc.htm","N"
"Shortleaf Pine","Pinus echinata","South Carolina","Edgefield","Turkey Creek","","","Trees measured were close to Modocd","","236893","1","","","","Public - federal","120.4'","Clinometer/laser rangefinder/sine","7.6'","91''","","Height is Not Less Than(NLT)","Jess Riddle","2005-03-05","http%3A%2F%2Fwww.nativetreesociety.org%2Ffieldtrips%2Fsouth_carolina%2Fsumter%2Fsumter_national_forest_sc.htm","N"
"Shortleaf Pine","Pinus echinata","South Carolina","Edgefield","Turkey Creek","","","Trees measured were close to Modocd","","236894","1","","","","Public - federal","123.9'","Clinometer/laser rangefinder/sine","7.9'","95''","","","Jess Riddle","2005-03-05","http%3A%2F%2Fwww.nativetreesociety.org%2Ffieldtrips%2Fsouth_carolina%2Fsumter%2Fsumter_national_forest_sc.htm","N"
"Shumard's Oak","Quercus shumardii","South Carolina","Edgefield","Turkey Creek","","","Trees measured were close to Modocd","","236882","1","","","","Public - federal","114.7'","Clinometer/laser rangefinder/sine","9.8'","118''","","Height is Not Less Then(NLT)","Jess Riddle","2005-03-05","http%3A%2F%2Fwww.nativetreesociety.org%2Ffieldtrips%2Fsouth_carolina%2Fsumter%2Fsumter_national_forest_sc.htm","N"
"Shumard's Oak","Quercus shumardii","South Carolina","Edgefield","Turkey Creek","","","Trees measured were close to Modocd","","236883","1","","","","Public - federal","133.7'","Clinometer/laser rangefinder/sine","10.3'","124''","","","Jess Riddle","2005-03-05","http%3A%2F%2Fwww.nativetreesociety.org%2Ffieldtrips%2Fsouth_carolina%2Fsumter%2Fsumter_national_forest_sc.htm","N"
"Sugarberry","Celtis laevigata var. laevigata","South Carolina","Edgefield","Turkey Creek","","","Trees measured were close to Modocd","","236895","1","","","","Public - federal","109.2'","Clinometer/laser rangefinder/sine","9.2'","110''","","","Jess Riddle","2005-03-05","http%3A%2F%2Fwww.nativetreesociety.org%2Ffieldtrips%2Fsouth_carolina%2Fsumter%2Fsumter_national_forest_sc.htm","N"
"Sweetgum","Liquidambar styraciflua","South Carolina","Edgefield","Turkey Creek","","","Trees measured were close to Modocd","","236896","1","","","","Public - federal","113.6'","Clinometer/laser rangefinder/sine","","","","Height is Not Less Than(NLT)","Jess Riddle","2005-03-05","http%3A%2F%2Fwww.nativetreesociety.org%2Ffieldtrips%2Fsouth_carolina%2Fsumter%2Fsumter_national_forest_sc.htm","N"
"Sweetgum","Liquidambar styraciflua","South Carolina","Edgefield","Turkey Creek","","","Trees measured were close to Modocd","","236897","1","","","","Public - federal","132.9'","Clinometer/laser rangefinder/sine","7.1'","85''","","","Jess Riddle","2005-03-05","http%3A%2F%2Fwww.nativetreesociety.org%2Ffieldtrips%2Fsouth_carolina%2Fsumter%2Fsumter_national_forest_sc.htm","N"
"Tuliptree","Liriodendron tulipifera","South Carolina","Edgefield","Turkey Creek","","","Trees measured were close to Modocd","","236900","1","","","","Public - federal","130.6'","Clinometer/laser rangefinder/sine","12.4'","149''","","","Jess Riddle","2005-03-05","http%3A%2F%2Fwww.nativetreesociety.org%2Ffieldtrips%2Fsouth_carolina%2Fsumter%2Fsumter_national_forest_sc.htm","N"
"Tuliptree","Liriodendron tulipifera","South Carolina","Edgefield","Turkey Creek","","","Trees measured were close to Modocd","","236901","1","","","","Public - federal","136.1'","Clinometer/laser rangefinder/sine","9.6'","115''","","","Jess Riddle","2005-03-05","http%3A%2F%2Fwww.nativetreesociety.org%2Ffieldtrips%2Fsouth_carolina%2Fsumter%2Fsumter_national_forest_sc.htm","N"
"Water Oak","Quercus nigra","South Carolina","Edgefield","Turkey Creek","","","Trees measured were close to Modocd","","236884","1","","","","Public - federal","114.6'","Clinometer/laser rangefinder/sine","9.8'","117''","","","Jess Riddle","2005-03-05","http%3A%2F%2Fwww.nativetreesociety.org%2Ffieldtrips%2Fsouth_carolina%2Fsumter%2Fsumter_national_forest_sc.htm","N"
"White Oak","Quercus alba","South Carolina","Edgefield","Turkey Creek","","","Trees measured were close to Modocd","","236885","1","","","","Public - federal","","Clinometer/laser rangefinder/sine","8.6'","103''","","","Jess Riddle","2005-03-05","http%3A%2F%2Fwww.nativetreesociety.org%2Ffieldtrips%2Fsouth_carolina%2Fsumter%2Fsumter_national_forest_sc.htm","N"
"White Oak","Quercus alba","South Carolina","Edgefield","Turkey Creek","","","Trees measured were close to Modocd","","237481","1","","","","Public - federal","99.5'","Clinometer/laser rangefinder/sine","6.6'","79''","","","James Parton, Earl Parton","2008-07-06","http%3A%2F%2Fwww.nativetreesociety.org%2Ffieldtrips%2Fsouth_carolina%2Fsumter%2Fsumter_national_forest_sc.htm","N"
"Willow Oak","Quercus phellos","South Carolina","Edgefield","Turkey Creek","","","Trees measured were close to Modocd","","236886","1","","","","Public - federal","119.5'","Clinometer/laser rangefinder/sine","8.3'","100''","","","Jess Riddle","2005-03-05","http%3A%2F%2Fwww.nativetreesociety.org%2Ffieldtrips%2Fsouth_carolina%2Fsumter%2Fsumter_national_forest_sc.htm","N"
"Chinese Fir","Cunninghamia lanceolata","South Carolina","Georgetown","All Saints Church Cemetery","33 28.044","-079 08.383","","","112987","1","33 28.044","-079 08.383","","Private","62.0'","Clinometer/laser rangefinder/sine","","","","Two stems at ground level. Measured height of tallest one.","Turner Sharp","2015-11-16","","N"
"Eastern Cottonwood","Populus deltoides","South Carolina","Georgetown","All Saints Church Cemetery","","","","","112985","1","","","","Private","81.7'","Clinometer/laser rangefinder/sine","","","","","Turner Sharp","2015-11-16","","N"
"Eastern Redcedar","Juniperus virginiana var. virginiana","South Carolina","Georgetown","All Saints Church Cemetery","","","","","112986","1","","","","Private","53.4'","Clinometer/laser rangefinder/sine","7.0'","85''","","","Turner Sharp","2015-11-16","","N"
"Live Oak","Quercus virginiana","South Carolina","Georgetown","All Saints Church Cemetery","33 28.060","-079 08.415","","","112982","1","33 28.060","-079 08.415","","Private","66.2'","Clinometer/laser rangefinder/sine","15.1'","181''","100.5'","Crown spread is maximum, average is 88.5'","Turner Sharp","2015-11-16","","N"
"Live Oak","Quercus virginiana","South Carolina","Georgetown","All Saints Church Cemetery","33 28.074","-079 08.428","","","112981","1","33 28.074","-079 08.428","","Private","73.2'","","13.7'","164''","91.5'","Crown spread is maximum, 83.75' average","Turner Sharp","2015-11-16","","N"
"Pignut Hickory","Carya glabra","South Carolina","Georgetown","All Saints Church Cemetery","","","","","112984","1","","","","Private","74.9'","Clinometer/laser rangefinder/sine","6.7'","80''","","","Turner Sharp","2015-11-16","","N"
"Southern Magnolia","Magnolia grandiflora","South Carolina","Georgetown","All Saints Church Cemetery","","","","","112983","1","","","","Private","46.9'","Clinometer/laser rangefinder/sine","4.6'","55''","","","Turner Sharp","2015-11-16","","N"
"Cabbage Palmetto","Sabal palmetto","South Carolina","Georgetown","Brookgreen Gardens","","","A Sculpter Garden set among the remains of Low County Rice Plantations","","67559","1","","","","Private","44.9'","Clinometer/laser rangefinder/sine","3.5'","42''","","Circumference taken at 3'. It is 44.6"" at 4 1/2'","Turner Sharp","2014-04-15","","N"
"Common Persimmon","Diospyros virginiana","South Carolina","Georgetown","Brookgreen Gardens","","","A Sculpter Garden set among the remains of Low County Rice Plantations","","67557","1","","","","Private","49.5'","Clinometer/laser rangefinder/sine","5.1'","61''","","","Turner Sharp","2014-04-15","","N"
"Crapemyrtle","Lagerstroemia indica","South Carolina","Georgetown","Brookgreen Gardens","","","A Sculpter Garden set among the remains of Low County Rice Plantations","","67554","1","","","","Private","31.9'","Clinometer/laser rangefinder/sine","1.8'","21''","","","Turner Sharp","2014-04-15","","N"
"Longleaf Pine","Pinus palustris","South Carolina","Georgetown","Brookgreen Gardens","","","A Sculpter Garden set among the remains of Low County Rice Plantations","","67558","1","","","","Private","89.4'","Clinometer/laser rangefinder/sine","4.8'","58''","","","Turner Sharp","2014-04-15","","N"
"Southern Magnolia","Magnolia grandiflora","South Carolina","Georgetown","Brookgreen Gardens","33 31.128","-079 05.802","A Sculpter Garden set among the remains of Low County Rice Plantations","","67552","1","33 31.128","-079 05.802","","Private","50.5'","Clinometer/laser rangefinder/sine","6.9'","83''","","","Turner Sharp","2014-04-15","","N"
"Southern Magnolia","Magnolia grandiflora","South Carolina","Georgetown","Brookgreen Gardens","","","A Sculpter Garden set among the remains of Low County Rice Plantations","","67553","1","","","","Private","63.5'","Clinometer/laser rangefinder/sine","7.7'","92''","","","Turner Sharp","2014-04-15","","N"
"Swamp Chestnut Oak","Quercus michauxii","South Carolina","Georgetown","Brookgreen Gardens","","","A Sculpter Garden set among the remains of Low County Rice Plantations","","67555","1","","","","Private","62.5'","Clinometer/laser rangefinder/sine","9.6'","115''","","","Turner Sharp","2014-04-15","","N"
"Swamp Chestnut Oak","Quercus michauxii","South Carolina","Georgetown","Brookgreen Gardens","33 31.206","-079 05.756","A Sculpter Garden set among the remains of Low County Rice Plantations","","67556","1","33 31.206","-079 05.756","","Private","63.8'","Clinometer/laser rangefinder/sine","13.7'","164''","","","Turner Sharp","2014-04-15","","N"
"Sand Hickory","Carya pallida","South Carolina","Greenville","Caesars Head State Park","","","Trees were measured along the Naturaland Trust Trail","","238135","1","","","","Public - state","88.3'","Clinometer/laser rangefinder/sine","","","","","Jess Riddle","2004-11-29","http%3A%2F%2Fwww.nativetreesociety.org%2Ffieldtrips%2Fsouth_carolina%2Fpale_hickory.htm","N"
"Sand Hickory","Carya pallida","South Carolina","Greenville","Caesars Head State Park","","","Trees were measured along the Naturaland Trust Trail","","238136","1","","","","Public - state","94.2'","Clinometer/laser rangefinder/sine","5.6'","67''","","","Jess Riddle","2004-11-29","http%3A%2F%2Fwww.nativetreesociety.org%2Ffieldtrips%2Fsouth_carolina%2Fpale_hickory.htm","N"
"Sand Hickory","Carya pallida","South Carolina","Greenville","Caesars Head State Park","","","Trees were measured along the Naturaland Trust Trail","","238137","1","","","","Public - state","95.1'","Clinometer/laser rangefinder/sine","9.4'","113''","","","Jess Riddle","2004-11-29","http%3A%2F%2Fwww.nativetreesociety.org%2Ffieldtrips%2Fsouth_carolina%2Fpale_hickory.htm","N"
"Sand Hickory","Carya pallida","South Carolina","Greenville","Caesars Head State Park","","","Trees were measured along the Naturaland Trust Trail","","238138","1","","","","Public - state","102.0'","Clinometer/laser rangefinder/sine","4.4'","53''","","","Jess Riddle","2004-11-29","http%3A%2F%2Fwww.nativetreesociety.org%2Ffieldtrips%2Fsouth_carolina%2Fpale_hickory.htm","N"
"Pin Oak","Quercus palustris","South Carolina","Greenville","Furman University Campus","","","","","237936","1","","","","Public-Private","99.0'","Clinometer/laser rangefinder/sine","9.3'","112''","","","Jess Riddle","2003-10-20","http%3A%2F%2Fwww.nativetreesociety.org%2Ffieldtrips%2Fsouth_carolina%2Ffurman_u_campus.htm","N"
"Willow Oak","Quercus phellos","South Carolina","Greenville","Furman University Campus","","","","","237934","1","","","","Public-Private","76.8'","Clinometer/laser rangefinder/sine","12.7'","152''","","","Jess Riddle","2003-10-20","http%3A%2F%2Fwww.nativetreesociety.org%2Ffieldtrips%2Fsouth_carolina%2Ffurman_u_campus.htm","N"
"Willow Oak","Quercus phellos","South Carolina","Greenville","Furman University Campus","","","","","237935","1","","","","Public-Private","100.1'","Clinometer/laser rangefinder/sine","11.8'","141''","","","Jess Riddle","2003-10-20","http%3A%2F%2Fwww.nativetreesociety.org%2Ffieldtrips%2Fsouth_carolina%2Ffurman_u_campus.htm","N"
"American Beech","Fagus grandifolia","South Carolina","Greenville","Jones Gap State Park","","","11.300 Acres encompassing Jones Gap State Park and Caesars Head","","238134","1","","","","Public - state","","Clinometer/laser rangefinder/sine","9.7'","116''","","","James Parton","2008-05-16","http%3A%2F%2Fwww.nativetreesociety.org%2Ffieldtrips%2Fsouth_carolina%2Fjones_gap%2Fjones_gap_state_park_sc.htm","N"
"Chestnut Oak","Quercus montana","South Carolina","Greenville","Jones Gap State Park","","","11.300 Acres encompassing Jones Gap State Park and Caesars Head","","238126","1","","","","Public - state","91.5'","Clinometer/laser rangefinder/sine","9.9'","119''","","","James Parton","2008-05-16","http%3A%2F%2Fwww.nativetreesociety.org%2Ffieldtrips%2Fsouth_carolina%2Fjones_gap%2Fjones_gap_state_park_sc.htm","N"
"Eastern Hemlock","Tsuga canadensis","South Carolina","Greenville","Jones Gap State Park","","","11.300 Acres encompassing Jones Gap State Park and Caesars Head","","238125","1","","","","Public - state","130.6'","Clinometer/laser rangefinder/sine","6.8'","82''","","","James Parton","2008-05-16","http%3A%2F%2Fwww.nativetreesociety.org%2Ffieldtrips%2Fsouth_carolina%2Fjones_gap%2Fjones_gap_state_park_sc.htm","N"
"Eastern White Pine","Pinus strobus","South Carolina","Greenville","Jones Gap State Park","","","11.300 Acres encompassing Jones Gap State Park and Caesars Head","","238130","1","","","","Public - state","","Clinometer/laser rangefinder/sine","8.6'","103''","","","James Parton","2008-05-16","http%3A%2F%2Fwww.nativetreesociety.org%2Ffieldtrips%2Fsouth_carolina%2Fjones_gap%2Fjones_gap_state_park_sc.htm","N"
"Eastern White Pine","Pinus strobus","South Carolina","Greenville","Jones Gap State Park","","","11.300 Acres encompassing Jones Gap State Park and Caesars Head","","238129","1","","","","Public - state","121.5'","Clinometer/laser rangefinder/sine","10.8'","130''","","","James Parton","2008-05-16","http%3A%2F%2Fwww.nativetreesociety.org%2Ffieldtrips%2Fsouth_carolina%2Fjones_gap%2Fjones_gap_state_park_sc.htm","N"
"Eastern White Pine","Pinus strobus","South Carolina","Greenville","Jones Gap State Park","","","11.300 Acres encompassing Jones Gap State Park and Caesars Head","","238131","1","","","","Public - state","131.1'","Clinometer/laser rangefinder/sine","7.8'","93''","","","James Parton","2008-05-16","http%3A%2F%2Fwww.nativetreesociety.org%2Ffieldtrips%2Fsouth_carolina%2Fjones_gap%2Fjones_gap_state_park_sc.htm","N"
"Scarlet Oak","Quercus coccinea","South Carolina","Greenville","Jones Gap State Park","","","11.300 Acres encompassing Jones Gap State Park and Caesars Head","","238133","1","","","","Public - state","94.5'","Clinometer/laser rangefinder/sine","","","","","James Parton","2008-05-16","http%3A%2F%2Fwww.nativetreesociety.org%2Ffieldtrips%2Fsouth_carolina%2Fjones_gap%2Fjones_gap_state_park_sc.htm","N"
"Shortleaf Pine","Pinus echinata","South Carolina","Greenville","Jones Gap State Park","","","11.300 Acres encompassing Jones Gap State Park and Caesars Head","","238127","1","","","","Public - state","109.3'","Clinometer/laser rangefinder/sine","6.9'","83''","","","James Parton","2008-05-16","http%3A%2F%2Fwww.nativetreesociety.org%2Ffieldtrips%2Fsouth_carolina%2Fjones_gap%2Fjones_gap_state_park_sc.htm","N"
"Shortleaf Pine","Pinus echinata","South Carolina","Greenville","Jones Gap State Park","","","11.300 Acres encompassing Jones Gap State Park and Caesars Head","","238128","1","","","","Public - state","117.5'","Clinometer/laser rangefinder/sine","6.4'","77''","","","James Parton","2008-05-16","http%3A%2F%2Fwww.nativetreesociety.org%2Ffieldtrips%2Fsouth_carolina%2Fjones_gap%2Fjones_gap_state_park_sc.htm","N"
"Virginia Pine","Pinus virginiana","South Carolina","Greenville","Jones Gap State Park","","","11.300 Acres encompassing Jones Gap State Park and Caesars Head","","238132","1","","","","Public - state","89.4'","Clinometer/laser rangefinder/sine","3.7'","44''","","","James Parton","2008-05-16","http%3A%2F%2Fwww.nativetreesociety.org%2Ffieldtrips%2Fsouth_carolina%2Fjones_gap%2Fjones_gap_state_park_sc.htm","N"
"American Basswood","Tilia americana var. heterophylla","South Carolina","Greenville","Little Pinnacle Mountain","","","11,300 acres encompassing Jones Gap State Park and Caesars Head","","281303","1","","","","Public - state","121.1'","Clinometer/laser rangefinder/sine","","","","","Jess Riddle","2002-05-29","http%3A%2F%2Fwww.nativetreesociety.org%2Ffieldtrips%2Fsouth_carolina%2Flittle_pinnacle_mountain.htm","N"
"Black Locust","Robinia pseudoacacia","South Carolina","Greenville","Little Pinnacle Mountain","","","11,300 acres encompassing Jones Gap State Park and Caesars Head","","281315","1","","","","Public - state","","Clinometer/laser rangefinder/sine","8.2'","98''","","","Jess Riddle","2002-05-29","http%3A%2F%2Fwww.nativetreesociety.org%2Ffieldtrips%2Fsouth_carolina%2Flittle_pinnacle_mountain.htm","N"
"Black Walnut","Juglans nigra","South Carolina","Greenville","Little Pinnacle Mountain","","","11,300 acres encompassing Jones Gap State Park and Caesars Head","","281326","1","","","","Public - state","","Clinometer/laser rangefinder/sine","8.8'","106''","","","Jess Riddle","2002-05-29","http%3A%2F%2Fwww.nativetreesociety.org%2Ffieldtrips%2Fsouth_carolina%2Flittle_pinnacle_mountain.htm","N"
"Black Walnut","Juglans nigra","South Carolina","Greenville","Little Pinnacle Mountain","","","11,300 acres encompassing Jones Gap State Park and Caesars Head","","281327","1","","","","Public - state","","Clinometer/laser rangefinder/sine","7.0'","84''","","","Jess Riddle","2002-05-29","http%3A%2F%2Fwww.nativetreesociety.org%2Ffieldtrips%2Fsouth_carolina%2Flittle_pinnacle_mountain.htm","N"
"Black Walnut","Juglans nigra","South Carolina","Greenville","Little Pinnacle Mountain","","","11,300 acres encompassing Jones Gap State Park and Caesars Head","","281328","1","","","","Public - state","","Clinometer/laser rangefinder/sine","8.3'","99''","","","Jess Riddle","2002-05-29","http%3A%2F%2Fwww.nativetreesociety.org%2Ffieldtrips%2Fsouth_carolina%2Flittle_pinnacle_mountain.htm","N"
"Carolina Hemlock","Tsuga caroliniana","South Carolina","Greenville","Little Pinnacle Mountain","","","11,300 acres encompassing Jones Gap State Park and Caesars Head","","281307","1","","","","Public - state","","Clinometer/laser rangefinder/sine","6.3'","76''","","","Jess Riddle","2002-05-29","http%3A%2F%2Fwww.nativetreesociety.org%2Ffieldtrips%2Fsouth_carolina%2Flittle_pinnacle_mountain.htm","N"
"Carolina Hemlock","Tsuga caroliniana","South Carolina","Greenville","Little Pinnacle Mountain","","","11,300 acres encompassing Jones Gap State Park and Caesars Head","","281308","1","","","","Public - state","","Clinometer/laser rangefinder/sine","6.5'","78''","","","Jess Riddle","2002-05-29","http%3A%2F%2Fwww.nativetreesociety.org%2Ffieldtrips%2Fsouth_carolina%2Flittle_pinnacle_mountain.htm","N"
"Carolina Hemlock","Tsuga caroliniana","South Carolina","Greenville","Little Pinnacle Mountain","","","11,300 acres encompassing Jones Gap State Park and Caesars Head","","281309","1","","","","Public - state","","Clinometer/laser rangefinder/sine","6.6'","79''","","","Jess Riddle","2002-05-29","http%3A%2F%2Fwww.nativetreesociety.org%2Ffieldtrips%2Fsouth_carolina%2Flittle_pinnacle_mountain.htm","N"
"Carolina Hemlock","Tsuga caroliniana","South Carolina","Greenville","Little Pinnacle Mountain","","","11,300 acres encompassing Jones Gap State Park and Caesars Head","","281310","1","","","","Public - state","","Clinometer/laser rangefinder/sine","6.8'","82''","","","Jess Riddle","2002-05-29","http%3A%2F%2Fwww.nativetreesociety.org%2Ffieldtrips%2Fsouth_carolina%2Flittle_pinnacle_mountain.htm","N"
"Carolina Hemlock","Tsuga caroliniana","South Carolina","Greenville","Little Pinnacle Mountain","","","11,300 acres encompassing Jones Gap State Park and Caesars Head","","281311","1","","","","Public - state","71.9'","Clinometer/laser rangefinder/sine","5.8'","70''","","","Jess Riddle","2002-05-29","http%3A%2F%2Fwww.nativetreesociety.org%2Ffieldtrips%2Fsouth_carolina%2Flittle_pinnacle_mountain.htm","N"
"Chestnut Oak","Quercus montana","South Carolina","Greenville","Little Pinnacle Mountain","","","11,300 acres encompassing Jones Gap State Park and Caesars Head","","281319","1","","","","Public - state","116.4'","Clinometer/laser rangefinder/sine","","","","","Jess Riddle","2002-05-29","http%3A%2F%2Fwww.nativetreesociety.org%2Ffieldtrips%2Fsouth_carolina%2Flittle_pinnacle_mountain.htm","N"
"Cucumber-Tree","Magnolia acuminata","South Carolina","Greenville","Little Pinnacle Mountain","","","11,300 acres encompassing Jones Gap State Park and Caesars Head","","281316","1","","","","Public - state","133.0'","Clinometer/laser rangefinder/sine","9.8'","117''","","","Jess Riddle","2002-05-29","http%3A%2F%2Fwww.nativetreesociety.org%2Ffieldtrips%2Fsouth_carolina%2Flittle_pinnacle_mountain.htm","N"
"Mountain Magnolia","Magnolia fraseri","South Carolina","Greenville","Little Pinnacle Mountain","","","11,300 acres encompassing Jones Gap State Park and Caesars Head","","281317","1","","","","Public - state","105.9'","Clinometer/laser rangefinder/sine","7.6'","91''","","","Jess Riddle","2002-05-29","http%3A%2F%2Fwww.nativetreesociety.org%2Ffieldtrips%2Fsouth_carolina%2Flittle_pinnacle_mountain.htm","N"
"Mountain Silverbell","Halesia tetraptera var. monticola","South Carolina","Greenville","Little Pinnacle Mountain","","","11,300 acres encompassing Jones Gap State Park and Caesars Head","","281324","1","","","","Public - state","","Clinometer/laser rangefinder/sine","6.0'","72''","","","Jess Riddle","2002-05-29","http%3A%2F%2Fwww.nativetreesociety.org%2Ffieldtrips%2Fsouth_carolina%2Flittle_pinnacle_mountain.htm","N"
"Northern Red Oak","Quercus rubra","South Carolina","Greenville","Little Pinnacle Mountain","","","11,300 acres encompassing Jones Gap State Park and Caesars Head","","281320","1","","","","Public - state","","Clinometer/laser rangefinder/sine","7.7'","92''","","","Jess Riddle","2002-05-29","http%3A%2F%2Fwww.nativetreesociety.org%2Ffieldtrips%2Fsouth_carolina%2Flittle_pinnacle_mountain.htm","N"
"Northern Red Oak","Quercus rubra","South Carolina","Greenville","Little Pinnacle Mountain","","","11,300 acres encompassing Jones Gap State Park and Caesars Head","","281321","1","","","","Public - state","","Clinometer/laser rangefinder/sine","9.4'","113''","","","Jess Riddle","2002-05-29","http%3A%2F%2Fwww.nativetreesociety.org%2Ffieldtrips%2Fsouth_carolina%2Flittle_pinnacle_mountain.htm","N"
"Pignut Hickory","Carya glabra","South Carolina","Greenville","Little Pinnacle Mountain","","","11,300 acres encompassing Jones Gap State Park and Caesars Head","","281313","1","","","","Public - state","","Clinometer/laser rangefinder/sine","11.8'","142''","","","Jess Riddle","2002-05-29","http%3A%2F%2Fwww.nativetreesociety.org%2Ffieldtrips%2Fsouth_carolina%2Flittle_pinnacle_mountain.htm","N"
"Pignut Hickory","Carya glabra","South Carolina","Greenville","Little Pinnacle Mountain","","","11,300 acres encompassing Jones Gap State Park and Caesars Head","","281314","1","","","","Public - state","136.1'","Clinometer/laser rangefinder/sine","","","","","Jess Riddle","2002-05-29","http%3A%2F%2Fwww.nativetreesociety.org%2Ffieldtrips%2Fsouth_carolina%2Flittle_pinnacle_mountain.htm","N"
"Sand Hickory","Carya pallida","South Carolina","Greenville","Little Pinnacle Mountain","","","11,300 acres encompassing Jones Gap State Park and Caesars Head","","281312","1","","","","Public - state","","Clinometer/laser rangefinder/sine","6.3'","75''","","","Jess Riddle","2002-05-29","http%3A%2F%2Fwww.nativetreesociety.org%2Ffieldtrips%2Fsouth_carolina%2Flittle_pinnacle_mountain.htm","N"
"Sassafras","Sassafras albidum","South Carolina","Greenville","Little Pinnacle Mountain","","","11,300 acres encompassing Jones Gap State Park and Caesars Head","","281323","1","","","","Public - state","","Clinometer/laser rangefinder/sine","6.5'","78''","","","Jess Riddle","2002-05-29","http%3A%2F%2Fwww.nativetreesociety.org%2Ffieldtrips%2Fsouth_carolina%2Flittle_pinnacle_mountain.htm","N"
"Sassafras","Sassafras albidum","South Carolina","Greenville","Little Pinnacle Mountain","","","11,300 acres encompassing Jones Gap State Park and Caesars Head","","281322","1","","","","Public - state","74.6'","Clinometer/laser rangefinder/sine","5.8'","70''","","","Jess Riddle","2002-05-29","http%3A%2F%2Fwww.nativetreesociety.org%2Ffieldtrips%2Fsouth_carolina%2Flittle_pinnacle_mountain.htm","N"
"Striped Maple","Acer pensylvanicum","South Carolina","Greenville","Little Pinnacle Mountain","","","11,300 acres encompassing Jones Gap State Park and Caesars Head","","281318","1","","","","Public - state","","Clinometer/laser rangefinder/sine","2.1'","25''","","","Jess Riddle","2002-05-29","http%3A%2F%2Fwww.nativetreesociety.org%2Ffieldtrips%2Fsouth_carolina%2Flittle_pinnacle_mountain.htm","N"
"Tuliptree","Liriodendron tulipifera","South Carolina","Greenville","Little Pinnacle Mountain","","","11,300 acres encompassing Jones Gap State Park and Caesars Head","","281325","1","","","","Public - state","131.1'","Clinometer/laser rangefinder/sine","","","","","Jess Riddle","2002-05-29","http%3A%2F%2Fwww.nativetreesociety.org%2Ffieldtrips%2Fsouth_carolina%2Flittle_pinnacle_mountain.htm","N"
"White Ash","Fraxinus americana","South Carolina","Greenville","Little Pinnacle Mountain","","","11,300 acres encompassing Jones Gap State Park and Caesars Head","","281302","1","","","","Public - state","","Clinometer/laser rangefinder/sine","5.4'","65''","","","Jess Riddle","2002-05-29","http%3A%2F%2Fwww.nativetreesociety.org%2Ffieldtrips%2Fsouth_carolina%2Flittle_pinnacle_mountain.htm","N"
"White Fringetree","Chionanthus virginicus","South Carolina","Greenville","Little Pinnacle Mountain","","","11,300 acres encompassing Jones Gap State Park and Caesars Head","","281306","1","","","","Public - state","","Clinometer/laser rangefinder/sine","0.8'","10''","","","Jess Riddle","2002-05-29","http%3A%2F%2Fwww.nativetreesociety.org%2Ffieldtrips%2Fsouth_carolina%2Flittle_pinnacle_mountain.htm","N"
"Yellow Buckeye","Aesculus flava","South Carolina","Greenville","Little Pinnacle Mountain","","","11,300 acres encompassing Jones Gap State Park and Caesars Head","","281304","1","","","","Public - state","","Clinometer/laser rangefinder/sine","9.8'","118''","","","Jess Riddle","2002-05-29","http%3A%2F%2Fwww.nativetreesociety.org%2Ffieldtrips%2Fsouth_carolina%2Flittle_pinnacle_mountain.htm","N"
"Yellow Buckeye","Aesculus flava","South Carolina","Greenville","Little Pinnacle Mountain","","","11,300 acres encompassing Jones Gap State Park and Caesars Head","","281305","1","","","","Public - state","114.0'","Clinometer/laser rangefinder/sine","8.7'","104''","","","Jess Riddle","2002-05-29","http%3A%2F%2Fwww.nativetreesociety.org%2Ffieldtrips%2Fsouth_carolina%2Flittle_pinnacle_mountain.htm","N"
"American Chestnut","Castanea dentata","South Carolina","Greenville","Paris Mountain State Park","","","Trees were measured along the Brissy Mountain and Pepissiwa Trails.","","237783","1","","","","Public - state","","Clinometer/laser rangefinder/sine","12.4'","149''","","","Jess Riddle","2002-10-25","http%3A%2F%2Fwww.ents-bbs.org%2Fviewtopic.php%3Ff%3D122%26t%3D948","N"
"Black Oak","Quercus velutina","South Carolina","Greenville","Paris Mountain State Park","","","Trees were measured along the Brissy Mountain and Pepissiwa Trails.","","237786","1","","","","Public - state","","Clinometer/laser rangefinder/sine","9.6'","115''","","","Jess Riddle","2002-10-25","http%3A%2F%2Fwww.ents-bbs.org%2Fviewtopic.php%3Ff%3D122%26t%3D948","N"
"Black Oak","Quercus velutina","South Carolina","Greenville","Paris Mountain State Park","","","Trees were measured along the Brissy Mountain and Pepissiwa Trails.","","237790","1","","","","Public - state","","Clinometer/laser rangefinder/sine","9.8'","118''","","","Jess Riddle","2002-10-25","http%3A%2F%2Fwww.ents-bbs.org%2Fviewtopic.php%3Ff%3D122%26t%3D948","N"
"Blackgum","Nyssa sylvatica","South Carolina","Greenville","Paris Mountain State Park","","","Trees were measured along the Brissy Mountain and Pepissiwa Trails.","","237794","1","","","","Public - state","","Clinometer/laser rangefinder/sine","8.8'","106''","","","Jess Riddle","2002-10-25","http%3A%2F%2Fwww.ents-bbs.org%2Fviewtopic.php%3Ff%3D122%26t%3D948","N"
"Chestnut Oak","Quercus montana","South Carolina","Greenville","Paris Mountain State Park","34 56.594","-082 23.379","Trees were measured along the Brissy Mountain and Pepissiwa Trails.","","252626","1","34 56.594","-082 23.379","","Public - state","108.4'","Clinometer/laser rangefinder/sine","8.0'","96''","","","James Parton","2010-06-17","http%3A%2F%2Fwww.ents-bbs.org%2Fviewtopic.php%3Ff%3D122%26t%3D948","N"
"Hybrid Oak","Quercus x saulii","South Carolina","Greenville","Paris Mountain State Park","","","Trees were measured along the Brissy Mountain and Pepissiwa Trails.","","227145","1","","","","Public - state","104.8'","Clinometer/laser rangefinder/sine","7.6'","91''","","","Jess Riddle","2004-10-09","http%3A%2F%2Fwww.ents-bbs.org%2Fviewtopic.php%3Ff%3D122%26t%3D948","N"
"Hybrid Oak","Quercus x saulii","South Carolina","Greenville","Paris Mountain State Park","","","Trees were measured along the Brissy Mountain and Pepissiwa Trails.","","227146","1","","","","Public - state","107.5'","Clinometer/laser rangefinder/sine","","","","","Jess Riddle","2004-10-09","http%3A%2F%2Fwww.ents-bbs.org%2Fviewtopic.php%3Ff%3D122%26t%3D948","N"
"Northern Red Oak","Quercus rubra","South Carolina","Greenville","Paris Mountain State Park","","","Trees were measured along the Brissy Mountain and Pepissiwa Trails.","","237788","1","","","","Public - state","","Clinometer/laser rangefinder/sine","15.3'","183''","","","Jess Riddle","2002-10-25","http%3A%2F%2Fwww.ents-bbs.org%2Fviewtopic.php%3Ff%3D122%26t%3D948","N"
"Northern Red Oak","Quercus rubra","South Carolina","Greenville","Paris Mountain State Park","","","Trees were measured along the Brissy Mountain and Pepissiwa Trails.","","252634","1","","","","Public - state","","Clinometer/laser rangefinder/sine","8.8'","106''","","","James Parton","2010-06-17","http%3A%2F%2Fwww.ents-bbs.org%2Fviewtopic.php%3Ff%3D122%26t%3D948","N"
"Northern Red Oak","Quercus rubra","South Carolina","Greenville","Paris Mountain State Park","","","Trees were measured along the Brissy Mountain and Pepissiwa Trails.","","237787","1","","","","Public - state","105.6'","Clinometer/laser rangefinder/sine","8.3'","100''","","","Jess Riddle","2002-10-25","http%3A%2F%2Fwww.ents-bbs.org%2Fviewtopic.php%3Ff%3D122%26t%3D948","N"
"Northern Red Oak","Quercus rubra","South Carolina","Greenville","Paris Mountain State Park","","","Trees were measured along the Brissy Mountain and Pepissiwa Trails.","","237789","1","","","","Public - state","112.3'","Clinometer/laser rangefinder/sine","9.6'","115''","","","Jess Riddle","2002-10-25","http%3A%2F%2Fwww.ents-bbs.org%2Fviewtopic.php%3Ff%3D122%26t%3D948","N"
"Northern Red Oak","Quercus rubra","South Carolina","Greenville","Paris Mountain State Park","","","Trees were measured along the Brissy Mountain and Pepissiwa Trails.","","227141","1","","","","Public - state","124.1'","Clinometer/laser rangefinder/sine","7.9'","95''","","","Jess Riddle","2004-10-09","http%3A%2F%2Fwww.ents-bbs.org%2Fviewtopic.php%3Ff%3D122%26t%3D948","N"
"Northern Red Oak","Quercus rubra","South Carolina","Greenville","Paris Mountain State Park","","","Trees were measured along the Brissy Mountain and Pepissiwa Trails.","","227142","1","","","","Public - state","125.1'","Clinometer/laser rangefinder/sine","","","","","Jess Riddle","2004-10-09","http%3A%2F%2Fwww.ents-bbs.org%2Fviewtopic.php%3Ff%3D122%26t%3D948","N"
"Pignut Hickory","Carya glabra","South Carolina","Greenville","Paris Mountain State Park","","","Trees were measured along the Brissy Mountain and Pepissiwa Trails.","","237784","1","","","","Public - state","","Clinometer/laser rangefinder/sine","7.3'","88''","","","Jess Riddle","2002-10-25","http%3A%2F%2Fwww.ents-bbs.org%2Fviewtopic.php%3Ff%3D122%26t%3D948","N"
"Pitch Pine","Pinus rigida","South Carolina","Greenville","Paris Mountain State Park","","","Trees were measured along the Brissy Mountain and Pepissiwa Trails.","","252627","1","","","","Public - state","63.9'","Clinometer/laser rangefinder/sine","5.9'","71''","","","James Parton","2010-06-17","http%3A%2F%2Fwww.ents-bbs.org%2Fviewtopic.php%3Ff%3D122%26t%3D948","N"
"Post Oak","Quercus stellata","South Carolina","Greenville","Paris Mountain State Park","","","Trees were measured along the Brissy Mountain and Pepissiwa Trails.","","227143","1","","","","Public - state","89.0'","Clinometer/laser rangefinder/sine","6.2'","74''","","","Jess Riddle","2004-10-09","http%3A%2F%2Fwww.ents-bbs.org%2Fviewtopic.php%3Ff%3D122%26t%3D948","N"
"Post Oak","Quercus stellata","South Carolina","Greenville","Paris Mountain State Park","","","Trees were measured along the Brissy Mountain and Pepissiwa Trails.","","227144","1","","","","Public - state","98.6'","Clinometer/laser rangefinder/sine","8.2'","98''","","","Jess Riddle","2004-10-09","http%3A%2F%2Fwww.ents-bbs.org%2Fviewtopic.php%3Ff%3D122%26t%3D948","N"
"Red Maple","Acer rubrum","South Carolina","Greenville","Paris Mountain State Park","","","Trees were measured along the Brissy Mountain and Pepissiwa Trails.","","237785","1","","","","Public - state","102.3'","Clinometer/laser rangefinder/sine","5.3'","64''","","","Jess Riddle","2002-10-25","http%3A%2F%2Fwww.ents-bbs.org%2Fviewtopic.php%3Ff%3D122%26t%3D948","N"
"River Birch","Betula nigra","South Carolina","Greenville","Paris Mountain State Park","","","Trees were measured along the Brissy Mountain and Pepissiwa Trails.","","227139","1","","","","Public - state","80.0'","Clinometer/laser rangefinder/sine","5.0'","60''","","","Jess Riddle","2004-10-09","http%3A%2F%2Fwww.ents-bbs.org%2Fviewtopic.php%3Ff%3D122%26t%3D948","N"
"Sand Hickory","Carya pallida","South Carolina","Greenville","Paris Mountain State Park","","","Trees were measured along the Brissy Mountain and Pepissiwa Trails.","","227140","1","","","","Public - state","87.4'","Clinometer/laser rangefinder/sine","7.7'","92''","","","Jess Riddle","2004-10-09","http%3A%2F%2Fwww.ents-bbs.org%2Fviewtopic.php%3Ff%3D122%26t%3D948","N"
"Scarlet Oak","Quercus coccinea","South Carolina","Greenville","Paris Mountain State Park","","","Trees were measured along the Brissy Mountain and Pepissiwa Trails.","","227147","1","","","","Public - state","107.3'","Clinometer/laser rangefinder/sine","6.1'","73''","","","Jess Riddle","2004-10-09","http%3A%2F%2Fwww.ents-bbs.org%2Fviewtopic.php%3Ff%3D122%26t%3D948","N"
"Shortleaf Pine","Pinus echinata","South Carolina","Greenville","Paris Mountain State Park","","","Trees were measured along the Brissy Mountain and Pepissiwa Trails.","","252631","1","","","","Public - state","79.5'","Clinometer/laser rangefinder/sine","6.1'","73''","","","James Parton","2010-06-17","http%3A%2F%2Fwww.ents-bbs.org%2Fviewtopic.php%3Ff%3D122%26t%3D948","N"
"Shortleaf Pine","Pinus echinata","South Carolina","Greenville","Paris Mountain State Park","","","Trees were measured along the Brissy Mountain and Pepissiwa Trails.","","252636","1","","","","Public - state","95.1'","Clinometer/laser rangefinder/sine","","","","","James Parton","2010-06-17","http%3A%2F%2Fwww.ents-bbs.org%2Fviewtopic.php%3Ff%3D122%26t%3D948","N"
"Shortleaf Pine","Pinus echinata","South Carolina","Greenville","Paris Mountain State Park","","","Trees were measured along the Brissy Mountain and Pepissiwa Trails.","","252635","1","","","","Public - state","97.6'","Clinometer/laser rangefinder/sine","6.3'","76''","","","James Parton","2010-06-17","http%3A%2F%2Fwww.ents-bbs.org%2Fviewtopic.php%3Ff%3D122%26t%3D948","N"
"Shortleaf Pine","Pinus echinata","South Carolina","Greenville","Paris Mountain State Park","","","Trees were measured along the Brissy Mountain and Pepissiwa Trails.","","227149","1","","","","Public - state","104.8'","Clinometer/laser rangefinder/sine","4.4'","53''","","","Jess Riddle","2004-10-09","http%3A%2F%2Fwww.ents-bbs.org%2Fviewtopic.php%3Ff%3D122%26t%3D948","N"
"Shortleaf Pine","Pinus echinata","South Carolina","Greenville","Paris Mountain State Park","","","Trees were measured along the Brissy Mountain and Pepissiwa Trails.","","227150","1","","","","Public - state","121.0'","Clinometer/laser rangefinder/sine","8.5'","102''","","","Jess Riddle","2004-10-09","http%3A%2F%2Fwww.ents-bbs.org%2Fviewtopic.php%3Ff%3D122%26t%3D948","N"
"Southern Red Oak","Quercus falcata","South Carolina","Greenville","Paris Mountain State Park","","","Trees were measured along the Brissy Mountain and Pepissiwa Trails.","","227148","1","","","","Public - state","110.3'","Clinometer/laser rangefinder/sine","8.8'","105''","","","Jess Riddle","2004-10-09","http%3A%2F%2Fwww.ents-bbs.org%2Fviewtopic.php%3Ff%3D122%26t%3D948","N"
"Table Mountain Pine","Pinus pungens","South Carolina","Greenville","Paris Mountain State Park","","","Trees were measured along the Brissy Mountain and Pepissiwa Trails.","","237791","1","","","","Public - state","","Clinometer/laser rangefinder/sine","5.2'","62''","","","Jess Riddle","2002-10-25","http%3A%2F%2Fwww.ents-bbs.org%2Fviewtopic.php%3Ff%3D122%26t%3D948","N"
"Table Mountain Pine","Pinus pungens","South Carolina","Greenville","Paris Mountain State Park","","","Trees were measured along the Brissy Mountain and Pepissiwa Trails.","","237792","1","","","","Public - state","93.8'","Clinometer/laser rangefinder/sine","5.9'","71''","","","Jess Riddle","2002-10-25","http%3A%2F%2Fwww.ents-bbs.org%2Fviewtopic.php%3Ff%3D122%26t%3D948","N"
"Table Mountain Pine","Pinus pungens","South Carolina","Greenville","Paris Mountain State Park","","","Trees were measured along the Brissy Mountain and Pepissiwa Trails.","","237793","1","","","","Public - state","98.3'","Clinometer/laser rangefinder/sine","5.4'","65''","","","Jess Riddle","2002-10-25","http%3A%2F%2Fwww.ents-bbs.org%2Fviewtopic.php%3Ff%3D122%26t%3D948","N"
"Tuliptree","Liriodendron tulipifera","South Carolina","Greenville","Paris Mountain State Park","34 56.541","-082 23.350","Trees were measured along the Brissy Mountain and Pepissiwa Trails.","","252628","1","34 56.541","-082 23.350","","Public - state","101.7'","Clinometer/laser rangefinder/sine","11.9'","143''","","","James Parton","2010-06-17","http%3A%2F%2Fwww.ents-bbs.org%2Fviewtopic.php%3Ff%3D122%26t%3D948","N"
"Virginia Pine","Pinus virginiana","South Carolina","Greenville","Paris Mountain State Park","34 56.947","-082 23.114","Trees were measured along the Brissy Mountain and Pepissiwa Trails.","","252632","1","34 56.947","-082 23.114","","Public - state","68.9'","Clinometer/laser rangefinder/sine","7.2'","86''","","","James Parton","2010-06-17","http%3A%2F%2Fwww.ents-bbs.org%2Fviewtopic.php%3Ff%3D122%26t%3D948","N"
"Virginia Pine","Pinus virginiana","South Carolina","Greenville","Paris Mountain State Park","","","Trees were measured along the Brissy Mountain and Pepissiwa Trails.","","252629","1","","","","Public - state","70.0'","Clinometer/laser rangefinder/sine","5.2'","62''","","","James Parton","2010-06-17","http%3A%2F%2Fwww.ents-bbs.org%2Fviewtopic.php%3Ff%3D122%26t%3D948","N"
"Virginia Pine","Pinus virginiana","South Carolina","Greenville","Paris Mountain State Park","","","Trees were measured along the Brissy Mountain and Pepissiwa Trails.","","252630","1","","","","Public - state","84.7'","Clinometer/laser rangefinder/sine","5.8'","70''","","","James Parton","2010-06-17","http%3A%2F%2Fwww.ents-bbs.org%2Fviewtopic.php%3Ff%3D122%26t%3D948","N"
"Virginia Pine","Pinus virginiana","South Carolina","Greenville","Paris Mountain State Park","","","Trees were measured along the Brissy Mountain and Pepissiwa Trails.","","227151","1","","","","Public - state","120.7'","Clinometer/laser rangefinder/sine","5.2'","62''","","","Jess Riddle","2004-10-09","http%3A%2F%2Fwww.ents-bbs.org%2Fviewtopic.php%3Ff%3D122%26t%3D948","N"
"White Oak","Quercus alba","South Carolina","Greenville","Paris Mountain State Park","34 56.986","-082 23.465","Trees were measured along the Brissy Mountain and Pepissiwa Trails.","","252633","1","34 56.986","-082 23.465","","Public - state","98.0'","Clinometer/laser rangefinder/sine","8.3'","99''","","","James Parton","2010-06-17","http%3A%2F%2Fwww.ents-bbs.org%2Fviewtopic.php%3Ff%3D122%26t%3D948","N"
"Bald Cypress","Taxodium distichum","South Carolina","Hampton","Hamilton Ridge Wildlife Management Area","","","13000 acres","","252655","1","","","","Public - state","","Clinometer/laser rangefinder/sine","24.1'","289''","","","Jess Riddle","2014-06-17","http%3A%2F%2Fwww.ents-bbs.org%2Fviewtopic.php%3Ff%3D122%26t%3D6408","N"
"Eastern Swampprivet","Forestiera acuminata","South Carolina","Hampton","Hamilton Ridge Wildlife Management Area","","","13000 acres","","252654","1","","","","Public - state","42.0'","Clinometer/laser rangefinder/sine","2.7'","32''","","","Jess Riddle","2014-06-17","http%3A%2F%2Fwww.ents-bbs.org%2Fviewtopic.php%3Ff%3D122%26t%3D6408","N"
"Green Hawthorn","Crataegus viridis","South Carolina","Hampton","Hamilton Ridge Wildlife Management Area","","","13000 acres","","252653","1","","","","Public - state","65.6'","Clinometer/laser rangefinder/sine","3.3'","40''","","","Jess Riddle","2014-06-17","http%3A%2F%2Fwww.ents-bbs.org%2Fviewtopic.php%3Ff%3D122%26t%3D6408","N"
"River Birch","Betula nigra","South Carolina","Hampton","Hamilton Ridge Wildlife Management Area","","","13000 acres","","252651","1","","","","Public - state","78.0'","Clinometer/laser rangefinder/sine","6.3'","76''","","","Jess Riddle","2014-06-17","http%3A%2F%2Fwww.ents-bbs.org%2Fviewtopic.php%3Ff%3D122%26t%3D6408","N"
"River Birch","Betula nigra","South Carolina","Hampton","Hamilton Ridge Wildlife Management Area","","","13000 acres","","252650","1","","","","Public - state","89.7'","Clinometer/laser rangefinder/sine","8.0'","96''","","","Jess Riddle","2014-06-17","http%3A%2F%2Fwww.ents-bbs.org%2Fviewtopic.php%3Ff%3D122%26t%3D6408","N"
"Water Hickory","Carya aquatica","South Carolina","Hampton","Hamilton Ridge Wildlife Management Area","","","13000 acres","","252652","1","","","","Public - state","123.8'","Clinometer/laser rangefinder/sine","10.1'","121''","","","Jess Riddle","2014-06-17","http%3A%2F%2Fwww.ents-bbs.org%2Fviewtopic.php%3Ff%3D122%26t%3D6408","N"
"Cherrybark Oak","Quercus pagoda","South Carolina","Hampton","Webb Wildlife Management Area","","","5866 acres","","252675","1","","","","Public - state","111.5'","Clinometer/laser rangefinder/sine","9.3'","111''","","","Jess Riddle","2014-06-28","http%3A%2F%2Fwww.ents-bbs.org%2Fviewtopic.php%3Ff%3D122%26t%3D6427","N"
"Common Persimmon","Diospyros virginiana","South Carolina","Hampton","Webb Wildlife Management Area","","","5866 acres","","252663","1","","","","Public - state","110.9'","Clinometer/laser rangefinder/sine","4.2'","50''","","","Jess Riddle","2014-06-28","http%3A%2F%2Fwww.ents-bbs.org%2Fviewtopic.php%3Ff%3D122%26t%3D6427","N"
"Common Persimmon","Diospyros virginiana","South Carolina","Hampton","Webb Wildlife Management Area","","","5866 acres","","252662","1","","","","Public - state","113.5'","Clinometer/laser rangefinder/sine","4.3'","51''","","","Jess Riddle","2014-06-28","http%3A%2F%2Fwww.ents-bbs.org%2Fviewtopic.php%3Ff%3D122%26t%3D6427","N"
"Eastern Cottonwood","Populus deltoides","South Carolina","Hampton","Webb Wildlife Management Area","","","5866 acres","","252671","1","","","","Public - state","119.8'","Clinometer/laser rangefinder/sine","10.6'","127''","","","Jess Riddle","2014-06-28","http%3A%2F%2Fwww.ents-bbs.org%2Fviewtopic.php%3Ff%3D122%26t%3D6427","N"
"Eastern Cottonwood","Populus deltoides","South Carolina","Hampton","Webb Wildlife Management Area","","","5866 acres","","252670","1","","","","Public - state","120.9'","Clinometer/laser rangefinder/sine","10.7'","128''","","","Jess Riddle","2014-06-28","http%3A%2F%2Fwww.ents-bbs.org%2Fviewtopic.php%3Ff%3D122%26t%3D6427","N"
"Green Ash","Fraxinus pennsylvanica","South Carolina","Hampton","Webb Wildlife Management Area","","","5866 acres","","252664","1","","","","Public - state","120.8'","Clinometer/laser rangefinder/sine","7.2'","86''","","","Jess Riddle","2014-06-28","http%3A%2F%2Fwww.ents-bbs.org%2Fviewtopic.php%3Ff%3D122%26t%3D6427","N"
"Laurel Oak","Quercus laurifolia","South Carolina","Hampton","Webb Wildlife Management Area","","","5866 acres","","252672","1","","","","Public - state","128.2'","Clinometer/laser rangefinder/sine","12.8'","154''","","","Jess Riddle","2014-06-28","http%3A%2F%2Fwww.ents-bbs.org%2Fviewtopic.php%3Ff%3D122%26t%3D6427","N"
"Loblolly Pine","Pinus taeda","South Carolina","Hampton","Webb Wildlife Management Area","","","5866 acres","","252669","1","","","","Public - state","128.1'","Clinometer/laser rangefinder/sine","","","","","Jess Riddle","2014-06-28","http%3A%2F%2Fwww.ents-bbs.org%2Fviewtopic.php%3Ff%3D122%26t%3D6427","N"
"Overcup Oak","Quercus lyrata","South Carolina","Hampton","Webb Wildlife Management Area","","","5866 acres","","252674","1","","","","Public - state","113.7'","Clinometer/laser rangefinder/sine","9.2'","111''","","","Jess Riddle","2014-06-28","http%3A%2F%2Fwww.ents-bbs.org%2Fviewtopic.php%3Ff%3D122%26t%3D6427","N"
"Overcup Oak","Quercus lyrata","South Carolina","Hampton","Webb Wildlife Management Area","","","5866 acres","","252673","1","","","","Public - state","118.6'","Clinometer/laser rangefinder/sine","11.3'","136''","","","Jess Riddle","2014-06-28","http%3A%2F%2Fwww.ents-bbs.org%2Fviewtopic.php%3Ff%3D122%26t%3D6427","N"
"Red Maple","Acer rubrum var. trilobum","South Carolina","Hampton","Webb Wildlife Management Area","","","5866 acres","","252661","1","","","","Public - state","106.9'","Clinometer/laser rangefinder/sine","7.2'","86''","","","Jess Riddle","2014-06-28","http%3A%2F%2Fwww.ents-bbs.org%2Fviewtopic.php%3Ff%3D122%26t%3D6427","N"
"Spruce Pine","Pinus glabra","South Carolina","Hampton","Webb Wildlife Management Area","","","5866 acres","","252668","1","","","","Public - state","113.8'","Clinometer/laser rangefinder/sine","6.1'","74''","","","Jess Riddle","2014-06-28","http%3A%2F%2Fwww.ents-bbs.org%2Fviewtopic.php%3Ff%3D122%26t%3D6427","N"
"Spruce Pine","Pinus glabra","South Carolina","Hampton","Webb Wildlife Management Area","","","5866 acres","","252667","1","","","","Public - state","114.4'","Clinometer/laser rangefinder/sine","8.3'","100''","","","Jess Riddle","2014-06-28","http%3A%2F%2Fwww.ents-bbs.org%2Fviewtopic.php%3Ff%3D122%26t%3D6427","N"
"Spruce Pine","Pinus glabra","South Carolina","Hampton","Webb Wildlife Management Area","","","5866 acres","","252666","1","","","","Public - state","118.1'","Clinometer/laser rangefinder/sine","10.0'","120''","","","Jess Riddle","2014-06-28","http%3A%2F%2Fwww.ents-bbs.org%2Fviewtopic.php%3Ff%3D122%26t%3D6427","N"
"Water Locust","Gleditsia aquatica","South Carolina","Hampton","Webb Wildlife Management Area","","","5866 acres","","252665","1","","","","Public - state","85.9'","Clinometer/laser rangefinder/sine","5.8'","69''","","","Jess Riddle","2014-06-28","http%3A%2F%2Fwww.ents-bbs.org%2Fviewtopic.php%3Ff%3D122%26t%3D6427","N"
"American Sycamore","Platanus occidentalis","South Carolina","Hampton","William Webb Wildlife Center","","","5,866 Acres","","236774","1","","","","Public - state","130.0'","Clinometer/laser rangefinder/sine","9.6'","115''","","","Jess Riddle","2006-01-23","http%3A%2F%2Fwww.nativetreesociety.org%2Ffieldtrips%2Fsouth_carolina%2Fwebb%2Fwebb_wildlife_center.htm","N"
"Bald Cypress","Taxodium distichum","South Carolina","Hampton","William Webb Wildlife Center","","","5,866 Acres","","236754","1","","","","Public - state","104.6'","Clinometer/laser rangefinder/sine","25.9'","311''","","","Jess Riddle","2006-01-23","http%3A%2F%2Fwww.nativetreesociety.org%2Ffieldtrips%2Fsouth_carolina%2Fwebb%2Fwebb_wildlife_center.htm","N"
"Common Sweetleaf","Symplocos tinctoria","South Carolina","Hampton","William Webb Wildlife Center","","","5,866 Acres","","236772","1","","","","Public - state","47.2'","Clinometer/laser rangefinder/sine","2.3'","28''","24.0'","Crown spread is maximum, minimum is 16.5'","Jess Riddle","2006-01-23","http%3A%2F%2Fwww.nativetreesociety.org%2Ffieldtrips%2Fsouth_carolina%2Fwebb%2Fwebb_wildlife_center.htm","N"
"Common Sweetleaf","Symplocos tinctoria","South Carolina","Hampton","William Webb Wildlife Center","","","5,866 Acres","","236773","1","","","","Public - state","47.6'","Clinometer/laser rangefinder/sine","2.4'","29''","26.0'","Crown spread is maximum, minimum is 14'","Jess Riddle","2006-01-23","http%3A%2F%2Fwww.nativetreesociety.org%2Ffieldtrips%2Fsouth_carolina%2Fwebb%2Fwebb_wildlife_center.htm","N"
"Green Hawthorn","Crataegus viridis","South Carolina","Hampton","William Webb Wildlife Center","","","5,866 Acres","","236757","1","","","","Public - state","","Clinometer/laser rangefinder/sine","2.9'","35''","","","Jess Riddle","2006-01-23","http%3A%2F%2Fwww.nativetreesociety.org%2Ffieldtrips%2Fsouth_carolina%2Fwebb%2Fwebb_wildlife_center.htm","N"
"Green Hawthorn","Crataegus viridis","South Carolina","Hampton","William Webb Wildlife Center","","","5,866 Acres","","236758","1","","","","Public - state","39.7'","Clinometer/laser rangefinder/sine","2.9'","35''","28.0'","Crown spread is maximum, minimum is 27'","Jess Riddle","2006-01-23","http%3A%2F%2Fwww.nativetreesociety.org%2Ffieldtrips%2Fsouth_carolina%2Fwebb%2Fwebb_wildlife_center.htm","N"
"Green Hawthorn","Crataegus viridis","South Carolina","Hampton","William Webb Wildlife Center","","","5,866 Acres","","236759","1","","","","Public - state","42.4'","Clinometer/laser rangefinder/sine","3.6'","43''","","","Jess Riddle","2006-01-23","http%3A%2F%2Fwww.nativetreesociety.org%2Ffieldtrips%2Fsouth_carolina%2Fwebb%2Fwebb_wildlife_center.htm","N"
"Green Hawthorn","Crataegus viridis","South Carolina","Hampton","William Webb Wildlife Center","","","5,866 Acres","","236760","1","","","","Public - state","43.4'","Clinometer/laser rangefinder/sine","3.3'","39''","","","Jess Riddle","2006-01-23","http%3A%2F%2Fwww.nativetreesociety.org%2Ffieldtrips%2Fsouth_carolina%2Fwebb%2Fwebb_wildlife_center.htm","N"
"Laurel Oak","Quercus laurifolia","South Carolina","Hampton","William Webb Wildlife Center","","","5,866 Acres","","236765","1","","","","Public - state","90.1'","Clinometer/laser rangefinder/sine","15.3'","183''","","","Jess Riddle","2006-01-23","http%3A%2F%2Fwww.nativetreesociety.org%2Ffieldtrips%2Fsouth_carolina%2Fwebb%2Fwebb_wildlife_center.htm","N"
"Laurel Oak","Quercus laurifolia","South Carolina","Hampton","William Webb Wildlife Center","","","5,866 Acres","","236766","1","","","","Public - state","115.7'","Clinometer/laser rangefinder/sine","17.9'","215''","","","Jess Riddle","2006-01-23","http%3A%2F%2Fwww.nativetreesociety.org%2Ffieldtrips%2Fsouth_carolina%2Fwebb%2Fwebb_wildlife_center.htm","N"
"Overcup Oak","Quercus lyrata","South Carolina","Hampton","William Webb Wildlife Center","","","5,866 Acres","","236762","1","","","","Public - state","93.9'","Clinometer/laser rangefinder/sine","14.1'","169''","","","Jess Riddle","2006-01-23","http%3A%2F%2Fwww.nativetreesociety.org%2Ffieldtrips%2Fsouth_carolina%2Fwebb%2Fwebb_wildlife_center.htm","N"
"Overcup Oak","Quercus lyrata","South Carolina","Hampton","William Webb Wildlife Center","","","5,866 Acres","","236763","1","","","","Public - state","114.3'","Clinometer/laser rangefinder/sine","8.9'","107''","","","Jess Riddle","2006-01-23","http%3A%2F%2Fwww.nativetreesociety.org%2Ffieldtrips%2Fsouth_carolina%2Fwebb%2Fwebb_wildlife_center.htm","N"
"Planertree","Planera aquatica","South Carolina","Hampton","William Webb Wildlife Center","","","5,866 Acres","","236764","1","","","","Public - state","58.4'","Clinometer/laser rangefinder/sine","8.5'","102''","41.0'","Crown spread is maximum, minimum is 40'","Jess Riddle","2006-01-23","http%3A%2F%2Fwww.nativetreesociety.org%2Ffieldtrips%2Fsouth_carolina%2Fwebb%2Fwebb_wildlife_center.htm","N"
"Possumhaw","Viburnum nudum","South Carolina","Hampton","William Webb Wildlife Center","","","5,866 Acres","","236769","1","","","","Public - state","43.0'","Clinometer/laser rangefinder/sine","1.6'","19''","","","Jess Riddle","2006-01-23","http%3A%2F%2Fwww.nativetreesociety.org%2Ffieldtrips%2Fsouth_carolina%2Fwebb%2Fwebb_wildlife_center.htm","N"
"Possumhaw","Viburnum nudum","South Carolina","Hampton","William Webb Wildlife Center","","","5,866 Acres","","236770","1","","","","Public - state","44.1'","Clinometer/laser rangefinder/sine","1.9'","23''","","","Jess Riddle","2006-01-23","http%3A%2F%2Fwww.nativetreesociety.org%2Ffieldtrips%2Fsouth_carolina%2Fwebb%2Fwebb_wildlife_center.htm","N"
"Spruce Pine","Pinus glabra","South Carolina","Hampton","William Webb Wildlife Center","","","5,866 Acres","","236767","1","","","","Public - state","104.8'","Clinometer/laser rangefinder/sine","9.6'","115''","","","Jess Riddle","2006-01-23","http%3A%2F%2Fwww.nativetreesociety.org%2Ffieldtrips%2Fsouth_carolina%2Fwebb%2Fwebb_wildlife_center.htm","N"
"Spruce Pine","Pinus glabra","South Carolina","Hampton","William Webb Wildlife Center","","","5,866 Acres","","236768","1","","","","Public - state","112.2'","Clinometer/laser rangefinder/sine","7.3'","87''","","","Jess Riddle","2006-01-23","http%3A%2F%2Fwww.nativetreesociety.org%2Ffieldtrips%2Fsouth_carolina%2Fwebb%2Fwebb_wildlife_center.htm","N"
"Stiff Dogwood","Cornus foemina","South Carolina","Hampton","William Webb Wildlife Center","","","5,866 Acres","","236756","1","","","","Public - state","25.1'","Clinometer/laser rangefinder/sine","0.9'","11''","20.5'","Crown spread is maximum, minimum is 13'","Jess Riddle","2006-01-23","http%3A%2F%2Fwww.nativetreesociety.org%2Ffieldtrips%2Fsouth_carolina%2Fwebb%2Fwebb_wildlife_center.htm","N"
"Swamp Cottonwood","Populus heterophylla","South Carolina","Hampton","William Webb Wildlife Center","","","5,866 Acres","","236755","1","","","","Public - state","110.0'","Clinometer/laser rangefinder/sine","8.6'","103''","","","Jess Riddle","2006-01-23","http%3A%2F%2Fwww.nativetreesociety.org%2Ffieldtrips%2Fsouth_carolina%2Fwebb%2Fwebb_wildlife_center.htm","N"
"Sweetgum","Liquidambar styraciflua","South Carolina","Hampton","William Webb Wildlife Center","","","5,866 Acres","","236771","1","","","","Public - state","121.9'","Clinometer/laser rangefinder/sine","5.9'","71''","","","Jess Riddle","2006-01-23","http%3A%2F%2Fwww.nativetreesociety.org%2Ffieldtrips%2Fsouth_carolina%2Fwebb%2Fwebb_wildlife_center.htm","N"
"Water Hickory","Carya aquatica","South Carolina","Hampton","William Webb Wildlife Center","","","5,866 Acres","","236761","1","","","","Public - state","112.7'","Clinometer/laser rangefinder/sine","11.4'","137''","","","Jess Riddle","2006-01-23","http%3A%2F%2Fwww.nativetreesociety.org%2Ffieldtrips%2Fsouth_carolina%2Fwebb%2Fwebb_wildlife_center.htm","N"
"Water Locust","Gleditsia aquatica","South Carolina","Hampton","William Webb Wildlife Center","","","5,866 Acres","","236775","1","","","","Public - state","64.4'","Clinometer/laser rangefinder/sine","7.4'","89''","","","Jess Riddle","2006-01-23","http%3A%2F%2Fwww.nativetreesociety.org%2Ffieldtrips%2Fsouth_carolina%2Fwebb%2Fwebb_wildlife_center.htm","N"
"Water Locust","Gleditsia aquatica","South Carolina","Hampton","William Webb Wildlife Center","","","5,866 Acres","","236776","1","","","","Public - state","75.5'","Clinometer/laser rangefinder/sine","6.2'","74''","","","Jess Riddle","2006-01-23","http%3A%2F%2Fwww.nativetreesociety.org%2Ffieldtrips%2Fsouth_carolina%2Fwebb%2Fwebb_wildlife_center.htm","N"
"Black Locust","Robinia pseudoacacia","South Carolina","Oconee","Alexander Creek","","","","","238206","1","","","","Public - federal","117.0'","Clinometer/laser rangefinder/sine","6.5'","78''","","","Jess Riddle","2003-11-18","http%3A%2F%2Fwww.nativetreesociety.org%2Ffieldtrips%2Fsouth_carolina%2Falexander_creek.htm","N"
"Black Locust","Robinia pseudoacacia","South Carolina","Oconee","Alexander Creek","","","","","238207","1","","","","Public - federal","131.5'","Clinometer/laser rangefinder/sine","6.5'","78''","","","Jess Riddle","2003-11-18","http%3A%2F%2Fwww.nativetreesociety.org%2Ffieldtrips%2Fsouth_carolina%2Falexander_creek.htm","N"
"Black Oak","Quercus velutina","South Carolina","Oconee","Alexander Creek","","","","","238210","1","","","","Public - federal","127.8'","Clinometer/laser rangefinder/sine","7.8'","94''","","","Jess Riddle","2003-11-18","http%3A%2F%2Fwww.nativetreesociety.org%2Ffieldtrips%2Fsouth_carolina%2Falexander_creek.htm","N"
"Blackgum","Nyssa sylvatica","South Carolina","Oconee","Alexander Creek","","","","","238222","1","","","","Public - federal","103.0'","Clinometer/laser rangefinder/sine","6.7'","80''","","","Jess Riddle","2003-11-18","http%3A%2F%2Fwww.nativetreesociety.org%2Ffieldtrips%2Fsouth_carolina%2Falexander_creek.htm","N"
"Chestnut Oak","Quercus montana","South Carolina","Oconee","Alexander Creek","","","","","238211","1","","","","Public - federal","122.1'","Clinometer/laser rangefinder/sine","6.3'","76''","","","Jess Riddle","2003-11-18","http%3A%2F%2Fwww.nativetreesociety.org%2Ffieldtrips%2Fsouth_carolina%2Falexander_creek.htm","N"
"Chestnut Oak","Quercus montana","South Carolina","Oconee","Alexander Creek","","","","","238212","1","","","","Public - federal","122.2'","Clinometer/laser rangefinder/sine","8.1'","97''","","","Jess Riddle","2003-11-18","http%3A%2F%2Fwww.nativetreesociety.org%2Ffieldtrips%2Fsouth_carolina%2Falexander_creek.htm","N"
"Northern Red Oak","Quercus rubra","South Carolina","Oconee","Alexander Creek","","","","","238213","1","","","","Public - federal","127.2'","Clinometer/laser rangefinder/sine","10.3'","124''","","","Jess Riddle","2003-11-18","http%3A%2F%2Fwww.nativetreesociety.org%2Ffieldtrips%2Fsouth_carolina%2Falexander_creek.htm","N"
"Northern Red Oak","Quercus rubra","South Carolina","Oconee","Alexander Creek","","","","","238214","1","","","","Public - federal","134.1'","Clinometer/laser rangefinder/sine","9.5'","114''","","","Jess Riddle","2003-11-18","http%3A%2F%2Fwww.nativetreesociety.org%2Ffieldtrips%2Fsouth_carolina%2Falexander_creek.htm","N"
"Overcup Oak","Quercus lyrata","South Carolina","Oconee","Alexander Creek","","","","","238218","1","","","","Public - federal","107.2'","Clinometer/laser rangefinder/sine","9.0'","108''","","","Jess Riddle","2003-11-18","http%3A%2F%2Fwww.nativetreesociety.org%2Ffieldtrips%2Fsouth_carolina%2Falexander_creek.htm","N"
"Pignut Hickory","Carya glabra","South Carolina","Oconee","Alexander Creek","","","","","238200","1","","","","Public - federal","","Clinometer/laser rangefinder/sine","12.6'","151''","","","Jess Riddle","2003-11-18","http%3A%2F%2Fwww.nativetreesociety.org%2Ffieldtrips%2Fsouth_carolina%2Falexander_creek.htm","N"
"Pignut Hickory","Carya glabra","South Carolina","Oconee","Alexander Creek","","","","","238201","1","","","","Public - federal","133.8'","Clinometer/laser rangefinder/sine","11.3'","135''","","","Jess Riddle","2003-11-18","http%3A%2F%2Fwww.nativetreesociety.org%2Ffieldtrips%2Fsouth_carolina%2Falexander_creek.htm","N"
"Pignut Hickory","Carya glabra","South Carolina","Oconee","Alexander Creek","","","","","238202","1","","","","Public - federal","134.1'","Clinometer/laser rangefinder/sine","10.0'","120''","","","Jess Riddle","2003-11-18","http%3A%2F%2Fwww.nativetreesociety.org%2Ffieldtrips%2Fsouth_carolina%2Falexander_creek.htm","N"
"Pignut Hickory","Carya glabra","South Carolina","Oconee","Alexander Creek","","","","","238203","1","","","","Public - federal","135.3'","Clinometer/laser rangefinder/sine","11.4'","137''","","","Jess Riddle","2003-11-18","http%3A%2F%2Fwww.nativetreesociety.org%2Ffieldtrips%2Fsouth_carolina%2Falexander_creek.htm","N"
"Pignut Hickory","Carya glabra","South Carolina","Oconee","Alexander Creek","","","","","238204","1","","","","Public - federal","146.8'","Clinometer/laser rangefinder/sine","12.0'","144''","","","Jess Riddle","2003-11-18","http%3A%2F%2Fwww.nativetreesociety.org%2Ffieldtrips%2Fsouth_carolina%2Falexander_creek.htm","N"
"Pignut Hickory","Carya glabra","South Carolina","Oconee","Alexander Creek","","","","","238205","1","","","","Public - federal","149.4'","Clinometer/laser rangefinder/sine","10.8'","130''","","","Jess Riddle","2003-11-18","http%3A%2F%2Fwww.nativetreesociety.org%2Ffieldtrips%2Fsouth_carolina%2Falexander_creek.htm","N"
"Red Maple","Acer rubrum","South Carolina","Oconee","Alexander Creek","","","","","238208","1","","","","Public - federal","113.4'","Clinometer/laser rangefinder/sine","4.5'","54''","","","Jess Riddle","2003-11-18","http%3A%2F%2Fwww.nativetreesociety.org%2Ffieldtrips%2Fsouth_carolina%2Falexander_creek.htm","N"
"Red Maple","Acer rubrum","South Carolina","Oconee","Alexander Creek","","","","","238209","1","","","","Public - federal","114.0'","Clinometer/laser rangefinder/sine","5.7'","68''","","","Jess Riddle","2003-11-18","http%3A%2F%2Fwww.nativetreesociety.org%2Ffieldtrips%2Fsouth_carolina%2Falexander_creek.htm","N"
"Scarlet Oak","Quercus coccinea","South Carolina","Oconee","Alexander Creek","","","","","238215","1","","","","Public - federal","118.5'","Clinometer/laser rangefinder/sine","4.3'","52''","","","Jess Riddle","2003-11-18","http%3A%2F%2Fwww.nativetreesociety.org%2Ffieldtrips%2Fsouth_carolina%2Falexander_creek.htm","N"
"Scarlet Oak","Quercus coccinea","South Carolina","Oconee","Alexander Creek","","","","","238216","1","","","","Public - federal","118.9'","Clinometer/laser rangefinder/sine","4.8'","57''","","","Jess Riddle","2003-11-18","http%3A%2F%2Fwww.nativetreesociety.org%2Ffieldtrips%2Fsouth_carolina%2Falexander_creek.htm","N"
"Scarlet Oak","Quercus coccinea","South Carolina","Oconee","Alexander Creek","","","","","238217","1","","","","Public - federal","119.9'","Clinometer/laser rangefinder/sine","9.5'","114''","","","Jess Riddle","2003-11-18","http%3A%2F%2Fwww.nativetreesociety.org%2Ffieldtrips%2Fsouth_carolina%2Falexander_creek.htm","N"
"Sweetgum","Liquidambar styraciflua","South Carolina","Oconee","Alexander Creek","","","","","238221","1","","","","Public - federal","124.4'","Clinometer/laser rangefinder/sine","6.2'","74''","","","Jess Riddle","2003-11-18","http%3A%2F%2Fwww.nativetreesociety.org%2Ffieldtrips%2Fsouth_carolina%2Falexander_creek.htm","N"
"Virginia Pine","Pinus virginiana","South Carolina","Oconee","Alexander Creek","","","","","238220","1","","","","Public - federal","101.6'","Clinometer/laser rangefinder/sine","4.3'","52''","","","Jess Riddle","2003-11-18","http%3A%2F%2Fwww.nativetreesociety.org%2Ffieldtrips%2Fsouth_carolina%2Falexander_creek.htm","N"
"White Oak","Quercus alba","South Carolina","Oconee","Alexander Creek","","","","","238219","1","","","","Public - federal","128.8'","Clinometer/laser rangefinder/sine","6.6'","79''","","","Jess Riddle","2003-11-18","http%3A%2F%2Fwww.nativetreesociety.org%2Ffieldtrips%2Fsouth_carolina%2Falexander_creek.htm","N"
"American Beech","Fagus grandifolia","South Carolina","Oconee","Brasstown Creek","","","","","238162","1","","","","Public - federal","111.2'","Clinometer/laser rangefinder/sine","9.9'","119''","","Boatwright Creek","Jess Riddle","2003-11-02","http%3A%2F%2Fwww.ents-bbs.org%2Fviewtopic.php%3Ff%3D122%26t%3D6003","N"
"American Hornbeam","Carpinus caroliniana","South Carolina","Oconee","Brasstown Creek","","","","","238164","1","","","","Public - federal","55.8'","Clinometer/laser rangefinder/sine","4.3'","51''","","Boatwright Creek","Jess Riddle","2003-11-02","http%3A%2F%2Fwww.ents-bbs.org%2Fviewtopic.php%3Ff%3D122%26t%3D6003","N"
"American Hornbeam","Carpinus caroliniana","South Carolina","Oconee","Brasstown Creek","","","","","238165","1","","","","Public - federal","59.9'","Clinometer/laser rangefinder/sine","4.3'","51''","","Bostwright Creek","Jess Riddle","2003-11-02","http%3A%2F%2Fwww.ents-bbs.org%2Fviewtopic.php%3Ff%3D122%26t%3D6003","N"
"American Hornbeam","Carpinus caroliniana","South Carolina","Oconee","Brasstown Creek","","","","","252641","1","","","","Public - federal","64.7'","Clinometer/laser rangefinder/sine","3.2'","38''","","","Jess Riddle","2014-01-16","http%3A%2F%2Fwww.ents-bbs.org%2Fviewtopic.php%3Ff%3D122%26t%3D6003","N"
"Eastern Redbud","Cercis canadensis","South Carolina","Oconee","Brasstown Creek","","","","","238170","1","","","","Public - federal","54.5'","Clinometer/laser rangefinder/sine","1.5'","18''","","Brasstown Creek","Jess Riddle","2003-11-02","http%3A%2F%2Fwww.ents-bbs.org%2Fviewtopic.php%3Ff%3D122%26t%3D6003","N"
"Eastern Redbud","Cercis canadensis","South Carolina","Oconee","Brasstown Creek","","","","","238171","1","","","","Public - federal","66.2'","Clinometer/laser rangefinder/sine","2.2'","26''","","Boatwright Creek","Jess Riddle","2003-11-02","http%3A%2F%2Fwww.ents-bbs.org%2Fviewtopic.php%3Ff%3D122%26t%3D6003","N"
"Eastern White Pine","Pinus strobus","South Carolina","Oconee","Brasstown Creek","","","","","252642","1","","","","Public - federal","167.4'","Clinometer/laser rangefinder/sine","7.9'","95''","","","Jess Riddle","2014-01-16","http%3A%2F%2Fwww.ents-bbs.org%2Fviewtopic.php%3Ff%3D122%26t%3D6003","N"
"Hazel Alder","Alnus serrulata","South Carolina","Oconee","Brasstown Creek","","","","","252638","1","","","","Public - federal","29.3'","Clinometer/laser rangefinder/sine","1.1'","13''","","","Jess Riddle","2014-01-16","http%3A%2F%2Fwww.ents-bbs.org%2Fviewtopic.php%3Ff%3D122%26t%3D6003","N"
"Hazel Alder","Alnus serrulata","South Carolina","Oconee","Brasstown Creek","","","","","252637","1","","","","Public - federal","43.5'","Clinometer/laser rangefinder/sine","0.8'","10''","","","Jess Riddle","2014-01-16","http%3A%2F%2Fwww.ents-bbs.org%2Fviewtopic.php%3Ff%3D122%26t%3D6003","N"
"Hophornbeam","Ostrya virginiana","South Carolina","Oconee","Brasstown Creek","","","","","238163","1","","","","Public - federal","53.1'","Clinometer/laser rangefinder/sine","2.6'","31''","","Brasstown Creek","Jess Riddle","2003-11-02","http%3A%2F%2Fwww.ents-bbs.org%2Fviewtopic.php%3Ff%3D122%26t%3D6003","N"
"Oak","Quercus spp.","South Carolina","Oconee","Brasstown Creek","","","","","238168","1","","","","Public - federal","100.2'","Clinometer/laser rangefinder/sine","8.0'","96''","","Brasstown Creek","Jess Riddle","2003-11-02","http%3A%2F%2Fwww.ents-bbs.org%2Fviewtopic.php%3Ff%3D122%26t%3D6003","N"
"Pawpaw","Asimina triloba","South Carolina","Oconee","Brasstown Creek","","","","","252639","1","","","","Public - federal","58.5'","Clinometer/laser rangefinder/sine","1.6'","19''","","","Jess Riddle","2014-01-16","http%3A%2F%2Fwww.ents-bbs.org%2Fviewtopic.php%3Ff%3D122%26t%3D6003","N"
"River Birch","Betula nigra","South Carolina","Oconee","Brasstown Creek","","","","","252640","1","","","","Public - federal","83.3'","Clinometer/laser rangefinder/sine","2.9'","35''","","","Jess Riddle","2014-01-16","http%3A%2F%2Fwww.ents-bbs.org%2Fviewtopic.php%3Ff%3D122%26t%3D6003","N"
"Shortleaf Pine","Pinus echinata","South Carolina","Oconee","Brasstown Creek","","","","","238169","1","","","","Public - federal","134.8'","Clinometer/laser rangefinder/sine","6.8'","81''","","Boatwright Creek","Jess Riddle","2003-11-02","http%3A%2F%2Fwww.ents-bbs.org%2Fviewtopic.php%3Ff%3D122%26t%3D6003","N"
"Sweetgum","Liquidambar styraciflua","South Carolina","Oconee","Brasstown Creek","","","","","238172","1","","","","Public - federal","","Clinometer/laser rangefinder/sine","8.0'","96''","","Boatwright Creek","Jess Riddle","2003-11-02","http%3A%2F%2Fwww.ents-bbs.org%2Fviewtopic.php%3Ff%3D122%26t%3D6003","N"
"Sweetgum","Liquidambar styraciflua","South Carolina","Oconee","Brasstown Creek","","","","","238173","1","","","","Public - federal","135.0'","Clinometer/laser rangefinder/sine","6.4'","77''","","Brasstown Creek","Jess Riddle","2003-11-02","http%3A%2F%2Fwww.ents-bbs.org%2Fviewtopic.php%3Ff%3D122%26t%3D6003","N"
"White Ash","Fraxinus americana","South Carolina","Oconee","Brasstown Creek","","","","","238161","1","","","","Public - federal","","Clinometer/laser rangefinder/sine","6.9'","83''","","Brasstown Creek","Jess Riddle","2003-11-02","http%3A%2F%2Fwww.ents-bbs.org%2Fviewtopic.php%3Ff%3D122%26t%3D6003","N"
"White Oak","Quercus alba","South Carolina","Oconee","Brasstown Creek","","","","","238166","1","","","","Public - federal","","Clinometer/laser rangefinder/sine","9.3'","111''","","Brasstown Creek","Jess Riddle","2003-11-02","http%3A%2F%2Fwww.ents-bbs.org%2Fviewtopic.php%3Ff%3D122%26t%3D6003","N"
"White Oak","Quercus alba","South Carolina","Oconee","Brasstown Creek","","","","","238167","1","","","","Public - federal","","Clinometer/laser rangefinder/sine","9.0'","108''","","Brasstown Creek","Jess Riddle","2003-11-02","http%3A%2F%2Fwww.ents-bbs.org%2Fviewtopic.php%3Ff%3D122%26t%3D6003","N"
"White Oak","Quercus alba","South Carolina","Oconee","Brasstown Creek","","","","","252643","1","","","","Public - federal","121.7'","Clinometer/laser rangefinder/sine","","","","","Jess Riddle","2014-01-16","http%3A%2F%2Fwww.ents-bbs.org%2Fviewtopic.php%3Ff%3D122%26t%3D6003","N"
"Eastern Hemlock","Tsuga canadensis","South Carolina","Oconee","Camp Branch","","","A tributary to Opossum Creek and then into the Chatooga River","","238105","1","","","","Public - federal","132.1'","Clinometer/laser rangefinder/sine","8.0'","96''","","","Jess Riddle","2005-01-02","http%3A%2F%2Fwww.nativetreesociety.org%2Ffieldtrips%2Fsouth_carolina%2Fcamp_branch.htm","N"
"Eastern Hemlock","Tsuga canadensis","South Carolina","Oconee","Camp Branch","","","A tributary to Opossum Creek and then into the Chatooga River","","238106","1","","","","Public - federal","136.3'","Clinometer/laser rangefinder/sine","","","","","Jess Riddle","2005-01-02","http%3A%2F%2Fwww.nativetreesociety.org%2Ffieldtrips%2Fsouth_carolina%2Fcamp_branch.htm","N"
"Eastern Hemlock","Tsuga canadensis","South Carolina","Oconee","Camp Branch","","","A tributary to Opossum Creek and then into the Chatooga River","","238107","1","","","","Public - federal","138.4'","Clinometer/laser rangefinder/sine","","","","","Jess Riddle","2005-01-02","http%3A%2F%2Fwww.nativetreesociety.org%2Ffieldtrips%2Fsouth_carolina%2Fcamp_branch.htm","N"
"Eastern White Pine","Pinus strobus","South Carolina","Oconee","Camp Branch","","","A tributary to Opossum Creek and then into the Chatooga River","","238117","1","","","","Public - federal","142.9'","Clinometer/laser rangefinder/sine","","","","","Jess Riddle","2005-01-02","http%3A%2F%2Fwww.nativetreesociety.org%2Ffieldtrips%2Fsouth_carolina%2Fcamp_branch.htm","N"
"Eastern White Pine","Pinus strobus","South Carolina","Oconee","Camp Branch","","","A tributary to Opossum Creek and then into the Chatooga River","","238118","1","","","","Public - federal","146.1'","Clinometer/laser rangefinder/sine","7.7'","92''","","","Jess Riddle","2005-01-02","http%3A%2F%2Fwww.nativetreesociety.org%2Ffieldtrips%2Fsouth_carolina%2Fcamp_branch.htm","N"
"Eastern White Pine","Pinus strobus","South Carolina","Oconee","Camp Branch","","","A tributary to Opossum Creek and then into the Chatooga River","","238119","1","","","","Public - federal","151.1'","Clinometer/laser rangefinder/sine","8.0'","96''","","","Jess Riddle","2005-01-02","http%3A%2F%2Fwww.nativetreesociety.org%2Ffieldtrips%2Fsouth_carolina%2Fcamp_branch.htm","N"
"Eastern White Pine","Pinus strobus","South Carolina","Oconee","Camp Branch","","","A tributary to Opossum Creek and then into the Chatooga River","","238120","1","","","","Public - federal","156.8'","Clinometer/laser rangefinder/sine","10.3'","124''","","","Jess Riddle","2005-01-02","http%3A%2F%2Fwww.nativetreesociety.org%2Ffieldtrips%2Fsouth_carolina%2Fcamp_branch.htm","N"
"Eastern White Pine","Pinus strobus","South Carolina","Oconee","Camp Branch","","","A tributary to Opossum Creek and then into the Chatooga River","","238121","1","","","","Public - federal","158.1'","Clinometer/laser rangefinder/sine","6.8'","81''","","","Jess Riddle","2005-01-02","http%3A%2F%2Fwww.nativetreesociety.org%2Ffieldtrips%2Fsouth_carolina%2Fcamp_branch.htm","N"
"Mockernut Hickory","Carya tomentosa","South Carolina","Oconee","Camp Branch","","","A tributary to Opossum Creek and then into the Chatooga River","","238108","1","","","","Public - federal","","Clinometer/laser rangefinder/sine","5.6'","67''","","","Jess Riddle","2005-01-02","http%3A%2F%2Fwww.nativetreesociety.org%2Ffieldtrips%2Fsouth_carolina%2Fcamp_branch.htm","N"
"Pignut Hickory","Carya glabra","South Carolina","Oconee","Camp Branch","","","A tributary to Opossum Creek and then into the Chatooga River","","238109","1","","","","Public - federal","141.6'","Clinometer/laser rangefinder/sine","5.5'","66''","","","Jess Riddle","2005-01-02","http%3A%2F%2Fwww.nativetreesociety.org%2Ffieldtrips%2Fsouth_carolina%2Fcamp_branch.htm","N"
"Pitch Pine","Pinus rigida","South Carolina","Oconee","Camp Branch","","","A tributary to Opossum Creek and then into the Chatooga River","","238113","1","","","","Public - federal","121.3'","Clinometer/laser rangefinder/sine","7.2'","86''","","","Jess Riddle","2005-01-02","http%3A%2F%2Fwww.nativetreesociety.org%2Ffieldtrips%2Fsouth_carolina%2Fcamp_branch.htm","N"
"Scarlet Oak","Quercus coccinea","South Carolina","Oconee","Camp Branch","","","A tributary to Opossum Creek and then into the Chatooga River","","238110","1","","","","Public - federal","111.9'","Clinometer/laser rangefinder/sine","7.8'","93''","","","Jess Riddle","2005-01-02","http%3A%2F%2Fwww.nativetreesociety.org%2Ffieldtrips%2Fsouth_carolina%2Fcamp_branch.htm","N"
"Shortleaf Pine","Pinus echinata","South Carolina","Oconee","Camp Branch","","","A tributary to Opossum Creek and then into the Chatooga River","","238115","1","","","","Public - federal","116.5'","Clinometer/laser rangefinder/sine","6.2'","74''","","Height is Not Less Than(NLT)","Jess Riddle","2005-01-02","http%3A%2F%2Fwww.nativetreesociety.org%2Ffieldtrips%2Fsouth_carolina%2Fcamp_branch.htm","N"
"Shortleaf Pine","Pinus echinata","South Carolina","Oconee","Camp Branch","","","A tributary to Opossum Creek and then into the Chatooga River","","238114","1","","","","Public - federal","118.0'","Clinometer/laser rangefinder/sine","","","","","Jess Riddle","2005-01-02","http%3A%2F%2Fwww.nativetreesociety.org%2Ffieldtrips%2Fsouth_carolina%2Fcamp_branch.htm","N"
"Shortleaf Pine","Pinus echinata","South Carolina","Oconee","Camp Branch","","","A tributary to Opossum Creek and then into the Chatooga River","","238116","1","","","","Public - federal","141.2'","Clinometer/laser rangefinder/sine","6.3'","76''","","","Jess Riddle","2005-01-02","http%3A%2F%2Fwww.nativetreesociety.org%2Ffieldtrips%2Fsouth_carolina%2Fcamp_branch.htm","N"
"Southern Red Oak","Quercus falcata","South Carolina","Oconee","Camp Branch","","","A tributary to Opossum Creek and then into the Chatooga River","","238111","1","","","","Public - federal","112.6'","Clinometer/laser rangefinder/sine","5.3'","64''","","","Jess Riddle","2005-01-02","http%3A%2F%2Fwww.nativetreesociety.org%2Ffieldtrips%2Fsouth_carolina%2Fcamp_branch.htm","N"
"Sweetgum","Liquidambar styraciflua","South Carolina","Oconee","Camp Branch","","","A tributary to Opossum Creek and then into the Chatooga River","","238122","1","","","","Public - federal","131.9'","Clinometer/laser rangefinder/sine","","","","Height is Not Less Than(NLT)","Jess Riddle","2005-01-02","http%3A%2F%2Fwww.nativetreesociety.org%2Ffieldtrips%2Fsouth_carolina%2Fcamp_branch.htm","N"
"Tuliptree","Liriodendron tulipifera","South Carolina","Oconee","Camp Branch","","","A tributary to Opossum Creek and then into the Chatooga River","","238123","1","","","","Public - federal","133.6'","Clinometer/laser rangefinder/sine","6.9'","83''","","","Jess Riddle","2005-01-02","http%3A%2F%2Fwww.nativetreesociety.org%2Ffieldtrips%2Fsouth_carolina%2Fcamp_branch.htm","N"
"Tuliptree","Liriodendron tulipifera","South Carolina","Oconee","Camp Branch","","","A tributary to Opossum Creek and then into the Chatooga River","","238124","1","","","","Public - federal","136.7'","Clinometer/laser rangefinder/sine","6.0'","72''","","Height is Not Less Than(NLT)","Jess Riddle","2005-01-02","http%3A%2F%2Fwww.nativetreesociety.org%2Ffieldtrips%2Fsouth_carolina%2Fcamp_branch.htm","N"
"White Oak","Quercus alba","South Carolina","Oconee","Camp Branch","","","A tributary to Opossum Creek and then into the Chatooga River","","238112","1","","","","Public - federal","128.6'","Clinometer/laser rangefinder/sine","6.0'","72''","","","Jess Riddle","2005-01-02","http%3A%2F%2Fwww.nativetreesociety.org%2Ffieldtrips%2Fsouth_carolina%2Fcamp_branch.htm","N"
"Black Oak","Quercus velutina","South Carolina","Oconee","Cane Creek, Issaqueena Falls","","","Trip report is titled Stumphouse Mountain.","","237707","1","","","","Public - federal","124.8'","Clinometer/laser rangefinder/sine","7.6'","91''","","","Jess Riddle","2004-03-31","http%3A%2F%2Fwww.nativetreesociety.org%2Ffieldtrips%2Fsouth_carolina%2Fstumphouse_mountain.htm","N"
"Black Oak","Quercus velutina","South Carolina","Oconee","Cane Creek, Issaqueena Falls","","","Trip report is titled Stumphouse Mountain.","","237708","1","","","","Public - federal","126.1'","Clinometer/laser rangefinder/sine","8.8'","106''","","","Jess Riddle","2004-03-31","http%3A%2F%2Fwww.nativetreesociety.org%2Ffieldtrips%2Fsouth_carolina%2Fstumphouse_mountain.htm","N"
"Chestnut Oak","Quercus montana","South Carolina","Oconee","Cane Creek, Issaqueena Falls","","","Trip report is titled Stumphouse Mountain.","","237709","1","","","","Public - federal","134.3'","Clinometer/laser rangefinder/sine","9.9'","119''","","","Jess Riddle","2004-03-31","http%3A%2F%2Fwww.nativetreesociety.org%2Ffieldtrips%2Fsouth_carolina%2Fstumphouse_mountain.htm","N"
"Northern Red Oak","Quercus rubra","South Carolina","Oconee","Cane Creek, Issaqueena Falls","","","Trip report is titled Stumphouse Mountain.","","237710","1","","","","Public - federal","128.4'","Clinometer/laser rangefinder/sine","9.2'","110''","","","Jess Riddle","2004-03-31","http%3A%2F%2Fwww.nativetreesociety.org%2Ffieldtrips%2Fsouth_carolina%2Fstumphouse_mountain.htm","N"
"Pignut Hickory","Carya glabra","South Carolina","Oconee","Cane Creek, Issaqueena Falls","","","Trip report is titled Stumphouse Mountain.","","237705","1","","","","Public - federal","124.9'","Clinometer/laser rangefinder/sine","","","","","Jess Riddle","2004-03-31","http%3A%2F%2Fwww.nativetreesociety.org%2Ffieldtrips%2Fsouth_carolina%2Fstumphouse_mountain.htm","N"
"Pignut Hickory","Carya glabra","South Carolina","Oconee","Cane Creek, Issaqueena Falls","","","Trip report is titled Stumphouse Mountain.","","237706","1","","","","Public - federal","142.5'","Clinometer/laser rangefinder/sine","9.3'","111''","","","Jess Riddle","2004-03-31","http%3A%2F%2Fwww.nativetreesociety.org%2Ffieldtrips%2Fsouth_carolina%2Fstumphouse_mountain.htm","N"
"Scarlet Oak","Quercus coccinea","South Carolina","Oconee","Cane Creek, Issaqueena Falls","","","Trip report is titled Stumphouse Mountain.","","237711","1","","","","Public - federal","","Clinometer/laser rangefinder/sine","10.2'","122''","","","Jess Riddle","2004-03-31","http%3A%2F%2Fwww.nativetreesociety.org%2Ffieldtrips%2Fsouth_carolina%2Fstumphouse_mountain.htm","N"
"Tuliptree","Liriodendron tulipifera","South Carolina","Oconee","Cane Creek, Issaqueena Falls","","","Trip report is titled Stumphouse Mountain.","","237712","1","","","","Public - federal","","Clinometer/laser rangefinder/sine","14.6'","175''","","","Jess Riddle","2004-03-31","http%3A%2F%2Fwww.nativetreesociety.org%2Ffieldtrips%2Fsouth_carolina%2Fstumphouse_mountain.htm","N"
"Tuliptree","Liriodendron tulipifera","South Carolina","Oconee","Cane Creek, Issaqueena Falls","","","Trip report is titled Stumphouse Mountain.","","237713","1","","","","Public - federal","139.9'","Clinometer/laser rangefinder/sine","","","","","Jess Riddle","2004-03-31","http%3A%2F%2Fwww.nativetreesociety.org%2Ffieldtrips%2Fsouth_carolina%2Fstumphouse_mountain.htm","N"
"Chalk Maple","Acer leucoderme","South Carolina","Oconee","Cedar Creek","","","","","238096","1","","","","Public - federal","42.0'","Clinometer/laser rangefinder/sine","2.3'","27''","","","Jess Riddle","2003-05-04","http%3A%2F%2Fwww.nativetreesociety.org%2Ffieldtrips%2Fsouth_carolina%2Fcedar_creek.htm","N"
"Scarlet Oak","Quercus coccinea","South Carolina","Oconee","Cedar Creek","","","","","238097","1","","","","Public - federal","113.8'","Clinometer/laser rangefinder/sine","","","","","Jess Riddle","2003-05-04","http%3A%2F%2Fwww.nativetreesociety.org%2Ffieldtrips%2Fsouth_carolina%2Fcedar_creek.htm","N"
"Scarlet Oak","Quercus coccinea","South Carolina","Oconee","Cedar Creek","","","","","238098","1","","","","Public - federal","115.2'","Clinometer/laser rangefinder/sine","7.4'","89''","","Height is Not Less Than(NLT)","Jess Riddle","2003-05-04","http%3A%2F%2Fwww.nativetreesociety.org%2Ffieldtrips%2Fsouth_carolina%2Fcedar_creek.htm","N"
"Scarlet Oak","Quercus coccinea","South Carolina","Oconee","Cedar Creek","","","","","238099","1","","","","Public - federal","123.8'","Clinometer/laser rangefinder/sine","6.3'","75''","","","Jess Riddle","2003-05-04","http%3A%2F%2Fwww.nativetreesociety.org%2Ffieldtrips%2Fsouth_carolina%2Fcedar_creek.htm","N"
"Shortleaf Pine","Pinus echinata","South Carolina","Oconee","Cedar Creek","","","","","238100","1","","","","Public - federal","112.2'","Clinometer/laser rangefinder/sine","7.0'","84''","","","Jess Riddle","2003-05-04","http%3A%2F%2Fwww.nativetreesociety.org%2Ffieldtrips%2Fsouth_carolina%2Fcedar_creek.htm","N"
"Shortleaf Pine","Pinus echinata","South Carolina","Oconee","Cedar Creek","","","","","238101","1","","","","Public - federal","117.9'","Clinometer/laser rangefinder/sine","6.0'","72''","","","Jess Riddle","2003-05-04","http%3A%2F%2Fwww.nativetreesociety.org%2Ffieldtrips%2Fsouth_carolina%2Fcedar_creek.htm","N"
"Eastern Hemlock","Tsuga canadensis","South Carolina","Oconee","Chattooga River","","","","","173781","1","","","","Public","122.8'","Clinometer/laser rangefinder/sine","","","","","Brian Beduhn","2013-03-09","http%3A%2F%2Fwww.ents-bbs.org%2Fviewtopic.php%3Ff%3D122%26t%3D5142","N"
"Eastern Hemlock","Tsuga canadensis","South Carolina","Oconee","Chattooga River","","","","","173782","1","","","","Public","133.0'","Clinometer/laser rangefinder/sine","","","","","Brian Beduhn","2013-03-09","http%3A%2F%2Fwww.ents-bbs.org%2Fviewtopic.php%3Ff%3D122%26t%3D5142","N"
"Eastern White Pine","Pinus strobus","South Carolina","Oconee","Chattooga River","","","","","173762","1","","","","Public","136.6'","Clinometer/laser rangefinder/sine","","","","","Brian Beduhn","2013-03-09","http%3A%2F%2Fwww.ents-bbs.org%2Fviewtopic.php%3Ff%3D122%26t%3D5142","N"
"Eastern White Pine","Pinus strobus","South Carolina","Oconee","Chattooga River","","","","","173763","1","","","","Public","137.8'","Clinometer/laser rangefinder/sine","","","","","Brian Beduhn","2013-03-09","http%3A%2F%2Fwww.ents-bbs.org%2Fviewtopic.php%3Ff%3D122%26t%3D5142","N"
"Eastern White Pine","Pinus strobus","South Carolina","Oconee","Chattooga River","","","","","173764","1","","","","Public","139.8'","Clinometer/laser rangefinder/sine","","","","","Brian Beduhn","2013-03-09","http%3A%2F%2Fwww.ents-bbs.org%2Fviewtopic.php%3Ff%3D122%26t%3D5142","N"
"Eastern White Pine","Pinus strobus","South Carolina","Oconee","Chattooga River","","","","","173765","1","","","","Public","140.8'","Clinometer/laser rangefinder/sine","","","","","Brian Beduhn","2013-03-09","http%3A%2F%2Fwww.ents-bbs.org%2Fviewtopic.php%3Ff%3D122%26t%3D5142","N"
"Eastern White Pine","Pinus strobus","South Carolina","Oconee","Chattooga River","","","","","173766","1","","","","Public","145.2'","Clinometer/laser rangefinder/sine","","","","","Brian Beduhn","2013-03-09","http%3A%2F%2Fwww.ents-bbs.org%2Fviewtopic.php%3Ff%3D122%26t%3D5142","N"
"Eastern White Pine","Pinus strobus","South Carolina","Oconee","Chattooga River","","","","","173767","1","","","","Public","145.5'","Clinometer/laser rangefinder/sine","","","","","Brian Beduhn","2013-03-09","http%3A%2F%2Fwww.ents-bbs.org%2Fviewtopic.php%3Ff%3D122%26t%3D5142","N"
"Eastern White Pine","Pinus strobus","South Carolina","Oconee","Chattooga River","","","","","173769","1","","","","Public","146.2'","Clinometer/laser rangefinder/sine","","","","","Brian Beduhn","2013-03-09","http%3A%2F%2Fwww.ents-bbs.org%2Fviewtopic.php%3Ff%3D122%26t%3D5142","N"
"Eastern White Pine","Pinus strobus","South Carolina","Oconee","Chattooga River","","","","","173768","1","","","","Public","147.3'","Clinometer/laser rangefinder/sine","","","","","Brian Beduhn","2013-03-09","http%3A%2F%2Fwww.ents-bbs.org%2Fviewtopic.php%3Ff%3D122%26t%3D5142","N"
"Eastern White Pine","Pinus strobus","South Carolina","Oconee","Chattooga River","","","","","173770","1","","","","Public","147.4'","Clinometer/laser rangefinder/sine","","","","","Brian Beduhn","2013-03-09","http%3A%2F%2Fwww.ents-bbs.org%2Fviewtopic.php%3Ff%3D122%26t%3D5142","N"
"Eastern White Pine","Pinus strobus","South Carolina","Oconee","Chattooga River","","","","","173771","1","","","","Public","151.9'","Clinometer/laser rangefinder/sine","","","","","Brian Beduhn","2013-03-09","http%3A%2F%2Fwww.ents-bbs.org%2Fviewtopic.php%3Ff%3D122%26t%3D5142","N"
"Eastern White Pine","Pinus strobus","South Carolina","Oconee","Chattooga River","","","","","173773","1","","","","Public","152.8'","Clinometer/laser rangefinder/sine","","","","","Brian Beduhn","2013-03-09","http%3A%2F%2Fwww.ents-bbs.org%2Fviewtopic.php%3Ff%3D122%26t%3D5142","N"
"Eastern White Pine","Pinus strobus","South Carolina","Oconee","Chattooga River","","","","","173777","1","","","","Public","153.1'","Clinometer/laser rangefinder/sine","","","","in Georgia","Brian Beduhn","2013-03-09","http%3A%2F%2Fwww.ents-bbs.org%2Fviewtopic.php%3Ff%3D122%26t%3D5142","N"
"Eastern White Pine","Pinus strobus","South Carolina","Oconee","Chattooga River","","","","","173772","1","","","","Public","153.7'","Clinometer/laser rangefinder/sine","","","","","Brian Beduhn","2013-03-09","http%3A%2F%2Fwww.ents-bbs.org%2Fviewtopic.php%3Ff%3D122%26t%3D5142","N"
"Eastern White Pine","Pinus strobus","South Carolina","Oconee","Chattooga River","","","","","173774","1","","","","Public","154.1'","Clinometer/laser rangefinder/sine","","","","","Brian Beduhn","2013-03-09","http%3A%2F%2Fwww.ents-bbs.org%2Fviewtopic.php%3Ff%3D122%26t%3D5142","N"
"Eastern White Pine","Pinus strobus","South Carolina","Oconee","Chattooga River","","","","","173775","1","","","","Public","154.1'","Clinometer/laser rangefinder/sine","","","","","Brian Beduhn","2013-03-09","http%3A%2F%2Fwww.ents-bbs.org%2Fviewtopic.php%3Ff%3D122%26t%3D5142","N"
"Eastern White Pine","Pinus strobus","South Carolina","Oconee","Chattooga River","","","","","173776","1","","","","Public","161.0'","Clinometer/laser rangefinder/sine","","","","","Brian Beduhn","2013-03-09","http%3A%2F%2Fwww.ents-bbs.org%2Fviewtopic.php%3Ff%3D122%26t%3D5142","N"
"Eastern White Pine","Pinus strobus","South Carolina","Oconee","Chattooga River","","","","","173778","1","","","","Public","165.9'","Clinometer/laser rangefinder/sine","","","","in Georgia","Brian Beduhn","2013-03-09","http%3A%2F%2Fwww.ents-bbs.org%2Fviewtopic.php%3Ff%3D122%26t%3D5142","N"
"Mountain Magnolia","Magnolia fraseri","South Carolina","Oconee","Chattooga River","","","","","173785","1","","","","Public","89.0'","Clinometer/laser rangefinder/sine","","","","","Brian Beduhn","2013-03-09","http%3A%2F%2Fwww.ents-bbs.org%2Fviewtopic.php%3Ff%3D122%26t%3D5142","N"
"Northern Red Oak","Quercus rubra","South Carolina","Oconee","Chattooga River","","","","","173783","1","","","","Public","127.2'","Clinometer/laser rangefinder/sine","","","","","Brian Beduhn","2013-03-09","http%3A%2F%2Fwww.ents-bbs.org%2Fviewtopic.php%3Ff%3D122%26t%3D5142","N"
"Pitch Pine","Pinus rigida","South Carolina","Oconee","Chattooga River","","","","","173743","1","","","","Public","111.7'","Clinometer/laser rangefinder/sine","","","","","Brian Beduhn","2013-03-09","http%3A%2F%2Fwww.ents-bbs.org%2Fviewtopic.php%3Ff%3D122%26t%3D5142","N"
"Pitch Pine","Pinus rigida","South Carolina","Oconee","Chattooga River","","","","","173744","1","","","","Public","115.1'","Clinometer/laser rangefinder/sine","","","","","Brian Beduhn","2013-03-09","http%3A%2F%2Fwww.ents-bbs.org%2Fviewtopic.php%3Ff%3D122%26t%3D5142","N"
"Pitch Pine","Pinus rigida","South Carolina","Oconee","Chattooga River","","","","","173745","1","","","","Public","115.3'","Clinometer/laser rangefinder/sine","","","","","Brian Beduhn","2013-03-09","http%3A%2F%2Fwww.ents-bbs.org%2Fviewtopic.php%3Ff%3D122%26t%3D5142","N"
"Pitch Pine","Pinus rigida","South Carolina","Oconee","Chattooga River","","","","","173746","1","","","","Public","115.5'","Clinometer/laser rangefinder/sine","","","","","Brian Beduhn","2013-03-09","http%3A%2F%2Fwww.ents-bbs.org%2Fviewtopic.php%3Ff%3D122%26t%3D5142","N"
"Pitch Pine","Pinus rigida","South Carolina","Oconee","Chattooga River","","","","","173747","1","","","","Public","115.9'","Clinometer/laser rangefinder/sine","","","","","Brian Beduhn","2013-03-09","http%3A%2F%2Fwww.ents-bbs.org%2Fviewtopic.php%3Ff%3D122%26t%3D5142","N"
"Pitch Pine","Pinus rigida","South Carolina","Oconee","Chattooga River","","","","","173748","1","","","","Public","116.6'","Clinometer/laser rangefinder/sine","","","","","Brian Beduhn","2013-03-09","http%3A%2F%2Fwww.ents-bbs.org%2Fviewtopic.php%3Ff%3D122%26t%3D5142","N"
"Pitch Pine","Pinus rigida","South Carolina","Oconee","Chattooga River","","","","","173749","1","","","","Public","117.0'","Clinometer/laser rangefinder/sine","","","","","Brian Beduhn","2013-03-09","http%3A%2F%2Fwww.ents-bbs.org%2Fviewtopic.php%3Ff%3D122%26t%3D5142","N"
"Pitch Pine","Pinus rigida","South Carolina","Oconee","Chattooga River","","","","","173750","1","","","","Public","117.1'","Clinometer/laser rangefinder/sine","","","","","Brian Beduhn","2013-03-09","http%3A%2F%2Fwww.ents-bbs.org%2Fviewtopic.php%3Ff%3D122%26t%3D5142","N"
"Pitch Pine","Pinus rigida","South Carolina","Oconee","Chattooga River","","","","","173751","1","","","","Public","117.2'","Clinometer/laser rangefinder/sine","","","","","Brian Beduhn","2013-03-09","http%3A%2F%2Fwww.ents-bbs.org%2Fviewtopic.php%3Ff%3D122%26t%3D5142","N"
"Pitch Pine","Pinus rigida","South Carolina","Oconee","Chattooga River","","","","","173752","1","","","","Public","117.3'","Clinometer/laser rangefinder/sine","","","","","Brian Beduhn","2013-03-09","http%3A%2F%2Fwww.ents-bbs.org%2Fviewtopic.php%3Ff%3D122%26t%3D5142","N"
"Pitch Pine","Pinus rigida","South Carolina","Oconee","Chattooga River","","","","","173753","1","","","","Public","118.3'","Clinometer/laser rangefinder/sine","","","","","Brian Beduhn","2013-03-09","http%3A%2F%2Fwww.ents-bbs.org%2Fviewtopic.php%3Ff%3D122%26t%3D5142","N"
"Pitch Pine","Pinus rigida","South Carolina","Oconee","Chattooga River","","","","","173754","1","","","","Public","120.0'","Clinometer/laser rangefinder/sine","","","","","Brian Beduhn","2013-03-09","http%3A%2F%2Fwww.ents-bbs.org%2Fviewtopic.php%3Ff%3D122%26t%3D5142","N"
"Pitch Pine","Pinus rigida","South Carolina","Oconee","Chattooga River","","","","","173755","1","","","","Public","120.8'","Clinometer/laser rangefinder/sine","","","","","Brian Beduhn","2013-03-09","http%3A%2F%2Fwww.ents-bbs.org%2Fviewtopic.php%3Ff%3D122%26t%3D5142","N"
"Pitch Pine","Pinus rigida","South Carolina","Oconee","Chattooga River","","","","","173756","1","","","","Public","121.5'","Clinometer/laser rangefinder/sine","","","","","Brian Beduhn","2013-03-09","http%3A%2F%2Fwww.ents-bbs.org%2Fviewtopic.php%3Ff%3D122%26t%3D5142","N"
"Pitch Pine","Pinus rigida","South Carolina","Oconee","Chattooga River","","","","","173757","1","","","","Public","124.8'","Clinometer/laser rangefinder/sine","","","","","Brian Beduhn","2013-03-09","http%3A%2F%2Fwww.ents-bbs.org%2Fviewtopic.php%3Ff%3D122%26t%3D5142","N"
"Pitch Pine","Pinus rigida","South Carolina","Oconee","Chattooga River","","","","","173758","1","","","","Public","128.0'","Clinometer/laser rangefinder/sine","","","","","Brian Beduhn","2013-03-09","http%3A%2F%2Fwww.ents-bbs.org%2Fviewtopic.php%3Ff%3D122%26t%3D5142","N"
"Pitch Pine","Pinus rigida","South Carolina","Oconee","Chattooga River","","","","","173759","1","","","","Public","128.6'","Clinometer/laser rangefinder/sine","","","","","Brian Beduhn","2013-03-09","http%3A%2F%2Fwww.ents-bbs.org%2Fviewtopic.php%3Ff%3D122%26t%3D5142","N"
"Pitch Pine","Pinus rigida","South Carolina","Oconee","Chattooga River","","","","","173760","1","","","","Public","130.3'","Clinometer/laser rangefinder/sine","","","","","Brian Beduhn","2013-03-09","http%3A%2F%2Fwww.ents-bbs.org%2Fviewtopic.php%3Ff%3D122%26t%3D5142","N"
"Pitch Pine","Pinus rigida","South Carolina","Oconee","Chattooga River","","","","","173761","1","","","","Public","131.8'","Clinometer/laser rangefinder/sine","","","","","Brian Beduhn","2013-03-09","http%3A%2F%2Fwww.ents-bbs.org%2Fviewtopic.php%3Ff%3D122%26t%3D5142","N"
"Red Maple","Acer rubrum","South Carolina","Oconee","Chattooga River","","","","","173784","1","","","","Public","105.1'","Clinometer/laser rangefinder/sine","","","","","Brian Beduhn","2013-03-09","http%3A%2F%2Fwww.ents-bbs.org%2Fviewtopic.php%3Ff%3D122%26t%3D5142","N"
"Sourwood","Oxydendrum arboreum","South Carolina","Oconee","Chattooga River","","","","","173736","1","","","","Public","88.1'","Clinometer/laser rangefinder/sine","","","","","Brian Beduhn","2013-03-09","http%3A%2F%2Fwww.ents-bbs.org%2Fviewtopic.php%3Ff%3D122%26t%3D5142","N"
"Sourwood","Oxydendrum arboreum","South Carolina","Oconee","Chattooga River","","","","","173737","1","","","","Public","91.0'","Clinometer/laser rangefinder/sine","","","","","Brian Beduhn","2013-03-09","http%3A%2F%2Fwww.ents-bbs.org%2Fviewtopic.php%3Ff%3D122%26t%3D5142","N"
"Sourwood","Oxydendrum arboreum","South Carolina","Oconee","Chattooga River","","","","","173738","1","","","","Public","94.1'","Clinometer/laser rangefinder/sine","","","","","Brian Beduhn","2013-03-09","http%3A%2F%2Fwww.ents-bbs.org%2Fviewtopic.php%3Ff%3D122%26t%3D5142","N"
"Sourwood","Oxydendrum arboreum","South Carolina","Oconee","Chattooga River","","","","","173739","1","","","","Public","95.2'","Clinometer/laser rangefinder/sine","","","","","Brian Beduhn","2013-03-09","http%3A%2F%2Fwww.ents-bbs.org%2Fviewtopic.php%3Ff%3D122%26t%3D5142","N"
"Sourwood","Oxydendrum arboreum","South Carolina","Oconee","Chattooga River","","","","","173740","1","","","","Public","97.0'","Clinometer/laser rangefinder/sine","","","","","Brian Beduhn","2013-03-09","http%3A%2F%2Fwww.ents-bbs.org%2Fviewtopic.php%3Ff%3D122%26t%3D5142","N"
"Sourwood","Oxydendrum arboreum","South Carolina","Oconee","Chattooga River","","","","","173741","1","","","","Public","97.3'","Clinometer/laser rangefinder/sine","","","","","Brian Beduhn","2013-03-09","http%3A%2F%2Fwww.ents-bbs.org%2Fviewtopic.php%3Ff%3D122%26t%3D5142","N"
"Sourwood","Oxydendrum arboreum","South Carolina","Oconee","Chattooga River","","","","","173742","1","","","","Public","102.8'","Clinometer/laser rangefinder/sine","","","","South Carolina state recordfor height","Brian Beduhn","2013-03-09","http%3A%2F%2Fwww.ents-bbs.org%2Fviewtopic.php%3Ff%3D122%26t%3D5142","N"
"Sweet Birch","Betula lenta","South Carolina","Oconee","Chattooga River","","","","","173786","1","","","","Public","90.0'","Clinometer/laser rangefinder/sine","","","","","Brian Beduhn","2013-03-09","http%3A%2F%2Fwww.ents-bbs.org%2Fviewtopic.php%3Ff%3D122%26t%3D5142","N"
"Tuliptree","Liriodendron tulipifera","South Carolina","Oconee","Chattooga River","","","","","173779","1","","","","Public","125.7'","Clinometer/laser rangefinder/sine","","","","","Brian Beduhn","2013-03-09","http%3A%2F%2Fwww.ents-bbs.org%2Fviewtopic.php%3Ff%3D122%26t%3D5142","N"
"Tuliptree","Liriodendron tulipifera","South Carolina","Oconee","Chattooga River","","","","","173780","1","","","","Public","129.6'","Clinometer/laser rangefinder/sine","","","","","Brian Beduhn","2013-03-09","http%3A%2F%2Fwww.ents-bbs.org%2Fviewtopic.php%3Ff%3D122%26t%3D5142","N"
"Sweet Birch","Betula lenta","South Carolina","Oconee","Chattooga River East Fork","","","","","173787","1","","","","Public","103.5'","Clinometer/laser rangefinder/sine","","","","","Brian Beduhn","2013-03-09","http%3A%2F%2Fwww.ents-bbs.org%2Fviewtopic.php%3Ff%3D122%26t%3D5142","N"
"Bigleaf Snowbell","Styrax grandifolius","South Carolina","Oconee","Chauga River/Crooked Creek","","","","","238095","1","","","","Public - federal","20.0'","Clinometer/laser rangefinder/sine","0.6'","7''","","","Jess Riddle","2002-10-25","http%3A%2F%2Fwww.nativetreesociety.org%2Ffieldtrips%2Fsouth_carolina%2Fchauga_river.htm","N"
"Black Oak","Quercus velutina","South Carolina","Oconee","Chauga River/Crooked Creek","","","","","238087","1","","","","Public - federal","","Clinometer/laser rangefinder/sine","7.5'","90''","","","Jess Riddle","2002-10-25","http%3A%2F%2Fwww.nativetreesociety.org%2Ffieldtrips%2Fsouth_carolina%2Fchauga_river.htm","N"
"Eastern White Pine","Pinus strobus","South Carolina","Oconee","Chauga River/Crooked Creek","","","","","238094","1","","","","Public - federal","","Clinometer/laser rangefinder/sine","8.2'","98''","","","Jess Riddle","2002-10-25","http%3A%2F%2Fwww.nativetreesociety.org%2Ffieldtrips%2Fsouth_carolina%2Fchauga_river.htm","N"
"Oak","Quercus spp.","South Carolina","Oconee","Chauga River/Crooked Creek","","","","","238092","1","","","","Public - federal","","Clinometer/laser rangefinder/sine","6.4'","77''","","","Jess Riddle","2002-10-25","http%3A%2F%2Fwww.nativetreesociety.org%2Ffieldtrips%2Fsouth_carolina%2Fchauga_river.htm","N"
"Shortleaf Pine","Pinus echinata","South Carolina","Oconee","Chauga River/Crooked Creek","","","","","238093","1","","","","Public - federal","105.0'","Clinometer/laser rangefinder/sine","8.2'","98''","","Height is Not Less Than(NLT)","Jess Riddle","2002-10-25","http%3A%2F%2Fwww.nativetreesociety.org%2Ffieldtrips%2Fsouth_carolina%2Fchauga_river.htm","N"
"White Oak","Quercus alba","South Carolina","Oconee","Chauga River/Crooked Creek","","","","","238088","1","","","","Public - federal","","Clinometer/laser rangefinder/sine","7.4'","89''","","","Jess Riddle","2002-10-25","http%3A%2F%2Fwww.nativetreesociety.org%2Ffieldtrips%2Fsouth_carolina%2Fchauga_river.htm","N"
"White Oak","Quercus alba","South Carolina","Oconee","Chauga River/Crooked Creek","","","","","238090","1","","","","Public - federal","","Clinometer/laser rangefinder/sine","6.5'","78''","","","Jess Riddle","2002-10-25","http%3A%2F%2Fwww.nativetreesociety.org%2Ffieldtrips%2Fsouth_carolina%2Fchauga_river.htm","N"
"White Oak","Quercus alba","South Carolina","Oconee","Chauga River/Crooked Creek","","","","","238091","1","","","","Public - federal","","Clinometer/laser rangefinder/sine","6.8'","82''","","","Jess Riddle","2002-10-25","http%3A%2F%2Fwww.nativetreesociety.org%2Ffieldtrips%2Fsouth_carolina%2Fchauga_river.htm","N"
"White Oak","Quercus alba","South Carolina","Oconee","Chauga River/Crooked Creek","","","","","238089","1","","","","Public - federal","122.4'","Clinometer/laser rangefinder/sine","5.3'","63''","","","Jess Riddle","2002-10-25","http%3A%2F%2Fwww.nativetreesociety.org%2Ffieldtrips%2Fsouth_carolina%2Fchauga_river.htm","N"
"American Basswood","Tilia americana var. heterophylla","South Carolina","Oconee","Lee Branch","","","Tributary to Alexander Creek","","238019","1","","","","Public - federal","124.1'","Clinometer/laser rangefinder/sine","","","","","Jess Riddle","2004-05-18","http%3A%2F%2Fwww.nativetreesociety.org%2Ffieldtrips%2Fsouth_carolina%2Flee_branch.htm","N"
"American Beech","Fagus grandifolia","South Carolina","Oconee","Lee Branch","","","Tributary to Alexander Creek","","238020","1","","","","Public - federal","121.9'","Clinometer/laser rangefinder/sine","","","","","Jess Riddle","2004-05-18","http%3A%2F%2Fwww.nativetreesociety.org%2Ffieldtrips%2Fsouth_carolina%2Flee_branch.htm","N"
"Black Oak","Quercus velutina","South Carolina","Oconee","Lee Branch","","","Tributary to Alexander Creek","","238022","1","","","","Public - federal","136.8'","Clinometer/laser rangefinder/sine","8.0'","96''","","","Jess Riddle","2004-05-18","http%3A%2F%2Fwww.nativetreesociety.org%2Ffieldtrips%2Fsouth_carolina%2Flee_branch.htm","N"
"Black Oak","Quercus velutina","South Carolina","Oconee","Lee Branch","","","Tributary to Alexander Creek","","238023","1","","","","Public - federal","139.1'","Clinometer/laser rangefinder/sine","6.6'","79''","","","Jess Riddle","2004-05-18","http%3A%2F%2Fwww.nativetreesociety.org%2Ffieldtrips%2Fsouth_carolina%2Flee_branch.htm","N"
"Chestnut Oak","Quercus montana","South Carolina","Oconee","Lee Branch","","","Tributary to Alexander Creek","","238024","1","","","","Public - federal","122.9'","Clinometer/laser rangefinder/sine","7.6'","91''","","","Jess Riddle","2004-05-18","http%3A%2F%2Fwww.nativetreesociety.org%2Ffieldtrips%2Fsouth_carolina%2Flee_branch.htm","N"
"Northern Red Oak","Quercus rubra","South Carolina","Oconee","Lee Branch","","","Tributary to Alexander Creek","","238025","1","","","","Public - federal","130.8'","Clinometer/laser rangefinder/sine","7.8'","93''","","","Jess Riddle","2004-05-18","http%3A%2F%2Fwww.nativetreesociety.org%2Ffieldtrips%2Fsouth_carolina%2Flee_branch.htm","N"
"Northern Red Oak","Quercus rubra","South Carolina","Oconee","Lee Branch","","","Tributary to Alexander Creek","","238026","1","","","","Public - federal","130.9'","Clinometer/laser rangefinder/sine","8.8'","105''","","","Jess Riddle","2004-05-18","http%3A%2F%2Fwww.nativetreesociety.org%2Ffieldtrips%2Fsouth_carolina%2Flee_branch.htm","N"
"Northern Red Oak","Quercus rubra","South Carolina","Oconee","Lee Branch","","","Tributary to Alexander Creek","","238027","1","","","","Public - federal","131.1'","Clinometer/laser rangefinder/sine","13.6'","163''","","","Jess Riddle","2004-05-18","http%3A%2F%2Fwww.nativetreesociety.org%2Ffieldtrips%2Fsouth_carolina%2Flee_branch.htm","N"
"Northern Red Oak","Quercus rubra","South Carolina","Oconee","Lee Branch","","","Tributary to Alexander Creek","","238028","1","","","","Public - federal","132.2'","Clinometer/laser rangefinder/sine","8.3'","99''","","","Jess Riddle","2004-05-18","http%3A%2F%2Fwww.nativetreesociety.org%2Ffieldtrips%2Fsouth_carolina%2Flee_branch.htm","N"
"Northern Red Oak","Quercus rubra","South Carolina","Oconee","Lee Branch","","","Tributary to Alexander Creek","","238029","1","","","","Public - federal","137.5'","Clinometer/laser rangefinder/sine","7.6'","91''","","","Jess Riddle","2004-05-18","http%3A%2F%2Fwww.nativetreesociety.org%2Ffieldtrips%2Fsouth_carolina%2Flee_branch.htm","N"
"Northern Red Oak","Quercus rubra","South Carolina","Oconee","Lee Branch","","","Tributary to Alexander Creek","","238030","1","","","","Public - federal","138.8'","Clinometer/laser rangefinder/sine","8.5'","102''","","","Jess Riddle","2004-05-18","http%3A%2F%2Fwww.nativetreesociety.org%2Ffieldtrips%2Fsouth_carolina%2Flee_branch.htm","N"
"Northern Red Oak","Quercus rubra","South Carolina","Oconee","Lee Branch","","","Tributary to Alexander Creek","","238031","1","","","","Public - federal","143.7'","Clinometer/laser rangefinder/sine","8.8'","106''","","","Jess Riddle","2004-05-18","http%3A%2F%2Fwww.nativetreesociety.org%2Ffieldtrips%2Fsouth_carolina%2Flee_branch.htm","N"
"Northern Red Oak","Quercus rubra","South Carolina","Oconee","Lee Branch","","","Tributary to Alexander Creek","","238032","1","","","","Public - federal","150.0'","Clinometer/laser rangefinder/sine","7.0'","84''","","","Jess Riddle","2004-05-18","http%3A%2F%2Fwww.nativetreesociety.org%2Ffieldtrips%2Fsouth_carolina%2Flee_branch.htm","N"
"Pignut Hickory","Carya glabra","South Carolina","Oconee","Lee Branch","","","Tributary to Alexander Creek","","238021","1","","","","Public - federal","155.8'","Clinometer/laser rangefinder/sine","8.3'","99''","","","Jess Riddle","2004-05-18","http%3A%2F%2Fwww.nativetreesociety.org%2Ffieldtrips%2Fsouth_carolina%2Flee_branch.htm","N"
"Scarlet Oak","Quercus coccinea","South Carolina","Oconee","Lee Branch","","","Tributary to Alexander Creek","","238033","1","","","","Public - federal","120.3'","Clinometer/laser rangefinder/sine","7.8'","94''","","","Jess Riddle","2004-05-18","http%3A%2F%2Fwww.nativetreesociety.org%2Ffieldtrips%2Fsouth_carolina%2Flee_branch.htm","N"
"Scarlet Oak","Quercus coccinea","South Carolina","Oconee","Lee Branch","","","Tributary to Alexander Creek","","238034","1","","","","Public - federal","128.2'","Clinometer/laser rangefinder/sine","7.3'","88''","","","Jess Riddle","2004-05-18","http%3A%2F%2Fwww.nativetreesociety.org%2Ffieldtrips%2Fsouth_carolina%2Flee_branch.htm","N"
"Sweetgum","Liquidambar styraciflua","South Carolina","Oconee","Lee Branch","","","Tributary to Alexander Creek","","238037","1","","","","Public - federal","130.3'","Clinometer/laser rangefinder/sine","6.9'","83''","","","Jess Riddle","2004-05-18","http%3A%2F%2Fwww.nativetreesociety.org%2Ffieldtrips%2Fsouth_carolina%2Flee_branch.htm","N"
"Sweetgum","Liquidambar styraciflua","South Carolina","Oconee","Lee Branch","","","Tributary to Alexander Creek","","238038","1","","","","Public - federal","132.2'","Clinometer/laser rangefinder/sine","5.4'","65''","","","Jess Riddle","2004-05-18","http%3A%2F%2Fwww.nativetreesociety.org%2Ffieldtrips%2Fsouth_carolina%2Flee_branch.htm","N"
"Sweetgum","Liquidambar styraciflua","South Carolina","Oconee","Lee Branch","","","Tributary to Alexander Creek","","238039","1","","","","Public - federal","133.3'","Clinometer/laser rangefinder/sine","6.9'","83''","","","Jess Riddle","2004-05-18","http%3A%2F%2Fwww.nativetreesociety.org%2Ffieldtrips%2Fsouth_carolina%2Flee_branch.htm","N"
"Tuliptree","Liriodendron tulipifera","South Carolina","Oconee","Lee Branch","","","Tributary to Alexander Creek","","238040","1","","","","Public - federal","150.0'","Clinometer/laser rangefinder/sine","11.3'","136''","","","Jess Riddle","2004-05-18","http%3A%2F%2Fwww.nativetreesociety.org%2Ffieldtrips%2Fsouth_carolina%2Flee_branch.htm","N"
"Tuliptree","Liriodendron tulipifera","South Carolina","Oconee","Lee Branch","","","Tributary to Alexander Creek","","238041","1","","","","Public - federal","152.0'","Clinometer/laser rangefinder/sine","8.8'","106''","","","Jess Riddle","2004-05-18","http%3A%2F%2Fwww.nativetreesociety.org%2Ffieldtrips%2Fsouth_carolina%2Flee_branch.htm","N"
"Tuliptree","Liriodendron tulipifera","South Carolina","Oconee","Lee Branch","","","Tributary to Alexander Creek","","238042","1","","","","Public - federal","157.8'","Clinometer/laser rangefinder/sine","7.7'","92''","","","Jess Riddle","2004-05-18","http%3A%2F%2Fwww.nativetreesociety.org%2Ffieldtrips%2Fsouth_carolina%2Flee_branch.htm","N"
"Tuliptree","Liriodendron tulipifera","South Carolina","Oconee","Lee Branch","","","Tributary to Alexander Creek","","238043","1","","","","Public - federal","160.3'","Clinometer/laser rangefinder/sine","8.4'","101''","","","Jess Riddle","2004-05-18","http%3A%2F%2Fwww.nativetreesociety.org%2Ffieldtrips%2Fsouth_carolina%2Flee_branch.htm","N"
"White Ash","Fraxinus americana","South Carolina","Oconee","Lee Branch","","","Tributary to Alexander Creek","","238018","1","","","","Public - federal","133.8'","Clinometer/laser rangefinder/sine","6.8'","82''","","","Jess Riddle","2004-05-18","http%3A%2F%2Fwww.nativetreesociety.org%2Ffieldtrips%2Fsouth_carolina%2Flee_branch.htm","N"
"White Oak","Quercus alba","South Carolina","Oconee","Lee Branch","","","Tributary to Alexander Creek","","238036","1","","","","Public - federal","120.3'","Clinometer/laser rangefinder/sine","7.8'","94''","","","Jess Riddle","2004-05-18","http%3A%2F%2Fwww.nativetreesociety.org%2Ffieldtrips%2Fsouth_carolina%2Flee_branch.htm","N"
"White Oak","Quercus alba","South Carolina","Oconee","Lee Branch","","","Tributary to Alexander Creek","","238035","1","","","","Public - federal","122.5'","Clinometer/laser rangefinder/sine","6.8'","81''","","","Jess Riddle","2004-05-18","http%3A%2F%2Fwww.nativetreesociety.org%2Ffieldtrips%2Fsouth_carolina%2Flee_branch.htm","N"
"Pitch Pine","Pinus rigida","South Carolina","Oconee","Limber Pole Creek","","","","","236111","1","","","","Public-Private","115.8'","Clinometer/laser rangefinder/sine","4.9'","59''","","","Jess Riddle, Michael Davie","2004-01-29","http%3A%2F%2Fwww.nativetreesociety.org%2Ffieldtrips%2Fsouth_carolina%2Fwhitewater_river.htm","N"
"Sweet Birch","Betula lenta","South Carolina","Oconee","Limber Pole Creek","","","","","236110","1","","","","Public-Private","113.9'","Clinometer/laser rangefinder/sine","5.4'","65''","","","Jess Riddle, Michael Davie","2004-01-29","http%3A%2F%2Fwww.nativetreesociety.org%2Ffieldtrips%2Fsouth_carolina%2Fwhitewater_river.htm","N"
"Alternateleaf Dogwood","Cornus alternifolia","South Carolina","Oconee","Otter Creek","","","","","237798","1","","","","Public - federal","","Clinometer/laser rangefinder/sine","1.0'","12''","","","Jess Riddle","2002-11-06","http%3A%2F%2Fwww.nativetreesociety.org%2Ffieldtrips%2Fsouth_carolina%2Fotter_creek.htm","N"
"American Basswood","Tilia americana var. heterophylla","South Carolina","Oconee","Otter Creek","","","","","237797","1","","","","Public - federal","125.3'","Clinometer/laser rangefinder/sine","6.0'","72''","","","Jess Riddle","2002-11-06","http%3A%2F%2Fwww.nativetreesociety.org%2Ffieldtrips%2Fsouth_carolina%2Fotter_creek.htm","N"
"Black Oak","Quercus velutina","South Carolina","Oconee","Otter Creek","","","","","237802","1","","","","Public - federal","","Clinometer/laser rangefinder/sine","6.1'","73''","","","Jess Riddle","2002-11-06","http%3A%2F%2Fwww.nativetreesociety.org%2Ffieldtrips%2Fsouth_carolina%2Fotter_creek.htm","N"
"Black Oak","Quercus velutina","South Carolina","Oconee","Otter Creek","","","","","237803","1","","","","Public - federal","","Clinometer/laser rangefinder/sine","6.8'","81''","","","Jess Riddle","2002-11-06","http%3A%2F%2Fwww.nativetreesociety.org%2Ffieldtrips%2Fsouth_carolina%2Fotter_creek.htm","N"
"Black Oak","Quercus velutina","South Carolina","Oconee","Otter Creek","","","","","237804","1","","","","Public - federal","","Clinometer/laser rangefinder/sine","8.5'","102''","","","Jess Riddle","2002-11-06","http%3A%2F%2Fwww.nativetreesociety.org%2Ffieldtrips%2Fsouth_carolina%2Fotter_creek.htm","N"
"Black Oak","Quercus velutina","South Carolina","Oconee","Otter Creek","","","","","237801","1","","","","Public - federal","118.9'","Clinometer/laser rangefinder/sine","","","","","Jess Riddle","2002-11-06","http%3A%2F%2Fwww.nativetreesociety.org%2Ffieldtrips%2Fsouth_carolina%2Fotter_creek.htm","N"
"Chestnut Oak","Quercus montana","South Carolina","Oconee","Otter Creek","","","","","237805","1","","","","Public - federal","122.9'","Clinometer/laser rangefinder/sine","6.9'","83''","","","Jess Riddle","2002-11-06","http%3A%2F%2Fwww.nativetreesociety.org%2Ffieldtrips%2Fsouth_carolina%2Fotter_creek.htm","N"
"Chestnut Oak","Quercus montana","South Carolina","Oconee","Otter Creek","","","","","237806","1","","","","Public - federal","133.2'","Clinometer/laser rangefinder/sine","6.0'","72''","","","Jess Riddle","2002-11-06","http%3A%2F%2Fwww.nativetreesociety.org%2Ffieldtrips%2Fsouth_carolina%2Fotter_creek.htm","N"
"Northern Red Oak","Quercus rubra","South Carolina","Oconee","Otter Creek","","","","","237807","1","","","","Public - federal","115.6'","Clinometer/laser rangefinder/sine","","","","","Jess Riddle","2002-11-06","http%3A%2F%2Fwww.nativetreesociety.org%2Ffieldtrips%2Fsouth_carolina%2Fotter_creek.htm","N"
"Northern Red Oak","Quercus rubra","South Carolina","Oconee","Otter Creek","","","","","237808","1","","","","Public - federal","136.5'","Clinometer/laser rangefinder/sine","8.3'","100''","","","Jess Riddle","2002-11-06","http%3A%2F%2Fwww.nativetreesociety.org%2Ffieldtrips%2Fsouth_carolina%2Fotter_creek.htm","N"
"Pignut Hickory","Carya glabra","South Carolina","Oconee","Otter Creek","","","","","237800","1","","","","Public - federal","","Clinometer/laser rangefinder/sine","9.0'","108''","","","Jess Riddle","2002-11-06","http%3A%2F%2Fwww.nativetreesociety.org%2Ffieldtrips%2Fsouth_carolina%2Fotter_creek.htm","N"
"Pignut Hickory","Carya glabra","South Carolina","Oconee","Otter Creek","","","","","237799","1","","","","Public - federal","126.7'","Clinometer/laser rangefinder/sine","","","","","Jess Riddle","2002-11-06","http%3A%2F%2Fwww.nativetreesociety.org%2Ffieldtrips%2Fsouth_carolina%2Fotter_creek.htm","N"
"Scarlet Oak","Quercus coccinea","South Carolina","Oconee","Otter Creek","","","","","237809","1","","","","Public - federal","","Clinometer/laser rangefinder/sine","8.3'","99''","","","Jess Riddle","2002-11-06","http%3A%2F%2Fwww.nativetreesociety.org%2Ffieldtrips%2Fsouth_carolina%2Fotter_creek.htm","N"
"Tuliptree","Liriodendron tulipifera","South Carolina","Oconee","Otter Creek","","","","","237811","1","","","","Public - federal","138.0'","Clinometer/laser rangefinder/sine","","","","","Jess Riddle","2002-11-06","http%3A%2F%2Fwww.nativetreesociety.org%2Ffieldtrips%2Fsouth_carolina%2Fotter_creek.htm","N"
"Tuliptree","Liriodendron tulipifera","South Carolina","Oconee","Otter Creek","","","","","237812","1","","","","Public - federal","144.0'","Clinometer/laser rangefinder/sine","","","","","Jess Riddle","2002-11-06","http%3A%2F%2Fwww.nativetreesociety.org%2Ffieldtrips%2Fsouth_carolina%2Fotter_creek.htm","N"
"White Ash","Fraxinus americana","South Carolina","Oconee","Otter Creek","","","","","237795","1","","","","Public - federal","","Clinometer/laser rangefinder/sine","6.2'","74''","","","Jess Riddle","2002-11-06","http%3A%2F%2Fwww.nativetreesociety.org%2Ffieldtrips%2Fsouth_carolina%2Fotter_creek.htm","N"
"White Ash","Fraxinus americana","South Carolina","Oconee","Otter Creek","","","","","237796","1","","","","Public - federal","122.6'","Clinometer/laser rangefinder/sine","6.8'","82''","","","Jess Riddle","2002-11-06","http%3A%2F%2Fwww.nativetreesociety.org%2Ffieldtrips%2Fsouth_carolina%2Fotter_creek.htm","N"
"White Oak","Quercus alba","South Carolina","Oconee","Otter Creek","","","","","237810","1","","","","Public - federal","120.7'","Clinometer/laser rangefinder/sine","","","","","Jess Riddle","2002-11-06","http%3A%2F%2Fwww.nativetreesociety.org%2Ffieldtrips%2Fsouth_carolina%2Fotter_creek.htm","N"
"Black Oak","Quercus velutina","South Carolina","Oconee","Poor Mountain Creek","","","","","237753","1","","","","Public - federal","101.6'","Clinometer/laser rangefinder/sine","","","","","Jess Riddle","2002-10-27","http%3A%2F%2Fwww.nativetreesociety.org%2Ffieldtrips%2Fsouth_carolina%2Fpoor_mountain_creek.htm","N"
"Black Oak","Quercus velutina","South Carolina","Oconee","Poor Mountain Creek","","","","","237754","1","","","","Public - federal","117.7'","Clinometer/laser rangefinder/sine","5.3'","64''","","","Jess Riddle","2002-10-27","http%3A%2F%2Fwww.nativetreesociety.org%2Ffieldtrips%2Fsouth_carolina%2Fpoor_mountain_creek.htm","N"
"Butternut","Juglans cinerea","South Carolina","Oconee","Poor Mountain Creek","","","","","237750","1","","","","Public - federal","","Clinometer/laser rangefinder/sine","4.6'","55''","","","Jess Riddle","2002-10-27","http%3A%2F%2Fwww.nativetreesociety.org%2Ffieldtrips%2Fsouth_carolina%2Fpoor_mountain_creek.htm","N"
"Chestnut Oak","Quercus montana","South Carolina","Oconee","Poor Mountain Creek","","","","","237751","1","","","","Public - federal","126.8'","Clinometer/laser rangefinder/sine","7.7'","92''","","","Jess Riddle","2002-10-27","http%3A%2F%2Fwww.nativetreesociety.org%2Ffieldtrips%2Fsouth_carolina%2Fpoor_mountain_creek.htm","N"
"Flowering Dogwood","Cornus florida","South Carolina","Oconee","Poor Mountain Creek","","","","","237748","1","","","","Public - federal","41.1'","Clinometer/laser rangefinder/sine","2.7'","32''","","","Jess Riddle","2002-10-27","http%3A%2F%2Fwww.nativetreesociety.org%2Ffieldtrips%2Fsouth_carolina%2Fpoor_mountain_creek.htm","N"
"Mockernut Hickory","Carya tomentosa","South Carolina","Oconee","Poor Mountain Creek","","","","","237749","1","","","","Public - federal","131.9'","Clinometer/laser rangefinder/sine","8.3'","99''","","","Jess Riddle","2002-10-27","http%3A%2F%2Fwww.nativetreesociety.org%2Ffieldtrips%2Fsouth_carolina%2Fpoor_mountain_creek.htm","N"
"Northern Red Oak","Quercus rubra","South Carolina","Oconee","Poor Mountain Creek","","","","","237752","1","","","","Public - federal","","Clinometer/laser rangefinder/sine","6.5'","78''","","","Jess Riddle","2002-10-27","http%3A%2F%2Fwww.nativetreesociety.org%2Ffieldtrips%2Fsouth_carolina%2Fpoor_mountain_creek.htm","N"
"White Oak","Quercus alba","South Carolina","Oconee","Poor Mountain Creek","","","","","237757","1","","","","Public - federal","","Clinometer/laser rangefinder/sine","8.1'","97''","","","Jess Riddle","2002-10-27","http%3A%2F%2Fwww.nativetreesociety.org%2Ffieldtrips%2Fsouth_carolina%2Fpoor_mountain_creek.htm","N"
"White Oak","Quercus alba","South Carolina","Oconee","Poor Mountain Creek","","","","","237755","1","","","","Public - federal","109.8'","Clinometer/laser rangefinder/sine","","","","","Jess Riddle","2002-10-27","http%3A%2F%2Fwww.nativetreesociety.org%2Ffieldtrips%2Fsouth_carolina%2Fpoor_mountain_creek.htm","N"
"White Oak","Quercus alba","South Carolina","Oconee","Poor Mountain Creek","","","","","237756","1","","","","Public - federal","113.6'","Clinometer/laser rangefinder/sine","","","","","Jess Riddle","2002-10-27","http%3A%2F%2Fwww.nativetreesociety.org%2Ffieldtrips%2Fsouth_carolina%2Fpoor_mountain_creek.htm","N"
"American Snowbell","Styrax americanus","South Carolina","Oconee","Rich Mountain","","","","","237738","1","","","","Public - federal","","Clinometer/laser rangefinder/sine","0.7'","8''","","Findley Branch","Jess Riddle","2002-03-14","http%3A%2F%2Fwww.nativetreesociety.org%2Ffieldtrips%2Fsouth_carolina%2Frich_mountain.htm","N"
"Black Oak","Quercus velutina","South Carolina","Oconee","Rich Mountain","","","","","237734","1","","","","Public - federal","114.8'","Clinometer/laser rangefinder/sine","","","","Findley Branch","Jess Riddle","2002-03-14","http%3A%2F%2Fwww.nativetreesociety.org%2Ffieldtrips%2Fsouth_carolina%2Frich_mountain.htm","N"
"Chestnut Oak","Quercus montana","South Carolina","Oconee","Rich Mountain","","","","","237735","1","","","","Public - federal","123.3'","Clinometer/laser rangefinder/sine","6.3'","76''","","Barton Creek","Jess Riddle","2002-03-14","http%3A%2F%2Fwww.nativetreesociety.org%2Ffieldtrips%2Fsouth_carolina%2Frich_mountain.htm","N"
"Common Sweetleaf","Symplocos tinctoria","South Carolina","Oconee","Rich Mountain","","","","","237741","1","","","","Public - federal","40.4'","Clinometer/laser rangefinder/sine","1.5'","18''","","Ramsey Creek","Jess Riddle","2002-03-14","http%3A%2F%2Fwww.nativetreesociety.org%2Ffieldtrips%2Fsouth_carolina%2Frich_mountain.htm","N"
"Cucumber-Tree","Magnolia acuminata","South Carolina","Oconee","Rich Mountain","","","","","237733","1","","","","Public - federal","115.4'","Clinometer/laser rangefinder/sine","7.4'","89''","","Barton Creek","Jess Riddle","2002-03-14","http%3A%2F%2Fwww.nativetreesociety.org%2Ffieldtrips%2Fsouth_carolina%2Frich_mountain.htm","N"
"Mockernut Hickory","Carya tomentosa","South Carolina","Oconee","Rich Mountain","","","","","237731","1","","","","Public - federal","131.3'","Clinometer/laser rangefinder/sine","5.8'","70''","","Ramsey Creek","Jess Riddle","2002-03-14","http%3A%2F%2Fwww.nativetreesociety.org%2Ffieldtrips%2Fsouth_carolina%2Frich_mountain.htm","N"
"Painted Buckeye","Aesculus sylvatica","South Carolina","Oconee","Rich Mountain","","","","","237730","1","","","","Public - federal","","Clinometer/laser rangefinder/sine","2.7'","32''","","Ramsey Creek","Jess Riddle","2002-03-14","http%3A%2F%2Fwww.nativetreesociety.org%2Ffieldtrips%2Fsouth_carolina%2Frich_mountain.htm","N"
"Pignut Hickory","Carya glabra","South Carolina","Oconee","Rich Mountain","","","","","237732","1","","","","Public - federal","132.8'","Clinometer/laser rangefinder/sine","8.9'","107''","","Barton Creek","Jess Riddle","2002-03-14","http%3A%2F%2Fwww.nativetreesociety.org%2Ffieldtrips%2Fsouth_carolina%2Frich_mountain.htm","N"
"Sourwood","Oxydendrum arboreum","South Carolina","Oconee","Rich Mountain","","","","","237739","1","","","","Public - federal","","Clinometer/laser rangefinder/sine","7.2'","86''","","Barton Creek","Jess Riddle","2002-03-14","http%3A%2F%2Fwww.nativetreesociety.org%2Ffieldtrips%2Fsouth_carolina%2Frich_mountain.htm","N"
"Sweetgum","Liquidambar styraciflua","South Carolina","Oconee","Rich Mountain","","","","","237740","1","","","","Public - federal","117.2'","Clinometer/laser rangefinder/sine","4.3'","52''","","Barton Creek","Jess Riddle","2002-03-14","http%3A%2F%2Fwww.nativetreesociety.org%2Ffieldtrips%2Fsouth_carolina%2Frich_mountain.htm","N"
"Tuliptree","Liriodendron tulipifera","South Carolina","Oconee","Rich Mountain","","","","","237742","1","","","","Public - federal","134.5'","Clinometer/laser rangefinder/sine","","","","Barton Creek","Jess Riddle","2002-03-14","http%3A%2F%2Fwww.nativetreesociety.org%2Ffieldtrips%2Fsouth_carolina%2Frich_mountain.htm","N"
"Tuliptree","Liriodendron tulipifera","South Carolina","Oconee","Rich Mountain","","","","","237743","1","","","","Public - federal","144.8'","Clinometer/laser rangefinder/sine","11.9'","143''","","Barton Creek","Jess Riddle","2002-03-14","http%3A%2F%2Fwww.nativetreesociety.org%2Ffieldtrips%2Fsouth_carolina%2Frich_mountain.htm","N"
"White Ash","Fraxinus americana","South Carolina","Oconee","Rich Mountain","","","","","237729","1","","","","Public - federal","127.0'","Clinometer/laser rangefinder/sine","9.4'","113''","","Barton Creek","Jess Riddle","2002-03-14","http%3A%2F%2Fwww.nativetreesociety.org%2Ffieldtrips%2Fsouth_carolina%2Frich_mountain.htm","N"
"White Oak","Quercus alba","South Carolina","Oconee","Rich Mountain","","","","","237737","1","","","","Public - federal","120.4'","Clinometer/laser rangefinder/sine","11.1'","133''","","Barton Creek","Jess Riddle","2002-03-14","http%3A%2F%2Fwww.nativetreesociety.org%2Ffieldtrips%2Fsouth_carolina%2Frich_mountain.htm","N"
"White Oak","Quercus alba","South Carolina","Oconee","Rich Mountain","34 45.122","-083 09.696","","","237736","1","34 45.122","-083 09.696","","Public - federal","126.8'","Clinometer/laser rangefinder/sine","6.3'","75''","","Barton Creek","Jess Riddle","2002-03-14","http%3A%2F%2Fwww.nativetreesociety.org%2Ffieldtrips%2Fsouth_carolina%2Frich_mountain.htm","N"
"American Basswood","Tilia americana var. heterophylla","South Carolina","Oconee","Tamassee Knob","","","","","252882","1","","","","Public - federal","116.8'","Clinometer/laser rangefinder/sine","7.3'","87''","","","Jess Riddle","2005-03-02","http%3A%2F%2Fwww.ents-bbs.org%2Fviewtopic.php%3Ff%3D122%26t%3D7608","N"
"American Basswood","Tilia americana var. heterophylla","South Carolina","Oconee","Tamassee Knob","","","","","252858","1","","","","Public - federal","122.2'","Clinometer/laser rangefinder/sine","7.5'","90''","","","Jess Riddle","2005-03-02","http%3A%2F%2Fwww.ents-bbs.org%2Fviewtopic.php%3Ff%3D122%26t%3D7608","N"
"American Basswood","Tilia americana var. heterophylla","South Carolina","Oconee","Tamassee Knob","","","","","252883","1","","","","Public - federal","123.5'","Clinometer/laser rangefinder/sine","7.8'","93''","","","Jess Riddle","2005-03-02","http%3A%2F%2Fwww.ents-bbs.org%2Fviewtopic.php%3Ff%3D122%26t%3D7608","N"
"American Basswood","Tilia americana var. heterophylla","South Carolina","Oconee","Tamassee Knob","","","","","252859","1","","","","Public - federal","127.2'","Clinometer/laser rangefinder/sine","7.3'","88''","","","Jess Riddle","2005-03-02","http%3A%2F%2Fwww.ents-bbs.org%2Fviewtopic.php%3Ff%3D122%26t%3D7608","N"
"American Basswood","Tilia americana var. heterophylla","South Carolina","Oconee","Tamassee Knob","","","","","252776","1","","","","Public - federal","127.3'","Clinometer/laser rangefinder/sine","","","","","Jess Riddle","2003-03-15","http%3A%2F%2Fwww.ents-bbs.org%2Fviewtopic.php%3Ff%3D122%26t%3D7608","N"
"American Basswood","Tilia americana var. heterophylla","South Carolina","Oconee","Tamassee Knob","","","","","252860","1","","","","Public - federal","127.7'","Clinometer/laser rangefinder/sine","8.3'","99''","","","Jess Riddle","2005-03-02","http%3A%2F%2Fwww.ents-bbs.org%2Fviewtopic.php%3Ff%3D122%26t%3D7608","N"
"American Sycamore","Platanus occidentalis","South Carolina","Oconee","Tamassee Knob","","","","","237367","1","","","","Public - federal","126.9'","Clinometer/laser rangefinder/sine","6.8'","81''","","","Jess Riddle","2002-05-09","http%3A%2F%2Fwww.ents-bbs.org%2Fviewtopic.php%3Ff%3D122%26t%3D7608","N"
"Bitternut Hickory","Carya cordiformis","South Carolina","Oconee","Tamassee Knob","","","","","252885","1","","","","Public - federal","129.6'","Clinometer/laser rangefinder/sine","","","","","Jess Riddle","2005-03-02","http%3A%2F%2Fwww.ents-bbs.org%2Fviewtopic.php%3Ff%3D122%26t%3D7608","N"
"Bitternut Hickory","Carya cordiformis","South Carolina","Oconee","Tamassee Knob","","","","","252905","1","","","","Public - federal","130.0'","Clinometer/laser rangefinder/sine","3.8'","46''","","","Jess Riddle","2005-03-02","http%3A%2F%2Fwww.ents-bbs.org%2Fviewtopic.php%3Ff%3D122%26t%3D7608","N"
"Bitternut Hickory","Carya cordiformis","South Carolina","Oconee","Tamassee Knob","34 51.392","-083 05.240","","","252886","2","34 51.392","-083 05.240","","Public - federal","146.9'","Clinometer/laser rangefinder/sine","6.3'","75''","","","Jess Riddle, Jess Riddle","2016-03-20","http%3A%2F%2Fwww.ents-bbs.org%2Fviewtopic.php%3Ff%3D122%26t%3D7608","N"
"Bitternut Hickory","Carya cordiformis","South Carolina","Oconee","Tamassee Knob","34 51.440","-083 05.243","","","252798","2","34 51.440","-083 05.243","","Public - federal","166.3'","Clinometer/laser rangefinder/sine","7.8'","94''","","","Jess Riddle, Jess Riddle","2016-03-20","http%3A%2F%2Fwww.ents-bbs.org%2Fviewtopic.php%3Ff%3D122%26t%3D7608","N"
"Black Locust","Robinia pseudoacacia","South Carolina","Oconee","Tamassee Knob","","","","","252867","1","","","","Public - federal","","Clinometer/laser rangefinder/sine","8.4'","101''","","","Jess Riddle","2005-03-02","http%3A%2F%2Fwww.ents-bbs.org%2Fviewtopic.php%3Ff%3D122%26t%3D7608","N"
"Black Locust","Robinia pseudoacacia","South Carolina","Oconee","Tamassee Knob","","","","","252866","1","","","","Public - federal","143.9'","Clinometer/laser rangefinder/sine","","","","","Jess Riddle","2005-03-02","http%3A%2F%2Fwww.ents-bbs.org%2Fviewtopic.php%3Ff%3D122%26t%3D7608","N"
"Black Oak","Quercus velutina","South Carolina","Oconee","Tamassee Knob","","","","","237361","1","","","","Public - federal","108.8'","Clinometer/laser rangefinder/sine","9.5'","114''","","","Jess Riddle","2002-05-09","http%3A%2F%2Fwww.ents-bbs.org%2Fviewtopic.php%3Ff%3D122%26t%3D7608","N"
"Black Oak","Quercus velutina","South Carolina","Oconee","Tamassee Knob","","","","","237360","1","","","","Public - federal","119.3'","Clinometer/laser rangefinder/sine","8.0'","96''","","","Jess Riddle","2002-05-09","http%3A%2F%2Fwww.ents-bbs.org%2Fviewtopic.php%3Ff%3D122%26t%3D7608","N"
"Black Oak","Quercus velutina","South Carolina","Oconee","Tamassee Knob","","","","","252807","1","","","","Public - federal","120.2'","Clinometer/laser rangefinder/sine","6.7'","80''","","","Jess Riddle","2003-03-15","http%3A%2F%2Fwww.ents-bbs.org%2Fviewtopic.php%3Ff%3D122%26t%3D7608","N"
"Black Oak","Quercus velutina","South Carolina","Oconee","Tamassee Knob","","","","","252778","1","","","","Public - federal","121.3'","Clinometer/laser rangefinder/sine","7.2'","86''","","","Jess Riddle","2003-03-15","http%3A%2F%2Fwww.ents-bbs.org%2Fviewtopic.php%3Ff%3D122%26t%3D7608","N"
"Black Oak","Quercus velutina","South Carolina","Oconee","Tamassee Knob","","","","","252868","1","","","","Public - federal","121.4'","Clinometer/laser rangefinder/sine","8.2'","98''","","","Jess Riddle","2005-03-02","http%3A%2F%2Fwww.ents-bbs.org%2Fviewtopic.php%3Ff%3D122%26t%3D7608","N"
"Black Oak","Quercus velutina","South Carolina","Oconee","Tamassee Knob","","","","","252890","1","","","","Public - federal","123.6'","Clinometer/laser rangefinder/sine","5.7'","68''","","","Jess Riddle","2005-03-02","http%3A%2F%2Fwww.ents-bbs.org%2Fviewtopic.php%3Ff%3D122%26t%3D7608","N"
"Black Oak","Quercus velutina","South Carolina","Oconee","Tamassee Knob","","","","","252891","1","","","","Public - federal","125.1'","Clinometer/laser rangefinder/sine","5.7'","68''","","","Jess Riddle","2005-03-02","http%3A%2F%2Fwww.ents-bbs.org%2Fviewtopic.php%3Ff%3D122%26t%3D7608","N"
"Black Oak","Quercus velutina","South Carolina","Oconee","Tamassee Knob","","","","","252779","1","","","","Public - federal","126.4'","Clinometer/laser rangefinder/sine","6.9'","83''","","","Jess Riddle","2003-03-15","http%3A%2F%2Fwww.ents-bbs.org%2Fviewtopic.php%3Ff%3D122%26t%3D7608","N"
"Black Oak","Quercus velutina","South Carolina","Oconee","Tamassee Knob","","","","","252878","1","","","","Public - federal","126.8'","Clinometer/laser rangefinder/sine","","","","","Jess Riddle","2005-03-02","http%3A%2F%2Fwww.ents-bbs.org%2Fviewtopic.php%3Ff%3D122%26t%3D7608","N"
"Black Oak","Quercus velutina","South Carolina","Oconee","Tamassee Knob","","","","","252801","1","","","","Public - federal","127.7'","Clinometer/laser rangefinder/sine","7.6'","91''","","","Jess Riddle","2003-03-15","http%3A%2F%2Fwww.ents-bbs.org%2Fviewtopic.php%3Ff%3D122%26t%3D7608","N"
"Black Oak","Quercus velutina","South Carolina","Oconee","Tamassee Knob","","","","","252780","1","","","","Public - federal","129.2'","Clinometer/laser rangefinder/sine","7.8'","93''","","","Jess Riddle","2003-03-15","http%3A%2F%2Fwww.ents-bbs.org%2Fviewtopic.php%3Ff%3D122%26t%3D7608","N"
"Black Oak","Quercus velutina","South Carolina","Oconee","Tamassee Knob","34 51.463","-083 05.256","","","252913","1","34 51.463","-083 05.256","","Public - federal","133.0'","Clinometer/laser rangefinder/sine","8.8'","106''","","","Jess Riddle","2005-03-02","http%3A%2F%2Fwww.ents-bbs.org%2Fviewtopic.php%3Ff%3D122%26t%3D7608","N"
"Black Oak","Quercus velutina","South Carolina","Oconee","Tamassee Knob","","","","","252803","1","","","","Public - federal","135.3'","Clinometer/laser rangefinder/sine","","","","","Jess Riddle","2003-03-15","http%3A%2F%2Fwww.ents-bbs.org%2Fviewtopic.php%3Ff%3D122%26t%3D7608","N"
"Black Oak","Quercus velutina","South Carolina","Oconee","Tamassee Knob","","","","","252892","1","","","","Public - federal","137.2'","Clinometer/laser rangefinder/sine","8.2'","98''","","","Jess Riddle","2005-03-02","http%3A%2F%2Fwww.ents-bbs.org%2Fviewtopic.php%3Ff%3D122%26t%3D7608","N"
"Black Oak","Quercus velutina","South Carolina","Oconee","Tamassee Knob","","","","","252893","1","","","","Public - federal","138.3'","Clinometer/laser rangefinder/sine","7.0'","84''","","","Jess Riddle","2005-03-02","http%3A%2F%2Fwww.ents-bbs.org%2Fviewtopic.php%3Ff%3D122%26t%3D7608","N"
"Black Walnut","Juglans nigra","South Carolina","Oconee","Tamassee Knob","","","","","252811","1","","","","Public - federal","121.5'","Clinometer/laser rangefinder/sine","5.0'","60''","","","Jess Riddle","2003-03-15","http%3A%2F%2Fwww.ents-bbs.org%2Fviewtopic.php%3Ff%3D122%26t%3D7608","N"
"Black Walnut","Juglans nigra","South Carolina","Oconee","Tamassee Knob","","","","","252903","1","","","","Public - federal","125.3'","Clinometer/laser rangefinder/sine","6.3'","75''","","","Jess Riddle","2005-03-02","http%3A%2F%2Fwww.ents-bbs.org%2Fviewtopic.php%3Ff%3D122%26t%3D7608","N"
"Black Walnut","Juglans nigra","South Carolina","Oconee","Tamassee Knob","","","","","252904","1","","","","Public - federal","127.2'","Clinometer/laser rangefinder/sine","6.6'","79''","","","Jess Riddle","2005-03-02","http%3A%2F%2Fwww.ents-bbs.org%2Fviewtopic.php%3Ff%3D122%26t%3D7608","N"
"Black Walnut","Juglans nigra","South Carolina","Oconee","Tamassee Knob","","","","","253015","1","","","","Public - federal","132.4'","Clinometer/laser rangefinder/sine","5.1'","61''","","","Jess Riddle","2016-03-20","http%3A%2F%2Fwww.ents-bbs.org%2Fviewtopic.php%3Ff%3D122%26t%3D7608","N"
"Black Walnut","Juglans nigra","South Carolina","Oconee","Tamassee Knob","34 51.517","-083 05.274","","","252834","2","34 51.517","-083 05.274","","Public - federal","134.7'","Clinometer/laser rangefinder/sine","9.9'","119''","","","Jess Riddle, Jess Riddle","2016-03-20","http%3A%2F%2Fwww.ents-bbs.org%2Fviewtopic.php%3Ff%3D122%26t%3D7608","N"
"Butternut","Juglans cinerea","South Carolina","Oconee","Tamassee Knob","","","","","252793","1","","","","Public - federal","","Clinometer/laser rangefinder/sine","4.8'","57''","","","Jess Riddle","2003-03-15","http%3A%2F%2Fwww.ents-bbs.org%2Fviewtopic.php%3Ff%3D122%26t%3D7608","N"
"Butternut","Juglans cinerea","South Carolina","Oconee","Tamassee Knob","","","","","237368","1","","","","Public - federal","86.7'","Clinometer/laser rangefinder/sine","3.7'","44''","","","Jess Riddle","2002-05-09","http%3A%2F%2Fwww.ents-bbs.org%2Fviewtopic.php%3Ff%3D122%26t%3D7608","N"
"Butternut","Juglans cinerea","South Carolina","Oconee","Tamassee Knob","","","","","252865","1","","","","Public - federal","100.0'","Clinometer/laser rangefinder/sine","4.7'","56''","","","Jess Riddle","2005-03-02","http%3A%2F%2Fwww.ents-bbs.org%2Fviewtopic.php%3Ff%3D122%26t%3D7608","N"
"Chestnut Oak","Quercus montana","South Carolina","Oconee","Tamassee Knob","","","","","252804","1","","","","Public - federal","120.0'","Clinometer/laser rangefinder/sine","","","","","Jess Riddle","2003-03-15","http%3A%2F%2Fwww.ents-bbs.org%2Fviewtopic.php%3Ff%3D122%26t%3D7608","N"
"Chestnut Oak","Quercus montana","South Carolina","Oconee","Tamassee Knob","","","","","252808","1","","","","Public - federal","126.0'","Clinometer/laser rangefinder/sine","5.8'","70''","","","Jess Riddle","2003-03-15","http%3A%2F%2Fwww.ents-bbs.org%2Fviewtopic.php%3Ff%3D122%26t%3D7608","N"
"Chestnut Oak","Quercus montana","South Carolina","Oconee","Tamassee Knob","","","","","252916","1","","","","Public - federal","132.7'","Clinometer/laser rangefinder/sine","","","","","Jess Riddle","2005-03-02","http%3A%2F%2Fwww.ents-bbs.org%2Fviewtopic.php%3Ff%3D122%26t%3D7608","N"
"Chestnut Oak","Quercus montana","South Carolina","Oconee","Tamassee Knob","","","","","252853","1","","","","Public - federal","133.7'","Clinometer/laser rangefinder/sine","6.2'","74''","","South facing cove.","Jess Riddle","2005-03-02","http%3A%2F%2Fwww.ents-bbs.org%2Fviewtopic.php%3Ff%3D122%26t%3D7608","N"
"Chestnut Oak","Quercus montana","South Carolina","Oconee","Tamassee Knob","","","","","252809","1","","","","Public - federal","140.3'","Clinometer/laser rangefinder/sine","7.6'","91''","","","Jess Riddle","2003-03-15","http%3A%2F%2Fwww.ents-bbs.org%2Fviewtopic.php%3Ff%3D122%26t%3D7608","N"
"Chestnut Oak","Quercus montana","South Carolina","Oconee","Tamassee Knob","","","","","252810","1","","","","Public - federal","143.9'","Clinometer/laser rangefinder/sine","0.8'","9''","","","Jess Riddle","2003-03-15","http%3A%2F%2Fwww.ents-bbs.org%2Fviewtopic.php%3Ff%3D122%26t%3D7608","N"
"Eastern Hemlock","Tsuga canadensis","South Carolina","Oconee","Tamassee Knob","","","","","237362","1","","","","Public - federal","140.4'","Clinometer/laser rangefinder/sine","9.3'","112''","","","Jess Riddle","2002-05-09","http%3A%2F%2Fwww.ents-bbs.org%2Fviewtopic.php%3Ff%3D122%26t%3D7608","N"
"Eastern Redbud","Cercis canadensis","South Carolina","Oconee","Tamassee Knob","","","","","253020","1","","","","Public - federal","53.4'","Clinometer/laser rangefinder/sine","1.3'","16''","","","Jess Riddle","2016-03-20","http%3A%2F%2Fwww.ents-bbs.org%2Fviewtopic.php%3Ff%3D122%26t%3D7608","N"
"Eastern Redbud","Cercis canadensis","South Carolina","Oconee","Tamassee Knob","","","","","253019","1","","","","Public - federal","57.3'","Clinometer/laser rangefinder/sine","2.3'","27''","","","Jess Riddle","2016-03-20","http%3A%2F%2Fwww.ents-bbs.org%2Fviewtopic.php%3Ff%3D122%26t%3D7608","N"
"Grape","Vitis spp.","South Carolina","Oconee","Tamassee Knob","","","","","252791","1","","","","Public - federal","","Clinometer/laser rangefinder/sine","1.3'","15''","","","Jess Riddle","2003-03-15","http%3A%2F%2Fwww.ents-bbs.org%2Fviewtopic.php%3Ff%3D122%26t%3D7608","N"
"Grape","Vitis spp.","South Carolina","Oconee","Tamassee Knob","","","","","252861","1","","","","Public - federal","","Clinometer/laser rangefinder/sine","1.5'","18''","","","Jess Riddle","2005-03-02","http%3A%2F%2Fwww.ents-bbs.org%2Fviewtopic.php%3Ff%3D122%26t%3D7608","N"
"Grape","Vitis spp.","South Carolina","Oconee","Tamassee Knob","","","","","252985","1","","","","Public - federal","","Clinometer/laser rangefinder/sine","1.8'","21''","","","Jess Riddle","2004-03-22","http%3A%2F%2Fwww.ents-bbs.org%2Fviewtopic.php%3Ff%3D122%26t%3D7608","N"
"Green Ash","Fraxinus pennsylvanica","South Carolina","Oconee","Tamassee Knob","","","","","252855","1","","","","Public - federal","115.8'","Clinometer/laser rangefinder/sine","9.7'","116''","","","Jess Riddle","2005-03-02","http%3A%2F%2Fwww.ents-bbs.org%2Fviewtopic.php%3Ff%3D122%26t%3D7608","N"
"Green Ash","Fraxinus pennsylvanica","South Carolina","Oconee","Tamassee Knob","","","","","252906","1","","","","Public - federal","126.6'","Clinometer/laser rangefinder/sine","","","","","Jess Riddle","2005-03-02","http%3A%2F%2Fwww.ents-bbs.org%2Fviewtopic.php%3Ff%3D122%26t%3D7608","N"
"Green Ash","Fraxinus pennsylvanica","South Carolina","Oconee","Tamassee Knob","","","","","252856","1","","","","Public - federal","131.0'","Clinometer/laser rangefinder/sine","7.5'","90''","","","Jess Riddle","2005-03-02","http%3A%2F%2Fwww.ents-bbs.org%2Fviewtopic.php%3Ff%3D122%26t%3D7608","N"
"Green Ash","Fraxinus pennsylvanica","South Carolina","Oconee","Tamassee Knob","","","","","252881","1","","","","Public - federal","131.0'","Clinometer/laser rangefinder/sine","6.4'","77''","","","Jess Riddle","2005-03-02","http%3A%2F%2Fwww.ents-bbs.org%2Fviewtopic.php%3Ff%3D122%26t%3D7608","N"
"Green Ash","Fraxinus pennsylvanica","South Carolina","Oconee","Tamassee Knob","","","","","252880","1","","","","Public - federal","135.1'","Clinometer/laser rangefinder/sine","","","","","Jess Riddle","2005-03-02","http%3A%2F%2Fwww.ents-bbs.org%2Fviewtopic.php%3Ff%3D122%26t%3D7608","N"
"Green Ash","Fraxinus pennsylvanica","South Carolina","Oconee","Tamassee Knob","","","","","252857","1","","","","Public - federal","139.6'","Clinometer/laser rangefinder/sine","9.2'","110''","","","Jess Riddle","2005-03-02","http%3A%2F%2Fwww.ents-bbs.org%2Fviewtopic.php%3Ff%3D122%26t%3D7608","N"
"Mockernut Hickory","Carya tomentosa","South Carolina","Oconee","Tamassee Knob","","","","","252887","1","","","","Public - federal","130.5'","Clinometer/laser rangefinder/sine","7.8'","94''","","","Jess Riddle","2005-03-02","http%3A%2F%2Fwww.ents-bbs.org%2Fviewtopic.php%3Ff%3D122%26t%3D7608","N"
"Northern Red Oak","Quercus rubra","South Carolina","Oconee","Tamassee Knob","","","","","252812","1","","","","Public - federal","117.3'","Clinometer/laser rangefinder/sine","","","","","Jess Riddle","2003-03-15","http%3A%2F%2Fwww.ents-bbs.org%2Fviewtopic.php%3Ff%3D122%26t%3D7608","N"
"Northern Red Oak","Quercus rubra","South Carolina","Oconee","Tamassee Knob","","","","","252781","1","","","","Public - federal","120.9'","Clinometer/laser rangefinder/sine","","","","","Jess Riddle","2003-03-15","http%3A%2F%2Fwww.ents-bbs.org%2Fviewtopic.php%3Ff%3D122%26t%3D7608","N"
"Northern Red Oak","Quercus rubra","South Carolina","Oconee","Tamassee Knob","","","","","252813","1","","","","Public - federal","125.3'","Clinometer/laser rangefinder/sine","","","","","Jess Riddle","2003-03-15","http%3A%2F%2Fwww.ents-bbs.org%2Fviewtopic.php%3Ff%3D122%26t%3D7608","N"
"Northern Red Oak","Quercus rubra","South Carolina","Oconee","Tamassee Knob","","","","","252795","1","","","","Public - federal","126.9'","Clinometer/laser rangefinder/sine","7.0'","84''","","","Jess Riddle","2003-03-15","http%3A%2F%2Fwww.ents-bbs.org%2Fviewtopic.php%3Ff%3D122%26t%3D7608","N"
"Northern Red Oak","Quercus rubra","South Carolina","Oconee","Tamassee Knob","","","","","252894","1","","","","Public - federal","130.5'","Clinometer/laser rangefinder/sine","8.2'","98''","","","Jess Riddle","2005-03-02","http%3A%2F%2Fwww.ents-bbs.org%2Fviewtopic.php%3Ff%3D122%26t%3D7608","N"
"Northern Red Oak","Quercus rubra","South Carolina","Oconee","Tamassee Knob","","","","","252895","1","","","","Public - federal","132.7'","Clinometer/laser rangefinder/sine","10.2'","122''","","","Jess Riddle","2005-03-02","http%3A%2F%2Fwww.ents-bbs.org%2Fviewtopic.php%3Ff%3D122%26t%3D7608","N"
"Northern Red Oak","Quercus rubra","South Carolina","Oconee","Tamassee Knob","","","","","252814","1","","","","Public - federal","135.0'","Clinometer/laser rangefinder/sine","7.3'","87''","","","Jess Riddle","2003-03-15","http%3A%2F%2Fwww.ents-bbs.org%2Fviewtopic.php%3Ff%3D122%26t%3D7608","N"
"Northern Red Oak","Quercus rubra","South Carolina","Oconee","Tamassee Knob","","","","","252909","1","","","","Public - federal","135.5'","Clinometer/laser rangefinder/sine","","","","Height is Not Less Than(NLT)","Jess Riddle","2005-03-02","http%3A%2F%2Fwww.ents-bbs.org%2Fviewtopic.php%3Ff%3D122%26t%3D7608","N"
"Northern Red Oak","Quercus rubra","South Carolina","Oconee","Tamassee Knob","","","","","252869","1","","","","Public - federal","136.6'","Clinometer/laser rangefinder/sine","9.3'","111''","","","Jess Riddle","2005-03-02","http%3A%2F%2Fwww.ents-bbs.org%2Fviewtopic.php%3Ff%3D122%26t%3D7608","N"
"Northern Red Oak","Quercus rubra","South Carolina","Oconee","Tamassee Knob","","","","","252987","1","","","","Public - federal","136.6'","Clinometer/laser rangefinder/sine","7.9'","95''","","","Jess Riddle","2004-03-22","http%3A%2F%2Fwww.ents-bbs.org%2Fviewtopic.php%3Ff%3D122%26t%3D7608","N"
"Northern Red Oak","Quercus rubra","South Carolina","Oconee","Tamassee Knob","","","","","252896","1","","","","Public - federal","137.3'","Clinometer/laser rangefinder/sine","7.6'","91''","","","Jess Riddle","2005-03-02","http%3A%2F%2Fwww.ents-bbs.org%2Fviewtopic.php%3Ff%3D122%26t%3D7608","N"
"Northern Red Oak","Quercus rubra","South Carolina","Oconee","Tamassee Knob","","","","","252897","1","","","","Public - federal","138.2'","Clinometer/laser rangefinder/sine","10.3'","124''","","","Jess Riddle","2005-03-02","http%3A%2F%2Fwww.ents-bbs.org%2Fviewtopic.php%3Ff%3D122%26t%3D7608","N"
"Northern Red Oak","Quercus rubra","South Carolina","Oconee","Tamassee Knob","","","","","252870","1","","","","Public - federal","145.3'","Clinometer/laser rangefinder/sine","7.9'","95''","","","Jess Riddle","2005-03-02","http%3A%2F%2Fwww.ents-bbs.org%2Fviewtopic.php%3Ff%3D122%26t%3D7608","N"
"Northern Red Oak","Quercus rubra","South Carolina","Oconee","Tamassee Knob","","","","","252915","1","","","","Public - federal","153.0'","Clinometer/laser rangefinder/sine","","","","","Jess Riddle","2005-03-02","http%3A%2F%2Fwww.ents-bbs.org%2Fviewtopic.php%3Ff%3D122%26t%3D7608","N"
"Pawpaw","Asimina triloba","South Carolina","Oconee","Tamassee Knob","","","","","253018","1","","","","Public - federal","52.7'","Clinometer/laser rangefinder/sine","1.1'","13''","","","Jess Riddle","2016-03-20","http%3A%2F%2Fwww.ents-bbs.org%2Fviewtopic.php%3Ff%3D122%26t%3D7608","N"
"Pignut Hickory","Carya glabra","South Carolina","Oconee","Tamassee Knob","","","","","252907","1","","","","Public - federal","135.0'","Clinometer/laser rangefinder/sine","","","","","Jess Riddle","2005-03-02","http%3A%2F%2Fwww.ents-bbs.org%2Fviewtopic.php%3Ff%3D122%26t%3D7608","N"
"Pignut Hickory","Carya glabra","South Carolina","Oconee","Tamassee Knob","","","","","252889","1","","","","Public - federal","138.9'","Clinometer/laser rangefinder/sine","7.2'","86''","","","Jess Riddle","2005-03-02","http%3A%2F%2Fwww.ents-bbs.org%2Fviewtopic.php%3Ff%3D122%26t%3D7608","N"
"Pignut Hickory","Carya glabra","South Carolina","Oconee","Tamassee Knob","","","","","252794","1","","","","Public - federal","139.0'","Clinometer/laser rangefinder/sine","6.1'","73''","","","Jess Riddle","2003-03-15","http%3A%2F%2Fwww.ents-bbs.org%2Fviewtopic.php%3Ff%3D122%26t%3D7608","N"
"Pignut Hickory","Carya glabra","South Carolina","Oconee","Tamassee Knob","","","","","252862","1","","","","Public - federal","142.4'","Clinometer/laser rangefinder/sine","6.1'","73''","","","Jess Riddle","2005-03-02","http%3A%2F%2Fwww.ents-bbs.org%2Fviewtopic.php%3Ff%3D122%26t%3D7608","N"
"Pignut Hickory","Carya glabra","South Carolina","Oconee","Tamassee Knob","","","","","252777","1","","","","Public - federal","143.5'","Clinometer/laser rangefinder/sine","8.3'","100''","","","Jess Riddle","2003-03-15","http%3A%2F%2Fwww.ents-bbs.org%2Fviewtopic.php%3Ff%3D122%26t%3D7608","N"
"Pignut Hickory","Carya glabra","South Carolina","Oconee","Tamassee Knob","","","","","252805","1","","","","Public - federal","144.2'","Clinometer/laser rangefinder/sine","6.9'","83''","","","Jess Riddle","2003-03-15","http%3A%2F%2Fwww.ents-bbs.org%2Fviewtopic.php%3Ff%3D122%26t%3D7608","N"
"Pignut Hickory","Carya glabra","South Carolina","Oconee","Tamassee Knob","","","","","252806","1","","","","Public - federal","145.8'","Clinometer/laser rangefinder/sine","8.2'","98''","","","Jess Riddle","2003-03-15","http%3A%2F%2Fwww.ents-bbs.org%2Fviewtopic.php%3Ff%3D122%26t%3D7608","N"
"Pignut Hickory","Carya glabra","South Carolina","Oconee","Tamassee Knob","","","","","252863","1","","","","Public - federal","149.0'","Clinometer/laser rangefinder/sine","9.7'","116''","86.0'","","Jess Riddle","2005-03-02","http%3A%2F%2Fwww.ents-bbs.org%2Fviewtopic.php%3Ff%3D122%26t%3D7608","N"
"Pignut Hickory","Carya glabra","South Carolina","Oconee","Tamassee Knob","","","","","253016","1","","","","Public - federal","151.3'","Clinometer/laser rangefinder/sine","8.8'","105''","","","Jess Riddle","2016-03-20","http%3A%2F%2Fwww.ents-bbs.org%2Fviewtopic.php%3Ff%3D122%26t%3D7608","N"
"Pignut Hickory","Carya glabra","South Carolina","Oconee","Tamassee Knob","","","","","252864","1","","","","Public - federal","159.1'","Clinometer/laser rangefinder/sine","7.3'","88''","","","Jess Riddle","2005-03-02","http%3A%2F%2Fwww.ents-bbs.org%2Fviewtopic.php%3Ff%3D122%26t%3D7608","N"
"Pignut Hickory","Carya glabra","South Carolina","Oconee","Tamassee Knob","","","","","252908","1","","","","Public - federal","160.0'","Clinometer/laser rangefinder/sine","","","","Height is Not Less Than(NLT)","Jess Riddle","2005-03-02","http%3A%2F%2Fwww.ents-bbs.org%2Fviewtopic.php%3Ff%3D122%26t%3D7608","N"
"Post Oak","Quercus stellata","South Carolina","Oconee","Tamassee Knob","","","","","252988","1","","","","Public - federal","98.5'","Clinometer/laser rangefinder/sine","4.4'","53''","","","Jess Riddle","2004-03-22","http%3A%2F%2Fwww.ents-bbs.org%2Fviewtopic.php%3Ff%3D122%26t%3D7608","N"
"Red Hickory","Carya ovalis","South Carolina","Oconee","Tamassee Knob","","","","","253024","1","","","","Public - federal","151.5'","Clinometer/laser rangefinder/sine","8.2'","98''","","","Jess Riddle","2016-03-20","http%3A%2F%2Fwww.ents-bbs.org%2Fviewtopic.php%3Ff%3D122%26t%3D7608","N"
"Red Hickory","Carya ovalis","South Carolina","Oconee","Tamassee Knob","","","","","253021","1","","","","Public - federal","152.1'","Clinometer/laser rangefinder/sine","6.7'","80''","","","Jess Riddle","2016-03-20","http%3A%2F%2Fwww.ents-bbs.org%2Fviewtopic.php%3Ff%3D122%26t%3D7608","N"
"Red Hickory","Carya ovalis","South Carolina","Oconee","Tamassee Knob","","","","","253014","1","","","","Public - federal","153.5'","Clinometer/laser rangefinder/sine","9.0'","108''","","","Jess Riddle","2016-03-20","http%3A%2F%2Fwww.ents-bbs.org%2Fviewtopic.php%3Ff%3D122%26t%3D7608","N"
"Red Mulberry","Morus rubra","South Carolina","Oconee","Tamassee Knob","","","","","252986","1","","","","Public - federal","49.5'","Clinometer/laser rangefinder/sine","3.3'","39''","","","Jess Riddle","2004-03-22","http%3A%2F%2Fwww.ents-bbs.org%2Fviewtopic.php%3Ff%3D122%26t%3D7608","N"
"Sand Hickory","Carya pallida","South Carolina","Oconee","Tamassee Knob","","","","","252852","1","","","","Public - federal","93.4'","Clinometer/laser rangefinder/sine","3.8'","45''","","South facing cove.","Jess Riddle","2005-03-02","http%3A%2F%2Fwww.ents-bbs.org%2Fviewtopic.php%3Ff%3D122%26t%3D7608","N"
"Sand Hickory","Carya pallida","South Carolina","Oconee","Tamassee Knob","34 51.391","-083 05.271","","","252888","2","34 51.391","-083 05.271","","Public - federal","123.3'","Clinometer/laser rangefinder/sine","6.8'","81''","","","Jess Riddle, Jess Riddle","2016-03-20","http%3A%2F%2Fwww.ents-bbs.org%2Fviewtopic.php%3Ff%3D122%26t%3D7608","N"
"Scarlet Oak","Quercus coccinea","South Carolina","Oconee","Tamassee Knob","","","","","252914","1","","","","Public - federal","123.4'","Clinometer/laser rangefinder/sine","","","","","Jess Riddle","2005-03-02","http%3A%2F%2Fwww.ents-bbs.org%2Fviewtopic.php%3Ff%3D122%26t%3D7608","N"
"Shortleaf Pine","Pinus echinata","South Carolina","Oconee","Tamassee Knob","","","","","252898","1","","","","Public - federal","124.2'","Clinometer/laser rangefinder/sine","4.2'","50''","","","Jess Riddle","2005-03-02","http%3A%2F%2Fwww.ents-bbs.org%2Fviewtopic.php%3Ff%3D122%26t%3D7608","N"
"Shortleaf Pine","Pinus echinata","South Carolina","Oconee","Tamassee Knob","","","","","252971","1","","","","Public - federal","128.4'","Clinometer/laser rangefinder/sine","6.9'","83''","","","Jess Riddle","2004-03-22","http%3A%2F%2Fwww.ents-bbs.org%2Fviewtopic.php%3Ff%3D122%26t%3D7608","N"
"Shortleaf Pine","Pinus echinata","South Carolina","Oconee","Tamassee Knob","","","","","252785","1","","","","Public - federal","133.1'","Clinometer/laser rangefinder/sine","5.8'","70''","","","Jess Riddle","2003-03-15","http%3A%2F%2Fwww.ents-bbs.org%2Fviewtopic.php%3Ff%3D122%26t%3D7608","N"
"Shortleaf Pine","Pinus echinata","South Carolina","Oconee","Tamassee Knob","","","","","252972","1","","","","Public - federal","134.9'","Clinometer/laser rangefinder/sine","6.3'","76''","","","Jess Riddle","2004-03-22","http%3A%2F%2Fwww.ents-bbs.org%2Fviewtopic.php%3Ff%3D122%26t%3D7608","N"
"Shortleaf Pine","Pinus echinata","South Carolina","Oconee","Tamassee Knob","","","","","252786","1","","","","Public - federal","139.4'","Clinometer/laser rangefinder/sine","6.3'","75''","","","Jess Riddle","2003-03-15","http%3A%2F%2Fwww.ents-bbs.org%2Fviewtopic.php%3Ff%3D122%26t%3D7608","N"
"Shortleaf Pine","Pinus echinata","South Carolina","Oconee","Tamassee Knob","","","","","252973","1","","","","Public - federal","140.0'","Clinometer/laser rangefinder/sine","6.1'","73''","","","Jess Riddle","2004-03-22","http%3A%2F%2Fwww.ents-bbs.org%2Fviewtopic.php%3Ff%3D122%26t%3D7608","N"
"Silktree","Albizia julibrissin","South Carolina","Oconee","Tamassee Knob","","","","","253017","1","","","","Public - federal","81.7'","Clinometer/laser rangefinder/sine","2.4'","29''","","","Jess Riddle","2016-03-20","http%3A%2F%2Fwww.ents-bbs.org%2Fviewtopic.php%3Ff%3D122%26t%3D7608","N"
"Slippery Elm","Ulmus rubra","South Carolina","Oconee","Tamassee Knob","","","","","252884","1","","","","Public - federal","107.7'","Clinometer/laser rangefinder/sine","3.8'","46''","","","Jess Riddle","2005-03-02","http%3A%2F%2Fwww.ents-bbs.org%2Fviewtopic.php%3Ff%3D122%26t%3D7608","N"
"Slippery Elm","Ulmus rubra","South Carolina","Oconee","Tamassee Knob","","","","","252799","1","","","","Public - federal","141.2'","Clinometer/laser rangefinder/sine","6.4'","77''","","","Jess Riddle","2003-03-15","http%3A%2F%2Fwww.ents-bbs.org%2Fviewtopic.php%3Ff%3D122%26t%3D7608","N"
"Sweet Birch","Betula lenta","South Carolina","Oconee","Tamassee Knob","","","","","237358","1","","","","Public - federal","96.9'","Clinometer/laser rangefinder/sine","4.6'","55''","","","Jess Riddle","2002-05-09","http%3A%2F%2Fwww.ents-bbs.org%2Fviewtopic.php%3Ff%3D122%26t%3D7608","N"
"Sweet Birch","Betula lenta","South Carolina","Oconee","Tamassee Knob","","","","","237359","1","","","","Public - federal","109.6'","Clinometer/laser rangefinder/sine","5.2'","62''","","","Jess Riddle","2002-05-09","http%3A%2F%2Fwww.ents-bbs.org%2Fviewtopic.php%3Ff%3D122%26t%3D7608","N"
"Sweetgum","Liquidambar styraciflua","South Carolina","Oconee","Tamassee Knob","","","","","252787","1","","","","Public - federal","129.3'","Clinometer/laser rangefinder/sine","6.2'","74''","","","Jess Riddle","2003-03-15","http%3A%2F%2Fwww.ents-bbs.org%2Fviewtopic.php%3Ff%3D122%26t%3D7608","N"
"Sweetgum","Liquidambar styraciflua","South Carolina","Oconee","Tamassee Knob","","","","","252802","1","","","","Public - federal","135.3'","Clinometer/laser rangefinder/sine","7.8'","93''","","","Jess Riddle","2003-03-15","http%3A%2F%2Fwww.ents-bbs.org%2Fviewtopic.php%3Ff%3D122%26t%3D7608","N"
"Sweetgum","Liquidambar styraciflua","South Carolina","Oconee","Tamassee Knob","","","","","252871","1","","","","Public - federal","136.1'","Clinometer/laser rangefinder/sine","5.1'","61''","","","Jess Riddle","2005-03-02","http%3A%2F%2Fwww.ents-bbs.org%2Fviewtopic.php%3Ff%3D122%26t%3D7608","N"
"Sweetgum","Liquidambar styraciflua","South Carolina","Oconee","Tamassee Knob","","","","","252879","1","","","","Public - federal","139.2'","Clinometer/laser rangefinder/sine","8.3'","99''","","","Jess Riddle","2005-03-02","http%3A%2F%2Fwww.ents-bbs.org%2Fviewtopic.php%3Ff%3D122%26t%3D7608","N"
"Sweetgum","Liquidambar styraciflua","South Carolina","Oconee","Tamassee Knob","","","","","252788","1","","","","Public - federal","139.3'","Clinometer/laser rangefinder/sine","8.3'","99''","","","Jess Riddle","2003-03-15","http%3A%2F%2Fwww.ents-bbs.org%2Fviewtopic.php%3Ff%3D122%26t%3D7608","N"
"Sweetgum","Liquidambar styraciflua","South Carolina","Oconee","Tamassee Knob","","","","","253023","1","","","","Public - federal","143.0'","Clinometer/laser rangefinder/sine","7.4'","89''","","","Jess Riddle","2016-03-20","http%3A%2F%2Fwww.ents-bbs.org%2Fviewtopic.php%3Ff%3D122%26t%3D7608","N"
"Sweetgum","Liquidambar styraciflua","South Carolina","Oconee","Tamassee Knob","34 51.519","-083 05.303","","","252823","2","34 51.519","-083 05.303","","Public - federal","147.0'","Clinometer/laser rangefinder/sine","4.9'","59''","","","Jess Riddle, Jess Riddle","2016-03-20","http%3A%2F%2Fwww.ents-bbs.org%2Fviewtopic.php%3Ff%3D122%26t%3D7608","N"
"Sweetgum","Liquidambar styraciflua","South Carolina","Oconee","Tamassee Knob","34 51.392","-083 05.255","","","252872","2","34 51.392","-083 05.255","","Public - federal","151.4'","Clinometer/laser rangefinder/sine","6.0'","72''","","","Jess Riddle, Jess Riddle","2016-03-20","http%3A%2F%2Fwww.ents-bbs.org%2Fviewtopic.php%3Ff%3D122%26t%3D7608","N"
"Table Mountain Pine","Pinus pungens","South Carolina","Oconee","Tamassee Knob","","","","","252899","1","","","","Public - federal","89.5'","Clinometer/laser rangefinder/sine","5.3'","64''","","","Jess Riddle","2005-03-02","http%3A%2F%2Fwww.ents-bbs.org%2Fviewtopic.php%3Ff%3D122%26t%3D7608","N"
"Tuliptree","Liriodendron tulipifera","South Carolina","Oconee","Tamassee Knob","","","","","252790","1","","","","Public - federal","13.1'","Clinometer/laser rangefinder/sine","","","","","Jess Riddle","2003-03-15","http%3A%2F%2Fwww.ents-bbs.org%2Fviewtopic.php%3Ff%3D122%26t%3D7608","N"
"Tuliptree","Liriodendron tulipifera","South Carolina","Oconee","Tamassee Knob","","","","","252974","1","","","","Public - federal","132.7'","Clinometer/laser rangefinder/sine","10.2'","122''","","","Jess Riddle","2004-03-22","http%3A%2F%2Fwww.ents-bbs.org%2Fviewtopic.php%3Ff%3D122%26t%3D7608","N"
"Tuliptree","Liriodendron tulipifera","South Carolina","Oconee","Tamassee Knob","","","","","252854","1","","","","Public - federal","134.4'","Clinometer/laser rangefinder/sine","3.8'","46''","","South facing cove.","Jess Riddle","2005-03-02","http%3A%2F%2Fwww.ents-bbs.org%2Fviewtopic.php%3Ff%3D122%26t%3D7608","N"
"Tuliptree","Liriodendron tulipifera","South Carolina","Oconee","Tamassee Knob","","","","","252815","1","","","","Public - federal","135.3'","Clinometer/laser rangefinder/sine","","","","","Jess Riddle","2003-03-15","http%3A%2F%2Fwww.ents-bbs.org%2Fviewtopic.php%3Ff%3D122%26t%3D7608","N"
"Tuliptree","Liriodendron tulipifera","South Carolina","Oconee","Tamassee Knob","","","","","252789","1","","","","Public - federal","142.6'","Clinometer/laser rangefinder/sine","","","","","Jess Riddle","2003-03-15","http%3A%2F%2Fwww.ents-bbs.org%2Fviewtopic.php%3Ff%3D122%26t%3D7608","N"
"Tuliptree","Liriodendron tulipifera","South Carolina","Oconee","Tamassee Knob","","","","","252975","1","","","","Public - federal","142.6'","Clinometer/laser rangefinder/sine","","","","","Jess Riddle","2004-03-22","http%3A%2F%2Fwww.ents-bbs.org%2Fviewtopic.php%3Ff%3D122%26t%3D7608","N"
"Tuliptree","Liriodendron tulipifera","South Carolina","Oconee","Tamassee Knob","","","","","252976","1","","","","Public - federal","144.1'","Clinometer/laser rangefinder/sine","8.3'","99''","","","Jess Riddle","2004-03-22","http%3A%2F%2Fwww.ents-bbs.org%2Fviewtopic.php%3Ff%3D122%26t%3D7608","N"
"Tuliptree","Liriodendron tulipifera","South Carolina","Oconee","Tamassee Knob","","","","","252816","1","","","","Public - federal","147.4'","Clinometer/laser rangefinder/sine","","","","","Jess Riddle","2003-03-15","http%3A%2F%2Fwww.ents-bbs.org%2Fviewtopic.php%3Ff%3D122%26t%3D7608","N"
"Tuliptree","Liriodendron tulipifera","South Carolina","Oconee","Tamassee Knob","","","","","252817","1","","","","Public - federal","147.7'","Clinometer/laser rangefinder/sine","8.7'","104''","","","Jess Riddle","2003-03-15","http%3A%2F%2Fwww.ents-bbs.org%2Fviewtopic.php%3Ff%3D122%26t%3D7608","N"
"Tuliptree","Liriodendron tulipifera","South Carolina","Oconee","Tamassee Knob","","","","","252977","1","","","","Public - federal","150.1'","Clinometer/laser rangefinder/sine","7.0'","84''","","","Jess Riddle","2004-03-22","http%3A%2F%2Fwww.ents-bbs.org%2Fviewtopic.php%3Ff%3D122%26t%3D7608","N"
"Tuliptree","Liriodendron tulipifera","South Carolina","Oconee","Tamassee Knob","","","","","252818","1","","","","Public - federal","150.5'","Clinometer/laser rangefinder/sine","7.4'","89''","","","Jess Riddle","2003-03-15","http%3A%2F%2Fwww.ents-bbs.org%2Fviewtopic.php%3Ff%3D122%26t%3D7608","N"
"Tuliptree","Liriodendron tulipifera","South Carolina","Oconee","Tamassee Knob","","","","","252978","1","","","","Public - federal","150.5'","Clinometer/laser rangefinder/sine","9.5'","114''","","","Jess Riddle","2004-03-22","http%3A%2F%2Fwww.ents-bbs.org%2Fviewtopic.php%3Ff%3D122%26t%3D7608","N"
"Tuliptree","Liriodendron tulipifera","South Carolina","Oconee","Tamassee Knob","","","","","252979","1","","","","Public - federal","151.8'","Clinometer/laser rangefinder/sine","9.4'","113''","","","Jess Riddle","2004-03-22","http%3A%2F%2Fwww.ents-bbs.org%2Fviewtopic.php%3Ff%3D122%26t%3D7608","N"
"Tuliptree","Liriodendron tulipifera","South Carolina","Oconee","Tamassee Knob","","","","","252989","1","","","","Public - federal","153.2'","Clinometer/laser rangefinder/sine","8.3'","100''","","","Jess Riddle","2004-03-22","http%3A%2F%2Fwww.ents-bbs.org%2Fviewtopic.php%3Ff%3D122%26t%3D7608","N"
"Tuliptree","Liriodendron tulipifera","South Carolina","Oconee","Tamassee Knob","","","","","252900","1","","","","Public - federal","153.4'","Clinometer/laser rangefinder/sine","5.8'","69''","","","Jess Riddle","2005-03-02","http%3A%2F%2Fwww.ents-bbs.org%2Fviewtopic.php%3Ff%3D122%26t%3D7608","N"
"Tuliptree","Liriodendron tulipifera","South Carolina","Oconee","Tamassee Knob","","","","","252990","1","","","","Public - federal","153.7'","Clinometer/laser rangefinder/sine","5.6'","67''","","","Jess Riddle","2004-03-22","http%3A%2F%2Fwww.ents-bbs.org%2Fviewtopic.php%3Ff%3D122%26t%3D7608","N"
"Tuliptree","Liriodendron tulipifera","South Carolina","Oconee","Tamassee Knob","","","","","253026","1","","","","Public - federal","154.0'","Clinometer/laser rangefinder/sine","7.9'","95''","","","Jess Riddle","2016-03-20","http%3A%2F%2Fwww.ents-bbs.org%2Fviewtopic.php%3Ff%3D122%26t%3D7608","N"
"Tuliptree","Liriodendron tulipifera","South Carolina","Oconee","Tamassee Knob","","","","","252991","1","","","","Public - federal","155.3'","Clinometer/laser rangefinder/sine","7.3'","87''","","","Jess Riddle","2004-03-22","http%3A%2F%2Fwww.ents-bbs.org%2Fviewtopic.php%3Ff%3D122%26t%3D7608","N"
"Tuliptree","Liriodendron tulipifera","South Carolina","Oconee","Tamassee Knob","","","","","252873","1","","","","Public - federal","155.7'","Clinometer/laser rangefinder/sine","10.8'","129''","","","Jess Riddle","2005-03-02","http%3A%2F%2Fwww.ents-bbs.org%2Fviewtopic.php%3Ff%3D122%26t%3D7608","N"
"Tuliptree","Liriodendron tulipifera","South Carolina","Oconee","Tamassee Knob","","","","","252992","1","","","","Public - federal","155.9'","Clinometer/laser rangefinder/sine","8.7'","104''","","","Jess Riddle","2004-03-22","http%3A%2F%2Fwww.ents-bbs.org%2Fviewtopic.php%3Ff%3D122%26t%3D7608","N"
"Tuliptree","Liriodendron tulipifera","South Carolina","Oconee","Tamassee Knob","","","","","252993","1","","","","Public - federal","156.0'","Clinometer/laser rangefinder/sine","5.6'","67''","","","Jess Riddle","2004-03-22","http%3A%2F%2Fwww.ents-bbs.org%2Fviewtopic.php%3Ff%3D122%26t%3D7608","N"
"Tuliptree","Liriodendron tulipifera","South Carolina","Oconee","Tamassee Knob","","","","","252917","1","","","","Public - federal","156.3'","Clinometer/laser rangefinder/sine","","","","","Jess Riddle","2005-03-02","http%3A%2F%2Fwww.ents-bbs.org%2Fviewtopic.php%3Ff%3D122%26t%3D7608","N"
"Tuliptree","Liriodendron tulipifera","South Carolina","Oconee","Tamassee Knob","34 51.521","-083 05.323","","","252980","1","34 51.521","-083 05.323","","Public - federal","156.8'","Clinometer/laser rangefinder/sine","14.3'","171''","","","Jess Riddle","2004-03-22","http%3A%2F%2Fwww.ents-bbs.org%2Fviewtopic.php%3Ff%3D122%26t%3D7608","N"
"Tuliptree","Liriodendron tulipifera","South Carolina","Oconee","Tamassee Knob","","","","","252874","1","","","","Public - federal","157.2'","Clinometer/laser rangefinder/sine","8.1'","97''","","","Jess Riddle","2005-03-02","http%3A%2F%2Fwww.ents-bbs.org%2Fviewtopic.php%3Ff%3D122%26t%3D7608","N"
"Tuliptree","Liriodendron tulipifera","South Carolina","Oconee","Tamassee Knob","","","","","252994","1","","","","Public - federal","158.2'","Clinometer/laser rangefinder/sine","7.4'","89''","","","Jess Riddle","2004-03-22","http%3A%2F%2Fwww.ents-bbs.org%2Fviewtopic.php%3Ff%3D122%26t%3D7608","N"
"Tuliptree","Liriodendron tulipifera","South Carolina","Oconee","Tamassee Knob","","","","","252901","1","","","","Public - federal","158.3'","Clinometer/laser rangefinder/sine","9.1'","109''","","","Jess Riddle","2005-03-02","http%3A%2F%2Fwww.ents-bbs.org%2Fviewtopic.php%3Ff%3D122%26t%3D7608","N"
"Tuliptree","Liriodendron tulipifera","South Carolina","Oconee","Tamassee Knob","","","","","252995","1","","","","Public - federal","158.9'","Clinometer/laser rangefinder/sine","8.9'","107''","","","Jess Riddle","2004-03-22","http%3A%2F%2Fwww.ents-bbs.org%2Fviewtopic.php%3Ff%3D122%26t%3D7608","N"
"Tuliptree","Liriodendron tulipifera","South Carolina","Oconee","Tamassee Knob","","","","","252981","1","","","","Public - federal","159.0'","Clinometer/laser rangefinder/sine","8.6'","103''","","","Jess Riddle","2004-03-22","http%3A%2F%2Fwww.ents-bbs.org%2Fviewtopic.php%3Ff%3D122%26t%3D7608","N"
"Tuliptree","Liriodendron tulipifera","South Carolina","Oconee","Tamassee Knob","","","","","252982","1","","","","Public - federal","160.5'","Clinometer/laser rangefinder/sine","","","","","Jess Riddle","2004-03-22","http%3A%2F%2Fwww.ents-bbs.org%2Fviewtopic.php%3Ff%3D122%26t%3D7608","N"
"Tuliptree","Liriodendron tulipifera","South Carolina","Oconee","Tamassee Knob","","","","","252876","1","","","","Public - federal","161.4'","Clinometer/laser rangefinder/sine","9.3'","111''","","","Jess Riddle","2005-03-02","http%3A%2F%2Fwww.ents-bbs.org%2Fviewtopic.php%3Ff%3D122%26t%3D7608","N"
"Tuliptree","Liriodendron tulipifera","South Carolina","Oconee","Tamassee Knob","","","","","252983","1","","","","Public - federal","162.5'","Clinometer/laser rangefinder/sine","8.8'","106''","","","Jess Riddle","2004-03-22","http%3A%2F%2Fwww.ents-bbs.org%2Fviewtopic.php%3Ff%3D122%26t%3D7608","N"
"Tuliptree","Liriodendron tulipifera","South Carolina","Oconee","Tamassee Knob","","","","","252996","1","","","","Public - federal","163.8'","Clinometer/laser rangefinder/sine","7.8'","93''","","","Jess Riddle","2004-03-22","http%3A%2F%2Fwww.ents-bbs.org%2Fviewtopic.php%3Ff%3D122%26t%3D7608","N"
"Tuliptree","Liriodendron tulipifera","South Carolina","Oconee","Tamassee Knob","","","","","252918","1","","","","Public - federal","164.4'","Clinometer/laser rangefinder/sine","","","","","Jess Riddle","2005-03-02","http%3A%2F%2Fwww.ents-bbs.org%2Fviewtopic.php%3Ff%3D122%26t%3D7608","N"
"Tuliptree","Liriodendron tulipifera","South Carolina","Oconee","Tamassee Knob","34 51.527","-083 05.346","","","252845","2","34 51.527","-083 05.346","","Public - federal","164.7'","Clinometer/laser rangefinder/sine","10.8'","130''","","","Jess Riddle, Jess Riddle","2016-03-20","http%3A%2F%2Fwww.ents-bbs.org%2Fviewtopic.php%3Ff%3D122%26t%3D7608","N"
"Tuliptree","Liriodendron tulipifera","South Carolina","Oconee","Tamassee Knob","","","","","253027","1","","","","Public - federal","164.7'","Clinometer/laser rangefinder/sine","14.4'","173''","","","Jess Riddle","2016-03-20","http%3A%2F%2Fwww.ents-bbs.org%2Fviewtopic.php%3Ff%3D122%26t%3D7608","N"
"Tuliptree","Liriodendron tulipifera","South Carolina","Oconee","Tamassee Knob","","","","","252800","1","","","","Public - federal","164.8'","Clinometer/laser rangefinder/sine","7.3'","88''","","","Jess Riddle","2003-03-15","http%3A%2F%2Fwww.ents-bbs.org%2Fviewtopic.php%3Ff%3D122%26t%3D7608","N"
"Tuliptree","Liriodendron tulipifera","South Carolina","Oconee","Tamassee Knob","34 51.395","-083 05.210","","","252875","2","34 51.395","-083 05.210","","Public - federal","164.9'","Clinometer/laser rangefinder/sine","13.6'","163''","","","Jess Riddle, Jess Riddle","2016-03-20","http%3A%2F%2Fwww.ents-bbs.org%2Fviewtopic.php%3Ff%3D122%26t%3D7608","N"
"Tuliptree","Liriodendron tulipifera","South Carolina","Oconee","Tamassee Knob","","","","","253025","1","","","","Public - federal","166.4'","Clinometer/laser rangefinder/sine","9.0'","108''","","","Jess Riddle","2016-03-20","http%3A%2F%2Fwww.ents-bbs.org%2Fviewtopic.php%3Ff%3D122%26t%3D7608","N"
"Tuliptree","Liriodendron tulipifera","South Carolina","Oconee","Tamassee Knob","","","","","252997","1","","","","Public - federal","168.3'","Clinometer/laser rangefinder/sine","9.3'","112''","","","Jess Riddle","2004-03-22","http%3A%2F%2Fwww.ents-bbs.org%2Fviewtopic.php%3Ff%3D122%26t%3D7608","N"
"Tuliptree","Liriodendron tulipifera","South Carolina","Oconee","Tamassee Knob","34 51.394","-083 05.223","","","252902","2","34 51.394","-083 05.223","","Public - federal","168.9'","Clinometer/laser rangefinder/sine","9.6'","115''","","","Jess Riddle, Jess Riddle","2016-03-20","http%3A%2F%2Fwww.ents-bbs.org%2Fviewtopic.php%3Ff%3D122%26t%3D7608","N"
"Tuliptree","Liriodendron tulipifera","South Carolina","Oconee","Tamassee Knob","34 51.536","-083 05.380","","","252998","2","34 51.536","-083 05.380","","Public - federal","171.3'","Clinometer/laser rangefinder/sine","7.8'","94''","","","Jess Riddle, Jess Riddle","2016-03-20","http%3A%2F%2Fwww.ents-bbs.org%2Fviewtopic.php%3Ff%3D122%26t%3D7608","N"
"Tuliptree","Liriodendron tulipifera","South Carolina","Oconee","Tamassee Knob","34 51.527","-083 05.364","","","252850","2","34 51.527","-083 05.364","","Public - federal","172.4'","Clinometer/laser rangefinder/sine","8.6'","103''","","","Jess Riddle, Jess Riddle","2016-03-20","http%3A%2F%2Fwww.ents-bbs.org%2Fviewtopic.php%3Ff%3D122%26t%3D7608","N"
"Tuliptree","Liriodendron tulipifera","South Carolina","Oconee","Tamassee Knob","","","","","252877","1","","","","Public - federal","172.9'","Clinometer/laser rangefinder/sine","9.3'","112''","","","Jess Riddle","2005-03-02","http%3A%2F%2Fwww.ents-bbs.org%2Fviewtopic.php%3Ff%3D122%26t%3D7608","N"
"Tuliptree","Liriodendron tulipifera","South Carolina","Oconee","Tamassee Knob","34 51.463","-083 05.256","","","253028","1","34 51.463","-083 05.256","","Public - federal","177.1'","Clinometer/laser rangefinder/sine","9.6'","115''","","","Jess Riddle","2016-03-20","http%3A%2F%2Fwww.ents-bbs.org%2Fviewtopic.php%3Ff%3D122%26t%3D7608","N"
"Virginia Creeper","Parthenocissus quinquefolia","South Carolina","Oconee","Tamassee Knob","","","","","252792","1","","","","Public - federal","","Clinometer/laser rangefinder/sine","1.1'","13''","","","Jess Riddle","2003-03-15","http%3A%2F%2Fwww.ents-bbs.org%2Fviewtopic.php%3Ff%3D122%26t%3D7608","N"
"Virginia Creeper","Parthenocissus quinquefolia","South Carolina","Oconee","Tamassee Knob","","","","","252984","1","","","","Public - federal","","Clinometer/laser rangefinder/sine","1.1'","13''","","","Jess Riddle","2004-03-22","http%3A%2F%2Fwww.ents-bbs.org%2Fviewtopic.php%3Ff%3D122%26t%3D7608","N"
"Virginia Pine","Pinus virginiana","South Carolina","Oconee","Tamassee Knob","","","","","237366","1","","","","Public - federal","107.9'","Clinometer/laser rangefinder/sine","3.8'","45''","","","Jess Riddle","2002-05-09","http%3A%2F%2Fwww.ents-bbs.org%2Fviewtopic.php%3Ff%3D122%26t%3D7608","N"
"White Ash","Fraxinus americana","South Carolina","Oconee","Tamassee Knob","","","","","252796","1","","","","Public - federal","133.0'","Clinometer/laser rangefinder/sine","7.0'","84''","","","Jess Riddle","2003-03-15","http%3A%2F%2Fwww.ents-bbs.org%2Fviewtopic.php%3Ff%3D122%26t%3D7608","N"
"White Ash","Fraxinus americana","South Carolina","Oconee","Tamassee Knob","","","","","253022","1","","","","Public - federal","133.6'","Clinometer/laser rangefinder/sine","4.9'","59''","","","Jess Riddle","2016-03-20","http%3A%2F%2Fwww.ents-bbs.org%2Fviewtopic.php%3Ff%3D122%26t%3D7608","N"
"White Ash","Fraxinus americana","South Carolina","Oconee","Tamassee Knob","34 51.440","-083 05.256","","","252797","2","34 51.440","-083 05.256","","Public - federal","148.7'","Clinometer/laser rangefinder/sine","8.8'","106''","","","Jess Riddle, Jess Riddle","2016-03-20","http%3A%2F%2Fwww.ents-bbs.org%2Fviewtopic.php%3Ff%3D122%26t%3D7608","N"
"White Oak","Quercus alba","South Carolina","Oconee","Tamassee Knob","","","","","252782","1","","","","Public - federal","119.8'","Clinometer/laser rangefinder/sine","9.8'","118''","","","Jess Riddle","2003-03-15","http%3A%2F%2Fwww.ents-bbs.org%2Fviewtopic.php%3Ff%3D122%26t%3D7608","N"
"White Oak","Quercus alba","South Carolina","Oconee","Tamassee Knob","","","","","237363","1","","","","Public - federal","121.2'","Clinometer/laser rangefinder/sine","8.3'","100''","","","Jess Riddle","2002-05-09","http%3A%2F%2Fwww.ents-bbs.org%2Fviewtopic.php%3Ff%3D122%26t%3D7608","N"
"White Oak","Quercus alba","South Carolina","Oconee","Tamassee Knob","","","","","252970","1","","","","Public - federal","129.1'","Clinometer/laser rangefinder/sine","6.6'","79''","","","Jess Riddle","2004-03-22","http%3A%2F%2Fwww.ents-bbs.org%2Fviewtopic.php%3Ff%3D122%26t%3D7608","N"
"White Oak","Quercus alba","South Carolina","Oconee","Tamassee Knob","","","","","252911","1","","","","Public - federal","130.0'","Clinometer/laser rangefinder/sine","10.8'","130''","","Height is Not Less Than(NLT)","Jess Riddle","2005-03-02","http%3A%2F%2Fwww.ents-bbs.org%2Fviewtopic.php%3Ff%3D122%26t%3D7608","N"
"White Oak","Quercus alba","South Carolina","Oconee","Tamassee Knob","","","","","252784","1","","","","Public - federal","130.8'","Clinometer/laser rangefinder/sine","8.1'","97''","","","Jess Riddle","2003-03-15","http%3A%2F%2Fwww.ents-bbs.org%2Fviewtopic.php%3Ff%3D122%26t%3D7608","N"
"White Oak","Quercus alba","South Carolina","Oconee","Tamassee Knob","","","","","252783","1","","","","Public - federal","132.8'","Clinometer/laser rangefinder/sine","8.1'","97''","","","Jess Riddle","2003-03-15","http%3A%2F%2Fwww.ents-bbs.org%2Fviewtopic.php%3Ff%3D122%26t%3D7608","N"
"White Oak","Quercus alba","South Carolina","Oconee","Tamassee Knob","","","","","237364","1","","","","Public - federal","133.4'","Clinometer/laser rangefinder/sine","7.3'","88''","","Measured in Station Creek Drainage.","Jess Riddle","2002-05-09","http%3A%2F%2Fwww.ents-bbs.org%2Fviewtopic.php%3Ff%3D122%26t%3D7608","N"
"White Oak","Quercus alba","South Carolina","Oconee","Tamassee Knob","","","","","252912","1","","","","Public - federal","135.5'","Clinometer/laser rangefinder/sine","5.8'","69''","","","Jess Riddle","2005-03-02","http%3A%2F%2Fwww.ents-bbs.org%2Fviewtopic.php%3Ff%3D122%26t%3D7608","N"
"White Oak","Quercus alba","South Carolina","Oconee","Tamassee Knob","","","","","252910","1","","","","Public - federal","140.0'","Clinometer/laser rangefinder/sine","8.3'","100''","","Height is Not Less Than(NLT)","Jess Riddle","2005-03-02","http%3A%2F%2Fwww.ents-bbs.org%2Fviewtopic.php%3Ff%3D122%26t%3D7608","N"
"White Oak","Quercus alba","South Carolina","Oconee","Tamassee Knob","","","","","237365","1","","","","Public - federal","141.8'","Clinometer/laser rangefinder/sine","8.9'","107''","","","Jess Riddle","2002-05-09","http%3A%2F%2Fwww.ents-bbs.org%2Fviewtopic.php%3Ff%3D122%26t%3D7608","N"
"American Holly","Ilex opaca","South Carolina","Oconee","Walhalla Fish Hatchery","","","","","40819","1","","","","Public","64.2'","Clinometer/laser rangefinder/sine","","","","","Brian Beduhn","2013-01-19","http%3A%2F%2Fwww.ents-bbs.org%2Fviewtopic.php%3Ff%3D122%26t%3D4915%26p%3D21204%23p21204","N"
"American Holly","Ilex opaca","South Carolina","Oconee","Walhalla Fish Hatchery","","","","","40820","1","","","","Public","70.0'","Clinometer/laser rangefinder/sine","","","","","Brian Beduhn","2013-01-19","http%3A%2F%2Fwww.ents-bbs.org%2Fviewtopic.php%3Ff%3D122%26t%3D4915%26p%3D21204%23p21204","N"
"American Holly","Ilex opaca","South Carolina","Oconee","Walhalla Fish Hatchery","","","","","40821","1","","","","Public","74.5'","Clinometer/laser rangefinder/sine","","","","","Brian Beduhn","2013-01-19","http%3A%2F%2Fwww.ents-bbs.org%2Fviewtopic.php%3Ff%3D122%26t%3D4915%26p%3D21204%23p21204","N"
"American Holly","Ilex opaca","South Carolina","Oconee","Walhalla Fish Hatchery","","","","","40822","1","","","","Public","76.4'","Clinometer/laser rangefinder/sine","","","","","Brian Beduhn","2013-01-19","http%3A%2F%2Fwww.ents-bbs.org%2Fviewtopic.php%3Ff%3D122%26t%3D4915%26p%3D21204%23p21204","N"
"American Holly","Ilex opaca","South Carolina","Oconee","Walhalla Fish Hatchery","","","","","40823","1","","","","Public","77.3'","Clinometer/laser rangefinder/sine","","","","","Brian Beduhn","2013-01-19","http%3A%2F%2Fwww.ents-bbs.org%2Fviewtopic.php%3Ff%3D122%26t%3D4915%26p%3D21204%23p21204","N"
"Bitternut Hickory","Carya cordiformis","South Carolina","Oconee","Walhalla Fish Hatchery","","","","","40818","1","","","","Public","121.0'","Clinometer/laser rangefinder/sine","","","","","Brian Beduhn","2013-01-19","http%3A%2F%2Fwww.ents-bbs.org%2Fviewtopic.php%3Ff%3D122%26t%3D4915%26p%3D21204%23p21204","N"
"Eastern Hemlock","Tsuga canadensis","South Carolina","Oconee","Walhalla Fish Hatchery","","","","","40824","1","","","","Public","107.3'","Clinometer/laser rangefinder/sine","","","","","Brian Beduhn","2013-01-19","http%3A%2F%2Fwww.ents-bbs.org%2Fviewtopic.php%3Ff%3D122%26t%3D4915%26p%3D21204%23p21204","N"
"Eastern Hemlock","Tsuga canadensis","South Carolina","Oconee","Walhalla Fish Hatchery","","","","","40825","1","","","","Public","116.9'","Clinometer/laser rangefinder/sine","","","","","Brian Beduhn","2013-01-19","http%3A%2F%2Fwww.ents-bbs.org%2Fviewtopic.php%3Ff%3D122%26t%3D4915%26p%3D21204%23p21204","N"
"Eastern Hemlock","Tsuga canadensis","South Carolina","Oconee","Walhalla Fish Hatchery","","","","","40837","1","","","","Public","119.8'","Clinometer/laser rangefinder/sine","","","","+/- 3'.  Rhododendron hid the bole.","Brian Beduhn","2013-01-19","http%3A%2F%2Fwww.ents-bbs.org%2Fviewtopic.php%3Ff%3D122%26t%3D4915%26p%3D21204%23p21204","N"
"Eastern Hemlock","Tsuga canadensis","South Carolina","Oconee","Walhalla Fish Hatchery","","","","","40826","1","","","","Public","130.7'","Clinometer/laser rangefinder/sine","2.8'","34''","","","Brian Beduhn","2013-01-19","http%3A%2F%2Fwww.ents-bbs.org%2Fviewtopic.php%3Ff%3D122%26t%3D4915%26p%3D21204%23p21204","N"
"Eastern Hemlock","Tsuga canadensis","South Carolina","Oconee","Walhalla Fish Hatchery","","","","","40827","1","","","","Public","135.3'","Clinometer/laser rangefinder/sine","3.1'","37''","","","Brian Beduhn","2013-01-19","http%3A%2F%2Fwww.ents-bbs.org%2Fviewtopic.php%3Ff%3D122%26t%3D4915%26p%3D21204%23p21204","N"
"Eastern White Pine","Pinus strobus","South Carolina","Oconee","Walhalla Fish Hatchery","","","","","40828","1","","","","Public","133.2'","Clinometer/laser rangefinder/sine","","","","","Brian Beduhn","2013-01-19","http%3A%2F%2Fwww.ents-bbs.org%2Fviewtopic.php%3Ff%3D122%26t%3D4915%26p%3D21204%23p21204","N"
"Eastern White Pine","Pinus strobus","South Carolina","Oconee","Walhalla Fish Hatchery","","","","","40829","1","","","","Public","136.9'","Clinometer/laser rangefinder/sine","","","","","Brian Beduhn","2013-01-19","http%3A%2F%2Fwww.ents-bbs.org%2Fviewtopic.php%3Ff%3D122%26t%3D4915%26p%3D21204%23p21204","N"
"Eastern White Pine","Pinus strobus","South Carolina","Oconee","Walhalla Fish Hatchery","","","","","40830","1","","","","Public","136.9'","Clinometer/laser rangefinder/sine","","","","","Brian Beduhn","2013-01-19","http%3A%2F%2Fwww.ents-bbs.org%2Fviewtopic.php%3Ff%3D122%26t%3D4915%26p%3D21204%23p21204","N"
"Eastern White Pine","Pinus strobus","South Carolina","Oconee","Walhalla Fish Hatchery","","","","","40831","1","","","","Public","144.0'","Clinometer/laser rangefinder/sine","","","","","Brian Beduhn","2013-01-19","http%3A%2F%2Fwww.ents-bbs.org%2Fviewtopic.php%3Ff%3D122%26t%3D4915%26p%3D21204%23p21204","N"
"Eastern White Pine","Pinus strobus","South Carolina","Oconee","Walhalla Fish Hatchery","","","","","40832","1","","","","Public","153.6'","Clinometer/laser rangefinder/sine","","","","","Brian Beduhn","2013-01-19","http%3A%2F%2Fwww.ents-bbs.org%2Fviewtopic.php%3Ff%3D122%26t%3D4915%26p%3D21204%23p21204","N"
"Eastern White Pine","Pinus strobus","South Carolina","Oconee","Walhalla Fish Hatchery","","","","","40838","1","","","","Public","155.2'","Clinometer/laser rangefinder/sine","","","","+/- 3'. Rhododendron hid the bole.","Brian Beduhn","2013-01-19","http%3A%2F%2Fwww.ents-bbs.org%2Fviewtopic.php%3Ff%3D122%26t%3D4915%26p%3D21204%23p21204","N"
"Eastern White Pine","Pinus strobus","South Carolina","Oconee","Walhalla Fish Hatchery","","","","","40833","1","","","","Public","155.9'","Clinometer/laser rangefinder/sine","","","","","Brian Beduhn","2013-01-19","http%3A%2F%2Fwww.ents-bbs.org%2Fviewtopic.php%3Ff%3D122%26t%3D4915%26p%3D21204%23p21204","N"
"Eastern White Pine","Pinus strobus","South Carolina","Oconee","Walhalla Fish Hatchery","","","","","40834","1","","","","Public","157.7'","Clinometer/laser rangefinder/sine","","","","","Brian Beduhn","2013-01-19","http%3A%2F%2Fwww.ents-bbs.org%2Fviewtopic.php%3Ff%3D122%26t%3D4915%26p%3D21204%23p21204","N"
"Eastern White Pine","Pinus strobus","South Carolina","Oconee","Walhalla Fish Hatchery","","","","","40835","1","","","","Public","162.0'","Clinometer/laser rangefinder/sine","","","","","Brian Beduhn","2013-01-19","http%3A%2F%2Fwww.ents-bbs.org%2Fviewtopic.php%3Ff%3D122%26t%3D4915%26p%3D21204%23p21204","N"
"Eastern White Pine","Pinus strobus","South Carolina","Oconee","Walhalla Fish Hatchery","","","","","40836","1","","","","Public","169.4'","Clinometer/laser rangefinder/sine","","","","","Brian Beduhn","2013-01-19","http%3A%2F%2Fwww.ents-bbs.org%2Fviewtopic.php%3Ff%3D122%26t%3D4915%26p%3D21204%23p21204","N"
"Sweet Birch","Betula lenta","South Carolina","Oconee","Walhalla Fish Hatchery","","","","","40817","1","","","","Public","101.0'","Clinometer/laser rangefinder/sine","","","","","Brian Beduhn","2013-01-19","http%3A%2F%2Fwww.ents-bbs.org%2Fviewtopic.php%3Ff%3D122%26t%3D4915%26p%3D21204%23p21204","N"
"Bitternut Hickory","Carya cordiformis","South Carolina","Oconee","Whitewater River","","","","","40134","1","","","","Public","114.8'","Clinometer/laser rangefinder/sine","","","","","Brian Beduhn","2012-02-25","http%3A%2F%2Fwww.ents-bbs.org%2Fviewtopic.php%3Ff%3D122%26t%3D3755","N"
"Bitternut Hickory","Carya cordiformis","South Carolina","Oconee","Whitewater River","","","","","40133","1","","","","Public","125.9'","Clinometer/laser rangefinder/sine","","","","","Brian Beduhn","2012-02-25","http%3A%2F%2Fwww.ents-bbs.org%2Fviewtopic.php%3Ff%3D122%26t%3D3755","N"
"Black Locust","Robinia pseudoacacia","South Carolina","Oconee","Whitewater River","","","","","40141","1","","","","Public","112.5'","Clinometer/laser rangefinder/sine","","","","","Brian Beduhn","2012-02-25","http%3A%2F%2Fwww.ents-bbs.org%2Fviewtopic.php%3Ff%3D122%26t%3D3755","N"
"Black Oak","Quercus velutina","South Carolina","Oconee","Whitewater River","","","","","236115","1","","","","Public","128.0'","Clinometer/laser rangefinder/sine","6.6'","79''","","","Jess Riddle, Michael Davie","2004-01-29","http%3A%2F%2Fwww.ents-bbs.org%2Fviewtopic.php%3Ff%3D122%26t%3D3755","N"
"Chinkapin","Castanea pumila","South Carolina","Oconee","Whitewater River","","","","","236125","1","","","","Public","30.2'","Clinometer/laser rangefinder/sine","1.0'","12''","","","Jess Riddle, Doug Riddle","2005-08-24","http%3A%2F%2Fwww.ents-bbs.org%2Fviewtopic.php%3Ff%3D122%26t%3D3755","N"
"Common Persimmon","Diospyros virginiana","South Carolina","Oconee","Whitewater River","","","","","236124","1","","","","Public","8.7'","Clinometer/laser rangefinder/sine","","","","Tree on ground when measured","Jess Riddle, Doug Riddle","2005-08-24","http%3A%2F%2Fwww.ents-bbs.org%2Fviewtopic.php%3Ff%3D122%26t%3D3755","N"
"Common Persimmon","Diospyros virginiana","South Carolina","Oconee","Whitewater River","","","","","40135","1","","","","Public","94.5'","Clinometer/laser rangefinder/sine","","","","","Brian Beduhn","2012-02-25","http%3A%2F%2Fwww.ents-bbs.org%2Fviewtopic.php%3Ff%3D122%26t%3D3755","N"
"Common Persimmon","Diospyros virginiana","South Carolina","Oconee","Whitewater River","","","","","236123","1","","","","Public","104.5'","Clinometer/laser rangefinder/sine","3.8'","45''","","","Jess Riddle, Doug Riddle","2005-08-24","http%3A%2F%2Fwww.ents-bbs.org%2Fviewtopic.php%3Ff%3D122%26t%3D3755","N"
"Cucumber-Tree","Magnolia acuminata","South Carolina","Oconee","Whitewater River","","","","","40142","1","","","","Public","110.7'","Clinometer/laser rangefinder/sine","","","","","Brian Beduhn","2012-02-25","http%3A%2F%2Fwww.ents-bbs.org%2Fviewtopic.php%3Ff%3D122%26t%3D3755","N"
"Cucumber-Tree","Magnolia acuminata","South Carolina","Oconee","Whitewater River","","","","","40143","1","","","","Public","120.8'","Clinometer/laser rangefinder/sine","","","","","Brian Beduhn","2012-02-25","http%3A%2F%2Fwww.ents-bbs.org%2Fviewtopic.php%3Ff%3D122%26t%3D3755","N"
"Eastern Hemlock","Tsuga canadensis","South Carolina","Oconee","Whitewater River","","","","","40129","1","","","","Public","100.4'","Clinometer/laser rangefinder/sine","","","","","Brian Beduhn","2012-02-25","http%3A%2F%2Fwww.ents-bbs.org%2Fviewtopic.php%3Ff%3D122%26t%3D3755","N"
"Eastern Hemlock","Tsuga canadensis","South Carolina","Oconee","Whitewater River","","","","","40128","1","","","","Public","111.6'","Clinometer/laser rangefinder/sine","","","","","Brian Beduhn","2012-02-25","http%3A%2F%2Fwww.ents-bbs.org%2Fviewtopic.php%3Ff%3D122%26t%3D3755","N"
"Eastern White Pine","Pinus strobus","South Carolina","Oconee","Whitewater River","","","","","236119","1","","","","Public","14.9'","","","","","","Jess Riddle, Doug Riddle","2005-08-24","http%3A%2F%2Fwww.ents-bbs.org%2Fviewtopic.php%3Ff%3D122%26t%3D3755","N"
"Eastern White Pine","Pinus strobus","South Carolina","Oconee","Whitewater River","","","","","40126","1","","","","Public","137.3'","Clinometer/laser rangefinder/sine","","","","","Brian Beduhn","2012-02-25","http%3A%2F%2Fwww.ents-bbs.org%2Fviewtopic.php%3Ff%3D122%26t%3D3755","N"
"Eastern White Pine","Pinus strobus","South Carolina","Oconee","Whitewater River","","","","","40127","1","","","","Public","137.3'","Clinometer/laser rangefinder/sine","","","","","Brian Beduhn","2012-02-25","http%3A%2F%2Fwww.ents-bbs.org%2Fviewtopic.php%3Ff%3D122%26t%3D3755","N"
"Eastern White Pine","Pinus strobus","South Carolina","Oconee","Whitewater River","","","","","40124","1","","","","Public","137.7'","Clinometer/laser rangefinder/sine","","","","","Brian Beduhn","2012-02-25","http%3A%2F%2Fwww.ents-bbs.org%2Fviewtopic.php%3Ff%3D122%26t%3D3755","N"
"Eastern White Pine","Pinus strobus","South Carolina","Oconee","Whitewater River","","","","","40125","1","","","","Public","137.7'","Clinometer/laser rangefinder/sine","","","","","Brian Beduhn","2012-02-25","http%3A%2F%2Fwww.ents-bbs.org%2Fviewtopic.php%3Ff%3D122%26t%3D3755","N"
"Eastern White Pine","Pinus strobus","South Carolina","Oconee","Whitewater River","","","","","40123","1","","","","Public","143.5'","Clinometer/laser rangefinder/sine","","","","","Brian Beduhn","2012-02-25","http%3A%2F%2Fwww.ents-bbs.org%2Fviewtopic.php%3Ff%3D122%26t%3D3755","N"
"Eastern White Pine","Pinus strobus","South Carolina","Oconee","Whitewater River","","","","","40122","1","","","","Public","147.4'","Clinometer/laser rangefinder/sine","","","","","Brian Beduhn","2012-02-25","http%3A%2F%2Fwww.ents-bbs.org%2Fviewtopic.php%3Ff%3D122%26t%3D3755","N"
"Eastern White Pine","Pinus strobus","South Carolina","Oconee","Whitewater River","","","","","40121","1","","","","Public","149.1'","Clinometer/laser rangefinder/sine","","","","","Brian Beduhn","2012-02-25","http%3A%2F%2Fwww.ents-bbs.org%2Fviewtopic.php%3Ff%3D122%26t%3D3755","N"
"Eastern White Pine","Pinus strobus","South Carolina","Oconee","Whitewater River","","","","","40120","1","","","","Public","156.4'","Clinometer/laser rangefinder/sine","","","","","Brian Beduhn","2012-02-25","http%3A%2F%2Fwww.ents-bbs.org%2Fviewtopic.php%3Ff%3D122%26t%3D3755","N"
"Mockernut Hickory","Carya tomentosa","South Carolina","Oconee","Whitewater River","","","","","236113","1","","","","Public","130.1'","Clinometer/laser rangefinder/sine","7.7'","92''","","","Jess Riddle, Michael Davie","2004-01-29","http%3A%2F%2Fwww.ents-bbs.org%2Fviewtopic.php%3Ff%3D122%26t%3D3755","N"
"Northern Red Oak","Quercus rubra","South Carolina","Oconee","Whitewater River","","","","","40131","1","","","","Public","116.1'","Clinometer/laser rangefinder/sine","","","","","Brian Beduhn","2012-02-25","http%3A%2F%2Fwww.ents-bbs.org%2Fviewtopic.php%3Ff%3D122%26t%3D3755","N"
"Northern Red Oak","Quercus rubra","South Carolina","Oconee","Whitewater River","","","","","236116","1","","","","Public","129.6'","Clinometer/laser rangefinder/sine","9.7'","116''","","","Jess Riddle, Michael Davie","2004-01-29","http%3A%2F%2Fwww.ents-bbs.org%2Fviewtopic.php%3Ff%3D122%26t%3D3755","N"
"Northern Red Oak","Quercus rubra","South Carolina","Oconee","Whitewater River","","","","","236117","1","","","","Public","152.9'","Clinometer/laser rangefinder/sine","9.2'","110''","","","Jess Riddle, Michael Davie","2004-01-29","http%3A%2F%2Fwww.ents-bbs.org%2Fviewtopic.php%3Ff%3D122%26t%3D3755","N"
"Piedmont Rhododendron","Rhododendron minus","South Carolina","Oconee","Whitewater River","","","","","236120","1","","","","Public","18.0'","Clinometer/laser rangefinder/sine","0.8'","9''","","","Jess Riddle, Doug Riddle","2005-08-24","http%3A%2F%2Fwww.ents-bbs.org%2Fviewtopic.php%3Ff%3D122%26t%3D3755","N"
"Pitch Pine","Pinus rigida","South Carolina","Oconee","Whitewater River","","","","","40119","1","","","","Public","108.6'","Clinometer/laser rangefinder/sine","","","","","Brian Beduhn","2012-02-25","http%3A%2F%2Fwww.ents-bbs.org%2Fviewtopic.php%3Ff%3D122%26t%3D3755","N"
"Pitch Pine","Pinus rigida","South Carolina","Oconee","Whitewater River","","","","","40118","1","","","","Public","110.7'","Clinometer/laser rangefinder/sine","","","","","Brian Beduhn","2012-02-25","http%3A%2F%2Fwww.ents-bbs.org%2Fviewtopic.php%3Ff%3D122%26t%3D3755","N"
"Pitch Pine","Pinus rigida","South Carolina","Oconee","Whitewater River","","","","","40117","1","","","","Public","118.5'","Clinometer/laser rangefinder/sine","","","","","Brian Beduhn","2012-02-25","http%3A%2F%2Fwww.ents-bbs.org%2Fviewtopic.php%3Ff%3D122%26t%3D3755","N"
"Pitch Pine","Pinus rigida","South Carolina","Oconee","Whitewater River","","","","","236114","1","","","","Public","118.7'","Clinometer/laser rangefinder/sine","6.0'","72''","","","Jess Riddle, Michael Davie","2004-01-29","http%3A%2F%2Fwww.ents-bbs.org%2Fviewtopic.php%3Ff%3D122%26t%3D3755","N"
"Red Maple","Acer rubrum","South Carolina","Oconee","Whitewater River","","","","","40132","1","","","","Public","107.0'","Clinometer/laser rangefinder/sine","","","","","Brian Beduhn","2012-02-25","http%3A%2F%2Fwww.ents-bbs.org%2Fviewtopic.php%3Ff%3D122%26t%3D3755","N"
"Shortleaf Pine","Pinus echinata","South Carolina","Oconee","Whitewater River","","","","","40113","1","","","","Public","114.6'","Clinometer/laser rangefinder/sine","","","","","Brian Beduhn","2012-02-25","http%3A%2F%2Fwww.ents-bbs.org%2Fviewtopic.php%3Ff%3D122%26t%3D3755","N"
"Shortleaf Pine","Pinus echinata","South Carolina","Oconee","Whitewater River","","","","","40112","1","","","","Public","115.1'","Clinometer/laser rangefinder/sine","","","","","Brian Beduhn","2012-02-25","http%3A%2F%2Fwww.ents-bbs.org%2Fviewtopic.php%3Ff%3D122%26t%3D3755","N"
"Shortleaf Pine","Pinus echinata","South Carolina","Oconee","Whitewater River","","","","","40111","1","","","","Public","118.1'","Clinometer/laser rangefinder/sine","","","","","Brian Beduhn","2012-02-25","http%3A%2F%2Fwww.ents-bbs.org%2Fviewtopic.php%3Ff%3D122%26t%3D3755","N"
"Shortleaf Pine","Pinus echinata","South Carolina","Oconee","Whitewater River","","","","","40114","1","","","","Public","120.1'","Clinometer/laser rangefinder/sine","","","","","Brian Beduhn","2012-02-25","http%3A%2F%2Fwww.ents-bbs.org%2Fviewtopic.php%3Ff%3D122%26t%3D3755","N"
"Sourwood","Oxydendrum arboreum","South Carolina","Oconee","Whitewater River","","","","","236121","1","","","","Public","89.4'","Clinometer/laser rangefinder/sine","3.6'","43''","","","Jess Riddle, Doug Riddle","2005-08-24","http%3A%2F%2Fwww.ents-bbs.org%2Fviewtopic.php%3Ff%3D122%26t%3D3755","N"
"Sourwood","Oxydendrum arboreum","South Carolina","Oconee","Whitewater River","","","","","236122","1","","","","Public","89.7'","Clinometer/laser rangefinder/sine","3.2'","38''","","","Jess Riddle, Doug Riddle","2005-08-24","http%3A%2F%2Fwww.ents-bbs.org%2Fviewtopic.php%3Ff%3D122%26t%3D3755","N"
"Sweet Birch","Betula lenta","South Carolina","Oconee","Whitewater River","","","","","40140","1","","","","Public","102.4'","Clinometer/laser rangefinder/sine","","","","","Brian Beduhn","2012-02-25","http%3A%2F%2Fwww.ents-bbs.org%2Fviewtopic.php%3Ff%3D122%26t%3D3755","N"
"Sweet Birch","Betula lenta","South Carolina","Oconee","Whitewater River","","","","","40139","1","","","","Public","107.5'","Clinometer/laser rangefinder/sine","","","","","Brian Beduhn","2012-02-25","http%3A%2F%2Fwww.ents-bbs.org%2Fviewtopic.php%3Ff%3D122%26t%3D3755","N"
"Sweetgum","Liquidambar styraciflua","South Carolina","Oconee","Whitewater River","","","","","40136","1","","","","Public","112.8'","Clinometer/laser rangefinder/sine","","","","","Brian Beduhn","2012-02-25","http%3A%2F%2Fwww.ents-bbs.org%2Fviewtopic.php%3Ff%3D122%26t%3D3755","N"
"Sweetgum","Liquidambar styraciflua","South Carolina","Oconee","Whitewater River","","","","","40137","1","","","","Public","114.7'","Clinometer/laser rangefinder/sine","","","","","Brian Beduhn","2012-02-25","http%3A%2F%2Fwww.ents-bbs.org%2Fviewtopic.php%3Ff%3D122%26t%3D3755","N"
"Sweetgum","Liquidambar styraciflua","South Carolina","Oconee","Whitewater River","","","","","40138","1","","","","Public","119.2'","Clinometer/laser rangefinder/sine","","","","","Brian Beduhn","2012-02-25","http%3A%2F%2Fwww.ents-bbs.org%2Fviewtopic.php%3Ff%3D122%26t%3D3755","N"
"Tuliptree","Liriodendron tulipifera","South Carolina","Oconee","Whitewater River","","","","","40144","1","","","","Public","133.0'","Clinometer/laser rangefinder/sine","","","","","Brian Beduhn","2012-02-25","http%3A%2F%2Fwww.ents-bbs.org%2Fviewtopic.php%3Ff%3D122%26t%3D3755","N"
"Virginia Pine","Pinus virginiana","South Carolina","Oconee","Whitewater River","","","","","40116","1","","","","Public","110.4'","Clinometer/laser rangefinder/sine","","","","","Brian Beduhn","2012-02-25","http%3A%2F%2Fwww.ents-bbs.org%2Fviewtopic.php%3Ff%3D122%26t%3D3755","N"
"Virginia Pine","Pinus virginiana","South Carolina","Oconee","Whitewater River","","","","","40115","1","","","","Public","118.1'","Clinometer/laser rangefinder/sine","","","","","Brian Beduhn","2012-02-25","http%3A%2F%2Fwww.ents-bbs.org%2Fviewtopic.php%3Ff%3D122%26t%3D3755","N"
"White Oak","Quercus alba","South Carolina","Oconee","Whitewater River","","","","","40130","1","","","","Public","132.2'","Clinometer/laser rangefinder/sine","","","","","Brian Beduhn","2012-02-25","http%3A%2F%2Fwww.ents-bbs.org%2Fviewtopic.php%3Ff%3D122%26t%3D3755","N"
"White Oak","Quercus alba","South Carolina","Oconee","Whitewater River","","","","","236118","1","","","","Public","143.1'","Clinometer/laser rangefinder/sine","8.8'","106''","","","Jess Riddle, Michael Davie","2004-01-29","http%3A%2F%2Fwww.ents-bbs.org%2Fviewtopic.php%3Ff%3D122%26t%3D3755","N"
"American Beech","Fagus grandifolia","South Carolina","Oconee","Whitewater River NC And SC","","","","","40278","1","","","","Public","118.5'","Clinometer/laser rangefinder/sine","","","","","Brian Beduhn","2013-01-20","","N"
"Bitternut Hickory","Carya cordiformis","South Carolina","Oconee","Whitewater River NC And SC","","","","","40288","1","","","","Public","125.9'","Clinometer/laser rangefinder/sine","","","","","Brian Beduhn","2013-01-20","","N"
"Black Locust","Robinia pseudoacacia","South Carolina","Oconee","Whitewater River NC And SC","","","","","40282","1","","","","Public","124.1'","Clinometer/laser rangefinder/sine","","","","","Brian Beduhn","2013-01-20","","N"
"Black Oak","Quercus velutina","South Carolina","Oconee","Whitewater River NC And SC","","","","","40276","1","","","","Public","108.0'","Clinometer/laser rangefinder/sine","","","","","Brian Beduhn","2013-01-20","","N"
"Chestnut Oak","Quercus montana","South Carolina","Oconee","Whitewater River NC And SC","","","","","40274","1","","","","Public","104.0'","Clinometer/laser rangefinder/sine","","","","","Brian Beduhn","2013-01-20","","N"
"Cucumber-Tree","Magnolia acuminata","South Carolina","Oconee","Whitewater River NC And SC","","","","","40271","1","","","","Public","120.8'","Clinometer/laser rangefinder/sine","","","","","Brian Beduhn","2013-01-20","","N"
"Eastern Hemlock","Tsuga canadensis","South Carolina","Oconee","Whitewater River NC And SC","","","","","40283","1","","","","Public","120.0'","Clinometer/laser rangefinder/sine","","","","","Brian Beduhn","2013-01-20","","N"
"Eastern White Pine","Pinus strobus","South Carolina","Oconee","Whitewater River NC And SC","","","","","40269","1","","","","Public","156.4'","Clinometer/laser rangefinder/sine","","","","","Brian Beduhn","2013-01-20","","N"
"Green Ash","Fraxinus pennsylvanica","South Carolina","Oconee","Whitewater River NC And SC","","","","","40279","1","","","","Public","123.3'","Clinometer/laser rangefinder/sine","","","","","Brian Beduhn","2013-01-20","","N"
"Mockernut Hickory","Carya tomentosa","South Carolina","Oconee","Whitewater River NC And SC","","","","","40284","1","","","","Public","115.0'","Clinometer/laser rangefinder/sine","","","","","Brian Beduhn","2013-01-20","","N"
"Northern Red Oak","Quercus rubra","South Carolina","Oconee","Whitewater River NC And SC","","","","","40281","1","","","","Public","124.2'","Clinometer/laser rangefinder/sine","","","","","Brian Beduhn","2013-01-20","","N"
"Pignut Hickory","Carya glabra","South Carolina","Oconee","Whitewater River NC And SC","","","","","40277","1","","","","Public","125.6'","Clinometer/laser rangefinder/sine","","","","","Brian Beduhn","2013-01-20","","N"
"Pitch Pine","Pinus rigida","South Carolina","Oconee","Whitewater River NC And SC","","","","","40286","1","","","","Public","118.5'","Clinometer/laser rangefinder/sine","","","","","Brian Beduhn","2013-01-20","","N"
"Red Hickory","Carya ovalis","South Carolina","Oconee","Whitewater River NC And SC","","","","","40285","1","","","","Public","116.5'","Clinometer/laser rangefinder/sine","","","","","Brian Beduhn","2013-01-20","","N"
"Red Maple","Acer rubrum","South Carolina","Oconee","Whitewater River NC And SC","","","","","40275","1","","","","Public","110.7'","Clinometer/laser rangefinder/sine","","","","","Brian Beduhn","2013-01-20","","N"
"Shortleaf Pine","Pinus echinata","South Carolina","Oconee","Whitewater River NC And SC","","","","","40270","1","","","","Public","120.1'","Clinometer/laser rangefinder/sine","","","","","Brian Beduhn","2013-01-20","","N"
"Sweet Birch","Betula lenta","South Carolina","Oconee","Whitewater River NC And SC","","","","","40273","1","","","","Public","107.5'","Clinometer/laser rangefinder/sine","","","","","Brian Beduhn","2013-01-20","","N"
"Sweetgum","Liquidambar styraciflua","South Carolina","Oconee","Whitewater River NC And SC","","","","","40272","1","","","","Public","119.2'","Clinometer/laser rangefinder/sine","","","","","Brian Beduhn","2013-01-20","","N"
"Tuliptree","Liriodendron tulipifera","South Carolina","Oconee","Whitewater River NC And SC","","","","","40280","1","","","","Public","142.9'","Clinometer/laser rangefinder/sine","","","","","Brian Beduhn","2013-01-20","","N"
"Virginia Pine","Pinus virginiana","South Carolina","Oconee","Whitewater River NC And SC","","","","","40287","1","","","","Public","118.1'","Clinometer/laser rangefinder/sine","","","","","Brian Beduhn","2013-01-20","","N"
"White Oak","Quercus alba","South Carolina","Oconee","Whitewater River NC And SC","","","","","40289","1","","","","Public","132.2'","Clinometer/laser rangefinder/sine","","","","","Brian Beduhn","2013-01-20","","N"
"Black Oak","Quercus velutina","South Carolina","Oconee","Winding Stair Trail","","","","","238623","1","","","","Public - federal","110.0'","Clinometer/laser rangefinder/sine","9.3'","112''","","","Jess Riddle","2003-12-08","http%3A%2F%2Fwww.nativetreesociety.org%2Ffieldtrips%2Fsouth_carolina%2Fwinding_stair_trail.htm","N"
"Blackgum","Nyssa sylvatica","South Carolina","Oconee","Winding Stair Trail","","","","","238625","1","","","","Public - federal","113.7'","Clinometer/laser rangefinder/sine","4.2'","50''","","","Jess Riddle","2003-12-08","http%3A%2F%2Fwww.nativetreesociety.org%2Ffieldtrips%2Fsouth_carolina%2Fwinding_stair_trail.htm","N"
"Mockernut Hickory","Carya tomentosa","South Carolina","Oconee","Winding Stair Trail","","","","","238626","1","","","","Public - federal","140.0'","Clinometer/laser rangefinder/sine","7.1'","85''","","","Jess Riddle","2003-12-08","http%3A%2F%2Fwww.nativetreesociety.org%2Ffieldtrips%2Fsouth_carolina%2Fwinding_stair_trail.htm","N"
"Northern Red Oak","Quercus rubra","South Carolina","Oconee","Winding Stair Trail","","","","","238624","1","","","","Public - federal","130.0'","Clinometer/laser rangefinder/sine","11.9'","143''","","Height is Not Less Than(NLT)","Jess Riddle","2003-12-08","http%3A%2F%2Fwww.nativetreesociety.org%2Ffieldtrips%2Fsouth_carolina%2Fwinding_stair_trail.htm","N"
"Shortleaf Pine","Pinus echinata","South Carolina","Oconee","Winding Stair Trail","","","","","238622","1","","","","Public - federal","120.0'","Clinometer/laser rangefinder/sine","4.0'","48''","","","Jess Riddle","2003-12-08","http%3A%2F%2Fwww.nativetreesociety.org%2Ffieldtrips%2Fsouth_carolina%2Fwinding_stair_trail.htm","N"
"Shortleaf Pine","Pinus echinata","South Carolina","Oconee","Winding Stair Trail","","","","","238621","1","","","","Public - federal","128.7'","Clinometer/laser rangefinder/sine","6.8'","82''","","","Jess Riddle","2003-12-08","http%3A%2F%2Fwww.nativetreesociety.org%2Ffieldtrips%2Fsouth_carolina%2Fwinding_stair_trail.htm","N"
"Biltmore Ash","Fraxinus americana var. biltmoreana","South Carolina","Oconee","Winding Stairs Trail, Upper Half","","","White Rock Scenic Area","","40174","1","","","","Public","124.3'","Clinometer/laser rangefinder/sine","","","","","Brian Beduhn","2013-01-20","http%3A%2F%2Fwww.ents-bbs.org%2Fviewtopic.php%3Ff%3D122%26t%3D4914","N"
"Black Locust","Robinia pseudoacacia","South Carolina","Oconee","Winding Stairs Trail, Upper Half","","","White Rock Scenic Area","","40161","1","","","","Public","98.0'","Clinometer/laser rangefinder/sine","","","","","Brian Beduhn","2013-01-20","http%3A%2F%2Fwww.ents-bbs.org%2Fviewtopic.php%3Ff%3D122%26t%3D4914","N"
"Black Oak","Quercus velutina","South Carolina","Oconee","Winding Stairs Trail, Upper Half","","","White Rock Scenic Area","","40165","1","","","","Public","118.0'","Clinometer/laser rangefinder/sine","","","","","Brian Beduhn","2013-01-20","http%3A%2F%2Fwww.ents-bbs.org%2Fviewtopic.php%3Ff%3D122%26t%3D4914","N"
"Chestnut Oak","Quercus montana","South Carolina","Oconee","Winding Stairs Trail, Upper Half","","","White Rock Scenic Area","","40163","1","","","","Public","100.7'","Clinometer/laser rangefinder/sine","","","","","Brian Beduhn","2013-01-20","http%3A%2F%2Fwww.ents-bbs.org%2Fviewtopic.php%3Ff%3D122%26t%3D4914","N"
"Eastern Hemlock","Tsuga canadensis","South Carolina","Oconee","Winding Stairs Trail, Upper Half","","","White Rock Scenic Area","","40160","1","","","","Public","106.3'","Clinometer/laser rangefinder/sine","","","","","Brian Beduhn","2013-01-20","http%3A%2F%2Fwww.ents-bbs.org%2Fviewtopic.php%3Ff%3D122%26t%3D4914","N"
"Eastern White Pine","Pinus strobus","South Carolina","Oconee","Winding Stairs Trail, Upper Half","","","White Rock Scenic Area","","40157","1","","","","Public","120.6'","Clinometer/laser rangefinder/sine","","","","","Brian Beduhn","2013-01-20","http%3A%2F%2Fwww.ents-bbs.org%2Fviewtopic.php%3Ff%3D122%26t%3D4914","N"
"Eastern White Pine","Pinus strobus","South Carolina","Oconee","Winding Stairs Trail, Upper Half","","","White Rock Scenic Area","","40158","1","","","","Public","122.9'","Clinometer/laser rangefinder/sine","","","","","Brian Beduhn","2013-01-20","http%3A%2F%2Fwww.ents-bbs.org%2Fviewtopic.php%3Ff%3D122%26t%3D4914","N"
"Eastern White Pine","Pinus strobus","South Carolina","Oconee","Winding Stairs Trail, Upper Half","","","White Rock Scenic Area","","40159","1","","","","Public","128.7'","Clinometer/laser rangefinder/sine","","","","","Brian Beduhn","2013-01-20","http%3A%2F%2Fwww.ents-bbs.org%2Fviewtopic.php%3Ff%3D122%26t%3D4914","N"
"Mockernut Hickory","Carya tomentosa","South Carolina","Oconee","Winding Stairs Trail, Upper Half","","","White Rock Scenic Area","","40171","1","","","","Public","123.0'","Clinometer/laser rangefinder/sine","","","","","Brian Beduhn","2013-01-20","http%3A%2F%2Fwww.ents-bbs.org%2Fviewtopic.php%3Ff%3D122%26t%3D4914","N"
"Mockernut Hickory","Carya tomentosa","South Carolina","Oconee","Winding Stairs Trail, Upper Half","","","White Rock Scenic Area","","40172","1","","","","Public","123.1'","Clinometer/laser rangefinder/sine","","","","","Brian Beduhn","2013-01-20","http%3A%2F%2Fwww.ents-bbs.org%2Fviewtopic.php%3Ff%3D122%26t%3D4914","N"
"Mockernut Hickory","Carya tomentosa","South Carolina","Oconee","Winding Stairs Trail, Upper Half","","","White Rock Scenic Area","","40173","1","","","","Public","127.6'","Clinometer/laser rangefinder/sine","","","","","Brian Beduhn","2013-01-20","http%3A%2F%2Fwww.ents-bbs.org%2Fviewtopic.php%3Ff%3D122%26t%3D4914","N"
"Northern Red Oak","Quercus rubra","South Carolina","Oconee","Winding Stairs Trail, Upper Half","","","White Rock Scenic Area","","40166","1","","","","Public","114.0'","Clinometer/laser rangefinder/sine","","","","","Brian Beduhn","2013-01-20","http%3A%2F%2Fwww.ents-bbs.org%2Fviewtopic.php%3Ff%3D122%26t%3D4914","N"
"Northern Red Oak","Quercus rubra","South Carolina","Oconee","Winding Stairs Trail, Upper Half","","","White Rock Scenic Area","","40168","1","","","","Public","114.7'","Clinometer/laser rangefinder/sine","","","","","Brian Beduhn","2013-01-20","http%3A%2F%2Fwww.ents-bbs.org%2Fviewtopic.php%3Ff%3D122%26t%3D4914","N"
"Northern Red Oak","Quercus rubra","South Carolina","Oconee","Winding Stairs Trail, Upper Half","","","White Rock Scenic Area","","40169","1","","","","Public","119.6'","Clinometer/laser rangefinder/sine","","","","","Brian Beduhn","2013-01-20","http%3A%2F%2Fwww.ents-bbs.org%2Fviewtopic.php%3Ff%3D122%26t%3D4914","N"
"Northern Red Oak","Quercus rubra","South Carolina","Oconee","Winding Stairs Trail, Upper Half","","","White Rock Scenic Area","","40167","1","","","","Public","122.0'","Clinometer/laser rangefinder/sine","","","","","Brian Beduhn","2013-01-20","http%3A%2F%2Fwww.ents-bbs.org%2Fviewtopic.php%3Ff%3D122%26t%3D4914","N"
"Northern Red Oak","Quercus rubra","South Carolina","Oconee","Winding Stairs Trail, Upper Half","","","White Rock Scenic Area","","40170","1","","","","Public","137.5'","Clinometer/laser rangefinder/sine","","","","","Brian Beduhn","2013-01-20","http%3A%2F%2Fwww.ents-bbs.org%2Fviewtopic.php%3Ff%3D122%26t%3D4914","N"
"Pitch Pine","Pinus rigida","South Carolina","Oconee","Winding Stairs Trail, Upper Half","","","White Rock Scenic Area","","40152","1","","","","Public","90.9'","Clinometer/laser rangefinder/sine","","","","","Brian Beduhn","2013-01-20","http%3A%2F%2Fwww.ents-bbs.org%2Fviewtopic.php%3Ff%3D122%26t%3D4914","N"
"Pitch Pine","Pinus rigida","South Carolina","Oconee","Winding Stairs Trail, Upper Half","","","White Rock Scenic Area","","40153","1","","","","Public","92.1'","Clinometer/laser rangefinder/sine","","","","","Brian Beduhn","2013-01-20","http%3A%2F%2Fwww.ents-bbs.org%2Fviewtopic.php%3Ff%3D122%26t%3D4914","N"
"Pitch Pine","Pinus rigida","South Carolina","Oconee","Winding Stairs Trail, Upper Half","","","White Rock Scenic Area","","40154","1","","","","Public","96.4'","Clinometer/laser rangefinder/sine","","","","","Brian Beduhn","2013-01-20","http%3A%2F%2Fwww.ents-bbs.org%2Fviewtopic.php%3Ff%3D122%26t%3D4914","N"
"Pitch Pine","Pinus rigida","South Carolina","Oconee","Winding Stairs Trail, Upper Half","","","White Rock Scenic Area","","40155","1","","","","Public","96.7'","Clinometer/laser rangefinder/sine","","","","","Brian Beduhn","2013-01-20","http%3A%2F%2Fwww.ents-bbs.org%2Fviewtopic.php%3Ff%3D122%26t%3D4914","N"
"Shortleaf Pine","Pinus echinata","South Carolina","Oconee","Winding Stairs Trail, Upper Half","","","White Rock Scenic Area","","40145","1","","","","Public","96.8'","Clinometer/laser rangefinder/sine","","","","","Brian Beduhn","2013-01-20","http%3A%2F%2Fwww.ents-bbs.org%2Fviewtopic.php%3Ff%3D122%26t%3D4914","N"
"Shortleaf Pine","Pinus echinata","South Carolina","Oconee","Winding Stairs Trail, Upper Half","","","White Rock Scenic Area","","40146","1","","","","Public","97.7'","Clinometer/laser rangefinder/sine","","","","","Brian Beduhn","2013-01-20","http%3A%2F%2Fwww.ents-bbs.org%2Fviewtopic.php%3Ff%3D122%26t%3D4914","N"
"Shortleaf Pine","Pinus echinata","South Carolina","Oconee","Winding Stairs Trail, Upper Half","","","White Rock Scenic Area","","40147","1","","","","Public","99.5'","Clinometer/laser rangefinder/sine","","","","","Brian Beduhn","2013-01-20","http%3A%2F%2Fwww.ents-bbs.org%2Fviewtopic.php%3Ff%3D122%26t%3D4914","N"
"Shortleaf Pine","Pinus echinata","South Carolina","Oconee","Winding Stairs Trail, Upper Half","","","White Rock Scenic Area","","40148","1","","","","Public","102.7'","Clinometer/laser rangefinder/sine","","","","","Brian Beduhn","2013-01-20","http%3A%2F%2Fwww.ents-bbs.org%2Fviewtopic.php%3Ff%3D122%26t%3D4914","N"
"Shortleaf Pine","Pinus echinata","South Carolina","Oconee","Winding Stairs Trail, Upper Half","","","White Rock Scenic Area","","40149","1","","","","Public","102.8'","Clinometer/laser rangefinder/sine","","","","","Brian Beduhn","2013-01-20","http%3A%2F%2Fwww.ents-bbs.org%2Fviewtopic.php%3Ff%3D122%26t%3D4914","N"
"Shortleaf Pine","Pinus echinata","South Carolina","Oconee","Winding Stairs Trail, Upper Half","","","White Rock Scenic Area","","40150","1","","","","Public","102.8'","Clinometer/laser rangefinder/sine","","","","","Brian Beduhn","2013-01-20","http%3A%2F%2Fwww.ents-bbs.org%2Fviewtopic.php%3Ff%3D122%26t%3D4914","N"
"Shortleaf Pine","Pinus echinata","South Carolina","Oconee","Winding Stairs Trail, Upper Half","","","White Rock Scenic Area","","40151","1","","","","Public","105.6'","Clinometer/laser rangefinder/sine","","","","","Brian Beduhn","2013-01-20","http%3A%2F%2Fwww.ents-bbs.org%2Fviewtopic.php%3Ff%3D122%26t%3D4914","N"
"Sourwood","Oxydendrum arboreum","South Carolina","Oconee","Winding Stairs Trail, Upper Half","","","White Rock Scenic Area","","40162","1","","","","Public","72.6'","Clinometer/laser rangefinder/sine","","","","","Brian Beduhn","2013-01-20","http%3A%2F%2Fwww.ents-bbs.org%2Fviewtopic.php%3Ff%3D122%26t%3D4914","N"
"Virginia Pine","Pinus virginiana","South Carolina","Oconee","Winding Stairs Trail, Upper Half","","","White Rock Scenic Area","","40156","1","","","","Public","84.4'","Clinometer/laser rangefinder/sine","","","","","Brian Beduhn","2013-01-20","http%3A%2F%2Fwww.ents-bbs.org%2Fviewtopic.php%3Ff%3D122%26t%3D4914","N"
"White Oak","Quercus alba","South Carolina","Oconee","Winding Stairs Trail, Upper Half","","","White Rock Scenic Area","","40164","1","","","","Public","108.0'","Clinometer/laser rangefinder/sine","","","","","Brian Beduhn","2013-01-20","http%3A%2F%2Fwww.ents-bbs.org%2Fviewtopic.php%3Ff%3D122%26t%3D4914","N"
"American Beech","Fagus grandifolia","South Carolina","Pickens","Eastatoe Gorge","","","","","40315","1","","","","Public","111.6'","Clinometer/laser rangefinder/sine","","","","","Brian Beduhn","2013-03-08","http%3A%2F%2Fwww.ents-bbs.org%2Fviewtopic.php%3Ff%3D122%26t%3D5146","N"
"American Beech","Fagus grandifolia","South Carolina","Pickens","Eastatoe Gorge","","","","","40316","1","","","","Public","113.5'","Clinometer/laser rangefinder/sine","","","","","Brian Beduhn","2013-03-08","http%3A%2F%2Fwww.ents-bbs.org%2Fviewtopic.php%3Ff%3D122%26t%3D5146","N"
"Biltmore Ash","Fraxinus americana var. biltmoreana","South Carolina","Pickens","Eastatoe Gorge","","","","","40327","1","","","","Public","76.6'","Clinometer/laser rangefinder/sine","","","","","Brian Beduhn","2013-03-08","http%3A%2F%2Fwww.ents-bbs.org%2Fviewtopic.php%3Ff%3D122%26t%3D5146","N"
"Bitternut Hickory","Carya cordiformis","South Carolina","Pickens","Eastatoe Gorge","","","","","40305","1","","","","Public","126.6'","Clinometer/laser rangefinder/sine","","","","","Brian Beduhn","2013-03-08","http%3A%2F%2Fwww.ents-bbs.org%2Fviewtopic.php%3Ff%3D122%26t%3D5146","N"
"Bitternut Hickory","Carya cordiformis","South Carolina","Pickens","Eastatoe Gorge","","","","","40306","1","","","","Public","130.5'","Clinometer/laser rangefinder/sine","","","","","Brian Beduhn","2013-03-08","http%3A%2F%2Fwww.ents-bbs.org%2Fviewtopic.php%3Ff%3D122%26t%3D5146","N"
"Bitternut Hickory","Carya cordiformis","South Carolina","Pickens","Eastatoe Gorge","","","","","40307","1","","","","Public","141.5'","Clinometer/laser rangefinder/sine","","","","","Brian Beduhn","2013-03-08","http%3A%2F%2Fwww.ents-bbs.org%2Fviewtopic.php%3Ff%3D122%26t%3D5146","N"
"Black Locust","Robinia pseudoacacia","South Carolina","Pickens","Eastatoe Gorge","","","","","40319","1","","","","Public","115.7'","Clinometer/laser rangefinder/sine","","","","","Brian Beduhn","2013-03-08","http%3A%2F%2Fwww.ents-bbs.org%2Fviewtopic.php%3Ff%3D122%26t%3D5146","N"
"Black Locust","Robinia pseudoacacia","South Carolina","Pickens","Eastatoe Gorge","","","","","40320","1","","","","Public","117.2'","Clinometer/laser rangefinder/sine","","","","","Brian Beduhn","2013-03-08","http%3A%2F%2Fwww.ents-bbs.org%2Fviewtopic.php%3Ff%3D122%26t%3D5146","N"
"Butternut","Juglans cinerea","South Carolina","Pickens","Eastatoe Gorge","","","","","40297","1","","","","Public","84.7'","Clinometer/laser rangefinder/sine","","","","","Brian Beduhn","2013-03-08","http%3A%2F%2Fwww.ents-bbs.org%2Fviewtopic.php%3Ff%3D122%26t%3D5146","N"
"Butternut","Juglans cinerea","South Carolina","Pickens","Eastatoe Gorge","","","","","40298","1","","","","Public","84.8'","Clinometer/laser rangefinder/sine","","","","","Brian Beduhn","2013-03-08","http%3A%2F%2Fwww.ents-bbs.org%2Fviewtopic.php%3Ff%3D122%26t%3D5146","N"
"Chestnut Oak","Quercus montana","South Carolina","Pickens","Eastatoe Gorge","","","","","40314","1","","","","Public","102.4'","Clinometer/laser rangefinder/sine","","","","","Brian Beduhn","2013-03-08","http%3A%2F%2Fwww.ents-bbs.org%2Fviewtopic.php%3Ff%3D122%26t%3D5146","N"
"Common Persimmon","Diospyros virginiana","South Carolina","Pickens","Eastatoe Gorge","","","","","40325","1","","","","Public","84.0'","Clinometer/laser rangefinder/sine","","","","","Brian Beduhn","2013-03-08","http%3A%2F%2Fwww.ents-bbs.org%2Fviewtopic.php%3Ff%3D122%26t%3D5146","N"
"Common Persimmon","Diospyros virginiana","South Carolina","Pickens","Eastatoe Gorge","","","","","40326","1","","","","Public","107.0'","Clinometer/laser rangefinder/sine","","","","","Brian Beduhn","2013-03-08","http%3A%2F%2Fwww.ents-bbs.org%2Fviewtopic.php%3Ff%3D122%26t%3D5146","N"
"Cucumber-Tree","Magnolia acuminata","South Carolina","Pickens","Eastatoe Gorge","","","","","40322","1","","","","Public","120.8'","Clinometer/laser rangefinder/sine","","","","","Brian Beduhn","2013-03-08","http%3A%2F%2Fwww.ents-bbs.org%2Fviewtopic.php%3Ff%3D122%26t%3D5146","N"
"Eastern Hemlock","Tsuga canadensis","South Carolina","Pickens","Eastatoe Gorge","","","","","40293","1","","","","Public","122.9'","Clinometer/laser rangefinder/sine","","","","","Brian Beduhn","2013-03-08","http%3A%2F%2Fwww.ents-bbs.org%2Fviewtopic.php%3Ff%3D122%26t%3D5146","N"
"Eastern Hemlock","Tsuga canadensis","South Carolina","Pickens","Eastatoe Gorge","","","","","40294","1","","","","Public","122.9'","Clinometer/laser rangefinder/sine","","","","","Brian Beduhn","2013-03-08","http%3A%2F%2Fwww.ents-bbs.org%2Fviewtopic.php%3Ff%3D122%26t%3D5146","N"
"Eastern Hemlock","Tsuga canadensis","South Carolina","Pickens","Eastatoe Gorge","","","","","40295","1","","","","Public","125.3'","Clinometer/laser rangefinder/sine","","","","","Brian Beduhn","2013-03-08","http%3A%2F%2Fwww.ents-bbs.org%2Fviewtopic.php%3Ff%3D122%26t%3D5146","N"
"Eastern White Pine","Pinus strobus","South Carolina","Pickens","Eastatoe Gorge","","","","","40292","1","","","","Public","131.7'","Clinometer/laser rangefinder/sine","","","","","Brian Beduhn","2013-03-08","http%3A%2F%2Fwww.ents-bbs.org%2Fviewtopic.php%3Ff%3D122%26t%3D5146","N"
"Mockernut Hickory","Carya tomentosa","South Carolina","Pickens","Eastatoe Gorge","","","","","40299","1","","","","Public","116.7'","Clinometer/laser rangefinder/sine","","","","","Brian Beduhn","2013-03-08","http%3A%2F%2Fwww.ents-bbs.org%2Fviewtopic.php%3Ff%3D122%26t%3D5146","N"
"Mockernut Hickory","Carya tomentosa","South Carolina","Pickens","Eastatoe Gorge","","","","","40300","1","","","","Public","123.0'","Clinometer/laser rangefinder/sine","","","","","Brian Beduhn","2013-03-08","http%3A%2F%2Fwww.ents-bbs.org%2Fviewtopic.php%3Ff%3D122%26t%3D5146","N"
"Mockernut Hickory","Carya tomentosa","South Carolina","Pickens","Eastatoe Gorge","","","","","40301","1","","","","Public","123.1'","Clinometer/laser rangefinder/sine","","","","","Brian Beduhn","2013-03-08","http%3A%2F%2Fwww.ents-bbs.org%2Fviewtopic.php%3Ff%3D122%26t%3D5146","N"
"Mockernut Hickory","Carya tomentosa","South Carolina","Pickens","Eastatoe Gorge","","","","","40302","1","","","","Public","123.1'","Clinometer/laser rangefinder/sine","","","","","Brian Beduhn","2013-03-08","http%3A%2F%2Fwww.ents-bbs.org%2Fviewtopic.php%3Ff%3D122%26t%3D5146","N"
"Mockernut Hickory","Carya tomentosa","South Carolina","Pickens","Eastatoe Gorge","","","","","40303","1","","","","Public","126.7'","Clinometer/laser rangefinder/sine","","","","","Brian Beduhn","2013-03-08","http%3A%2F%2Fwww.ents-bbs.org%2Fviewtopic.php%3Ff%3D122%26t%3D5146","N"
"Mockernut Hickory","Carya tomentosa","South Carolina","Pickens","Eastatoe Gorge","","","","","40304","1","","","","Public","131.2'","Clinometer/laser rangefinder/sine","","","","","Brian Beduhn","2013-03-08","http%3A%2F%2Fwww.ents-bbs.org%2Fviewtopic.php%3Ff%3D122%26t%3D5146","N"
"Mountain Magnolia","Magnolia fraseri","South Carolina","Pickens","Eastatoe Gorge","","","","","40323","1","","","","Public","98.8'","Clinometer/laser rangefinder/sine","","","","","Brian Beduhn","2013-03-08","http%3A%2F%2Fwww.ents-bbs.org%2Fviewtopic.php%3Ff%3D122%26t%3D5146","N"
"Northern Red Oak","Quercus rubra","South Carolina","Pickens","Eastatoe Gorge","","","","","40313","1","","","","Public","107.0'","Clinometer/laser rangefinder/sine","","","","","Brian Beduhn","2013-03-08","http%3A%2F%2Fwww.ents-bbs.org%2Fviewtopic.php%3Ff%3D122%26t%3D5146","N"
"Pignut Hickory","Carya glabra","South Carolina","Pickens","Eastatoe Gorge","","","","","40308","1","","","","Public","117.5'","Clinometer/laser rangefinder/sine","","","","","Brian Beduhn","2013-03-08","http%3A%2F%2Fwww.ents-bbs.org%2Fviewtopic.php%3Ff%3D122%26t%3D5146","N"
"Pignut Hickory","Carya glabra","South Carolina","Pickens","Eastatoe Gorge","","","","","40309","1","","","","Public","121.9'","Clinometer/laser rangefinder/sine","","","","","Brian Beduhn","2013-03-08","http%3A%2F%2Fwww.ents-bbs.org%2Fviewtopic.php%3Ff%3D122%26t%3D5146","N"
"Pitch Pine","Pinus rigida","South Carolina","Pickens","Eastatoe Gorge","","","","","40296","1","","","","Public","124.5'","Clinometer/laser rangefinder/sine","","","","","Brian Beduhn","2013-03-08","http%3A%2F%2Fwww.ents-bbs.org%2Fviewtopic.php%3Ff%3D122%26t%3D5146","N"
"Red Maple","Acer rubrum","South Carolina","Pickens","Eastatoe Gorge","","","","","40317","1","","","","Public","104.6'","Clinometer/laser rangefinder/sine","","","","","Brian Beduhn","2013-03-08","http%3A%2F%2Fwww.ents-bbs.org%2Fviewtopic.php%3Ff%3D122%26t%3D5146","N"
"Red Maple","Acer rubrum","South Carolina","Pickens","Eastatoe Gorge","","","","","40318","1","","","","Public","117.0'","Clinometer/laser rangefinder/sine","","","","","Brian Beduhn","2013-03-08","http%3A%2F%2Fwww.ents-bbs.org%2Fviewtopic.php%3Ff%3D122%26t%3D5146","N"
"Sand Hickory","Carya pallida","South Carolina","Pickens","Eastatoe Gorge","","","","","40310","1","","","","Public","95.5'","Clinometer/laser rangefinder/sine","","","","","Brian Beduhn","2013-03-08","http%3A%2F%2Fwww.ents-bbs.org%2Fviewtopic.php%3Ff%3D122%26t%3D5146","N"
"Sassafras","Sassafras albidum","South Carolina","Pickens","Eastatoe Gorge","","","","","40324","1","","","","Public","96.5'","Clinometer/laser rangefinder/sine","","","","","Brian Beduhn","2013-03-08","http%3A%2F%2Fwww.ents-bbs.org%2Fviewtopic.php%3Ff%3D122%26t%3D5146","N"
"Shortleaf Pine","Pinus echinata","South Carolina","Pickens","Eastatoe Gorge","","","","","40291","1","","","","Public","117.4'","Clinometer/laser rangefinder/sine","","","","","Brian Beduhn","2013-03-08","http%3A%2F%2Fwww.ents-bbs.org%2Fviewtopic.php%3Ff%3D122%26t%3D5146","N"
"Sourwood","Oxydendrum arboreum","South Carolina","Pickens","Eastatoe Gorge","","","","","40321","1","","","","Public","72.0'","Clinometer/laser rangefinder/sine","","","","","Brian Beduhn","2013-03-08","http%3A%2F%2Fwww.ents-bbs.org%2Fviewtopic.php%3Ff%3D122%26t%3D5146","N"
"Sweet Birch","Betula lenta","South Carolina","Pickens","Eastatoe Gorge","","","","","40329","1","","","","Public","101.0'","Clinometer/laser rangefinder/sine","","","","","Brian Beduhn","2013-03-08","http%3A%2F%2Fwww.ents-bbs.org%2Fviewtopic.php%3Ff%3D122%26t%3D5146","N"
"Sweet Birch","Betula lenta","South Carolina","Pickens","Eastatoe Gorge","","","","","40330","1","","","","Public","102.3'","Clinometer/laser rangefinder/sine","","","","","Brian Beduhn","2013-03-08","http%3A%2F%2Fwww.ents-bbs.org%2Fviewtopic.php%3Ff%3D122%26t%3D5146","N"
"Sweetgum","Liquidambar styraciflua","South Carolina","Pickens","Eastatoe Gorge","","","","","40328","1","","","","Public","109.3'","Clinometer/laser rangefinder/sine","","","","","Brian Beduhn","2013-03-08","http%3A%2F%2Fwww.ents-bbs.org%2Fviewtopic.php%3Ff%3D122%26t%3D5146","N"
"Tuliptree","Liriodendron tulipifera","South Carolina","Pickens","Eastatoe Gorge","","","","","40331","1","","","","Public","138.0'","Clinometer/laser rangefinder/sine","","","","","Brian Beduhn","2013-03-08","http%3A%2F%2Fwww.ents-bbs.org%2Fviewtopic.php%3Ff%3D122%26t%3D5146","N"
"Tuliptree","Liriodendron tulipifera","South Carolina","Pickens","Eastatoe Gorge","","","","","40332","1","","","","Public","138.4'","Clinometer/laser rangefinder/sine","","","","","Brian Beduhn","2013-03-08","http%3A%2F%2Fwww.ents-bbs.org%2Fviewtopic.php%3Ff%3D122%26t%3D5146","N"
"Tuliptree","Liriodendron tulipifera","South Carolina","Pickens","Eastatoe Gorge","","","","","40333","1","","","","Public","138.6'","Clinometer/laser rangefinder/sine","","","","","Brian Beduhn","2013-03-08","http%3A%2F%2Fwww.ents-bbs.org%2Fviewtopic.php%3Ff%3D122%26t%3D5146","N"
"Tuliptree","Liriodendron tulipifera","South Carolina","Pickens","Eastatoe Gorge","","","","","40334","1","","","","Public","138.9'","Clinometer/laser rangefinder/sine","","","","","Brian Beduhn","2013-03-08","http%3A%2F%2Fwww.ents-bbs.org%2Fviewtopic.php%3Ff%3D122%26t%3D5146","N"
"Tuliptree","Liriodendron tulipifera","South Carolina","Pickens","Eastatoe Gorge","","","","","40335","1","","","","Public","145.5'","Clinometer/laser rangefinder/sine","","","","","Brian Beduhn","2013-03-08","http%3A%2F%2Fwww.ents-bbs.org%2Fviewtopic.php%3Ff%3D122%26t%3D5146","N"
"Tuliptree","Liriodendron tulipifera","South Carolina","Pickens","Eastatoe Gorge","","","","","40336","1","","","","Public","145.6'","Clinometer/laser rangefinder/sine","","","","","Brian Beduhn","2013-03-08","http%3A%2F%2Fwww.ents-bbs.org%2Fviewtopic.php%3Ff%3D122%26t%3D5146","N"
"Tuliptree","Liriodendron tulipifera","South Carolina","Pickens","Eastatoe Gorge","","","","","40337","1","","","","Public","150.1'","Clinometer/laser rangefinder/sine","","","","","Brian Beduhn","2013-03-08","http%3A%2F%2Fwww.ents-bbs.org%2Fviewtopic.php%3Ff%3D122%26t%3D5146","N"
"Tuliptree","Liriodendron tulipifera","South Carolina","Pickens","Eastatoe Gorge","","","","","40338","1","","","","Public","151.8'","Clinometer/laser rangefinder/sine","","","","","Brian Beduhn","2013-03-08","http%3A%2F%2Fwww.ents-bbs.org%2Fviewtopic.php%3Ff%3D122%26t%3D5146","N"
"Tuliptree","Liriodendron tulipifera","South Carolina","Pickens","Eastatoe Gorge","","","","","40339","1","","","","Public","152.0'","Clinometer/laser rangefinder/sine","","","","","Brian Beduhn","2013-03-08","http%3A%2F%2Fwww.ents-bbs.org%2Fviewtopic.php%3Ff%3D122%26t%3D5146","N"
"Tuliptree","Liriodendron tulipifera","South Carolina","Pickens","Eastatoe Gorge","","","","","40340","1","","","","Public","157.2'","Clinometer/laser rangefinder/sine","","","","","Brian Beduhn","2013-03-08","http%3A%2F%2Fwww.ents-bbs.org%2Fviewtopic.php%3Ff%3D122%26t%3D5146","N"
"Virginia Pine","Pinus virginiana","South Carolina","Pickens","Eastatoe Gorge","","","","","40290","1","","","","Public","108.9'","Clinometer/laser rangefinder/sine","","","","","Brian Beduhn","2013-03-08","http%3A%2F%2Fwww.ents-bbs.org%2Fviewtopic.php%3Ff%3D122%26t%3D5146","N"
"White Oak","Quercus alba","South Carolina","Pickens","Eastatoe Gorge","","","","","40311","1","","","","Public","113.0'","Clinometer/laser rangefinder/sine","","","","","Brian Beduhn","2013-03-08","http%3A%2F%2Fwww.ents-bbs.org%2Fviewtopic.php%3Ff%3D122%26t%3D5146","N"
"White Oak","Quercus alba","South Carolina","Pickens","Eastatoe Gorge","","","","","40312","1","","","","Public","125.6'","Clinometer/laser rangefinder/sine","","","","","Brian Beduhn","2013-03-08","http%3A%2F%2Fwww.ents-bbs.org%2Fviewtopic.php%3Ff%3D122%26t%3D5146","N"
"American Basswood","Tilia americana var. heterophylla","South Carolina","Pickens","Jewell Branch","","","","","238064","1","","","","Public-Private","126.7'","Clinometer/laser rangefinder/sine","6.3'","75''","","","Jess Riddle, Michael Davie","2003-01-19","http%3A%2F%2Fwww.nativetreesociety.org%2Ffieldtrips%2Fsouth_carolina%2Fjewell_branch.htm","N"
"Black Cherry","Prunus serotina","South Carolina","Pickens","Jewell Branch","","","","","238065","1","","","","Public-Private","120.9'","Clinometer/laser rangefinder/sine","4.1'","49''","","","Jess Riddle, Michael Davie","2003-01-19","http%3A%2F%2Fwww.nativetreesociety.org%2Ffieldtrips%2Fsouth_carolina%2Fjewell_branch.htm","N"
"Black Locust","Robinia pseudoacacia","South Carolina","Pickens","Jewell Branch","","","","","238066","1","","","","Public-Private","134.3'","Clinometer/laser rangefinder/sine","4.6'","55''","","","Jess Riddle, Michael Davie","2003-01-19","http%3A%2F%2Fwww.nativetreesociety.org%2Ffieldtrips%2Fsouth_carolina%2Fjewell_branch.htm","N"
"Cucumber-Tree","Magnolia acuminata","South Carolina","Pickens","Jewell Branch","","","","","238068","1","","","","Public-Private","139.9'","Clinometer/laser rangefinder/sine","7.6'","91''","","","Jess Riddle, Michael Davie","2003-01-19","http%3A%2F%2Fwww.nativetreesociety.org%2Ffieldtrips%2Fsouth_carolina%2Fjewell_branch.htm","N"
"Honeylocust","Gleditsia triacanthos","South Carolina","Pickens","Jewell Branch","","","","","238067","1","","","","Public-Private","118.1'","Clinometer/laser rangefinder/sine","","","","","Jess Riddle, Michael Davie","2003-01-19","http%3A%2F%2Fwww.nativetreesociety.org%2Ffieldtrips%2Fsouth_carolina%2Fjewell_branch.htm","N"
"Northern Red Oak","Quercus rubra","South Carolina","Pickens","Jewell Branch","","","","","238069","1","","","","Public-Private","133.1'","Clinometer/laser rangefinder/sine","","","","","Jess Riddle, Michael Davie","2003-01-19","http%3A%2F%2Fwww.nativetreesociety.org%2Ffieldtrips%2Fsouth_carolina%2Fjewell_branch.htm","N"
"Scarlet Oak","Quercus coccinea","South Carolina","Pickens","Jewell Branch","","","","","238070","1","","","","Public-Private","130.7'","Clinometer/laser rangefinder/sine","","","","","Jess Riddle, Michael Davie","2003-01-19","http%3A%2F%2Fwww.nativetreesociety.org%2Ffieldtrips%2Fsouth_carolina%2Fjewell_branch.htm","N"
"Shortleaf Pine","Pinus echinata","South Carolina","Pickens","Jewell Branch","","","","","238072","1","","","","Public-Private","128.2'","Clinometer/laser rangefinder/sine","5.0'","60''","","","Jess Riddle, Michael Davie","2003-01-19","http%3A%2F%2Fwww.nativetreesociety.org%2Ffieldtrips%2Fsouth_carolina%2Fjewell_branch.htm","N"
"Shortleaf Pine","Pinus echinata","South Carolina","Pickens","Jewell Branch","","","","","238073","1","","","","Public-Private","133.6'","Clinometer/laser rangefinder/sine","4.9'","59''","","","Jess Riddle, Michael Davie","2003-01-19","http%3A%2F%2Fwww.nativetreesociety.org%2Ffieldtrips%2Fsouth_carolina%2Fjewell_branch.htm","N"
"Tuliptree","Liriodendron tulipifera","South Carolina","Pickens","Jewell Branch","","","","","238074","1","","","","Public-Private","147.3'","Clinometer/laser rangefinder/sine","","","","","Jess Riddle, Michael Davie","2003-01-19","http%3A%2F%2Fwww.nativetreesociety.org%2Ffieldtrips%2Fsouth_carolina%2Fjewell_branch.htm","N"
"Tuliptree","Liriodendron tulipifera","South Carolina","Pickens","Jewell Branch","","","","","238075","1","","","","Public-Private","148.7'","Clinometer/laser rangefinder/sine","","","","","Jess Riddle, Michael Davie","2003-01-19","http%3A%2F%2Fwww.nativetreesociety.org%2Ffieldtrips%2Fsouth_carolina%2Fjewell_branch.htm","N"
"Tuliptree","Liriodendron tulipifera","South Carolina","Pickens","Jewell Branch","","","","","238076","1","","","","Public-Private","154.0'","Clinometer/laser rangefinder/sine","","","","","Jess Riddle, Michael Davie","2003-01-19","http%3A%2F%2Fwww.nativetreesociety.org%2Ffieldtrips%2Fsouth_carolina%2Fjewell_branch.htm","N"
"Tuliptree","Liriodendron tulipifera","South Carolina","Pickens","Jewell Branch","","","","","238077","1","","","","Public-Private","161.1'","Clinometer/laser rangefinder/sine","","","","","Jess Riddle, Michael Davie","2003-01-19","http%3A%2F%2Fwww.nativetreesociety.org%2Ffieldtrips%2Fsouth_carolina%2Fjewell_branch.htm","N"
"White Oak","Quercus alba","South Carolina","Pickens","Jewell Branch","","","","","238071","1","","","","Public-Private","130.8'","Clinometer/laser rangefinder/sine","","","","","Jess Riddle, Michael Davie","2003-01-19","http%3A%2F%2Fwww.nativetreesociety.org%2Ffieldtrips%2Fsouth_carolina%2Fjewell_branch.htm","N"
"American Basswood","Tilia americana var. heterophylla","South Carolina","Pickens","Laurel Fork","","","","","238044","1","","","","Public-Private","132.3'","Clinometer/laser rangefinder/sine","5.5'","66''","","","Jess Riddle","2002-05-05","http%3A%2F%2Fwww.nativetreesociety.org%2Ffieldtrips%2Fsouth_carolina%2Flaurel_fork.htm","N"
"American Sycamore","Platanus occidentalis","South Carolina","Pickens","Laurel Fork","","","","","238052","1","","","","Public-Private","","Clinometer/laser rangefinder/sine","7.8'","94''","","","Jess Riddle","2002-05-05","http%3A%2F%2Fwww.nativetreesociety.org%2Ffieldtrips%2Fsouth_carolina%2Flaurel_fork.htm","N"
"Black Locust","Robinia pseudoacacia","South Carolina","Pickens","Laurel Fork","","","","","238046","1","","","","Public-Private","129.0'","Clinometer/laser rangefinder/sine","5.4'","65''","","","Jess Riddle","2002-05-05","http%3A%2F%2Fwww.nativetreesociety.org%2Ffieldtrips%2Fsouth_carolina%2Flaurel_fork.htm","N"
"Eastern Hemlock","Tsuga canadensis","South Carolina","Pickens","Laurel Fork","","","","","238045","1","","","","Public-Private","134.4'","Clinometer/laser rangefinder/sine","","","","","Jess Riddle","2002-05-05","http%3A%2F%2Fwww.nativetreesociety.org%2Ffieldtrips%2Fsouth_carolina%2Flaurel_fork.htm","N"
"Eastern White Pine","Pinus strobus","South Carolina","Pickens","Laurel Fork","","","","","238048","1","","","","Public-Private","134.0'","Clinometer/laser rangefinder/sine","6.1'","73''","","","Jess Riddle","2002-05-05","http%3A%2F%2Fwww.nativetreesociety.org%2Ffieldtrips%2Fsouth_carolina%2Flaurel_fork.htm","N"
"Eastern White Pine","Pinus strobus","South Carolina","Pickens","Laurel Fork","","","","","238049","1","","","","Public-Private","149.4'","Clinometer/laser rangefinder/sine","10.3'","123''","","","Jess Riddle","2002-05-05","http%3A%2F%2Fwww.nativetreesociety.org%2Ffieldtrips%2Fsouth_carolina%2Flaurel_fork.htm","N"
"Northern Red Oak","Quercus rubra","South Carolina","Pickens","Laurel Fork","","","","","238047","1","","","","Public-Private","143.8'","Clinometer/laser rangefinder/sine","6.6'","79''","","","Jess Riddle","2002-05-05","http%3A%2F%2Fwww.nativetreesociety.org%2Ffieldtrips%2Fsouth_carolina%2Flaurel_fork.htm","N"
"Sweetgum","Liquidambar styraciflua","South Carolina","Pickens","Laurel Fork","","","","","238050","1","","","","Public-Private","126.3'","Clinometer/laser rangefinder/sine","","","","","Jess Riddle","2002-05-05","http%3A%2F%2Fwww.nativetreesociety.org%2Ffieldtrips%2Fsouth_carolina%2Flaurel_fork.htm","N"
"Sweetgum","Liquidambar styraciflua","South Carolina","Pickens","Laurel Fork","","","","","238051","1","","","","Public-Private","134.2'","Clinometer/laser rangefinder/sine","7.3'","88''","","","Jess Riddle","2002-05-05","http%3A%2F%2Fwww.nativetreesociety.org%2Ffieldtrips%2Fsouth_carolina%2Flaurel_fork.htm","N"
"Tuliptree","Liriodendron tulipifera","South Carolina","Pickens","Laurel Fork","","","","","238053","1","","","","Public-Private","152.9'","Clinometer/laser rangefinder/sine","7.7'","92''","","","Jess Riddle","2002-05-05","http%3A%2F%2Fwww.nativetreesociety.org%2Ffieldtrips%2Fsouth_carolina%2Flaurel_fork.htm","N"
"Bitternut Hickory","Carya cordiformis","South Carolina","Pickens","Laurel Fork Heritage Preserve","","","","","40462","1","","","","Public","138.5'","Clinometer/laser rangefinder/sine","","","","","Brian Beduhn","2013-03-09","http%3A%2F%2Fwww.ents-bbs.org%2Fviewtopic.php%3Ff%3D122%26t%3D5139","N"
"Black Locust","Robinia pseudoacacia","South Carolina","Pickens","Laurel Fork Heritage Preserve","","","","","40458","1","","","","Public","123.6'","Clinometer/laser rangefinder/sine","","","","","Brian Beduhn","2013-03-09","http%3A%2F%2Fwww.ents-bbs.org%2Fviewtopic.php%3Ff%3D122%26t%3D5139","N"
"Black Locust","Robinia pseudoacacia","South Carolina","Pickens","Laurel Fork Heritage Preserve","","","","","40459","1","","","","Public","129.4'","Clinometer/laser rangefinder/sine","","","","","Brian Beduhn","2013-03-09","http%3A%2F%2Fwww.ents-bbs.org%2Fviewtopic.php%3Ff%3D122%26t%3D5139","N"
"Blackgum","Nyssa sylvatica","South Carolina","Pickens","Laurel Fork Heritage Preserve","","","","","40468","1","","","","Public","95.3'","Clinometer/laser rangefinder/sine","","","","","Brian Beduhn","2013-03-09","http%3A%2F%2Fwww.ents-bbs.org%2Fviewtopic.php%3Ff%3D122%26t%3D5139","N"
"Eastern Hemlock","Tsuga canadensis","South Carolina","Pickens","Laurel Fork Heritage Preserve","","","","","40437","1","","","","Public","107.5'","Clinometer/laser rangefinder/sine","","","","","Brian Beduhn","2013-03-09","http%3A%2F%2Fwww.ents-bbs.org%2Fviewtopic.php%3Ff%3D122%26t%3D5139","N"
"Eastern Hemlock","Tsuga canadensis","South Carolina","Pickens","Laurel Fork Heritage Preserve","","","","","40438","1","","","","Public","113.4'","Clinometer/laser rangefinder/sine","","","","","Brian Beduhn","2013-03-09","http%3A%2F%2Fwww.ents-bbs.org%2Fviewtopic.php%3Ff%3D122%26t%3D5139","N"
"Eastern Hemlock","Tsuga canadensis","South Carolina","Pickens","Laurel Fork Heritage Preserve","","","","","40439","1","","","","Public","115.0'","Clinometer/laser rangefinder/sine","","","","","Brian Beduhn","2013-03-09","http%3A%2F%2Fwww.ents-bbs.org%2Fviewtopic.php%3Ff%3D122%26t%3D5139","N"
"Eastern Hemlock","Tsuga canadensis","South Carolina","Pickens","Laurel Fork Heritage Preserve","","","","","40440","1","","","","Public","119.0'","Clinometer/laser rangefinder/sine","","","","","Brian Beduhn","2013-03-09","http%3A%2F%2Fwww.ents-bbs.org%2Fviewtopic.php%3Ff%3D122%26t%3D5139","N"
"Eastern White Pine","Pinus strobus","South Carolina","Pickens","Laurel Fork Heritage Preserve","","","","","40421","1","","","","Public","141.6'","Clinometer/laser rangefinder/sine","","","","","Brian Beduhn","2013-03-09","http%3A%2F%2Fwww.ents-bbs.org%2Fviewtopic.php%3Ff%3D122%26t%3D5139","N"
"Eastern White Pine","Pinus strobus","South Carolina","Pickens","Laurel Fork Heritage Preserve","","","","","40422","1","","","","Public","144.4'","Clinometer/laser rangefinder/sine","","","","","Brian Beduhn","2013-03-09","http%3A%2F%2Fwww.ents-bbs.org%2Fviewtopic.php%3Ff%3D122%26t%3D5139","N"
"Eastern White Pine","Pinus strobus","South Carolina","Pickens","Laurel Fork Heritage Preserve","","","","","40423","1","","","","Public","146.3'","Clinometer/laser rangefinder/sine","","","","","Brian Beduhn","2013-03-09","http%3A%2F%2Fwww.ents-bbs.org%2Fviewtopic.php%3Ff%3D122%26t%3D5139","N"
"Eastern White Pine","Pinus strobus","South Carolina","Pickens","Laurel Fork Heritage Preserve","","","","","40424","1","","","","Public","147.4'","Clinometer/laser rangefinder/sine","","","","","Brian Beduhn","2013-03-09","http%3A%2F%2Fwww.ents-bbs.org%2Fviewtopic.php%3Ff%3D122%26t%3D5139","N"
"Eastern White Pine","Pinus strobus","South Carolina","Pickens","Laurel Fork Heritage Preserve","","","","","40425","1","","","","Public","151.0'","Clinometer/laser rangefinder/sine","","","","","Brian Beduhn","2013-03-09","http%3A%2F%2Fwww.ents-bbs.org%2Fviewtopic.php%3Ff%3D122%26t%3D5139","N"
"Eastern White Pine","Pinus strobus","South Carolina","Pickens","Laurel Fork Heritage Preserve","","","","","40426","1","","","","Public","151.5'","Clinometer/laser rangefinder/sine","","","","","Brian Beduhn","2013-03-09","http%3A%2F%2Fwww.ents-bbs.org%2Fviewtopic.php%3Ff%3D122%26t%3D5139","N"
"Eastern White Pine","Pinus strobus","South Carolina","Pickens","Laurel Fork Heritage Preserve","","","","","40427","1","","","","Public","156.3'","Clinometer/laser rangefinder/sine","","","","","Brian Beduhn","2013-03-09","http%3A%2F%2Fwww.ents-bbs.org%2Fviewtopic.php%3Ff%3D122%26t%3D5139","N"
"Eastern White Pine","Pinus strobus","South Carolina","Pickens","Laurel Fork Heritage Preserve","","","","","40428","1","","","","Public","157.5'","Clinometer/laser rangefinder/sine","","","","","Brian Beduhn","2013-03-09","http%3A%2F%2Fwww.ents-bbs.org%2Fviewtopic.php%3Ff%3D122%26t%3D5139","N"
"Eastern White Pine","Pinus strobus","South Carolina","Pickens","Laurel Fork Heritage Preserve","","","","","40429","1","","","","Public","161.9'","Clinometer/laser rangefinder/sine","","","","","Brian Beduhn","2013-03-09","http%3A%2F%2Fwww.ents-bbs.org%2Fviewtopic.php%3Ff%3D122%26t%3D5139","N"
"Mockernut Hickory","Carya tomentosa","South Carolina","Pickens","Laurel Fork Heritage Preserve","","","","","40460","1","","","","Public","114.5'","Clinometer/laser rangefinder/sine","","","","","Brian Beduhn","2013-03-09","http%3A%2F%2Fwww.ents-bbs.org%2Fviewtopic.php%3Ff%3D122%26t%3D5139","N"
"Mockernut Hickory","Carya tomentosa","South Carolina","Pickens","Laurel Fork Heritage Preserve","","","","","40461","1","","","","Public","117.0'","Clinometer/laser rangefinder/sine","","","","","Brian Beduhn","2013-03-09","http%3A%2F%2Fwww.ents-bbs.org%2Fviewtopic.php%3Ff%3D122%26t%3D5139","N"
"Pitch Pine","Pinus rigida","South Carolina","Pickens","Laurel Fork Heritage Preserve","","","","","40405","1","","","","Public","104.2'","Clinometer/laser rangefinder/sine","","","","","Brian Beduhn","2013-03-09","http%3A%2F%2Fwww.ents-bbs.org%2Fviewtopic.php%3Ff%3D122%26t%3D5139","N"
"Pitch Pine","Pinus rigida","South Carolina","Pickens","Laurel Fork Heritage Preserve","","","","","40406","1","","","","Public","108.4'","Clinometer/laser rangefinder/sine","","","","","Brian Beduhn","2013-03-09","http%3A%2F%2Fwww.ents-bbs.org%2Fviewtopic.php%3Ff%3D122%26t%3D5139","N"
"Pitch Pine","Pinus rigida","South Carolina","Pickens","Laurel Fork Heritage Preserve","","","","","40407","1","","","","Public","111.3'","Clinometer/laser rangefinder/sine","","","","","Brian Beduhn","2013-03-09","http%3A%2F%2Fwww.ents-bbs.org%2Fviewtopic.php%3Ff%3D122%26t%3D5139","N"
"Pitch Pine","Pinus rigida","South Carolina","Pickens","Laurel Fork Heritage Preserve","","","","","40408","1","","","","Public","114.0'","Clinometer/laser rangefinder/sine","","","","","Brian Beduhn","2013-03-09","http%3A%2F%2Fwww.ents-bbs.org%2Fviewtopic.php%3Ff%3D122%26t%3D5139","N"
"Pitch Pine","Pinus rigida","South Carolina","Pickens","Laurel Fork Heritage Preserve","","","","","40409","1","","","","Public","114.1'","Clinometer/laser rangefinder/sine","","","","","Brian Beduhn","2013-03-09","http%3A%2F%2Fwww.ents-bbs.org%2Fviewtopic.php%3Ff%3D122%26t%3D5139","N"
"Pitch Pine","Pinus rigida","South Carolina","Pickens","Laurel Fork Heritage Preserve","","","","","40410","1","","","","Public","115.8'","Clinometer/laser rangefinder/sine","","","","","Brian Beduhn","2013-03-09","http%3A%2F%2Fwww.ents-bbs.org%2Fviewtopic.php%3Ff%3D122%26t%3D5139","N"
"Pitch Pine","Pinus rigida","South Carolina","Pickens","Laurel Fork Heritage Preserve","","","","","40411","1","","","","Public","116.1'","Clinometer/laser rangefinder/sine","","","","","Brian Beduhn","2013-03-09","http%3A%2F%2Fwww.ents-bbs.org%2Fviewtopic.php%3Ff%3D122%26t%3D5139","N"
"Pitch Pine","Pinus rigida","South Carolina","Pickens","Laurel Fork Heritage Preserve","","","","","40412","1","","","","Public","116.5'","Clinometer/laser rangefinder/sine","","","","","Brian Beduhn","2013-03-09","http%3A%2F%2Fwww.ents-bbs.org%2Fviewtopic.php%3Ff%3D122%26t%3D5139","N"
"Pitch Pine","Pinus rigida","South Carolina","Pickens","Laurel Fork Heritage Preserve","","","","","40413","1","","","","Public","121.9'","Clinometer/laser rangefinder/sine","","","","","Brian Beduhn","2013-03-09","http%3A%2F%2Fwww.ents-bbs.org%2Fviewtopic.php%3Ff%3D122%26t%3D5139","N"
"Red Maple","Acer rubrum","South Carolina","Pickens","Laurel Fork Heritage Preserve","","","","","40467","1","","","","Public","114.0'","Clinometer/laser rangefinder/sine","","","","","Brian Beduhn","2013-03-09","http%3A%2F%2Fwww.ents-bbs.org%2Fviewtopic.php%3Ff%3D122%26t%3D5139","N"
"Shortleaf Pine","Pinus echinata","South Carolina","Pickens","Laurel Fork Heritage Preserve","","","","","40430","1","","","","Public","106.1'","Clinometer/laser rangefinder/sine","","","","","Brian Beduhn","2013-03-09","http%3A%2F%2Fwww.ents-bbs.org%2Fviewtopic.php%3Ff%3D122%26t%3D5139","N"
"Shortleaf Pine","Pinus echinata","South Carolina","Pickens","Laurel Fork Heritage Preserve","","","","","40431","1","","","","Public","109.2'","Clinometer/laser rangefinder/sine","","","","","Brian Beduhn","2013-03-09","http%3A%2F%2Fwww.ents-bbs.org%2Fviewtopic.php%3Ff%3D122%26t%3D5139","N"
"Shortleaf Pine","Pinus echinata","South Carolina","Pickens","Laurel Fork Heritage Preserve","","","","","40432","1","","","","Public","110.4'","Clinometer/laser rangefinder/sine","","","","","Brian Beduhn","2013-03-09","http%3A%2F%2Fwww.ents-bbs.org%2Fviewtopic.php%3Ff%3D122%26t%3D5139","N"
"Shortleaf Pine","Pinus echinata","South Carolina","Pickens","Laurel Fork Heritage Preserve","","","","","40433","1","","","","Public","116.6'","Clinometer/laser rangefinder/sine","","","","","Brian Beduhn","2013-03-09","http%3A%2F%2Fwww.ents-bbs.org%2Fviewtopic.php%3Ff%3D122%26t%3D5139","N"
"Shortleaf Pine","Pinus echinata","South Carolina","Pickens","Laurel Fork Heritage Preserve","","","","","40434","1","","","","Public","118.2'","Clinometer/laser rangefinder/sine","","","","","Brian Beduhn","2013-03-09","http%3A%2F%2Fwww.ents-bbs.org%2Fviewtopic.php%3Ff%3D122%26t%3D5139","N"
"Shortleaf Pine","Pinus echinata","South Carolina","Pickens","Laurel Fork Heritage Preserve","","","","","40435","1","","","","Public","123.9'","Clinometer/laser rangefinder/sine","","","","","Brian Beduhn","2013-03-09","http%3A%2F%2Fwww.ents-bbs.org%2Fviewtopic.php%3Ff%3D122%26t%3D5139","N"
"Shortleaf Pine","Pinus echinata","South Carolina","Pickens","Laurel Fork Heritage Preserve","","","","","40436","1","","","","Public","124.0'","Clinometer/laser rangefinder/sine","","","","","Brian Beduhn","2013-03-09","http%3A%2F%2Fwww.ents-bbs.org%2Fviewtopic.php%3Ff%3D122%26t%3D5139","N"
"Sourwood","Oxydendrum arboreum","South Carolina","Pickens","Laurel Fork Heritage Preserve","","","","","40464","1","","","","Public","82.5'","Clinometer/laser rangefinder/sine","","","","","Brian Beduhn","2013-03-09","http%3A%2F%2Fwww.ents-bbs.org%2Fviewtopic.php%3Ff%3D122%26t%3D5139","N"
"Sourwood","Oxydendrum arboreum","South Carolina","Pickens","Laurel Fork Heritage Preserve","","","","","40465","1","","","","Public","97.3'","Clinometer/laser rangefinder/sine","","","","","Brian Beduhn","2013-03-09","http%3A%2F%2Fwww.ents-bbs.org%2Fviewtopic.php%3Ff%3D122%26t%3D5139","N"
"Sweet Birch","Betula lenta","South Carolina","Pickens","Laurel Fork Heritage Preserve","","","","","40463","1","","","","Public","105.6'","Clinometer/laser rangefinder/sine","","","","","Brian Beduhn","2013-03-09","http%3A%2F%2Fwww.ents-bbs.org%2Fviewtopic.php%3Ff%3D122%26t%3D5139","N"
"Sweetgum","Liquidambar styraciflua","South Carolina","Pickens","Laurel Fork Heritage Preserve","","","","","40451","1","","","","Public","130.0'","Clinometer/laser rangefinder/sine","","","","","Brian Beduhn","2013-03-09","http%3A%2F%2Fwww.ents-bbs.org%2Fviewtopic.php%3Ff%3D122%26t%3D5139","N"
"Sweetgum","Liquidambar styraciflua","South Carolina","Pickens","Laurel Fork Heritage Preserve","","","","","40452","1","","","","Public","131.0'","Clinometer/laser rangefinder/sine","","","","","Brian Beduhn","2013-03-09","http%3A%2F%2Fwww.ents-bbs.org%2Fviewtopic.php%3Ff%3D122%26t%3D5139","N"
"Sweetgum","Liquidambar styraciflua","South Carolina","Pickens","Laurel Fork Heritage Preserve","","","","","40453","1","","","","Public","133.4'","Clinometer/laser rangefinder/sine","","","","","Brian Beduhn","2013-03-09","http%3A%2F%2Fwww.ents-bbs.org%2Fviewtopic.php%3Ff%3D122%26t%3D5139","N"
"Sweetgum","Liquidambar styraciflua","South Carolina","Pickens","Laurel Fork Heritage Preserve","","","","","40454","1","","","","Public","133.9'","Clinometer/laser rangefinder/sine","","","","","Brian Beduhn","2013-03-09","http%3A%2F%2Fwww.ents-bbs.org%2Fviewtopic.php%3Ff%3D122%26t%3D5139","N"
"Sweetgum","Liquidambar styraciflua","South Carolina","Pickens","Laurel Fork Heritage Preserve","","","","","40455","1","","","","Public","137.6'","Clinometer/laser rangefinder/sine","","","","","Brian Beduhn","2013-03-09","http%3A%2F%2Fwww.ents-bbs.org%2Fviewtopic.php%3Ff%3D122%26t%3D5139","N"
"Sweetgum","Liquidambar styraciflua","South Carolina","Pickens","Laurel Fork Heritage Preserve","","","","","40456","1","","","","Public","138.0'","Clinometer/laser rangefinder/sine","","","","","Brian Beduhn","2013-03-09","http%3A%2F%2Fwww.ents-bbs.org%2Fviewtopic.php%3Ff%3D122%26t%3D5139","N"
"Sweetgum","Liquidambar styraciflua","South Carolina","Pickens","Laurel Fork Heritage Preserve","","","","","40457","1","","","","Public","146.7'","Clinometer/laser rangefinder/sine","","","","","Brian Beduhn","2013-03-09","http%3A%2F%2Fwww.ents-bbs.org%2Fviewtopic.php%3Ff%3D122%26t%3D5139","N"
"Tuliptree","Liriodendron tulipifera","South Carolina","Pickens","Laurel Fork Heritage Preserve","","","","","40441","1","","","","Public","141.9'","Clinometer/laser rangefinder/sine","","","","","Brian Beduhn","2013-03-09","http%3A%2F%2Fwww.ents-bbs.org%2Fviewtopic.php%3Ff%3D122%26t%3D5139","N"
"Tuliptree","Liriodendron tulipifera","South Carolina","Pickens","Laurel Fork Heritage Preserve","","","","","40442","1","","","","Public","143.1'","Clinometer/laser rangefinder/sine","","","","","Brian Beduhn","2013-03-09","http%3A%2F%2Fwww.ents-bbs.org%2Fviewtopic.php%3Ff%3D122%26t%3D5139","N"
"Tuliptree","Liriodendron tulipifera","South Carolina","Pickens","Laurel Fork Heritage Preserve","","","","","40443","1","","","","Public","143.5'","Clinometer/laser rangefinder/sine","","","","","Brian Beduhn","2013-03-09","http%3A%2F%2Fwww.ents-bbs.org%2Fviewtopic.php%3Ff%3D122%26t%3D5139","N"
"Tuliptree","Liriodendron tulipifera","South Carolina","Pickens","Laurel Fork Heritage Preserve","","","","","40444","1","","","","Public","144.2'","Clinometer/laser rangefinder/sine","","","","","Brian Beduhn","2013-03-09","http%3A%2F%2Fwww.ents-bbs.org%2Fviewtopic.php%3Ff%3D122%26t%3D5139","N"
"Tuliptree","Liriodendron tulipifera","South Carolina","Pickens","Laurel Fork Heritage Preserve","","","","","40445","1","","","","Public","145.5'","Clinometer/laser rangefinder/sine","","","","","Brian Beduhn","2013-03-09","http%3A%2F%2Fwww.ents-bbs.org%2Fviewtopic.php%3Ff%3D122%26t%3D5139","N"
"Tuliptree","Liriodendron tulipifera","South Carolina","Pickens","Laurel Fork Heritage Preserve","","","","","40446","1","","","","Public","146.6'","Clinometer/laser rangefinder/sine","","","","","Brian Beduhn","2013-03-09","http%3A%2F%2Fwww.ents-bbs.org%2Fviewtopic.php%3Ff%3D122%26t%3D5139","N"
"Tuliptree","Liriodendron tulipifera","South Carolina","Pickens","Laurel Fork Heritage Preserve","","","","","40447","1","","","","Public","147.2'","Clinometer/laser rangefinder/sine","","","","","Brian Beduhn","2013-03-09","http%3A%2F%2Fwww.ents-bbs.org%2Fviewtopic.php%3Ff%3D122%26t%3D5139","N"
"Tuliptree","Liriodendron tulipifera","South Carolina","Pickens","Laurel Fork Heritage Preserve","","","","","40448","1","","","","Public","148.2'","Clinometer/laser rangefinder/sine","","","","","Brian Beduhn","2013-03-09","http%3A%2F%2Fwww.ents-bbs.org%2Fviewtopic.php%3Ff%3D122%26t%3D5139","N"
"Tuliptree","Liriodendron tulipifera","South Carolina","Pickens","Laurel Fork Heritage Preserve","","","","","40449","1","","","","Public","152.7'","Clinometer/laser rangefinder/sine","","","","","Brian Beduhn","2013-03-09","http%3A%2F%2Fwww.ents-bbs.org%2Fviewtopic.php%3Ff%3D122%26t%3D5139","N"
"Tuliptree","Liriodendron tulipifera","South Carolina","Pickens","Laurel Fork Heritage Preserve","","","","","40450","1","","","","Public","157.3'","Clinometer/laser rangefinder/sine","","","","","Brian Beduhn","2013-03-09","http%3A%2F%2Fwww.ents-bbs.org%2Fviewtopic.php%3Ff%3D122%26t%3D5139","N"
"Virginia Pine","Pinus virginiana","South Carolina","Pickens","Laurel Fork Heritage Preserve","","","","","40414","1","","","","Public","102.3'","Clinometer/laser rangefinder/sine","","","","","Brian Beduhn","2013-03-09","http%3A%2F%2Fwww.ents-bbs.org%2Fviewtopic.php%3Ff%3D122%26t%3D5139","N"
"Virginia Pine","Pinus virginiana","South Carolina","Pickens","Laurel Fork Heritage Preserve","","","","","40415","1","","","","Public","104.1'","Clinometer/laser rangefinder/sine","","","","","Brian Beduhn","2013-03-09","http%3A%2F%2Fwww.ents-bbs.org%2Fviewtopic.php%3Ff%3D122%26t%3D5139","N"
"Virginia Pine","Pinus virginiana","South Carolina","Pickens","Laurel Fork Heritage Preserve","","","","","40416","1","","","","Public","110.9'","Clinometer/laser rangefinder/sine","","","","","Brian Beduhn","2013-03-09","http%3A%2F%2Fwww.ents-bbs.org%2Fviewtopic.php%3Ff%3D122%26t%3D5139","N"
"Virginia Pine","Pinus virginiana","South Carolina","Pickens","Laurel Fork Heritage Preserve","","","","","40417","1","","","","Public","113.6'","Clinometer/laser rangefinder/sine","","","","","Brian Beduhn","2013-03-09","http%3A%2F%2Fwww.ents-bbs.org%2Fviewtopic.php%3Ff%3D122%26t%3D5139","N"
"Virginia Pine","Pinus virginiana","South Carolina","Pickens","Laurel Fork Heritage Preserve","","","","","40418","1","","","","Public","113.7'","Clinometer/laser rangefinder/sine","","","","","Brian Beduhn","2013-03-09","http%3A%2F%2Fwww.ents-bbs.org%2Fviewtopic.php%3Ff%3D122%26t%3D5139","N"
"Virginia Pine","Pinus virginiana","South Carolina","Pickens","Laurel Fork Heritage Preserve","","","","","40419","1","","","","Public","113.9'","Clinometer/laser rangefinder/sine","","","","","Brian Beduhn","2013-03-09","http%3A%2F%2Fwww.ents-bbs.org%2Fviewtopic.php%3Ff%3D122%26t%3D5139","N"
"Virginia Pine","Pinus virginiana","South Carolina","Pickens","Laurel Fork Heritage Preserve","","","","","40420","1","","","","Public","124.6'","Clinometer/laser rangefinder/sine","","","","New record height for the species, barring any measuring errors.","Brian Beduhn","2013-03-09","http%3A%2F%2Fwww.ents-bbs.org%2Fviewtopic.php%3Ff%3D122%26t%3D5139","N"
"White Oak","Quercus alba","South Carolina","Pickens","Laurel Fork Heritage Preserve","","","","","40466","1","","","","Public","112.9'","Clinometer/laser rangefinder/sine","","","","","Brian Beduhn","2013-03-09","http%3A%2F%2Fwww.ents-bbs.org%2Fviewtopic.php%3Ff%3D122%26t%3D5139","N"
"Cucumber-Tree","Magnolia acuminata","South Carolina","Pickens","Roundtop Maountain","","","","","237633","1","","","","Public - federal","123.7'","Clinometer/laser rangefinder/sine","11.2'","134''","","","Jess Riddle","2003-05-04","http%3A%2F%2Fwww.nativetreesociety.org%2Ffieldtrips%2Fsouth_carolina%2Froundtop_mountain.htm","N"
"Tuliptree","Liriodendron tulipifera","South Carolina","Pickens","Roundtop Maountain","","","","","237630","1","","","","Public - federal","","Clinometer/laser rangefinder/sine","14.8'","178''","","","Jess Riddle","2003-05-04","http%3A%2F%2Fwww.nativetreesociety.org%2Ffieldtrips%2Fsouth_carolina%2Froundtop_mountain.htm","N"
"Tuliptree","Liriodendron tulipifera","South Carolina","Pickens","Roundtop Maountain","","","","","237631","1","","","","Public - federal","138.2'","Clinometer/laser rangefinder/sine","","","","","Jess Riddle","2003-05-04","http%3A%2F%2Fwww.nativetreesociety.org%2Ffieldtrips%2Fsouth_carolina%2Froundtop_mountain.htm","N"
"Tuliptree","Liriodendron tulipifera","South Carolina","Pickens","Roundtop Maountain","","","","","237632","1","","","","Public - federal","139.1'","Clinometer/laser rangefinder/sine","10.3'","123''","","Height is Not Less Than(NLT)","Jess Riddle","2003-05-04","http%3A%2F%2Fwww.nativetreesociety.org%2Ffieldtrips%2Fsouth_carolina%2Froundtop_mountain.htm","N"
"American Basswood","Tilia americana var. heterophylla","South Carolina","Pickens","Wadakoe Mountain","","","Trees were also measured on 11/1/2004. 
See link:
http://www.nativetreesociety.org/fieldtrips/south_carolina/wadakoe_mountain.htm","","236253","1","","","","Public-Private","","Clinometer/laser rangefinder/sine","9.7'","116''","","Peach Orchard","Jess Riddle","2003-09-28","http%3A%2F%2Fwww.nativetreesociety.org%2Ffieldtrips%2Fsouth_carolina%2Fwadakoe_northend.htm","N"
"American Basswood","Tilia americana var. heterophylla","South Carolina","Pickens","Wadakoe Mountain","","","Trees were also measured on 11/1/2004. 
See link:
http://www.nativetreesociety.org/fieldtrips/south_carolina/wadakoe_mountain.htm","","236252","1","","","","Public-Private","107.6'","Clinometer/laser rangefinder/sine","7.4'","89''","","Peach Orchard","Jess Riddle","2003-09-28","http%3A%2F%2Fwww.nativetreesociety.org%2Ffieldtrips%2Fsouth_carolina%2Fwadakoe_northend.htm","N"
"American Basswood","Tilia americana var. heterophylla","South Carolina","Pickens","Wadakoe Mountain","","","Trees were also measured on 11/1/2004. 
See link:
http://www.nativetreesociety.org/fieldtrips/south_carolina/wadakoe_mountain.htm","","236554","1","","","","Public-Private","129.0'","Clinometer/laser rangefinder/sine","6.2'","74''","","North Face of Mountain","Jess Riddle","2005-02-03","http%3A%2F%2Fwww.nativetreesociety.org%2Ffieldtrips%2Fsouth_carolina%2Fwadakoe_northend.htm","N"
"American Beech","Fagus grandifolia","South Carolina","Pickens","Wadakoe Mountain","","","Trees were also measured on 11/1/2004. 
See link:
http://www.nativetreesociety.org/fieldtrips/south_carolina/wadakoe_mountain.htm","","236302","1","","","","Public-Private","108.8'","Clinometer/laser rangefinder/sine","4.8'","58''","","Lower Slopes","Jess Riddle","2003-09-28","http%3A%2F%2Fwww.nativetreesociety.org%2Ffieldtrips%2Fsouth_carolina%2Fwadakoe_northend.htm","N"
"American Beech","Fagus grandifolia","South Carolina","Pickens","Wadakoe Mountain","","","Trees were also measured on 11/1/2004. 
See link:
http://www.nativetreesociety.org/fieldtrips/south_carolina/wadakoe_mountain.htm","","236303","1","","","","Public-Private","108.8'","Clinometer/laser rangefinder/sine","","","","Height is Not Less Than(NLT)
Lower Slopes","Jess Riddle","2003-09-28","http%3A%2F%2Fwww.nativetreesociety.org%2Ffieldtrips%2Fsouth_carolina%2Fwadakoe_northend.htm","N"
"American Beech","Fagus grandifolia","South Carolina","Pickens","Wadakoe Mountain","","","Trees were also measured on 11/1/2004. 
See link:
http://www.nativetreesociety.org/fieldtrips/south_carolina/wadakoe_mountain.htm","","236272","1","","","","Public-Private","114.2'","Clinometer/laser rangefinder/sine","","","","Eastatoe Creek","Jess Riddle","2003-09-28","http%3A%2F%2Fwww.nativetreesociety.org%2Ffieldtrips%2Fsouth_carolina%2Fwadakoe_northend.htm","N"
"American Beech","Fagus grandifolia","South Carolina","Pickens","Wadakoe Mountain","","","Trees were also measured on 11/1/2004. 
See link:
http://www.nativetreesociety.org/fieldtrips/south_carolina/wadakoe_mountain.htm","","236304","1","","","","Public-Private","116.3'","Clinometer/laser rangefinder/sine","8.8'","105''","","Height is Not Less Than(NLT)","Jess Riddle","2003-09-28","http%3A%2F%2Fwww.nativetreesociety.org%2Ffieldtrips%2Fsouth_carolina%2Fwadakoe_northend.htm","N"
"American Beech","Fagus grandifolia","South Carolina","Pickens","Wadakoe Mountain","","","Trees were also measured on 11/1/2004. 
See link:
http://www.nativetreesociety.org/fieldtrips/south_carolina/wadakoe_mountain.htm","","236286","1","","","","Public-Private","119.7'","Clinometer/laser rangefinder/sine","","","","West and North slopes","Jess Riddle","2003-09-28","http%3A%2F%2Fwww.nativetreesociety.org%2Ffieldtrips%2Fsouth_carolina%2Fwadakoe_northend.htm","N"
"American Beech","Fagus grandifolia","South Carolina","Pickens","Wadakoe Mountain","","","Trees were also measured on 11/1/2004. 
See link:
http://www.nativetreesociety.org/fieldtrips/south_carolina/wadakoe_mountain.htm","","236254","1","","","","Public-Private","121.5'","Clinometer/laser rangefinder/sine","","","","Peach Orchard","Jess Riddle","2003-09-28","http%3A%2F%2Fwww.nativetreesociety.org%2Ffieldtrips%2Fsouth_carolina%2Fwadakoe_northend.htm","N"
"American Beech","Fagus grandifolia","South Carolina","Pickens","Wadakoe Mountain","","","Trees were also measured on 11/1/2004. 
See link:
http://www.nativetreesociety.org/fieldtrips/south_carolina/wadakoe_mountain.htm","","236287","1","","","","Public-Private","129.4'","Clinometer/laser rangefinder/sine","9.7'","116''","","West and North slopes","Jess Riddle","2003-09-28","http%3A%2F%2Fwww.nativetreesociety.org%2Ffieldtrips%2Fsouth_carolina%2Fwadakoe_northend.htm","N"
"American Sycamore","Platanus occidentalis","South Carolina","Pickens","Wadakoe Mountain","","","Trees were also measured on 11/1/2004. 
See link:
http://www.nativetreesociety.org/fieldtrips/south_carolina/wadakoe_mountain.htm","","236297","1","","","","Public-Private","116.6'","Clinometer/laser rangefinder/sine","6.8'","81''","","West and North slopes","Jess Riddle","2003-09-28","http%3A%2F%2Fwww.nativetreesociety.org%2Ffieldtrips%2Fsouth_carolina%2Fwadakoe_northend.htm","N"
"Bitternut Hickory","Carya cordiformis","South Carolina","Pickens","Wadakoe Mountain","","","Trees were also measured on 11/1/2004. 
See link:
http://www.nativetreesociety.org/fieldtrips/south_carolina/wadakoe_mountain.htm","","236305","1","","","","Public-Private","113.6'","Clinometer/laser rangefinder/sine","3.8'","46''","","Lower Slopes","Jess Riddle","2003-09-28","http%3A%2F%2Fwww.nativetreesociety.org%2Ffieldtrips%2Fsouth_carolina%2Fwadakoe_northend.htm","N"
"Bitternut Hickory","Carya cordiformis","South Carolina","Pickens","Wadakoe Mountain","","","Trees were also measured on 11/1/2004. 
See link:
http://www.nativetreesociety.org/fieldtrips/south_carolina/wadakoe_mountain.htm","","236291","1","","","","Public-Private","116.1'","Clinometer/laser rangefinder/sine","5.6'","67''","","West and North slopes","Jess Riddle","2003-09-28","http%3A%2F%2Fwww.nativetreesociety.org%2Ffieldtrips%2Fsouth_carolina%2Fwadakoe_northend.htm","N"
"Bitternut Hickory","Carya cordiformis","South Carolina","Pickens","Wadakoe Mountain","","","Trees were also measured on 11/1/2004. 
See link:
http://www.nativetreesociety.org/fieldtrips/south_carolina/wadakoe_mountain.htm","","236256","1","","","","Public-Private","131.0'","Clinometer/laser rangefinder/sine","8.5'","102''","","Peach Orchard","Jess Riddle","2003-09-28","http%3A%2F%2Fwww.nativetreesociety.org%2Ffieldtrips%2Fsouth_carolina%2Fwadakoe_northend.htm","N"
"Black Cherry","Prunus serotina","South Carolina","Pickens","Wadakoe Mountain","","","Trees were also measured on 11/1/2004. 
See link:
http://www.nativetreesociety.org/fieldtrips/south_carolina/wadakoe_mountain.htm","","236549","1","","","","Public-Private","108.1'","Clinometer/laser rangefinder/sine","6.9'","83''","","Along stream at foot of mountain.","Jess Riddle","2005-02-03","http%3A%2F%2Fwww.nativetreesociety.org%2Ffieldtrips%2Fsouth_carolina%2Fwadakoe_northend.htm","N"
"Black Locust","Robinia pseudoacacia","South Carolina","Pickens","Wadakoe Mountain","","","Trees were also measured on 11/1/2004. 
See link:
http://www.nativetreesociety.org/fieldtrips/south_carolina/wadakoe_mountain.htm","","236258","1","","","","Public-Private","123.5'","Clinometer/laser rangefinder/sine","7.4'","89''","","Peach Orchard","Jess Riddle","2003-09-28","http%3A%2F%2Fwww.nativetreesociety.org%2Ffieldtrips%2Fsouth_carolina%2Fwadakoe_northend.htm","N"
"Black Locust","Robinia pseudoacacia","South Carolina","Pickens","Wadakoe Mountain","","","Trees were also measured on 11/1/2004. 
See link:
http://www.nativetreesociety.org/fieldtrips/south_carolina/wadakoe_mountain.htm","","236293","1","","","","Public-Private","130.4'","Clinometer/laser rangefinder/sine","6.9'","83''","","West and North slopes","Jess Riddle","2003-09-28","http%3A%2F%2Fwww.nativetreesociety.org%2Ffieldtrips%2Fsouth_carolina%2Fwadakoe_northend.htm","N"
"Black Locust","Robinia pseudoacacia","South Carolina","Pickens","Wadakoe Mountain","","","Trees were also measured on 11/1/2004. 
See link:
http://www.nativetreesociety.org/fieldtrips/south_carolina/wadakoe_mountain.htm","","236310","1","","","","Public-Private","136.2'","Clinometer/laser rangefinder/sine","","","","Height is Not Less Than(NLT)
Lower Slopes","Jess Riddle","2003-09-28","http%3A%2F%2Fwww.nativetreesociety.org%2Ffieldtrips%2Fsouth_carolina%2Fwadakoe_northend.htm","N"
"Black Locust","Robinia pseudoacacia","South Carolina","Pickens","Wadakoe Mountain","","","Trees were also measured on 11/1/2004. 
See link:
http://www.nativetreesociety.org/fieldtrips/south_carolina/wadakoe_mountain.htm","","236555","1","","","","Public-Private","153.4'","Clinometer/laser rangefinder/sine","7.1'","85''","","North Face of Mountain","Jess Riddle","2005-02-03","http%3A%2F%2Fwww.nativetreesociety.org%2Ffieldtrips%2Fsouth_carolina%2Fwadakoe_northend.htm","N"
"Black Oak","Quercus velutina","South Carolina","Pickens","Wadakoe Mountain","","","Trees were also measured on 11/1/2004. 
See link:
http://www.nativetreesociety.org/fieldtrips/south_carolina/wadakoe_mountain.htm","","236557","1","","","","Public-Private","114.3'","Clinometer/laser rangefinder/sine","9.3'","111''","","North Face of Mountain","Jess Riddle","2005-02-03","http%3A%2F%2Fwww.nativetreesociety.org%2Ffieldtrips%2Fsouth_carolina%2Fwadakoe_northend.htm","N"
"Black Oak","Quercus velutina","South Carolina","Pickens","Wadakoe Mountain","","","Trees were also measured on 11/1/2004. 
See link:
http://www.nativetreesociety.org/fieldtrips/south_carolina/wadakoe_mountain.htm","","236276","1","","","","Public-Private","115.5'","Clinometer/laser rangefinder/sine","","","","Height is Not Less Than(NLT)
Jewell Branch","Jess Riddle","2003-09-28","http%3A%2F%2Fwww.nativetreesociety.org%2Ffieldtrips%2Fsouth_carolina%2Fwadakoe_northend.htm","N"
"Black Oak","Quercus velutina","South Carolina","Pickens","Wadakoe Mountain","","","Trees were also measured on 11/1/2004. 
See link:
http://www.nativetreesociety.org/fieldtrips/south_carolina/wadakoe_mountain.htm","","236558","1","","","","Public-Private","123.0'","Clinometer/laser rangefinder/sine","","","","North Face of Mountain","Jess Riddle","2005-02-03","http%3A%2F%2Fwww.nativetreesociety.org%2Ffieldtrips%2Fsouth_carolina%2Fwadakoe_northend.htm","N"
"Black Oak","Quercus velutina","South Carolina","Pickens","Wadakoe Mountain","","","Trees were also measured on 11/1/2004. 
See link:
http://www.nativetreesociety.org/fieldtrips/south_carolina/wadakoe_mountain.htm","","236559","1","","","","Public-Private","124.7'","Clinometer/laser rangefinder/sine","4.7'","56''","","North Face of Mountain","Jess Riddle","2005-02-03","http%3A%2F%2Fwww.nativetreesociety.org%2Ffieldtrips%2Fsouth_carolina%2Fwadakoe_northend.htm","N"
"Black Walnut","Juglans nigra","South Carolina","Pickens","Wadakoe Mountain","","","Trees were also measured on 11/1/2004. 
See link:
http://www.nativetreesociety.org/fieldtrips/south_carolina/wadakoe_mountain.htm","","236275","1","","","","Public-Private","","Clinometer/laser rangefinder/sine","7.6'","91''","","Eastatoe Creek","Jess Riddle","2003-09-28","http%3A%2F%2Fwww.nativetreesociety.org%2Ffieldtrips%2Fsouth_carolina%2Fwadakoe_northend.htm","N"
"Black Walnut","Juglans nigra","South Carolina","Pickens","Wadakoe Mountain","","","Trees were also measured on 11/1/2004. 
See link:
http://www.nativetreesociety.org/fieldtrips/south_carolina/wadakoe_mountain.htm","","236267","1","","","","Public-Private","110.1'","Clinometer/laser rangefinder/sine","3.9'","47''","","Height is Not Less Than(NLT)
Peach Orchard","Jess Riddle","2003-09-28","http%3A%2F%2Fwww.nativetreesociety.org%2Ffieldtrips%2Fsouth_carolina%2Fwadakoe_northend.htm","N"
"Blackgum","Nyssa sylvatica","South Carolina","Pickens","Wadakoe Mountain","","","Trees were also measured on 11/1/2004. 
See link:
http://www.nativetreesociety.org/fieldtrips/south_carolina/wadakoe_mountain.htm","","236571","1","","","","Public-Private","108.0'","Clinometer/laser rangefinder/sine","4.8'","57''","","North Face of Mountain","Jess Riddle","2005-02-03","http%3A%2F%2Fwww.nativetreesociety.org%2Ffieldtrips%2Fsouth_carolina%2Fwadakoe_northend.htm","N"
"Blackjack Oak","Quercus marilandica","South Carolina","Pickens","Wadakoe Mountain","","","Trees were also measured on 11/1/2004. 
See link:
http://www.nativetreesociety.org/fieldtrips/south_carolina/wadakoe_mountain.htm","","236547","1","","","","Public-Private","62.6'","Clinometer/laser rangefinder/sine","3.8'","46''","","Along stream at foot of mountain.","Jess Riddle","2005-02-03","http%3A%2F%2Fwww.nativetreesociety.org%2Ffieldtrips%2Fsouth_carolina%2Fwadakoe_northend.htm","N"
"Butternut","Juglans cinerea","South Carolina","Pickens","Wadakoe Mountain","","","Trees were also measured on 11/1/2004. 
See link:
http://www.nativetreesociety.org/fieldtrips/south_carolina/wadakoe_mountain.htm","","236269","1","","","","Public-Private","91.2'","Clinometer/laser rangefinder/sine","4.5'","54''","","","Jess Riddle","2003-09-28","http%3A%2F%2Fwww.nativetreesociety.org%2Ffieldtrips%2Fsouth_carolina%2Fwadakoe_northend.htm","N"
"Butternut","Juglans cinerea","South Carolina","Pickens","Wadakoe Mountain","","","Trees were also measured on 11/1/2004. 
See link:
http://www.nativetreesociety.org/fieldtrips/south_carolina/wadakoe_mountain.htm","","236543","1","","","","Public-Private","95.7'","Clinometer/laser rangefinder/sine","4.6'","55''","","Along stream at foot of mountain.","Jess Riddle","2005-02-03","http%3A%2F%2Fwww.nativetreesociety.org%2Ffieldtrips%2Fsouth_carolina%2Fwadakoe_northend.htm","N"
"Butternut","Juglans cinerea","South Carolina","Pickens","Wadakoe Mountain","","","Trees were also measured on 11/1/2004. 
See link:
http://www.nativetreesociety.org/fieldtrips/south_carolina/wadakoe_mountain.htm","","236268","1","","","","Public-Private","102.2'","Clinometer/laser rangefinder/sine","5.3'","64''","","Peach Orchard","Jess Riddle","2003-09-28","http%3A%2F%2Fwww.nativetreesociety.org%2Ffieldtrips%2Fsouth_carolina%2Fwadakoe_northend.htm","N"
"Chalk Maple","Acer leucoderme","South Carolina","Pickens","Wadakoe Mountain","","","Trees were also measured on 11/1/2004. 
See link:
http://www.nativetreesociety.org/fieldtrips/south_carolina/wadakoe_mountain.htm","","236259","1","","","","Public-Private","","Clinometer/laser rangefinder/sine","2.1'","25''","","Peach Orchard","Jess Riddle","2003-09-28","http%3A%2F%2Fwww.nativetreesociety.org%2Ffieldtrips%2Fsouth_carolina%2Fwadakoe_northend.htm","N"
"Chalk Maple","Acer leucoderme","South Carolina","Pickens","Wadakoe Mountain","","","Trees were also measured on 11/1/2004. 
See link:
http://www.nativetreesociety.org/fieldtrips/south_carolina/wadakoe_mountain.htm","","236260","1","","","","Public-Private","55.4'","Clinometer/laser rangefinder/sine","2.0'","24''","","Peach Orchard","Jess Riddle","2003-09-28","http%3A%2F%2Fwww.nativetreesociety.org%2Ffieldtrips%2Fsouth_carolina%2Fwadakoe_northend.htm","N"
"Chestnut Oak","Quercus montana","South Carolina","Pickens","Wadakoe Mountain","","","Trees were also measured on 11/1/2004. 
See link:
http://www.nativetreesociety.org/fieldtrips/south_carolina/wadakoe_mountain.htm","","236312","1","","","","Public-Private","","Clinometer/laser rangefinder/sine","5.7'","68''","","Lower Slopes","Jess Riddle","2003-09-28","http%3A%2F%2Fwww.nativetreesociety.org%2Ffieldtrips%2Fsouth_carolina%2Fwadakoe_northend.htm","N"
"Chestnut Oak","Quercus montana","South Carolina","Pickens","Wadakoe Mountain","","","Trees were also measured on 11/1/2004. 
See link:
http://www.nativetreesociety.org/fieldtrips/south_carolina/wadakoe_mountain.htm","","236281","1","","","","Public-Private","91.3'","Clinometer/laser rangefinder/sine","","","","Clearwater Branch","Jess Riddle","2003-09-28","http%3A%2F%2Fwww.nativetreesociety.org%2Ffieldtrips%2Fsouth_carolina%2Fwadakoe_northend.htm","N"
"Chestnut Oak","Quercus montana","South Carolina","Pickens","Wadakoe Mountain","","","Trees were also measured on 11/1/2004. 
See link:
http://www.nativetreesociety.org/fieldtrips/south_carolina/wadakoe_mountain.htm","","236560","1","","","","Public-Private","111.1'","Clinometer/laser rangefinder/sine","","","","North Face of Mountain","Jess Riddle","2005-02-03","http%3A%2F%2Fwww.nativetreesociety.org%2Ffieldtrips%2Fsouth_carolina%2Fwadakoe_northend.htm","N"
"Chestnut Oak","Quercus montana","South Carolina","Pickens","Wadakoe Mountain","","","Trees were also measured on 11/1/2004. 
See link:
http://www.nativetreesociety.org/fieldtrips/south_carolina/wadakoe_mountain.htm","","236313","1","","","","Public-Private","121.7'","Clinometer/laser rangefinder/sine","","","","Lower Slopes","Jess Riddle","2003-09-28","http%3A%2F%2Fwww.nativetreesociety.org%2Ffieldtrips%2Fsouth_carolina%2Fwadakoe_northend.htm","N"
"Chestnut Oak","Quercus montana","South Carolina","Pickens","Wadakoe Mountain","","","Trees were also measured on 11/1/2004. 
See link:
http://www.nativetreesociety.org/fieldtrips/south_carolina/wadakoe_mountain.htm","","236561","1","","","","Public-Private","123.6'","Clinometer/laser rangefinder/sine","7.4'","89''","","North Face of Mountain","Jess Riddle","2005-02-03","http%3A%2F%2Fwww.nativetreesociety.org%2Ffieldtrips%2Fsouth_carolina%2Fwadakoe_northend.htm","N"
"Chestnut Oak","Quercus montana","South Carolina","Pickens","Wadakoe Mountain","","","Trees were also measured on 11/1/2004. 
See link:
http://www.nativetreesociety.org/fieldtrips/south_carolina/wadakoe_mountain.htm","","236261","1","","","","Public-Private","125.5'","Clinometer/laser rangefinder/sine","7.3'","88''","","Peach Orchard","Jess Riddle","2003-09-28","http%3A%2F%2Fwww.nativetreesociety.org%2Ffieldtrips%2Fsouth_carolina%2Fwadakoe_northend.htm","N"
"Common Persimmon","Diospyros virginiana","South Carolina","Pickens","Wadakoe Mountain","","","Trees were also measured on 11/1/2004. 
See link:
http://www.nativetreesociety.org/fieldtrips/south_carolina/wadakoe_mountain.htm","","236315","1","","","","Public-Private","103.6'","Clinometer/laser rangefinder/sine","3.2'","38''","","Lower Slopes","Jess Riddle","2003-09-28","http%3A%2F%2Fwww.nativetreesociety.org%2Ffieldtrips%2Fsouth_carolina%2Fwadakoe_northend.htm","N"
"Common Serviceberry","Amelanchier arborea","South Carolina","Pickens","Wadakoe Mountain","","","Trees were also measured on 11/1/2004. 
See link:
http://www.nativetreesociety.org/fieldtrips/south_carolina/wadakoe_mountain.htm","","236545","1","","","","Public-Private","19.4'","Clinometer/laser rangefinder/sine","0.9'","11''","","Along stream at foot of mountain.","Jess Riddle","2005-02-03","http%3A%2F%2Fwww.nativetreesociety.org%2Ffieldtrips%2Fsouth_carolina%2Fwadakoe_northend.htm","N"
"Eastern Redbud","Cercis canadensis","South Carolina","Pickens","Wadakoe Mountain","","","Trees were also measured on 11/1/2004. 
See link:
http://www.nativetreesociety.org/fieldtrips/south_carolina/wadakoe_mountain.htm","","236283","1","","","","Public-Private","","Clinometer/laser rangefinder/sine","2.9'","35''","","Clearwater Branch","Jess Riddle","2003-09-28","http%3A%2F%2Fwww.nativetreesociety.org%2Ffieldtrips%2Fsouth_carolina%2Fwadakoe_northend.htm","N"
"Eastern Redbud","Cercis canadensis","South Carolina","Pickens","Wadakoe Mountain","","","Trees were also measured on 11/1/2004. 
See link:
http://www.nativetreesociety.org/fieldtrips/south_carolina/wadakoe_mountain.htm","","236282","1","","","","Public-Private","52.4'","Clinometer/laser rangefinder/sine","1.6'","19''","","Clearwater Branch","Jess Riddle","2003-09-28","http%3A%2F%2Fwww.nativetreesociety.org%2Ffieldtrips%2Fsouth_carolina%2Fwadakoe_northend.htm","N"
"Eastern White Pine","Pinus strobus","South Carolina","Pickens","Wadakoe Mountain","","","Trees were also measured on 11/1/2004. 
See link:
http://www.nativetreesociety.org/fieldtrips/south_carolina/wadakoe_mountain.htm","","236546","1","","","","Public-Private","137.1'","Clinometer/laser rangefinder/sine","8.8'","106''","","Along stream at foot of mountain.","Jess Riddle","2005-02-03","http%3A%2F%2Fwww.nativetreesociety.org%2Ffieldtrips%2Fsouth_carolina%2Fwadakoe_northend.htm","N"
"Flowering Dogwood","Cornus florida","South Carolina","Pickens","Wadakoe Mountain","","","Trees were also measured on 11/1/2004. 
See link:
http://www.nativetreesociety.org/fieldtrips/south_carolina/wadakoe_mountain.htm","","236548","1","","","","Public-Private","43.3'","Clinometer/laser rangefinder/sine","1.9'","23''","","","Jess Riddle","2005-02-03","http%3A%2F%2Fwww.nativetreesociety.org%2Ffieldtrips%2Fsouth_carolina%2Fwadakoe_northend.htm","N"
"Green Ash","Fraxinus pennsylvanica","South Carolina","Pickens","Wadakoe Mountain","","","Trees were also measured on 11/1/2004. 
See link:
http://www.nativetreesociety.org/fieldtrips/south_carolina/wadakoe_mountain.htm","","236553","1","","","","Public-Private","136.2'","Clinometer/laser rangefinder/sine","","","","North Face of Mountain","Jess Riddle","2005-02-03","http%3A%2F%2Fwww.nativetreesociety.org%2Ffieldtrips%2Fsouth_carolina%2Fwadakoe_northend.htm","N"
"Kentucky Yellowwood","Cladrastis kentukea","South Carolina","Pickens","Wadakoe Mountain","","","Trees were also measured on 11/1/2004. 
See link:
http://www.nativetreesociety.org/fieldtrips/south_carolina/wadakoe_mountain.htm","","236300","1","","","","Public-Private","78.3'","Clinometer/laser rangefinder/sine","4.2'","50''","","West and North slopes","Jess Riddle","2003-09-28","http%3A%2F%2Fwww.nativetreesociety.org%2Ffieldtrips%2Fsouth_carolina%2Fwadakoe_northend.htm","N"
"Mockernut Hickory","Carya tomentosa","South Carolina","Pickens","Wadakoe Mountain","","","Trees were also measured on 11/1/2004. 
See link:
http://www.nativetreesociety.org/fieldtrips/south_carolina/wadakoe_mountain.htm","","236306","1","","","","Public-Private","111.6'","Clinometer/laser rangefinder/sine","5.1'","61''","","Lower Slopes","Jess Riddle","2003-09-28","http%3A%2F%2Fwww.nativetreesociety.org%2Ffieldtrips%2Fsouth_carolina%2Fwadakoe_northend.htm","N"
"Mockernut Hickory","Carya tomentosa","South Carolina","Pickens","Wadakoe Mountain","","","Trees were also measured on 11/1/2004. 
See link:
http://www.nativetreesociety.org/fieldtrips/south_carolina/wadakoe_mountain.htm","","236307","1","","","","Public-Private","118.6'","Clinometer/laser rangefinder/sine","5.2'","62''","","Lower Slopes","Jess Riddle","2003-09-28","http%3A%2F%2Fwww.nativetreesociety.org%2Ffieldtrips%2Fsouth_carolina%2Fwadakoe_northend.htm","N"
"Mockernut Hickory","Carya tomentosa","South Carolina","Pickens","Wadakoe Mountain","","","Trees were also measured on 11/1/2004. 
See link:
http://www.nativetreesociety.org/fieldtrips/south_carolina/wadakoe_mountain.htm","","236292","1","","","","Public-Private","131.2'","Clinometer/laser rangefinder/sine","7.7'","92''","","West and North slopes","Jess Riddle","2003-09-28","http%3A%2F%2Fwww.nativetreesociety.org%2Ffieldtrips%2Fsouth_carolina%2Fwadakoe_northend.htm","N"
"Mockernut Hickory","Carya tomentosa","South Carolina","Pickens","Wadakoe Mountain","","","Trees were also measured on 11/1/2004. 
See link:
http://www.nativetreesociety.org/fieldtrips/south_carolina/wadakoe_mountain.htm","","236257","1","","","","Public-Private","136.6'","Clinometer/laser rangefinder/sine","6.5'","78''","","Peach Orchard","Jess Riddle","2003-09-28","http%3A%2F%2Fwww.nativetreesociety.org%2Ffieldtrips%2Fsouth_carolina%2Fwadakoe_northend.htm","N"
"Mountain Silverbell","Halesia tetraptera var. monticola","South Carolina","Pickens","Wadakoe Mountain","","","Trees were also measured on 11/1/2004. 
See link:
http://www.nativetreesociety.org/fieldtrips/south_carolina/wadakoe_mountain.htm","","236544","1","","","","Public-Private","82.0'","Clinometer/laser rangefinder/sine","4.7'","56''","","Along stream at foot of mountain.","Jess Riddle","2005-02-03","http%3A%2F%2Fwww.nativetreesociety.org%2Ffieldtrips%2Fsouth_carolina%2Fwadakoe_northend.htm","N"
"Northern Red Oak","Quercus rubra","South Carolina","Pickens","Wadakoe Mountain","","","Trees were also measured on 11/1/2004. 
See link:
http://www.nativetreesociety.org/fieldtrips/south_carolina/wadakoe_mountain.htm","","236262","1","","","","Public-Private","119.9'","Clinometer/laser rangefinder/sine","7.8'","94''","","Peach Orchard","Jess Riddle","2003-09-28","http%3A%2F%2Fwww.nativetreesociety.org%2Ffieldtrips%2Fsouth_carolina%2Fwadakoe_northend.htm","N"
"Northern Red Oak","Quercus rubra","South Carolina","Pickens","Wadakoe Mountain","","","Trees were also measured on 11/1/2004. 
See link:
http://www.nativetreesociety.org/fieldtrips/south_carolina/wadakoe_mountain.htm","","236277","1","","","","Public-Private","141.1'","Clinometer/laser rangefinder/sine","6.9'","83''","","Jewell Branch","Jess Riddle","2003-09-28","http%3A%2F%2Fwww.nativetreesociety.org%2Ffieldtrips%2Fsouth_carolina%2Fwadakoe_northend.htm","N"
"Northern Red Oak","Quercus rubra","South Carolina","Pickens","Wadakoe Mountain","","","Trees were also measured on 11/1/2004. 
See link:
http://www.nativetreesociety.org/fieldtrips/south_carolina/wadakoe_mountain.htm","","236562","1","","","","Public-Private","147.4'","Clinometer/laser rangefinder/sine","10.8'","129''","","North Face of Mountain","Jess Riddle","2005-02-03","http%3A%2F%2Fwww.nativetreesociety.org%2Ffieldtrips%2Fsouth_carolina%2Fwadakoe_northend.htm","N"
"Northern Spicebush","Lindera benzoin","South Carolina","Pickens","Wadakoe Mountain","","","Trees were also measured on 11/1/2004. 
See link:
http://www.nativetreesociety.org/fieldtrips/south_carolina/wadakoe_mountain.htm","","236284","1","","","","Public-Private","21.8'","Clinometer/laser rangefinder/sine","0.8'","10''","","Clearwater Branch","Jess Riddle","2003-09-28","http%3A%2F%2Fwww.nativetreesociety.org%2Ffieldtrips%2Fsouth_carolina%2Fwadakoe_northend.htm","N"
"Pignut Hickory","Carya glabra","South Carolina","Pickens","Wadakoe Mountain","","","Trees were also measured on 11/1/2004. 
See link:
http://www.nativetreesociety.org/fieldtrips/south_carolina/wadakoe_mountain.htm","","236308","1","","","","Public-Private","","Clinometer/laser rangefinder/sine","10.0'","120''","","Lower Slopes","Jess Riddle","2003-09-28","http%3A%2F%2Fwww.nativetreesociety.org%2Ffieldtrips%2Fsouth_carolina%2Fwadakoe_northend.htm","N"
"Pignut Hickory","Carya glabra","South Carolina","Pickens","Wadakoe Mountain","","","Trees were also measured on 11/1/2004. 
See link:
http://www.nativetreesociety.org/fieldtrips/south_carolina/wadakoe_mountain.htm","","236294","1","","","","Public-Private","126.2'","Clinometer/laser rangefinder/sine","7.8'","94''","","West and North slopes","Jess Riddle","2003-09-28","http%3A%2F%2Fwww.nativetreesociety.org%2Ffieldtrips%2Fsouth_carolina%2Fwadakoe_northend.htm","N"
"Pignut Hickory","Carya glabra","South Carolina","Pickens","Wadakoe Mountain","","","Trees were also measured on 11/1/2004. 
See link:
http://www.nativetreesociety.org/fieldtrips/south_carolina/wadakoe_mountain.htm","","236295","1","","","","Public-Private","134.5'","Clinometer/laser rangefinder/sine","7.7'","92''","","West and North slopes","Jess Riddle","2003-09-28","http%3A%2F%2Fwww.nativetreesociety.org%2Ffieldtrips%2Fsouth_carolina%2Fwadakoe_northend.htm","N"
"Pignut Hickory","Carya glabra","South Carolina","Pickens","Wadakoe Mountain","","","Trees were also measured on 11/1/2004. 
See link:
http://www.nativetreesociety.org/fieldtrips/south_carolina/wadakoe_mountain.htm","","236270","1","","","","Public-Private","151.8'","Clinometer/laser rangefinder/sine","9.1'","109''","","Peach Orchard","Jess Riddle","2003-09-28","http%3A%2F%2Fwww.nativetreesociety.org%2Ffieldtrips%2Fsouth_carolina%2Fwadakoe_northend.htm","N"
"Pignut Hickory","Carya glabra","South Carolina","Pickens","Wadakoe Mountain","","","Trees were also measured on 11/1/2004. 
See link:
http://www.nativetreesociety.org/fieldtrips/south_carolina/wadakoe_mountain.htm","","236271","1","","","","Public-Private","152.6'","Clinometer/laser rangefinder/sine","6.3'","76''","","Peach Orchard","Jess Riddle","2003-09-28","http%3A%2F%2Fwww.nativetreesociety.org%2Ffieldtrips%2Fsouth_carolina%2Fwadakoe_northend.htm","N"
"Red Hickory","Carya ovalis","South Carolina","Pickens","Wadakoe Mountain","","","Trees were also measured on 11/1/2004. 
See link:
http://www.nativetreesociety.org/fieldtrips/south_carolina/wadakoe_mountain.htm","","236309","1","","","","Public-Private","","Clinometer/laser rangefinder/sine","7.7'","92''","","Lower Slopes","Jess Riddle","2003-09-28","http%3A%2F%2Fwww.nativetreesociety.org%2Ffieldtrips%2Fsouth_carolina%2Fwadakoe_northend.htm","N"
"Red Maple","Acer rubrum","South Carolina","Pickens","Wadakoe Mountain","","","Trees were also measured on 11/1/2004. 
See link:
http://www.nativetreesociety.org/fieldtrips/south_carolina/wadakoe_mountain.htm","","236311","1","","","","Public-Private","102.6'","Clinometer/laser rangefinder/sine","6.5'","78''","","Height is Not Less Thab(NLT)
Lower Slopes","Jess Riddle","2003-09-28","http%3A%2F%2Fwww.nativetreesociety.org%2Ffieldtrips%2Fsouth_carolina%2Fwadakoe_northend.htm","N"
"Red Maple","Acer rubrum","South Carolina","Pickens","Wadakoe Mountain","","","Trees were also measured on 11/1/2004. 
See link:
http://www.nativetreesociety.org/fieldtrips/south_carolina/wadakoe_mountain.htm","","236556","1","","","","Public-Private","133.3'","Clinometer/laser rangefinder/sine","7.6'","91''","","North Face of Mountain","Jess Riddle","2005-02-03","http%3A%2F%2Fwww.nativetreesociety.org%2Ffieldtrips%2Fsouth_carolina%2Fwadakoe_northend.htm","N"
"Rusty Blackhaw","Viburnum rufidulum","South Carolina","Pickens","Wadakoe Mountain","","","Trees were also measured on 11/1/2004. 
See link:
http://www.nativetreesociety.org/fieldtrips/south_carolina/wadakoe_mountain.htm","","236255","1","","","","Public-Private","","Clinometer/laser rangefinder/sine","1.2'","14''","","Peach Orchard","Jess Riddle","2003-09-28","http%3A%2F%2Fwww.nativetreesociety.org%2Ffieldtrips%2Fsouth_carolina%2Fwadakoe_northend.htm","N"
"Scarlet Oak","Quercus coccinea","South Carolina","Pickens","Wadakoe Mountain","","","Trees were also measured on 11/1/2004. 
See link:
http://www.nativetreesociety.org/fieldtrips/south_carolina/wadakoe_mountain.htm","","236563","1","","","","Public-Private","118.0'","Clinometer/laser rangefinder/sine","5.3'","63''","","Height is Not Less Than(NLT)
North Face of Mountain","Jess Riddle","2005-02-03","http%3A%2F%2Fwww.nativetreesociety.org%2Ffieldtrips%2Fsouth_carolina%2Fwadakoe_northend.htm","N"
"Scarlet Oak","Quercus coccinea","South Carolina","Pickens","Wadakoe Mountain","","","Trees were also measured on 11/1/2004. 
See link:
http://www.nativetreesociety.org/fieldtrips/south_carolina/wadakoe_mountain.htm","","236564","1","","","","Public-Private","125.2'","Clinometer/laser rangefinder/sine","","","","North Face of Mountain","Jess Riddle","2005-02-03","http%3A%2F%2Fwww.nativetreesociety.org%2Ffieldtrips%2Fsouth_carolina%2Fwadakoe_northend.htm","N"
"Shortleaf Pine","Pinus echinata","South Carolina","Pickens","Wadakoe Mountain","","","Trees were also measured on 11/1/2004. 
See link:
http://www.nativetreesociety.org/fieldtrips/south_carolina/wadakoe_mountain.htm","","236565","1","","","","Public-Private","117.8'","Clinometer/laser rangefinder/sine","","","","North Face of Mountain","Jess Riddle","2005-02-03","http%3A%2F%2Fwww.nativetreesociety.org%2Ffieldtrips%2Fsouth_carolina%2Fwadakoe_northend.htm","N"
"Slippery Elm","Ulmus rubra","South Carolina","Pickens","Wadakoe Mountain","","","Trees were also measured on 11/1/2004. 
See link:
http://www.nativetreesociety.org/fieldtrips/south_carolina/wadakoe_mountain.htm","","236290","1","","","","Public-Private","112.9'","Clinometer/laser rangefinder/sine","5.5'","66''","","West and North slopes","Jess Riddle","2003-09-28","http%3A%2F%2Fwww.nativetreesociety.org%2Ffieldtrips%2Fsouth_carolina%2Fwadakoe_northend.htm","N"
"Sweetgum","Liquidambar styraciflua","South Carolina","Pickens","Wadakoe Mountain","","","Trees were also measured on 11/1/2004. 
See link:
http://www.nativetreesociety.org/fieldtrips/south_carolina/wadakoe_mountain.htm","","236316","1","","","","Public-Private","122.0'","Clinometer/laser rangefinder/sine","5.3'","64''","","Lower Slopes","Jess Riddle","2003-09-28","http%3A%2F%2Fwww.nativetreesociety.org%2Ffieldtrips%2Fsouth_carolina%2Fwadakoe_northend.htm","N"
"Sweetgum","Liquidambar styraciflua","South Carolina","Pickens","Wadakoe Mountain","","","Trees were also measured on 11/1/2004. 
See link:
http://www.nativetreesociety.org/fieldtrips/south_carolina/wadakoe_mountain.htm","","236278","1","","","","Public-Private","126.7'","Clinometer/laser rangefinder/sine","8.3'","100''","","Jewell Branch","Jess Riddle","2003-09-28","http%3A%2F%2Fwww.nativetreesociety.org%2Ffieldtrips%2Fsouth_carolina%2Fwadakoe_northend.htm","N"
"Tuliptree","Liriodendron tulipifera","South Carolina","Pickens","Wadakoe Mountain","","","Trees were also measured on 11/1/2004. 
See link:
http://www.nativetreesociety.org/fieldtrips/south_carolina/wadakoe_mountain.htm","","236298","1","","","","Public-Private","136.5'","Clinometer/laser rangefinder/sine","","","","West and North slopes","Jess Riddle","2003-09-28","http%3A%2F%2Fwww.nativetreesociety.org%2Ffieldtrips%2Fsouth_carolina%2Fwadakoe_northend.htm","N"
"Tuliptree","Liriodendron tulipifera","South Carolina","Pickens","Wadakoe Mountain","","","Trees were also measured on 11/1/2004. 
See link:
http://www.nativetreesociety.org/fieldtrips/south_carolina/wadakoe_mountain.htm","","236274","1","","","","Public-Private","140.6'","Clinometer/laser rangefinder/sine","","","","Eastatoe Creek","Jess Riddle","2003-09-28","http%3A%2F%2Fwww.nativetreesociety.org%2Ffieldtrips%2Fsouth_carolina%2Fwadakoe_northend.htm","N"
"Tuliptree","Liriodendron tulipifera","South Carolina","Pickens","Wadakoe Mountain","","","Trees were also measured on 11/1/2004. 
See link:
http://www.nativetreesociety.org/fieldtrips/south_carolina/wadakoe_mountain.htm","","236317","1","","","","Public-Private","140.8'","Clinometer/laser rangefinder/sine","5.7'","68''","","Height is Not Less Than(NLT)
Lower Slopes","Jess Riddle","2003-09-28","http%3A%2F%2Fwww.nativetreesociety.org%2Ffieldtrips%2Fsouth_carolina%2Fwadakoe_northend.htm","N"
"Tuliptree","Liriodendron tulipifera","South Carolina","Pickens","Wadakoe Mountain","","","Trees were also measured on 11/1/2004. 
See link:
http://www.nativetreesociety.org/fieldtrips/south_carolina/wadakoe_mountain.htm","","236273","1","","","","Public-Private","141.0'","Clinometer/laser rangefinder/sine","10.1'","121''","","Eastatoe Creek","Jess Riddle","2003-09-28","http%3A%2F%2Fwww.nativetreesociety.org%2Ffieldtrips%2Fsouth_carolina%2Fwadakoe_northend.htm","N"
"Tuliptree","Liriodendron tulipifera","South Carolina","Pickens","Wadakoe Mountain","","","Trees were also measured on 11/1/2004. 
See link:
http://www.nativetreesociety.org/fieldtrips/south_carolina/wadakoe_mountain.htm","","236280","1","","","","Public-Private","144.8'","Clinometer/laser rangefinder/sine","","","","Jewell Branch","Jess Riddle","2003-09-28","http%3A%2F%2Fwww.nativetreesociety.org%2Ffieldtrips%2Fsouth_carolina%2Fwadakoe_northend.htm","N"
"Tuliptree","Liriodendron tulipifera","South Carolina","Pickens","Wadakoe Mountain","","","Trees were also measured on 11/1/2004. 
See link:
http://www.nativetreesociety.org/fieldtrips/south_carolina/wadakoe_mountain.htm","","236318","1","","","","Public-Private","146.7'","Clinometer/laser rangefinder/sine","","","","Height is Not Less Than(NLT)
Lower Slopes","Jess Riddle","2003-09-28","http%3A%2F%2Fwww.nativetreesociety.org%2Ffieldtrips%2Fsouth_carolina%2Fwadakoe_northend.htm","N"
"Tuliptree","Liriodendron tulipifera","South Carolina","Pickens","Wadakoe Mountain","","","Trees were also measured on 11/1/2004. 
See link:
http://www.nativetreesociety.org/fieldtrips/south_carolina/wadakoe_mountain.htm","","236266","1","","","","Public-Private","148.1'","Clinometer/laser rangefinder/sine","","","","Peach Orchard","Jess Riddle","2003-09-28","http%3A%2F%2Fwww.nativetreesociety.org%2Ffieldtrips%2Fsouth_carolina%2Fwadakoe_northend.htm","N"
"Tuliptree","Liriodendron tulipifera","South Carolina","Pickens","Wadakoe Mountain","","","Trees were also measured on 11/1/2004. 
See link:
http://www.nativetreesociety.org/fieldtrips/south_carolina/wadakoe_mountain.htm","","236319","1","","","","Public-Private","151.3'","Clinometer/laser rangefinder/sine","6.7'","80''","","Height is Not Less Than(NLT)
Lower Slopes","Jess Riddle","2003-09-28","http%3A%2F%2Fwww.nativetreesociety.org%2Ffieldtrips%2Fsouth_carolina%2Fwadakoe_northend.htm","N"
"Tuliptree","Liriodendron tulipifera","South Carolina","Pickens","Wadakoe Mountain","","","Trees were also measured on 11/1/2004. 
See link:
http://www.nativetreesociety.org/fieldtrips/south_carolina/wadakoe_mountain.htm","","236279","1","","","","Public-Private","155.3'","Clinometer/laser rangefinder/sine","","","","Jewell Branch","Jess Riddle","2003-09-28","http%3A%2F%2Fwww.nativetreesociety.org%2Ffieldtrips%2Fsouth_carolina%2Fwadakoe_northend.htm","N"
"Tuliptree","Liriodendron tulipifera","South Carolina","Pickens","Wadakoe Mountain","","","Trees were also measured on 11/1/2004. 
See link:
http://www.nativetreesociety.org/fieldtrips/south_carolina/wadakoe_mountain.htm","","236567","1","","","","Public-Private","156.3'","Clinometer/laser rangefinder/sine","7.2'","86''","","North Face of Mountain","Jess Riddle","2005-02-03","http%3A%2F%2Fwww.nativetreesociety.org%2Ffieldtrips%2Fsouth_carolina%2Fwadakoe_northend.htm","N"
"Tuliptree","Liriodendron tulipifera","South Carolina","Pickens","Wadakoe Mountain","","","Trees were also measured on 11/1/2004. 
See link:
http://www.nativetreesociety.org/fieldtrips/south_carolina/wadakoe_mountain.htm","","236569","1","","","","Public-Private","157.4'","Clinometer/laser rangefinder/sine","5.8'","70''","","North Face of Mountain","Jess Riddle","2005-02-03","http%3A%2F%2Fwww.nativetreesociety.org%2Ffieldtrips%2Fsouth_carolina%2Fwadakoe_northend.htm","N"
"Tuliptree","Liriodendron tulipifera","South Carolina","Pickens","Wadakoe Mountain","","","Trees were also measured on 11/1/2004. 
See link:
http://www.nativetreesociety.org/fieldtrips/south_carolina/wadakoe_mountain.htm","","236299","1","","","","Public-Private","160.2'","Clinometer/laser rangefinder/sine","7.3'","87''","","West and North slopes","Jess Riddle","2003-09-28","http%3A%2F%2Fwww.nativetreesociety.org%2Ffieldtrips%2Fsouth_carolina%2Fwadakoe_northend.htm","N"
"Tuliptree","Liriodendron tulipifera","South Carolina","Pickens","Wadakoe Mountain","","","Trees were also measured on 11/1/2004. 
See link:
http://www.nativetreesociety.org/fieldtrips/south_carolina/wadakoe_mountain.htm","","236568","1","","","","Public-Private","160.8'","Clinometer/laser rangefinder/sine","6.8'","81''","","","Jess Riddle","2005-02-03","http%3A%2F%2Fwww.nativetreesociety.org%2Ffieldtrips%2Fsouth_carolina%2Fwadakoe_northend.htm","N"
"Tuliptree","Liriodendron tulipifera","South Carolina","Pickens","Wadakoe Mountain","","","Trees were also measured on 11/1/2004. 
See link:
http://www.nativetreesociety.org/fieldtrips/south_carolina/wadakoe_mountain.htm","","236570","1","","","","Public-Private","161.3'","Clinometer/laser rangefinder/sine","9.3'","112''","","North Face of Mountain","Jess Riddle","2005-02-03","http%3A%2F%2Fwww.nativetreesociety.org%2Ffieldtrips%2Fsouth_carolina%2Fwadakoe_northend.htm","N"
"Virginia Pine","Pinus virginiana","South Carolina","Pickens","Wadakoe Mountain","","","Trees were also measured on 11/1/2004. 
See link:
http://www.nativetreesociety.org/fieldtrips/south_carolina/wadakoe_mountain.htm","","236566","1","","","","Public-Private","114.8'","Clinometer/laser rangefinder/sine","4.8'","58''","","North Face of Mountain","Jess Riddle","2005-02-03","http%3A%2F%2Fwww.nativetreesociety.org%2Ffieldtrips%2Fsouth_carolina%2Fwadakoe_northend.htm","N"
"White Ash","Fraxinus americana","South Carolina","Pickens","Wadakoe Mountain","","","Trees were also measured on 11/1/2004. 
See link:
http://www.nativetreesociety.org/fieldtrips/south_carolina/wadakoe_mountain.htm","","236285","1","","","","Public-Private","119.3'","Clinometer/laser rangefinder/sine","8.8'","105''","","West and North slopes","Jess Riddle","2003-09-28","http%3A%2F%2Fwww.nativetreesociety.org%2Ffieldtrips%2Fsouth_carolina%2Fwadakoe_northend.htm","N"
"White Ash","Fraxinus americana","South Carolina","Pickens","Wadakoe Mountain","","","Trees were also measured on 11/1/2004. 
See link:
http://www.nativetreesociety.org/fieldtrips/south_carolina/wadakoe_mountain.htm","","236301","1","","","","Public-Private","135.3'","Clinometer/laser rangefinder/sine","6.3'","76''","","Lower Slopes","Jess Riddle","2003-09-28","http%3A%2F%2Fwww.nativetreesociety.org%2Ffieldtrips%2Fsouth_carolina%2Fwadakoe_northend.htm","N"
"White Ash","Fraxinus americana","South Carolina","Pickens","Wadakoe Mountain","","","Trees were also measured on 11/1/2004. 
See link:
http://www.nativetreesociety.org/fieldtrips/south_carolina/wadakoe_mountain.htm","","236550","1","","","","Public-Private","143.9'","Clinometer/laser rangefinder/sine","9.6'","115''","","Along stream at foot of mountain.","Jess Riddle","2005-02-03","http%3A%2F%2Fwww.nativetreesociety.org%2Ffieldtrips%2Fsouth_carolina%2Fwadakoe_northend.htm","N"
"White Ash","Fraxinus americana","South Carolina","Pickens","Wadakoe Mountain","","","Trees were also measured on 11/1/2004. 
See link:
http://www.nativetreesociety.org/fieldtrips/south_carolina/wadakoe_mountain.htm","","236551","1","","","","Public-Private","144.3'","Clinometer/laser rangefinder/sine","11.3'","135''","","Along stream at foot of mountain.","Jess Riddle","2005-02-03","http%3A%2F%2Fwww.nativetreesociety.org%2Ffieldtrips%2Fsouth_carolina%2Fwadakoe_northend.htm","N"
"White Ash","Fraxinus americana","South Carolina","Pickens","Wadakoe Mountain","","","Trees were also measured on 11/1/2004. 
See link:
http://www.nativetreesociety.org/fieldtrips/south_carolina/wadakoe_mountain.htm","","236552","1","","","","Public-Private","153.4'","Clinometer/laser rangefinder/sine","8.5'","102''","","Along stream at foot of mountain.","Jess Riddle","2005-02-03","http%3A%2F%2Fwww.nativetreesociety.org%2Ffieldtrips%2Fsouth_carolina%2Fwadakoe_northend.htm","N"
"White Oak","Quercus alba","South Carolina","Pickens","Wadakoe Mountain","","","Trees were also measured on 11/1/2004. 
See link:
http://www.nativetreesociety.org/fieldtrips/south_carolina/wadakoe_mountain.htm","","236314","1","","","","Public-Private","","Clinometer/laser rangefinder/sine","6.7'","80''","","","Jess Riddle","2003-09-28","http%3A%2F%2Fwww.nativetreesociety.org%2Ffieldtrips%2Fsouth_carolina%2Fwadakoe_northend.htm","N"
"White Oak","Quercus alba","South Carolina","Pickens","Wadakoe Mountain","","","Trees were also measured on 11/1/2004. 
See link:
http://www.nativetreesociety.org/fieldtrips/south_carolina/wadakoe_mountain.htm","","236265","1","","","","Public-Private","127.5'","Clinometer/laser rangefinder/sine","8.8'","106''","","Peach Orchard","Jess Riddle","2003-09-28","http%3A%2F%2Fwww.nativetreesociety.org%2Ffieldtrips%2Fsouth_carolina%2Fwadakoe_northend.htm","N"
"White Oak","Quercus alba","South Carolina","Pickens","Wadakoe Mountain","","","Trees were also measured on 11/1/2004. 
See link:
http://www.nativetreesociety.org/fieldtrips/south_carolina/wadakoe_mountain.htm","","236264","1","","","","Public-Private","127.9'","Clinometer/laser rangefinder/sine","6.9'","83''","","Peach Orchard","Jess Riddle","2003-09-28","http%3A%2F%2Fwww.nativetreesociety.org%2Ffieldtrips%2Fsouth_carolina%2Fwadakoe_northend.htm","N"
"White Oak","Quercus alba","South Carolina","Pickens","Wadakoe Mountain","","","Trees were also measured on 11/1/2004. 
See link:
http://www.nativetreesociety.org/fieldtrips/south_carolina/wadakoe_mountain.htm","","236296","1","","","","Public-Private","129.0'","Clinometer/laser rangefinder/sine","7.5'","90''","","West and North slopes","Jess Riddle","2003-09-28","http%3A%2F%2Fwww.nativetreesociety.org%2Ffieldtrips%2Fsouth_carolina%2Fwadakoe_northend.htm","N"
"White Oak","Quercus alba","South Carolina","Pickens","Wadakoe Mountain","","","Trees were also measured on 11/1/2004. 
See link:
http://www.nativetreesociety.org/fieldtrips/south_carolina/wadakoe_mountain.htm","","236263","1","","","","Public-Private","129.7'","Clinometer/laser rangefinder/sine","","","","Peach Orchard","Jess Riddle","2003-09-28","http%3A%2F%2Fwww.nativetreesociety.org%2Ffieldtrips%2Fsouth_carolina%2Fwadakoe_northend.htm","N"
"Yellow Buckeye","Aesculus flava","South Carolina","Pickens","Wadakoe Mountain","","","Trees were also measured on 11/1/2004. 
See link:
http://www.nativetreesociety.org/fieldtrips/south_carolina/wadakoe_mountain.htm","","236288","1","","","","Public-Private","107.5'","Clinometer/laser rangefinder/sine","7.3'","87''","","West and North slopes","Jess Riddle","2003-09-28","http%3A%2F%2Fwww.nativetreesociety.org%2Ffieldtrips%2Fsouth_carolina%2Fwadakoe_northend.htm","N"
"Yellow Buckeye","Aesculus flava","South Carolina","Pickens","Wadakoe Mountain","","","Trees were also measured on 11/1/2004. 
See link:
http://www.nativetreesociety.org/fieldtrips/south_carolina/wadakoe_mountain.htm","","236289","1","","","","Public-Private","112.2'","Clinometer/laser rangefinder/sine","","","","West and North slopes","Jess Riddle","2003-09-28","http%3A%2F%2Fwww.nativetreesociety.org%2Ffieldtrips%2Fsouth_carolina%2Fwadakoe_northend.htm","N"
"American Beech","Fagus grandifolia","South Carolina","Richland","Congaree National Park","33 48.681","-080 50.840","","","242648","1","33 48.681","-080 50.840","90.0 ft","Public - national","112.0'","Clinometer/laser rangefinder/sine","8.8'","106''","93.0'","Crown spread is maximum. Average is 83.5' using the two axis method.","Larry Tucei","2009-02-25","","N"
"American Beech","Fagus grandifolia","South Carolina","Richland","Congaree National Park","","","","","252698","1","","","","Public - national","112.9'","Clinometer/laser rangefinder/sine","11.0'","132''","","","Jess Riddle, John Eichholz, Will Blozan","2006-04-03","","N"
"American Beech","Fagus grandifolia","South Carolina","Richland","Congaree National Park","","","","","252701","1","","","","Public - national","115.5'","Clinometer/laser rangefinder/sine","6.8'","82''","","","Jess Riddle, John Eichholz, Will Blozan","2006-04-03","","N"
"American Beech","Fagus grandifolia","South Carolina","Richland","Congaree National Park","","","","","252699","1","","","","Public - national","122.3'","Clinometer/laser rangefinder/sine","9.8'","118''","","","Jess Riddle, John Eichholz, Will Blozan","2006-04-03","","N"
"American Beech","Fagus grandifolia","South Carolina","Richland","Congaree National Park","","","","","252700","1","","","","Public - national","126.3'","Clinometer/laser rangefinder/sine","7.9'","95''","","","Jess Riddle, John Eichholz, Will Blozan","2006-04-03","","N"
"American Elm","Ulmus americana","South Carolina","Richland","Congaree National Park","33 48.677","-080 49.254","","","242650","1","33 48.677","-080 49.254","90.0 ft","Public - national","134.0'","Clinometer/laser rangefinder/sine","9.0'","108''","66.0'","Crown spread is maximum. Average is 64.5' using the two axis method.","Larry Tucei","2009-02-25","","N"
"American Holly","Ilex opaca","South Carolina","Richland","Congaree National Park","","","","","242656","1","","","90.0 ft","Public - national","60.1'","Clinometer/laser rangefinder/sine","3.6'","43''","","","Larry Tucei","2009-02-25","","N"
"American Holly","Ilex opaca","South Carolina","Richland","Congaree National Park","","","","","242662","1","","","90.0 ft","Public - national","65.4'","Clinometer/laser rangefinder/sine","","","","","Larry Tucei","2009-02-25","","N"
"American Holly","Ilex opaca","South Carolina","Richland","Congaree National Park","","","","","242657","1","","","","Public - national","68.1'","Clinometer/laser rangefinder/sine","3.7'","44''","","","Larry Tucei","2009-02-25","","N"
"American Holly","Ilex opaca","South Carolina","Richland","Congaree National Park","","","","","242659","1","","","90.0 ft","Public - national","68.3'","Clinometer/laser rangefinder/sine","2.8'","33''","","","Larry Tucei","2009-02-25","","N"
"American Holly","Ilex opaca","South Carolina","Richland","Congaree National Park","","","","","242669","1","","","90.0 ft","Public - national","69.1'","Clinometer/laser rangefinder/sine","","","","","Larry Tucei","2009-02-25","","N"
"American Holly","Ilex opaca","South Carolina","Richland","Congaree National Park","","","","","242676","1","","","","Public - national","73.8'","Clinometer/laser rangefinder/sine","4.3'","51''","29.0'","","Larry Tucei","2009-02-25","","N"
"American Holly","Ilex opaca","South Carolina","Richland","Congaree National Park","","","","","242660","1","","","90.0 ft","Public - national","75.0'","Clinometer/laser rangefinder/sine","3.4'","41''","","","Larry Tucei","2009-02-25","","N"
"American Holly","Ilex opaca","South Carolina","Richland","Congaree National Park","","","","","242663","1","","","90.0 ft","Public - national","75.2'","Clinometer/laser rangefinder/sine","3.1'","37''","","","Larry Tucei","2009-02-25","","N"
"American Holly","Ilex opaca","South Carolina","Richland","Congaree National Park","","","","","242661","1","","","90.0 ft","Public - national","76.2'","Clinometer/laser rangefinder/sine","5.8'","70''","","","Larry Tucei","2009-02-25","","N"
"American Holly","Ilex opaca","South Carolina","Richland","Congaree National Park","","","","","242658","1","","","90.0 ft","Public - national","78.6'","Clinometer/laser rangefinder/sine","5.6'","67''","","","Larry Tucei","2009-02-25","","N"
"American Holly","Ilex opaca","South Carolina","Richland","Congaree National Park","33 49.846","-080 50.599","","","2393","1","33 49.846","-080 50.599","","Public - national","81.0'","Clinometer/laser rangefinder/sine","6.9'","83''","48.0'","State Champion","Tyler Phillips","2011-02-26","","N"
"American Holly","Ilex opaca","South Carolina","Richland","Congaree National Park","","","","","242664","1","","","90.0 ft","Public - national","81.0'","Clinometer/laser rangefinder/sine","3.9'","47''","","","Larry Tucei","2009-02-25","","N"
"American Holly","Ilex opaca","South Carolina","Richland","Congaree National Park","","","","","252710","1","","","","Public - national","87.4'","Clinometer/laser rangefinder/sine","5.3'","64''","","","Jess Riddle, John Eichholz, Will Blozan","2006-04-03","","N"
"American Holly","Ilex opaca","South Carolina","Richland","Congaree National Park","","","","","242665","1","","","90.0 ft","Public - national","92.0'","Clinometer/laser rangefinder/sine","6.6'","79''","","","Larry Tucei","2009-02-25","","N"
"American Holly","Ilex opaca","South Carolina","Richland","Congaree National Park","","","","","252711","1","","","","Public - national","92.5'","Clinometer/laser rangefinder/sine","5.3'","63''","","","Jess Riddle, John Eichholz, Will Blozan","2006-04-03","","N"
"American Holly","Ilex opaca","South Carolina","Richland","Congaree National Park","","","","","242666","1","","","","Public - national","93.7'","Clinometer/laser rangefinder/sine","5.2'","62''","","","Larry Tucei","2009-02-25","","N"
"American Holly","Ilex opaca","South Carolina","Richland","Congaree National Park","","","","","242667","1","","","90.0 ft","Public - national","94.1'","Clinometer/laser rangefinder/sine","5.3'","64''","23.0'","","Larry Tucei","2009-02-25","","N"
"American Holly","Ilex opaca","South Carolina","Richland","Congaree National Park","33 49.549","-080 48.522","","","252712","1","33 49.549","-080 48.522","","Public - national","96.6'","Clinometer/laser rangefinder/sine","5.3'","64''","","","Jess Riddle, John Eichholz, Will Blozan","2006-04-03","","N"
"American Holly","Ilex opaca","South Carolina","Richland","Congaree National Park","","","","","242668","1","","","90.0 ft","Public - national","97.0'","Clinometer/laser rangefinder/sine","5.5'","66''","","","Larry Tucei","2009-02-25","","N"
"American Holly","Ilex opaca","South Carolina","Richland","Congaree National Park","33 49.549","-080 43.522","","","252775","1","33 49.549","-080 43.522","","Public - national","97.9'","Clinometer/laser rangefinder/sine","5.6'","67''","","","Doug Bidlack, Jess Riddle, Ellen Bidlack","2016-02-27","","N"
"American Hornbeam","Carpinus caroliniana","South Carolina","Richland","Congaree National Park","","","","","238599","1","","","","Public - national","50.8'","Clinometer/laser rangefinder/sine","4.2'","50''","","","Jess Riddle, Michael Davie, Marcus Houchins","2007-04-02","","N"
"American Hornbeam","Carpinus caroliniana","South Carolina","Richland","Congaree National Park","","","","","252713","1","","","","Public - national","62.6'","Clinometer/laser rangefinder/sine","4.2'","50''","","","Jess Riddle, John Eichholz, Will Blozan","2006-04-03","","N"
"American Hornbeam","Carpinus caroliniana","South Carolina","Richland","Congaree National Park","","","","","252714","1","","","","Public - national","65.3'","Clinometer/laser rangefinder/sine","3.6'","43''","","","Jess Riddle, John Eichholz, Will Blozan","2006-04-03","","N"
"American Hornbeam","Carpinus caroliniana","South Carolina","Richland","Congaree National Park","","","","","252715","1","","","","Public - national","70.3'","Clinometer/laser rangefinder/sine","3.1'","37''","","","Jess Riddle, John Eichholz, Will Blozan","2006-04-03","","N"
"American Hornbeam","Carpinus caroliniana","South Carolina","Richland","Congaree National Park","","","","","242677","1","","","","Public - national","72.2'","Clinometer/laser rangefinder/sine","3.2'","38''","43.0'","","Larry Tucei","2009-02-25","","N"
"American Hornbeam","Carpinus caroliniana","South Carolina","Richland","Congaree National Park","","","","","252716","1","","","","Public - national","76.1'","Clinometer/laser rangefinder/sine","2.7'","32''","","","Jess Riddle, John Eichholz, Will Blozan","2006-04-03","","N"
"American Hornbeam","Carpinus caroliniana","South Carolina","Richland","Congaree National Park","33 48.880","-080 49.547","","","242649","1","33 48.880","-080 49.547","90.0 ft","Public - national","132.0'","Clinometer/laser rangefinder/sine","3.2'","38''","43.0'","Crown spread is maximum. Average is 33' using the two axis method.","Larry Tucei","2009-02-25","","N"
"American Sycamore","Platanus occidentalis","South Carolina","Richland","Congaree National Park","","","","","238600","1","","","","Public - national","","Clinometer/laser rangefinder/sine","16.2'","194''","","","Jess Riddle, Michael Davie, Marcus Houchins","2007-04-02","","N"
"American Sycamore","Platanus occidentalis","South Carolina","Richland","Congaree National Park","","","","","252763","1","","","","Public - national","131.5'","Clinometer/laser rangefinder/sine","16.4'","197''","","","Jess Riddle, John Eichholz, Will Blozan","2006-04-03","","N"
"American Sycamore","Platanus occidentalis","South Carolina","Richland","Congaree National Park","","","","","252764","1","","","","Public - national","133.6'","Clinometer/laser rangefinder/sine","16.0'","192''","","","Jess Riddle, John Eichholz, Will Blozan","2006-04-03","","N"
"American Sycamore","Platanus occidentalis","South Carolina","Richland","Congaree National Park","","","","","252765","1","","","","Public - national","133.9'","Clinometer/laser rangefinder/sine","14.5'","174''","","","Jess Riddle, John Eichholz, Will Blozan","2006-04-03","","N"
"American Sycamore","Platanus occidentalis","South Carolina","Richland","Congaree National Park","","","","","252766","1","","","","Public - national","143.3'","Clinometer/laser rangefinder/sine","11.0'","132''","","","Jess Riddle, John Eichholz, Will Blozan","2006-04-03","","N"
"Bald Cypress","Taxodium distichum","South Carolina","Richland","Congaree National Park","33 49.181","-080 49.936","","","2394","1","33 49.181","-080 49.936","","Public - national","114.3'","Clinometer/laser rangefinder/sine","13.8'","165''","70.5'","","Tyler Phillips","2011-02-26","","N"
"Bald Cypress","Taxodium distichum","South Carolina","Richland","Congaree National Park","","","","","252689","1","","","","Public - national","124.9'","Clinometer/laser rangefinder/sine","26.0'","312''","","","Jess Riddle, John Eichholz, Will Blozan","2006-04-03","","N"
"Bald Cypress","Taxodium distichum","South Carolina","Richland","Congaree National Park","","","","","252697","1","","","","Public - national","125.0'","Clinometer/laser rangefinder/sine","10.0'","120''","","","Jess Riddle, John Eichholz, Will Blozan","2006-04-03","","N"
"Bald Cypress","Taxodium distichum","South Carolina","Richland","Congaree National Park","","","","","252690","1","","","","Public - national","133.3'","Clinometer/laser rangefinder/sine","23.8'","285''","","","Jess Riddle, John Eichholz, Will Blozan","2006-04-03","","N"
"Bald Cypress","Taxodium distichum","South Carolina","Richland","Congaree National Park","","","","","252691","1","","","","Public - national","137.1'","Clinometer/laser rangefinder/sine","8.6'","103''","","","Jess Riddle, John Eichholz, Will Blozan","2006-04-03","","N"
"Bald Cypress","Taxodium distichum","South Carolina","Richland","Congaree National Park","","","","","252692","1","","","","Public - national","137.1'","Clinometer/laser rangefinder/sine","20.2'","242''","","","Jess Riddle, John Eichholz, Will Blozan","2006-04-03","","N"
"Bald Cypress","Taxodium distichum","South Carolina","Richland","Congaree National Park","","","","","252693","1","","","","Public - national","139.9'","Clinometer/laser rangefinder/sine","18.7'","224''","","","Jess Riddle, John Eichholz, Will Blozan","2006-04-03","","N"
"Bald Cypress","Taxodium distichum","South Carolina","Richland","Congaree National Park","","","","","252694","1","","","","Public - national","143.4'","Clinometer/laser rangefinder/sine","","","","","Jess Riddle, John Eichholz, Will Blozan","2006-04-03","","N"
"Bald Cypress","Taxodium distichum","South Carolina","Richland","Congaree National Park","","","","","252695","1","","","","Public - national","146.7'","Clinometer/laser rangefinder/sine","10.5'","126''","","","Jess Riddle, John Eichholz, Will Blozan","2006-04-03","","N"
"Bald Cypress","Taxodium distichum","South Carolina","Richland","Congaree National Park","","","","","252696","1","","","","Public - national","147.2'","Clinometer/laser rangefinder/sine","","","","","Jess Riddle, John Eichholz, Will Blozan","2006-04-03","","N"
"Blackgum","Nyssa sylvatica","South Carolina","Richland","Congaree National Park","","","","","238587","1","","","","Public - national","98.1'","Clinometer/laser rangefinder/sine","9.6'","115''","","","Jess Riddle, Michael Davie, Marcus Houchins","2007-04-02","","N"
"Boxelder","Acer negundo","South Carolina","Richland","Congaree National Park","","","","","252702","1","","","","Public - national","84.4'","Clinometer/laser rangefinder/sine","5.2'","62''","","","Jess Riddle, John Eichholz, Will Blozan","2006-04-03","","N"
"Boxelder","Acer negundo","South Carolina","Richland","Congaree National Park","","","","","252772","1","","","","Public - national","89.2'","Clinometer/laser rangefinder/sine","7.8'","93''","","","Doug Bidlack, Jess Riddle, Ellen Bidlack","2016-02-27","","N"
"Boxelder","Acer negundo","South Carolina","Richland","Congaree National Park","","","","","252703","1","","","","Public - national","94.5'","Clinometer/laser rangefinder/sine","7.0'","84''","","","Jess Riddle, John Eichholz, Will Blozan","2006-04-03","","N"
"Cherrybark Oak","Quercus pagoda","South Carolina","Richland","Congaree National Park","33 48.411","-080 50.284","","","242646","1","33 48.411","-080 50.284","90.0 ft","Public - national","141.0'","Clinometer/laser rangefinder/sine","23.5'","282''","146.5'","Crown spread is maximum. Average crown spread is 135.3'","Larry Tucei","2009-02-25","","N"
"Cherrybark Oak","Quercus pagoda","South Carolina","Richland","Congaree National Park","","","","","252717","1","","","","Public - national","146.5'","Clinometer/laser rangefinder/sine","23.5'","282''","","","Jess Riddle, John Eichholz, Will Blozan","2006-04-03","","N"
"Cherrybark Oak","Quercus pagoda","South Carolina","Richland","Congaree National Park","","","","","252718","1","","","","Public - national","151.3'","Clinometer/laser rangefinder/sine","18.7'","224''","","","Jess Riddle, John Eichholz, Will Blozan","2006-04-03","","N"
"Cherrybark Oak","Quercus pagoda","South Carolina","Richland","Congaree National Park","","","","","252719","1","","","","Public - national","156.8'","Clinometer/laser rangefinder/sine","18.7'","224''","","","Jess Riddle, John Eichholz, Will Blozan","2006-04-03","","N"
"Cherrybark Oak","Quercus pagoda","South Carolina","Richland","Congaree National Park","33 48.473","-080 48.678","","","242647","1","33 48.473","-080 48.678","90.0 ft","Public - national","159.8'","Clinometer/laser rangefinder/sine","19.7'","236''","133.5'","Crown spread is maximum. Average is 121.8' using the two axis method.","Larry Tucei","2009-02-25","","N"
"Cherrybark Oak","Quercus pagoda","South Carolina","Richland","Congaree National Park","","","","","238601","1","","","","Public - national","160.2'","Clinometer/laser rangefinder/sine","","","","","Jess Riddle, Michael Davie, Marcus Houchins","2007-04-02","","N"
"Common Persimmon","Diospyros virginiana","South Carolina","Richland","Congaree National Park","","","","","252733","1","","","","Public - national","113.9'","Clinometer/laser rangefinder/sine","7.4'","89''","","","Jess Riddle, John Eichholz, Will Blozan","2006-04-03","","N"
"Common Persimmon","Diospyros virginiana","South Carolina","Richland","Congaree National Park","","","","","252734","1","","","","Public - national","114.3'","Clinometer/laser rangefinder/sine","7.3'","88''","","","Jess Riddle, John Eichholz, Will Blozan","2006-04-03","","N"
"Common Persimmon","Diospyros virginiana","South Carolina","Richland","Congaree National Park","","","","","252735","1","","","","Public - national","131.4'","Clinometer/laser rangefinder/sine","6.8'","82''","","","Jess Riddle, John Eichholz, Will Blozan","2006-04-03","","N"
"Common Sweetleaf","Symplocos tinctoria","South Carolina","Richland","Congaree National Park","","","","","238591","1","","","","Public - national","49.5'","Clinometer/laser rangefinder/sine","2.3'","27''","","","Jess Riddle, Michael Davie, Marcus Houchins","2007-04-02","","N"
"Green Ash","Fraxinus pennsylvanica","South Carolina","Richland","Congaree National Park","","","","","238581","1","","","","Public - national","120.1'","Clinometer/laser rangefinder/sine","8.5'","102''","","","Jess Riddle, Michael Davie, Marcus Houchins","2007-04-02","","N"
"Green Ash","Fraxinus pennsylvanica","South Carolina","Richland","Congaree National Park","","","","","238582","1","","","","Public - national","120.4'","Clinometer/laser rangefinder/sine","13.0'","156''","","","Jess Riddle, Michael Davie, Marcus Houchins","2007-04-02","","N"
"Green Ash","Fraxinus pennsylvanica","South Carolina","Richland","Congaree National Park","","","","","238583","1","","","","Public - national","124.2'","Clinometer/laser rangefinder/sine","7.4'","89''","","","Jess Riddle, Michael Davie, Marcus Houchins","2007-04-02","","N"
"Green Ash","Fraxinus pennsylvanica","South Carolina","Richland","Congaree National Park","","","","","238584","1","","","","Public - national","124.5'","Clinometer/laser rangefinder/sine","14.3'","172''","","","Jess Riddle, Michael Davie, Marcus Houchins","2007-04-02","","N"
"Green Ash","Fraxinus pennsylvanica","South Carolina","Richland","Congaree National Park","","","","","238585","1","","","","Public - national","126.6'","Clinometer/laser rangefinder/sine","8.1'","97''","","","Jess Riddle, Michael Davie, Marcus Houchins","2007-04-02","","N"
"Green Ash","Fraxinus pennsylvanica","South Carolina","Richland","Congaree National Park","","","","","238586","1","","","","Public - national","127.7'","Clinometer/laser rangefinder/sine","13.1'","157''","","","Jess Riddle, Michael Davie, Marcus Houchins","2007-04-02","","N"
"Green Ash","Fraxinus pennsylvanica","South Carolina","Richland","Congaree National Park","","","","","252688","1","","","","Public - national","131.8'","Clinometer/laser rangefinder/sine","8.7'","104''","","","Jess Riddle, John Eichholz, Will Blozan","2006-04-03","","N"
"Green Hawthorn","Crataegus viridis","South Carolina","Richland","Congaree National Park","","","","","238595","1","","","","Public - national","41.1'","Clinometer/laser rangefinder/sine","2.5'","30''","","","Jess Riddle, Michael Davie, Marcus Houchins","2007-04-02","","N"
"Gum Bully","Sideroxylon lanuginosum","South Carolina","Richland","Congaree National Park","","","","","252707","1","","","","Public - national","35.3'","Clinometer/laser rangefinder/sine","0.8'","9''","","","Jess Riddle, John Eichholz, Will Blozan","2006-04-03","","N"
"Laurel Oak","Quercus laurifolia","South Carolina","Richland","Congaree National Park","33 48.611","-080 48.098","","","2419","1","33 48.611","-080 48.098","","Public - national","115.8'","Clinometer/laser rangefinder/sine","17.8'","214''","110.0'","Former State Champion","Tyler Phillips","2010-11-20","","N"
"Laurel Oak","Quercus laurifolia","South Carolina","Richland","Congaree National Park","","","","","252720","1","","","","Public - national","119.4'","Clinometer/laser rangefinder/sine","12.3'","147''","","","Jess Riddle, John Eichholz, Will Blozan","2006-04-03","","N"
"Laurel Oak","Quercus laurifolia","South Carolina","Richland","Congaree National Park","","","","","252721","1","","","","Public - national","122.5'","Clinometer/laser rangefinder/sine","16.6'","199''","","","Jess Riddle, John Eichholz, Will Blozan","2006-04-03","","N"
"Laurel Oak","Quercus laurifolia","South Carolina","Richland","Congaree National Park","","","","","252722","1","","","","Public - national","130.1'","Clinometer/laser rangefinder/sine","22.1'","265''","80.0'","","Jess Riddle, John Eichholz, Will Blozan","2006-04-03","","N"
"Loblolly Pine","Pinus taeda","South Carolina","Richland","Congaree National Park","","","","","242674","1","","","","Public - national","","Clinometer/laser rangefinder/sine","13.8'","166''","","","Larry Tucei","2009-02-25","","N"
"Loblolly Pine","Pinus taeda","South Carolina","Richland","Congaree National Park","","","","","242670","1","","","","Public - national","129.3'","Clinometer/laser rangefinder/sine","","","","","Larry Tucei","2009-02-25","","N"
"Loblolly Pine","Pinus taeda","South Carolina","Richland","Congaree National Park","","","","","242672","1","","","","Public - national","134.5'","Clinometer/laser rangefinder/sine","","","","","Larry Tucei","2009-02-25","","N"
"Loblolly Pine","Pinus taeda","South Carolina","Richland","Congaree National Park","","","","","242673","1","","","","Public - national","136.0'","Clinometer/laser rangefinder/sine","","","","","Larry Tucei","2009-02-25","","N"
"Loblolly Pine","Pinus taeda","South Carolina","Richland","Congaree National Park","","","","","242675","1","","","","Public - national","144.5'","Clinometer/laser rangefinder/sine","10.8'","129''","","","Larry Tucei","2009-02-25","","N"
"Loblolly Pine","Pinus taeda","South Carolina","Richland","Congaree National Park","33 49.329","-080 49.173","","","173485","2","33 49.329","-080 49.173","","Public - national","145.3'","Clinometer/laser rangefinder/sine","15.7'","189''","","","Turner Sharrp, Larry Tucei","2017-03-13","","N"
"Loblolly Pine","Pinus taeda","South Carolina","Richland","Congaree National Park","","","","","242671","1","","","","Public - national","157.6'","Clinometer/laser rangefinder/sine","11.8'","142''","","","Larry Tucei","2009-02-25","","N"
"Loblolly Pine","Pinus taeda","South Carolina","Richland","Congaree National Park","33 49.642","-080 50.197","","","2391","1","33 49.642","-080 50.197","","Public - national","159.0'","Clinometer/laser rangefinder/sine","10.6'","127''","","","Tyler Phillips","2011-02-26","","N"
"Loblolly Pine","Pinus taeda","South Carolina","Richland","Congaree National Park","33 49.648","-080 50.091","","","2390","1","33 49.648","-080 50.091","","Public - national","163.8'","Clinometer/laser rangefinder/sine","10.9'","131''","","","Tyler Phillips","2011-02-26","","N"
"Loblolly Pine","Pinus taeda","South Carolina","Richland","Congaree National Park","","","","","242678","1","","","90.0 ft","Public - national","168.7'","Clinometer/laser rangefinder/sine","15.5'","186''","93.0'","Crown spread is maximum. Average is 85.5' using the two axis method.","Larry Tucei","2009-02-25","","N"
"Overcup Oak","Quercus lyrata","South Carolina","Richland","Congaree National Park","33 49.389","-080 51.606","","","242642","1","33 49.389","-080 51.606","90.0 ft","Public - national","129.0'","Clinometer/laser rangefinder/sine","19.1'","229''","121.5'","Crown spread is maximum. The average of the two axis method is 117.8'","Larry Tucei","2009-02-25","","N"
"Overcup Oak","Quercus lyrata","South Carolina","Richland","Congaree National Park","33 48.880","-080 49.547","","","242643","1","33 48.880","-080 49.547","90.0 ft","Public - national","132.0'","Clinometer/laser rangefinder/sine","17.3'","208''","112.5'","Crown spread is maximum. The average of two axis method is 108.3'","Larry Tucei","2009-02-25","","N"
"Overcup Oak","Quercus lyrata","South Carolina","Richland","Congaree National Park","","","","","252724","1","","","","Public - national","136.5'","Clinometer/laser rangefinder/sine","14.2'","170''","","","Jess Riddle, John Eichholz, Will Blozan","2006-04-03","","N"
"Overcup Oak","Quercus lyrata","South Carolina","Richland","Congaree National Park","","","","","252723","1","","","","Public - national","143.3'","Clinometer/laser rangefinder/sine","9.5'","114''","","","Jess Riddle, John Eichholz, Will Blozan","2006-04-03","","N"
"Pawpaw","Asimina triloba","South Carolina","Richland","Congaree National Park","","","","","252730","1","","","","Public - national","47.8'","Clinometer/laser rangefinder/sine","1.3'","15''","","","Jess Riddle, John Eichholz, Will Blozan","2006-04-03","","N"
"Pawpaw","Asimina triloba","South Carolina","Richland","Congaree National Park","","","","","252731","1","","","","Public - national","51.0'","Clinometer/laser rangefinder/sine","1.3'","16''","","","Jess Riddle, John Eichholz, Will Blozan","2006-04-03","","N"
"Pawpaw","Asimina triloba","South Carolina","Richland","Congaree National Park","","","","","252732","1","","","","Public - national","58.8'","Clinometer/laser rangefinder/sine","","","","","Jess Riddle, John Eichholz, Will Blozan","2006-04-03","","N"
"Pawpaw","Asimina triloba","South Carolina","Richland","Congaree National Park","","","","","252773","1","","","","Public - national","60.9'","Clinometer/laser rangefinder/sine","1.7'","20''","","","Doug Bidlack, Jess Riddle, Ellen Bidlack","2016-02-27","","N"
"Possumhaw","Ilex decidua","South Carolina","Richland","Congaree National Park","","","","","252767","1","","","","Public - national","38.1'","Clinometer/laser rangefinder/sine","3.5'","42''","","","Jess Riddle, John Eichholz, Will Blozan","2006-04-03","","N"
"Possumhaw","Ilex decidua","South Carolina","Richland","Congaree National Park","","","","","238597","1","","","","Public - national","42.7'","Clinometer/laser rangefinder/sine","1.5'","18''","","","Jess Riddle, Michael Davie, Marcus Houchins","2007-04-02","","N"
"Possumhaw","Ilex decidua","South Carolina","Richland","Congaree National Park","","","","","252771","1","","","","Public - national","44.2'","Clinometer/laser rangefinder/sine","2.4'","29''","","","Doug Bidlack, Jess Riddle, Ellen Bidlack","2016-02-27","","N"
"Possumhaw","Ilex decidua","South Carolina","Richland","Congaree National Park","","","","","252768","1","","","","Public - national","49.2'","Clinometer/laser rangefinder/sine","2.2'","26''","","","Jess Riddle, John Eichholz, Will Blozan","2006-04-03","","N"
"Red Buckeye","Aesculus pavia","South Carolina","Richland","Congaree National Park","","","","","238588","1","","","","Public - national","30.7'","Clinometer/laser rangefinder/sine","1.1'","13''","","","Jess Riddle, Michael Davie, Marcus Houchins","2007-04-02","","N"
"Red Maple","Acer rubrum","South Carolina","Richland","Congaree National Park","","","","","238589","1","","","","Public - national","130.3'","Clinometer/laser rangefinder/sine","8.9'","107''","","","Jess Riddle, Michael Davie, Marcus Houchins","2007-04-02","","N"
"Red Mulberry","Morus rubra","South Carolina","Richland","Congaree National Park","","","","","238590","1","","","","Public - national","58.8'","Clinometer/laser rangefinder/sine","6.8'","81''","","","Jess Riddle, Michael Davie, Marcus Houchins","2007-04-02","","N"
"Redbay","Persea borbonia","South Carolina","Richland","Congaree National Park","","","","","252736","1","","","","Public - national","49.3'","Clinometer/laser rangefinder/sine","2.3'","28''","","","Jess Riddle, John Eichholz, Will Blozan","2006-04-03","","N"
"Redbay","Persea borbonia","South Carolina","Richland","Congaree National Park","","","","","252737","1","","","","Public - national","55.1'","Clinometer/laser rangefinder/sine","2.0'","24''","","","Jess Riddle, John Eichholz, Will Blozan","2006-04-03","","N"
"Redbay","Persea borbonia","South Carolina","Richland","Congaree National Park","33 47.796","-080 48.163","","","2403","1","33 47.796","-080 48.163","","Public - national","67.5'","Clinometer/laser rangefinder/sine","7.2'","86''","50.0'","State Champion","Tyler Phillips","2010-02-27","","N"
"Redbay","Persea borbonia","South Carolina","Richland","Congaree National Park","33 48.671","-080 48.811","","","242651","1","33 48.671","-080 48.811","90.0 ft","Public - national","73.8'","Clinometer/laser rangefinder/sine","4.3'","51''","29.0'","","Larry Tucei","2009-02-25","","N"
"Shumard's Oak","Quercus shumardii","South Carolina","Richland","Congaree National Park","","","","","252725","1","","","","Public - national","139.1'","Clinometer/laser rangefinder/sine","14.5'","174''","","","Jess Riddle, John Eichholz, Will Blozan","2006-04-03","","N"
"Shumard's Oak","Quercus shumardii","South Carolina","Richland","Congaree National Park","","","","","252774","1","","","","Public - national","141.3'","Clinometer/laser rangefinder/sine","18.6'","223''","","","Doug Bidlack, Jess Riddle, Ellen Bidlack","2016-02-27","","N"
"Shumard's Oak","Quercus shumardii","South Carolina","Richland","Congaree National Park","","","","","252726","1","","","","Public - national","141.6'","Clinometer/laser rangefinder/sine","17.1'","205''","","","Jess Riddle, John Eichholz, Will Blozan","2006-04-03","","N"
"Shumard's Oak","Quercus shumardii","South Carolina","Richland","Congaree National Park","","","","","252727","1","","","","Public - national","142.1'","Clinometer/laser rangefinder/sine","8.6'","103''","","","Jess Riddle, John Eichholz, Will Blozan","2006-04-03","","N"
"Shumard's Oak","Quercus shumardii","South Carolina","Richland","Congaree National Park","","","","","252728","1","","","","Public - national","157.6'","Clinometer/laser rangefinder/sine","13.8'","166''","","","Jess Riddle, John Eichholz, Will Blozan","2006-04-03","","N"
"Sugarberry","Celtis laevigata","South Carolina","Richland","Congaree National Park","33 49.342","-080 49.785","","","2392","1","33 49.342","-080 49.785","","Public - national","109.4'","Clinometer/laser rangefinder/sine","13.3'","160''","69.0'","State Champion","Tyler Phillips","2011-02-26","","N"
"Sugarberry","Celtis laevigata var. laevigata","South Carolina","Richland","Congaree National Park","","","","","252738","1","","","","Public - national","108.0'","Clinometer/laser rangefinder/sine","7.2'","86''","","","Jess Riddle, John Eichholz, Will Blozan","2006-04-03","","N"
"Sugarberry","Celtis laevigata var. laevigata","South Carolina","Richland","Congaree National Park","","","","","252739","1","","","","Public - national","109.4'","Clinometer/laser rangefinder/sine","7.9'","95''","","","Jess Riddle, John Eichholz, Will Blozan","2006-04-03","","N"
"Sugarberry","Celtis laevigata var. laevigata","South Carolina","Richland","Congaree National Park","","","","","252740","1","","","","Public - national","111.3'","Clinometer/laser rangefinder/sine","8.4'","101''","","","Jess Riddle, John Eichholz, Will Blozan","2006-04-03","","N"
"Sugarberry","Celtis laevigata var. laevigata","South Carolina","Richland","Congaree National Park","","","","","252741","1","","","","Public - national","112.4'","Clinometer/laser rangefinder/sine","9.5'","114''","","","Jess Riddle, John Eichholz, Will Blozan","2006-04-03","","N"
"Sugarberry","Celtis laevigata var. laevigata","South Carolina","Richland","Congaree National Park","","","","","252742","1","","","","Public - national","112.9'","Clinometer/laser rangefinder/sine","6.3'","75''","","","Jess Riddle, John Eichholz, Will Blozan","2006-04-03","","N"
"Sugarberry","Celtis laevigata var. laevigata","South Carolina","Richland","Congaree National Park","","","","","252743","1","","","","Public - national","113.6'","Clinometer/laser rangefinder/sine","6.5'","78''","","","Jess Riddle, John Eichholz, Will Blozan","2006-04-03","","N"
"Sugarberry","Celtis laevigata var. laevigata","South Carolina","Richland","Congaree National Park","","","","","252744","1","","","","Public - national","114.2'","Clinometer/laser rangefinder/sine","5.8'","70''","","","Jess Riddle, John Eichholz, Will Blozan","2006-04-03","","N"
"Sugarberry","Celtis laevigata var. laevigata","South Carolina","Richland","Congaree National Park","","","","","252745","1","","","","Public - national","115.8'","Clinometer/laser rangefinder/sine","8.0'","96''","","","Jess Riddle, John Eichholz, Will Blozan","2006-04-03","","N"
"Sugarberry","Celtis laevigata var. laevigata","South Carolina","Richland","Congaree National Park","","","","","252746","1","","","","Public - national","123.7'","Clinometer/laser rangefinder/sine","9.7'","116''","","","Jess Riddle, John Eichholz, Will Blozan","2006-04-03","","N"
"Sugarberry","Celtis laevigata var. laevigata","South Carolina","Richland","Congaree National Park","","","","","252747","1","","","","Public - national","130.5'","Clinometer/laser rangefinder/sine","13.0'","156''","","","Jess Riddle, John Eichholz, Will Blozan","2006-04-03","","N"
"Sugarberry","Celtis laevigata var. laevigata","South Carolina","Richland","Congaree National Park","","","","","252748","1","","","","Public - national","133.6'","Clinometer/laser rangefinder/sine","11.9'","143''","","","Jess Riddle, John Eichholz, Will Blozan","2006-04-03","","N"
"Swamp Chestnut Oak","Quercus michauxii","South Carolina","Richland","Congaree National Park","33 48.387","-080 49.299","","","242652","1","33 48.387","-080 49.299","90.0 ft","Public - national","123.7'","Clinometer/laser rangefinder/sine","17.9'","215''","123.0'","Crown spread is maximum. Average is 110' using the two axis method.","Larry Tucei","2009-02-25","","N"
"Swamp Chestnut Oak","Quercus michauxii","South Carolina","Richland","Congaree National Park","","","","","242654","1","","","90.0 ft","Public - national","124.0'","Clinometer/laser rangefinder/sine","16.0'","192''","","","Larry Tucei","2009-02-25","","N"
"Swamp Chestnut Oak","Quercus michauxii","South Carolina","Richland","Congaree National Park","","","","","252770","1","","","","Public - national","126.0'","Clinometer/laser rangefinder/sine","17.1'","205''","","","Doug Bidlack, Jess Riddle, Ellen Bidlack","2016-02-27","","N"
"Swamp Chestnut Oak","Quercus michauxii","South Carolina","Richland","Congaree National Park","33 48.387","-080 49.262","","","242653","1","33 48.387","-080 49.262","90.0 ft","Public - national","131.0'","Clinometer/laser rangefinder/sine","17.4'","209''","114.0'","Crown spread is maximum. Average is 112.5'","Larry Tucei","2009-02-25","","N"
"Swamp Cottonwood","Populus heterophylla","South Carolina","Richland","Congaree National Park","","","","","238598","1","","","","Public - national","47.8'","Clinometer/laser rangefinder/sine","1.6'","19''","","","Jess Riddle, Michael Davie, Marcus Houchins","2007-04-02","","N"
"Swamp Cottonwood","Populus heterophylla","South Carolina","Richland","Congaree National Park","","","","","238592","1","","","","Public - national","113.5'","Clinometer/laser rangefinder/sine","8.9'","107''","","","Jess Riddle, Michael Davie, Marcus Houchins","2007-04-02","","N"
"Swamp Cottonwood","Populus heterophylla","South Carolina","Richland","Congaree National Park","","","","","252704","1","","","","Public - national","114.9'","Clinometer/laser rangefinder/sine","6.2'","74''","","","Jess Riddle, John Eichholz, Will Blozan","2006-04-03","","N"
"Swamp Cottonwood","Populus heterophylla","South Carolina","Richland","Congaree National Park","","","","","238593","1","","","","Public - national","116.6'","Clinometer/laser rangefinder/sine","7.8'","94''","","","Jess Riddle, Michael Davie, Marcus Houchins","2007-04-02","","N"
"Swamp Cottonwood","Populus heterophylla","South Carolina","Richland","Congaree National Park","","","","","252705","1","","","","Public - national","117.6'","Clinometer/laser rangefinder/sine","7.7'","92''","","","Jess Riddle, John Eichholz, Will Blozan","2006-04-03","","N"
"Sweetgum","Liquidambar styraciflua","South Carolina","Richland","Congaree National Park","","","","","252761","1","","","","Public - national","118.8'","Clinometer/laser rangefinder/sine","13.2'","158''","","","Jess Riddle, John Eichholz, Will Blozan","2006-04-03","","N"
"Sweetgum","Liquidambar styraciflua","South Carolina","Richland","Congaree National Park","","","","","252762","1","","","","Public - national","124.8'","Clinometer/laser rangefinder/sine","9.9'","119''","","","Jess Riddle, John Eichholz, Will Blozan","2006-04-03","","N"
"Sweetgum","Liquidambar styraciflua","South Carolina","Richland","Congaree National Park","","","","","242655","1","","","90.0 ft","Public - national","130.0'","Clinometer/laser rangefinder/sine","14.5'","174''","69.0'","","Larry Tucei","2009-02-25","","N"
"Sweetgum","Liquidambar styraciflua","South Carolina","Richland","Congaree National Park","","","","","252749","1","","","","Public - national","136.1'","Clinometer/laser rangefinder/sine","11.4'","137''","","","Jess Riddle, John Eichholz, Will Blozan","2006-04-03","","N"
"Sweetgum","Liquidambar styraciflua","South Carolina","Richland","Congaree National Park","","","","","252750","1","","","","Public - national","138.8'","Clinometer/laser rangefinder/sine","14.8'","178''","","","Jess Riddle, John Eichholz, Will Blozan","2006-04-03","","N"
"Sweetgum","Liquidambar styraciflua","South Carolina","Richland","Congaree National Park","","","","","252751","1","","","","Public - national","141.4'","Clinometer/laser rangefinder/sine","5.8'","70''","","","Jess Riddle, John Eichholz, Will Blozan","2006-04-03","","N"
"Sweetgum","Liquidambar styraciflua","South Carolina","Richland","Congaree National Park","","","","","252752","1","","","","Public - national","142.1'","Clinometer/laser rangefinder/sine","13.1'","157''","","","Jess Riddle, John Eichholz, Will Blozan","2006-04-03","","N"
"Sweetgum","Liquidambar styraciflua","South Carolina","Richland","Congaree National Park","","","","","252753","1","","","","Public - national","144.1'","Clinometer/laser rangefinder/sine","9.0'","108''","","","Jess Riddle, John Eichholz, Will Blozan","2006-04-03","","N"
"Sweetgum","Liquidambar styraciflua","South Carolina","Richland","Congaree National Park","","","","","252754","1","","","","Public - national","146.0'","Clinometer/laser rangefinder/sine","10.3'","123''","","","Jess Riddle, John Eichholz, Will Blozan","2006-04-03","","N"
"Sweetgum","Liquidambar styraciflua","South Carolina","Richland","Congaree National Park","","","","","252755","1","","","","Public - national","146.0'","Clinometer/laser rangefinder/sine","10.6'","127''","","","Jess Riddle, John Eichholz, Will Blozan","2006-04-03","","N"
"Sweetgum","Liquidambar styraciflua","South Carolina","Richland","Congaree National Park","","","","","252769","1","","","","Public - national","148.0'","Clinometer/laser rangefinder/sine","11.9'","143''","","","Doug Bidlack, Jess Riddle, Ellen Bidlack","2016-02-27","","N"
"Sweetgum","Liquidambar styraciflua","South Carolina","Richland","Congaree National Park","","","","","252756","1","","","","Public - national","148.8'","Clinometer/laser rangefinder/sine","9.8'","117''","","","Jess Riddle, John Eichholz, Will Blozan","2006-04-03","","N"
"Sweetgum","Liquidambar styraciflua","South Carolina","Richland","Congaree National Park","","","","","252757","1","","","","Public - national","151.0'","Clinometer/laser rangefinder/sine","8.7'","104''","","","Jess Riddle, John Eichholz, Will Blozan","2006-04-03","","N"
"Sweetgum","Liquidambar styraciflua","South Carolina","Richland","Congaree National Park","","","","","252758","1","","","","Public - national","152.5'","Clinometer/laser rangefinder/sine","9.5'","114''","","","Jess Riddle, John Eichholz, Will Blozan","2006-04-03","","N"
"Sweetgum","Liquidambar styraciflua","South Carolina","Richland","Congaree National Park","","","","","252759","1","","","","Public - national","155.2'","Clinometer/laser rangefinder/sine","9.4'","113''","","","Jess Riddle, John Eichholz, Will Blozan","2006-04-03","","N"
"Sweetgum","Liquidambar styraciflua","South Carolina","Richland","Congaree National Park","","","","","252760","1","","","","Public - national","157.0'","Clinometer/laser rangefinder/sine","9.8'","118''","","","Jess Riddle, John Eichholz, Will Blozan","2006-04-03","","N"
"Water Hickory","Carya aquatica","South Carolina","Richland","Congaree National Park","","","","","238596","1","","","","Public - national","120.2'","Clinometer/laser rangefinder/sine","11.4'","137''","","","Jess Riddle, Michael Davie, Marcus Houchins","2007-04-02","","N"
"Water Hickory","Carya aquatica","South Carolina","Richland","Congaree National Park","","","","","252708","1","","","","Public - national","126.2'","Clinometer/laser rangefinder/sine","11.3'","135''","","","Jess Riddle, John Eichholz, Will Blozan","2006-04-03","","N"
"Water Hickory","Carya aquatica","South Carolina","Richland","Congaree National Park","","","","","252709","1","","","","Public - national","137.2'","Clinometer/laser rangefinder/sine","12.9'","155''","","","Jess Riddle, John Eichholz, Will Blozan","2006-04-03","","N"
"Water Oak","Quercus nigra","South Carolina","Richland","Congaree National Park","","","","","238602","1","","","","Public - national","134.0'","Clinometer/laser rangefinder/sine","","","","","Jess Riddle, Michael Davie, Marcus Houchins","2007-04-02","","N"
"Water Tupelo","Nyssa aquatica","South Carolina","Richland","Congaree National Park","33 48.561","-080 47.786","","","2418","1","33 48.561","-080 47.786","","Public - national","113.1'","Clinometer/laser rangefinder/sine","19.1'","229''","41.0'","State Champion","Tyler Phillips","2010-11-20","","N"
"Willow Oak","Quercus phellos","South Carolina","Richland","Congaree National Park","","","","","238603","1","","","","Public - national","","Clinometer/laser rangefinder/sine","16.6'","199''","","Measured by M. Houchins 2/28/2007","Jess Riddle, Michael Davie, Marcus Houchins","2007-04-02","","N"
"Willow Oak","Quercus phellos","South Carolina","Richland","Congaree National Park","33 49.324","-080 51.818","","","242644","1","33 49.324","-080 51.818","90.0 ft","Public - national","120.0'","Clinometer/laser rangefinder/sine","18.5'","222''","108.5'","Crown spread is maximum. the average of two axis method is 107.5'","Larry Tucei","2009-02-25","","N"
"Willow Oak","Quercus phellos","South Carolina","Richland","Congaree National Park","33 49.325","-080 51.907","","","242645","1","33 49.325","-080 51.907","90.0 ft","Public - national","137.5'","Clinometer/laser rangefinder/sine","16.8'","202''","128.5'","Crown spread is maximum. Average of two axis method is 119'","Larry Tucei","2009-02-25","","N"
"Willow Oak","Quercus phellos","South Carolina","Richland","Congaree National Park","","","","","252729","1","","","","Public - national","144.7'","Clinometer/laser rangefinder/sine","12.3'","148''","","","Jess Riddle, John Eichholz, Will Blozan","2006-04-03","","N"
"Winged Elm","Ulmus alata","South Carolina","Richland","Congaree National Park","","","","","238594","1","","","","Public - national","119.8'","Clinometer/laser rangefinder/sine","9.3'","112''","","","Jess Riddle, Michael Davie, Marcus Houchins","2007-04-02","","N"
"Winged Elm","Ulmus alata","South Carolina","Richland","Congaree National Park","","","","","252706","1","","","","Public - national","122.6'","Clinometer/laser rangefinder/sine","6.9'","83''","","","Jess Riddle, John Eichholz, Will Blozan","2006-04-03","","N"
"American Chestnut","Castanea dentata","South Carolina","Richland","South Carolina Single Tree Sites","","","","","252608","1","","","1800.0 ft","Pulic, Private","45.8'","Clinometer/laser rangefinder/sine","2.5'","30''","","Measured by J. Riddle 4/28/2002 near Eastatoe Creek, Pickens County.","Various Various","2000-01-01","","N"
"Argyle Apple","Eucalypyus cinera","South Carolina","Richland","South Carolina Single Tree Sites","34 10.611","-082 22.831","","","252606","1","34 10.611","-082 22.831","","Pulic, Private","","Clinometer/laser rangefinder/sine","7.2'","86''","","Measured by J. Parton 6/6/2008 near the Trinity Episcopal Church in Abbeville, Abbeville County.
Also known as the Silver Dollar Tree","Various Various","2000-01-01","","N"
"Eastern Redcedar","Juniperus virginiana","South Carolina","Richland","South Carolina Single Tree Sites","34 12.602","-082 38.869","","","252613","1","34 12.602","-082 38.869","","Pulic, Private","64.7'","Clinometer/laser rangefinder/sine","5.6'","67''","","Measured by J. Parton 6/22/2010 near the Intersection of Marshal Avenue and Highway in Lowndesville. Avveville County.","Various Various","2000-01-01","","N"
"Elm","Ulmus spp.","South Carolina","Richland","South Carolina Single Tree Sites","34 12.456","-082 38.739","","","252614","1","34 12.456","-082 38.739","","Pulic, Private","58.3'","Clinometer/laser rangefinder/sine","4.8'","58''","","Measured by J Parton 6/22/2010 off of Marshall Avenue, Lowndesville, Abbeville County.","Various Various","2000-01-01","","N"
"Live Oak","Quercus virginiana","South Carolina","Richland","South Carolina Single Tree Sites","33 05.135","-079 27.651","","","252604","1","33 05.135","-079 27.651","","Pulic, Private","65.1'","Clinometer/laser rangefinder/sine","","","","The ""Rams Head Oak"". A Multi-stem tree (2). Circumference and crown spread of both stems 26.4'and 130.5' (max,) and 121.5' (ave). Located in McClellanville Charleston County at Oak and Pickney Streets. Measured by Turner and Susan Sharp 4/14/2014.","Various Various","2000-01-01","","N"
"Oak","Quercus spp.","South Carolina","Richland","South Carolina Single Tree Sites","","","","","252609","1","","","","Pulic, Private","","Clinometer/laser rangefinder/sine","9.1'","109''","","Measured by J. Parton 3/4/2008 at Ridge Church near  Lowndesville, Abbeville County.","Various Various","2000-01-01","","N"
"Pecan","Carya illinoinensis","South Carolina","Richland","South Carolina Single Tree Sites","33 54.187","-080 51.568","","","252607","1","33 54.187","-080 51.568","","Pulic, Private","105.0'","Clinometer/laser rangefinder/sine","18.1'","217''","150.0'","Measured by M. Houchins 2/22/2009.
Crown spread is maxmum. Average ovf two axis method is 123.8'
Originally measured by M. Houtchins at 216"" CBH on 3/7/2007 near Hopkins, Richland County.","Various Various","2000-01-01","","N"
"Willow Oak","Quercus phellos","South Carolina","Richland","South Carolina Single Tree Sites","34 10.641","-082 22.722","","","252605","1","34 10.641","-082 22.722","","Pulic, Private","","Clinometer/laser rangefinder/sine","13.3'","159''","","Measured by J. Parton 6/6/2008 on Town Square in Abbeville, Abbeville County.","Various Various","2000-01-01","","N"
"Willow Oak","Quercus phellos","South Carolina","Richland","South Carolina Single Tree Sites","34 05.702","-082 35.535","","","252610","1","34 05.702","-082 35.535","","Pulic, Private","","Clinometer/laser rangefinder/sine","15.1'","181''","","Measured by J. Parton 1/1/2008 near Calhoun Falls, Abbeville County.","Various Various","2000-01-01","","N"
"Willow Oak","Quercus phellos","South Carolina","Richland","South Carolina Single Tree Sites","34 55.895","-081 01.962","","","252615","1","34 55.895","-081 01.962","","Pulic, Private","75.5'","Clinometer/laser rangefinder/sine","","","","Multi-stem tree.
Measured by P. Porter 2/1/2013 in Laurelwood Cemetery, Rock Hill, York County.","Various Various","2000-01-01","","N"
"Willow Oak","Quercus phellos","South Carolina","Richland","South Carolina Single Tree Sites","34 18.119","-082 40.055","","","252612","1","34 18.119","-082 40.055","","Pulic, Private","95.9'","Clinometer/laser rangefinder/sine","20.8'","250''","","Measured by J. Parton, E. Parton 6/22/2010 across from the Good Hope Presbyterian Church, Iva, Anderson County.","Various Various","2000-01-01","","N"
"Willow Oak","Quercus phellos","South Carolina","Richland","South Carolina Single Tree Sites","34 11.000","-082 22.389","","","252611","1","34 11.000","-082 22.389","","Pulic, Private","161.1'","Clinometer/laser rangefinder/sine","12.6'","151''","","Measured by J. Parton 2/23/2010 at 300 Cambridge Street in Abbeville in, Abbeville County.","Various Various","2000-01-01","","N"