"Common Name","Botanical Name","State","County","Site","Site Latitude","Site Longitude","Location comments","Tree name","Tree id","Measurement number","Latitude","Longitude","Elevation","Ownership type","Height (ft)","Height measurement method","Girth (ft)","Girth (in)","Crown spread (ft)","Tree comments","Measurer(s)","Measured","Trip report url","Photos available"
"Northern Red Oak","Quercus rubra","Delaware","Kent","Delaware Single Tree Sites","","","","","213679","1","","","","various","72.9'","Clinometer/laser rangefinder/sine","16.5'","198''","111.0'","Tree located in Rockford State Park, near Wilmington.
Measured by Scott Wade 2/21/2007","Various Various","2007-01-01","","N"
"Austrian Pine","Pinus nigra","Delaware","New Castle","Bellevue State Park","","","","","75582","1","","","","Public - State","66.2'","Clinometer/laser rangefinder/sine","","","","Girth taken at 8"" because it is the smallest girth below a fused triple stem. Girth is 160"" at 4 1/2'","Scott Wade, Meg Varnes","2007-02-21","http%3A%2F%2Fwww.nativetreesociety.org%2Ffieldtrips%2Fdelaware%2Frockwood%2Fdelaware_trees.htm","N"
"Horse Chestnut","Aesculus hippocastanum","Delaware","New Castle","Bellevue State Park","","","","","75581","1","","","","Public - State","62.6'","Clinometer/laser rangefinder/sine","10.0'","120''","","Species ID tentative","Scott Wade, Meg Varnes","2007-02-21","http%3A%2F%2Fwww.nativetreesociety.org%2Ffieldtrips%2Fdelaware%2Frockwood%2Fdelaware_trees.htm","N"
"Tuliptree","Liriodendron tulipifera","Delaware","New Castle","Bellevue State Park","39 46.943","-075 29.821","","","75580","1","39 46.943","-075 29.821","","Public - State","106.4'","Clinometer/laser rangefinder/sine","12.8'","153''","","","Scott Wade, Meg Varnes","2007-02-21","http%3A%2F%2Fwww.nativetreesociety.org%2Ffieldtrips%2Fdelaware%2Frockwood%2Fdelaware_trees.htm","N"
"American Basswood","Tilia americana","Delaware","New Castle","Brandywine Creek State Park","","","","","142883","1","","","","State","105.8'","Clinometer/laser rangefinder/sine","7.9'","95''","","In decline.","George Fieo","2011-01-09","","N"
"American Beech","Fagus grandifolia","Delaware","New Castle","Brandywine Creek State Park","","","","","142959","1","","","","State","82.4'","Clinometer/laser rangefinder/sine","12.9'","155''","","","George Fieo","2011-01-09","","N"
"American Beech","Fagus grandifolia","Delaware","New Castle","Brandywine Creek State Park","39 48.255","-075 34.641","","","142884","1","39 48.255","-075 34.641","","State","135.0'","Clinometer/laser rangefinder/sine","8.4'","101''","","Within Tulip Tree Woods Preserve.","George Fieo","2011-01-09","","N"
"American Sycamore","Platanus occidentalis","Delaware","New Castle","Brandywine Creek State Park","","","","","142916","1","","","","State","96.6'","Clinometer/laser rangefinder/sine","18.0'","216''","","","George Fieo","2011-01-09","","N"
"American Sycamore","Platanus occidentalis","Delaware","New Castle","Brandywine Creek State Park","","","","","142917","1","","","","State","125.6'","Clinometer/laser rangefinder/sine","5.2'","62''","","","George Fieo","2011-01-09","","N"
"American Witchhazel","Hamamelis virginiana","Delaware","New Castle","Brandywine Creek State Park","39 48.125","-075 34.138","","","142958","1","39 48.125","-075 34.138","","State","34.0'","Clinometer/laser rangefinder/sine","1.6'","19''","","","George Fieo","2011-01-09","","N"
"Bigtooth Aspen","Populus grandidentata","Delaware","New Castle","Brandywine Creek State Park","","","","","142885","1","","","","State","97.8'","Clinometer/laser rangefinder/sine","3.2'","38''","","","George Fieo","2011-01-09","","N"
"Bitternut Hickory","Carya cordiformis","Delaware","New Castle","Brandywine Creek State Park","","","","","142886","1","","","","State","133.9'","Clinometer/laser rangefinder/sine","7.9'","95''","","","George Fieo","2011-01-09","","N"
"Bitternut Hickory","Carya cordiformis","Delaware","New Castle","Brandywine Creek State Park","39 48.255","-075 34.097","","","142887","1","39 48.255","-075 34.097","","State","147.4'","Clinometer/laser rangefinder/sine","6.4'","77''","","","George Fieo","2011-01-09","","N"
"Black Cherry","Prunus serotina","Delaware","New Castle","Brandywine Creek State Park","","","","","142888","1","","","","State","115.6'","Clinometer/laser rangefinder/sine","5.6'","67''","","","George Fieo","2011-01-09","","N"
"Black Oak","Quercus velutina","Delaware","New Castle","Brandywine Creek State Park","","","","","142892","1","","","","State","107.6'","Clinometer/laser rangefinder/sine","13.6'","163''","","","George Fieo","2011-01-09","","N"
"Black Oak","Quercus velutina","Delaware","New Castle","Brandywine Creek State Park","","","","","142893","1","","","","State","137.2'","Clinometer/laser rangefinder/sine","11.6'","139''","","","George Fieo","2011-01-09","","N"
"Black Walnut","Juglans nigra","Delaware","New Castle","Brandywine Creek State Park","","","","","142894","1","","","","State","116.5'","Clinometer/laser rangefinder/sine","7.1'","85''","","Within Tulip Tree Woods Preserve.","George Fieo","2011-01-09","","N"
"Blackgum","Nyssa sylvatica","Delaware","New Castle","Brandywine Creek State Park","","","","","142889","1","","","","State","81.4'","Clinometer/laser rangefinder/sine","9.8'","117''","","","George Fieo","2011-01-09","","N"
"Blackgum","Nyssa sylvatica","Delaware","New Castle","Brandywine Creek State Park","","","","","142890","1","","","","State","111.8'","Clinometer/laser rangefinder/sine","5.8'","69''","","Within Tulip Tree Woods Preserve.","George Fieo","2011-01-09","","N"
"Blackhaw","Viburnum prunifolium","Delaware","New Castle","Brandywine Creek State Park","","","","","142891","1","","","","State","30.3'","Clinometer/laser rangefinder/sine","1.2'","14''","","Within Tulip Tree Woods Preserve.","George Fieo","2011-01-09","","N"
"Chestnut Oak","Quercus montana","Delaware","New Castle","Brandywine Creek State Park","","","","","142895","1","","","","State","119.3'","Clinometer/laser rangefinder/sine","9.8'","118''","","","George Fieo","2011-01-09","","N"
"Chestnut Oak","Quercus montana","Delaware","New Castle","Brandywine Creek State Park","","","","","142896","1","","","","State","126.9'","Clinometer/laser rangefinder/sine","8.5'","102''","","","George Fieo","2011-01-09","","N"
"Chestnut Oak","Quercus montana","Delaware","New Castle","Brandywine Creek State Park","","","","","142897","1","","","","State","127.0'","Clinometer/laser rangefinder/sine","6.7'","80''","","","George Fieo","2011-01-09","","N"
"Common Persimmon","Diospyros virginiana","Delaware","New Castle","Brandywine Creek State Park","","","","","142898","1","","","","State","75.5'","Clinometer/laser rangefinder/sine","3.7'","44''","","","George Fieo","2011-01-09","","N"
"Eastern White Pine","Pinus strobus","Delaware","New Castle","Brandywine Creek State Park","","","","","142956","1","","","","State","104.2'","Clinometer/laser rangefinder/sine","7.5'","90''","","Plantation tree.","George Fieo","2011-01-09","","N"
"Eastern White Pine","Pinus strobus","Delaware","New Castle","Brandywine Creek State Park","","","","","142957","1","","","","State","112.0'","Clinometer/laser rangefinder/sine","5.7'","68''","","Plantation tree.","George Fieo","2011-01-09","","N"
"Flowering Dogwood","Cornus florida","Delaware","New Castle","Brandywine Creek State Park","","","","","142900","1","","","","State","52.4'","Clinometer/laser rangefinder/sine","2.0'","24''","","Within Tulip Tree Woods Preserve.","George Fieo","2011-01-09","","N"
"Hophornbeam","Ostrya virginiana","Delaware","New Castle","Brandywine Creek State Park","","","","","142899","1","","","","State","56.6'","Clinometer/laser rangefinder/sine","2.1'","25''","","","George Fieo","2011-01-09","","N"
"Mockernut Hickory","Carya tomentosa","Delaware","New Castle","Brandywine Creek State Park","","","","","142901","1","","","","State","114.0'","Clinometer/laser rangefinder/sine","6.4'","77''","","Within Tulip Tree Woods Preserve.","George Fieo","2011-01-09","","N"
"Northern Red Oak","Quercus rubra","Delaware","New Castle","Brandywine Creek State Park","39 48.432","-075 33.727","","","142902","1","39 48.432","-075 33.727","","State","131.0'","Clinometer/laser rangefinder/sine","15.9'","191''","","Flared trunk.","George Fieo","2011-01-09","","N"
"Northern Red Oak","Quercus rubra","Delaware","New Castle","Brandywine Creek State Park","","","","","142903","1","","","","State","139.5'","Clinometer/laser rangefinder/sine","7.7'","92''","","","George Fieo","2011-01-09","","N"
"Northern Red Oak","Quercus rubra","Delaware","New Castle","Brandywine Creek State Park","","","","","142904","1","","","","State","140.5'","Clinometer/laser rangefinder/sine","7.6'","91''","","","George Fieo","2011-01-09","","N"
"Northern Red Oak","Quercus rubra","Delaware","New Castle","Brandywine Creek State Park","","","","","142905","1","","","","State","140.8'","Clinometer/laser rangefinder/sine","7.3'","87''","","","George Fieo","2011-01-09","","N"
"Pignut Hickory","Carya glabra","Delaware","New Castle","Brandywine Creek State Park","","","","","142906","1","","","","State","138.8'","Clinometer/laser rangefinder/sine","9.6'","115''","","","George Fieo","2011-01-09","","N"
"Pignut Hickory","Carya glabra","Delaware","New Castle","Brandywine Creek State Park","","","","","142907","1","","","","State","140.5'","Clinometer/laser rangefinder/sine","7.4'","89''","","","George Fieo","2011-01-09","","N"
"Pignut Hickory","Carya glabra","Delaware","New Castle","Brandywine Creek State Park","","","","","142908","1","","","","State","141.2'","Clinometer/laser rangefinder/sine","7.2'","86''","","Within Tulip Tree Woods Preserve.","George Fieo","2011-01-09","","N"
"Pignut Hickory","Carya glabra","Delaware","New Castle","Brandywine Creek State Park","","","","","142909","1","","","","State","141.7'","Clinometer/laser rangefinder/sine","7.3'","88''","","Within Tulip Tree Woods Preserve.","George Fieo","2011-01-09","","N"
"Red Maple","Acer rubrum","Delaware","New Castle","Brandywine Creek State Park","","","","","142910","1","","","","State","104.2'","Clinometer/laser rangefinder/sine","10.3'","124''","","","George Fieo","2011-01-09","","N"
"Sassafras","Sassafras albidum","Delaware","New Castle","Brandywine Creek State Park","","","","","142911","1","","","","State","90.5'","Clinometer/laser rangefinder/sine","3.8'","46''","","","George Fieo","2011-01-09","","N"
"Shagbark Hickory","Carya ovata","Delaware","New Castle","Brandywine Creek State Park","","","","","142912","1","","","","State","113.4'","Clinometer/laser rangefinder/sine","5.3'","63''","","","George Fieo","2011-01-09","","N"
"Silver Maple","Acer saccharinum","Delaware","New Castle","Brandywine Creek State Park","","","","","142913","1","","","","State","99.3'","Clinometer/laser rangefinder/sine","10.8'","129''","","","George Fieo","2011-01-09","","N"
"Slippery Elm","Ulmus rubra","Delaware","New Castle","Brandywine Creek State Park","","","","","142914","1","","","","State","102.0'","Clinometer/laser rangefinder/sine","5.6'","67''","","","George Fieo","2011-01-09","","N"
"Sugar Maple","Acer saccharum","Delaware","New Castle","Brandywine Creek State Park","","","","","142915","1","","","","State","97.6'","Clinometer/laser rangefinder/sine","5.3'","64''","","","George Fieo","2011-01-09","","N"
"Tuliptree","Liriodendron tulipifera","Delaware","New Castle","Brandywine Creek State Park","","","","","142961","1","","","","State","122.3'","Clinometer/laser rangefinder/sine","15.9'","191''","","","George Fieo","2011-01-09","","N"
"Tuliptree","Liriodendron tulipifera","Delaware","New Castle","Brandywine Creek State Park","","","","","142960","1","","","","State","127.0'","Clinometer/laser rangefinder/sine","16.0'","192''","","","George Fieo","2011-01-09","","N"
"Tuliptree","Liriodendron tulipifera","Delaware","New Castle","Brandywine Creek State Park","39 48.011","-075 33.980","","","142918","1","39 48.011","-075 33.980","","State","140.8'","Clinometer/laser rangefinder/sine","17.3'","207''","","","George Fieo","2011-01-09","","N"
"Tuliptree","Liriodendron tulipifera","Delaware","New Castle","Brandywine Creek State Park","39 47.970","-075 34.045","","","142919","1","39 47.970","-075 34.045","","State","144.8'","Clinometer/laser rangefinder/sine","17.3'","207''","","","George Fieo","2011-01-09","","N"
"Tuliptree","Liriodendron tulipifera","Delaware","New Castle","Brandywine Creek State Park","39 48.642","-075 33.756","","","142920","1","39 48.642","-075 33.756","","State","149.1'","Clinometer/laser rangefinder/sine","19.0'","228''","","","George Fieo","2011-01-09","","N"
"Tuliptree","Liriodendron tulipifera","Delaware","New Castle","Brandywine Creek State Park","","","","","142921","1","","","","State","150.0'","Clinometer/laser rangefinder/sine","12.3'","147''","","","George Fieo","2011-01-09","","N"
"Tuliptree","Liriodendron tulipifera","Delaware","New Castle","Brandywine Creek State Park","","","","","142922","1","","","","State","150.3'","Clinometer/laser rangefinder/sine","13.8'","166''","","","George Fieo","2011-01-09","","N"
"Tuliptree","Liriodendron tulipifera","Delaware","New Castle","Brandywine Creek State Park","","","","","142923","1","","","","State","150.4'","Clinometer/laser rangefinder/sine","12.9'","155''","","","George Fieo","2011-01-09","","N"
"Tuliptree","Liriodendron tulipifera","Delaware","New Castle","Brandywine Creek State Park","","","","","142924","1","","","","State","150.5'","Clinometer/laser rangefinder/sine","12.2'","146''","","","George Fieo","2011-01-09","","N"
"Tuliptree","Liriodendron tulipifera","Delaware","New Castle","Brandywine Creek State Park","","","","","142925","1","","","","State","152.1'","Clinometer/laser rangefinder/sine","12.2'","146''","","","George Fieo","2011-01-09","","N"
"Tuliptree","Liriodendron tulipifera","Delaware","New Castle","Brandywine Creek State Park","","","","","142926","1","","","","State","152.2'","Clinometer/laser rangefinder/sine","13.8'","166''","","Within Tulip Tree Woods Preserve.","George Fieo","2011-01-09","","N"
"Tuliptree","Liriodendron tulipifera","Delaware","New Castle","Brandywine Creek State Park","","","","","142927","1","","","","State","152.6'","Clinometer/laser rangefinder/sine","12.9'","155''","","","George Fieo","2011-01-09","","N"
"Tuliptree","Liriodendron tulipifera","Delaware","New Castle","Brandywine Creek State Park","","","","","142928","1","","","","State","152.7'","Clinometer/laser rangefinder/sine","9.8'","118''","","","George Fieo","2011-01-09","","N"
"Tuliptree","Liriodendron tulipifera","Delaware","New Castle","Brandywine Creek State Park","","","","","142929","1","","","","State","152.9'","Clinometer/laser rangefinder/sine","8.2'","98''","","","George Fieo","2011-01-09","","N"
"Tuliptree","Liriodendron tulipifera","Delaware","New Castle","Brandywine Creek State Park","","","","","142930","1","","","","State","153.4'","Clinometer/laser rangefinder/sine","12.8'","154''","","","George Fieo","2011-01-09","","N"
"Tuliptree","Liriodendron tulipifera","Delaware","New Castle","Brandywine Creek State Park","","","","","142931","1","","","","State","153.5'","Clinometer/laser rangefinder/sine","12.4'","149''","","","George Fieo","2011-01-09","","N"
"Tuliptree","Liriodendron tulipifera","Delaware","New Castle","Brandywine Creek State Park","","","","","142932","1","","","","State","153.5'","Clinometer/laser rangefinder/sine","13.0'","156''","","","George Fieo","2011-01-09","","N"
"Tuliptree","Liriodendron tulipifera","Delaware","New Castle","Brandywine Creek State Park","39 48.625","-075 33.767","","","142933","1","39 48.625","-075 33.767","","State","153.7'","Clinometer/laser rangefinder/sine","13.4'","161''","","","George Fieo","2011-01-09","","N"
"Tuliptree","Liriodendron tulipifera","Delaware","New Castle","Brandywine Creek State Park","","","","","142934","1","","","","State","154.1'","Clinometer/laser rangefinder/sine","13.8'","165''","","","George Fieo","2011-01-09","","N"
"Tuliptree","Liriodendron tulipifera","Delaware","New Castle","Brandywine Creek State Park","39 48.241","-075 34.107","","","142935","1","39 48.241","-075 34.107","","State","154.1'","Clinometer/laser rangefinder/sine","15.2'","182''","","","George Fieo","2011-01-09","","N"
"Tuliptree","Liriodendron tulipifera","Delaware","New Castle","Brandywine Creek State Park","","","","","142936","1","","","","State","154.7'","Clinometer/laser rangefinder/sine","8.8'","106''","","","George Fieo","2011-01-09","","N"
"Tuliptree","Liriodendron tulipifera","Delaware","New Castle","Brandywine Creek State Park","","","","","142937","1","","","","State","156.0'","Clinometer/laser rangefinder/sine","11.1'","133''","","","George Fieo","2011-01-09","","N"
"Tuliptree","Liriodendron tulipifera","Delaware","New Castle","Brandywine Creek State Park","","","","","142938","1","","","","State","156.6'","Clinometer/laser rangefinder/sine","13.4'","161''","","Within Tulip Tree Woods Preserve.","George Fieo","2011-01-09","","N"
"Tuliptree","Liriodendron tulipifera","Delaware","New Castle","Brandywine Creek State Park","","","","","142939","1","","","","State","156.8'","Clinometer/laser rangefinder/sine","12.9'","155''","","Within Tulip Tree Woods Preserve.","George Fieo","2011-01-09","","N"
"Tuliptree","Liriodendron tulipifera","Delaware","New Castle","Brandywine Creek State Park","","","","","142940","1","","","","State","157.0'","Clinometer/laser rangefinder/sine","12.8'","153''","","","George Fieo","2011-01-09","","N"
"Tuliptree","Liriodendron tulipifera","Delaware","New Castle","Brandywine Creek State Park","","","","","142941","1","","","","State","157.5'","Clinometer/laser rangefinder/sine","6.8'","82''","","Within Tulip Tree Woods Preserve.","George Fieo","2011-01-09","","N"
"Tuliptree","Liriodendron tulipifera","Delaware","New Castle","Brandywine Creek State Park","","","","","142942","1","","","","State","158.0'","Clinometer/laser rangefinder/sine","12.2'","146''","","","George Fieo","2011-01-09","","N"
"Tuliptree","Liriodendron tulipifera","Delaware","New Castle","Brandywine Creek State Park","","","","","142943","1","","","","State","159.4'","Clinometer/laser rangefinder/sine","10.2'","122''","","","George Fieo","2011-01-09","","N"
"Tuliptree","Liriodendron tulipifera","Delaware","New Castle","Brandywine Creek State Park","","","","","142944","1","","","","State","160.1'","Clinometer/laser rangefinder/sine","13.6'","163''","","","George Fieo","2011-01-09","","N"
"Tuliptree","Liriodendron tulipifera","Delaware","New Castle","Brandywine Creek State Park","","","","","142945","1","","","","State","164.9'","Clinometer/laser rangefinder/sine","9.8'","117''","","","George Fieo","2011-01-09","","N"
"White Ash","Fraxinus americana","Delaware","New Castle","Brandywine Creek State Park","","","","","142946","1","","","","State","129.5'","Clinometer/laser rangefinder/sine","11.2'","134''","","Within Tulip Tree Woods Preserve.","George Fieo","2011-01-09","","N"
"White Ash","Fraxinus americana","Delaware","New Castle","Brandywine Creek State Park","","","","","142947","1","","","","State","140.1'","Clinometer/laser rangefinder/sine","6.3'","76''","","","George Fieo","2011-01-09","","N"
"White Ash","Fraxinus americana","Delaware","New Castle","Brandywine Creek State Park","","","","","142948","1","","","","State","142.9'","Clinometer/laser rangefinder/sine","11.3'","136''","","","George Fieo","2011-01-09","","N"
"White Ash","Fraxinus americana","Delaware","New Castle","Brandywine Creek State Park","","","","","142949","1","","","","State","147.4'","Clinometer/laser rangefinder/sine","8.8'","106''","","","George Fieo","2011-01-09","","N"
"White Ash","Fraxinus americana","Delaware","New Castle","Brandywine Creek State Park","","","","","142950","1","","","","State","147.5'","Clinometer/laser rangefinder/sine","9.6'","115''","","","George Fieo","2011-01-09","","N"
"White Ash","Fraxinus americana","Delaware","New Castle","Brandywine Creek State Park","","","","","142951","1","","","","State","148.7'","Clinometer/laser rangefinder/sine","11.0'","132''","","","George Fieo","2011-01-09","","N"
"White Oak","Quercus alba","Delaware","New Castle","Brandywine Creek State Park","","","","","142952","1","","","","State","100.3'","Clinometer/laser rangefinder/sine","16.5'","198''","","","George Fieo","2011-01-09","","N"
"White Oak","Quercus alba","Delaware","New Castle","Brandywine Creek State Park","","","","","142953","1","","","","State","130.0'","Clinometer/laser rangefinder/sine","11.3'","136''","","Within Tulip Tree Woods Preserve.","George Fieo","2011-01-09","","N"
"White Oak","Quercus alba","Delaware","New Castle","Brandywine Creek State Park","","","","","142954","1","","","","State","132.2'","Clinometer/laser rangefinder/sine","8.6'","103''","","","George Fieo","2011-01-09","","N"
"White Oak","Quercus alba","Delaware","New Castle","Brandywine Creek State Park","","","","","142955","1","","","","State","137.9'","Clinometer/laser rangefinder/sine","8.5'","102''","","","George Fieo","2011-01-09","","N"
"American Beech","Fagus grandifolia","Delaware","New Castle","Chesapeake Bay Girl Scout Council Property","","","40 Acres","","232239","1","","","","Private","121.0'","Clinometer/laser rangefinder/sine","8.6'","103''","","","George Fieo","2014-11-21","http%3A%2F%2Fwww.ents-bbs.org%2Fviewtopic.php%3Ff%3D71%26t%3D8741%26sid%3D4b23d5b42476125c3d869ba89d4ef743%23p44611","N"
"Black Oak","Quercus velutina","Delaware","New Castle","Chesapeake Bay Girl Scout Council Property","","","40 Acres","","232240","1","","","","Private","138.0'","Clinometer/laser rangefinder/sine","8.0'","96''","","","George Fieo","2014-11-21","http%3A%2F%2Fwww.ents-bbs.org%2Fviewtopic.php%3Ff%3D71%26t%3D8741%26sid%3D4b23d5b42476125c3d869ba89d4ef743%23p44611","N"
"Black Oak","Quercus velutina","Delaware","New Castle","Chesapeake Bay Girl Scout Council Property","","","40 Acres","","232241","1","","","","Private","145.1'","Clinometer/laser rangefinder/sine","7.9'","95''","","","George Fieo","2014-11-21","http%3A%2F%2Fwww.ents-bbs.org%2Fviewtopic.php%3Ff%3D71%26t%3D8741%26sid%3D4b23d5b42476125c3d869ba89d4ef743%23p44611","N"
"Northern Red Oak","Quercus rubra","Delaware","New Castle","Chesapeake Bay Girl Scout Council Property","","","40 Acres","","232242","1","","","","Private","133.6'","Clinometer/laser rangefinder/sine","9.7'","116''","","","George Fieo","2014-11-21","http%3A%2F%2Fwww.ents-bbs.org%2Fviewtopic.php%3Ff%3D71%26t%3D8741%26sid%3D4b23d5b42476125c3d869ba89d4ef743%23p44611","N"
"Northern Red Oak","Quercus rubra","Delaware","New Castle","Chesapeake Bay Girl Scout Council Property","","","40 Acres","","232243","1","","","","Private","137.1'","Clinometer/laser rangefinder/sine","11.9'","143''","","","George Fieo","2014-11-21","http%3A%2F%2Fwww.ents-bbs.org%2Fviewtopic.php%3Ff%3D71%26t%3D8741%26sid%3D4b23d5b42476125c3d869ba89d4ef743%23p44611","N"
"Northern Red Oak","Quercus rubra","Delaware","New Castle","Chesapeake Bay Girl Scout Council Property","","","40 Acres","","232244","1","","","","Private","139.2'","Clinometer/laser rangefinder/sine","9.7'","116''","","","George Fieo","2014-11-21","http%3A%2F%2Fwww.ents-bbs.org%2Fviewtopic.php%3Ff%3D71%26t%3D8741%26sid%3D4b23d5b42476125c3d869ba89d4ef743%23p44611","N"
"Northern Red Oak","Quercus rubra","Delaware","New Castle","Chesapeake Bay Girl Scout Council Property","","","40 Acres","","232246","1","","","","Private","140.0'","Clinometer/laser rangefinder/sine","12.8'","154''","","","George Fieo","2014-11-21","http%3A%2F%2Fwww.ents-bbs.org%2Fviewtopic.php%3Ff%3D71%26t%3D8741%26sid%3D4b23d5b42476125c3d869ba89d4ef743%23p44611","N"
"Northern Red Oak","Quercus rubra","Delaware","New Castle","Chesapeake Bay Girl Scout Council Property","","","40 Acres","","232245","1","","","","Private","146.0'","Clinometer/laser rangefinder/sine","","","","","George Fieo","2014-11-21","http%3A%2F%2Fwww.ents-bbs.org%2Fviewtopic.php%3Ff%3D71%26t%3D8741%26sid%3D4b23d5b42476125c3d869ba89d4ef743%23p44611","N"
"Tuliptree","Liriodendron tulipifera","Delaware","New Castle","Chesapeake Bay Girl Scout Council Property","","","40 Acres","","232253","1","","","","Private","141.2'","Clinometer/laser rangefinder/sine","12.5'","150''","","","George Fieo","2014-11-21","http%3A%2F%2Fwww.ents-bbs.org%2Fviewtopic.php%3Ff%3D71%26t%3D8741%26sid%3D4b23d5b42476125c3d869ba89d4ef743%23p44611","N"
"Tuliptree","Liriodendron tulipifera","Delaware","New Castle","Chesapeake Bay Girl Scout Council Property","","","40 Acres","","232247","1","","","","Private","143.5'","Clinometer/laser rangefinder/sine","9.4'","113''","","","George Fieo","2014-11-21","http%3A%2F%2Fwww.ents-bbs.org%2Fviewtopic.php%3Ff%3D71%26t%3D8741%26sid%3D4b23d5b42476125c3d869ba89d4ef743%23p44611","N"
"Tuliptree","Liriodendron tulipifera","Delaware","New Castle","Chesapeake Bay Girl Scout Council Property","","","40 Acres","","232248","1","","","","Private","154.4'","Clinometer/laser rangefinder/sine","8.2'","98''","","","George Fieo","2014-11-21","http%3A%2F%2Fwww.ents-bbs.org%2Fviewtopic.php%3Ff%3D71%26t%3D8741%26sid%3D4b23d5b42476125c3d869ba89d4ef743%23p44611","N"
"Tuliptree","Liriodendron tulipifera","Delaware","New Castle","Chesapeake Bay Girl Scout Council Property","","","40 Acres","","232249","1","","","","Private","159.0'","Clinometer/laser rangefinder/sine","9.9'","119''","","","George Fieo","2014-11-21","http%3A%2F%2Fwww.ents-bbs.org%2Fviewtopic.php%3Ff%3D71%26t%3D8741%26sid%3D4b23d5b42476125c3d869ba89d4ef743%23p44611","N"
"Tuliptree","Liriodendron tulipifera","Delaware","New Castle","Chesapeake Bay Girl Scout Council Property","","","40 Acres","","232250","1","","","","Private","159.4'","Clinometer/laser rangefinder/sine","9.5'","114''","","","George Fieo","2014-11-21","http%3A%2F%2Fwww.ents-bbs.org%2Fviewtopic.php%3Ff%3D71%26t%3D8741%26sid%3D4b23d5b42476125c3d869ba89d4ef743%23p44611","N"
"Tuliptree","Liriodendron tulipifera","Delaware","New Castle","Chesapeake Bay Girl Scout Council Property","","","40 Acres","","232251","1","","","","Private","161.0'","Clinometer/laser rangefinder/sine","10.9'","131''","","","George Fieo","2014-11-21","http%3A%2F%2Fwww.ents-bbs.org%2Fviewtopic.php%3Ff%3D71%26t%3D8741%26sid%3D4b23d5b42476125c3d869ba89d4ef743%23p44611","N"
"Tuliptree","Liriodendron tulipifera","Delaware","New Castle","Chesapeake Bay Girl Scout Council Property","","","40 Acres","","232254","1","","","","Private","161.6'","Clinometer/laser rangefinder/sine","12.4'","149''","","","George Fieo","2014-11-21","http%3A%2F%2Fwww.ents-bbs.org%2Fviewtopic.php%3Ff%3D71%26t%3D8741%26sid%3D4b23d5b42476125c3d869ba89d4ef743%23p44611","N"
"Tuliptree","Liriodendron tulipifera","Delaware","New Castle","Chesapeake Bay Girl Scout Council Property","","","40 Acres","","232252","1","","","","Private","167.0'","Clinometer/laser rangefinder/sine","10.4'","125''","","","George Fieo","2014-11-21","http%3A%2F%2Fwww.ents-bbs.org%2Fviewtopic.php%3Ff%3D71%26t%3D8741%26sid%3D4b23d5b42476125c3d869ba89d4ef743%23p44611","N"
"White Oak","Quercus alba","Delaware","New Castle","Chesapeake Bay Girl Scout Council Property","","","40 Acres","","232255","1","","","","Private","121.2'","Clinometer/laser rangefinder/sine","9.7'","116''","","","George Fieo","2014-11-21","http%3A%2F%2Fwww.ents-bbs.org%2Fviewtopic.php%3Ff%3D71%26t%3D8741%26sid%3D4b23d5b42476125c3d869ba89d4ef743%23p44611","N"
"American Beech","Fagus grandifolia","Delaware","New Castle","First State National Historical Park","","","This historical park incorporates many historical sites throughout Delaware. It also includes about 1,100 acres of woodland along Brandywine River with 200 acres of these acres being in Pennsylvania.","","232091","1","","","","Public - federal","121.6'","Clinometer/laser rangefinder/sine","6.2'","74''","","","George Fieo","2014-10-25","http%3A%2F%2Fwww.ents-bbs.org%2Fviewtopic.php%3Ff%3D71%26t%3D8643%26sid%3D3fdcc58b0d25adce7768d60248ada623","N"
"American Beech","Fagus grandifolia","Delaware","New Castle","First State National Historical Park","","","This historical park incorporates many historical sites throughout Delaware. It also includes about 1,100 acres of woodland along Brandywine River with 200 acres of these acres being in Pennsylvania.","","232092","1","","","","Public - federal","124.2'","Clinometer/laser rangefinder/sine","7.5'","90''","","","George Fieo","2014-10-25","http%3A%2F%2Fwww.ents-bbs.org%2Fviewtopic.php%3Ff%3D71%26t%3D8643%26sid%3D3fdcc58b0d25adce7768d60248ada623","N"
"American Beech","Fagus grandifolia","Delaware","New Castle","First State National Historical Park","","","This historical park incorporates many historical sites throughout Delaware. It also includes about 1,100 acres of woodland along Brandywine River with 200 acres of these acres being in Pennsylvania.","","232093","1","","","","Public - federal","125.1'","Clinometer/laser rangefinder/sine","7.5'","90''","","","George Fieo","2014-10-25","http%3A%2F%2Fwww.ents-bbs.org%2Fviewtopic.php%3Ff%3D71%26t%3D8643%26sid%3D3fdcc58b0d25adce7768d60248ada623","N"
"American Sycamore","Platanus occidentalis","Delaware","New Castle","First State National Historical Park","","","This historical park incorporates many historical sites throughout Delaware. It also includes about 1,100 acres of woodland along Brandywine River with 200 acres of these acres being in Pennsylvania.","","232130","1","","","","Public - federal","112.4'","Clinometer/laser rangefinder/sine","13.5'","162''","","","George Fieo","2014-10-25","http%3A%2F%2Fwww.ents-bbs.org%2Fviewtopic.php%3Ff%3D71%26t%3D8643%26sid%3D3fdcc58b0d25adce7768d60248ada623","N"
"American Sycamore","Platanus occidentalis","Delaware","New Castle","First State National Historical Park","","","This historical park incorporates many historical sites throughout Delaware. It also includes about 1,100 acres of woodland along Brandywine River with 200 acres of these acres being in Pennsylvania.","","232131","1","","","","Public - federal","134.5'","Clinometer/laser rangefinder/sine","8.8'","106''","","","George Fieo","2014-10-25","http%3A%2F%2Fwww.ents-bbs.org%2Fviewtopic.php%3Ff%3D71%26t%3D8643%26sid%3D3fdcc58b0d25adce7768d60248ada623","N"
"American Sycamore","Platanus occidentalis","Delaware","New Castle","First State National Historical Park","","","This historical park incorporates many historical sites throughout Delaware. It also includes about 1,100 acres of woodland along Brandywine River with 200 acres of these acres being in Pennsylvania.","","232132","1","","","","Public - federal","134.6'","Clinometer/laser rangefinder/sine","9.8'","118''","","","George Fieo","2014-10-25","http%3A%2F%2Fwww.ents-bbs.org%2Fviewtopic.php%3Ff%3D71%26t%3D8643%26sid%3D3fdcc58b0d25adce7768d60248ada623","N"
"American Sycamore","Platanus occidentalis","Delaware","New Castle","First State National Historical Park","","","This historical park incorporates many historical sites throughout Delaware. It also includes about 1,100 acres of woodland along Brandywine River with 200 acres of these acres being in Pennsylvania.","","232133","1","","","","Public - federal","139.2'","Clinometer/laser rangefinder/sine","4.4'","53''","","","George Fieo","2014-10-25","http%3A%2F%2Fwww.ents-bbs.org%2Fviewtopic.php%3Ff%3D71%26t%3D8643%26sid%3D3fdcc58b0d25adce7768d60248ada623","N"
"Bigtooth Aspen","Populus grandidentata","Delaware","New Castle","First State National Historical Park","","","This historical park incorporates many historical sites throughout Delaware. It also includes about 1,100 acres of woodland along Brandywine River with 200 acres of these acres being in Pennsylvania.","","232094","1","","","","Public - federal","102.1'","Clinometer/laser rangefinder/sine","4.6'","55''","","","George Fieo","2014-10-25","http%3A%2F%2Fwww.ents-bbs.org%2Fviewtopic.php%3Ff%3D71%26t%3D8643%26sid%3D3fdcc58b0d25adce7768d60248ada623","N"
"Bitternut Hickory","Carya cordiformis","Delaware","New Castle","First State National Historical Park","","","This historical park incorporates many historical sites throughout Delaware. It also includes about 1,100 acres of woodland along Brandywine River with 200 acres of these acres being in Pennsylvania.","","232095","1","","","","Public - federal","108.2'","Clinometer/laser rangefinder/sine","8.2'","98''","","","George Fieo","2014-10-25","http%3A%2F%2Fwww.ents-bbs.org%2Fviewtopic.php%3Ff%3D71%26t%3D8643%26sid%3D3fdcc58b0d25adce7768d60248ada623","N"
"Black Cherry","Prunus serotina var. serotina","Delaware","New Castle","First State National Historical Park","","","This historical park incorporates many historical sites throughout Delaware. It also includes about 1,100 acres of woodland along Brandywine River with 200 acres of these acres being in Pennsylvania.","","232096","1","","","","Public - federal","108.1'","Clinometer/laser rangefinder/sine","8.0'","96''","","","George Fieo","2014-10-25","http%3A%2F%2Fwww.ents-bbs.org%2Fviewtopic.php%3Ff%3D71%26t%3D8643%26sid%3D3fdcc58b0d25adce7768d60248ada623","N"
"Black Oak","Quercus velutina","Delaware","New Castle","First State National Historical Park","","","This historical park incorporates many historical sites throughout Delaware. It also includes about 1,100 acres of woodland along Brandywine River with 200 acres of these acres being in Pennsylvania.","","232099","1","","","","Public - federal","122.2'","Clinometer/laser rangefinder/sine","11.3'","136''","","","George Fieo","2014-10-25","http%3A%2F%2Fwww.ents-bbs.org%2Fviewtopic.php%3Ff%3D71%26t%3D8643%26sid%3D3fdcc58b0d25adce7768d60248ada623","N"
"Black Oak","Quercus velutina","Delaware","New Castle","First State National Historical Park","","","This historical park incorporates many historical sites throughout Delaware. It also includes about 1,100 acres of woodland along Brandywine River with 200 acres of these acres being in Pennsylvania.","","232100","1","","","","Public - federal","124.5'","Clinometer/laser rangefinder/sine","10.7'","128''","","","George Fieo","2014-10-25","http%3A%2F%2Fwww.ents-bbs.org%2Fviewtopic.php%3Ff%3D71%26t%3D8643%26sid%3D3fdcc58b0d25adce7768d60248ada623","N"
"Black Oak","Quercus velutina","Delaware","New Castle","First State National Historical Park","","","This historical park incorporates many historical sites throughout Delaware. It also includes about 1,100 acres of woodland along Brandywine River with 200 acres of these acres being in Pennsylvania.","","232101","1","","","","Public - federal","125.5'","Clinometer/laser rangefinder/sine","11.5'","138''","","","George Fieo","2014-10-25","http%3A%2F%2Fwww.ents-bbs.org%2Fviewtopic.php%3Ff%3D71%26t%3D8643%26sid%3D3fdcc58b0d25adce7768d60248ada623","N"
"Black Oak","Quercus velutina","Delaware","New Castle","First State National Historical Park","","","This historical park incorporates many historical sites throughout Delaware. It also includes about 1,100 acres of woodland along Brandywine River with 200 acres of these acres being in Pennsylvania.","","232102","1","","","","Public - federal","139.6'","Clinometer/laser rangefinder/sine","9.3'","111''","","","George Fieo","2014-10-25","http%3A%2F%2Fwww.ents-bbs.org%2Fviewtopic.php%3Ff%3D71%26t%3D8643%26sid%3D3fdcc58b0d25adce7768d60248ada623","N"
"Black Oak","Quercus velutina","Delaware","New Castle","First State National Historical Park","","","This historical park incorporates many historical sites throughout Delaware. It also includes about 1,100 acres of woodland along Brandywine River with 200 acres of these acres being in Pennsylvania.","","232103","1","","","","Public - federal","140.9'","Clinometer/laser rangefinder/sine","9.1'","109''","","","George Fieo","2014-10-25","http%3A%2F%2Fwww.ents-bbs.org%2Fviewtopic.php%3Ff%3D71%26t%3D8643%26sid%3D3fdcc58b0d25adce7768d60248ada623","N"
"Black Oak","Quercus velutina","Delaware","New Castle","First State National Historical Park","","","This historical park incorporates many historical sites throughout Delaware. It also includes about 1,100 acres of woodland along Brandywine River with 200 acres of these acres being in Pennsylvania.","","232104","1","","","","Public - federal","144.3'","Clinometer/laser rangefinder/sine","","","","","George Fieo","2014-10-25","http%3A%2F%2Fwww.ents-bbs.org%2Fviewtopic.php%3Ff%3D71%26t%3D8643%26sid%3D3fdcc58b0d25adce7768d60248ada623","N"
"Black Walnut","Juglans nigra","Delaware","New Castle","First State National Historical Park","","","This historical park incorporates many historical sites throughout Delaware. It also includes about 1,100 acres of woodland along Brandywine River with 200 acres of these acres being in Pennsylvania.","","232105","1","","","","Public - federal","124.7'","Clinometer/laser rangefinder/sine","6.0'","72''","","","George Fieo","2014-10-25","http%3A%2F%2Fwww.ents-bbs.org%2Fviewtopic.php%3Ff%3D71%26t%3D8643%26sid%3D3fdcc58b0d25adce7768d60248ada623","N"
"Blackgum","Nyssa sylvatica","Delaware","New Castle","First State National Historical Park","","","This historical park incorporates many historical sites throughout Delaware. It also includes about 1,100 acres of woodland along Brandywine River with 200 acres of these acres being in Pennsylvania.","","232097","1","","","","Public - federal","105.7'","Clinometer/laser rangefinder/sine","6.8'","82''","","","George Fieo","2014-10-25","http%3A%2F%2Fwww.ents-bbs.org%2Fviewtopic.php%3Ff%3D71%26t%3D8643%26sid%3D3fdcc58b0d25adce7768d60248ada623","N"
"Blackgum","Nyssa sylvatica","Delaware","New Castle","First State National Historical Park","","","This historical park incorporates many historical sites throughout Delaware. It also includes about 1,100 acres of woodland along Brandywine River with 200 acres of these acres being in Pennsylvania.","","232098","1","","","","Public - federal","114.5'","Clinometer/laser rangefinder/sine","3.8'","46''","","","George Fieo","2014-10-25","http%3A%2F%2Fwww.ents-bbs.org%2Fviewtopic.php%3Ff%3D71%26t%3D8643%26sid%3D3fdcc58b0d25adce7768d60248ada623","N"
"Chestnut Oak","Quercus montana","Delaware","New Castle","First State National Historical Park","","","This historical park incorporates many historical sites throughout Delaware. It also includes about 1,100 acres of woodland along Brandywine River with 200 acres of these acres being in Pennsylvania.","","232106","1","","","","Public - federal","108.9'","Clinometer/laser rangefinder/sine","11.1'","133''","","","George Fieo","2014-10-25","http%3A%2F%2Fwww.ents-bbs.org%2Fviewtopic.php%3Ff%3D71%26t%3D8643%26sid%3D3fdcc58b0d25adce7768d60248ada623","N"
"Chestnut Oak","Quercus montana","Delaware","New Castle","First State National Historical Park","","","This historical park incorporates many historical sites throughout Delaware. It also includes about 1,100 acres of woodland along Brandywine River with 200 acres of these acres being in Pennsylvania.","","232107","1","","","","Public - federal","125.7'","Clinometer/laser rangefinder/sine","11.0'","132''","","","George Fieo","2014-10-25","http%3A%2F%2Fwww.ents-bbs.org%2Fviewtopic.php%3Ff%3D71%26t%3D8643%26sid%3D3fdcc58b0d25adce7768d60248ada623","N"
"Chestnut Oak","Quercus montana","Delaware","New Castle","First State National Historical Park","","","This historical park incorporates many historical sites throughout Delaware. It also includes about 1,100 acres of woodland along Brandywine River with 200 acres of these acres being in Pennsylvania.","","232108","1","","","","Public - federal","133.9'","Clinometer/laser rangefinder/sine","8.1'","97''","","","George Fieo","2014-10-25","http%3A%2F%2Fwww.ents-bbs.org%2Fviewtopic.php%3Ff%3D71%26t%3D8643%26sid%3D3fdcc58b0d25adce7768d60248ada623","N"
"Chestnut Oak","Quercus montana","Delaware","New Castle","First State National Historical Park","","","This historical park incorporates many historical sites throughout Delaware. It also includes about 1,100 acres of woodland along Brandywine River with 200 acres of these acres being in Pennsylvania.","","232109","1","","","","Public - federal","139.6'","Clinometer/laser rangefinder/sine","7.2'","86''","","","George Fieo","2014-10-25","http%3A%2F%2Fwww.ents-bbs.org%2Fviewtopic.php%3Ff%3D71%26t%3D8643%26sid%3D3fdcc58b0d25adce7768d60248ada623","N"
"Flowering Dogwood","Cornus florida","Delaware","New Castle","First State National Historical Park","","","This historical park incorporates many historical sites throughout Delaware. It also includes about 1,100 acres of woodland along Brandywine River with 200 acres of these acres being in Pennsylvania.","","232110","1","","","","Public - federal","47.0'","Clinometer/laser rangefinder/sine","1.6'","19''","","","George Fieo","2014-10-25","http%3A%2F%2Fwww.ents-bbs.org%2Fviewtopic.php%3Ff%3D71%26t%3D8643%26sid%3D3fdcc58b0d25adce7768d60248ada623","N"
"Mockernut Hickory","Carya tomentosa","Delaware","New Castle","First State National Historical Park","","","This historical park incorporates many historical sites throughout Delaware. It also includes about 1,100 acres of woodland along Brandywine River with 200 acres of these acres being in Pennsylvania.","","232111","1","","","","Public - federal","126.5'","Clinometer/laser rangefinder/sine","6.0'","72''","","","George Fieo","2014-10-25","http%3A%2F%2Fwww.ents-bbs.org%2Fviewtopic.php%3Ff%3D71%26t%3D8643%26sid%3D3fdcc58b0d25adce7768d60248ada623","N"
"Northern Red Oak","Quercus rubra","Delaware","New Castle","First State National Historical Park","","","This historical park incorporates many historical sites throughout Delaware. It also includes about 1,100 acres of woodland along Brandywine River with 200 acres of these acres being in Pennsylvania.","","232112","1","","","","Public - federal","123.2'","Clinometer/laser rangefinder/sine","13.3'","160''","","","George Fieo","2014-10-25","http%3A%2F%2Fwww.ents-bbs.org%2Fviewtopic.php%3Ff%3D71%26t%3D8643%26sid%3D3fdcc58b0d25adce7768d60248ada623","N"
"Northern Red Oak","Quercus rubra","Delaware","New Castle","First State National Historical Park","","","This historical park incorporates many historical sites throughout Delaware. It also includes about 1,100 acres of woodland along Brandywine River with 200 acres of these acres being in Pennsylvania.","","232114","1","","","","Public - federal","133.7'","Clinometer/laser rangefinder/sine","11.8'","141''","","","George Fieo","2014-10-25","http%3A%2F%2Fwww.ents-bbs.org%2Fviewtopic.php%3Ff%3D71%26t%3D8643%26sid%3D3fdcc58b0d25adce7768d60248ada623","N"
"Northern Red Oak","Quercus rubra","Delaware","New Castle","First State National Historical Park","","","This historical park incorporates many historical sites throughout Delaware. It also includes about 1,100 acres of woodland along Brandywine River with 200 acres of these acres being in Pennsylvania.","","232113","1","","","","Public - federal","136.6'","Clinometer/laser rangefinder/sine","8.4'","101''","","","George Fieo","2014-10-25","http%3A%2F%2Fwww.ents-bbs.org%2Fviewtopic.php%3Ff%3D71%26t%3D8643%26sid%3D3fdcc58b0d25adce7768d60248ada623","N"
"Northern Red Oak","Quercus rubra","Delaware","New Castle","First State National Historical Park","","","This historical park incorporates many historical sites throughout Delaware. It also includes about 1,100 acres of woodland along Brandywine River with 200 acres of these acres being in Pennsylvania.","","232115","1","","","","Public - federal","137.0'","Clinometer/laser rangefinder/sine","9.9'","119''","","","George Fieo","2014-10-25","http%3A%2F%2Fwww.ents-bbs.org%2Fviewtopic.php%3Ff%3D71%26t%3D8643%26sid%3D3fdcc58b0d25adce7768d60248ada623","N"
"Northern Red Oak","Quercus rubra","Delaware","New Castle","First State National Historical Park","","","This historical park incorporates many historical sites throughout Delaware. It also includes about 1,100 acres of woodland along Brandywine River with 200 acres of these acres being in Pennsylvania.","","232116","1","","","","Public - federal","138.2'","Clinometer/laser rangefinder/sine","7.5'","90''","","","George Fieo","2014-10-25","http%3A%2F%2Fwww.ents-bbs.org%2Fviewtopic.php%3Ff%3D71%26t%3D8643%26sid%3D3fdcc58b0d25adce7768d60248ada623","N"
"Northern Red Oak","Quercus rubra","Delaware","New Castle","First State National Historical Park","","","This historical park incorporates many historical sites throughout Delaware. It also includes about 1,100 acres of woodland along Brandywine River with 200 acres of these acres being in Pennsylvania.","","232117","1","","","","Public - federal","139.5'","Clinometer/laser rangefinder/sine","10.2'","122''","","","George Fieo","2014-10-25","http%3A%2F%2Fwww.ents-bbs.org%2Fviewtopic.php%3Ff%3D71%26t%3D8643%26sid%3D3fdcc58b0d25adce7768d60248ada623","N"
"Northern Red Oak","Quercus rubra","Delaware","New Castle","First State National Historical Park","","","This historical park incorporates many historical sites throughout Delaware. It also includes about 1,100 acres of woodland along Brandywine River with 200 acres of these acres being in Pennsylvania.","","232118","1","","","","Public - federal","139.7'","Clinometer/laser rangefinder/sine","10.8'","130''","","","George Fieo","2014-10-25","http%3A%2F%2Fwww.ents-bbs.org%2Fviewtopic.php%3Ff%3D71%26t%3D8643%26sid%3D3fdcc58b0d25adce7768d60248ada623","N"
"Northern Red Oak","Quercus rubra","Delaware","New Castle","First State National Historical Park","","","This historical park incorporates many historical sites throughout Delaware. It also includes about 1,100 acres of woodland along Brandywine River with 200 acres of these acres being in Pennsylvania.","","232119","1","","","","Public - federal","143.5'","Clinometer/laser rangefinder/sine","8.1'","97''","","","George Fieo","2014-10-25","http%3A%2F%2Fwww.ents-bbs.org%2Fviewtopic.php%3Ff%3D71%26t%3D8643%26sid%3D3fdcc58b0d25adce7768d60248ada623","N"
"Pignut Hickory","Carya glabra","Delaware","New Castle","First State National Historical Park","","","This historical park incorporates many historical sites throughout Delaware. It also includes about 1,100 acres of woodland along Brandywine River with 200 acres of these acres being in Pennsylvania.","","232120","1","","","","Public - federal","127.4'","Clinometer/laser rangefinder/sine","9.5'","114''","","","George Fieo","2014-10-25","http%3A%2F%2Fwww.ents-bbs.org%2Fviewtopic.php%3Ff%3D71%26t%3D8643%26sid%3D3fdcc58b0d25adce7768d60248ada623","N"
"Pignut Hickory","Carya glabra","Delaware","New Castle","First State National Historical Park","","","This historical park incorporates many historical sites throughout Delaware. It also includes about 1,100 acres of woodland along Brandywine River with 200 acres of these acres being in Pennsylvania.","","232121","1","","","","Public - federal","140.8'","Clinometer/laser rangefinder/sine","7.0'","83''","","","George Fieo","2014-10-25","http%3A%2F%2Fwww.ents-bbs.org%2Fviewtopic.php%3Ff%3D71%26t%3D8643%26sid%3D3fdcc58b0d25adce7768d60248ada623","N"
"Pignut Hickory","Carya glabra","Delaware","New Castle","First State National Historical Park","","","This historical park incorporates many historical sites throughout Delaware. It also includes about 1,100 acres of woodland along Brandywine River with 200 acres of these acres being in Pennsylvania.","","232122","1","","","","Public - federal","143.0'","Clinometer/laser rangefinder/sine","9.4'","113''","","","George Fieo","2014-10-25","http%3A%2F%2Fwww.ents-bbs.org%2Fviewtopic.php%3Ff%3D71%26t%3D8643%26sid%3D3fdcc58b0d25adce7768d60248ada623","N"
"Red Maple","Acer rubrum","Delaware","New Castle","First State National Historical Park","","","This historical park incorporates many historical sites throughout Delaware. It also includes about 1,100 acres of woodland along Brandywine River with 200 acres of these acres being in Pennsylvania.","","232123","1","","","","Public - federal","105.9'","Clinometer/laser rangefinder/sine","8.7'","104''","","","George Fieo","2014-10-25","http%3A%2F%2Fwww.ents-bbs.org%2Fviewtopic.php%3Ff%3D71%26t%3D8643%26sid%3D3fdcc58b0d25adce7768d60248ada623","N"
"Red Maple","Acer rubrum","Delaware","New Castle","First State National Historical Park","","","This historical park incorporates many historical sites throughout Delaware. It also includes about 1,100 acres of woodland along Brandywine River with 200 acres of these acres being in Pennsylvania.","","232124","1","","","","Public - federal","121.1'","Clinometer/laser rangefinder/sine","4.4'","53''","","","George Fieo","2014-10-25","http%3A%2F%2Fwww.ents-bbs.org%2Fviewtopic.php%3Ff%3D71%26t%3D8643%26sid%3D3fdcc58b0d25adce7768d60248ada623","N"
"Red Maple","Acer rubrum","Delaware","New Castle","First State National Historical Park","","","This historical park incorporates many historical sites throughout Delaware. It also includes about 1,100 acres of woodland along Brandywine River with 200 acres of these acres being in Pennsylvania.","","232125","1","","","","Public - federal","126.4'","Clinometer/laser rangefinder/sine","7.4'","89''","","","George Fieo","2014-10-25","http%3A%2F%2Fwww.ents-bbs.org%2Fviewtopic.php%3Ff%3D71%26t%3D8643%26sid%3D3fdcc58b0d25adce7768d60248ada623","N"
"Sassafras","Sassafras albidum","Delaware","New Castle","First State National Historical Park","","","This historical park incorporates many historical sites throughout Delaware. It also includes about 1,100 acres of woodland along Brandywine River with 200 acres of these acres being in Pennsylvania.","","232126","1","","","","Public - federal","100.5'","Clinometer/laser rangefinder/sine","5.8'","70''","","","George Fieo","2014-10-25","http%3A%2F%2Fwww.ents-bbs.org%2Fviewtopic.php%3Ff%3D71%26t%3D8643%26sid%3D3fdcc58b0d25adce7768d60248ada623","N"
"Scarlet Oak","Quercus coccinea var. coccinea","Delaware","New Castle","First State National Historical Park","","","This historical park incorporates many historical sites throughout Delaware. It also includes about 1,100 acres of woodland along Brandywine River with 200 acres of these acres being in Pennsylvania.","","232127","1","","","","Public - federal","104.9'","Clinometer/laser rangefinder/sine","10.7'","128''","","","George Fieo","2014-10-25","http%3A%2F%2Fwww.ents-bbs.org%2Fviewtopic.php%3Ff%3D71%26t%3D8643%26sid%3D3fdcc58b0d25adce7768d60248ada623","N"
"Scarlet Oak","Quercus coccinea var. coccinea","Delaware","New Castle","First State National Historical Park","","","This historical park incorporates many historical sites throughout Delaware. It also includes about 1,100 acres of woodland along Brandywine River with 200 acres of these acres being in Pennsylvania.","","232128","1","","","","Public - federal","117.3'","Clinometer/laser rangefinder/sine","7.7'","92''","","","George Fieo","2014-10-25","http%3A%2F%2Fwww.ents-bbs.org%2Fviewtopic.php%3Ff%3D71%26t%3D8643%26sid%3D3fdcc58b0d25adce7768d60248ada623","N"
"Shagbark Hickory","Carya ovata","Delaware","New Castle","First State National Historical Park","","","This historical park incorporates many historical sites throughout Delaware. It also includes about 1,100 acres of woodland along Brandywine River with 200 acres of these acres being in Pennsylvania.","","232129","1","","","","Public - federal","135.4'","Clinometer/laser rangefinder/sine","7.8'","94''","","","George Fieo","2014-10-25","http%3A%2F%2Fwww.ents-bbs.org%2Fviewtopic.php%3Ff%3D71%26t%3D8643%26sid%3D3fdcc58b0d25adce7768d60248ada623","N"
"Tuliptree","Liriodendron tulipifera","Delaware","New Castle","First State National Historical Park","","","This historical park incorporates many historical sites throughout Delaware. It also includes about 1,100 acres of woodland along Brandywine River with 200 acres of these acres being in Pennsylvania.","","232134","1","","","","Public - federal","140.5'","Clinometer/laser rangefinder/sine","12.3'","148''","","","George Fieo","2014-10-25","http%3A%2F%2Fwww.ents-bbs.org%2Fviewtopic.php%3Ff%3D71%26t%3D8643%26sid%3D3fdcc58b0d25adce7768d60248ada623","N"
"Tuliptree","Liriodendron tulipifera","Delaware","New Castle","First State National Historical Park","","","This historical park incorporates many historical sites throughout Delaware. It also includes about 1,100 acres of woodland along Brandywine River with 200 acres of these acres being in Pennsylvania.","","232135","1","","","","Public - federal","141.7'","Clinometer/laser rangefinder/sine","13.5'","162''","","","George Fieo","2014-10-25","http%3A%2F%2Fwww.ents-bbs.org%2Fviewtopic.php%3Ff%3D71%26t%3D8643%26sid%3D3fdcc58b0d25adce7768d60248ada623","N"
"Tuliptree","Liriodendron tulipifera","Delaware","New Castle","First State National Historical Park","","","This historical park incorporates many historical sites throughout Delaware. It also includes about 1,100 acres of woodland along Brandywine River with 200 acres of these acres being in Pennsylvania.","","232136","1","","","","Public - federal","147.2'","Clinometer/laser rangefinder/sine","13.3'","159''","","","George Fieo","2014-10-25","http%3A%2F%2Fwww.ents-bbs.org%2Fviewtopic.php%3Ff%3D71%26t%3D8643%26sid%3D3fdcc58b0d25adce7768d60248ada623","N"
"Tuliptree","Liriodendron tulipifera","Delaware","New Castle","First State National Historical Park","","","This historical park incorporates many historical sites throughout Delaware. It also includes about 1,100 acres of woodland along Brandywine River with 200 acres of these acres being in Pennsylvania.","","232137","1","","","","Public - federal","150.1'","Clinometer/laser rangefinder/sine","11.5'","138''","","","George Fieo","2014-10-25","http%3A%2F%2Fwww.ents-bbs.org%2Fviewtopic.php%3Ff%3D71%26t%3D8643%26sid%3D3fdcc58b0d25adce7768d60248ada623","N"
"Tuliptree","Liriodendron tulipifera","Delaware","New Castle","First State National Historical Park","","","This historical park incorporates many historical sites throughout Delaware. It also includes about 1,100 acres of woodland along Brandywine River with 200 acres of these acres being in Pennsylvania.","","232138","1","","","","Public - federal","150.2'","Clinometer/laser rangefinder/sine","9.2'","110''","","","George Fieo","2014-10-25","http%3A%2F%2Fwww.ents-bbs.org%2Fviewtopic.php%3Ff%3D71%26t%3D8643%26sid%3D3fdcc58b0d25adce7768d60248ada623","N"
"Tuliptree","Liriodendron tulipifera","Delaware","New Castle","First State National Historical Park","","","This historical park incorporates many historical sites throughout Delaware. It also includes about 1,100 acres of woodland along Brandywine River with 200 acres of these acres being in Pennsylvania.","","232139","1","","","","Public - federal","150.4'","Clinometer/laser rangefinder/sine","7.2'","86''","","","George Fieo","2014-10-25","http%3A%2F%2Fwww.ents-bbs.org%2Fviewtopic.php%3Ff%3D71%26t%3D8643%26sid%3D3fdcc58b0d25adce7768d60248ada623","N"
"Tuliptree","Liriodendron tulipifera","Delaware","New Castle","First State National Historical Park","","","This historical park incorporates many historical sites throughout Delaware. It also includes about 1,100 acres of woodland along Brandywine River with 200 acres of these acres being in Pennsylvania.","","232140","1","","","","Public - federal","150.7'","Clinometer/laser rangefinder/sine","14.5'","174''","","","George Fieo","2014-10-25","http%3A%2F%2Fwww.ents-bbs.org%2Fviewtopic.php%3Ff%3D71%26t%3D8643%26sid%3D3fdcc58b0d25adce7768d60248ada623","N"
"Tuliptree","Liriodendron tulipifera","Delaware","New Castle","First State National Historical Park","","","This historical park incorporates many historical sites throughout Delaware. It also includes about 1,100 acres of woodland along Brandywine River with 200 acres of these acres being in Pennsylvania.","","232141","1","","","","Public - federal","151.1'","Clinometer/laser rangefinder/sine","10.9'","131''","","","George Fieo","2014-10-25","http%3A%2F%2Fwww.ents-bbs.org%2Fviewtopic.php%3Ff%3D71%26t%3D8643%26sid%3D3fdcc58b0d25adce7768d60248ada623","N"
"Tuliptree","Liriodendron tulipifera","Delaware","New Castle","First State National Historical Park","","","This historical park incorporates many historical sites throughout Delaware. It also includes about 1,100 acres of woodland along Brandywine River with 200 acres of these acres being in Pennsylvania.","","232142","1","","","","Public - federal","151.2'","Clinometer/laser rangefinder/sine","14.2'","170''","","","George Fieo","2014-10-25","http%3A%2F%2Fwww.ents-bbs.org%2Fviewtopic.php%3Ff%3D71%26t%3D8643%26sid%3D3fdcc58b0d25adce7768d60248ada623","N"
"Tuliptree","Liriodendron tulipifera","Delaware","New Castle","First State National Historical Park","","","This historical park incorporates many historical sites throughout Delaware. It also includes about 1,100 acres of woodland along Brandywine River with 200 acres of these acres being in Pennsylvania.","","232143","1","","","","Public - federal","151.2'","Clinometer/laser rangefinder/sine","14.6'","175''","","","George Fieo","2014-10-25","http%3A%2F%2Fwww.ents-bbs.org%2Fviewtopic.php%3Ff%3D71%26t%3D8643%26sid%3D3fdcc58b0d25adce7768d60248ada623","N"
"Tuliptree","Liriodendron tulipifera","Delaware","New Castle","First State National Historical Park","","","This historical park incorporates many historical sites throughout Delaware. It also includes about 1,100 acres of woodland along Brandywine River with 200 acres of these acres being in Pennsylvania.","","232144","1","","","","Public - federal","151.3'","Clinometer/laser rangefinder/sine","11.7'","140''","","","George Fieo","2014-10-25","http%3A%2F%2Fwww.ents-bbs.org%2Fviewtopic.php%3Ff%3D71%26t%3D8643%26sid%3D3fdcc58b0d25adce7768d60248ada623","N"
"Tuliptree","Liriodendron tulipifera","Delaware","New Castle","First State National Historical Park","","","This historical park incorporates many historical sites throughout Delaware. It also includes about 1,100 acres of woodland along Brandywine River with 200 acres of these acres being in Pennsylvania.","","232145","1","","","","Public - federal","151.6'","Clinometer/laser rangefinder/sine","11.2'","134''","","","George Fieo","2014-10-25","http%3A%2F%2Fwww.ents-bbs.org%2Fviewtopic.php%3Ff%3D71%26t%3D8643%26sid%3D3fdcc58b0d25adce7768d60248ada623","N"
"Tuliptree","Liriodendron tulipifera","Delaware","New Castle","First State National Historical Park","","","This historical park incorporates many historical sites throughout Delaware. It also includes about 1,100 acres of woodland along Brandywine River with 200 acres of these acres being in Pennsylvania.","","232146","1","","","","Public - federal","151.9'","Clinometer/laser rangefinder/sine","9.1'","109''","","","George Fieo","2014-10-25","http%3A%2F%2Fwww.ents-bbs.org%2Fviewtopic.php%3Ff%3D71%26t%3D8643%26sid%3D3fdcc58b0d25adce7768d60248ada623","N"
"Tuliptree","Liriodendron tulipifera","Delaware","New Castle","First State National Historical Park","","","This historical park incorporates many historical sites throughout Delaware. It also includes about 1,100 acres of woodland along Brandywine River with 200 acres of these acres being in Pennsylvania.","","232147","1","","","","Public - federal","152.6'","Clinometer/laser rangefinder/sine","9.7'","116''","","","George Fieo","2014-10-25","http%3A%2F%2Fwww.ents-bbs.org%2Fviewtopic.php%3Ff%3D71%26t%3D8643%26sid%3D3fdcc58b0d25adce7768d60248ada623","N"
"Tuliptree","Liriodendron tulipifera","Delaware","New Castle","First State National Historical Park","","","This historical park incorporates many historical sites throughout Delaware. It also includes about 1,100 acres of woodland along Brandywine River with 200 acres of these acres being in Pennsylvania.","","232148","1","","","","Public - federal","153.3'","Clinometer/laser rangefinder/sine","","","","","George Fieo","2014-10-25","http%3A%2F%2Fwww.ents-bbs.org%2Fviewtopic.php%3Ff%3D71%26t%3D8643%26sid%3D3fdcc58b0d25adce7768d60248ada623","N"
"Tuliptree","Liriodendron tulipifera","Delaware","New Castle","First State National Historical Park","","","This historical park incorporates many historical sites throughout Delaware. It also includes about 1,100 acres of woodland along Brandywine River with 200 acres of these acres being in Pennsylvania.","","232149","1","","","","Public - federal","153.4'","Clinometer/laser rangefinder/sine","18.6'","223''","","","George Fieo","2014-10-25","http%3A%2F%2Fwww.ents-bbs.org%2Fviewtopic.php%3Ff%3D71%26t%3D8643%26sid%3D3fdcc58b0d25adce7768d60248ada623","N"
"Tuliptree","Liriodendron tulipifera","Delaware","New Castle","First State National Historical Park","","","This historical park incorporates many historical sites throughout Delaware. It also includes about 1,100 acres of woodland along Brandywine River with 200 acres of these acres being in Pennsylvania.","","232150","1","","","","Public - federal","153.8'","Clinometer/laser rangefinder/sine","12.2'","146''","","","George Fieo","2014-10-25","http%3A%2F%2Fwww.ents-bbs.org%2Fviewtopic.php%3Ff%3D71%26t%3D8643%26sid%3D3fdcc58b0d25adce7768d60248ada623","N"
"Tuliptree","Liriodendron tulipifera","Delaware","New Castle","First State National Historical Park","","","This historical park incorporates many historical sites throughout Delaware. It also includes about 1,100 acres of woodland along Brandywine River with 200 acres of these acres being in Pennsylvania.","","232151","1","","","","Public - federal","154.0'","Clinometer/laser rangefinder/sine","12.8'","154''","","","George Fieo","2014-10-25","http%3A%2F%2Fwww.ents-bbs.org%2Fviewtopic.php%3Ff%3D71%26t%3D8643%26sid%3D3fdcc58b0d25adce7768d60248ada623","N"
"Tuliptree","Liriodendron tulipifera","Delaware","New Castle","First State National Historical Park","","","This historical park incorporates many historical sites throughout Delaware. It also includes about 1,100 acres of woodland along Brandywine River with 200 acres of these acres being in Pennsylvania.","","232152","1","","","","Public - federal","154.1'","Clinometer/laser rangefinder/sine","9.6'","115''","","","George Fieo","2014-10-25","http%3A%2F%2Fwww.ents-bbs.org%2Fviewtopic.php%3Ff%3D71%26t%3D8643%26sid%3D3fdcc58b0d25adce7768d60248ada623","N"
"Tuliptree","Liriodendron tulipifera","Delaware","New Castle","First State National Historical Park","","","This historical park incorporates many historical sites throughout Delaware. It also includes about 1,100 acres of woodland along Brandywine River with 200 acres of these acres being in Pennsylvania.","","232153","1","","","","Public - federal","154.4'","Clinometer/laser rangefinder/sine","9.9'","119''","","","George Fieo","2014-10-25","http%3A%2F%2Fwww.ents-bbs.org%2Fviewtopic.php%3Ff%3D71%26t%3D8643%26sid%3D3fdcc58b0d25adce7768d60248ada623","N"
"Tuliptree","Liriodendron tulipifera","Delaware","New Castle","First State National Historical Park","","","This historical park incorporates many historical sites throughout Delaware. It also includes about 1,100 acres of woodland along Brandywine River with 200 acres of these acres being in Pennsylvania.","","232154","1","","","","Public - federal","154.8'","Clinometer/laser rangefinder/sine","12.8'","154''","","","George Fieo","2014-10-25","http%3A%2F%2Fwww.ents-bbs.org%2Fviewtopic.php%3Ff%3D71%26t%3D8643%26sid%3D3fdcc58b0d25adce7768d60248ada623","N"
"Tuliptree","Liriodendron tulipifera","Delaware","New Castle","First State National Historical Park","","","This historical park incorporates many historical sites throughout Delaware. It also includes about 1,100 acres of woodland along Brandywine River with 200 acres of these acres being in Pennsylvania.","","232155","1","","","","Public - federal","155.4'","Clinometer/laser rangefinder/sine","11.6'","139''","","","George Fieo","2014-10-25","http%3A%2F%2Fwww.ents-bbs.org%2Fviewtopic.php%3Ff%3D71%26t%3D8643%26sid%3D3fdcc58b0d25adce7768d60248ada623","N"
"Tuliptree","Liriodendron tulipifera","Delaware","New Castle","First State National Historical Park","","","This historical park incorporates many historical sites throughout Delaware. It also includes about 1,100 acres of woodland along Brandywine River with 200 acres of these acres being in Pennsylvania.","","232156","1","","","","Public - federal","155.8'","Clinometer/laser rangefinder/sine","9.4'","113''","","","George Fieo","2014-10-25","http%3A%2F%2Fwww.ents-bbs.org%2Fviewtopic.php%3Ff%3D71%26t%3D8643%26sid%3D3fdcc58b0d25adce7768d60248ada623","N"
"Tuliptree","Liriodendron tulipifera","Delaware","New Castle","First State National Historical Park","","","This historical park incorporates many historical sites throughout Delaware. It also includes about 1,100 acres of woodland along Brandywine River with 200 acres of these acres being in Pennsylvania.","","232157","1","","","","Public - federal","158.1'","Clinometer/laser rangefinder/sine","11.4'","137''","","","George Fieo","2014-10-25","http%3A%2F%2Fwww.ents-bbs.org%2Fviewtopic.php%3Ff%3D71%26t%3D8643%26sid%3D3fdcc58b0d25adce7768d60248ada623","N"
"Tuliptree","Liriodendron tulipifera","Delaware","New Castle","First State National Historical Park","","","This historical park incorporates many historical sites throughout Delaware. It also includes about 1,100 acres of woodland along Brandywine River with 200 acres of these acres being in Pennsylvania.","","232158","1","","","","Public - federal","158.1'","Clinometer/laser rangefinder/sine","12.2'","146''","","","George Fieo","2014-10-25","http%3A%2F%2Fwww.ents-bbs.org%2Fviewtopic.php%3Ff%3D71%26t%3D8643%26sid%3D3fdcc58b0d25adce7768d60248ada623","N"
"Tuliptree","Liriodendron tulipifera","Delaware","New Castle","First State National Historical Park","","","This historical park incorporates many historical sites throughout Delaware. It also includes about 1,100 acres of woodland along Brandywine River with 200 acres of these acres being in Pennsylvania.","","232159","1","","","","Public - federal","158.6'","Clinometer/laser rangefinder/sine","8.2'","98''","","","George Fieo","2014-10-25","http%3A%2F%2Fwww.ents-bbs.org%2Fviewtopic.php%3Ff%3D71%26t%3D8643%26sid%3D3fdcc58b0d25adce7768d60248ada623","N"
"Tuliptree","Liriodendron tulipifera","Delaware","New Castle","First State National Historical Park","","","This historical park incorporates many historical sites throughout Delaware. It also includes about 1,100 acres of woodland along Brandywine River with 200 acres of these acres being in Pennsylvania.","","232160","1","","","","Public - federal","158.8'","Clinometer/laser rangefinder/sine","9.1'","109''","","","George Fieo","2014-10-25","http%3A%2F%2Fwww.ents-bbs.org%2Fviewtopic.php%3Ff%3D71%26t%3D8643%26sid%3D3fdcc58b0d25adce7768d60248ada623","N"
"Tuliptree","Liriodendron tulipifera","Delaware","New Castle","First State National Historical Park","","","This historical park incorporates many historical sites throughout Delaware. It also includes about 1,100 acres of woodland along Brandywine River with 200 acres of these acres being in Pennsylvania.","","232161","1","","","","Public - federal","159.3'","Clinometer/laser rangefinder/sine","8.7'","104''","","","George Fieo","2014-10-25","http%3A%2F%2Fwww.ents-bbs.org%2Fviewtopic.php%3Ff%3D71%26t%3D8643%26sid%3D3fdcc58b0d25adce7768d60248ada623","N"
"Tuliptree","Liriodendron tulipifera","Delaware","New Castle","First State National Historical Park","","","This historical park incorporates many historical sites throughout Delaware. It also includes about 1,100 acres of woodland along Brandywine River with 200 acres of these acres being in Pennsylvania.","","232162","1","","","","Public - federal","159.7'","Clinometer/laser rangefinder/sine","9.6'","115''","","","George Fieo","2014-10-25","http%3A%2F%2Fwww.ents-bbs.org%2Fviewtopic.php%3Ff%3D71%26t%3D8643%26sid%3D3fdcc58b0d25adce7768d60248ada623","N"
"Tuliptree","Liriodendron tulipifera","Delaware","New Castle","First State National Historical Park","","","This historical park incorporates many historical sites throughout Delaware. It also includes about 1,100 acres of woodland along Brandywine River with 200 acres of these acres being in Pennsylvania.","","232163","1","","","","Public - federal","160.6'","Clinometer/laser rangefinder/sine","11.8'","141''","","","George Fieo","2014-10-25","http%3A%2F%2Fwww.ents-bbs.org%2Fviewtopic.php%3Ff%3D71%26t%3D8643%26sid%3D3fdcc58b0d25adce7768d60248ada623","N"
"Tuliptree","Liriodendron tulipifera","Delaware","New Castle","First State National Historical Park","","","This historical park incorporates many historical sites throughout Delaware. It also includes about 1,100 acres of woodland along Brandywine River with 200 acres of these acres being in Pennsylvania.","","232164","1","","","","Public - federal","161.5'","Clinometer/laser rangefinder/sine","10.1'","121''","","","George Fieo","2014-10-25","http%3A%2F%2Fwww.ents-bbs.org%2Fviewtopic.php%3Ff%3D71%26t%3D8643%26sid%3D3fdcc58b0d25adce7768d60248ada623","N"
"Tuliptree","Liriodendron tulipifera","Delaware","New Castle","First State National Historical Park","","","This historical park incorporates many historical sites throughout Delaware. It also includes about 1,100 acres of woodland along Brandywine River with 200 acres of these acres being in Pennsylvania.","","232165","1","","","","Public - federal","161.7'","Clinometer/laser rangefinder/sine","11.8'","142''","","","George Fieo","2014-10-25","http%3A%2F%2Fwww.ents-bbs.org%2Fviewtopic.php%3Ff%3D71%26t%3D8643%26sid%3D3fdcc58b0d25adce7768d60248ada623","N"
"White Ash","Fraxinus americana","Delaware","New Castle","First State National Historical Park","","","This historical park incorporates many historical sites throughout Delaware. It also includes about 1,100 acres of woodland along Brandywine River with 200 acres of these acres being in Pennsylvania.","","232166","1","","","","Public - federal","104.9'","Clinometer/laser rangefinder/sine","12.6'","151''","","","George Fieo","2014-10-25","http%3A%2F%2Fwww.ents-bbs.org%2Fviewtopic.php%3Ff%3D71%26t%3D8643%26sid%3D3fdcc58b0d25adce7768d60248ada623","N"
"White Ash","Fraxinus americana","Delaware","New Castle","First State National Historical Park","","","This historical park incorporates many historical sites throughout Delaware. It also includes about 1,100 acres of woodland along Brandywine River with 200 acres of these acres being in Pennsylvania.","","232167","1","","","","Public - federal","120.0'","Clinometer/laser rangefinder/sine","10.2'","122''","","","George Fieo","2014-10-25","http%3A%2F%2Fwww.ents-bbs.org%2Fviewtopic.php%3Ff%3D71%26t%3D8643%26sid%3D3fdcc58b0d25adce7768d60248ada623","N"
"White Ash","Fraxinus americana","Delaware","New Castle","First State National Historical Park","","","This historical park incorporates many historical sites throughout Delaware. It also includes about 1,100 acres of woodland along Brandywine River with 200 acres of these acres being in Pennsylvania.","","232168","1","","","","Public - federal","126.5'","Clinometer/laser rangefinder/sine","7.2'","86''","","","George Fieo","2014-10-25","http%3A%2F%2Fwww.ents-bbs.org%2Fviewtopic.php%3Ff%3D71%26t%3D8643%26sid%3D3fdcc58b0d25adce7768d60248ada623","N"
"White Ash","Fraxinus americana","Delaware","New Castle","First State National Historical Park","","","This historical park incorporates many historical sites throughout Delaware. It also includes about 1,100 acres of woodland along Brandywine River with 200 acres of these acres being in Pennsylvania.","","232169","1","","","","Public - federal","126.9'","Clinometer/laser rangefinder/sine","6.7'","80''","","","George Fieo","2014-10-25","http%3A%2F%2Fwww.ents-bbs.org%2Fviewtopic.php%3Ff%3D71%26t%3D8643%26sid%3D3fdcc58b0d25adce7768d60248ada623","N"
"White Ash","Fraxinus americana","Delaware","New Castle","First State National Historical Park","","","This historical park incorporates many historical sites throughout Delaware. It also includes about 1,100 acres of woodland along Brandywine River with 200 acres of these acres being in Pennsylvania.","","232170","1","","","","Public - federal","128.8'","Clinometer/laser rangefinder/sine","8.8'","106''","","","George Fieo","2014-10-25","http%3A%2F%2Fwww.ents-bbs.org%2Fviewtopic.php%3Ff%3D71%26t%3D8643%26sid%3D3fdcc58b0d25adce7768d60248ada623","N"
"White Ash","Fraxinus americana","Delaware","New Castle","First State National Historical Park","","","This historical park incorporates many historical sites throughout Delaware. It also includes about 1,100 acres of woodland along Brandywine River with 200 acres of these acres being in Pennsylvania.","","232171","1","","","","Public - federal","131.6'","Clinometer/laser rangefinder/sine","8.1'","97''","","","George Fieo","2014-10-25","http%3A%2F%2Fwww.ents-bbs.org%2Fviewtopic.php%3Ff%3D71%26t%3D8643%26sid%3D3fdcc58b0d25adce7768d60248ada623","N"
"White Oak","Quercus alba","Delaware","New Castle","First State National Historical Park","","","This historical park incorporates many historical sites throughout Delaware. It also includes about 1,100 acres of woodland along Brandywine River with 200 acres of these acres being in Pennsylvania.","","232172","1","","","","Public - federal","124.2'","Clinometer/laser rangefinder/sine","5.8'","70''","","","George Fieo","2014-10-25","http%3A%2F%2Fwww.ents-bbs.org%2Fviewtopic.php%3Ff%3D71%26t%3D8643%26sid%3D3fdcc58b0d25adce7768d60248ada623","N"
"White Oak","Quercus alba","Delaware","New Castle","First State National Historical Park","","","This historical park incorporates many historical sites throughout Delaware. It also includes about 1,100 acres of woodland along Brandywine River with 200 acres of these acres being in Pennsylvania.","","232173","1","","","","Public - federal","125.9'","Clinometer/laser rangefinder/sine","8.9'","107''","","","George Fieo","2014-10-25","http%3A%2F%2Fwww.ents-bbs.org%2Fviewtopic.php%3Ff%3D71%26t%3D8643%26sid%3D3fdcc58b0d25adce7768d60248ada623","N"
"White Oak","Quercus alba","Delaware","New Castle","First State National Historical Park","","","This historical park incorporates many historical sites throughout Delaware. It also includes about 1,100 acres of woodland along Brandywine River with 200 acres of these acres being in Pennsylvania.","","232174","1","","","","Public - federal","126.9'","Clinometer/laser rangefinder/sine","9.5'","114''","","","George Fieo","2014-10-25","http%3A%2F%2Fwww.ents-bbs.org%2Fviewtopic.php%3Ff%3D71%26t%3D8643%26sid%3D3fdcc58b0d25adce7768d60248ada623","N"
"American Beech","Fagus grandifolia","Delaware","New Castle","Flint Woods {Reserve","","","37 Acres with additional acreage under conservation easement.","","232211","1","","","","Public - state","124.4'","Clinometer/laser rangefinder/sine","9.7'","116''","","","George Fieo","2014-11-19","http%3A%2F%2Fwww.ents-bbs.org%2Fviewtopic.php%3Ff%3D71%26t%3D8740%26sid%3D4b23d5b42476125c3d869ba89d4ef743","N"
"American Beech","Fagus grandifolia","Delaware","New Castle","Flint Woods {Reserve","","","37 Acres with additional acreage under conservation easement.","","232212","1","","","","Public - state","124.7'","Clinometer/laser rangefinder/sine","8.4'","101''","","","George Fieo","2014-11-19","http%3A%2F%2Fwww.ents-bbs.org%2Fviewtopic.php%3Ff%3D71%26t%3D8740%26sid%3D4b23d5b42476125c3d869ba89d4ef743","N"
"Black Oak","Quercus velutina","Delaware","New Castle","Flint Woods {Reserve","","","37 Acres with additional acreage under conservation easement.","","232215","1","","","","Public - state","135.6'","Clinometer/laser rangefinder/sine","8.8'","106''","","","George Fieo","2014-11-19","http%3A%2F%2Fwww.ents-bbs.org%2Fviewtopic.php%3Ff%3D71%26t%3D8740%26sid%3D4b23d5b42476125c3d869ba89d4ef743","N"
"Blackgum","Nyssa sylvatica","Delaware","New Castle","Flint Woods {Reserve","","","37 Acres with additional acreage under conservation easement.","","232213","1","","","","Public - state","114.3'","Clinometer/laser rangefinder/sine","7.1'","85''","","","George Fieo","2014-11-19","http%3A%2F%2Fwww.ents-bbs.org%2Fviewtopic.php%3Ff%3D71%26t%3D8740%26sid%3D4b23d5b42476125c3d869ba89d4ef743","N"
"Blackgum","Nyssa sylvatica","Delaware","New Castle","Flint Woods {Reserve","","","37 Acres with additional acreage under conservation easement.","","232214","1","","","","Public - state","116.9'","Clinometer/laser rangefinder/sine","5.9'","71''","","","George Fieo","2014-11-19","http%3A%2F%2Fwww.ents-bbs.org%2Fviewtopic.php%3Ff%3D71%26t%3D8740%26sid%3D4b23d5b42476125c3d869ba89d4ef743","N"
"Mockernut Hickory","Carya tomentosa","Delaware","New Castle","Flint Woods {Reserve","","","37 Acres with additional acreage under conservation easement.","","232216","1","","","","Public - state","122.8'","Clinometer/laser rangefinder/sine","6.3'","76''","","","George Fieo","2014-11-19","http%3A%2F%2Fwww.ents-bbs.org%2Fviewtopic.php%3Ff%3D71%26t%3D8740%26sid%3D4b23d5b42476125c3d869ba89d4ef743","N"
"Mockernut Hickory","Carya tomentosa","Delaware","New Castle","Flint Woods {Reserve","","","37 Acres with additional acreage under conservation easement.","","232217","1","","","","Public - state","131.7'","Clinometer/laser rangefinder/sine","5.3'","64''","","","George Fieo","2014-11-19","http%3A%2F%2Fwww.ents-bbs.org%2Fviewtopic.php%3Ff%3D71%26t%3D8740%26sid%3D4b23d5b42476125c3d869ba89d4ef743","N"
"Northern Red Oak","Quercus rubra","Delaware","New Castle","Flint Woods {Reserve","","","37 Acres with additional acreage under conservation easement.","","232220","1","","","","Public - state","123.6'","Clinometer/laser rangefinder/sine","13.6'","163''","","","George Fieo","2014-11-19","http%3A%2F%2Fwww.ents-bbs.org%2Fviewtopic.php%3Ff%3D71%26t%3D8740%26sid%3D4b23d5b42476125c3d869ba89d4ef743","N"
"Northern Red Oak","Quercus rubra","Delaware","New Castle","Flint Woods {Reserve","","","37 Acres with additional acreage under conservation easement.","","232221","1","","","","Public - state","128.3'","Clinometer/laser rangefinder/sine","12.2'","146''","","","George Fieo","2014-11-19","http%3A%2F%2Fwww.ents-bbs.org%2Fviewtopic.php%3Ff%3D71%26t%3D8740%26sid%3D4b23d5b42476125c3d869ba89d4ef743","N"
"Northern Red Oak","Quercus rubra","Delaware","New Castle","Flint Woods {Reserve","","","37 Acres with additional acreage under conservation easement.","","232222","1","","","","Public - state","133.1'","Clinometer/laser rangefinder/sine","12.2'","146''","","","George Fieo","2014-11-19","http%3A%2F%2Fwww.ents-bbs.org%2Fviewtopic.php%3Ff%3D71%26t%3D8740%26sid%3D4b23d5b42476125c3d869ba89d4ef743","N"
"Northern Red Oak","Quercus rubra","Delaware","New Castle","Flint Woods {Reserve","","","37 Acres with additional acreage under conservation easement.","","232218","1","","","","Public - state","140.9'","Clinometer/laser rangefinder/sine","","","","","George Fieo","2014-11-19","http%3A%2F%2Fwww.ents-bbs.org%2Fviewtopic.php%3Ff%3D71%26t%3D8740%26sid%3D4b23d5b42476125c3d869ba89d4ef743","N"
"Northern Red Oak","Quercus rubra","Delaware","New Castle","Flint Woods {Reserve","","","37 Acres with additional acreage under conservation easement.","","232219","1","","","","Public - state","150.1'","Clinometer/laser rangefinder/sine","","","","","George Fieo","2014-11-19","http%3A%2F%2Fwww.ents-bbs.org%2Fviewtopic.php%3Ff%3D71%26t%3D8740%26sid%3D4b23d5b42476125c3d869ba89d4ef743","N"
"Pignut Hickory","Carya glabra","Delaware","New Castle","Flint Woods {Reserve","","","37 Acres with additional acreage under conservation easement.","","232223","1","","","","Public - state","131.2'","Clinometer/laser rangefinder/sine","7.1'","85''","","","George Fieo","2014-11-19","http%3A%2F%2Fwww.ents-bbs.org%2Fviewtopic.php%3Ff%3D71%26t%3D8740%26sid%3D4b23d5b42476125c3d869ba89d4ef743","N"
"Scarlet Oak","Quercus coccinea var. coccinea","Delaware","New Castle","Flint Woods {Reserve","","","37 Acres with additional acreage under conservation easement.","","232224","1","","","","Public - state","119.6'","Clinometer/laser rangefinder/sine","10.6'","127''","","","George Fieo","2014-11-19","http%3A%2F%2Fwww.ents-bbs.org%2Fviewtopic.php%3Ff%3D71%26t%3D8740%26sid%3D4b23d5b42476125c3d869ba89d4ef743","N"
"Scarlet Oak","Quercus coccinea var. coccinea","Delaware","New Castle","Flint Woods {Reserve","","","37 Acres with additional acreage under conservation easement.","","232236","1","","","","Public - state","128.2'","Clinometer/laser rangefinder/sine","12.3'","148''","","","George Fieo","2014-11-19","http%3A%2F%2Fwww.ents-bbs.org%2Fviewtopic.php%3Ff%3D71%26t%3D8740%26sid%3D4b23d5b42476125c3d869ba89d4ef743","N"
"Tuliptree","Liriodendron tulipifera","Delaware","New Castle","Flint Woods {Reserve","","","37 Acres with additional acreage under conservation easement.","","232228","1","","","","Public - state","12.3'","Clinometer/laser rangefinder/sine","10.3'","123''","","","George Fieo","2014-11-19","http%3A%2F%2Fwww.ents-bbs.org%2Fviewtopic.php%3Ff%3D71%26t%3D8740%26sid%3D4b23d5b42476125c3d869ba89d4ef743","N"
"Tuliptree","Liriodendron tulipifera","Delaware","New Castle","Flint Woods {Reserve","","","37 Acres with additional acreage under conservation easement.","","232225","1","","","","Public - state","142.8'","Clinometer/laser rangefinder/sine","9.4'","113''","","","George Fieo","2014-11-19","http%3A%2F%2Fwww.ents-bbs.org%2Fviewtopic.php%3Ff%3D71%26t%3D8740%26sid%3D4b23d5b42476125c3d869ba89d4ef743","N"
"Tuliptree","Liriodendron tulipifera","Delaware","New Castle","Flint Woods {Reserve","","","37 Acres with additional acreage under conservation easement.","","232237","1","","","","Public - state","143.1'","Clinometer/laser rangefinder/sine","12.5'","150''","","","George Fieo","2014-11-19","http%3A%2F%2Fwww.ents-bbs.org%2Fviewtopic.php%3Ff%3D71%26t%3D8740%26sid%3D4b23d5b42476125c3d869ba89d4ef743","N"
"Tuliptree","Liriodendron tulipifera","Delaware","New Castle","Flint Woods {Reserve","","","37 Acres with additional acreage under conservation easement.","","232238","1","","","","Public - state","143.2'","Clinometer/laser rangefinder/sine","13.0'","156''","","","George Fieo","2014-11-19","http%3A%2F%2Fwww.ents-bbs.org%2Fviewtopic.php%3Ff%3D71%26t%3D8740%26sid%3D4b23d5b42476125c3d869ba89d4ef743","N"
"Tuliptree","Liriodendron tulipifera","Delaware","New Castle","Flint Woods {Reserve","","","37 Acres with additional acreage under conservation easement.","","232226","1","","","","Public - state","143.7'","Clinometer/laser rangefinder/sine","","","","","George Fieo","2014-11-19","http%3A%2F%2Fwww.ents-bbs.org%2Fviewtopic.php%3Ff%3D71%26t%3D8740%26sid%3D4b23d5b42476125c3d869ba89d4ef743","N"
"Tuliptree","Liriodendron tulipifera","Delaware","New Castle","Flint Woods {Reserve","","","37 Acres with additional acreage under conservation easement.","","232227","1","","","","Public - state","145.1'","Clinometer/laser rangefinder/sine","8.3'","100''","","","George Fieo","2014-11-19","http%3A%2F%2Fwww.ents-bbs.org%2Fviewtopic.php%3Ff%3D71%26t%3D8740%26sid%3D4b23d5b42476125c3d869ba89d4ef743","N"
"Tuliptree","Liriodendron tulipifera","Delaware","New Castle","Flint Woods {Reserve","","","37 Acres with additional acreage under conservation easement.","","232229","1","","","","Public - state","149.3'","Clinometer/laser rangefinder/sine","10.7'","128''","","","George Fieo","2014-11-19","http%3A%2F%2Fwww.ents-bbs.org%2Fviewtopic.php%3Ff%3D71%26t%3D8740%26sid%3D4b23d5b42476125c3d869ba89d4ef743","N"
"Tuliptree","Liriodendron tulipifera","Delaware","New Castle","Flint Woods {Reserve","","","37 Acres with additional acreage under conservation easement.","","232230","1","","","","Public - state","152.2'","Clinometer/laser rangefinder/sine","11.6'","139''","","","George Fieo","2014-11-19","http%3A%2F%2Fwww.ents-bbs.org%2Fviewtopic.php%3Ff%3D71%26t%3D8740%26sid%3D4b23d5b42476125c3d869ba89d4ef743","N"
"White Oak","Quercus alba","Delaware","New Castle","Flint Woods {Reserve","","","37 Acres with additional acreage under conservation easement.","","232232","1","","","","Public - state","119.2'","Clinometer/laser rangefinder/sine","9.0'","108''","","","George Fieo","2014-11-19","http%3A%2F%2Fwww.ents-bbs.org%2Fviewtopic.php%3Ff%3D71%26t%3D8740%26sid%3D4b23d5b42476125c3d869ba89d4ef743","N"
"White Oak","Quercus alba","Delaware","New Castle","Flint Woods {Reserve","","","37 Acres with additional acreage under conservation easement.","","232231","1","","","","Public - state","122.4'","Clinometer/laser rangefinder/sine","","","","","George Fieo","2014-11-19","http%3A%2F%2Fwww.ents-bbs.org%2Fviewtopic.php%3Ff%3D71%26t%3D8740%26sid%3D4b23d5b42476125c3d869ba89d4ef743","N"
"White Oak","Quercus alba","Delaware","New Castle","Flint Woods {Reserve","","","37 Acres with additional acreage under conservation easement.","","232233","1","","","","Public - state","122.7'","Clinometer/laser rangefinder/sine","9.1'","109''","","","George Fieo","2014-11-19","http%3A%2F%2Fwww.ents-bbs.org%2Fviewtopic.php%3Ff%3D71%26t%3D8740%26sid%3D4b23d5b42476125c3d869ba89d4ef743","N"
"White Oak","Quercus alba","Delaware","New Castle","Flint Woods {Reserve","","","37 Acres with additional acreage under conservation easement.","","232234","1","","","","Public - state","122.9'","Clinometer/laser rangefinder/sine","11.8'","142''","","","George Fieo","2014-11-19","http%3A%2F%2Fwww.ents-bbs.org%2Fviewtopic.php%3Ff%3D71%26t%3D8740%26sid%3D4b23d5b42476125c3d869ba89d4ef743","N"
"White Oak","Quercus alba","Delaware","New Castle","Flint Woods {Reserve","","","37 Acres with additional acreage under conservation easement.","","232235","1","","","","Public - state","133.3'","Clinometer/laser rangefinder/sine","","","","","George Fieo","2014-11-19","http%3A%2F%2Fwww.ents-bbs.org%2Fviewtopic.php%3Ff%3D71%26t%3D8740%26sid%3D4b23d5b42476125c3d869ba89d4ef743","N"
"American Witchhazel","Hamamelis virginiana","Delaware","New Castle","Hagley Museum","","","Site of the original Dupont Powder Works along Brandywine Creek","","75453","1","","","","Private","27.0'","Clinometer/laser rangefinder/sine","2.1'","25''","","","Scott Wade, Meg Varnes","2007-02-21","http%3A%2F%2Fwww.nativetreesociety.org%2Ffieldtrips%2Fdelaware%2Frockwood%2Fdelaware_trees.htm","N"
"Black Walnut","Juglans nigra","Delaware","New Castle","Hagley Museum","","","Site of the original Dupont Powder Works along Brandywine Creek","","75452","1","","","","Private","85.0'","Clinometer/laser rangefinder/sine","10.0'","120''","","","Scott Wade, Meg Varnes","2007-02-21","http%3A%2F%2Fwww.nativetreesociety.org%2Ffieldtrips%2Fdelaware%2Frockwood%2Fdelaware_trees.htm","N"
"Dupont's Buckeye","Aesculus x worlitzensis","Delaware","New Castle","Hagley Museum","","","Site of the original Dupont Powder Works along Brandywine Creek","","75451","1","","","","Private","77.0'","Clinometer/laser rangefinder/sine","11.7'","140''","","Believed to be cross between A. flava x (A. pavia x A. syllvatica)","Scott Wade, Meg Varnes","2007-02-21","http%3A%2F%2Fwww.nativetreesociety.org%2Ffieldtrips%2Fdelaware%2Frockwood%2Fdelaware_trees.htm","N"
"Osage Orange","Maclura pomifera","Delaware","New Castle","Hagley Museum","","","Site of the original Dupont Powder Works along Brandywine Creek","","75455","1","","","","Private","68.9'","Clinometer/laser rangefinder/sine","","","","CBH 302"" but from a picture tree appears to be a fused multistem","Scott Wade, Meg Varnes","2007-02-21","http%3A%2F%2Fwww.nativetreesociety.org%2Ffieldtrips%2Fdelaware%2Frockwood%2Fdelaware_trees.htm","N"
"Sugar Maple","Acer saccharum var. saccharum","Delaware","New Castle","Hagley Museum","","","Site of the original Dupont Powder Works along Brandywine Creek","","75450","1","","","","Private","87.2'","Clinometer/laser rangefinder/sine","13.1'","157''","","","Scott Wade, Meg Varnes","2007-02-21","http%3A%2F%2Fwww.nativetreesociety.org%2Ffieldtrips%2Fdelaware%2Frockwood%2Fdelaware_trees.htm","N"
"White Ash","Fraxinus americana","Delaware","New Castle","Hagley Museum","39 46.457","-075 34.715","Site of the original Dupont Powder Works along Brandywine Creek","","75449","1","39 46.457","-075 34.715","","Private","136.2'","Clinometer/laser rangefinder/sine","13.8'","166''","","","Scott Wade, Meg Varnes","2007-02-21","http%3A%2F%2Fwww.nativetreesociety.org%2Ffieldtrips%2Fdelaware%2Frockwood%2Fdelaware_trees.htm","N"
"Yellow Buckeye","Aesculus flava","Delaware","New Castle","Hagley Museum","","","Site of the original Dupont Powder Works along Brandywine Creek","","75454","1","","","","Private","88.0'","Clinometer/laser rangefinder/sine","10.3'","124''","","","Scott Wade, Meg Varnes","2007-02-21","http%3A%2F%2Fwww.nativetreesociety.org%2Ffieldtrips%2Fdelaware%2Frockwood%2Fdelaware_trees.htm","N"
"American Basswood","Tilia americana","Delaware","New Castle","Rockwood Park","","","","","75462","1","","","","Public - County Park","72.2'","Clinometer/laser rangefinder/sine","","","","13.8' CBH but from pictures it appears the tree is multi-stem","Scott Wade, Meg Varnes","2007-02-21","http%3A%2F%2Fwww.nativetreesociety.org%2Ffieldtrips%2Fdelaware%2Frockwood%2Fdelaware_trees.htm","N"
"American Elm","Ulmus americana","Delaware","New Castle","Rockwood Park","","","","","75457","1","","","","Public - County Park","82.6'","Clinometer/laser rangefinder/sine","12.9'","155''","","","Scott Wade, Meg Varnes","2007-02-21","http%3A%2F%2Fwww.nativetreesociety.org%2Ffieldtrips%2Fdelaware%2Frockwood%2Fdelaware_trees.htm","N"
"Atlas Cedar","Cedrus atlantica","Delaware","New Castle","Rockwood Park","","","","","75465","1","","","","Public - County Park","61.9'","Clinometer/laser rangefinder/sine","11.0'","132''","","","Scott Wade, Meg Varnes","2007-02-21","http%3A%2F%2Fwww.nativetreesociety.org%2Ffieldtrips%2Fdelaware%2Frockwood%2Fdelaware_trees.htm","N"
"Bigleaf Magnolia","Magnolia macrophylla","Delaware","New Castle","Rockwood Park","","","","","75459","1","","","","Public - County Park","60.3'","Clinometer/laser rangefinder/sine","7.5'","90''","","","Scott Wade, Meg Varnes","2007-02-21","http%3A%2F%2Fwww.nativetreesociety.org%2Ffieldtrips%2Fdelaware%2Frockwood%2Fdelaware_trees.htm","N"
"Blackgum","Nyssa sylvatica","Delaware","New Castle","Rockwood Park","39 46.310","-075 31.322","","","75458","1","39 46.310","-075 31.322","","Public - County Park","80.4'","Clinometer/laser rangefinder/sine","12.9'","155''","","","Scott Wade, Meg Varnes","2007-02-21","http%3A%2F%2Fwww.nativetreesociety.org%2Ffieldtrips%2Fdelaware%2Frockwood%2Fdelaware_trees.htm","N"
"Blackhaw","Viburnum prunifolium","Delaware","New Castle","Rockwood Park","","","","","75460","1","","","","Public - County Park","29.4'","Clinometer/laser rangefinder/sine","3.5'","42''","","Circumference taken at 2 1/2'","Scott Wade, Meg Varnes","2007-02-21","http%3A%2F%2Fwww.nativetreesociety.org%2Ffieldtrips%2Fdelaware%2Frockwood%2Fdelaware_trees.htm","N"
"Eastern Hemlock","Tsuga canadensis","Delaware","New Castle","Rockwood Park","","","","","75456","1","","","","Public - County Park","83.1'","Clinometer/laser rangefinder/sine","11.0'","132''","","","Scott Wade, Meg Varnes","2007-02-21","http%3A%2F%2Fwww.nativetreesociety.org%2Ffieldtrips%2Fdelaware%2Frockwood%2Fdelaware_trees.htm","N"
"European Beech","Fagus sylvatica","Delaware","New Castle","Rockwood Park","","","","","75461","1","","","","Public - County Park","59.9'","Clinometer/laser rangefinder/sine","9.8'","118''","","Tree is a weeping form","Scott Wade, Meg Varnes","2007-02-21","http%3A%2F%2Fwww.nativetreesociety.org%2Ffieldtrips%2Fdelaware%2Frockwood%2Fdelaware_trees.htm","N"
"European Larch","Larix decidua","Delaware","New Castle","Rockwood Park","","","","","75464","1","","","","Public - County Park","78.0'","Clinometer/laser rangefinder/sine","7.6'","91''","","","Scott Wade, Meg Varnes","2007-02-21","http%3A%2F%2Fwww.nativetreesociety.org%2Ffieldtrips%2Fdelaware%2Frockwood%2Fdelaware_trees.htm","N"
"Tuliptree","Liriodendron tulipifera","Delaware","New Castle","Rockwood Park","","","","","75463","1","","","","Public - County Park","128.3'","Clinometer/laser rangefinder/sine","12.3'","148''","","","Scott Wade, Meg Varnes","2007-02-21","http%3A%2F%2Fwww.nativetreesociety.org%2Ffieldtrips%2Fdelaware%2Frockwood%2Fdelaware_trees.htm","N"
"American Sycamore","Platanus occidentalis","Delaware","New Castle","Valley Garden Park","","","","","231141","1","","","","Public - state","117.7'","Clinometer/laser rangefinder/sine","19.0'","228''","","","George Fieo","2014-11-14","http%3A%2F%2Fwww.ents-bbs.org%2Fviewtopic.php%3Ff%3D71%26t%3D8739%26sid%3D264949d81256c7e1aa45b2ce767588b4%23p44609","N"
"Black Oak","Quercus velutina","Delaware","New Castle","Valley Garden Park","","","","","231137","1","","","","Public - state","126.3'","Clinometer/laser rangefinder/sine","11.3'","135''","","","George Fieo","2014-11-14","http%3A%2F%2Fwww.ents-bbs.org%2Fviewtopic.php%3Ff%3D71%26t%3D8739%26sid%3D264949d81256c7e1aa45b2ce767588b4%23p44609","N"
"Black Oak","Quercus velutina","Delaware","New Castle","Valley Garden Park","","","","","231138","1","","","","Public - state","132.6'","Clinometer/laser rangefinder/sine","7.4'","89''","","","George Fieo","2014-11-14","http%3A%2F%2Fwww.ents-bbs.org%2Fviewtopic.php%3Ff%3D71%26t%3D8739%26sid%3D264949d81256c7e1aa45b2ce767588b4%23p44609","N"
"Black Oak","Quercus velutina","Delaware","New Castle","Valley Garden Park","","","","","231139","1","","","","Public - state","133.0'","Clinometer/laser rangefinder/sine","8.5'","102''","","","George Fieo","2014-11-14","http%3A%2F%2Fwww.ents-bbs.org%2Fviewtopic.php%3Ff%3D71%26t%3D8739%26sid%3D264949d81256c7e1aa45b2ce767588b4%23p44609","N"
"Dawn Redwood","Metasequoia glyptostroboides","Delaware","New Castle","Valley Garden Park","","","","","231140","1","","","","Public - state","93.8'","Clinometer/laser rangefinder/sine","10.4'","125''","","","George Fieo","2014-11-14","http%3A%2F%2Fwww.ents-bbs.org%2Fviewtopic.php%3Ff%3D71%26t%3D8739%26sid%3D264949d81256c7e1aa45b2ce767588b4%23p44609","N"
"Hybrid Oak","Quercus x saulii","Delaware","New Castle","Valley Garden Park","","","","","231145","1","","","","Public - state","124.2'","Clinometer/laser rangefinder/sine","11.0'","132''","","","George Fieo","2014-11-14","http%3A%2F%2Fwww.ents-bbs.org%2Fviewtopic.php%3Ff%3D71%26t%3D8739%26sid%3D264949d81256c7e1aa45b2ce767588b4%23p44609","N"
"Tuliptree","Liriodendron tulipifera","Delaware","New Castle","Valley Garden Park","","","","","231143","1","","","","Public - state","12.3'","Clinometer/laser rangefinder/sine","","","","","George Fieo","2014-11-14","http%3A%2F%2Fwww.ents-bbs.org%2Fviewtopic.php%3Ff%3D71%26t%3D8739%26sid%3D264949d81256c7e1aa45b2ce767588b4%23p44609","N"
"Tuliptree","Liriodendron tulipifera","Delaware","New Castle","Valley Garden Park","","","","","231142","1","","","","Public - state","132.2'","Clinometer/laser rangefinder/sine","15.5'","186''","","","George Fieo","2014-11-14","http%3A%2F%2Fwww.ents-bbs.org%2Fviewtopic.php%3Ff%3D71%26t%3D8739%26sid%3D264949d81256c7e1aa45b2ce767588b4%23p44609","N"
"Tuliptree","Liriodendron tulipifera","Delaware","New Castle","Valley Garden Park","","","","","231144","1","","","","Public - state","150.4'","Clinometer/laser rangefinder/sine","","","","","George Fieo","2014-11-14","http%3A%2F%2Fwww.ents-bbs.org%2Fviewtopic.php%3Ff%3D71%26t%3D8739%26sid%3D264949d81256c7e1aa45b2ce767588b4%23p44609","N"
"American Beech","Fagus grandifolia","Delaware","New Castle","Winterthur","","","","","140149","1","","","","Private","130.7'","Clinometer/laser rangefinder/sine","10.1'","121''","","","Will Blozan, George Fieo, Scott Wade","2010-09-10","http%3A%2F%2Fwww.ents-bbs.org%2Fviewtopic.php%3Ff%3D71%26t%3D6420%23p29114","N"
"American Beech","Fagus grandifolia","Delaware","New Castle","Winterthur","","","","","140148","1","","","","Private","138.2'","Clinometer/laser rangefinder/sine","7.1'","85''","","","Will Blozan, George Fieo, Scott Wade","2010-09-10","http%3A%2F%2Fwww.ents-bbs.org%2Fviewtopic.php%3Ff%3D71%26t%3D6420%23p29114","N"
"American Holly","Ilex opaca var. opaca","Delaware","New Castle","Winterthur","","","","","140161","1","","","","Private","67.6'","Clinometer/laser rangefinder/sine","2.0'","24''","","","Will Blozan, George Fieo, Scott Wade","2010-09-10","http%3A%2F%2Fwww.ents-bbs.org%2Fviewtopic.php%3Ff%3D71%26t%3D6420%23p29114","N"
"American Sycamore","Platanus occidentalis","Delaware","New Castle","Winterthur","","","","","140157","1","","","","Private","","Clinometer/laser rangefinder/sine","19.0'","228''","130.0'","Girth is ""not less than"" (ntl)","Will Blozan, George Fieo, Scott Wade","2010-09-10","http%3A%2F%2Fwww.ents-bbs.org%2Fviewtopic.php%3Ff%3D71%26t%3D6420%23p29114","N"
"American Sycamore","Platanus occidentalis","Delaware","New Castle","Winterthur","","","","","168615","1","","","380.0 ft","Private","90.0'","Clinometer/laser rangefinder/sine","19.3'","232''","115.0'","","John Harvey","2014-06-14","http%3A%2F%2Fwww.ents-bbs.org%2Fviewtopic.php%3Ff%3D71%26t%3D6420%23p29114","N"
"Black Oak","Quercus velutina","Delaware","New Castle","Winterthur","","","","","140151","1","","","","Private","130.6'","Clinometer/laser rangefinder/sine","","","","","Will Blozan, George Fieo, Scott Wade","2010-09-10","http%3A%2F%2Fwww.ents-bbs.org%2Fviewtopic.php%3Ff%3D71%26t%3D6420%23p29114","N"
"Black Walnut","Juglans nigra","Delaware","New Castle","Winterthur","","","","","140158","1","","","","Private","103.7'","Clinometer/laser rangefinder/sine","4.9'","59''","","","Will Blozan, George Fieo, Scott Wade","2010-09-10","http%3A%2F%2Fwww.ents-bbs.org%2Fviewtopic.php%3Ff%3D71%26t%3D6420%23p29114","N"
"Blackgum","Nyssa sylvatica","Delaware","New Castle","Winterthur","","","","","140154","1","","","","Private","121.6'","Clinometer/laser rangefinder/sine","8.4'","101''","","","Will Blozan, George Fieo, Scott Wade","2010-09-10","http%3A%2F%2Fwww.ents-bbs.org%2Fviewtopic.php%3Ff%3D71%26t%3D6420%23p29114","N"
"Dawn Redwood","Metasequoia glyptostroboides","Delaware","New Castle","Winterthur","","","","","140156","1","","","","Private","105.9'","Clinometer/laser rangefinder/sine","16.6'","199''","","","Will Blozan, George Fieo, Scott Wade","2010-09-10","http%3A%2F%2Fwww.ents-bbs.org%2Fviewtopic.php%3Ff%3D71%26t%3D6420%23p29114","N"
"Northern Red Oak","Quercus rubra var. rubra","Delaware","New Castle","Winterthur","","","","","140146","1","","","","Private","140.4'","Clinometer/laser rangefinder/sine","7.8'","93''","","","Will Blozan, George Fieo, Scott Wade","2010-09-10","http%3A%2F%2Fwww.ents-bbs.org%2Fviewtopic.php%3Ff%3D71%26t%3D6420%23p29114","N"
"Northern Red Oak","Quercus rubra var. rubra","Delaware","New Castle","Winterthur","","","","","140147","1","","","","Private","140.7'","Clinometer/laser rangefinder/sine","7.5'","90''","","","Will Blozan, George Fieo, Scott Wade","2010-09-10","http%3A%2F%2Fwww.ents-bbs.org%2Fviewtopic.php%3Ff%3D71%26t%3D6420%23p29114","N"
"Pignut Hickory","Carya glabra","Delaware","New Castle","Winterthur","","","","","140145","1","","","","Private","135.0'","Clinometer/laser rangefinder/sine","10.1'","121''","65.0'","","Will Blozan, George Fieo, Scott Wade","2010-09-10","http%3A%2F%2Fwww.ents-bbs.org%2Fviewtopic.php%3Ff%3D71%26t%3D6420%23p29114","N"
"Pignut Hickory","Carya glabra","Delaware","New Castle","Winterthur","","","","","140144","1","","","","Private","144.0'","Clinometer/laser rangefinder/sine","8.0'","96''","","","Will Blozan, George Fieo, Scott Wade","2010-09-10","http%3A%2F%2Fwww.ents-bbs.org%2Fviewtopic.php%3Ff%3D71%26t%3D6420%23p29114","N"
"Scarlet Oak","Quercus coccinea","Delaware","New Castle","Winterthur","","","","","140153","1","","","","Private","122.6'","Clinometer/laser rangefinder/sine","9.8'","117''","","","Will Blozan, George Fieo, Scott Wade","2010-09-10","http%3A%2F%2Fwww.ents-bbs.org%2Fviewtopic.php%3Ff%3D71%26t%3D6420%23p29114","N"
"Sweet Birch","Betula lenta","Delaware","New Castle","Winterthur","","","","","140159","1","","","","Private","90.0'","Clinometer/laser rangefinder/sine","7.2'","86''","44.0'","","Will Blozan, George Fieo, Scott Wade","2010-09-10","http%3A%2F%2Fwww.ents-bbs.org%2Fviewtopic.php%3Ff%3D71%26t%3D6420%23p29114","N"
"Sweetgum","Liquidambar styraciflua","Delaware","New Castle","Winterthur","","","","","140152","1","","","","Private","122.7'","Clinometer/laser rangefinder/sine","","","","","Will Blozan, George Fieo, Scott Wade","2010-09-10","http%3A%2F%2Fwww.ents-bbs.org%2Fviewtopic.php%3Ff%3D71%26t%3D6420%23p29114","N"
"Tiger-Tail Spruce","Picea torano","Delaware","New Castle","Winterthur","39 48.472","-075 35.835","","","140160","1","39 48.472","-075 35.835","","Private","83.2'","Clinometer/laser rangefinder/sine","8.5'","102''","","","Will Blozan, George Fieo, Scott Wade","2010-09-10","http%3A%2F%2Fwww.ents-bbs.org%2Fviewtopic.php%3Ff%3D71%26t%3D6420%23p29114","N"
"Tuliptree","Liriodendron tulipifera","Delaware","New Castle","Winterthur","","","","","168617","1","","","380.0 ft","Private","127.0'","Clinometer/laser rangefinder/sine","17.9'","215''","80.0'","","John Harvey","2014-06-14","http%3A%2F%2Fwww.ents-bbs.org%2Fviewtopic.php%3Ff%3D71%26t%3D6420%23p29114","N"
"Tuliptree","Liriodendron tulipifera","Delaware","New Castle","Winterthur","","","","","168628","1","","","380.0 ft","Private","127.6'","Clinometer/laser rangefinder/sine","15.6'","187''","","","Mike Dunn","2009-01-25","http%3A%2F%2Fwww.ents-bbs.org%2Fviewtopic.php%3Ff%3D71%26t%3D6420%23p29114","N"
"Tuliptree","Liriodendron tulipifera","Delaware","New Castle","Winterthur","","","","","168627","1","","","380.0 ft","Private","130.8'","Clinometer/laser rangefinder/sine","","","","","Mike Dunn","2009-01-25","http%3A%2F%2Fwww.ents-bbs.org%2Fviewtopic.php%3Ff%3D71%26t%3D6420%23p29114","N"
"Tuliptree","Liriodendron tulipifera","Delaware","New Castle","Winterthur","","","","","168626","1","","","380.0 ft","Private","131.2'","Clinometer/laser rangefinder/sine","","","","","Mike Dunn","2009-01-25","http%3A%2F%2Fwww.ents-bbs.org%2Fviewtopic.php%3Ff%3D71%26t%3D6420%23p29114","N"
"Tuliptree","Liriodendron tulipifera","Delaware","New Castle","Winterthur","","","","","168625","1","","","380.0 ft","Private","131.5'","Clinometer/laser rangefinder/sine","","","","","Mike Dunn","2009-01-25","http%3A%2F%2Fwww.ents-bbs.org%2Fviewtopic.php%3Ff%3D71%26t%3D6420%23p29114","N"
"Tuliptree","Liriodendron tulipifera","Delaware","New Castle","Winterthur","","","","","168624","1","","","380.0 ft","Private","133.6'","Clinometer/laser rangefinder/sine","","","","","Mike Dunn","2009-01-25","http%3A%2F%2Fwww.ents-bbs.org%2Fviewtopic.php%3Ff%3D71%26t%3D6420%23p29114","N"
"Tuliptree","Liriodendron tulipifera","Delaware","New Castle","Winterthur","","","","","168623","1","","","380.0 ft","Private","134.8'","Clinometer/laser rangefinder/sine","13.9'","167''","","","Mike Dunn","2009-01-25","http%3A%2F%2Fwww.ents-bbs.org%2Fviewtopic.php%3Ff%3D71%26t%3D6420%23p29114","N"
"Tuliptree","Liriodendron tulipifera","Delaware","New Castle","Winterthur","","","","","168622","1","","","380.0 ft","Private","136.0'","Clinometer/laser rangefinder/sine","","","","","Mike Dunn","2009-01-25","http%3A%2F%2Fwww.ents-bbs.org%2Fviewtopic.php%3Ff%3D71%26t%3D6420%23p29114","N"
"Tuliptree","Liriodendron tulipifera","Delaware","New Castle","Winterthur","","","","","168621","1","","","380.0 ft","Private","139.1'","Clinometer/laser rangefinder/sine","19.2'","230''","","","Mike Dunn","2009-01-25","http%3A%2F%2Fwww.ents-bbs.org%2Fviewtopic.php%3Ff%3D71%26t%3D6420%23p29114","N"
"Tuliptree","Liriodendron tulipifera","Delaware","New Castle","Winterthur","","","","","140141","1","","","","Private","141.6'","Clinometer/laser rangefinder/sine","19.4'","233''","","","Will Blozan, George Fieo, Scott Wade","2010-09-10","http%3A%2F%2Fwww.ents-bbs.org%2Fviewtopic.php%3Ff%3D71%26t%3D6420%23p29114","N"
"Tuliptree","Liriodendron tulipifera","Delaware","New Castle","Winterthur","","","","","168620","1","","","380.0 ft","Private","145.8'","Clinometer/laser rangefinder/sine","","","","","Mike Dunn","2009-01-25","http%3A%2F%2Fwww.ents-bbs.org%2Fviewtopic.php%3Ff%3D71%26t%3D6420%23p29114","N"
"Tuliptree","Liriodendron tulipifera","Delaware","New Castle","Winterthur","","","","","168619","1","","","380.0 ft","Private","146.5'","Clinometer/laser rangefinder/sine","","","","","Mike Dunn","2009-01-25","http%3A%2F%2Fwww.ents-bbs.org%2Fviewtopic.php%3Ff%3D71%26t%3D6420%23p29114","N"
"Tuliptree","Liriodendron tulipifera","Delaware","New Castle","Winterthur","","","","","168614","1","","","380.0 ft","Private","147.0'","Clinometer/laser rangefinder/sine","20.3'","244''","70.0'","","John Harvey","2014-06-14","http%3A%2F%2Fwww.ents-bbs.org%2Fviewtopic.php%3Ff%3D71%26t%3D6420%23p29114","N"
"Tuliptree","Liriodendron tulipifera","Delaware","New Castle","Winterthur","39 48.444","-075 36.083","","","140140","1","39 48.444","-075 36.083","","Private","150.7'","Clinometer/laser rangefinder/sine","20.1'","241''","","","Will Blozan, George Fieo, Scott Wade","2010-09-10","http%3A%2F%2Fwww.ents-bbs.org%2Fviewtopic.php%3Ff%3D71%26t%3D6420%23p29114","N"
"Tuliptree","Liriodendron tulipifera","Delaware","New Castle","Winterthur","39 48.292","-075 36.695","","","168613","1","39 48.292","-075 36.695","380.0 ft","Private","156.0'","Clinometer/laser rangefinder/sine","20.4'","245''","96.0'","","John Harvey","2014-06-14","http%3A%2F%2Fwww.ents-bbs.org%2Fviewtopic.php%3Ff%3D71%26t%3D6420%23p29114","N"
"Tuliptree","Liriodendron tulipifera","Delaware","New Castle","Winterthur","","","","","140143","1","","","","Private","156.3'","Clinometer/laser rangefinder/sine","17.5'","210''","","william Penn Tree","Will Blozan, George Fieo, Scott Wade","2010-09-10","http%3A%2F%2Fwww.ents-bbs.org%2Fviewtopic.php%3Ff%3D71%26t%3D6420%23p29114","N"
"Tuliptree","Liriodendron tulipifera","Delaware","New Castle","Winterthur","","","","","140142","1","","","","Private","157.2'","Clinometer/laser rangefinder/sine","","","","","Will Blozan, George Fieo, Scott Wade","2010-09-10","http%3A%2F%2Fwww.ents-bbs.org%2Fviewtopic.php%3Ff%3D71%26t%3D6420%23p29114","N"
"Tuliptree","Liriodendron tulipifera","Delaware","New Castle","Winterthur","","","","","168616","1","","","380.0 ft","Private","158.0'","Clinometer/laser rangefinder/sine","18.0'","216''","82.0'","","John Harvey","2014-06-14","http%3A%2F%2Fwww.ents-bbs.org%2Fviewtopic.php%3Ff%3D71%26t%3D6420%23p29114","N"
"Tuliptree","Liriodendron tulipifera","Delaware","New Castle","Winterthur","","","","","168618","1","","","380.0 ft","Private","158.8'","Clinometer/laser rangefinder/sine","19.2'","230''","96.0'","Crown spread is maximum, average is 87'","Mike Dunn","2009-01-25","http%3A%2F%2Fwww.ents-bbs.org%2Fviewtopic.php%3Ff%3D71%26t%3D6420%23p29114","N"
"Tuliptree","Liriodendron tulipifera","Delaware","New Castle","Winterthur","","","","","140139","1","","","","Private","162.3'","Clinometer/laser rangefinder/sine","17.7'","212''","110.0'","","Will Blozan, George Fieo, Scott Wade","2010-09-10","http%3A%2F%2Fwww.ents-bbs.org%2Fviewtopic.php%3Ff%3D71%26t%3D6420%23p29114","N"
"White Ash","Fraxinus americana","Delaware","New Castle","Winterthur","","","","","140155","1","","","","Private","118.2'","Clinometer/laser rangefinder/sine","1.5'","19''","","","Will Blozan, George Fieo, Scott Wade","2010-09-10","http%3A%2F%2Fwww.ents-bbs.org%2Fviewtopic.php%3Ff%3D71%26t%3D6420%23p29114","N"
"White Oak","Quercus alba","Delaware","New Castle","Winterthur","","","","","140150","1","","","","Private","132.1'","Clinometer/laser rangefinder/sine","12.3'","148''","","","Will Blozan, George Fieo, Scott Wade","2010-09-10","http%3A%2F%2Fwww.ents-bbs.org%2Fviewtopic.php%3Ff%3D71%26t%3D6420%23p29114","N"